time_s,current_a,stack_air_flow_slpm,purge_event,purge_count,charge_since_purge_as,stack_temperature_k,membrane_mean_water_content,anode_hydrogen_mol,anode_nitrogen_mol,anode_water_vapour_mol,cathode_oxygen_mol,cathode_nitrogen_mol,cathode_total_water_mol,anode_water_activity,cathode_water_activity,cathode_water_vapour_mol,cathode_liquid_water_mol,cell_voltage_v,reversible_voltage_v,orr_activation_loss_v,membrane_ohmic_loss_v,additional_resolved_loss_v,heat_generation_w,air_cooling_w,temperature_rate_k_s,air_outlet_temperature_k,heat_transfer_ntu,heat_transfer_effectiveness,nitrogen_crossover_flux_mol_m2_s,nitrogen_crossover_rate_mol_s,hydrogen_inlet_mol_s,cathode_outlet_molar_flow_per_cell_mol_s,water_conservation_residual_mol_s
0.0,5.0,100.0,False,0,0.0,303.15,3.4854999999999983,0.0005448260318734078,0.0,0.0,0.0001978909134286812,0.0007466957855149046,2.0210638984506767e-05,0.0,0.5,2.0210638984506767e-05,0.0,0.8575140395084119,1.2276090734459983,0.3513063543964826,0.018788679541103852,0.0,19.7742980245794,21.641130301359897,-0.001866832276780496,303.1423262117994,7.172529980147308,0.9992326211799446,6.699064543977822e-07,9.713643588767843e-09,0.0,0.007448778583006852,0.0
1.0,5.0,100.0,False,0,5.0,303.1480779445612,3.4689476733998776,0.0005364509123816181,9.681656447462194e-09,8.36875413206364e-06,0.00019704704312240801,0.0007498183844473109,1.7938027479462204e-05,0.496943686642147,0.4438230074869121,1.7938027479462204e-05,0.0,0.8586692158486967,1.228937014363949,0.351368902752921,0.018898895762331405,0.0,19.71653920756516,21.63697044656042,-0.0019204312389952598,303.14040548836346,7.17251134945981,0.9992326068830164,6.646030114648697e-07,9.63674366624061e-09,2.5950487816793098e-05,0.0074759745411076646,0.0
2.0,5.0,100.0,False,0,9.999999999999991,303.14616002226416,3.4561046884250395,0.0005364903915979495,1.9275103434217205e-08,8.323128828689554e-06,0.00019706650180915288,0.0007498930365637046,1.7850020720624456e-05,0.494285711517086,0.44169137863276986,1.7850020720624456e-05,0.0,0.8586477868370949,1.2290029715506408,0.35136976932123926,0.018985415392306734,0.0,19.71761065814525,21.63281953712543,-0.0019152088789801808,303.13848889525707,7.1724927588352925,0.9992325926165665,6.584187613090931e-07,9.54707203898185e-09,2.594991954911084e-05,0.0074752810024715614,0.0
3.0,5.0,100.0,False,0,14.99999999999997,303.1442473104991,3.4435900148754928,0.0005365294336659119,2.8780329870547792e-08,8.278019571306994e-06,0.0001970856665773646,0.0007499659751470331,1.776400490709769e-05,0.4916576910679276,0.4396084494984849,1.776400490709769e-05,0.0,0.8586266138325884,1.2290677606144018,0.35137065094267994,0.01907049583913341,0.0,19.718669308370572,21.628679904821936,-0.0019100105964513646,303.13657750912347,7.1724742187170145,0.9992325783886109,6.524417071503935e-07,9.460404753680706e-09,2.5949493902250416e-05,0.0074746032949471065,0.0
4.0,5.0,100.0,False,0,19.99999999999995,303.14233978587924,3.431396113682965,0.0005365680445511335,3.82002866705524e-08,8.233417485138876e-06,0.00019710441804373795,0.0007500373405726274,1.767995912066374e-05,0.48905911039337363,0.43757371989441335,1.767995912066374e-05,0.0,0.8586056793727901,1.2291313750137538,0.3513715561821481,0.01915413945881557,0.0,19.71971603136049,21.624551499033476,-0.001904835467672985,303.1346713065916,7.172455728878289,0.9992325641989779,6.466641358503208e-07,9.376629969829652e-09,2.594905679772846e-05,0.007473941241736204,0.0
5.0,5.0,100.0,False,0,24.99999999999993,303.1404374253828,3.4195155254385337,0.0005366062130119128,4.75378136915752e-08,8.189331013075667e-06,0.00019712276096672495,0.0007501071510174712,1.759786049853792e-05,0.4864904830670048,0.4355866411878962,1.759786049853792e-05,0.0,0.8585849790426843,1.2291938137650584,0.35137248471715626,0.019236350005217902,0.0,19.720751047865782,21.620434269933714,-0.0018996832220679316,303.1327702646552,7.172437289095957,0.9992325500474983,6.410785373932133e-07,9.295638792201593e-09,2.5948608690609014e-05,0.007473294652144628,0.0
6.0,5.0,100.0,False,0,29.999999999999908,303.1385402062468,3.4079408852536384,0.0005366439282706585,5.6795644027529444e-08,8.145768240197144e-06,0.00019714070046402578,0.0007501754259692434,1.7517684507173133e-05,0.48395230154352226,0.4336466230611432,1.7517684507173133e-05,0.0,0.858564508901166,1.2292550776031417,0.35137343619953265,0.019317132502443032,0.0,19.721774554941696,21.616328168256477,-0.0018945536133147805,303.13087436056674,7.1724188991493785,0.999232535934005,6.356777059153585e-07,9.217326735772698e-09,2.5948150051771928e-05,0.007472663322790066,0.0
7.0,5.0,100.0,False,0,34.999999999999936,303.1366481059435,3.3966649285448915,0.000536681180026563,6.59764083339335e-08,8.10273687681563e-06,0.00019715824196694424,0.0007502421861084295,1.743940510587116e-05,0.4814450361401249,0.4317530375433636,1.743940510587116e-05,0.0,0.8585442654557508,1.2293151688881798,0.3513744102587179,0.019396493173711074,0.0,19.722786727212455,21.61223314524476,-0.0018894464180323034,303.12898357181365,7.172400558820189,0.9992325218583322,6.304547275351658e-07,9.141593549259905e-09,2.5947681364389187e-05,0.0074720470388924065,0.0
8.0,5.0,100.0,False,0,40.0,303.13476110215777,3.385680496208517,0.0005367179584678059,7.508263897934674e-08,8.060244242162754e-06,0.00019717539118719956,0.0007503074531820548,1.7362994906303122e-05,0.47896913405556346,0.4299052229442087,1.7362994906303122e-05,0.0,0.8585242456361627,1.2293740915111226,0.35137540650416993,0.019474439370790065,0.0,19.72378771819186,21.608149152601502,-0.0018843614344096408,303.12709787609583,7.172382267892088,0.9992325078203164,6.254029686008624e-07,9.068343044712504e-09,2.5947203123729765e-05,0.007471445575528837,0.0
9.0,5.0,100.0,False,0,45.00000000000007,303.132879172767,3.3749805392029684,0.0005367542542835523,8.411677402930554e-08,8.018297248443226e-06,0.00019719215408477457,0.0007503712498813614,1.728842532705592e-05,0.47652501841041484,0.42810248766649817,1.728842532705592e-05,0.0,0.8585044467661755,1.2294318507981699,0.35137642452768814,0.019550979504306166,0.0,19.724777661691217,21.6040761424465,-0.001879298480755285,303.1252172513056,7.172364026150634,0.9992324938197947,6.205160643540391e-07,8.997482933133568e-09,2.5946715836902123e-05,0.007470858698847067,0.0
10.0,5.0,100.0,False,0,50.00000000000014,303.13100229582085,3.3645581225610424,0.0005367900586756001,9.308116106870859e-08,7.976902385401589e-06,0.00019720853683695216,0.000750433599724001,1.7215666742461115e-05,0.4741130873173575,0.4263441138797944,1.7215666742461115e-05,0.0,0.8584848665342443,1.2294884534151216,0.3513774639056517,0.019626122975225587,0.0,19.72575667328778,21.60001406727244,-0.00187425739398466,303.12334167550756,7.17234583338306,0.9992324798566061,6.157879079975719e-07,8.928924665964794e-09,2.594622002242595e-05,0.007470286167231173,0.0
11.0,5.0,100.0,False,0,55.00000000000021,303.1291304495239,3.3544064288551376,0.000536825363369508,1.0197806086843969e-07,7.93606570555824e-06,0.00019722454580866502,0.0007504945269412287,1.7144688625110246e-05,0.47173371299068384,0.42462936103986254,1.7144688625110246e-05,0.0,0.8584655029634279,1.2295439072723466,0.3513785242011581,0.019699880107760616,0.0,19.726724851828596,21.595962879907002,-0.0018692380280784064,303.1214711269208,7.172327689378107,0.9992324659305906,6.112126401572487e-07,8.862583282280106e-09,2.594571620962772e-05,0.0074697277324156245,0.0
12.0,5.0,100.0,False,0,60.000000000000284,303.12726361221956,3.3445187611412357,0.000536860160625048,1.1080965090186437e-07,7.895792810270504e-06,0.0001972401875242558,0.0007505540563704598,1.707545968158847e-05,0.46938724090438183,0.4229574692423281,1.707545968158847e-05,0.0,0.8584463543810236,1.2295982214310006,0.3513796049660602,0.019772262083916768,0.0,19.727682280948816,21.59192253347861,-0.0018642402525297932,303.1196055839035,7.172309593925849,0.9992324520415888,6.067846387266699e-07,8.798377261536714e-09,2.594520493787091e-05,0.007469183140544153,0.0
13.0,5.0,100.0,False,0,65.00000000000036,303.12540176237405,3.334888545408517,0.0005368944432458192,1.1957802871668716e-07,7.856088836774904e-06,0.00019725546864071954,0.0007506122133534681,1.700794798108185e-05,0.46707398900814184,0.4213276624018837,1.700794798108185e-05,0.0,0.8584274193883239,1.2296514060110795,0.35138070574289243,0.019843280879863166,0.0,19.7286290305838,21.587892981381493,-0.0018592639507976933,303.1177450249363,7.1722915468175605,0.9992324381894426,6.024985090854134e-07,8.736228381738494e-09,2.5944686755645266e-05,0.0074686521331709865,0.0
14.0,5.0,100.0,False,0,70.00000000000043,303.12354487856436,3.3255093325625467,0.0005369282045878603,1.282852151675143e-07,7.816958446364616e-06,0.00019727039592247556,0.000750669023640404,1.6942121076628586e-05,0.4647942470103981,0.4197391512511326,1.6942121076628586e-05,0.0,0.8584086968308108,1.229703472101772,0.35138182606668555,0.01991294920427574,0.0,19.729565158459454,21.583874177249452,-0.0018543090187899977,303.1158894286107,7.172273547845583,0.9992324243739948,5.983490746807704e-07,8.676061582871172e-09,2.594416221946092e-05,0.007468134448202926,0.0
15.0,5.0,100.0,False,0,75.0000000000005,303.12169293946675,3.316374799970499,0.000536961438567114,1.369331575143268e-07,7.778405813846546e-06,0.00019728497621769776,0.00075072451329974,1.6877946118880978e-05,0.4625482757371251,0.4181911361556882,1.6877946118880978e-05,0.0,0.8583901857690903,1.22975443167453,0.3513829654666658,0.019981280438773834,0.0,19.730490711545478,21.579866074931235,-0.0018493753633857574,303.1140387736174,7.172255596803225,0.9992324105950886,5.943313679634113e-07,8.617804835469464e-09,2.594363189268559e-05,0.007467629820781438,0.0
16.0,5.0,100.0,False,0,80.00000000000057,303.11984592384545,3.307478752597124,0.0005369941396656073,1.4552373239192853e-07,7.74043461841294e-06,0.00019729921643621098,0.0007507787086341769,1.6815389962335478e-05,0.4603363065744826,0.41668280974435085,1.6815389962335478e-05,0.0,0.8583718854507912,1.2298042974991772,0.35138412346784237,0.020048288580543663,0.0,19.731405727460434,21.575868628466164,-0.0018444629010057306,303.1121930387349,7.1722376934846475,0.9992323968525679,5.904406216674639e-07,8.561389014178228e-09,2.5943096344094438e-05,0.007467137984104673,0.0
17.0,5.0,100.0,False,0,85.00000000000064,303.118003810544,3.298815123760092,0.0005370263029362106,1.5405874865530008e-07,7.70304803605112e-06,0.00019731312352894625,0.0007508316361024809,1.6754419264068534e-05,0.4581585410026592,0.41521335935508336,1.6754419264068534e-05,0.0,0.8583537952836392,1.2298530830633336,0.3513852995924785,0.02011398818721599,0.0,19.732310235818034,21.571881792064808,-0.0018395715562467743,303.11035220282105,7.172219837684777,0.9992323831462774,5.866722604257516e-07,8.506747776173399e-09,2.5942556146506712e-05,0.007466658670189885,0.0
18.0,5.0,100.0,False,0,90.00000000000071,303.11616657847816,3.2903779755329765,0.0005370579240058726,1.62539950105652e-07,7.666248733597401e-06,0.00019732670446893382,0.0007508833222471713,1.6695000575080384e-05,0.45601515022732,0.4137819692992087,1.6695000575080384e-05,0.0,0.8583359148098435,1.2299008024953395,0.3513864933614519,0.02017839432404412,0.0,19.73320425950782,21.567905520094456,-0.0018347012605866376,303.10851624480586,7.172202029199241,0.999232369476062,5.83021892710838e-07,8.45381744430715e-09,2.5942011875088955e-05,0.00746619161057725,0.0
19.0,5.0,100.0,False,0,95.00000000000078,303.11433420662974,3.2821614988235925,0.0005370889990772303,1.70969018101837e-07,7.630038864524934e-06,0.00019733996623380002,0.0007509337936279299,1.6637100424406912e-05,0.4539062749140823,0.41238782294766835,1.6637100424406912e-05,0.0,0.8583182436819263,1.2299474704908389,0.3513877042955043,0.020241522513408237,0.0,19.734087815903678,21.5639397670652,-0.0018298519511615226,303.10668514368535,7.172184267824307,0.9992323558417674,5.794853030925906e-07,8.402536894842564e-09,2.5941464105785623e-05,0.007465736536976521,0.0
20.0,5.0,100.0,False,0,100.00000000000085,303.1125066740405,3.274160013154655,0.0005371195249285288,1.7934757406164758e-07,7.594420066534327e-06,0.00019735291578972582,0.0007509830767605744,1.6580685396205835e-05,0.4518320250302076,0.41103010464434203,1.6580685396205835e-05,0.0,0.8583007816400697,1.229993102243111,0.3513889319163869,0.02030338868665425,0.0,19.734960917996506,21.559984487616777,-0.0018250235696202707,303.1048588785154,7.172166553356829,0.9992323422432394,5.760584448030195e-07,8.352847449643784e-09,2.5940913413543707e-05,0.007465293181858254,0.0
21.0,5.0,100.0,False,0,105.00000000000092,303.1106839598094,3.2663679661727802,0.0005371494989117867,1.8767718185738913e-07,7.559393460998041e-06,0.00019736556007681613,0.0007510311980613947,1.652572220006457e-05,0.4497924797965442,0.40970800145235386,1.652572220006457e-05,0.0,0.8582835284910313,1.2300377133771916,0.3513901757479013,0.02036400913825903,0.0,19.73582357544843,21.556039636512885,-0.0018202160610644568,303.10303742840915,7.172148885594208,0.9992323286803246,5.727374325992978e-07,8.304692772689818e-09,2.5940360370567167e-05,0.0074648612789917045,0.0
22.0,5.0,100.0,False,0,110.000000000001,303.1088660430887,3.2587799329108664,0.0005371789189491846,1.9595935010998933e-07,7.524959654284559e-06,0.0001973779059958205,0.0007510781837966367,1.6472177734802022e-05,0.4477876877514508,0.40842070474009645,1.6472177734802022e-05,0.0,0.858266484088664,1.2300813198878102,0.3513914353168439,0.020423400482302255,0.0,19.736675795566793,21.552105168632337,-0.0018154293730655447,303.1012207725328,7.172131264334362,0.9992323151528696,5.695185359156652e-07,8.258018770777146e-09,2.593980554449276e-05,0.0074644405639316385,0.0
23.0,5.0,100.0,False,0,115.00000000000107,303.10705290308243,3.251390614827758,0.0005372077835276595,2.0419553438576836e-07,7.4911187409700365e-06,0.00019738996039614688,0.0007511240600369018,1.6420019146064585e-05,0.4458176669271483,0.4071674116142119,1.6420019146064585e-05,0.0,0.8582496483160339,1.2301239380811007,0.35139271015385554,0.020481579611211193,0.0,19.7375175841983,21.548181038966465,-0.0018106634547681644,303.09940889010466,7.172113689375718,0.9992323016607216,5.663981722952229e-07,8.212773498280733e-09,2.5939249496636347e-05,0.007464030774456507,0.0
24.0,5.0,100.0,False,0,120.00000000000114,303.10524451904496,3.2441948386478985,0.0005372360916917206,2.123871392998662e-07,7.457870308921343e-06,0.00019740173006509994,0.0007511688526162079,1.636921387802839e-05,0.4438824051376816,0.40594732620721674,1.636921387802839e-05,0.0,0.8582330210691306,1.230165584520051,0.35139399979418345,0.020538563656736897,0.0,19.738348946543464,21.54426720261506,-0.0018059182560715961,303.09760176039293,7.172096160517183,0.9992322882037281,5.63372901092482e-07,8.168907065840988e-09,2.5938692780209374e-05,0.007463631650960528,0.0
25.0,5.0,100.0,False,0,125.00000000000121,303.1034408702805,3.2371875550224707,0.0005372638430345187,2.205355205301893e-07,7.425213446214252e-06,0.00019741322171827898,0.0007512125870954621,1.63197297195321e-05,0.44198186037637993,0.4047596608276814,1.63197297195321e-05,0.0,0.8582166022421233,1.2302062759735932,0.351395303778359,0.020594369953110963,0.0,19.73916988789383,21.54036361478613,-0.0018011937268923007,303.0957993627159,7.172078677558154,0.9992322747817369,5.604394174377078e-07,8.126371552846763e-09,2.593813593861126e-05,0.007463242936802286,0.0
26.0,5.0,100.0,False,0,130.00000000000114,303.1016419361439,3.2303638370322667,0.0005372910376872183,2.286419867456118e-07,7.393146749831292e-06,0.00019742444199106525,0.0007512552887300779,1.6271534844969854e-05,0.4401159613195824,0.4036036369810337,1.6271534844969854e-05,0.0,0.8582003917141383,1.2302460293692596,0.3513966216527962,0.020649016002325177,0.0,19.73998041429308,21.536470230797008,-0.0017964898165039288,303.09400167644236,7.172061240298513,0.9992322613945962,5.575945464541856e-07,8.085120923585692e-09,2.593757950374617e-05,0.007462864378612502,0.0
27.0,5.0,100.0,False,0,135.00000000000085,303.09984769604125,3.2237188785512716,0.0005373176763067481,2.367078014520354e-07,7.361668336064153e-06,0.0001974353974311312,0.000751296982441481,1.6224597850273552e-05,0.43828460793225615,0.40247848626909105,1.6224597850273552e-05,0.0,0.8581843893374845,1.2302848617492743,0.351397952970318,0.020702519441471855,0.0,19.74078053312577,21.532587006076305,-0.0017918064729505368,303.09220868099237,7.172043848538642,0.9992322480421546,5.54835237719532e-07,8.045110946933215e-09,2.5937023994461765e-05,0.007462495726563596,1.6940658945086007e-21
28.0,5.0,100.0,False,0,140.00000000000057,303.09805812943125,3.2172479924886894,0.0005373437600620158,2.447341847597876e-07,7.330775852529348e-06,0.00019744609449190334,0.0007513376927922434,1.617888778431171e-05,0.4364876721701232,0.40138345117633695,1.617888778431171e-05,0.0,0.858168594927274,1.2303227902299636,0.35139929729061214,0.020754898012077434,0.0,19.741570253636294,21.528713896166035,-0.0017871436425297418,303.09042035583843,7.172026502079432,0.999232234724261,5.521585599624043e-07,8.006299119454863e-09,2.593646991504758e-05,0.0074621367346036655,0.0
29.0,5.0,100.0,False,0,145.00000000000028,303.0962732158275,3.2109466089259326,0.0005373692906186885,2.5272231507571133e-07,7.300466491691525e-06,0.00019745653952691125,0.0007513774439645897,1.613437417602739e-05,0.43472499877205084,0.40031778575084714,1.613437417602739e-05,0.0,0.8581530082523607,1.2303598319643445,0.3514006541806248,0.020806169531358953,0.0,19.74234958738196,21.52485085672749,-0.0017825012693455306,303.0886366805081,7.1720092007223055,0.999232221440765,5.495616959860577e-07,7.968644591797837e-09,2.593591775387435e-05,0.0074617871606574215,0.0
30.0,5.0,100.0,False,0,150.0,303.0944929348006,3.2048102731638544,0.0005373942701226568,2.606733307231762e-07,7.270737005775259e-06,0.00019746673878495854,0.0007514162597420292,1.6091027057627086e-05,0.43299640613570894,0.3992807561875701,1.6091027057627086e-05,0.0,0.858137629027533,1.2303960041077586,0.3514020232148945,0.02085635186533121,0.0,19.743118548623347,21.520997843544954,-0.0017778792949216075,303.0868576345857,7.171991944269239,0.9992322081915159,5.470419378102831e-07,7.932108098249106e-09,2.593536798213905e-05,0.007461446766796567,0.0
31.0,5.0,100.0,False,0,154.99999999999972,303.09271726598087,3.198834643694396,0.0005374187011823085,2.6858833149311985e-07,7.241583722936165e-06,0.00019747669840605175,0.0007514541634938744,1.6048816984124747e-05,0.43130168726881085,0.3982716413214056,1.6048816984124747e-05,0.0,0.8581224569068701,1.2304313237863913,0.35140340397583114,0.020905462903690112,0.0,19.74387715465649,21.51715481253223,-0.001773277657875738,303.08508319771545,7.171974732522785,0.9992321949763643,5.445966820235134e-07,7.896651889340945e-09,2.5934821052721064e-05,0.007461115319382027,0.0
32.0,5.0,100.0,False,0,159.99999999999943,303.0909461890618,3.1930154901096293,0.0005374425868497423,2.764683801291116e-07,7.213002564554784e-06,0.00019748642441802807,0.0007514911781624147,1.600771504953222e-05,0.42964061080787214,0.397289733037264,1.600771504953222e-05,0.0,0.8581074914781938,1.2304658080685376,0.35140479605394587,0.020953520536397856,0.0,19.744625426090305,21.51332171973976,-0.0017686962936494552,303.0833133496045,7.171957565286113,0.9992321817951606,5.422234253369674e-07,7.862239667386029e-09,2.5934277399241625e-05,0.0074607925891802965,0.0
33.0,5.0,100.0,False,0,164.99999999999915,303.08917968380274,3.187348690960181,0.0005374659306010691,2.843145037493108e-07,7.184989063509366e-06,0.00019749592273382138,0.0007515273262525225,1.5967692899973893e-05,0.428012922095971,0.39633433660396383,1.5967692899973893e-05,0.0,0.8580927322585382,1.2304994739384683,0.35140619904803533,0.02100054263189478,0.0,19.745363387073084,21.509498521360435,-0.0017641351342873506,303.0815480700259,7.171940442363026,0.999232168647756,5.399197603329159e-07,7.828836524827281e-09,2.5933737435174784e-05,0.007460478351456123,0.0
34.0,5.0,100.0,False,0,169.99999999999886,303.087417730033,3.1818302315739357,0.0005374887363159365,2.9212769520808334e-07,7.157538383282545e-06,0.0001975051991493144,0.0007515626298234864,1.5928722743992333e-05,0.4264183443108587,0.39540477093848886,1.5928722743992333e-05,0.0,0.8580781786905506,1.230532338272736,0.3514076125653223,0.02104654701686319,0.0,19.746091065472466,21.50568517373869,-0.0017595941082662243,303.07978733882265,7.17192336355801,0.999232155534002,5.376833713993963e-07,7.796408885291247e-09,2.5933201553175202e-05,0.007460172386043612,0.0
35.0,5.0,100.0,False,0,174.99999999999858,303.08566030765485,3.176456201844968,0.0005375110082564267,2.9990891439992266e-07,7.130645337753078e-06,0.0001975142593417224,0.0007515971104828694,1.5890777360293525e-05,0.42485657963464585,0.39450036880679684,1.5890777360293525e-05,0.0,0.8580638301397517,1.2305644178187831,0.35140903622156144,0.02109155145747,0.0,19.74680849301241,21.501881633376907,-0.001755073140364498,303.07803113591063,7.17190632867625,0.9992321424537509,5.355120308437487e-07,7.764924447234357e-09,2.5932670124533333e-05,0.007459874477397684,0.0
36.0,5.0,100.0,False,0,179.9999999999983,303.083907396648,3.1712227940017605,0.0005375327510454696,3.0765908950822323e-07,7.104304411527579e-06,0.00019752310886846127,0.0007516307893822067,1.585383010317116e-05,0.423327310456371,0.3936204769670106,1.585383010317116e-05,0.0,0.8580496858925898,1.230595729175712,0.3514104696411072,0.021135573642014908,0.0,19.747515705370507,21.49808785694491,-0.001750572151574403,303.0762794412831,7.1718893375236945,0.9992321294068554,5.334035951777643e-07,7.734352130077584e-09,2.5932143498717353e-05,0.0074595844146277766,0.0
37.0,5.0,100.0,False,0,184.999999999998,303.08215897707277,3.166126300362874,0.0005375539696449121,3.1537911820133866e-07,7.0785097806668694e-06,0.00019753175316645125,0.0007516636872143635,1.5817854905829316e-05,0.4218302005988699,0.3927644562604697,1.5817854905829316e-05,0.0,0.8580357451552025,1.23062628877707,0.3514119124569538,0.02117863116491372,0.0,19.74821274223987,21.494303801287078,-0.0017460910590472096,303.0745322350138,7.171872389907062,0.9992321163931687,5.313560015672327e-07,7.704662022724875e-09,2.5931622003183422e-05,0.007459301991515502,0.0
38.0,5.0,100.0,False,0,189.99999999999773,303.0804150290741,3.1611631110874323,0.0005375746693333859,3.230698687782647e-07,7.053255333668241e-06,0.0001975401975518158,0.0007516958242123963,1.578282628181346e-05,0.42036489656164433,0.3919316816557728,1.578282628181346e-05,0.0,0.8580220070528282,1.2306561128755205,0.3514133643107449,0.021220741511947465,0.0,19.748899647358588,21.49052942343111,-0.0017416297760725215,303.0727894972613,7.171855485633895,0.9992321034125448,5.29367264439033e-07,7.675825334365979e-09,2.5931105943148005e-05,0.007459027006517889,0.0
39.0,5.0,100.0,False,0,194.99999999999744,303.07867553288554,3.1563297119270506,0.0005375948556840961,3.307321812661819e-07,7.028534692570232e-06,0.00019754844721993345,0.0007517272201497545,1.5748719324743053e-05,0.4189310287717945,0.3911215422505947,1.5748719324743053e-05,0.0,0.8580084706297995,1.2306852175292688,0.3514148248527598,0.02126192204670961,0.0,19.74957646851002,21.486764680596014,-0.001737188212085993,303.0710512082723,7.171838624512598,0.9992320904648381,5.274354722390925e-07,7.647814347466842e-09,2.59305956016475e-05,0.007458759262757713,0.0
40.0,5.0,100.0,False,0,199.99999999999716,303.07694046883313,3.151622681985108,0.0005376145345426625,3.383668684720022e-07,7.004341234052883e-06,0.00019755650724580522,0.0007517578943416857,1.5715509706525913e-05,0.41752821283544145,0.39033344123572866,1.5715509706525913e-05,0.0,0.8579951348500552,1.2307136185901182,0.3514162937418763,0.02130218999818672,0.0,19.750243257497235,21.483009530201468,-0.0017327662727042324,303.06931734838633,7.171821806352469,0.999232077549904,5.255587843347216e-07,7.620602372853462e-09,2.5930091239633108e-05,0.0074584985680023275,0.0
41.0,5.0,100.0,False,0,204.99999999999687,303.075209817339,3.147038691488645,0.0005376337120051289,3.4597471698996687e-07,6.980668110415147e-06,0.00019756438258470438,0.0007517878656477131,1.5683173674221304e-05,0.4161560507825958,0.3895667958254866,1.5683173674221304e-05,0.0,0.857981998598114,1.2307413316930382,0.3514177706455147,0.021341562449409577,0.0,19.750900070094296,21.479263929874964,-0.0017283638597806678,303.06758789803877,7.171805030963732,0.9992320646675983,5.237354280550611e-07,7.594163706798387e-09,2.5929593096171407e-05,0.00745824473463229,0.0
42.0,5.0,100.0,False,0,209.9999999999966,303.0734835589254,3.142574499577533,0.0005376523943962443,3.535564881672591e-07,6.957508270320465e-06,0.00019757207807307407,0.0007518171524750562,1.5651688045706537e-05,0.4148141322989303,0.3888210371582577,1.5651688045706537e-05,0.0,0.8579690606804605,1.2307683722471374,0.35141925523956313,0.021380056327113674,0.0,19.751546965976967,21.47552783746054,-0.0017239808714835725,303.065862837765,7.171788298157592,0.9992320518177777,5.219636958636718e-07,7.568473590023241e-09,2.592910138879943e-05,0.007457997579600957,0.0
43.0,5.0,100.0,False,0,214.9999999999963,303.07176167421795,3.1382269521150294,0.0005376705882481175,3.6111291902950373e-07,6.934854479210131e-06,0.00019757959842964546,0.0007518457727828916,1.5621030204289013e-05,0.41350203593849266,0.3880956101707621,1.5621030204289013e-05,0.0,0.8579563198272794,1.2307947554279202,0.35142074720828903,0.021417688392351683,0.0,19.752184008636025,21.47180121102617,-0.0017196172023901432,303.0641421482038,7.171771607746252,0.9992320390002997,5.202419426573644e-07,7.543508168531785e-09,2.5928616313936666e-05,0.007457756924386184,0.0
44.0,5.0,100.0,False,0,219.99999999999602,303.0700441439495,3.1339929795233132,0.000537688300279333,3.686447231679474e-07,6.912699339294388e-06,0.00019758694825674784,0.0007518737440873421,1.5591178092394693e-05,0.4122193303119405,0.38738997344921555,1.5591178092394693e-05,0.0,0.8579437746945083,1.2308204961707458,0.35142224624423624,0.021454475232001256,0.0,19.752811265274577,21.46808400887177,-0.0017152727435971933,303.0624258101011,7.171754959542949,0.9992320262150224,5.185685831857488e-07,7.519244456193358e-09,2.5928138047378365e-05,0.007457522594935128,0.0
45.0,5.0,100.0,False,0,224.99999999999574,303.0683309489633,3.129869594647124,0.0005377055373746043,3.761525915900302e-07,6.8910353090415315e-06,0.00019759413204178608,0.000751901083467104,1.5562110204452847e-05,0.4109655752455326,0.38670359906037494,1.5562110204452847e-05,0.0,0.8579314238661494,1.230845609165375,0.3514237520481105,0.02149043325111509,0.0,19.753428806692526,21.464376189536342,-0.001710947382843816,303.06071380431314,7.171738353362,0.9992320134618049,5.16942089586084e-07,7.495660298998219e-09,2.5927666744897273e-05,0.007457294421603056,0.0
46.0,5.0,100.0,False,0,229.99999999999545,303.06662207021645,3.125853890648211,0.0005377223065650372,3.836371935349864e-07,6.869854722094754e-06,0.0001976011541588626,0.0007519278075696226,1.553380557908675e-05,0.40974032290666884,0.3860359723651957,1.553380557908675e-05,0.0,0.8579192658568132,1.2308701088515313,0.3514252643286558,0.021525578666062348,0.0,19.754036707159333,21.460677711805094,-0.0017066410046457606,303.0590061118099,7.171721789018817,0.999232000740507,5.15360989028232e-07,7.472734340909365e-09,2.5927202542834525e-05,0.007457072239087041,0.0
47.0,5.0,100.0,False,0,234.99999999999517,303.0649174887831,3.121943038932874,0.0005377386150090545,3.910991772560332e-07,6.849149805556696e-06,0.00019760801887052298,0.000751953932617741,1.5506243790710442e-05,0.4085431188923478,0.3853865918175457,1.5506243790710442e-05,0.0,0.8579072991144433,1.2308940094153766,0.35142678280252093,0.021559927498412387,0.0,19.75463504427783,21.456988534716604,-0.0017023534904387744,303.05730271367827,7.171705266329951,0.9992319880509893,5.138238614647848e-07,7.450445991239379e-09,2.592674555884774e-05,0.007456855886355291,0.0
48.0,5.0,100.0,False,0,239.99999999999488,303.0632171858573,3.1181342871145845,0.0005377544699740413,3.9853917077064257e-07,6.828912697591311e-06,0.0001976147303296071,0.0007519794744167457,1.5479404940622377e-05,0.4073735032775366,0.384754968750267,1.5479404940622377e-05,0.0,0.8578955220232026,1.2309173247868377,0.35142830719412016,0.021593495569514825,0.0,19.755223898839862,21.453308617569093,-0.0016980847187292305,303.05560359112513,7.171688785113111,0.9992319753931135,5.123293374815505e-07,7.428775393482482e-09,2.5926295892613046e-05,0.007456645206572814,0.0
49.0,5.0,100.0,False,0,244.9999999999946,303.061521142756,3.114424957013264,0.0005377698788187401,4.05957782580315e-07,6.809135464302035e-06,0.00019762129258118694,0.0007520044483617461,1.5453269647678974e-05,0.4062310116209415,0.3841406271506006,1.5453269647678974e-05,0.0,0.857883932906479,1.2309400686376981,0.35142983723548765,0.021626298495731482,0.0,19.755803354676043,21.449637919926808,-0.0016938345652507643,303.05390872548014,7.171672345187202,0.9992319627667421,5.108760962438531e-07,7.407703395535871e-09,2.5925853626616543e-05,0.007456440047024059,0.0
50.0,5.0,100.0,False,0,249.99999999999432,303.0598293409216,3.11081244269259,0.0005377848489764343,4.1335560236121855e-07,6.789810115853605e-06,0.00019762770956457677,0.0007520288694453261,1.5427819038622375e-05,0.40511517592623286,0.3835431034268576,1.5427819038622375e-05,0.0,0.8578725300299882,1.230962254380394,0.3514313726661271,0.021658351684278702,0.0,19.756373498500583,21.445976401625344,-0.0016896029031247615,303.05221809819824,7.1716559463723435,0.9992319501717385,5.094628635342377e-07,7.3872115212464465e-09,2.5925418826932222e-05,0.007456240259033105,0.0
51.0,5.0,100.0,False,0,254.99999999999403,303.05814176192473,3.1072942085363744,0.0005377993879389386,4.2073320162698395e-07,6.770928621813713e-06,0.00019763398511540178,0.0007520527522654208,1.540303473813065e-05,0.4040255255572326,0.3829619461679868,1.540303473813065e-05,0.0,0.857861311604944,1.2309838951674408,0.3514329132328568,0.02168967032963985,0.0,19.756934419752792,21.442324022777658,-0.0016853896030248664,303.05053169086244,7.1716395884898985,0.9992319376079669,5.080884098774164e-07,7.367281943222538e-09,2.59249915440568e-05,0.0074560456978819,0.0
52.0,5.0,100.0,False,0,259.99999999999375,303.0564583874663,3.103867787364844,0.0005378135032414137,4.280911343648976e-07,6.752482925698013e-06,0.0001976401229677112,0.0007520761110333595,1.537889885865081e-05,0.40296158810608296,0.38239671589757607,1.537889885865081e-05,0.0,0.8578502757912793,1.231005003891444,0.3514344586896538,0.02172026941051091,0.0,19.75748621043603,21.438680743779248,-0.0016811945333432164,303.0488494851862,7.171623271362492,0.9992319250752927,5.067515487483793e-07,7.3478974568515e-09,2.5924571813744552e-05,0.0074558562227270446,0.0
53.0,5.0,100.0,False,0,264.99999999999346,303.05477919938005,3.100530778591437,0.0005378272024480129,4.3542993764666795e-07,6.734464958709076e-06,0.0001976461267561258,0.0007520989595820416,1.5355393990069483e-05,0.4019228902137715,0.3818469848236223,1.5355393990069483e-05,0.0,0.8578394207008907,1.231025593185627,0.35143600879749354,0.021750163687242943,0.0,19.75802896495546,21.435046525312575,-0.0016770175603571147,303.04717146301556,7.171606994814034,0.9992319125735822,5.054511348598985e-07,7.329041455468528e-09,2.5924159657798786e-05,0.007455671696515497,0.0
54.0,5.0,100.0,False,0,269.9999999999932,303.0531041796341,3.097280846420541,0.0005378404931383618,4.4275013221489106e-07,6.716866652666396e-06,0.00019765200001800918,0.0007521213113742015,1.533250318927036e-05,0.4009089583428297,0.3813123365853099,1.533250318927036e-05,0.0,0.8578287444008885,1.2310456754248273,0.3514375633241906,0.02177936769974822,0.0,19.758562779955568,21.43142132835114,-0.0016728585483955704,303.0454976063308,7.171590758669741,0.9992319001027027,5.04186062525674e-07,7.310697906622273e-09,2.5923755084977145e-05,0.007455491985899609,0.0
55.0,5.0,100.0,False,0,274.9999999999929,303.0514333103332,3.094115718086411,0.0005378533828948678,4.500522230462896e-07,6.699679952130473e-06,0.0001976577461956535,0.0007521431795107289,1.5310209969622233e-05,0.39991931950232157,0.38079236599786365,1.5310209969622233e-05,0.0,0.8578182449168431,1.2310652627269174,0.35143912204423683,0.021807895765837568,0.0,19.75908775415784,21.427805114164144,-0.0016687173600063048,303.04382789724883,7.171574562756156,0.9992318876625225,5.029552640956927e-07,7.292851329387545e-09,2.5923358091734286e-05,0.007455316961151804,0.0
56.0,5.0,100.0,False,0,279.9999999999926,303.04976657372066,3.0910331821333727,0.0005378658792908482,4.5733669989274714e-07,6.682896825728922e-06,0.00019766336863847158,0.0007521645767390137,1.5288498290436497e-05,0.39895350192558726,0.38028667879646266,1.5288498290436497e-05,0.0,0.8578079202360055,1.2310843669546045,0.35144068473863976,0.021835761979959307,0.0,19.75960398819972,21.42419784432057,-0.001664593856120849,303.04216231802496,7.171558406901155,0.9992318752529107,5.017577084603829e-07,7.275486772675552e-09,2.592296866310822e-05,0.0074551464960791935,0.0
57.0,5.0,100.0,False,0,284.9999999999923,303.048103952179,3.088031086737258,0.0005378779898794706,4.6460403780111243e-07,6.666509276696707e-06,0.00019766887060518844,0.0007521855154612871,1.526735254642829e-05,0.3980110357014387,0.379794891380079,1.526735254642829e-05,0.0,0.857797768310487,1.2311029997175613,0.3514422511947629,0.02186298021231141,0.0,19.76011158447564,21.42059948069102,-0.001660487896215379,303.04050085105376,7.171542290933977,0.9992318628737377,5.005923996203644e-07,7.258589794495284e-09,2.592258677347112e-05,0.007454980467938394,0.0
58.0,5.0,100.0,False,0,289.99999999999204,303.04644542823235,3.0851073380679357,0.0005378897221834762,4.718546976127042e-07,6.650509352647656e-06,0.00019767425526602607,0.0007522060077429392,1.524675755721278e-05,0.39709145335975315,0.3793166305559753,1.524675755721278e-05,0.0,0.8577877870603984,1.2311211723748625,0.35144382120616485,0.02188956410829936,0.0,19.760610646980076,21.41700998545202,-0.0016563993384719423,303.03884347887106,7.171526214685217,0.9992318505248748,4.99458375318807e-07,7.242146442122703e-09,2.5922212387326205e-05,0.007454818757350781,0.0
59.0,5.0,100.0,False,0,294.99999999999176,303.04479098454726,3.08225989869265,0.0005379010836856766,4.790891264434051e-07,6.634889154596654e-06,0.00019767952570487493,0.0007522260653207824,1.5226698556862732e-05,0.39619429041264165,0.37885153328557053,1.5226698556862732e-05,0.0,0.8577779743769283,1.2311388960376837,0.35144539457244,0.02191552708831535,0.0,19.761101281153582,21.41342932108886,-0.001652328039935277,303.03719018415524,7.171510177986869,0.9992318382061947,4.98354705733411e-07,7.22614323313446e-09,2.5921845460066687e-05,0.007454661248218373,0.0
60.0,15.0,150.0,False,0,299.9999999999915,303.04314060393335,3.07948678601983,0.0005379120818201957,4.863077581451863e-07,6.61964084525463e-06,0.00019768468492144812,0.0007522456996112537,1.5207161183550699e-05,0.3953190858524733,0.3783992464322414,1.5207161183550699e-05,0.0,0.7851971413625379,1.2311561815722327,0.3801363931662507,0.06582264704344408,0.0,70.17042879561929,31.869900551552764,0.038300528244066524,302.96016050499327,4.780996120448202,0.9916123602946559,4.972804922252258e-07,7.210567137265775e-09,7.774283422180958e-05,0.011198465181941052,-3.3881317890172014e-21
61.0,15.0,150.0,False,0,314.99999999999204,303.08165671272315,3.0809467677676974,0.0005378210048260065,4.935254682679401e-07,6.637123669935969e-06,0.0001958549167713892,0.0007516609592135849,1.749901786222635e-05,0.3955373977822666,0.43452030441596273,1.749901786222635e-05,0.0,0.783283924273609,1.2292581292776934,0.38022580739749934,0.06574839760658499,0.0,70.45741135895862,31.994044227596568,0.03846336713136206,302.9983742856011,4.781245014270255,0.9916144476665825,4.987273041684055e-07,7.23154591044188e-09,7.76329350652403e-05,0.011189212266832739,0.0
62.0,15.0,150.0,False,0,329.9999999999926,303.1200528339479,3.0826000169481462,0.0005377221659381545,5.007698363328766e-07,6.6596789190417564e-06,0.00019582818520531362,0.0007515583663867466,1.7506103504383566e-05,0.3960575623115362,0.43379372922923787,1.7506103504383566e-05,0.0,0.7833920293601965,1.22924736157994,0.38018614372064635,0.06566918849909707,0.0,70.44119559597051,32.11780166740808,0.03832339392856243,303.0364691753631,4.781493132724164,0.991616528018765,5.005665380534258e-07,7.258214801774675e-09,7.763345210005208e-05,0.011189321504724067,0.0
63.0,15.0,150.0,False,0,344.9999999999932,303.1583093200325,3.0842011607456987,0.0005376238423845573,5.080407517243049e-07,6.681960771088301e-06,0.00019580157533642567,0.0007514562395352488,1.7513076817243365e-05,0.3965608773188972,0.43306905955876956,1.7513076817243365e-05,0.0,0.7834984435668344,1.2292367015394434,0.38014662304622027,0.06559163492638874,0.0,70.42523346497482,32.241109538120355,0.03818412392685447,303.0744256792204,4.781740348845915,0.9916186002920347,5.023883125131246e-07,7.284630531440307e-09,7.763396559260188e-05,0.011189429347420603,0.0
64.0,15.0,150.0,False,0,359.99999999999375,303.19642687115123,3.085750865771312,0.0005375260306250088,5.153379615582553e-07,6.703971564040909e-06,0.0001957750862605552,0.0007513545762911151,1.751993849707119e-05,0.3970475901916163,0.43234629108055883,1.751993849707119e-05,0.0,0.783603193836385,1.2292261484385565,0.3801072446741016,0.06551570992806988,0.0,70.40952092454224,32.36397009089568,0.03804555083364656,303.11224449012343,4.781986667160077,0.9916206645300409,5.04192667963598e-07,7.310793685472171e-09,7.763447554765207e-05,0.011189535802882681,0.0
65.0,15.0,150.0,False,0,374.99999999999204,303.2344061812275,3.0872497947616693,0.0005374287271252607,5.226612135607672e-07,6.725713642632843e-06,0.00019574871730353646,0.0007512533740669338,1.7526689253168108e-05,0.39751794630601867,0.43162541989520575,1.7526689253168108e-05,0.0,0.7837063066513378,1.2292157015598142,0.3800680078944574,0.06544138701401904,0.0,70.39405400229931,32.48638555680901,0.0379076684454903,303.1499262948395,4.782232092150835,0.9916227207760339,5.059796483834819e-07,7.336704901560487e-09,7.763498197236652e-05,0.011189640879267902,0.0
66.0,15.0,150.0,False,0,389.99999999999034,303.2722479380251,3.088698606490581,0.0005373319283592644,5.300102561208239e-07,6.747189355879024e-06,0.0001957224677929021,0.0007511526302818073,1.753332980988536e-05,0.39797218891091757,0.4309064425721485,1.753332980988536e-05,0.0,0.7838078080181232,1.2292053601768524,0.3800289120040818,0.06536864015464741,0.0,70.3788287972815,32.60835814714034,0.03777047065014116,303.1874717740425,4.782476628262569,0.9916247690728707,5.077493013617601e-07,7.362364869745521e-09,7.763548487603141e-05,0.011189744584917335,0.0
67.0,15.0,150.0,False,0,404.99999999998863,303.30995282323806,3.0900979556840382,0.0005372356308112255,5.373848383419897e-07,6.768401054780551e-06,0.0001956963370579439,0.0007510523423615844,1.75398609059945e-05,0.3984105590235685,0.430189356128544,1.75398609059945e-05,0.0,0.7839077234771998,1.229195123554904,0.37998995630629345,0.06529744377141072,0.0,70.36384147842001,32.72989005366458,0.03763395142475543,303.2248816024024,4.782720279900431,0.9916268094630213,5.095016779960773e-07,7.387774330943121e-09,7.763598426991432e-05,0.011189846928348169,0.0
68.0,15.0,150.0,False,0,419.9999999999869,303.3475215125807,3.0914484929386883,0.0005371398309774823,5.447847100925833e-07,6.7893510902065625e-06,0.00019567032442977295,0.0007509525077390926,1.754628329406655e-05,0.39883329533712225,0.42947415800862004,1.754628329406655e-05,0.0,0.784006078112889,1.229184990951287,0.3799511401108332,0.06522777272756485,0.0,70.34908828306664,32.8509834489404,0.03749810483412624,303.262156448674,4.782963051430936,0.9916288419885735,5.112368327916053e-07,7.4129340754782775e-09,7.763648016707175e-05,0.011189947918246464,0.0
69.0,15.0,150.0,False,0,434.9999999999852,303.3849546758728,3.092750864643665,0.0005370445253682311,5.522096220543848e-07,6.810041810941658e-06,0.0001956444292413794,0.0007508531238543663,1.7552597739859648e-05,0.39924063413884175,0.4287608460636152,1.7552597739859648e-05,0.0,0.7841028965629451,1.2291749616158756,0.3799124627337677,0.06515960231916276,0.0,70.33456551555823,32.97164048658406,0.03736292502897417,303.29929697578126,4.783204947182505,0.9916308666912388,5.129548235603595e-07,7.4378449416252136e-09,7.763697258219193e-05,0.011190047563459992,0.0
70.0,15.0,150.0,False,0,449.9999999999835,303.42225297712594,3.0940057129057625,0.0005369497105090914,5.596593257698884e-07,6.8304755618912056e-06,0.00019561865082769149,0.0007507541881548749,1.755880502171617e-05,0.3996328092383272,0.4280494185321543,1.755880502171617e-05,0.0,0.784198203027899,1.2291650347915664,0.37987392349738885,0.06509290826627848,0.0,70.32026954581514,33.09186330154775,0.03722840624426739,303.33630384090304,4.783445971446031,0.9916328836123577,5.146557113212677e-07,7.462507814158383e-09,7.763746153146742e-05,0.011190145872991195,0.0
71.0,15.0,150.0,False,0,464.9999999999818,303.4594170746258,3.0952136754778774,0.0005368553829425343,5.671335736881123e-07,6.850654682433545e-06,0.00019559298852563382,0.0007506556980957451,1.7564905929968737e-05,0.40001005190510214,0.42733987402119483,1.7564905929968737e-05,0.0,0.7842920212801496,1.2291552097147298,0.37983552173012236,0.06502766670445778,0.0,70.30619680797754,33.211654010382325,0.03709454279759522,303.37317769555386,4.783686128475401,0.9916348927929046,5.163395602008081e-07,7.486923622911718e-09,7.763794703244875e-05,0.011190242855990217,0.0
72.0,15.0,150.0,False,0,479.9999999999801,303.49644762101536,3.096375385690693,0.0005367615392291717,5.746321192089687e-07,6.870581504911806e-06,0.00019556744167418568,0.0007505576511399858,1.757090126635606e-05,0.4003725908148615,0.42663221148740066,1.757090126635606e-05,0.0,0.7843843746728368,1.2291454856156494,0.37979725676643067,0.06496385417638185,0.0,70.29234379907446,33.33101471150711,0.03696132908756735,303.40991918566704,4.783925422488042,0.9916368942734937,5.180064373345326e-07,7.511093341350723e-09,7.763842910390073e-05,0.01119033852174806,0.0
73.0,15.0,150.0,False,0,494.9999999999784,303.53334526337414,3.097491472387557,0.0005366681759489257,5.821547167262159e-07,6.890258353254888e-06,0.0001955420096144373,0.0007504600447587039,1.7576791843447738e-05,0.4007206520037855,0.4259264302190695,1.7576791843447738e-05,0.0,0.7844752861484836,1.229135861718951,0.37975912794672384,0.06490144762374354,0.0,70.27870707772745,33.44994748546252,0.03682875959226492,303.4465289516724,4.7841638576654235,0.991638888094383,5.196564127692991e-07,7.535017985154838e-09,7.763890776568867e-05,0.01119043287968985,0.0
74.0,15.0,150.0,False,0,509.9999999999767,303.5701106432974,3.0985625598624984,0.0005365752897020751,5.897011216689963e-07,6.909687541721591e-06,0.0001955166916896465,0.0007503628764313217,1.7582578484079136e-05,0.4010544588303451,0.42522252981850406,1.7582578484079136e-05,0.0,0.7845647782474315,1.2291263372440246,0.3797211346172682,0.06484042437932491,0.0,70.26528326288525,33.568454395165865,0.03669682886771938,303.4830076285751,4.7844014381535835,0.9916408742954805,5.212895593664446e-07,7.558698610813448e-09,7.763938303868617e-05,0.011190525939368187,0.0
75.0,15.0,150.0,False,0,524.999999999975,303.606744396973,3.099589267801351,0.0005364828771101964,5.972710905419785e-07,6.9288713737582996e-06,0.00019549148724529373,0.0007502661436457887,1.758826202079566e-05,0.40137423194400823,0.424520510184888,1.758826202079566e-05,0.0,0.7846528731160578,1.229116911405429,0.3796832761300986,0.06478076215927263,0.0,70.25206903259131,33.68653748615778,0.03656553154643353,303.5193558460313,4.784638168063612,0.9916428529163478,5.229059527058478e-07,7.582136314234794e-09,7.76398549446369e-05,0.011190617710456627,0.0
76.0,15.0,150.0,False,0,539.9999999999733,303.64324715525794,3.1005722112259075,0.0005363909348169978,6.048643809641135e-07,6.947812140964493e-06,0.00019546639562913645,0.0007501698438987896,1.7593843295307095e-05,0.40168018926035776,0.4238203714976013,1.7593843295307095e-05,0.0,0.7847395925147995,1.2291075834132943,0.3796455518429314,0.0647224390555634,0.0,70.23906112278006,33.80419878684905,0.03643486233593101,303.55557422842446,4.7848740514721495,0.9916448239962059,5.245056709910191e-07,7.605332229369777e-09,7.764032350607872e-05,0.011190708202743259,0.0
77.0,15.0,150.0,False,0,554.9999999999716,303.6796195437516,3.1015120004410943,0.0005362994594890625,6.124807517060222e-07,6.9665121221573455e-06,0.00019544141619126282,0.0007500739746959509,1.7599323157951586e-05,0.4019725459421098,0.42312211420005263,1.7599323157951586e-05,0.0,0.784824957825966,1.2290983524737018,0.3796079611190801,0.06466543352865568,0.0,70.22625632610509,33.92144030875469,0.036304816017350396,303.59166339493703,4.785109092421867,0.9916467875739393,5.260887949551404e-07,7.628287526849536e-09,7.764078874622981e-05,0.011190797426124393,0.0
78.0,15.0,150.0,False,0,569.9999999999699,303.71586218286956,3.102409240985077,0.000536208447816499,6.201199627260285e-07,6.984973582530625e-06,0.00019541654828414347,0.0007499785335520404,1.7604702467169756e-05,0.40225151438557377,0.42242573898391766,1.7604702467169756e-05,0.0,0.7849089900613804,1.2290892177890709,0.379570503327371,0.0646097244003194,0.0,70.21365149079293,34.03826404673273,0.0361753874440602,303.6276239596242,4.7853432949219314,0.9916487436881007,5.276554077682641e-07,7.65100341263983e-09,7.764125068893178e-05,0.011190885390598381,0.0
79.0,15.0,150.0,False,0,584.9999999999682,303.751975687915,3.1032645335822746,0.0005361178965135094,6.277817752048542e-07,7.003198772900151e-06,0.00019539179126268347,0.0007498835179911658,1.7609982088988787e-05,0.40251730421211646,0.42173124677386437,1.7609982088988787e-05,0.0,0.7849917098698177,1.22908017855852,0.3795331778420616,0.06455529084664055,0.0,70.20124351952732,34.15467197921268,0.03604657154031465,303.66345653148414,4.785576662948476,0.9916506923769157,5.292055949455686e-07,7.673481126710745e-09,7.764170935854666e-05,0.011190972106259512,0.0
80.0,15.0,150.0,False,0,599.9999999999665,303.7879606691488,3.1040784740992127,0.0005360278023188815,6.354659515789917e-07,7.0211899290307e-06,0.00019536714448427226,0.0007497889255469661,1.7615162896516527e-05,0.4027701222642263,0.4210386387127113,1.7615162896516527e-05,0.0,0.7850731375442705,1.2290712339782257,0.37949598404276064,0.06450211239119456,0.0,70.1890293683594,34.27066606842096,0.035918363299938444,303.6991617145274,4.785809200445051,0.991652633678287,5.307394442567865e-07,7.695721941723404e-09,7.764216477989183e-05,0.011191057583292058,0.0
81.0,15.0,150.0,False,0,614.9999999999648,303.82381773185847,3.104851653503179,0.0005359381619964093,6.431722555727713e-07,7.038949271038317e-06,0.0001953426073088334,0.0007496947537628045,1.7620245769445747e-05,0.4030101726057914,0.4203479161470362,1.7620245769445747e-05,0.0,0.785153293029042,1.229062383241774,0.37945892131434883,0.06445016889838306,0.0,70.17700604564368,34.386248260603274,0.03579075778504041,303.73474010784537,4.786040911323066,0.9916545676297991,5.322570456368174e-07,7.717727161733853e-09,7.764261697815872e-05,0.011191141831964414,0.0
82.0,15.0,150.0,False,0,629.999999999963,303.85954747642603,3.105584657823616,0.0005358489723352451,6.509004522291406e-07,7.056479002863134e-06,0.00019531817909887212,0.0007496010001919488,1.76252315935685e-05,0.4032376565262276,0.4196590806132022,1.76252315935685e-05,0.0,0.7852321959266639,1.229053625540495,0.3794219890469014,0.06439944056692956,0.0,70.16517061100039,34.501420486241756,0.035663750124758635,303.7701923056771,4.786271799462231,0.991656494268722,5.337584910975842e-07,7.739498120914971e-09,7.76430659788776e-05,0.011191224862623356,0.0
83.0,15.0,150.0,False,0,644.9999999999613,303.8951504983942,3.106278068116204,0.0005357602301501938,6.586503079391755e-07,7.073781311807188e-06,0.00019529385921952252,0.0007495076623977543,1.7630121260300573e-05,0.4034527725481254,0.41897213382382514,1.7630121260300573e-05,0.0,0.7853098655046525,1.2290449600637938,0.3793851866356118,0.06434990792352949,0.0,70.1535201743021,34.61618466026788,0.03553733551403422,303.8055188974748,4.786501868710986,0.9916584136320159,5.352438746411237e-07,7.761036182296294e-09,7.764351180782265e-05,0.011191306685688416,0.0
84.0,15.0,150.0,False,0,659.9999999999596,303.93062738853166,3.106932460429586,0.0005356719322819462,6.664215904703395e-07,7.0908583681333e-06,0.00019526964703859325,0.0007494147379538381,1.7634915666216255e-05,0.40365571643811604,0.41828707765465073,1.7634915666216255e-05,0.0,0.7853863207021037,1.2290363859994715,0.37934851348071846,0.06430155181664941,0.0,70.14205189468443,34.73054268227339,0.03541150921241104,303.840720467969,4.7867311228869225,0.9916603257563351,5.367132921739797e-07,7.782342736522707e-09,7.764395449098491e-05,0.011191387311646374,0.0
85.0,15.0,150.0,False,0,674.9999999999579,303.9659787328973,3.1075484057746703,0.000535584075597263,6.742140689935097e-07,7.1077123247195765e-06,0.00019524554192661196,0.0007493222244442506,1.7639615712593017e-05,0.4038466812206228,0.4176039141318452,1.7639615712593017e-05,0.0,0.7854615801361357,1.2290279025340372,0.3793119689874295,0.06425435341047195,0.0,70.13076297957964,34.84449643671484,0.0352862665428648,303.8757975972311,4.78695956577719,0.9916622306780319,5.381668414229075e-07,7.80341920063216e-09,7.764439405452618e-05,0.011191466751045863,0.0
86.0,15.0,150.0,False,0,689.9999999999562,304.00120511290316,3.10812647009647,0.0005354966569891087,6.820275141087928e-07,7.124345316766658e-06,0.00019522154325686908,0.0007492301194636429,1.76442223049667e-05,0.4040258571942865,0.4169226454196911,1.76442223049667e-05,0.0,0.7855356621081743,1.2290195088530071,0.37927555256585227,0.06420829417898066,0.0,70.11965068377384,34.958047793117736,0.035161602890656105,303.9107508607366,4.787187201138919,0.9916641284331613,5.396046218519226e-07,7.824267016852877e-09,7.764483052469229e-05,0.011191545014492087,0.0
87.0,15.0,150.0,False,0,704.9999999999545,304.03630710537584,3.1086672142484115,0.0005354096733767417,6.898616978701443e-07,7.1407594615523406e-06,0.00019519765040545937,0.0007491384206174274,1.764873635269643e-05,0.4041934319507436,0.41624327380868376,1.764873635269643e-05,0.0,0.7856085846100949,1.2290112041412002,0.3792392636309222,0.06416335590018313,0.0,70.10871230848575,35.07119860627274,0.03503751370221301,303.94558082942524,4.7874140326996,0.9916660190574837,5.410267345806996e-07,7.844887651420145e-09,7.764526392780224e-05,0.011191622112641662,0.0
88.0,15.0,150.0,False,0,719.9999999999528,304.07128528261717,3.1091711939690763,0.0005353231217057632,6.977163938088161e-07,7.156956858231188e-06,0.00019517386275132314,0.0007490471255219349,1.765315876853989e-05,0.4043495903955809,0.4155658017040244,1.765315876853989e-05,0.0,0.7856803653302266,1.2290029875830266,0.379203101602334,0.06411952065046604,0.0,70.097945200466,35.1839507164315,0.034913994484034504,303.98028806976146,4.7876400641574905,0.9916679025864698,5.424332823043442e-07,7.865282593412992e-09,7.764569429022383e-05,0.011191698056197562,0.0
89.0,15.0,150.0,False,0,734.9999999999511,304.10614021246414,3.109638959861306,0.000535236998948128,7.055913769556495e-07,7.172939587675084e-06,0.00019515017967628573,0.0007489562318045671,1.7657490468238672e-05,0.404494514771198,0.4148902316144782,1.7657490468238672e-05,0.0,0.7857510216592047,1.2289948583627566,0.37916706590447274,0.06407677079907907,0.0,70.08734675111927,35.29630594949827,0.034791040801621,304.01487314379324,4.787865299181992,0.9916697790553036,5.438243692146039e-07,7.885453353611757e-09,7.764612163830046e-05,0.011191772855904196,0.0
90.0,15.0,150.0,False,0,749.9999999999494,304.14087245834673,3.1100710573736237,0.0005351513021021228,7.134864238622369e-07,7.188709712351427e-06,0.00019512660056509606,0.0007488657371039441,1.766173237011355e-05,0.404628384681412,0.41421656614163765,1.766173237011355e-05,0.0,0.7858205706957039,1.2289868156647978,0.37913115596634867,0.06403508900274535,0.0,70.07691439564441,35.40826611721683,0.034668648278427576,304.0493366092097,4.788089741414029,0.991671648498887,5.452001009224328e-07,7.905401463375276e-09,7.764654599833217e-05,0.011191846522542582,0.0
91.0,15.0,150.0,False,0,764.9999999999477,304.1754825793463,3.1104680267839186,0.0005350660281923078,7.214013126209692e-07,7.204269276236625e-06,0.00019510312480546356,0.0007487756390700466,1.766588539466994e-05,0.4047513771175875,0.4135448079695203,1.766588539466994e-05,0.0,0.785889029252027,1.2289788586739483,0.3790953712215294,0.06399445820039185,0.0,70.06664561219594,35.51983301735736,0.034546812594838584,304.0836790193987,4.788313394466425,0.9916735109518422,5.46560584382059e-07,7.925128473539856e-09,7.76469673965702e-05,0.011191919066925656,1.0587911840678754e-22
92.0,15.0,150.0,False,0,779.999999999946,304.2099711302509,3.1108304031853455,0.0005349811742694384,7.293358228839926e-07,7.219620304760842e-06,0.0001950797517880942,0.0007486859353643538,1.766995046421302e-05,0.40486366648612787,0.4128749598545708,1.766995046421302e-05,0.0,0.7859564138595759,1.2289709865756537,0.3790597111080777,0.06395486160800012,0.0,70.0565379210636,35.631008433894976,0.034425529487168614,304.11790092350157,4.788536261924261,0.9916753664485165,5.479059278164155e-07,7.944635953338026e-09,7.764738585913568e-05,0.01119199049989367,0.0
93.0,15.0,150.0,False,0,794.9999999999443,304.24433866161223,3.111158716474374,0.0005348967374103488,7.372897358810954e-07,7.2347648047832086e-06,0.0001950564809067242,0.000748596623659974,1.7673928502473118e-05,0.4049654246371706,0.4122070246159674,1.7673928502473118e-05,0.0,0.7860227407741922,1.2289631985562481,0.37902417506848635,0.06391628271356957,0.0,70.04658888387115,35.74179413719186,0.034304794746679294,304.15200286646945,4.788758347345238,0.9916772150229849,5.49236240644109e-07,7.963925489339581e-09,7.764780141206033e-05,0.011192060832309727,0.0
94.0,15.0,150.0,False,0,809.9999999999426,304.27858571979834,3.1114534913409355,0.0005348127147178246,7.452628344365442e-07,7.249704764592574e-06,0.00019503331155815428,0.0007485077016417739,1.7677820434240494e-05,0.40505682089432304,0.411541005126344,1.7677820434240494e-05,0.0,0.7860880259813798,1.228955493803194,0.3789887625496182,0.0638787052721959,0.0,70.036796102793,35.85219188416732,0.03418460421862569,304.18598538911544,4.788979654260029,0.9916790567090542,5.505516334077306e-07,7.982998684412095e-09,7.764821408120506e-05,0.01119213007505542,0.0
95.0,15.0,150.0,False,0,824.9999999999409,304.3127128470487,3.1117152472606313,0.0005347291033204425,7.53254902984892e-07,7.264442153934201e-06,0.00019501024314228085,0.0007484191670065016,1.7681627185010255e-05,0.4051380220853041,0.41087690430278073,1.7681627185010255e-05,0.0,0.7861522852014117,1.2289478715053088,0.37895347300264304,0.06384211330125412,0.0,70.02715721978824,35.962203418474864,0.03406495380131337,304.2198490281692,4.7892001861726206,0.9916808915402658,5.518522177037678e-07,8.001857156704632e-09,7.764862389228987e-05,0.01119219823902658,0.0
96.0,15.0,150.0,False,0,839.9999999999392,304.34672058152586,3.111944498488935,0.0005346459003723994,7.612657275857796e-07,7.278978924058047e-06,0.00019498727506212716,0.0007483310174629026,1.7685349680636736e-05,0.40520919257337573,0.41021472509818896,1.7685349680636736e-05,0.0,0.7862155338943181,1.2289403308529883,0.3789183058829795,0.06380649107569067,0.0,70.01766991585227,36.07183047066768,0.03394583944518459,304.2535943163279,4.789419946560658,0.9916827195498997,5.531381061138663e-07,8.020502538651063e-09,7.764903087081247e-05,0.011192265335129141,0.0
97.0,15.0,150.0,False,0,854.9999999999375,304.38060945736765,3.1121417540573293,0.000534563103053316,7.6929509593775e-07,7.29331700778803e-06,0.0001949644067238721,0.0007482432507318337,1.7688988846997528e-05,0.40527049428942563,0.4095544704929838,1.7688988846997528e-05,0.0,0.7862777872647669,1.228932871038418,0.3788832606502353,0.06377182312341581,0.0,70.00833191028494,36.18107475836666,0.033827257151918276,304.2872217823078,4.789638938875779,0.991684540770977,5.544094121376482e-07,8.0389364759959e-09,7.764943504210526e-05,0.011192331374275112,0.0
98.0,15.0,150.0,False,0,869.9999999999358,304.41438000473784,3.112307517771348,0.0005344807085680314,7.773427973911019e-07,7.3074583196096384e-06,0.00019494163753687864,0.0007481558645463703,1.769254560966705e-05,0.4053220867646058,0.4088961434870997,1.769254560966705e-05,0.0,0.7863390602668401,1.228925491255787,0.37884833676814955,0.06373809422079735,0.0,69.99914095997397,36.28993798642351,0.03370920297355046,304.3207319508947,4.789857166543938,0.9916863552362637,5.55666250126959e-07,8.057160626840906e-09,7.764983643128648e-05,0.011192396367378673,0.0
99.0,15.0,150.0,False,0,884.9999999999341,304.4480327498757,3.1124422882104557,0.0005343987141463805,7.85408622959796e-07,7.321404755774387e-06,0.00019491896691372075,0.0007480688566519096,1.7696020893599474e-05,0.4053641271634223,0.40823974709231753,1.7696020893599474e-05,0.0,0.78639936760869,1.228918190701478,0.37881353370453713,0.06370528938825087,0.0,69.99009485869648,36.39842184707987,0.03359167301161661,304.35412534299263,4.790074632965732,0.9916881629782739,5.569087352215898e-07,8.075176660713053e-09,7.765023506320877e-05,0.011192460325352342,0.0
100.0,15.0,150.0,False,0,899.9999999999324,304.48156821514607,3.1125465587297096,0.0005343171170429571,7.934923653324425e-07,7.335158194419961e-06,0.00019489639427020818,0.0007479822248062677,1.7699415622821063e-05,0.40539677031718113,0.40758528432487484,1.7699415622821063e-05,0.0,0.7864587237571137,1.2289109685742692,0.3787788509312315,0.06367339388592402,0.0,69.98119143643294,36.506528020127625,0.03347466341630531,304.38740247567347,4.790291341516716,0.9916899640292722,5.581369832865171e-07,8.092986257654498e-09,7.765063096251332e-05,0.011192523259103316,0.0
101.0,15.0,150.0,False,0,914.9999999999307,304.51498691908637,3.112620817463172,0.0005342359145368698,8.015938188823862e-07,7.348720495703526e-06,0.00019487391902541133,0.0007478959667797727,1.7702730720131638e-05,0.40542016875771675,0.40693275819841596,1.7702730720131638e-05,0.0,0.7865171429420117,1.2289038240755168,0.37874428792403125,0.06364239320947389,0.0,69.97242855869823,36.61425817306091,0.03335817038563731,304.42056386222356,4.790507295547721,0.9916917584212779,5.593511108505397e-07,8.110591107332825e-09,7.765102415358384e-05,0.011192585179529835,0.0
102.0,15.0,150.0,False,0,929.999999999929,304.54828937645493,3.1126655473290037,0.0005341551039314851,8.097127796769152e-07,7.3620935019478996e-06,0.00019485154060168403,0.0007478100803553542,1.7705967106815313e-05,0.40543447275130723,0.4062821717171987,1.7705967106815313e-05,0.0,0.7865746391607551,1.228896756409334,0.37870984416264614,0.06361227308593277,0.0,69.96380412588672,36.721613961231384,0.03324219016465534,304.4536100121916,4.790722498385147,0.9916935461860666,5.605512350464429e-07,8.127992908173422e-09,7.765141466054926e-05,0.01119264609751774,0.0
103.0,15.0,150.0,False,0,944.9999999999272,304.581476098278,3.112681226036194,0.0005340746825541621,8.178490454856099e-07,7.375279037798795e-06,0.00019482925842468523,0.0007477245633286255,1.7709125702360185e-05,0.4054398303327192,0.4056335278695906,1.7709125702360185e-05,0.0,0.7866312261824628,1.2288897647827668,0.3786755191306433,0.06358301946966077,0.0,69.95531607263055,36.82859702799817,0.03312671904463238,304.48654143143466,4.7909369533312836,0.9916953273551748,5.617374735526202e-07,8.145193366512994e-09,7.765180250724575e-05,0.011192706023937059,0.0
104.0,15.0,150.0,False,0,959.9999999999255,304.6145478399519,3.1126536862608147,0.0005339947193627379,8.26002377278684e-07,7.388206951310864e-06,0.000194805804178025,0.000747634548107308,1.771833978831823e-05,0.40543243315957084,0.4051270397841801,1.771833978831823e-05,0.0,0.7866818660749563,1.2288782641222722,0.37864140429239285,0.06355499375492304,0.0,69.94772008875654,36.935209804532676,0.03301251028422386,304.51935886831353,4.791150665267557,0.9916971019732106,5.629002050647721e-07,8.162052973439197e-09,7.765239157711665e-05,0.011192846510360798,0.0
105.0,15.0,150.0,False,0,974.9999999999238,304.64750592512274,3.1125508719492205,0.0005339154003648307,8.34172321947602e-07,7.400689177333996e-06,0.00019478198471075095,0.0007475431312691597,1.7729701523045356e-05,0.40540202794138935,0.404672736053223,1.7729701523045356e-05,0.0,0.786728730047854,1.2288651845036904,0.378607439549664,0.06352901490617238,0.0,69.94069049282187,37.04145655392161,0.032899233938900256,304.5520636350872,4.791363642747459,0.9916988701152143,5.640283374915207e-07,8.17841089362705e-09,7.765303889542129e-05,0.011193003348438368,0.0
106.0,15.0,150.0,False,0,989.9999999999221,304.6803510348924,3.112374250348795,0.0005338367221845292,8.423583964834232e-07,7.412728202792251e-06,0.00019475833964460818,0.00074745238379657,1.774059791661255e-05,0.405348866776826,0.40421079612856614,1.774059791661255e-05,0.0,0.7867738526538582,1.2288524799583453,0.37857358489998266,0.06350504240450439,0.0,69.93392210192125,37.14733946794968,0.03278658263397158,304.5846564064287,4.79157589017232,0.9917006318216903,5.651238634105774e-07,8.194296019453373e-09,7.765367273417372e-05,0.011193154629768606,0.0
107.0,15.0,150.0,False,0,1004.9999999999204,304.7130837890198,3.112126443475774,0.0005337586715164738,8.505601344700785e-07,7.424336562069726e-06,0.00019473486588325435,0.0007473622938050997,1.7751041760039728e-05,0.4052737492278135,0.4037415426844117,1.7751041760039728e-05,0.0,0.7868172935608262,1.228840140058515,0.37853983988871487,0.06348300660897385,0.0,69.92740596587606,37.2528605406947,0.03267454542518136,304.6171377961529,4.791787411547066,0.9917023871298078,5.661876964105969e-07,8.209721597953655e-09,7.765429345425875e-05,0.011193300504064745,0.0
108.0,15.0,150.0,False,0,1019.9999999999187,304.74570479648116,3.111810002441515,0.0005336812354106795,8.58777082624259e-07,7.435526441720708e-06,0.0001947115603892013,0.0007472728496362042,1.776104559617101e-05,0.40517745001457256,0.40326529051498067,1.776104559617101e-05,0.0,0.7868591104322956,1.2288281546154618,0.3785062040688765,0.06346284011428967,0.0,69.92113343515564,37.35802173151618,0.03256311170363946,304.649508407388,4.791998210806942,0.9917041360761149,5.672207336221735e-07,8.224700637521516e-09,7.765490140513914e-05,0.011193441118195795,0.0
109.0,15.0,150.0,False,0,1034.999999999915,304.7782146558005,3.1114274088085274,0.0005336044012612492,8.670088005552846e-07,7.446309691379155e-06,0.00019468842018340014,0.0007471840398556409,1.7770621720589678e-05,0.4050607198480903,0.4027823466291447,1.7770621720589678e-05,0.0,0.7868993589996768,1.2288165136755438,0.3784726770007987,0.06344447767506836,0.0,69.91509615004847,37.462824966120266,0.032452271183928204,304.68176883290283,4.792208291819658,0.9917058786965571,5.682238555102752e-07,8.239245904898991e-09,7.765549692515103e-05,0.01119357661619376,0.0
110.0,15.0,150.0,False,0,1049.9999999999104,304.810613955367,3.1109810759426235,0.000533528156795454,8.752548605222253e-07,7.456697834326373e-06,0.00019466544234479418,0.0007470958532517548,1.777978218272907e-05,0.4049242862341283,0.4022930103482683,1.777978218272907e-05,0.0,0.7869380931312855,1.2288052075163465,0.3784392582518086,0.06342785613325237,0.0,69.90928603030716,37.5672721375813,0.03234201389272586,304.71391965542165,4.7924176583874205,0.9917076150264961,5.691979257043737e-07,8.25336992271342e-09,7.765608034192132e-05,0.011193707139263298,0.0
111.0,15.0,150.0,False,0,1064.9999999999059,304.8429032737418,3.110473350360066,0.000533452490063181,8.835148471888103e-07,7.466702077713847e-06,0.0001946426240098412,0.0007470082788336432,1.7788538787167442e-05,0.4047688542489639,0.4017975734069105,1.7788538787167442e-05,0.0,0.7869753648983838,1.22879422664283,0.3784059473959246,0.06341291434852157,0.0,69.9036952652424,37.67136510733144,0.032232330157910966,304.7459614479286,4.7926263142489365,0.9917093451007254,5.701437908642756e-07,8.267084967531996e-09,7.765665197270386e-05,0.011193832825793648,0.0
112.0,15.0,150.0,False,0,1079.9999999999013,304.87508317995446,3.109906513068647,0.0005333773894267478,8.91788357376629e-07,7.476333322441166e-06,0.00019461996237200732,0.000746921305829216,1.77969030950956e-05,0.4045951072872923,0.4012963200561247,1.77969030950956e-05,0.0,0.7870112246383989,1.2287835617835037,0.3783727440135656,0.06339959313153921,0.0,69.89831630424015,37.77510570611373,0.03212321059812643,304.7778947739612,4.792834263081313,0.9917110689534885,5.710622805796337e-07,8.28040306840469e-09,7.765721212476694e-05,0.011193953811372715,0.0
113.0,15.0,150.0,False,0,1094.9999999998968,304.90715423378873,3.109282780901717,0.00053330284355108,9.000749998170991e-07,7.485602172690654e-06,0.00019459745468123485,0.0007468349236831506,1.7804886425945887e-05,0.4044037077827666,0.40078952716907135,1.7804886425945887e-05,0.0,0.7870457210154703,1.2287732038866248,0.37833964769127243,0.06338783517988214,0.0,69.89314184767943,37.8784957349045,0.032014646112774936,304.8097201878941,4.793041508501913,0.9917127866184943,5.719542073011998e-07,8.293336005867399e-09,7.76577610957349e-05,0.011194070228803144,0.0
114.0,15.0,150.0,False,0,1109.9999999998922,304.93911698605876,3.1086043078442076,0.0005332288413942477,9.083743949026467e-07,7.494518945123191e-06,0.00019457509824338492,0.0007467491220547555,1.7812499859172796e-05,0.4041952979018085,0.40027746434869976,1.7812499859172796e-05,0.0,0.7870789010784613,1.22876314411642,0.37830665802144314,0.06337758501651543,0.0,69.88816483823078,37.98153696580121,0.031906627872429566,304.84143823521254,4.793248054070139,0.9917144981289326,5.728203663019208e-07,8.305895311377853e-09,7.765829917395675e-05,0.011194182208120304,0.0
115.0,15.0,150.0,False,0,1124.9999999998877,304.97097197887587,3.1078731863497886,0.0005331553721983528,9.166861744375183e-07,7.503093677740512e-06,0.00019455289041965778,0.0007466638908157428,1.7819754236174896e-05,0.40397050021135306,0.399760394037256,1.7819754236174896e-05,0.0,0.787110810316578,1.2287533738493355,0.37827377460207917,0.06336878893067821,0.0,69.88337845251328,38.0842311428836,0.03179914730962968,304.8730494527774,4.793453903289149,0.9917162035174895,5.736615356660837e-07,8.318092267158213e-09,7.765882663884492e-05,0.011194289876612041,0.0
116.0,15.0,150.0,False,0,1139.9999999998831,305.00271974590606,3.1070914486483088,0.0005330824254807589,9.25009981388624e-07,7.5113361384213235e-06,0.00019453082862599182,0.0007465792200479243,1.782666016234948e-05,0.4037299183212841,0.3992385716274021,1.782666016234948e-05,0.0,0.7871414927127138,1.2287438846703163,0.37824099703654424,0.06336139492105819,0.0,69.87877609309291,38.18657998304148,0.031692196110051425,304.90455436908,4.793659059607532,0.9917179028163612,5.744784763047217e-07,8.329937906418466e-09,7.7659343761225e-05,0.011194393358840073,0.0
117.0,15.0,150.0,False,0,1154.9999999998786,305.0343608126191,3.106261068042772,0.0005330099910256575,9.33345469636773e-07,7.519255833139024e-06,0.0001945089103324426,0.0007464951000408262,1.7833228009270566e-05,0.40347413750233097,0.398712245574729,1.7833228009270566e-05,0.0,0.7871709907946473,1.2287346683691163,0.37820832493333284,0.06335535264113622,0.0,69.87435138080289,38.28858517677861,0.031585766204024285,304.9359535044895,4.793863526420911,0.9917195960572687,5.75271931995621e-07,8.341443013936505e-09,7.765985080365008e-05,0.011194492776662974,0.0
118.0,15.0,150.0,False,0,1169.999999999874,305.06589569652914,3.1053839601950997,0.0005329380588759558,9.416923037286549e-07,7.5268620138700486e-06,0.0001944871330625444,0.0007464115212892404,1.7839467916982494e-05,0.4032037252802515,0.3981816575114769,1.7839467916982494e-05,0.0,0.7871993456841889,1.2287257169366324,0.3781757579058504,0.063350613346593,0.0,69.87009814737165,38.39024838898607,0.031479849758385574,304.9672473714909,4.7940673070735,0.9917212832714711,5.760426294462657e-07,8.352618126970854e-09,7.76603480207315e-05,0.01119458824926059,0.0
119.0,15.0,150.0,False,0,1184.9999999998695,305.0973249074276,3.104461984400019,0.0005328666193254797,9.500501586298811e-07,7.534163686202115e-06,0.00019446549439265445,0.0007463284744907058,1.7845389796400747e-05,0.40291923200710766,0.39764704236125764,1.7845389796400747e-05,0.0,0.7872265971443978,1.2287170225612736,0.37814329557220244,0.06334712984467343,0.0,69.86601042834032,38.491571259694055,0.03137443916864626,304.9984364749167,4.7942704048596045,0.9917229644897789,5.767912783781903e-07,8.36347353648376e-09,7.766083565944237e-05,0.011194679893159826,0.0
120.0,15.0,150.0,False,0,1199.999999999865,305.1286489476086,3.103496944846422,0.000532795662911479,9.58418719479391e-07,7.541169616652484e-06,0.00019444399195128203,0.0007462459505429353,1.7851003331812706e-05,0.4026211914105079,0.39710862845462935,1.7851003331812706e-05,0.0,0.7872527836249578,1.2287085776253646,0.3781109375549937,0.06334485644541313,0.0,69.86208245625632,38.592555404797004,0.031269527051459314,305.02952131216983,4.794472823025088,0.991724639742566,5.77518571631186e-07,8.374019288652198e-09,7.766131395941578e-05,0.011194767822261703,0.0
121.0,15.0,150.0,False,0,1214.9999999998604,305.15986831208545,3.1024905918656245,0.0005327251804074283,9.667976813454996e-07,7.5478883397053975e-06,0.00019442262341840346,0.0007461639405411846,1.7856317983470162e-05,0.4023101211216207,0.3965666376453561,1.7856317983470162e-05,0.0,0.7872779423057954,1.2287003747015695,0.37807868348113777,0.06334374891463618,0.0,69.85830865413067,38.693202416750935,0.031165106237379732,305.06050237343857,4.794674564768759,0.9917263090597827,5.782251852858891e-07,8.384265186645392e-09,7.766178315322665e-05,0.011194852147869578,0.0
122.0,15.0,150.0,False,0,1229.9999999998558,305.19098348880283,3.101444623165965,0.0005326551628161032,9.751867489838396e-07,7.554328164580901e-06,0.00019440138652476442,0.0007460824357755769,1.7861342990268617e-05,0.4019865231828162,0.39602128542715526,1.7861342990268617e-05,0.0,0.7873021091390532,1.2286924065493607,0.3780465329816721,0.06334376442863543,0.0,69.854683629142,38.79351386525745,0.03106116976388455,305.0913801419068,4.794875633243751,0.9917279724709672,5.789117788035067e-07,8.394220792650848e-09,7.766224346667362e-05,0.011194932978718491,0.0
123.0,15.0,150.0,False,0,1244.9999999998513,305.22199495883865,3.1003606850532197,0.000532585601362933,9.835856365974468e-07,7.5604971817429365e-06,0.0001943802790511703,0.0007460014277283763,1.786608737250377e-05,0.4016508845357633,0.3954727810508633,1.786608737250377e-05,0.0,0.787325318889461,1.2286846661115083,0.3780144856915862,0.06334486153046114,0.0,69.85120216658083,38.89349129791372,0.030957710868667113,305.1221550939544,4.795076031558826,0.9917296300052572,5.795789951810889e-07,8.40389543012579e-09,7.766269511905286e-05,0.0111950104210055,0.0
124.0,15.0,150.0,False,0,1259.9999999998468,305.2529031966025,3.0992403736363974,0.0005325164874896076,9.919940675991917e-07,7.566403269159395e-06,0.000194359298827767,0.00074592090807123,1.78705599347018e-05,0.4013036774907715,0.39492132764178794,1.78705599347018e-05,0.0,0.7873476051732236,1.2286771465106112,0.3779825412496534,0.06334700008773436,0.0,69.84785922401645,38.99313624085127,0.030854722983165175,305.15282769935357,4.7952757627796485,0.9917312816914008,5.80227461121374e-07,8.413298186259923e-09,7.766313832338297e-05,0.011195084578420961,0.0
125.0,15.0,150.0,False,0,1274.9999999998422,305.28370867002593,3.098085236018429,0.0005324478128479346,1.000411774376771e-06,7.572054098322917e-06,0.00019433844373331087,0.0007458408686623646,1.7874769268515115e-05,0.4009453601782057,0.39436712231719273,1.7874769268515115e-05,0.0,0.7873690004954629,1.2286698410456565,0.37795069929827313,0.06335014125192055,0.0,69.84464992568056,39.092450199349436,0.03075219972633112,305.18339842145787,4.7954748299300265,0.9917329275577673,5.808577872157522e-07,8.422437914628408e-09,7.76635732866734e-05,0.011195155552180678,0.0
126.0,15.0,150.0,False,0,1289.9999999998377,305.3144118407468,3.0968967714713918,0.0005323795692939342,1.008838498060436e-06,7.5774571400428555e-06,0.00019431771169443218,0.0007457613015437594,1.7878723755678443e-05,0.40057637698271253,0.3938103563037404,1.7878723755678443e-05,0.0,0.7873895362862984,1.2286627431886108,0.37791895948331927,0.0633542474189932,0.0,69.84156955705522,39.19143465842922,0.030650134898626,305.21386771738497,4.7956732359931,0.991734567632358,5.814705681392926e-07,8.431323238019742e-09,7.766400021014936e-05,0.011195223441058829,0.0
127.0,15.0,150.0,False,0,1304.999999999833,305.3450131642887,3.095676432595888,0.0005323117488821591,1.0172739882936312e-06,7.582619670018999e-06,0.00019429710068488958,0.0007456821989382858,1.788243157101986e-05,0.4001971589610434,0.3932512150547928,1.788243157101986e-05,0.0,0.7874092429356276,1.2286558465810475,0.3778873214539961,0.06335928219142375,0.0,69.83861355965584,39.29009108343042,0.030548522476225422,305.2442360381943,4.795870983912489,0.9917362019428155,5.820663828567448e-07,8.4399625514228e-09,7.766441928946325e-05,0.01119528834142163,0.0
128.0,15.0,150.0,False,0,1319.9999999998286,305.37551309023274,3.0944256264642322,0.0005322443438602343,1.0257180030066784e-06,7.587548774205384e-06,0.0001942766087248199,0.0007456035532468261,1.7885900685520167e-05,0.3998081242441755,0.3926898783674681,1.7885900685520167e-05,0.0,0.7874281498266642,1.2286491450308072,0.37785578486270127,0.06336521034144177,0.0,69.83577752600036,39.38842092056611,0.030447356605434243,305.27450382905766,4.796068076593424,0.991737830516434,5.826457948383581e-07,8.448364025156193e-09,7.766483071492238e-05,0.011195350347261632,0.0
129.0,15.0,150.0,False,0,1334.9999999998263,305.405912062387,3.0931457157471676,0.000532177346663598,1.034170308193668e-06,7.5922513539757914e-06,0.0001942562338799812,0.0007455253570453702,1.7889138869417275e-05,0.3994096784244579,0.3921265204993025,1.7889138869417275e-05,0.0,0.7874462853682924,1.2286426325086903,0.37782434936489334,0.06337199777550451,0.0,69.83305719475612,39.486425597467665,0.030346631597288457,305.30467152942714,4.796264516903821,0.9917394533801688,5.83209352284685e-07,8.456535608127933e-09,7.76652346716895e-05,0.011195409550232627,0.0
130.0,15.0,150.0,False,0,1349.999999999824,305.43621051894655,3.091838019823811,0.0005321107499104476,1.0426306776926531e-06,7.596734131097024e-06,0.00019423597426099286,0.0007454476030820972,1.7892153695347625e-05,0.3990022149284363,0.39156131028449137,1.7892153695347625e-05,0.0,0.787463677026287,1.2286363031451861,0.3777930146189696,0.06337961149992956,0.0,69.83044844605695,39.584106523699894,0.030246341922357055,305.33473957319353,4.7964603076753285,0.9917410705606449,5.837575883591779e-07,8.46448503120808e-09,7.766563133994005e-05,0.01119546603968506,0.0
131.0,15.0,150.0,False,0,1364.9999999998217,305.4664088926519,3.0905038158746234,0.0005320445463968658,1.0510988929692736e-06,7.601003652522309e-06,0.00019421582802257073,0.0007453702842744405,1.789495254152288e-05,0.398586115376042,0.3909944112495299,1.789495254152288e-05,0.0,0.7874803513534564,1.2286301512272353,0.37776178028614493,0.06338801958763393,0.0,69.82794729698152,39.681465091272464,0.030146482205709056,305.36470838884384,4.796655451704344,0.9917426820841664,5.842910214279435e-07,8.472219810705182e-09,7.766602089510335e-05,0.011195519902701925,0.0
132.0,15.0,150.0,False,0,1379.9999999998195,305.4965076109413,3.0891443399571448,0.0005319787290921284,1.0595747429039013e-06,7.605066295010823e-06,0.00019419579336276094,0.0007452933937061474,1.7897542594935133e-05,0.39816174992673453,0.3904259817282146,1.7897542594935133e-05,0.0,0.7874963340187457,1.228624171195023,0.3777306460303392,0.06339719114593809,0.0,69.82554989718813,39.778502675130284,0.03004704722205784,305.3945783996122,4.796849951753006,0.9917442879767246,5.84810155305618e-07,8.479747251931462e-09,7.766640350798733e-05,0.011195571224135066,0.0
133.0,15.0,150.0,False,0,1394.9999999998172,305.52650709609713,3.087760788064349,0.0005319132911341848,1.0680580235823833e-06,7.60892826958226e-06,0.00019417586852217135,0.0007452169246243276,1.789993085458624e-05,0.39772947761323385,0.3898561749759287,1.789993085458624e-05,0.0,0.7875116498353572,1.228618357638817,0.3776996115180704,0.06340709628538939,0.0,69.82325252469641,39.87522063362355,0.029948031891072865,305.42435002362464,4.797043810550134,0.991745888264007,5.853154795065628e-07,8.487074452845162e-09,7.766677934497636e-05,0.011195620086641819,0.0
134.0,15.0,150.0,False,0,1409.999999999815,305.55640776538934,3.086354317165434,0.0005318482258252954,1.0765485380904666e-06,7.612595625815228e-06,0.00019415605178320147,0.0007451408704364992,1.7902124134737993e-05,0.39728964666339556,0.38928513928308045,1.7902124134737993e-05,0.0,0.7875263227879173,1.2286127052958302,0.3776686764183513,0.06341770608956163,0.0,69.82105158181238,39.97162030897177,0.02984943127284061,305.45402367404176,4.797237030792155,0.9917474829714045,5.858074695007333e-07,8.494208307760633e-09,7.766714856816679e-05,0.011195666570721971,0.0
135.0,15.0,150.0,False,0,1424.9999999998126,305.58621003121357,3.084926046228912,0.0005317835266278269,1.0850460963119526e-06,7.616074255995739e-06,0.0001941363414692732,0.0007450652247076353,1.7904129068177746e-05,0.3968425948107751,0.38871301808766157,1.7904129068177746e-05,0.0,0.7875403760587367,1.228607209047123,0.3776378404025923,0.06342899258579397,0.0,69.81894359118948,40.067703027707516,0.029751240563481964,305.4835997591955,4.797429615143998,0.9917490721240196,5.86286586973372e-07,8.501155511113894e-09,7.76675113355323e-05,0.011195710754754958,0.0
136.0,15.0,150.0,False,0,1439.9999999998104,305.6159143012254,3.0834770572279107,0.0005317191871601904,1.0935505147306503e-06,7.619369899124351e-06,0.000194116735944061,0.0007449899811572087,1.7905952109496443e-05,0.39638864959443626,0.38813995008684055,1.7905952109496443e-05,0.0,0.7875538320532076,1.228601863914545,0.3776071031445079,0.06344092871682963,0.0,69.81692519201884,40.16347010110892,0.02965345509090992,305.51307868272215,4.797621566239965,0.9917506557466742,5.867532800879406e-07,8.50792256127514e-09,7.766786780105943e-05,0.011195752715037262,0.0
137.0,15.0,150.0,False,0,1454.999999999808,305.64552097846996,3.082008396127568,0.000531655201192922,1.1020616162361542e-06,7.6224881447876285e-06,0.0001940972336107242,0.0007449151336562464,1.7907599538374197e-05,0.3959281286484583,0.3875660693475193,1.7907599538374197e-05,0.0,0.7875667124243574,1.2285966650577087,0.3775764643200292,0.06345348831332212,0.0,69.81499313634637,40.25892282561739,0.029556070310728984,305.542460843691,4.797812886684557,0.9917522338639165,5.87207983751569e-07,8.514515764397751e-09,7.766821811487222e-05,0.011195792525819962,0.0
138.0,15.0,150.0,False,0,1469.9999999998058,305.6750304615076,3.080521073854485,0.0005315915626448928,1.1105792299334821e-06,7.625434436901698e-06,0.00019407783291114036,0.0007448406762243859,1.7909077462870558e-05,0.39546133998166577,0.3869915054158015,1.7909077462870558e-05,0.0,0.7875790380966047,1.228591607770998,0.3775459236072199,0.06346664606717345,0.0,69.81314428550928,40.354062483242565,0.029459081802266716,305.57174663672896,4.7980035790533035,0.9917538065000282,5.876511198824854e-07,8.520941238296039e-09,7.766856242338133e-05,0.01119583025934638,0.0
139.0,15.0,150.0,False,0,1484.9999999998035,305.7044431445358,3.079016067248162,0.0005315282655796455,1.119103190956613e-06,7.6282140773334745e-06,0.0001940585323251418,0.0007447666030269455,1.791039182271535e-05,0.3949885822480003,0.38641638342530127,1.791039182271535e-05,0.0,0.7875908292887479,1.2285866874806188,0.37751548068619634,0.06348037750567465,0.0,69.8113756066878,40.44889034195436,0.029362485264733444,305.60093645214124,4.798193645893535,0.9917553736790317,5.880830976788286e-07,8.527204916343016e-09,7.766890086940601e-05,0.011195865985889808,0.0
140.0,15.0,150.0,False,0,1499.9999999998013,305.73375941750726,3.0774943199944342,0.0005314653042018507,1.1276333402859169e-06,7.630832229405881e-06,0.00019403933036975457,0.0007446929083720031,1.791154839259699e-05,0.39451014500796994,0.38584082420423665,1.791154839259699e-05,0.0,0.787602105536214,1.228581899741683,0.37748513523905153,0.06349465896641747,0.0,69.80968416956789,40.543407656063955,0.02926627651350393,305.63003067602864,4.798383089725153,0.9917569354246959,5.885043138883552e-07,8.53331255138115e-09,7.766923359226081e-05,0.011195899773791238,0.0
141.0,15.0,150.0,False,0,1514.999999999799,305.7629796662445,3.0759567435408695,0.0005314026728538744,1.1361695245695068e-06,7.633293921293006e-06,0.0001940202255984414,0.0007446195867074898,1.791255278544508e-05,0.39402630898161395,0.3852649443812732,1.791255278544508e-05,0.0,0.7876128857125951,1.2285772402353303,0.3774548869497843,0.06350946757295099,0.0,69.80806714311072,40.63761566659273,0.02917045147651799,305.6590296904011,4.798571913041373,0.991758491760544,5.889151530784877e-07,8.539269719638071e-09,7.766956072790198e-05,0.011195931689497072,0.0
142.0,15.0,150.0,False,0,1529.9999999997967,305.7921042725507,3.074404217994154,0.0005313403660124553,1.1447115959484989e-06,7.635604049309875e-06,0.00019400121660034943,0.0007445466326183036,1.791341045570374e-05,0.3935373462933218,0.3846888564900471,1.791341045570374e-05,0.0,0.7876231880505074,1.2285727047658916,0.37742473550422934,0.06352478121115497,0.0,69.80652179242388,40.73151560162848,0.0290750061907954,305.68793387328736,4.79876011830943,0.9917600427098584,5.893159879063075e-07,8.545081824641458e-09,7.766988240900604e-05,0.01119596179759679,0.0
143.0,15.0,150.0,False,0,1544.9999999997945,305.82113361431664,3.0728375929995266,0.0005312783782854841,1.1532594118861943e-06,7.63776738110275e-06,0.00019398230199956198,0.0007444740408234363,1.7914126702593084e-05,0.39304352070892884,0.3841126690723527,1.7914126702593084e-05,0.0,0.7876330301617823,1.2285682892580818,0.37739468058999354,0.063540578506306,0.0,69.80504547573264,40.82510867667169,0.02897993679906095,305.71674359884156,4.798947707971283,0.9917615882956876,5.897071793880062e-07,8.550754101126092e-09,7.767019876508637e-05,0.011195990160860491,0.0
144.0,15.0,150.0,False,0,1559.9999999997922,305.8500680656261,3.071257688602262,0.0005312167044088769,1.1618128350011542e-06,7.639788558744875e-06,0.00019396348045435595,0.0007444018061731239,1.79147066733564e-05,0.3925450878653904,0.38353648677990565,1.79147066733564e-05,0.0,0.787642429057036,1.2285639897542402,0.37736472189639353,0.06355683880081066,0.0,69.80363564144459,40.91839609497308,0.028885239546471504,305.7454592374471,4.7991346844442875,0.9917631285408519,5.900890771674894e-07,8.556291618928597e-09,7.767050992257992e-05,0.011196016840276346,0.0
145.0,15.0,150.0,False,0,1574.99999999979,305.87890799685505,3.0696652960913284,0.0005311553392435465,1.1703717329041632e-06,7.64167210174102e-06,0.0001939447506564653,0.0007443299236460196,1.791515536648897e-05,0.392042295493403,0.38296041047472196,1.791515536648897e-05,0.0,0.7876514011646192,1.2285598024116042,0.37733485911439846,0.0635735421325866,0.0,69.80228982530711,41.01137904785438,0.02879091077745273,305.77408115581545,4.799321050121841,0.9917646634679491,5.904620197836015e-07,8.561699286862222e-09,7.767081600493664e-05,0.01119604189508785,0.0
146.0,15.0,150.0,False,0,1589.9999999997876,305.90765377477084,3.0680611788252534,0.0005310942777724567,1.178935978039058e-06,7.643422409947128e-06,0.00019392611133035,0.0007442583883463875,1.7915477634947893e-05,0.3915353836332549,0.3823845373279896,1.7915477634947893e-05,0.0,0.7876599623489822,1.2285557234996207,0.3773050919365737,0.06359066921406491,0.0,69.80100564765266,41.10405871502687,0.028696946932625787,305.8026097170841,4.799506807374018,0.9917661930993595,5.908263349358436e-07,8.566981856569731e-09,7.767111713269815e-05,0.011196065382830888,0.0
147.0,15.0,150.0,False,0,1604.9999999997854,305.93630576262643,3.0664460730403342,0.0005310335150977612,1.1875054475273951e-06,7.645043766407662e-06,0.00019390756123247266,0.0007441871955013262,1.7915678189339157e-05,0.39102458484422586,0.3818089609174703,1.7915678189339157e-05,0.0,0.7876681279284773,1.228551749397303,0.3772754200570282,0.06360820141179757,0.0,69.7997808107284,41.19643626489607,0.028603344545832323,305.83104528091053,4.799691958548185,0.9917677174572523,5.911823397480973e-07,8.572143926347412e-09,7.76714134236115e-05,0.011196087359370598,0.0
148.0,15.0,150.0,False,0,1619.999999999783,305.96486432025165,3.0648206886412783,0.0005309730464380263,1.1960800230169266e-06,7.6465403401148e-06,0.00019388909915058145,0.0007441163404580161,1.791576160107977e-05,0.39051012440780064,0.3812337713233838,1.791576160107977e-05,0.0,0.7876759126926048,1.2285478765906204,0.3772458431713664,0.06362612072664922,0.0,69.79861309610926,41.288512854854275,0.028510100241254988,305.859388203562,4.799876505969587,0.9917692365635901,5.915303410301162e-07,8.577189944936685e-09,7.767170499265363e-05,0.011196107878937952,0.0
149.0,15.0,150.0,False,0,1634.9999999997808,305.9933298041435,3.063185709974415,0.000530912867125521,1.2046595905338512e-06,7.647916188694233e-06,0.0001938707239030008,0.0007440458186809977,1.7915732305534108e-05,0.3899922205249646,0.38065905522271776,1.7915732305534108e-05,0.0,0.7876833309187365,1.2285441016699272,0.37721636097663874,0.06364440977455185,0.0,69.7975003621895,41.380289631572296,0.0284172107306172,305.88763883800556,4.800060451941936,0.9917707504401335,5.918706355366204e-07,8.582124215280996e-09,7.767199195215873e-05,0.011196126994166071,0.0
150.0,15.0,150.0,False,0,1649.9999999997785,306.02170256755113,3.061541796583614,0.0005308529726035883,1.2132440403388062e-06,7.649175261019067e-06,0.00019385243433792988,0.0007439756257494784,1.7915594605120353e-05,0.3894710845078357,0.38008489598200795,1.7915594605120353e-05,0.0,0.7876903963883288,1.2285404213274378,0.37718697317129896,0.06366305176781001,0.0,69.79644054175066,41.471767731272976,0.02832467281047768,305.9157975339922,4.8002437987479505,0.9917722591084472,5.922035102235533e-07,8.586950898241523e-09,7.767227441185347e-05,0.01119614475612625,0.0
151.0,15.0,150.0,False,0,1664.9999999997763,306.0499829605602,3.059889583949054,0.000530793358424079,1.2218332667865485e-06,7.650321399757104e-06,0.00019383422933274915,0.0007439057573546703,1.7915352672387337e-05,0.3889469209658662,0.37951137374850424,1.7915352672387337e-05,0.0,0.7876971224026417,1.228536832354736,0.37715767945516043,0.063682030496934,0.0,69.79543163960373,41.562948280002985,0.028232483359600748,305.94386463814044,4.8004265486499085,0.9917737625899037,5.925292425014893e-07,8.591674016271594e-09,7.76725524789275e-05,0.01119616121436362,0.0
152.0,15.0,150.0,False,0,1679.999999999774,306.07817133017346,3.0582296842090133,0.0005307340202448537,1.230427168189295e-06,7.651358343852896e-06,0.0001938161077933355,0.0007438362092971631,1.791501055305835e-05,0.38841992798683045,0.37893856553975097,1.791501055305835e-05,0.0,0.7877035217979768,1.2285333316403235,0.37712847952935746,0.06370133031298929,0.0,69.79447173030347,41.65383239389213,0.02814063933641134,305.97184049401625,4.800608703890169,0.9917752609056885,5.92848100485828e-07,8.596297457044506e-09,7.767282625813373e-05,0.011196176416932484,0.0
153.0,15.0,150.0,False,0,1694.9999999997717,306.1062680203895,3.056562686864836,0.0005306749538273478,1.2390256466836642e-06,7.65228973094858e-06,0.00019379806865338613,0.0007437669774843269,1.791457216904135e-05,0.38789029731281727,0.3783665453315422,1.791457216904135e-05,0.0,0.7877096069604621,1.2285299161672123,0.3770993730963066,0.0637209361104436,0.0,69.79355895593066,41.744421179406864,0.0280491377765238,305.999725442211,4.800790266691672,0.9917767540768038,5.931603432437168e-07,8.600824977033894e-09,7.767309585178289e-05,0.011196190410431291,0.0
154.0,15.0,150.0,False,0,1709.9999999997694,306.1342733722784,3.0548891594692806,0.0005306161550341958,1.2476286081011746e-06,7.653119099745463e-06,0.00019378011087375086,0.000743698057927751,1.7914041321403447e-05,0.3873582145114286,0.3777953841442653,1.7914041321403447e-05,0.0,0.7877153898403856,1.2285265830105558,0.3770703598596715,0.06374083331049869,0.0,69.79269152394215,41.83471573359463,0.027957975790347527,306.0275198204167,4.8009712392584385,0.9917782421240737,5.934662210374465e-07,8.605260205042975e-09,7.767336135986011e-05,0.0111962032400372,0.0
155.0,15.0,150.0,False,0,1724.9999999997672,306.1621877240557,3.053209648298412,0.0005305576198269125,1.256235961842249e-06,7.653849892309145e-06,0.0001937622334417747,0.0007436294467407196,1.7913421693308615e-05,0.38682385914234785,0.377225150127596,1.7913421693308615e-05,0.0,0.7877208819660986,1.2285233293353188,0.3770414395243287,0.06376100784489164,0.0,69.7918677050852,41.92471714432092,0.027867150560764272,306.0552239634991,4.80115162377604,0.9917797250681479,5.937659755642452e-07,8.609606645681557e-09,7.767362288007098e-05,0.011196214949540245,0.0
156.0,15.0,150.0,False,0,1739.999999999765,306.1900114111539,3.05152467900726,0.0005304993442636301,1.2648476207536667e-06,7.654485456320857e-06,0.00019374443537064888,0.0007435611401357217,1.791271685291734e-05,0.3862874049194906,0.3766559086435577,1.791271685291734e-05,0.0,0.7877260944575019,1.2285201523939893,0.3770126117963356,0.06378144614015177,0.0,69.7910858313747,42.014426490500924,0.02777665934087378,306.08283820356866,4.801331422412067,0.9917812029295057,5.940598401923246e-07,8.613867682788707e-09,7.767388050786866e-05,0.01119622558137707,0.0
157.0,15.0,150.0,False,0,1754.9999999997626,306.217744766291,3.0498347572694238,0.000530441324496888,1.2734635010094137e-06,7.655029047276161e-06,0.00019372671569877205,0.0007434931344219977,1.791193025624645e-05,0.38574901986886967,0.3760877223479508,1.791193025624645e-05,0.0,0.7877310380391245,1.2285170495243283,0.37698387638290115,0.0638021351023026,0.0,69.79034429413132,42.103844842319575,0.02768649945181174,306.1103628700487,4.801510637316565,0.99178267572846,5.943480401930021e-07,8.61804658279853e-09,7.767413433652705e-05,0.01119623517666425,0.0
158.0,15.0,150.0,False,0,1769.9999999997603,306.2453881195383,3.0481403694008646,0.0005303835567714716,1.2820835219948726e-06,7.6554838306346e-06,0.0001937090734891215,0.000743425426003128,1.791106524998923e-05,0.38520886648235253,0.3755206512701154,1.791106524998923e-05,0.0,0.787735723052816,1.2285140181471639,0.3769552329923562,0.06382306210199164,0.0,69.78964154207758,42.19297326144911,0.027596668280628463,306.137798289742,4.801689270622478,0.9917841434851614,5.946307929689396e-07,8.622146498049625e-09,7.767438445719233e-05,0.011196243775231122,0.0
159.0,15.0,150.0,False,0,1784.999999999758,306.2729417983849,3.046441982968078,0.0005303260374223015,1.2907076061942889e-06,7.655852883920835e-06,0.00019369150782863338,0.0007433580113746523,1.791012507429348e-05,0.38466710186744796,0.37495475289106306,1.791012507429348e-05,0.0,0.7877401594700519,1.2285110557642203,0.3769266813341276,0.06384421496004065,0.0,69.78897607949219,42.281812801258695,0.027507163278233493,306.1651447868957,4.801867324446066,0.9917856062196013,5.949083082782684e-07,8.626170470034893e-09,7.767463095891003e-05,0.011196251415652189,0.0
160.0,15.0,150.0,False,0,1799.9999999997558,306.30040612780084,3.0447400473808917,0.0005302687628723676,1.2993356790814652e-06,7.656139198779943e-06,0.00019367401782759426,0.0007432908871217348,1.790911286549782e-05,0.38412387789327046,0.3743900822199647,1.790911286549782e-05,0.0,0.787744356903877,1.2285081599559908,0.3768982211187122,0.06386558193340168,0.0,69.78834646441844,42.37036450701567,0.027417981957402766,306.1924026832629,4.802044800887305,0.9917870639516161,5.951807884546336e-07,8.630121432592188e-09,7.76748739286982e-05,0.011196258135279016,0.0
161.0,15.0,150.0,False,0,1814.9999999997535,306.32778143029736,3.0430349944700925,0.0005302117296307115,1.3079676690136122e-06,7.65634568298783e-06,0.00019365660261904186,0.0007432240499168647,1.790803165882433e-05,0.38357934133280036,0.3738266918690035,1.790803165882433e-05,0.0,0.7877483246204879,1.228505328379651,0.3768698520576534,0.06388715170150959,0.0,69.7877513069268,42.45862941608149,0.0273291218908453,306.21957229816314,4.80222170203029,0.99178851670089,5.954484286230186e-07,8.63400221503377e-09,7.767511345157184e-05,0.01119626397027166,0.0
162.0,15.0,150.0,False,0,1829.9999999997513,306.35506802598684,3.041327239050156,0.0005301549342904468,1.3166035071282985e-06,7.656475162419417e-06,0.00019363926135817721,0.0007431574965175989,1.7906884391028338e-05,0.3830336340015801,0.37326463212658423,1.7906884391028338e-05,0.0,0.7877520715504721,1.2285025587670086,0.3768415738635185,0.06390891335301808,0.0,69.78718926742917,42.54660855810342,0.027240580709325748,306.2466539485414,4.802398029943606,0.9917899644869591,5.957114169114062e-07,8.63781554521539e-09,7.767534961058628e-05,0.011196268955629599,0.0
163.0,15.0,150.0,False,0,1844.999999999749,306.38226623263955,3.0396171794672755,0.0005300983735268257,1.3252431272434469e-06,7.656530382974823e-06,0.0001936219932217859,0.0007430912237643412,1.790567390300312e-05,0.38248689289294746,0.37270395102892845,1.790567390300312e-05,0.0,0.7877556062997069,1.228499848922495,0.3768133862498772,0.06393085637291081,0.0,69.78665905504396,42.634302955197526,0.02715235609984643,306.2736479490244,4.802573786680708,0.991791407329214,5.95969934658132e-07,8.641564052542913e-09,7.767558248689404e-05,0.01119627312522216,0.0
164.0,15.0,150.0,False,0,1859.9999999997467,306.4093763657483,3.0379051951784732,0.0005300420378597508,1.3338864657550212e-06,7.656520248051188e-06,0.00019360479741102263,0.00074302522859103,1.790440292609479e-05,0.3819395613670786,0.37214469409220996,1.790440292609479e-05,0.0,0.7877589369383691,1.2284971965779754,0.376785288931025,0.06395297070858129,0.0,69.78615945924463,42.7217136221579,0.02706444583708673,306.30055461198504,4.802748974280332,0.9917928452469039,5.962241553214747e-07,8.645250252161383e-09,7.767580095673261e-05,0.011196276511592029,0.0
165.0,15.0,150.0,False,0,1874.9999999997444,306.43639873860633,3.0361916539065628,0.0005299859253651994,1.3425334615293585e-06,7.6564461070764e-06,0.0001935876731439137,0.0007429595079963609,1.790307411812069e-05,0.38139170395990935,0.3715869050782419,1.790307411812069e-05,0.0,0.7877620715036008,1.2284945997073635,0.3767572816224491,0.0639752465813136,0.0,69.78568927445987,42.808841566706334,0.026976847707753535,306.3273742476192,4.802923594767003,0.9917942782591408,5.96474247585341e-07,8.648876589987444e-09,7.767602761683497e-05,0.011196279146515373,0.0
166.0,15.0,150.0,False,0,1889.9999999997422,306.46333366228873,3.034476910291368,0.0005299300382626578,1.3511840558523122e-06,7.656305168151183e-06,0.0001935706196550902,0.0007428940590427616,1.7901690064706823e-05,0.3808431788390358,0.3710306260366155,1.7901690064706823e-05,0.0,0.787765017876459,1.2284920564407673,0.3767293640408668,0.0639976745234414,0.0,69.78524731853113,42.89568778943267,0.026889559529098463,306.3541071639275,4.803097650150911,0.9917957063848986,5.967203747365145e-07,8.65244543367946e-09,7.767625148004539e-05,0.011196281060820655,0.0
167.0,15.0,150.0,False,0,1904.9999999997399,306.4901814457314,3.0327613020125863,0.0005298743735855537,1.3598381923238922e-06,7.656099827580151e-06,0.0001935536362020829,0.0007428288788805553,1.7900253248571075e-05,0.3802941026811663,0.37047589668108216,1.7900253248571075e-05,0.0,0.787767783468065,1.2284895648549308,0.3767015359036745,0.0640202454831913,0.0,69.78483247979024,42.982253284049456,0.026802579195740785,306.38075366679345,4.803271142428418,0.9917971296430175,5.969626929475667e-07,8.655959047739718e-09,7.767647235946637e-05,0.01119628228415104,0.0
168.0,15.0,150.0,False,0,1919.9999999997376,306.51694239578813,3.0310451527833298,0.0005298189283835973,1.3684958167677648e-06,7.655832467512064e-06,0.00019353672206131976,0.0007427639647325968,1.7898766068699684e-05,0.37974459079718104,0.36992275480273085,1.7898766068699684e-05,0.0,0.7877703754126744,1.2284871230885168,0.3766737969291793,0.06404295074666308,0.0,69.78444368809883,43.0685390375753,0.026715904650523533,306.40731406004016,4.803444073582438,0.9917985480522075,5.972013525620028e-07,8.659419612149041e-09,7.767669032570658e-05,0.011196282845162374,0.0
169.0,15.0,150.0,False,0,1934.9999999997353,306.5436168172784,3.0293287728424803,0.000529763699777628,1.3771568771481368e-06,7.655505401085342e-06,0.00019351987652756571,0.000742699313892122,1.7897230842895043e-05,0.3791947544273567,0.36937123633656443,1.7897230842895043e-05,0.0,0.7877728005787301,1.2284847293415773,0.37664614683658665,0.0640657819262605,0.0,69.78407991319047,43.154546030489286,0.026629533882701183,306.4337886454777,4.803616445582735,0.9917999616310509,5.974364982877268e-07,8.662829225172039e-09,7.767690544935031e-05,0.011196282771552032,0.0
170.0,15.0,150.0,False,0,1949.999999999733,306.5702050130321,3.0276124594070297,0.0005297086849583078,1.385821323489279e-06,7.655120873727933e-06,0.00019350309891341937,0.0007426349237208169,1.7895649810061656e-05,0.37864470083688456,0.36882137542210136,1.7895649810061656e-05,0.0,0.7877750655776867,1.2284823818738289,0.37661858534598797,0.06408873095015412,0.0,69.78374016334698,43.2402752368746,0.026543464926472374,306.4601777229474,4.803788260386216,0.9918013703980048,5.976682693743404e-07,8.666189905927936e-09,7.767711779939346e-05,0.011196282090085717,0.0
171.0,15.0,150.0,False,0,1964.9999999997308,306.5967072839344,3.0258964971115647,0.0005296538811844784,1.3944891077975894e-06,7.654681064794905e-06,0.00019348638854881875,0.0007425707916469199,1.789402513244474e-05,0.37809453342707827,0.368273204462404,1.789402513244474e-05,0.0,0.7877771767725551,1.2284800790029506,0.3765911121783464,0.06411179005204916,0.0,69.78342348411672,43.32572762456337,0.026457695859553355,306.4864815903663,4.803959519937224,0.991802774371404,5.978967997862087e-07,8.669503596900028e-09,7.767732744315414e-05,0.011196280826623673,0.0
172.0,15.0,150.0,False,0,1979.9999999997285,306.62312392896905,3.0241811584353173,0.000529599285781545,1.4031601839861376e-06,7.654188089176158e-06,0.00019346974478055823,0.0007425069151633675,1.789235889782257e-05,0.37754435184404367,0.36772675418161915,1.789235889782257e-05,0.0,0.7877791402861931,1.2284778191029262,0.376563727055485,0.06413495176124812,0.0,69.78312895707101,43.41090415527563,0.026372224801795383,306.5127005437701,4.804130226167814,0.9918041735694629,5.981222183712584e-07,8.672772166383247e-09,7.767753444637296e-05,0.0111962790061464,0.0
173.0,15.0,150.0,False,0,1994.9999999997262,306.64945524525876,3.0224667041170448,0.0005295448961398958,1.4118345078016285e-06,7.653643998872433e-06,0.00019345316697181634,0.0007424432918259834,1.789065312165228e-05,0.37699425208476706,0.3671820536810616,1.789065312165228e-05,0.0,0.7877809620093423,1.2284756006024187,0.37653642970007567,0.06415820889300064,0.0,69.78285569859864,43.495805784749585,0.026287049913849052,306.5388348773532,4.804300380998012,0.9918055680102787,5.983446490255833e-07,8.675997410870958e-09,7.767773887321571e-05,0.011196276652779794,0.0
174.0,15.0,150.0,False,0,2009.999999999724,306.6757015281062,3.020753383557992,0.0005294907097133495,1.4205120367537196e-06,7.65305078454054e-06,0.0001934366545016933,0.0007423799192517013,1.788890974917015e-05,0.3764443266006343,0.36663913049381397,1.788890974917015e-05,0.0,0.7877826476084232,1.2284734219831823,0.37650921983562796,0.06418155453913121,0.0,69.78260285873651,43.58043346287344,0.026202169395863072,306.56488488350925,4.804469986336084,0.991806957711833,5.985642108539452e-07,8.679181057382207e-09,7.767794078632488e-05,0.011196273789819798,0.0
175.0,15.0,150.0,False,0,2024.9999999997217,306.7018630710327,3.0190414352131882,0.0005294367240176341,1.4291927300466443e-06,7.652410377008582e-06,0.00019342020676475907,0.0007423167951168312,1.7887130657446024e-05,0.37589466439850633,0.36609801063790837,1.7887130657446024e-05,0.0,0.7877842025330964,1.2284712817785148,0.37648209718647924,0.06420498205893906,0.0,69.78236962003551,43.664788133811136,0.026117581486224374,306.5908508528698,4.80463904407879,0.991808342691994,5.987810183261742e-07,8.682324765729527e-09,7.767814024681966e-05,0.011196270439756515,0.0
176.0,15.0,150.0,False,0,2039.9999999997194,306.72794016581577,3.0173310869713275,0.0005293829366288954,1.4378765485130674e-06,7.651724648761307e-06,0.00019340382317061197,0.0007422539171553658,1.788531765739186e-05,0.37534535113937084,0.3655587186680912,1.788531765739186e-05,0.0,0.7877856320235912,1.2284691785717397,0.376455061477785,0.06422848507036338,0.0,69.7821551964613,43.74887073612092,0.026033284460340384,306.61673307434086,4.804807556111612,0.9918097229685193,5.989951814294875e-07,8.685430130727569e-09,7.76783373143637e-05,0.011196266624297768,0.0
177.0,15.0,150.0,False,0,2054.999999999717,306.7539331025254,3.015622556523494,0.0005293293451822352,1.4465634545501246e-06,7.650995415396517e-06,0.00019338750314344737,0.000742191283157324,1.7883472495725534e-05,0.37479646923463444,0.36502127772620085,1.7883472495725534e-05,0.0,0.7877869411178092,1.2284671109947258,0.37642811243551094,0.06425205744140573,0.0,69.7819588323286,43.83268220287448,0.025949276629454118,306.64253183513966,4.804975524309005,0.9918110985590575,5.992068058168437e-07,8.688498684344234e-09,7.767853204715695e-05,0.011196262364392164,0.0
178.0,15.0,150.0,False,0,2069.999999999715,306.7798421695601,3.0139160517209747,0.0005292759473702752,1.4552534120575864e-06,7.65022443705337e-06,0.00019337124612163567,0.0007421288909671314,1.7881596856889613e-05,0.37424809794011704,0.3644857095901605,1.7881596856889613e-05,0.0,0.7877881346582211,1.2284650777264476,0.3764012497864232,0.06427569328180341,0.0,69.78177980126682,43.91622346177119,0.025865556339495634,306.6682474208297,4.805142950534621,0.9918124694811503,5.994159929513663e-07,8.691531897794812e-09,7.76787245019791e-05,0.011196257680251634,0.0
179.0,15.0,150.0,False,0,2084.9999999997126,306.8056676536802,3.012211770922404,0.0005292227409417523,1.4639463863780888e-06,7.649413419812225e-06,0.00019335505155731146,0.0007420667384820441,1.7879692364925537e-05,0.37370031344779747,0.3639520347216483,1.7879692364925537e-05,0.0,0.7877892172985396,1.22846307749157,0.37637447325808193,0.06429938693494838,0.0,69.78161740521905,43.999495435247134,0.025782121969971917,306.69388011535426,4.805309836641524,0.9918138357522347,5.996228402468455e-07,8.694531183579261e-09,7.767891473423017e-05,0.011196252591373437,0.0
180.0,26.04,216.1,False,0,2099.9999999997103,306.83140984004126,3.010509903330495,0.0005291697237001404,1.4726423442393736e-06,7.648564017067075e-06,0.0001933389189159717,0.0007420048236506052,1.7877760585303535e-05,0.37315318897534644,0.363420272312428,1.7877760585303535e-05,0.0,0.7258641189190422,1.2284611090590765,0.39093203130403786,0.11166495883599636,0.0,137.26618343348136,61.75314501732324,0.07551303841615811,306.3444404530691,3.3355919836689574,0.9644064908028023,5.998274412044257e-07,8.697497897464172e-09,0.00013488987130246823,0.016140096769787546,0.0
181.0,26.04,216.1,False,0,2126.0399999997107,306.90693216516746,3.0108250755756827,0.0005290015554786646,1.4813575718167514e-06,7.679038178771031e-06,0.0001925469541006468,0.0007415674135191728,1.8872568615070154e-05,0.3731551574178852,0.38212232952280195,1.8872568615070154e-05,0.0,0.725260112047366,1.2277092209438802,0.3909124412522118,0.11153666764430248,0.0,137.42346682286586,62.094802827734206,0.07532866399513165,306.417440518629,3.335930736986055,0.9644185461800953,6.026190709307346e-07,8.737976528495652e-09,0.00013476903475270405,0.016135735374192012,0.0
182.0,26.04,216.1,False,0,2152.079999999711,306.98207370018207,3.0111646734191675,0.0005288283681905173,1.490116488530722e-06,7.71170936435112e-06,0.00019249815421071886,0.0007413794650588691,1.887604731047958e-05,0.37326591226795097,0.38068653614855313,1.887604731047958e-05,0.0,0.7254498861413645,1.2276961528420685,0.39083825924848165,0.11140800745222237,0.0,137.37404964878863,62.434746165409784,0.07493930348337884,306.4900742626289,3.336267782279556,0.96443053672085,6.05622299180432e-07,8.781523338116263e-09,0.00013477021849248288,0.016135873774083737,0.0
183.0,26.04,216.1,False,0,2178.1199999997116,307.05682723068213,3.0114381520549713,0.0005286563606509925,1.4989187346216745e-06,7.743901877819857e-06,0.00019244965194828003,0.0007411926628968558,1.8879399902150443e-05,0.37335537484275105,0.37926217932979983,1.8879399902150443e-05,0.0,0.7256355432361659,1.2276832309627053,0.39076445872687193,0.11128322899966746,0.0,137.32570454130237,62.772942262501864,0.07455276227880052,306.56233468375063,3.336603087189453,0.9644424613372269,6.085942999190621e-07,8.824617348826402e-09,0.00013477139392641384,0.01613600962751534,0.0
184.0,26.04,216.1,False,0,2204.159999999712,307.131195560327,3.011646726270193,0.0005284855245794304,1.5077638578216972e-06,7.775618500386595e-06,0.00019240144470135073,0.0007410069969733653,1.8882628527151433e-05,0.37342393782210953,0.3778491456221985,1.8882628527151433e-05,0.0,0.7258171598853089,1.2276704534548708,0.3906910369464887,0.11116225662307316,0.0,137.27841156586553,63.109403673639775,0.07416900789222575,306.6342244644698,3.3369366642914837,0.9644543205398403,6.11535150696557e-07,8.867259685100078e-09,0.00013477256110705363,0.01613614297230986,-5.293955920339377e-23
185.0,26.04,216.1,False,0,2230.1999999997124,307.2051814605894,3.0117915927643244,0.0005283158517479041,1.51665140703726e-06,7.806862031836039e-06,0.00019235352988978668,0.0007408224573512328,1.888573529637431e-05,0.3734719876862016,0.37644732307706813,1.888573529637431e-05,0.0,0.7259948107857939,1.2276578184895552,0.39061799119793933,0.11104501650582206,0.0,137.23215127137925,63.44414280980887,0.07378800846157037,306.70574625657054,3.337268526017014,0.9644661148332154,6.144449361905148e-07,8.909451574762465e-09,0.00013477372008729234,0.016136273845864812,0.0
186.0,26.04,216.1,False,0,2256.239999999713,307.2787876713742,3.0118739303553075,0.0005281473339814767,1.5255809324508453e-06,7.837635288789932e-06,0.00019230590496478265,0.0007406390342139857,1.8888722294501434e-05,0.37349990477427514,0.3750566012070582,1.8888722294501434e-05,0.0,0.7261685688344809,1.2276453242595962,0.39054531880271814,0.11093143662239717,0.0,137.18690467550113,63.77717194111339,0.07340973273438775,306.77690268173563,3.3375986846558092,0.9644778447159057,6.17323747959257e-07,8.951194345409227e-09,0.0001347748709201827,0.016136402285150907,0.0
187.0,26.04,216.1,False,0,2282.2799999997133,307.3520169016194,3.011894900185994,0.0005279799631582512,1.5345519856190192e-06,7.86794110321697e-06,0.00019225856740838528,0.0007404567178639676,1.8891591579992806e-05,0.37350806335348385,0.3736768709531747,1.8891591579992806e-05,0.0,0.7263385051824633,1.2276329689795966,0.39047301711261045,0.11082144668452276,0.0,137.14265325048652,64.10850319946238,0.07303415005102414,306.84769633212056,3.337927152358738,0.9644895106806037,6.201716841991673e-07,8.992489420887926e-09,0.00013477601365873134,0.01613652832671102,1.6543612251060553e-24
187.68049155147017,26.04,216.1,True,1,0.0,307.4016350876387,3.011850883483979,0.0005360145530675273,2.0850838799513076e-07,1.0675470194002205e-06,0.00019222471182562726,0.0007403263262379752,1.8902236955435524e-05,0.05054721183828506,0.3729170024630413,1.8902236955435524e-05,0.0,0.7266474323138207,1.227821317347597,0.39042416091495624,0.11074972411882002,0.0,137.06220862548105,64.33300888017298,0.07272919974530806,306.8956651737833,3.338149713370656,0.9644974130516278,6.247752693819436e-07,9.059241406038183e-09,0.0,0.016136779376535276,-2.5358048858425616e-20
188.0,26.04,216.1,False,1,8.319999999718249,307.4248841350967,3.008223894827497,0.0005284088172696368,2.113969138260424e-07,8.63478236243236e-06,0.00019221238999448192,0.0007402788688431059,1.8890061721679234e-05,0.4083502995835085,0.3722233803318722,1.8890061721679234e-05,0.0,0.7263533618079437,1.227638709309139,0.39040100562589847,0.11088434187529687,0.0,137.1387845852114,64.43820425901428,0.07270058032619711,306.91814166727477,3.3382539963350983,0.9645011151736027,6.240135748309115e-07,9.048196835048216e-09,0.00013818040223873842,0.01613660362297834,7.940933880509066e-23
189.0,26.04,216.1,False,1,34.35999999971825,307.49740115710165,3.008442093164062,0.000529001987022458,2.2046633352907764e-07,7.905877343499816e-06,0.00019216208922559735,0.000740085139977338,1.890972526180726e-05,0.3724629154647824,0.37119915196356584,1.890972526180726e-05,0.0,0.7265375619616697,1.2276335832298122,0.39032966543685155,0.11076635583129094,0.0,137.09081886518115,64.76632832834028,0.07232449053684087,306.9882500559686,3.3385792694475085,0.9645126601286238,6.269424071602017e-07,9.090664903822925e-09,0.00013480165433840956,0.016137008790877583,0.0
190.0,26.04,216.1,False,1,60.39999999971831,307.5695509651057,3.008118119074689,0.0005288404007788308,2.2957572327683013e-07,7.93232781835436e-06,0.00019211269071679445,0.0007398948863084277,1.8926252506089678e-05,0.3723011332478485,0.37012389619630004,1.8926252506089678e-05,0.0,0.7266787991511083,1.2276118035753307,0.3902586401971873,0.11067436422703517,0.0,137.05404070105135,65.09279835832898,0.07196124234272237,307.05800503556014,3.338902895431593,0.9645241428957511,6.296178663934486e-07,9.129459062705005e-09,0.00013478090294213494,0.016137369416146005,0.0
191.0,26.04,216.1,False,1,86.43999999971837,307.6413393474483,3.0076245816154263,0.0005286794110427586,2.3872332236915797e-07,7.958833708880365e-06,0.00019206373690039486,0.0007397063453823473,1.894184391566161e-05,0.37214567969205825,0.3690409813362417,1.894184391566161e-05,0.0,0.7268118359606761,1.227590731482834,0.3901879579198841,0.11059093760227383,0.0,137.0193979158399,65.41764042321323,0.07160175749262668,307.12741217718127,3.339224900250791,0.9645355644537068,6.322100336425125e-07,9.167045487816432e-09,0.00013478276625907384,0.016137713725131633,0.0
192.0,26.04,216.1,False,1,112.47999999971843,307.7127700007868,3.006969760050173,0.0005285202625494559,2.4790794531282347e-07,7.984144082429227e-06,0.00019201521708267562,0.0007395194760107668,1.895653831676357e-05,0.3719381903956244,0.36795120882386134,1.895653831676357e-05,0.0,0.7269370841153271,1.2275703693630848,0.3901176155265395,0.11051566972121818,0.0,136.9867832963688,65.74087113512918,0.07124591216123961,307.19647503025186,3.339545300486357,0.9645469254470803,6.347218241761101e-07,9.203466450553598e-09,0.00013478458379563834,0.01613804230049711,0.0
193.0,26.04,216.1,False,1,138.51999999971835,307.7838465141429,3.0061610520063446,0.0005283629100900906,2.571284447365974e-07,8.008298120024435e-06,0.00019196712204595104,0.0007393342426907901,1.8970367737703467e-05,0.37168104420329184,0.36685523779450735,1.8970367737703467e-05,0.0,0.7270548826723491,1.227550692274524,0.390047609941967,0.11044819966020807,0.0,136.95610855212027,66.06250662132378,0.0708936019307965,307.2651970405883,3.3398641122367483,0.9645582265022851,6.371558301155778e-07,9.238759536675878e-09,0.00013478635673909217,0.01613835568642097,0.0
194.0,26.04,216.1,False,1,164.55999999971806,307.85457237425766,3.0052055971172873,0.0005282073096331191,2.663837105587226e-07,8.031333983782169e-06,0.00019191944277313866,0.0007391506106921572,1.898336357947412e-05,0.3713765368430914,0.3657537065612915,1.898336357947412e-05,0.0,0.7271655555035194,1.2275316758802366,0.38997793818356474,0.11038818219315254,0.0,136.92728934688353,66.38256254830908,0.07054472679857444,307.3335815555644,3.3401813511416476,0.9645694682284464,6.395146004226564e-07,9.272961706128519e-09,0.00013478808625549477,0.01613865441688913,0.0
195.0,26.04,216.1,False,1,190.59999999971777,307.92495096990723,3.0041102820128365,0.0005280534183020283,2.7567266933841034e-07,8.053288831696494e-06,0.0001918721704500019,0.0007389685460658815,1.899555659051574e-05,0.371026883250947,0.3646472324921073,1.899555659051574e-05,0.0,0.7272694120051164,1.227513296453764,0.38990859735662226,0.11033528709202534,0.0,136.90024511386764,66.7010541413206,0.07019919097254704,307.401631828269,3.340497032401317,0.9645806512181238,6.418006377136543e-07,9.306109246847987e-09,0.00013478977348761962,0.016138939015232435,0.0
196.0,26.04,216.1,False,1,216.63999999971747,307.9949855960191,3.002881745515156,0.0005279011943512835,2.849942835840637e-07,8.07419883464108e-06,0.00019182529646676852,0.0007387880156504884,1.9006976845173907e-05,0.37063421993679196,0.36353641196026326,1.9006976845173907e-05,0.0,0.7273667477697268,1.2274955308829563,0.38983958464988,0.11028919846334945,0.0,136.8748988807631,67.01799620287568,0.06985690267788744,307.469351021471,3.340811170795063,0.9645917760479981,6.440163954891278e-07,9.338237734592354e-09,0.00013479141955344992,0.016139209993728126,0.0
197.0,26.04,216.1,False,1,242.67999999971718,308.0646794576015,3.0015263840103628,0.000527750597141051,2.9434755102408056e-07,8.09409919498644e-06,0.0001917788124191629,0.0007386089870759906,1.9017653725633177e-05,0.37020060736424054,0.36242182036256343,1.9017653725633177e-05,0.0,0.7274578452224583,1.2274783566720444,0.3897708973313281,0.11024961411825808,0.0,136.85117710407184,67.3334031304903,0.06951777397358154,307.5367422114052,3.3411237806988616,0.9646028432795282,6.461642757542395e-07,9.369381998436474e-09,0.00013479302554525972,0.016139467853261702,0.0
198.0,26.04,216.1,False,1,268.71999999971723,308.1340356734925,3.0000503569681243,0.0005276015871111806,3.037315038457275e-07,8.113024166331944e-06,0.0001917327101088906,0.0007384314287657572,1.902761590710868e-05,0.3697280323213219,0.36130401219901515,1.902761590710868e-05,0.0,0.7275429742238937,1.2274617519420552,0.38970253274423233,0.11021624497392922,0.0,136.82900951209805,67.64728893358136,0.0691817205785167,307.6038083913834,3.341434876102178,0.9646138534595774,6.482466270049805e-07,9.399576091572218e-09,0.00013479459252903933,0.016139713083045397,0.0
199.0,26.04,216.1,False,1,294.75999999971765,308.2030572799396,2.998459592583142,0.000527454125754825,3.131452079072221e-07,8.131007073946017e-06,0.00019168698154360973,0.0007382553099364043,1.90368913460873e-05,0.36921841026456664,0.36018352120859,1.90368913460873e-05,0.0,0.7276223926419801,1.2274456954297162,0.38963448830337577,0.11018881448436024,0.0,136.80832895602833,67.95966724960856,0.06884866170641978,307.6705524752433,3.341744470624013,0.9646248071210108,6.502657425561081e-07,9.428853267063568e-09,0.0001347961215443326,0.01613994616038977,0.0
200.0,26.04,216.1,False,1,320.79999999971807,308.27174723401953,2.9967597935140455,0.0005273081755920109,3.22587761927811e-07,8.148080335581177e-06,0.0001916416189364282,0.0007380806005958593,1.9045507271414207e-05,0.3686735876225615,0.35906086055573677,1.9045507271414207e-05,0.0,0.7276963468948492,1.2274301664849692,0.3895667614915024,0.11016705809861756,0.0,136.78907126858124,68.27055135949077,0.06851851990909047,307.7369773006428,3.3420525775282566,0.9646357047832671,6.52223859187104e-07,9.457245958213008e-09,0.0001347976136043265,0.016140167550524973,0.0
201.0,26.04,216.1,False,1,346.8399999997185,308.34010841690286,2.9949564426968207,0.0005271637001434102,3.3205829666029435e-07,8.16427548239723e-06,0.0001915966147049601,0.0007379072715397286,1.9053490178026656e-05,0.36809534404851607,0.3579365230626952,1.9053490178026656e-05,0.0,0.7277650724664075,1.2274151450672146,0.3894993498559553,0.1101507227448517,0.0,136.77117512974743,68.57995420232967,0.06819122092741776,307.8030856322056,3.3423592097383183,0.9646465469529025,6.541231560829934e-07,9.484785763203405e-09,0.00013479906969614372,0.01614037770646831,0.0
202.0,26.04,216.1,False,1,372.8799999997189,308.40814363697604,2.9930548092114626,0.0005270206639044995,3.415559740501165e-07,8.17962317978177e-06,0.0001915519614699753,0.0007377352943460965,1.9060865823145e-05,0.3674853946140275,0.3568109814828129,1.9060865823145e-05,0.0,0.7278287943964079,1.2274006117403973,0.3894322510054936,0.1101395663384958,0.0,136.75458193917535,68.88788838948302,0.06786669354969233,307.8688801645281,3.34266437985114,0.9646573341241127,6.559657540478299e-07,9.511503433693533e-09,0.0001348004907813442,0.016140577068934854,0.0
203.0,26.04,216.1,False,1,398.9199999997193,308.4758556328227,2.99105995418206,0.0005268790323202607,3.510799863848239e-07,8.19415324790241e-06,0.00019150765205367738,0.000737564641368893,1.9067659224735088e-05,0.36684539193860627,0.3556846888104603,1.9067659224735088e-05,0.0,0.727887727746558,1.2273865476670447,0.38936546260728533,0.11013335731320135,0.0,136.73923569479626,69.19436621801057,0.06754486947678569,307.9343635250526,3.3429681001505616,0.9646680667792298,6.577537149691341e-07,9.537428867052446e-09,0.00013480187779648886,0.01614076606628796,0.0
204.0,26.04,216.1,False,1,424.95999999971974,308.54324707607384,2.9889767366919675,0.0005267387717605289,3.606295554373855e-07,8.2078946818663e-06,0.0001914636794776385,0.0007373952857299413,1.907389466206514e-05,0.36617692825136444,0.35455807862330996,1.907389466206514e-05,0.0,0.7279420780441187,1.2273729346013538,0.389298982384062,0.11013187417317305,0.0,136.72508287731145,69.49939968352466,0.06722568319378679,307.99953827681287,3.343270382620112,0.9646787453891982,6.59489041512629e-07,9.562591101933122e-09,0.0001348032316538688,0.01614094511452664,0.0
205.0,26.04,216.1,False,1,450.99999999972016,308.61032057413365,2.9868098196971435,0.0005265998494960621,3.7020393160657484e-07,8.220875671395656e-06,0.00019142003696042578,0.0007372272013098153,1.9079595678186425e-05,0.36548153738283806,0.35343156545300664,1.9079595678186425e-05,0.0,0.7279920417043225,1.227359754881418,0.38923280811142685,0.11013490506566845,0.0,136.71207234019437,69.80300049248052,0.06690907184771384,308.06440692106,3.3435712389552315,0.964689370414029,6.611736770275087e-07,9.587018316898877e-09,0.00013480455324222892,0.016141114617306853,0.0
206.0,26.04,216.1,False,1,477.0399999997206,308.677078672784,2.98456367592209,0.0005264622336753884,3.798023930573338e-07,8.233123619953747e-06,0.0001913767179149462,0.0007370603627376138,1.9084785084172896e-05,0.3647606966861479,0.3523055451805538,1.9084785084172896e-05,0.0,0.7280378064328538,1.227346991420694,0.3891669376153109,0.11014224737252946,0.0,136.70015520488485,70.10518007392251,0.06659497513096234,308.12897189977247,3.343870680574953,0.9646999423032349,6.628095056431627e-07,9.61073783182586e-09,0.00013480584342758927,0.016141274965993956,0.0
207.0,26.04,216.1,False,1,503.079999999721,308.74352385867707,2.9822425937241426,0.0005263258933024507,3.894242448637681e-07,8.244665163282189e-06,0.00019133371594553855,0.0007368947453797609,1.9089484964964505e-05,0.36401582888774714,0.35118039545289076,1.9089484964964505e-05,0.0,0.7280795516095262,1.227334627698782,0.38910136876956497,0.11015370731969076,0.0,136.68928476087933,70.40594959072273,0.06628333517015661,308.1932355980571,3.344168718633089,0.9647104614962451,6.643983525395473e-07,9.633776111823435e-09,0.0001348071030540175,0.016141426539743552,0.0
208.0,26.04,216.1,False,1,529.1199999997214,308.80965856171775,2.979850682913106,0.0005261907982150657,3.990688181571721e-07,8.255526187325521e-06,0.000191291024844842,0.0007367303253279446,1.9093716686663332e-05,0.3632483038687814,0.35005647611747187,1.9093716686663332e-05,0.0,0.7281174486542197,1.2273226477516037,0.3890360994936852,0.11016909960369879,0.0,136.67941637044115,70.70531995032319,0.06597409642011796,308.25720034644445,3.344465364028909,0.9647209284228032,6.659419843739739e-07,9.656158773422622e-09,0.00013480833294448268,0.016141569705608188,0.0
209.0,26.04,216.1,False,1,555.1599999997218,308.8754851573428,2.9773918805144497,0.0005260569190641897,4.087354692812383e-07,8.265731845537471e-06,0.00019124863859046494,0.0007365670793862868,1.9097500905140954e-05,0.36245944037871314,0.34893412967178117,1.9097500905140954e-05,0.0,0.7281516613760538,1.2273110361610517,0.38897112775066,0.11018824703433792,0.0,136.67050737767556,71.00330181501519,0.06566720556266037,308.32086842308524,3.34476062741737,0.9647313435033472,6.674421098483241e-07,9.6779105928007e-09,0.00013480953390160885,0.016141704818667484,0.0
210.0,26.04,216.1,False,1,581.1999999997222,308.9410059687014,2.974869956465379,0.000525924227293971,4.184235789563809e-07,8.275306575574232e-06,0.00019120655134147838,0.0007364049850578373,1.9100857575821276e-05,0.36165050768334434,0.3478136817249878,1.9100857575821276e-05,0.0,0.7281823463067161,1.2272997780441826,0.3889064515449346,0.11021098019253198,0.0,136.6625170217311,71.29990561177128,0.06536261140995983,308.3842420558509,3.3450545192188947,0.9647417071493725,6.689003804015054e-07,9.699055515821829e-09,0.0001348107067085071,0.016141832222179284,0.0
211.0,26.04,216.1,False,1,607.2399999997226,309.0062232687404,2.9722885192342323,0.0005257926951225726,4.281325514548882e-07,8.28427411539018e-06,0.00019116475743475946,0.0007362440205304915,1.9103805964510883e-05,0.3608227271497347,0.3466954414691592,1.9103805964510883e-05,0.0,0.7282096530187715,1.2272888590420081,0.38884206892048717,0.11023713710274943,0.0,136.65540635391187,71.59514154164826,0.06506026481226361,308.44732342434276,3.3453470496287228,0.9647520197637798,6.703183910128033e-07,9.719616669685648e-09,0.0001348118521294695,0.016141952247749634,0.0
212.0,26.04,216.1,False,1,633.279999999723,309.0711392822004,2.9696510213546534,0.0005256622955237189,4.3786181378841985e-07,8.292657518759835e-06,0.00019112325138120526,0.0007360841646624066,1.9106364659155966e-05,0.35997727377073224,0.34557970215759487,1.9106364659155966e-05,0.0,0.7282337244297712,1.2272782653079672,0.388777977959008,0.11026656291918813,0.0,136.64913815848755,71.88901958878844,0.0647601185696991,308.51011466181524,3.345638228625869,0.9647622817412077,6.716976811029567e-07,9.739616375992873e-09,0.00013481297091070632,0.016142065215519558,0.0
213.0,26.04,216.1,False,1,659.3199999997234,309.13575618752435,2.966960764866983,0.0005255330022089416,4.4761081490917585e-07,8.300479170254116e-06,0.0001910820278618383,0.0007359253969670016,1.910855158241113e-05,0.35911527763200946,0.34446674158810914,1.910855158241113e-05,0.0,0.7282546970928617,1.2272679834961149,0.3887141767781784,0.1102991096250748,0.0,136.64367687701878,72.18154952902678,0.06446212734799199,308.57261785701496,3.345928065981678,0.9647724934683511,6.730397355203425e-07,9.759076165044966e-09,0.00013481406378103994,0.016142171434366536,0.0
214.0,26.04,216.1,False,1,685.3599999997239,309.20007611868397,2.96422090666021,0.0005254047896104755,4.573790249258914e-07,8.307760799704715e-06,0.00019104108172382273,0.0007357676975976138,1.911038400491298e-05,0.35823782532458603,0.3433568225892149,1.911038400491298e-05,0.0,0.7282727014745929,1.2272580007490899,0.38865066353004357,0.11033463574445346,0.0,136.63898853601597,72.47274093812705,0.06416624759788893,308.63483505594047,3.34621657126802,0.9647826553242651,6.743459856007634e-07,9.77801679121107e-09,0.00013481513145249303,0.016142271202118877,0.0
215.0,26.04,216.1,False,1,711.3999999997243,309.2641011669282,2.961434463708727,0.0005252776328647617,4.671659343356484e-07,8.31452349619279e-06,0.00019100040797641056,0.0007356110473318852,1.911187855915822e-05,0.35734596130583995,0.3422501935073477,1.911187855915822e-05,0.0,0.7282878622205655,1.2272483046859153,0.38858743639947263,0.11037300606587719,0.0,136.6350406777647,72.7626031996656,0.06387243747809909,308.69676826352674,3.3465037538651377,0.9647927676806567,6.756178102900951e-07,9.79645824920638e-09,0.000134816174620893,0.01614236480578128,0.0
216.0,26.04,216.1,False,1,737.4399999997247,309.3278333824549,2.9586043181989017,0.0005251515077965156,4.769710532723457e-07,8.320787721598528e-06,0.0001909600017868338,0.0007354554275559399,1.911305125389145e-05,0.3564406892119722,0.34114708869347116,1.911305125389145e-05,0.0,0.728300298409507,1.227238883389672,0.38852449360270236,0.11041409137746248,0.0,136.63180229416432,73.05114551257084,0.06358065678159347,308.75841944525604,3.346789622969136,0.9648028309021636,6.768565373197905e-07,9.814419791136964e-09,0.00013481719396641408,0.016142452521769813,0.0
217.0,26.04,216.1,False,1,763.4799999997251,309.3912747760113,2.9557332225412787,0.0005250263909033104,4.86793910772527e-07,8.326573323750936e-06,0.00019091985847615893,0.0007353008202484175,1.9113917488915362e-05,0.355522973124863,0.34004772898751134,1.9113917488915362e-05,0.0,0.7283101237963368,1.2272297253950888,0.38846183338596085,0.11045776821279117,0.0,136.62924376343386,73.33837689833891,0.06329086686509496,308.81979052869974,3.347074187599166,0.96481284534662,6.780634444260756e-07,9.831919944178098e-09,0.00013481819015408148,0.016142534616154915,0.0
218.0,26.04,216.1,False,1,789.5199999997255,309.45442732042517,2.952823804264909,0.000524902259340637,4.966340540591442e-07,8.33189954921535e-06,0.00019087997351511853,0.0007351472079644185,1.9114492070241725e-05,0.3545937387961173,0.33895232219924654,1.9114492070241725e-05,0.0,0.7283174470447437,1.2272208196760894,0.388399454024164,0.1105039186071818,0.0,136.6273367895487,73.62430620794069,0.06300303058160801,308.88088340499405,3.3473574566042936,0.9648228113653132,6.792397606044338e-07,9.848976528764291e-09,0.00013481916383418883,0.016142611344910907,0.0
219.0,26.04,216.1,False,1,815.559999999726,309.5172929520696,2.949878570790965,0.0005247790909073913,5.064910478437101e-07,8.336785055755864e-06,0.0001908403425199323,0.0007349945738194077,1.9114789225507223e-05,0.35365387483101857,0.3378610635844317,1.9114789225507223e-05,0.0,0.7283223719497711,1.2272121556333355,0.3883373538196838,0.11055242986388063,0.0,136.62605434427957,73.90894212842471,0.06271711221585485,308.9416999302508,3.347639438670065,0.9648327293032265,6.803866673915488e-07,9.865606677177459e-09,0.00013482011564273184,0.016142682954170713,0.0
220.0,26.04,216.1,False,1,841.5999999997264,309.5798735722653,2.9468999140834455,0.0005246568640317508,5.163644736471902e-07,8.341247924508914e-06,0.0001908009612481317,0.0007348429014731325,1.9114822619584667e-05,0.3527042338349362,0.3367741363150253,1.9114822619584667e-05,0.0,0.7283249976508624,1.2272037230817896,0.38827553110118274,0.11060319432974441,0.0,136.62537061171537,74.19229318924141,0.062433077422473955,309.0022419269088,3.347920142324804,0.9648425994992734,6.81505300167733e-07,9.881826852432128e-09,0.00013482104620179318,0.01614274968048458,0.0
221.0,26.04,216.1,False,1,867.6399999997268,309.6421710486212,2.9438901151752823,0.0005245355577574021,5.262539291398836e-07,8.345305671901699e-06,0.00019076182559439866,0.0007346921751135954,1.9114605370324978e-05,0.35174563352461524,0.33569171194256997,1.9114605370324978e-05,0.0,0.728325418835815,1.2271955122383436,0.38821398422251074,0.11065610918001782,0.0,136.62526093515373,74.47436776829029,0.06215089316686344,309.0625111850258,3.34819957594562,0.9648524222865213,6.825967494733018e-07,9.897652867362876e-09,0.00013482195611981085,0.0161428117510816,0.0
222.0,26.04,216.1,False,1,893.6799999997272,309.7041872163184,2.9408513485687386,0.0005244151517300772,5.361590275004559e-07,8.348975261347538e-06,0.0001907229315864287,0.0007345423794411196,1.9114150064371116e-05,0.35077885780657986,0.3346139508538431,1.9114150064371116e-05,0.0,0.7283237259360413,1.2271875137095256,0.388152711561661,0.11071107621182329,0.0,136.6257017662548,74.75517409770572,0.06187052766854907,309.12250946351475,3.3484777477641656,0.9648621979924054,6.836620623331266e-07,9.913099903830336e-09,0.00013482284599194137,0.016142869384133108,0.0
223.0,26.04,216.1,False,1,919.7199999997276,309.76592387933783,2.9377856865094425,0.0005242956261843695,5.460793967942034e-07,8.352273114747639e-06,0.00019068427538082862,0.0007343934996525487,1.9113468772989872e-05,0.3498046578247483,0.3335410027180369,1.9113468772989872e-05,0.0,0.7283200053135244,1.2271797184793145,0.388091711519783,0.11076800164600706,0.0,136.6266706163582,75.03472026939625,0.061591950346961966,309.1822384913273,3.3487546658721477,0.9648719269389331,6.847022435840266e-07,9.928182531968387e-09,0.00013482371640027662,0.016142922789016884,0.0
224.0,26.04,216.1,False,1,945.759999999728,309.82738281163535,2.9346951031338264,0.0005241769619307952,5.560146793705564e-07,8.355215123825993e-06,0.00019064585325905554,0.0007342455214256058,1.911257306787242e-05,0.34882375297915996,0.3324730069248159,1.911257306787242e-05,0.0,0.7283143394398457,1.2271721178970934,0.38803098252024754,0.11082679593700022,0.0,136.62814600986414,75.31301424034137,0.06131513176952277,309.24169996858575,3.349030338226598,0.9648816094428805,6.857182572002752e-07,9.942914729403992e-09,0.00013482456791410406,0.01614297216658137,0.0
225.0,26.04,216.1,False,1,971.7999999997285,309.8885657582649,2.931581478490168,0.0005240591403430772,5.659645312797651e-07,8.35781666132102e-06,0.00019060766162340686,0.0007340984309034466,1.911147403685861e-05,0.34783683191756354,0.3314100930127115,1.911147403685861e-05,0.0,0.7283068070676152,1.2271647036657514,0.38797052300776225,0.1108873735903739,0.0,136.63010743959296,75.59006383765681,0.06104004360193615,309.30089556766495,3.349304772654907,0.9648912458159794,6.867110276128872e-07,9.957309900386865e-09,0.00013482540109006392,0.01614301770940906,0.0
226.0,26.04,216.1,False,1,997.8399999997289,309.94947443645503,2.9284466024337865,0.0005239421433456136,5.759286217086494e-07,8.36009259205676e-06,0.0001905696969930673,0.0007339522146794362,1.911018229954604e-05,0.34684455350145454,0.3303523810873563,1.911018229954604e-05,0.0,0.7282974833946436,1.2271574678299537,0.38791033144753306,0.11094965298777704,0.0,136.63253532403476,75.86587676344753,0.06076665856058723,309.35982693422955,3.349577976859657,0.9649008363650972,6.87681441019018e-07,9.971380894775762e-09,0.0001348262164723986,0.01614305960207837,0.0
227.0,26.04,216.1,False,1,1023.8799999997293,310.01011053663643,2.9252921783972416,0.0005238259534011263,5.859066324352459e-07,8.362057283909938e-06,0.0001905319560002181,0.0007338068597821615,1.9108708022746003e-05,0.34584754774796095,0.3292999822292176,1.9108708022746003e-05,0.0,0.7282864402211598,1.2271504027646023,0.3878504063244721,0.11101355621897031,0.0,136.63541096640995,76.14046059944219,0.060494950366967754,309.418495688224,3.3498499584232277,0.964910381392408,6.886303466779258e-07,9.985140026829925e-09,0.0001348270145930529,0.01614309802142338,0.0
228.0,26.04,216.1,False,1,1049.9199999997297,310.07047572342645,2.92211982703674,0.0005237105534984546,5.958982573021361e-07,8.36372461869061e-06,0.000190494435386216,0.0007336623536607144,1.910706093575563e-05,0.3448464167488658,0.32825299889048815,1.910706093575563e-05,0.0,0.7282737461003765,1.227143501163496,0.3877907461424466,0.1110790089206728,0.0,136.6387165154619,76.41382281143102,0.06022489370403089,309.476903424821,3.3501207248122156,0.9649198811955577,6.895585581906492e-07,9.998599093764413e-09,0.0001348277959718503,0.016143133136790767,0.0
229.0,26.04,216.1,False,1,1075.9599999997301,310.13057163657027,2.9189310897561453,0.0005235959271404872,6.059032017082015e-07,8.365108002948279e-06,0.00019045713199784302,0.0007335186841702471,1.9105250345416615e-05,0.34384173556786424,0.3272115252809095,1.9105250345416615e-05,0.0,0.7282594664826778,1.227136756028201,0.38773134942356663,0.1111459401219566,0.0,136.64243492791067,76.68597075350937,0.05995646417440131,309.5350517153278,3.3503902833816506,0.96492933606782,6.904668547607455e-07,1.0011769394030811e-08,0.00013482856111660666,0.01614316511029354,0.0
230.0,26.04,216.1,False,1,1101.9999999997306,310.19039989184097,2.9157274321102937,0.0005234820583322145,6.159211821185141e-07,8.366220378714093e-06,0.00019042004278363466,0.0007333758395578302,1.910328515093562e-05,0.34283405311704257,0.32617564774235114,1.910328515093562e-05,0.0,0.7282436638537004,1.2271301606571487,0.3876722147075129,0.11121428209593541,0.0,136.64654993249636,76.95691167213593,0.059689638260360424,309.5929421080538,3.350658641379041,0.9649387462982483,6.913559824337982e-07,1.0024661745290074e-08,0.00013482931052325505,0.016143194097060998,0.0
231.0,26.04,216.1,False,1,1128.039999999731,310.24996208190106,2.9125102470894517,0.0005233689315688923,6.259519255920401e-07,8.367074234187622e-06,0.00019038316479028756,0.0007332338084486158,1.9101173858444604e-05,0.34182389301343524,0.32514544511202237,1.9101173858444604e-05,0.0,0.7282263978665655,1.2271237086349644,0.38761334055089697,0.11128397021750186,0.0,136.6510459955463,77.22665271001722,0.05942439328552908,309.6505761291401,3.350925805948231,0.9649481121718183,6.922266553138065e-07,1.0037286502050195e-08,0.0001348300446759351,0.01614322024548465,0.0
232.0,26.04,216.1,False,1,1154.0799999997314,310.3092597771261,2.9092808582869947,0.0005232565318243063,6.359951693268122e-07,8.367681614373091e-06,0.00019034649515915037,0.0007330925798323209,1.9098924595281298e-05,0.3408117544163773,0.32412098907424897,1.9098924595281298e-05,0.0,0.7282077254684959,1.2271173938220339,0.38755472552665654,0.11135494282688153,0.0,136.65590828800364,77.49520090981935,0.059160707378184296,309.7079552833528,3.3511917841330936,0.9649574339695665,6.930795567547286e-07,1.0049653572943565e-08,0.00013483076404712587,0.01614324369745959,0.0
233.0,26.04,216.1,False,1,1180.1199999997318,310.3682945263917,2.9060405229525132,0.0005231448445391373,6.460506602221963e-07,8.368054131668781e-06,0.00019031003112279988,0.000732952143050041,1.909654512397395e-05,0.3397981128462953,0.32310234450081826,1.909654512397395e-05,0.0,0.7281877010220558,1.227111210344319,0.38749636822348316,0.11142714109878002,0.0,136.66112265385664,77.76256321771699,0.05889855943613965,309.76508105484123,3.351456582881071,0.9649667119687217,6.939153405257826e-07,1.0061772437623848e-08,0.0001348314690976729,0.01614326458862119,0.0
234.0,26.04,216.1,False,1,1206.1599999997322,310.4270678578274,2.9027904349326756,0.0005230338556094117,6.561181544578658e-07,8.368202976411586e-06,0.00019027377000170397,0.0007328124877813962,1.9094042855916712e-05,0.3387834209854432,0.32208956977987657,1.9094042855916712e-05,0.0,0.7281663764212399,1.2271051525834236,0.38743826724527763,0.11150050891690602,0.0,136.66667557990908,78.02874648679183,0.05863792909311725,309.82195490786404,3.351720209046545,0.9649759464428314,6.94734631949428e-07,1.0073652163266707e-08,0.0001348321602769807,0.016143283048576658,0.0
235.0,26.04,216.1,False,1,1232.1999999997327,310.48558127962394,2.8995317167784624,0.0005229235286664345,6.66197417064122e-07,8.368161635883186e-06,0.00019023770921157207,0.0007326736040728442,1.9091424813033635e-05,0.33776902605635845,0.32108271626271123,1.9091424813033635e-05,0.0,0.728143800131055,1.227099214622557,0.3873804212097399,0.11157499328176215,0.0,136.67255444587326,78.293757480672,0.05837879696520126,309.8785782875669,3.3519826693944648,0.9649851376618955,6.955380234882961e-07,1.0085301340580294e-08,0.00013483280086317047,0.016143299200137247,0.0
236.0,26.04,216.1,False,1,1258.239999999733,310.5438362808687,2.896265448446339,0.0005228138588369839,6.76288221491454e-07,8.367932132950589e-06,0.00019020184623553938,0.0007325354822305402,1.908869775998843e-05,0.3367549929851442,0.3200818305791057,1.908869775998843e-05,0.0,0.7281200198597347,1.2270933915277613,0.38732282874960045,0.11165054291842617,0.0,136.67874682852502,78.55760287730264,0.05812114395122238,309.934952620788,3.352243970604091,0.9649942858925055,6.963260892053243e-07,1.0096728293477203e-08,0.00013483346640868902,0.01614331316199145,0.0
237.0,26.04,216.1,False,1,1284.2799999997335,310.60183433167515,2.8929926577778455,0.0005227048492295102,6.86390349390423e-07,8.367508539759116e-06,0.00019016617862966338,0.0007323981128415095,1.9085868176918768e-05,0.3357410669311893,0.319086954256275,1.9085868176918768e-05,0.0,0.7280950814954716,1.2270876787668705,0.38726548851205506,0.11172710875934388,0.0,136.68524077857916,78.82028926951709,0.05786495150906207,309.99107931618033,3.3525041192695757,0.965003391397871,6.970993795572317e-07,1.010794100357986e-08,0.00013483412032742675,0.016143325047662267,0.0
238.0,26.04,216.1,False,1,1310.319999999734,310.6595768840524,2.8897143122857396,0.0005225964876385276,6.965035901826476e-07,8.366900272190535e-06,0.0001901307040343513,0.0007322614868176622,1.9082942201147768e-05,0.33472760991193773,0.3180981228149331,1.9082942201147768e-05,0.0,0.7280690281293114,1.227082071654603,0.387208399156983,0.11180464436830855,0.0,136.69202507512728,79.08182316895999,0.057610201906167294,310.0469597650496,3.352763121903868,0.9650124544379639,6.978584168981953e-07,1.0118947045023832e-08,0.00013483476201156367,0.016143334964855118,0.0
239.0,26.04,216.1,False,1,1336.3599999997343,310.71706537256426,2.8864313290739383,0.0005224887620099563,7.066277407006061e-07,8.366116623624751e-06,0.00019009542016270523,0.0007321255953509032,1.907992568154396e-05,0.3337149748075198,0.31711536675647106,1.907992568154396e-05,0.0,0.7280419008823774,1.227076565709686,0.3871515593571355,0.11188310547017308,0.0,136.69908901022887,79.34221100906127,0.0573568780011676,310.10259534198997,3.3530209849416615,0.9650214752696279,6.986037003289225e-07,1.0129753654769377e-08,0.00013483539184273082,0.01614334301631429,0.0
240.0,26.04,216.1,False,1,1362.3999999997347,310.7743012149047,2.883144577277896,0.0005223816606756122,7.167626048578578e-07,8.36516652968672e-06,0.00019006032479757017,0.0007319904299017612,1.9076824190905345e-05,0.3327034961514413,0.316138711838059,1.9076824190905345e-05,0.0,0.7280137390067547,1.2270711566522374,0.3870949677977521,0.11196244984773066,0.0,136.70642236264104,79.60145914762691,0.057104963215014126,310.1579874054373,3.3532777147419868,0.9650304541466757,6.993357067181547e-07,1.0140367747413243e-08,0.00013483601020410963,0.016143349300031015,0.0
241.0,26.04,216.1,False,1,1388.4399999997352,310.831285812449,2.8798548802941233,0.00052227517234542,7.269079933332009e-07,8.364058575300651e-06,0.000190025415788822,0.0007318559821889435,1.9073643037265724e-05,0.33169349069056514,0.3151681793250834,1.9073643037265724e-05,0.0,0.7279845799710694,1.2270658403957078,0.38703862317618276,0.11204263724845559,0.0,136.7140153755335,79.85957386932348,0.056854441506210024,310.21313729820037,3.353533317590672,0.9650393913199808,7.000548916336099e-07,1.0150795928687344e-08,0.00013483661746824824,0.01614335390943597,0.0
242.0,26.04,216.1,False,1,1414.4799999997356,310.8880205507796,2.876563017917445,0.0005221692860967313,7.370637232681057e-07,8.362801004672673e-06,0.00018999069105074607,0.000731722244179239,1.9070387274842155e-05,0.3306852580500951,0.3142037862332655,1.9070387274842155e-05,0.0,0.7279544595422416,1.2270606130390205,0.3869825242015322,0.11212362929524682,0.0,136.72185873520024,80.11656138804881,0.05660529734715143,310.268046347967,3.3537877997027103,0.9650482870375674,7.007616902419564e-07,1.0161044508508368e-08,0.00013483721399703977,0.016143356933585873,0.0
243.0,26.04,216.1,False,1,1440.519999999736,310.94450680018866,2.873269728390231,0.0005220639913637226,7.472296179769921e-07,8.361401731222868e-06,0.0001899561485595023,0.0007315892080777545,1.9067061714634128e-05,0.32967908138402313,0.31324554556085366,1.9067061714634128e-05,0.0,0.727923411863683,1.2270554708589525,0.3869266695943205,0.11220538940094889,0.0,136.7299435506969,80.37242784919363,0.056357515701503276,310.3227158677877,3.3540411672245094,0.9650571415446937,7.01456518178813e-07,1.0171119513592788e-08,0.00013483780014184163,0.016143358457344215,0.0
244.0,26.04,216.1,False,1,1466.5599999997364,311.0007459161596,2.8699757103663974,0.0005219592779269176,7.57405506669913e-07,8.359868347421214e-06,0.0001899217863506778,0.0007314568663184889,1.9063670934677526e-05,0.32867522800957094,0.3122934665111096,1.9063670934677526e-05,0.0,0.7278914695301114,1.2270504103027735,0.3868710580861604,0.11228788268650168,0.0,136.73826133435895,80.627179331813,0.056111082002545956,310.3771471565392,3.3542934262360533,0.9650659550839341,7.021397723891234e-07,1.018102669964229e-08,0.00013483837624360016,0.01614335856155619,0.0
245.0,26.04,216.1,False,1,1492.5999999997368,311.0567392398259,2.866681624792948,0.0005218551359028423,7.675912241872196e-07,8.358208134518884e-06,0.00018988760251692296,0.0007313252115552266,1.9060219289955722e-05,0.32767395002570876,0.31134755470538794,1.9060219289955722e-05,0.0,0.7278586636590951,1.2270454279811274,0.38681568841945163,0.11237107590258062,0.0,136.7468039831716,80.88082185069231,0.05586598213247927,310.4313414993663,3.354544582752959,0.9650747278952562,7.028118319381935e-07,1.0190771563103806e-08,0.0001348389426329889,0.01614335732321796,0.0
246.0,26.04,216.1,False,1,1518.6399999997373,311.1124880984109,2.863388096711802,0.0005217515557338173,7.777866107457861e-07,8.356428072166738e-06,0.00018985359520567113,0.0007311942366527566,1.905671092197298e-05,0.3266754849157668,0.3104078123870404,1.905671092197298e-05,0.0,0.7278250239594835,1.2270405206611597,0.3867605593470893,0.11245493735458685,0.0,136.75556376095048,81.13336135832837,0.055622202402622105,310.4853001681048,3.35479464272845,0.9650834602160951,7.034730587939022e-07,1.0200359352511582e-08,0.0001348394996305305,0.016143354815640155,0.0
247.0,26.04,216.1,False,1,1544.6799999997377,311.1679938056478,2.8600957169846137,0.0005216485281778963,7.879915116963764e-07,8.354534847912856e-06,0.00018981976261694107,0.0007310639346784074,1.905314976799439e-05,0.325680056134202,0.30947423861642714,1.905314976799439e-05,0.0,0.7277905787968325,1.2270356852598785,0.3867056696321874,0.11253943683085861,0.0,136.76453328130478,81.38480374682159,0.05537972953448319,310.53902442168607,3.3550436120552414,0.9650921522814253,7.041237985805442e-07,1.0209795079417891e-08,0.00013484004754678932,0.01614335110860582,0.0
248.0,26.04,216.1,False,1,1570.719999999738,311.223257662181,2.8568050439432513,0.0005215460442989567,7.982057772917497e-07,8.352534866570982e-06,0.00018978610300121723,0.0007309342988938815,1.9049539569957684e-05,0.32468787367757607,0.3085468294573131,1.9049539569957684e-05,0.0,0.7277553552559655,1.227030918837757,0.38665101804781543,0.11262454553397613,0.0,136.77370549134656,81.63515484968173,0.055138550641664834,310.59251550652266,3.3552914965673373,0.9651008043238274,7.047643813048205e-07,1.0219083528919897e-08,0.00013484058668250672,0.016143346268522818,0.0
249.0,26.04,216.1,False,1,1596.7599999997385,311.2782809559498,2.8535166049685783,0.0005214440954569515,8.084292624650999e-07,8.350434259452164e-06,0.00018975261465741108,0.0007308053227474047,1.9045883883063344e-05,0.3236991346397878,0.3076255781549076,1.9045883883063344e-05,0.0,0.7277193792007721,1.227026218592557,0.38659660337674795,0.11271023601503685,0.0,136.7830736561189,81.88442044355837,0.054898653212560516,310.6457746568782,3.3555383020417535,0.9651094165735541,7.053951220545879e-07,1.0228229269791525e-08,0.00013484111732872054,0.016143340358570804,0.0
250.0,26.04,216.1,False,1,1622.799999999739,311.3330649625551,2.850230898000097,0.0005213426732983229,8.186618266184429e-07,8.348238893452113e-06,0.0001897192959308962,0.0007306769998661573,1.904218608404889e-05,0.3227140237516404,0.30671047530583584,1.904218608404889e-05,0.0,0.7276826753313717,1.2270215818533834,0.38654242441122705,0.11279648211078477,0.0,136.79263134371078,82.13260624988973,0.05466002509382105,310.69880309521955,3.355784034200165,0.9651179892585924,7.060163216709348e-07,1.0237236664228555e-08,0.00013484163976701163,0.016143333438842885,0.0
251.0,26.04,216.1,False,1,1648.8399999997393,311.3876109456102,2.84694839297901,0.0005212417697465903,8.289033334205644e-07,8.345954379987464e-06,0.0001896861452116208,0.0007305493240490045,1.9038449379154557e-05,0.32173271390481933,0.3058015090203002,1.9038449379154557e-05,0.0,0.7276452672387422,1.227017006074954,0.38648847995273417,0.11288325888347747,0.0,136.80237241103148,82.37971793648305,0.054422654474548436,310.7516020325546,3.356028698710472,0.965126522604723,7.066282673942791e-07,1.0246109877217047e-08,0.00013484215426962044,0.016143325566482028,0.0
252.0,26.04,216.1,False,1,1674.8799999997398,311.4419201570759,2.843669533227167,0.0005211413769931151,8.391536506141631e-07,8.343586083773989e-06,0.00018965316093228916,0.0007304222892594909,1.9034676811786816e-05,0.3207553666603729,0.30489866507671604,1.9034676811786816e-05,0.0,0.7276071774569274,1.227012488832086,0.38643476881177535,0.11297054256338325,0.0,136.81229099021607,82.6257611190229,0.05418652987119317,310.8041726687545,3.356272301188312,0.9651350168355775,7.072312334850711e-07,1.0254852885533532e-08,0.00013484266109965303,0.01614331679581241,0.0
253.0,26.04,216.1,False,1,1700.9199999997402,311.4959938375808,2.8403947367643143,0.0005210414874880465,8.494126498318172e-07,8.34113913144073e-06,0.00018962034156661689,0.0007302958896191219,1.903087126988786e-05,0.3197821327417997,0.30400192706908424,1.903087126988786e-05,0.0,0.7275684275129107,1.227008027814388,0.38638128980767505,0.11305831049380217,0.0,136.822381475638,82.87074136251222,0.053951640113125775,310.85651619286153,3.3565148471984907,0.9651434721726934,7.078254818198229e-07,1.0263469486387433e-08,0.0001348431605112518,0.016143307178465748,0.0
254.0,26.04,216.1,False,1,1726.9599999997406,311.54983321672745,2.837124397566012,0.0005209420939314564,8.596802064204276e-07,8.338618419974618e-06,0.0001895876856276536,0.0007301701194009021,1.9027035493017873e-05,0.3188131525128746,0.3031112765473651,1.9027035493017873e-05,0.0,0.72752903797427,1.2270036208211594,0.38632804176838037,0.11314654107850913,0.0,136.83263851150005,83.11466418265212,0.05371797432884793,310.9086337833839,3.3567563422563547,0.9651518888355658,7.084112624631275e-07,1.0271963305715349e-08,0.00013484365274980153,0.016143296763502762,0.0
255.0,26.04,216.1,False,1,1752.999999999741,311.60343951338535,2.833858886764538,0.0005208431892646647,8.699561992737919e-07,8.336028624990119e-06,0.00018955519166617216,0.0007300449730231315,1.9023172079158154e-05,0.3178485564403409,0.30222669315111905,1.9023172079158154e-05,0.0,0.7274890284946869,1.2269992657564803,0.3862750235302743,0.11323521373151908,0.0,136.8430569799835,83.35753504715736,0.05348552193282613,310.96052660857686,3.3569967918291113,0.9651602670416982,7.089888142163767e-07,1.0280337806137462e-08,0.0001348441380521028,0.016143285597529925,0.0
256.0,26.04,216.1,False,1,1779.0399999997414,311.65681393597055,2.8305985537950007,0.0005207447666617599,8.802405106729757e-07,8.333374208819937e-06,0.00018952285826912178,0.0007299204450434474,1.9019283491242636e-05,0.31688846554164,0.3013481547366679,1.9019283491242636e-05,0.0,0.7274484178574231,1.2269949606245034,0.38622223393799776,0.11332430882908258,0.0,136.85363198992698,83.59935937701636,0.05325427261291062,311.01219582671195,3.357236201337078,0.9651686070066502,7.095583651438592e-07,1.028859629458596e-08,0.00013484461664658618,0.016143273724811596,0.0
257.0,26.04,216.1,False,1,1805.0799999997291,311.7099576827138,2.8273437274888504,0.0005206468195213173,8.905330261341562e-07,8.330659428422303e-06,0.00018949068405814572,0.0007297965301531154,1.901537206342622e-05,0.3159329918178296,0.3004756374980244,1.901537206342622e-05,0.0,0.7274072240168271,1.2269907035249248,0.38616967184427975,0.1134138076638179,0.0,136.8643588660182,83.84014254769767,0.05302421631832053,311.0636425863347,3.3574745761548845,0.9651769089440833,7.101201330769624e-07,1.0296741929615956e-08,0.00013484508875350463,0.01614326118737766,0.0
258.0,26.04,216.1,False,1,1831.1199999997168,311.76287194191536,2.8240947171169006,0.0005205493414583215,9.00833634263645e-07,8.327888343101552e-06,0.00018945866768815757,0.0007296732231715456,1.9011440007096617e-05,0.31498223867190983,0.29960911608186036,1.9011440007096617e-05,0.0,0.7273654641379645,1.2269864926486358,0.38611733610977594,0.11350369240089532,0.0,136.875233138474,84.07988989029454,0.05279534324817945,311.11486802650927,3.3577119216126197,0.965185173065805,7.106743260970978e-07,1.0304777728407919e-08,0.00013484555458514221,0.016143248025126847,0.0
259.0,26.04,216.1,False,1,1857.1599999997045,311.8155578921908,2.820851813383934,0.0005204523262962873,9.111422266197435e-07,8.325064822039733e-06,0.00018942680784597712,0.0007295505190410378,1.9007489416639288e-05,0.31403630131272403,0.29874856369670905,1.9007489416639288e-05,0.0,0.7273231546344612,1.2269823262735569,0.38606522560291334,0.11359394603618238,0.0,136.88625053318626,84.3186066926313,0.05256764384055495,311.16587327705474,3.357948242996931,0.9651933995818115,7.112211429982162e-07,1.0312706573474134e-08,0.00013484601434599031,0.016143234275925813,0.0
260.0,26.04,216.1,False,1,1883.1999999996922,311.86801670270387,2.817615289376853,0.0005203557680595896,9.214586975811822e-07,8.322192551636086e-06,0.00018939510324902296,0.0007294284128217468,1.9003522274961706e-05,0.3130952671446911,0.29789395221669107,1.9003522274961706e-05,0.0,0.7272803112046112,1.2269782027606324,0.3860133391997433,0.11368455235627786,0.0,136.8974069623192,84.55629820031082,0.05234110876200838,311.216659458769,3.3581835455520714,0.9652015887003276,7.117607737293749e-07,1.0320531219075936e-08,0.0001348464682330078,0.016143219975704125,0.0
261.0,26.04,216.1,False,1,1909.2399999996799,311.92024953339075,2.8143854014683285,0.0005202596609659963,9.317829442218405e-07,8.31927504265373e-06,0.00018936355264405946,0.0007293068996868554,1.8999540458786007e-05,0.31215921614358605,0.2970452522799522,1.8999540458786007e-05,0.0,0.727236948865849,1.2269741205499984,0.3859616757838014,0.11377549590034809,0.0,136.90869851533287,84.79296961772198,0.052115728897610895,311.267227683644,3.3584178344809024,0.9652097406278456,7.122933998182239e-07,1.0328254297364247e-08,0.00013484691643577556,0.016143205158545348,0.0
262.0,26.04,216.1,False,1,1935.2799999996676,311.9722575351737,2.8111623901777922,0.0005201639994194105,9.42114866191476e-07,8.316315637171219e-06,0.00018933215480599637,0.0007291859749179517,1.8995545743716874e-05,0.31122822121859844,0.29620243338204766,1.8995545743716874e-05,0.0,0.7271930819876349,1.2269700781573014,0.3859102342459718,0.11386676192369469,0.0,136.92012145041983,85.02862610899955,0.051891495341420284,311.31757905507084,3.3586511149458524,0.9652178555691622,7.12819194775995e-07,1.0335878324251928e-08,0.00013484735913672416,0.01614318985677423,0.0
263.0,26.04,216.1,False,1,1961.3199999996552,312.02404185016564,2.807946480991597,0.0005200687780028166,9.524543656022047e-07,8.313317515339757e-06,0.00018930090853674027,0.0007290656339006047,1.8991539809093172e-05,0.31030234856098127,0.295365463964501,1.8991539809093172e-05,0.0,0.7271487243228396,1.2269660741701784,0.3858590134843596,0.1139583363629793,0.0,136.93167218633252,85.26327279894524,0.05166839938738728,311.36771466803646,3.3588833920698398,0.9652259337274147,7.133383244846708e-07,1.0343405705027727e-08,0.00013484779651134256,0.016143174101040256,0.0
264.0,26.04,216.1,False,1,1987.359999999643,312.07560361186626,2.8047378851440707,0.0005199739914714335,9.628013469204687e-07,8.31028370194457e-06,0.00018926981266409397,0.000728945872120125,1.8987524242630226e-05,0.30938165797949513,0.29453431149872333,1.8987524242630226e-05,0.0,0.7271038890376775,1.2269621072448804,0.3858080124041673,0.11405020580303561,0.0,136.94334729458873,85.49691477390643,0.05144643252068231,311.41763560931156,3.3591146709371458,0.9652339753041146,7.138509475670049e-07,1.0350838739721571e-08,0.00013484822872836786,0.016143157920397607,0.0
265.0,26.04,216.1,False,1,2013.3999999996306,312.1269439453487,2.8015368003611476,0.0005198796347460731,9.731557168642615e-07,8.307217072771642e-06,0.00018923886604070334,0.0007288266851575092,1.8983500544860346e-05,0.30846620322299345,0.2937089425655244,1.8983500544860346e-05,0.0,0.7270585887402586,1.2269581761030393,0.3857572299175777,0.11414235744520286,0.0,136.9551434920366,85.72955708261787,0.051225586409418725,311.46734295763036,3.3593449565942555,0.9652419804991806,7.14357215739984e-07,1.0358179628229769e-08,0.00013484865595002923,0.016143141342381647,0.0
266.0,26.04,216.1,False,1,2039.4399999996183,312.1780639674387,2.798343411568206,0.0005197857029067054,9.835173843053583e-07,8.304120360779952e-06,0.000189208067543051,0.000728708068685563,1.8979470133379e-05,0.30755603229038886,0.29288932293038833,1.8979470133379e-05,0.0,0.7270128355078196,1.2269542795285766,0.385706664943642,0.11423477907711498,0.0,136.96705763376374,85.96120473700229,0.051005852896761454,311.51683778386166,3.359574254050658,0.9652499495109698,7.148572741523843e-07,1.0365430475209573e-08,0.00013484907833220241,0.016143124393082152,0.0
267.0,26.04,216.1,False,1,2065.4799999996058,312.2289647868864,2.795157891563663,0.000519692191186221,9.938862601763415e-07,8.300996162081169e-06,0.00018917741607049228,0.0007285900184651887,1.897543434690414e-05,0.30665118772832584,0.292075417614706,1.897543434690414e-05,0.0,0.7269666409126886,1.2269504163647424,0.38565631640817116,0.11432745904388267,0.0,136.97908670633586,86.19186271294717,0.05078722399338869,311.5661211511748,3.3598025682796244,0.965257882536308,7.153512617070727e-07,1.0372593294752554e-08,0.00013484949602462657,0.016143107097213286,0.0
268.0,26.04,216.1,False,1,2091.5199999995934,312.27964750453015,2.791980401659848,0.0005195990949643983,1.004262257382191e-06,8.29784694172763e-06,0.00018914691054433357,0.0007284725303418351,1.8971394449154744e-05,0.30575170691687203,0.2912671909631691,1.8971394449154744e-05,0.0,0.7269200160470392,1.2269465855112838,0.3856061832436339,0.11442038622061068,0.0,136.99122782135098,86.4215359510337,0.05056969187031727,311.61519411519544,3.3600299042189334,0.9652657797705185,7.158393113685439e-07,1.0379670014843887e-08,0.0001348499091711374,0.0161430894781805,0.0
269.0,26.04,216.1,False,1,2117.559999999581,312.3301132134535,2.7888110922925855,0.0005195064097620675,1.0146452907162377e-06,8.294675039310888e-06,0.00018911654990695179,0.0007283556002421059,1.8967351632556426e-05,0.3048576223435115,0.29046460670747115,1.8967351632556426e-05,0.0,0.7268729715464853,1.2269427859217337,0.38555626438905716,0.1145135499861912,0.0,137.00347820929517,86.65022935724768,0.050353248852047484,311.66405772415743,3.360256266771582,0.9652736414074503,7.16321550456378e-07,1.0386662481617481e-08,0.0001348503179098053,0.016143071558144515,0.0
270.0,26.04,216.1,False,1,2143.599999999569,312.3803629991356,2.785650103600897,0.0005194141312354693,1.0250352767802753e-06,8.291482674372876e-06,0.0001890863331209524,0.000728239224170517,1.8963307021780142e-05,0.3039689618657753,0.28966762802650864,1.8963307021780142e-05,0.0,0.7268255176125762,1.2269390166008285,0.3855065587899325,0.11460694019831988,0.0,137.0158352136851,86.87794780364989,0.05013788741003522,311.7127130190461,3.360481660806456,0.9652814676395038,7.167981009251012e-07,1.0393572463413968e-08,0.00013485072237319842,0.016143053358082363,0.0
271.0,26.04,216.1,False,1,2169.6399999995565,312.4303979395952,2.782497565978156,0.0005193222551708088,1.0354321339086422e-06,8.28827195163258e-06,0.0001890562591683639,0.0007281233982063936,1.895926167712068e-05,0.30308574896283025,0.28887621760323756,1.895926167712068e-05,0.0,0.7267776640342196,1.226935276602024,0.3854570653981249,0.11470054716967959,0.0,137.02829628548918,87.10469612902365,0.04992360015646553,311.76116103373647,3.3607060911589794,0.9652892586576574,7.172690796310465e-07,1.0400401654650175e-08,0.00013485112268848823,0.016143034897845774,0.0
272.0,26.04,216.1,False,1,2195.679999999544,312.48021910552814,2.779353600595984,0.0005192307774789948,1.045835782096079e-06,8.285044866030707e-06,0.00018902632704987017,0.0007280081185009139,1.8955216597721503e-05,0.3022080029763342,0.28809033767834225,1.8955216597721503e-05,0.0,0.7267294202081128,1.2269315650251418,0.385407783171786,0.11479436164524305,0.0,137.04085897780737,87.33047913949287,0.04971037983831451,311.80940279512555,3.36092956263173,0.9652970146514914,7.177345985867178e-07,1.0407151679507408e-08,0.00013485151897773152,0.01614301619621686,0.0
273.0,26.04,216.1,False,1,2221.719999999532,312.52982756043997,2.7762183199021275,0.0005191396941905685,1.0562461429291984e-06,8.281803307595592e-06,0.00018899653578407515,0.000727893381274276,1.8951172724651705e-05,0.3013357393408857,0.2873099501008667,1.8951172724651705e-05,0.0,0.7266807951581871,1.226927881014101,0.3853587110752703,0.11488837478064368,0.0,137.05352094080806,87.55530160911397,0.049498219331694085,311.8574393232586,3.361152079995031,0.9653047358092122,7.181947652032046e-07,1.0413824095446467e-08,0.00013485191135798145,0.016142997270961298,0.0
274.0,26.04,216.1,False,1,2247.7599999995196,312.57922436077195,2.7730918280935004,0.0005190490014508137,1.066663139521381e-06,8.278549066133493e-06,0.0001889668844068014,0.0007277791828129976,1.8947130943841175e-05,0.3004689698043921,0.2865350163759611,1.8947130943841175e-05,0.0,0.7266317975541402,1.2269242237547668,0.3853098480790559,0.11498257812157071,0.0,137.06627991690186,87.77916828044302,0.049287111636458845,311.9052716314503,3.3613736479875227,0.9653124223176743,7.186496825210747e-07,1.0420420396555584e-08,0.0001348522999414936,0.016142978138879088,0.0
275.0,26.04,216.1,False,1,2273.7999999995072,312.6284105560229,2.7699742215655414,0.0005189586955150434,1.0770866964509504e-06,8.275283835747133e-06,0.0001889373719704204,0.0007276655194673355,1.8943092088880105e-05,0.299607702638677,0.2857654977098706,1.8943092088880105e-05,0.0,0.7265824357290835,1.2269205924728888,0.3852611931596664,0.11507696358413887,0.0,137.07913373614662,88.0020838650807,0.04907704987106591,311.9529007264015,3.3615942713167013,0.965320074362403,7.190994494303378e-07,1.0426942016739898e-08,0.00013485268483592113,0.016142958815852954,0.0
276.0,26.04,216.1,False,1,2299.839999999495,312.6773871888646,2.7668655893389746,0.0005188687727440657,1.0875167397024578e-06,8.272009219185251e-06,0.00018890799754321268,0.0007275523876488213,1.8939056943687615e-05,0.29875194284064277,0.2850013550523201,1.8939056943687615e-05,0.0,0.7265327176963429,1.226916986432137,0.3852127452995983,0.11517152343619573,0.0,137.09208031187228,88.2240530441886,0.04886802726768369,312.000327608309,3.361813954659444,0.9653276921276144,7.195441608798023e-07,1.0433390332757133e-08,0.00013485306614445297,0.016142939316894523,0.0
276.00614439326057,26.04,216.1,True,2,0.0,312.677687453242,2.7668465175355026,0.0005269578085886528,1.4718806191133116e-07,1.1194919839893797e-06,0.00018890781749413222,0.0007275516942130137,1.8939032163646305e-05,0.04043096953680181,0.2849966767123975,1.8939032163646305e-05,0.0,0.7267408339848658,1.2271253872153483,0.38521244827626566,0.11517210495421684,0.0,137.0378868303409,88.22541389604643,0.04881247293429448,312.00061837372346,3.3618153014870704,0.9653277388252051,7.217870247611848e-07,1.0465911859037182e-08,0.0,0.01614293900168973,2.1175823681357508e-20
277.0,26.04,216.1,False,2,25.87999999948197,312.7261983396678,2.7604838305774093,0.0005196893191527404,1.5756473891392385e-07,8.298449948193847e-06,0.0001888822145380413,0.0007274530872947003,1.8918139726211566e-05,0.2989718987670244,0.2839884428952091,1.8918139726211566e-05,0.0,0.7263408443906929,1.2269491645603814,0.38516419278116604,0.11544412738852244,0.0,137.1420441206635,88.44527555688906,0.04869676856377445,312.04759495428607,3.3620328957370442,0.9653352824891116,7.204606893882205e-07,1.0446679996129198e-08,0.00013509056223077825,0.01614262375629717,0.0
278.0,26.04,216.1,False,2,51.919999999469226,312.7747942263104,2.7575568071808663,0.00051965358269549,1.6801513962373798e-07,8.242168686471679e-06,0.00018885291018981955,0.0007273402253046968,1.8914994634202754e-05,0.29621949963800753,0.28324823685121625,1.8914994634202754e-05,0.0,0.726299758958133,1.2269463680325805,0.38511613506311243,0.11553047401133501,0.0,137.15274276730213,88.66552574013168,0.048487217027170446,312.0946545482024,3.3622508712531576,0.9653428377253438,7.20985417823432e-07,1.0454288558439764e-08,0.0001348551318929909,0.016142618731889383,0.0
279.0,26.04,216.1,False,2,77.9599999994565,312.8231816288636,2.75460721346217,0.000519564261935111,1.7847293840551633e-07,8.239336356403054e-06,0.0001888237816951174,0.000727228040611753,1.891166466195195e-05,0.29539835429736844,0.2825104033529775,1.891166466195195e-05,0.0,0.7262553817834776,1.226942332813843,0.3850682803518913,0.11561867067847409,0.0,137.1642985835824,88.88483427903147,0.04827946430455093,312.14151294637065,3.3624679116196097,0.9653503589123139,7.214883118554611e-07,1.0461580521904186e-08,0.000134853130689483,0.016142610890179678,0.0
280.0,26.04,216.1,False,2,103.99999999944377,312.87136180777276,2.7516609592759838,0.0005194747811848063,1.8893797347084592e-07,8.237031773546228e-06,0.00018879479522125,0.0007271164028987227,1.8908309593945003e-05,0.29460165353659284,0.28177729241003174,1.8908309593945003e-05,0.0,0.7262103898537126,1.2269383289308504,0.3850206299392468,0.11570730913789107,0.0,137.17601448209322,89.10320684332235,0.04807280763877087,312.18817136021033,3.362684022490092,0.9653578462673327,7.219833325357407e-07,1.046875832176824e-08,0.00013485351935179225,0.016142602380595387,0.0
281.0,26.04,216.1,False,2,130.03999999943102,312.9193358488441,2.748718622179696,0.0005193857063268294,1.9941013374089666e-07,8.234686999148886e-06,0.00018876594924412696,0.0007270053062954482,1.8904932988392548e-05,0.2938089442497505,0.2810489112756626,1.8904932988392548e-05,0.0,0.7261648290186751,1.2269343684342688,0.3849731828087382,0.11579635660685557,0.0,137.18787852353697,89.32064831173076,0.0478672302118062,312.23463083213096,3.3628992087349574,0.9653652999803115,7.224708320023949e-07,1.0475827064034726e-08,0.00013485392847442765,0.01614259325955264,0.0
282.0,26.04,216.1,False,2,156.07999999941794,312.9671048268459,2.7457804908428916,0.0005192970384013847,2.0988931154670955e-07,8.232298956254056e-06,0.00018873724261412613,0.0007268947463741527,1.8901536626574825e-05,0.2930200757856592,0.28032524093878725,1.8901536626574825e-05,0.0,0.7261187161758247,1.2269304500047127,0.3849259379266421,0.1158857959022459,0.0,137.1998863078152,89.53716351344583,0.047662722794369373,312.2808923939577,3.363113475175053,0.9653727202392038,7.22951007451431e-07,1.048278960804575e-08,0.0001348543328975508,0.01614258355933949,0.0
283.0,26.04,216.1,False,2,182.11999999940485,313.01466980747784,2.7428468360720175,0.0005192087725771552,2.2037540200721888e-07,8.229870455824536e-06,0.00018870867421012113,0.0007267847188168148,1.8898122185459085e-05,0.2922351081124012,0.2796062611587972,1.8898122185459085e-05,0.0,0.7260720672784354,1.2269265722444946,0.38487889426657246,0.11597561069948682,0.0,137.21203368069538,89.75275723704205,0.04745927644365334,312.32695706883777,3.363326826590543,0.9653801072303149,7.234240468209623e-07,1.0489648678903955e-08,0.00013485473250810106,0.01614257331049631,0.0
284.0,26.04,216.1,False,2,208.15999999939177,313.0620318475939,2.7399179143990113,0.0005191209041117148,2.308683029147063e-07,8.227404236011234e-06,0.00018868024293484218,0.0007266752193973,1.889469125944707e-05,0.29145409815063467,0.27889195079886847,1.889469125944707e-05,0.0,0.7260248976632164,1.2269227338166715,0.3848320508096026,0.11606578534385247,0.0,137.22431664849842,89.9674342314802,0.04725688241701822,312.37282587145444,3.3635392677219174,0.9653874611383391,7.238901306801608e-07,1.0496406894862332e-08,0.00013485512745287944,0.016142562542121916,0.0
285.0,26.04,216.1,False,2,234.1999999993787,313.109191995398,2.7369939687835303,0.0005190334284087109,2.413679146303946e-07,8.2249029046919e-06,0.000188651947713921,0.0007265662439776817,1.8891245364335714e-05,0.29067709778109546,0.27818228789287847,1.8891245364335714e-05,0.0,0.7259772220807993,1.2269189334437602,0.38478540654413385,0.11615630481882712,0.0,137.23673137015982,90.18119920698922,0.0470555321631706,312.4184998082153,3.363750803270866,0.9653947821463936,7.243494325678831e-07,1.0503066772234306e-08,0.00013485551787550205,0.01614255128194141,0.0
286.0,26.04,216.1,False,2,260.23999999936575,313.15615129063144,2.7340752292543904,0.0005189463410126353,2.5187413998467344e-07,8.222368944433185e-06,0.00018862378749501244,0.0007264577885048579,1.8887785940928936e-05,0.2899041540809906,0.2774772497062758,1.8887785940928936e-05,0.0,0.7259290547218574,1.2269151699050735,0.3847389604657649,0.11624715471745121,0.0,137.24927415042828,90.39405683590908,0.04685521731451919,312.46397987743245,3.3639614379011205,0.965402070436051,7.248021193014059e-07,1.0509630729870386e-08,0.00013485590391383335,0.01614253955636859,0.0
287.0,26.04,216.1,False,2,286.2799999993534,313.20291076475326,2.731161913521475,0.0005188596376031521,2.623868841817089e-07,8.219804717904467e-06,0.00018859576124695396,0.0007263498490073142,1.8884314358492302e-05,0.28913530957263983,0.27677681279379607,1.8884314358492302e-05,0.0,0.7258804092420391,1.2269114420341638,0.38469271157716683,0.1163383212149579,0.0,137.26194143337298,90.60601175350239,0.046655929679870596,312.5092670694959,3.364171176239261,0.9654093261873696,7.252483512719359e-07,1.0516101093443072e-08,0.00013485628570016766,0.01614252739056577,0.0
288.0,26.04,216.1,False,2,312.319999999341,313.24947144111326,2.7282542275596837,0.000518773313989632,2.729060547082487e-07,8.21721247309508e-06,0.00018856786795895926,0.0007262424215920174,1.888083191805775e-05,0.2883706024614485,0.2760809530542022,1.888083191805775e-05,0.0,0.725831298785779,1.2269077487163704,0.3846466588879627,0.11642979104262871,0.0,137.2747297961831,90.81706855873239,0.04645766123745071,312.5543623670397,3.364380022875497,0.9654165495789238,7.256882827274975e-07,1.0522480099548714e-08,0.00013485666336144069,0.016142514808501013,0.0
289.0,26.04,216.1,False,2,338.35999999932864,313.2958343351181,2.7253523661661343,0.0005186873661058911,2.834315612464461e-07,8.214594348333105e-06,0.00018854010663984895,0.0007261355024414528,1.8877339855584805e-05,0.28761006686333285,0.2753896457821764,1.8877339855584805e-05,0.0,0.7257817360090466,1.2269040888864733,0.38460080141461217,0.11652155146281447,0.0,137.28763594324423,91.02723181500967,0.04626040412823455,312.59926674510166,3.3645879823644047,0.965423740787832,7.261220620437086e-07,1.0528769899633775e-08,0.00013485703701944355,0.01614250183300284,0.0
290.0,26.04,216.1,False,2,364.39999999931626,313.34200045439087,2.722456513491771,0.0005186017900051346,2.9396331559052593e-07,8.211952377111764e-06,0.00018851247631731087,0.0007260290878107748,1.8873839344983416e-05,0.28685373302200856,0.27470286571750296,1.8873839344983416e-05,0.0,0.7257317331010772,1.2269004615264478,0.38455513818029974,0.1166135902450709,0.0,137.30065670047946,91.23650605091049,0.04606415064956897,312.6439811712767,3.3647950592256515,0.9654308999897853,7.265498319829211e-07,1.0534972563752358e-08,0.00013485740679099634,0.016142488485812644,0.0
291.0,26.04,216.1,False,2,390.4399999993039,313.3879707989247,2.7195668435485016,0.0005185165818550905,3.0450123156713263e-07,8.209288492728149e-06,0.00018848497603719366,0.0007259231740250864,1.887033150100433e-05,0.2861016275164782,0.2740205870916511,1.887033150100433e-05,0.0,0.7256813018051316,1.2268968656633206,0.384509668214828,0.116705895643361,0.0,137.3137890099437,91.44489576086693,0.04586889324907676,312.6885066058644,3.365001257944679,0.9654380273590728,7.269717299421576e-07,1.0541090084161287e-08,0.00013485777278815405,0.016142474787634753,0.0
292.0,26.04,216.1,False,2,416.4799999992915,313.43374636123053,2.716683520692924,0.0005184317379333356,3.150452249591954e-07,8.206604532740608e-06,0.00018845760486283107,0.0007258177574768362,1.8866817382002176e-05,0.2853537734591262,0.273342783671894,1.8866817382002176e-05,0.0,0.7256304534383198,1.2268933003671105,0.3844643905545139,0.11679845637427674,0.0,137.3270299246615,91.65240540583059,0.04567462451883091,312.73284400201067,3.3652065829733666,0.9654451230686085,7.273878881902992e-07,1.0547124378759339e-08,0.0001348581351184045,0.016142460758184336,0.0
293.0,26.04,216.1,False,2,442.51999999927915,313.47932812647775,2.713806700087676,0.0005183472546228064,3.255952134331615e-07,8.203902243248869e-06,0.0001884303618743937,0.0007257128346233215,1.886329799257572e-05,0.2846101906847485,0.2726694288030851,1.886329799257572e-05,0.0,0.7255791989105401,1.2268897647488695,0.38441930424209003,0.11689126159623926,0.0,137.34037660369532,91.85903941390583,0.045481337189789486,312.7769943058432,3.365411038730666,0.965452187289955,7.277984340948748e-07,1.0553077294375685e-08,0.00013485849388484715,0.016142446416233195,0.0
294.0,26.04,216.1,False,2,468.5599999992668,313.52471707263163,2.710936528141396,0.0005182631284074849,3.3615111646944776e-07,8.201183283004012e-06,0.0001884032461682693,0.0007256084019843025,1.8859774286091528e-05,0.2838708959308702,0.2720004954471632,1.8859774286091528e-05,0.0,0.7255275487425646,1.2268862579588014,0.3843744083266082,0.1169843008896285,0.0,137.35382630743612,92.06480218096618,0.04528902412646994,312.820958456603,3.3656146296032126,0.9654592201933474,7.282034903390179e-07,1.055895060991576e-08,0.00013485884918633146,0.01614243177965355,0.0
295.0,26.04,216.1,False,2,494.5999999992544,313.5699141705841,2.708073142928232,0.0005181793558682564,3.4671285529597204e-07,8.198449227352403e-06,0.0001883762568564705,0.0007255044561397195,1.8856247167094782e-05,0.28313590300970726,0.2713359562205403,1.8856247167094782e-05,0.0,0.7254755130833149,1.226882779184469,0.38432970186334675,0.11707756423780732,0.0,137.36737639310476,92.26969807124301,0.04509767832186175,312.8647373867705,3.3658173599459174,0.9654662219477168,7.286031751288455e-07,1.056474603936826e-08,0.00013485920111767902,0.01614241686545985,0.0
296.0,26.04,216.1,False,2,520.6399999992419,313.61492038427974,2.705216674587816,0.0005180959336789375,3.572803528246266e-07,8.195701572019169e-06,0.00018834939306606741,0.0007254009937275087,1.8852717493612204e-05,0.28240522297208515,0.27067578342944704,1.8852717493612204e-05,0.0,0.7254231017263517,1.2268793276490744,0.38428518391372257,0.11717104200900012,0.0,137.38102431045797,92.47373141788994,0.044907292892568035,312.90833202218573,3.3660192340825237,0.9654731927207119,7.289976023916759e-07,1.0570465234679301e-08,0.00013485954976979748,0.016142401689848776,0.0
297.0,26.04,216.1,False,2,546.6799999992295,313.65973667083716,2.702367245706573,0.0005180128586024607,3.6785353359056466e-07,8.192941736737033e-06,0.00018832265393864414,0.0007252980114415079,1.884918607935164e-05,0.2816788642636528,0.27001994910333615,1.884918607935164e-05,0.0,0.7253703241256344,1.2268759026098237,0.3842408535452038,0.11726472493898554,0.0,137.39476759768476,92.67690652352996,0.0447178610741548,312.95174328216547,3.3662202563061627,0.96548013267872,7.293868819655167e-07,1.0576109788499993e-08,0.0001348598952298838,0.01614238626823742,0.0
298.0,26.04,216.1,False,2,572.7199999992171,313.70436398066624,2.6995249716811918,0.0005179301274872172,3.784323236941761e-07,8.19017106872482e-06,0.00018829603862977984,0.0007251955060294588,1.884565369580255e-05,0.28095683287368334,0.2693684250264379,1.884565369580255e-05,0.0,0.7253171894105586,1.2268725033563566,0.38419670983122733,0.11735860411457065,0.0,137.40860387749052,92.87922766078013,0.04452937621671039,312.9949720796153,3.3664204308798737,0.9654870419868886,7.297711197801296e-07,1.058168123681188e-08,0.00013486023758154894,0.016142370615299773,0.0
299.0,26.04,216.1,False,2,598.7599999992046,313.74880325757994,2.696689961065069,0.0005178477372635505,3.890166507456305e-07,8.187390846021283e-06,0.000188269546308552,0.0007250934742910924,1.8842121074241412e-05,0.2802391324767896,0.26872118276756624,1.8842121074241412e-05,0.0,0.72526370640032,1.2268691292092508,0.38415275185111897,0.11745267095781182,0.0,137.42253085335662,93.08069907275411,0.044341831780602504,313.038019321137,3.366619762037102,0.9654939208091442,7.30150418030004e-07,1.0587181061435059e-08,0.00013486057690497235,0.016142354745001555,0.0
300.0,26.04,216.1,False,2,624.7999999991922,313.79305543890234,2.693862315898486,0.0005177656849403938,3.996064438118755e-07,8.184602280679236e-06,0.00018824317615706077,0.0007249919130762991,1.8838588907646266e-05,0.27952576456783873,0.26807819370825087,1.8838588907646266e-05,0.0,0.7252098836176267,1.2268657795185918,0.38410897869001603,0.11754691721094897,0.0,137.43654630596996,93.28132497354744,0.044155221332422515,313.08088590713226,3.3668182539821885,0.9655007693082116,7.305248753396111e-07,1.0592610692424362e-08,0.00013486091327704838,0.016142338670633517,0.0
301.0,26.04,216.1,False,2,650.8399999991798,313.83712145557473,2.691042132023251,0.0005176839676020452,4.102016333659796e-07,8.181806521825042e-06,0.00018821692736997457,0.0007248908192833755,1.8835057852524605e-05,0.27881672859032713,0.26743942906925555,1.8835057852524605e-05,0.0,0.7251557293017946,1.2268624536626045,0.38406538943879115,0.11764133492201882,0.0,137.45064808981263,93.48110954871343,0.043969538541099196,313.1235727319042,3.3670159108908457,0.9655075876456333,7.308945869213381e-07,1.0597971510359402e-08,0.00013486124677150547,0.016142322404843194,0.0
302.0,26.04,216.1,False,2,676.8799999991674,313.881002232254,2.6882294993825187,0.0005176025824050826,4.208021512387133e-07,8.179004658587588e-06,0.00018819079915409508,0.0007247901898573516,1.8831528530657035e-05,0.27811202205855234,0.26680485993562497,1.8831528530657035e-05,0.0,0.7251012514212447,1.2268591510463525,0.3840219831939821,0.11773591643112562,0.0,137.46483412990784,93.68005695570407,0.043784777174203766,313.1660806837517,3.3672127369105973,0.9655143759817861,7.312596447261616e-07,1.0603264848529344e-08,0.00013486157745906343,0.01614230595966526,0.0
303.0,26.04,216.1,False,2,702.9199999991549,313.9246986874108,2.68542450230645,0.0005175215265754045,4.314079305722699e-07,8.176197722902317e-06,0.00018816479072794113,0.0007246900217883868,1.8828001530761917e-05,0.27741164067377533,0.2661744572802573,1.8828001530761917e-05,0.0,0.7250464576854401,1.2268558711004904,0.3839787590577199,0.11783065435733041,0.0,137.47910241871136,93.87817132431134,0.043600931094400025,313.20841064506385,3.3674087361612166,0.9655211344758994,7.316201375876767e-07,1.0608491995021312e-08,0.00013486190540755807,0.01614228934655045,0.0
304.0,26.04,216.1,False,2,728.9599999991425,313.9682117334231,2.6826272197843606,0.0005174407974053967,4.420189057760275e-07,8.173386692194625e-06,0.00018813890132135088,0.0007245903121102377,1.882447741008348e-05,0.27671557843468464,0.2655481919861221,1.882447741008348e-05,0.0,0.7249913555562741,1.2268526132800737,0.38393571613766164,0.11792554158613787,0.0,137.49345101314617,94.07545675708568,0.043417994256060494,313.250563492409,3.3676039127351514,0.9655278632860711,7.319761513595588e-07,1.0613654194713603e-08,0.00013486223068204966,0.01614227257639322,0.0
305.0,26.04,216.1,False,2,754.9999999991301,314.0115422766656,2.6798377257239823,0.0005173603922512218,4.526350124842607e-07,8.170572491946601e-06,0.0001881131301751008,0.0007244910578987908,1.8820956695906445e-05,0.2760238277423889,0.2649260348671857,1.8820956695906445e-05,0.0,0.7249359522589454,1.2268493770634235,0.3838928535469252,0.11802057125755284,0.0,137.5078780317706,94.27191732973776,0.043235960702032825,313.29254009662094,3.36779827069792,0.9655345625692845,7.32327769046782e-07,1.0618752651178339e-08,0.0001348625533449286,0.01614225565955813,0.0
306.0,26.04,216.1,False,2,781.0399999991176,314.0546912175971,2.6770560891984143,0.0005172803085302201,4.632561875157139e-07,8.167755998152565e-06,0.0001880874765405422,0.0007243922562706623,1.8817439887001512e-05,0.2753363795001822,0.26430795668808954,1.8817439887001512e-05,0.0,0.7248802547923406,1.2268461619510467,0.3838501704040254,0.11811573675468064,0.0,137.52238165207444,94.46755709153007,0.04305482456054437,313.3343413228823,3.367991814088504,0.9655412324814232,7.326750709309069e-07,1.062378852849815e-08,0.00013486287345608082,0.01614223860590497,0.0
307.0,26.04,216.1,False,2,807.0799999991052,314.0976594508445,2.674282374681344,0.0005172005437184272,4.738823688349503e-07,8.164938039666574e-06,0.00018806193967925222,0.0007242939043818544,1.881392745500334e-05,0.2746532232083101,0.26369392818266274,1.881392745500334e-05,0.0,0.7248242699389367,1.2268429674645962,0.3838076658328128,0.1182110316928468,0.0,137.53696010790085,94.662380065652,0.04287458004224885,313.375968030805,3.368184546919732,0.9655478731772871,7.330181346896536e-07,1.0628762952999977e-08,0.0001348631910729419,0.0161422214248128,0.0
308.0,26.04,216.1,False,2,833.1199999990928,314.14044786528376,2.6715166422710617,0.0005171210953481942,4.845134955153973e-07,8.162119400446935e-06,0.00018803651886270152,0.0007241959994264745,1.8810419845725312e-05,0.2739743470539657,0.26308392007131876,1.8810419845725312e-05,0.0,0.724768004274257,1.226839793145885,0.3837653389624132,0.1183064499092148,0.0,137.55161168698342,94.85639024958547,0.04269522143739795,313.41742107450796,3.3683764731786288,0.9655544848106059,7.333570355110279e-07,1.0633677014909905e-08,0.00013486350625061374,0.016142204125202852,0.0
309.0,26.04,216.1,False,2,859.1599999990804,314.18305734411854,2.6687589479037936,0.000517041961005912,4.951495077040095e-07,8.159300821701287e-06,0.00018801121337193484,0.0007240985386355052,1.880691748041264e-05,0.2732997379967275,0.26247790307739044,1.880691748041264e-05,0.0,0.7247114641759013,1.2268366385559493,0.38372318892717033,0.11840198545287763,0.0,137.56633472859528,95.04959161545388,0.0425167431131414,313.4587013026921,3.3685675968267814,0.9655610675340542,7.336918462022202e-07,1.0638531769932195e-08,0.0001348638190420135,0.016142186715560364,0.0
310.0,26.04,216.1,False,2,885.1999999990679,314.22548876495506,2.666009343556857,0.0005169631383298372,5.057903465874758e-07,8.156483003935997e-06,0.00018798602249726657,0.0007240015192756322,1.880342075693742e-05,0.272629381849645,0.26187584794247576,1.880342075693742e-05,0.0,0.7246546558321486,1.2268335032741429,0.3836812148665898,0.11849763257540444,0.0,137.58112762130847,95.24198811035974,0.042339139510948726,313.4998095587121,3.3687579218006687,0.9655676214992651,7.340226372934947e-07,1.0643328240755674e-08,0.00013486412949788459,0.01614216920395542,0.0
311.0,26.04,216.1,False,2,911.2399999990555,314.26774299987596,2.6632678774420873,0.0005168846250080088,5.164359543599002e-07,8.1536666089143e-06,0.0001879609455379893,0.000723904938648121,1.8799930050937812e-05,0.27196326335616344,0.2612777254408092,1.8799930050937812e-05,0.0,0.7245975852501807,1.2268303868972839,0.38363941592528383,0.11859338572181936,0.0,137.5959888008529,95.43358365671489,0.04216240514413801,313.5407466806473,3.368947452011993,0.9655741468568431,7.343494771373454e-07,1.0648067418491509e-08,0.00013486443766698355,0.016142151598062822,0.0
312.0,26.04,216.1,False,2,937.2799999990431,314.3098209155106,2.6605345941900085,0.0005168064187762591,5.270862741918868e-07,8.150852261526522e-06,0.00018793598180209437,0.0007238087940877411,1.879644571690402e-05,0.27130136626310214,0.2606835063927488,1.879644571690402e-05,0.0,0.7245402582639224,1.2268272890388372,0.38359779125291965,0.11868923952199516,0.0,137.61091674807457,95.62438215255382,0.04198653459552075,313.58151350136836,3.369136191347997,0.9655806437563772,7.346724320030603e-07,1.0652750264044375e-08,0.00013486474359606932,0.016142133905181027,0.0
313.0,26.04,216.1,False,2,963.3199999990306,314.35172337310377,2.6578095350251623,0.0005167285174163087,5.377412502009674e-07,8.148040551575734e-06,0.00018791113060600577,0.0007237130829617408,1.8792968089213298e-05,0.2706436733898344,0.26009316167739227,1.8792968089213298e-05,0.0,0.7244826805415249,1.226824209328133,0.383556340004166,0.1187851887824422,0.0,137.6259099869869,95.81438747184366,0.04181152251514324,313.6221108486036,3.369324143671771,0.9655871123464537,7.349915661669474e-07,1.0657377709420737e-08,0.00013486504733009835,0.01614211613225024,0.0
314.0,26.04,216.1,False,2,989.3599999990182,314.3934512285816,2.655092737933032,0.0005166509187539497,5.484008274233069e-07,8.145232035482687e-06,0.00018788639127432407,0.000723617802668861,1.8789497483116248e-05,0.26999016669387577,0.2595066622443866,1.8789497483116248e-05,0.0,0.7244248575925026,1.226821147409623,0.3835150613386448,0.11888122847847542,0.0,137.64096708291228,96.00360346477649,0.041637363618135796,313.6625395450015,3.3695113128225467,0.965593552774668,7.353069419983764e-07,1.0661950658976458e-08,0.00013486534891221375,0.016142098285869592,0.0
315.0,26.04,216.1,False,2,1015.3999999990058,314.43500533261584,2.6523842378189144,0.0005165736206573053,5.590649517866272e-07,8.142427237913151e-06,0.0001878617631395825,0.0007235229506383955,1.8786034195676817e-05,0.2693408273330342,0.25892397912496734,1.8786034195676817e-05,0.0,0.7243667947745464,1.2268181029421712,0.38347395442088195,0.11897735374674291,0.0,137.65608664070808,96.19203395805889,0.041464052682649195,313.7028004081925,3.3696977026159893,0.9655999651876366,7.35618620041842e-07,1.066646999060671e-08,0.00013486564838386728,0.016142080372313593,0.0
316.0,26.04,216.1,False,2,1041.4399999989935,314.476386530686,2.6496840666591592,0.0005164966210351673,5.697335700842978e-07,8.139626653331037e-06,0.00018783724554201348,0.0007234285243292925,1.878257850666794e-05,0.26869563572428495,0.25834508344226,1.878257850666794e-05,0.0,0.7243084973000224,1.2268150755983798,0.3834330184202592,0.11907355987809813,0.0,137.6712673030741,96.37968275518905,0.04129158454788505,313.7428942508483,3.3698833168444757,0.9656063497310089,7.359266590952453e-07,1.0670936556881058e-08,0.00013486594578489795,0.016142062397547757,0.0
317.0,26.04,216.1,False,2,1067.4799999989812,314.5175956631388,2.64699225364511,0.0005164199178354104,5.804066299505322e-07,8.136830747479947e-06,0.00018781283782932413,0.0007233345212292884,1.877913067942449e-05,0.26805457159953,0.25776994642090306,1.877913067942449e-05,0.0,0.7242499702421684,1.2268120650639411,0.38339225251096953,0.11916984231080319,0.0,137.6865077489393,96.56655363672212,0.04111995411221719,313.78282188073837,3.370068159277357,0.9656127065494773,7.362311162844881e-07,1.0675351186125078e-08,0.00013486624115358352,0.01614204436724352,0.0
318.0,26.04,216.1,False,2,1093.5199999989688,314.5586335652477,2.644308825320092,0.0005163435090434719,5.910840798366448e-07,8.134039958797212e-06,0.00018778853935648318,0.0007232409388540891,1.8775690961656525e-05,0.2674176140583838,0.2571985393959936,1.8775690961656525e-05,0.0,0.7241912185410104,1.2268090710370245,0.38335165587197045,0.11926619662404361,0.0,137.70180669192084,96.75265036053695,0.04094915633138389,313.8225841007872,3.370252233661228,0.9656190357867891,7.365320471346932e-07,1.0679714683453053e-08,0.0001348665345267191,0.016142026286792458,0.0
319.0,26.04,216.1,False,2,1119.5599999989565,314.59950106726825,2.641633805709781,0.0005162673926809036,6.017658689883148e-07,8.131254699761967e-06,0.00018776434948551517,0.0007231477747465756,1.8772259586223145e-05,0.2667847416181386,0.25663083382143415,1.8772259586223145e-05,0.0,0.724132247008999,1.2268060932276885,0.38331122768694226,0.11936261853174726,0.0,137.7171628788566,96.93797666208357,0.04077918621677304,313.86218170912696,3.3704355437201783,0.9656253375857565,7.368295056379994e-07,1.0684027831750991e-08,0.00013486682593969303,0.0161420081613198,0.0
320.0,26.04,216.1,False,2,1145.5999999989442,314.6401989944938,2.6389672164462605,0.0005161915668039857,6.124519474238114e-07,8.128475358181043e-06,0.00018774026758530498,0.0007230550264760522,1.8768836771870222e-05,0.2661559322610237,0.2560668012776721,1.8768836771870222e-05,0.0,0.7240730603363971,1.2268031313573264,0.38327096714424286,0.11945910387668646,0.0,137.73257508840217,97.12253625463165,0.04061003883377052,313.9016154991507,3.3706180931560383,0.9656316120882673,7.371235443182958e-07,1.0688291392615289e-08,0.0001348671154265303,0.016141989995697378,0.0
321.0,26.04,216.1,False,2,1171.639999998932,314.680728167308,2.636309076886068,0.0005161160295024046,6.231422659131382e-07,8.125702298415042e-06,0.0001877162930314099,0.0007229626916375217,1.8765422723932374e-05,0.2655311634789257,0.25550641347889774,1.8765422723932374e-05,0.0,0.7240136630964037,1.2268001851581296,0.3832308734368689,0.11955564862485703,0.0,137.74804212969644,97.30633282950544,0.04044170930019101,313.9408862595625,3.3707998856486183,0.9656378594352941,7.374142142928447e-07,1.069250610724625e-08,0.00013486740301997383,0.01614197179455587,0.0
322.0,26.04,216.1,False,2,1197.6799999989196,314.7210894012374,2.6336594042225117,0.0005160407788979884,6.338367759580485e-07,8.122935862547124e-06,0.00018769242520587953,0.000722870767850993,1.876201763500201e-05,0.26491041231564383,0.2549496422796983,1.876201763500201e-05,0.0,0.7239540597500532,1.2267972543725811,0.3831909457624124,0.11965224886011552,0.0,137.7635628410861,97.48937005631808,0.04027419278476802,313.97999477442755,3.370980924855937,0.9656440797669048,7.377015653311226e-07,1.0696672697301278e-08,0.0001348676887515251,0.016141953562296526,0.0
323.0,26.04,216.1,False,2,1223.7199999989073,314.7612835070004,2.631018213592539,0.0005159658131435006,6.445354297728975e-07,8.120176371497126e-06,0.0001876686634970846,0.0007227792527608205,1.8758621685565897e-05,0.26429365540686106,0.25439645968123414,1.8758621685565897e-05,0.0,0.7238942546508809,1.2267943387529743,0.3831511833230237,0.11974890077906969,0.0,137.77913608891058,97.6716515831904,0.04010748450572018,314.01894182321894,3.371161214414452,0.9656502732222715,7.379856459107949e-07,1.0700791865706527e-08,0.00013486797265151466,0.01614193530310234,0.0
324.0,26.04,216.1,False,2,1249.759999998895,314.8013112905577,2.6283855181783986,0.0005158911304214864,6.552381802662832e-07,8.11742412608324e-06,0.00018764500729955097,0.0007226881440350655,1.8755235044611523e-05,0.2636808690178687,0.25384683783691436,1.8755235044611523e-05,0.0,0.7238342520493755,1.226791438060949,0.38311158532537054,0.119845600686203,0.0,137.7947607663426,97.85318103697638,0.03994157972936621,314.05772818086575,3.371340757939276,0.9656564399396803,7.382665032711945e-07,1.0704864297432321e-08,0.00013486825474914822,0.016141917020948637,0.0
325.0,26.04,216.1,False,2,1275.7999999988826,314.8411735531583,2.6257613293043627,0.0005158167289431727,6.6594498102345e-07,8.114679408033919e-06,0.0001876214560138026,0.0007225974393648911,1.8751857870204267e-05,0.26307202907924165,0.2533007490576569,1.8751857870204267e-05,0.0,0.7237740560972228,1.2267885520670547,0.38307215098060127,0.11994234498923072,0.0,137.81043579228316,98.03396202346869,0.03977647376881447,314.09635461779703,3.371519559024391,0.9656625800565396,7.385441834641885e-07,1.0708890660230734e-08,0.00013486853507253913,0.016141898719613215,0.0
326.0,26.04,216.1,False,2,1301.8399999988703,314.8808710913864,2.6231456565287368,0.0005157426069474166,6.7665578628941e-07,8.111942480951543e-06,0.0001875980090462097,0.0007225071364639774,1.8748490310036676e-05,0.26246711122048494,0.25275816581670546,1.8748490310036676e-05,0.0,0.7237136708513556,1.2267856805503334,0.3830328795043079,0.12003913019467,0.0,137.82616011030694,98.21399812760662,0.03961216198270033,314.1348218999862,3.3716976212428533,0.9656686937093896,7.388187314027115e-07,1.0712871605339319e-08,0.00013486881364880058,0.01614188040268596,0.0
327.0,26.04,216.1,False,2,1327.879999998858,314.9204046972061,2.6205385077313714,0.000515668762699702,6.873705509527538e-07,8.109213591230836e-06,0.00018757466580884448,0.0007224172330679657,1.8745132501951517e-05,0.26186609080180784,0.25221906075405454,1.8745132501951517e-05,0.0,0.7236531002778088,1.2267828232979174,0.38299377011648966,0.12013595290361903,0.0,137.84193268765856,98.39329291367748,0.039448639773981074,314.1731307889941,3.371874948146995,0.9656747810339101,7.390901909070028e-07,1.071680776815154e-08,0.000134869090504051,0.01614186207357804,0.0
328.0,26.04,216.1,False,2,1353.9199999988457,314.95977515800564,2.617939889196916,0.0005155951944911794,6.98089230530115e-07,8.10649296893345e-06,0.000187551425719342,0.0007223277269339234,1.874178457443955e-05,0.26126894294408864,0.2516834066804935,1.874178457443955e-05,0.0,0.723592348255404,1.226779980104653,0.382954822041517,0.12023280980773206,0.0,137.85775251429277,98.57184992551143,0.03928590258878134,314.2112820420106,3.372051543268627,0.9656808421649296,7.393586047487069e-07,1.072069976885625e-08,0.0001348693656634737,0.01614184373553062,0.0
329.0,26.04,216.1,False,2,1379.9599999988334,314.99898325663906,2.615349805693991,0.0005155219006377542,7.0881178115126e-07,8.10378082862064e-06,0.00018752828820076668,0.0007222386158398283,1.873844664711287e-05,0.26067564255714193,0.2511511765813072,1.873844664711287e-05,0.0,0.7235314185792546,1.2267771507727387,0.38291603450809825,0.1203296976853859,0.0,137.87361860196205,98.74967268666974,0.03912394591529231,314.24927641189487,3.372227410119216,0.9656868772364329,7.3962401469282e-07,1.072454821304589e-08,0.0001348696391513521,0.016141825391623184,0.0
330.0,26.04,216.1,False,2,1405.999999998821,315.0380297714692,2.6127682605505003,0.0005154488794792078,7.195381595447737e-07,8.10107737014681e-06,0.00018750525268148552,0.0007221498975840819,1.8735118831156116e-05,0.2600861643663532,0.25062234361961694,1.8735118831156116e-05,0.0,0.7234703149641122,1.2267743351113785,0.38287740674924386,0.12042661339802242,0.0,137.88952998334514,98.92676470063479,0.03896276528271035,314.28711464721584,3.3724025521900907,0.9656928863815695,7.398864615377816e-07,1.0728353692297832e-08,0.00013486991099113206,0.016141807044781454,0.0
331.0,26.04,216.1,False,2,1432.0399999988088,315.0769154764065,2.610195255725245,0.0005153761293783685,7.302683230243106e-07,8.098382779414086e-06,0.00018748231859504514,0.0007220615699850344,1.873180122975473e-05,0.259500482937785,0.2500968811394345,1.873180122975473e-05,0.0,0.7234090410475551,1.2267715329364581,0.38283893800223495,0.12052355388666798,0.0,137.9054857112166,99.10312945098296,0.03880235626023365,314.32479749228935,3.372576972952603,0.9656988697326608,7.401459851535409e-07,1.0732116784726344e-08,0.00013487018120544089,0.016141788697784917,0.0
332.0,26.04,216.1,False,2,1458.0799999987964,315.11564114095,2.607630791876037,0.0005153036487203107,7.41002229475389e-07,8.095697229091429e-06,0.00018745948538005465,0.0007219736308805349,1.8728493938503408e-05,0.25891857270180374,0.24957476266838535,1.8728493938503408e-05,0.0,0.7233476003930291,1.2267687440702297,0.3828006275085891,0.1206205161686115,0.0,137.92148485765517,99.27877040156882,0.03864271445608635,314.3623256872173,3.3727506758583203,0.9657048274212088,7.404026245179655e-07,1.0735838055510502e-08,0.00013487044981613067,0.016141770353274004,0.0
333.0,26.04,216.1,False,2,1484.1199999987841,315.15420753022494,2.6050748684244707,0.0005152314359115979,7.517398373426957e-07,8.093020879298668e-06,0.0001874367524800737,0.0007218860781274988,1.8725197045794016e-05,0.2583404079753409,0.24905596192017612,1.8725197045794016e-05,0.0,0.7232859964927415,1.2267659683410144,0.3827624745140297,0.12071749733424324,0.0,137.93752651329007,99.45369099669101,0.038483835516599056,314.3996999679233,3.37292366433919,0.9657107595779022,7.406564177514227e-07,1.073951805739563e-08,0.00013487071684428103,0.016141752013756908,0.0
334.0,26.04,216.1,False,2,1510.1599999987718,315.1926154050212,2.6025274836175134,0.0005151594893795528,7.624811056178869e-07,8.090353878257744e-06,0.0001874141193435033,0.000721798909601489,1.8721910633184916e-05,0.25776596298281834,0.2485404527967746,1.8721910633184916e-05,0.0,0.7232242327704294,1.2267632055829214,0.38272447826845296,0.1208144945440391,0.0,137.95360978658016,99.6278946612642,0.03832571512531597,314.4369210661892,3.3730959418077164,0.9657166663326248,7.409074021498334e-07,1.0743157331172585e-08,0.00013487098231031289,0.016141733681616085,0.0
335.0,26.04,216.1,False,2,1536.1999999987595,315.2308655218293,2.5999886345860728,0.0005150878075715668,7.73225993827853e-07,8.087696362912172e-06,0.00018739158542348375,0.0007217121231963209,1.871863477575205e-05,0.25719521187583755,0.2480282093903547,1.871863477575205e-05,0.0,0.7231623125839887,1.2267604556355782,0.38268663802589875,0.12091150502569081,0.0,137.96973380312932,99.80138480097949,0.038168349002149826,314.4739897096895,3.3732675116571142,0.9657225478144621,7.4115561421607e-07,1.0746756406133015e-08,0.00013487124623393163,0.016141715359114434,0.0
336.0,26.04,216.1,False,2,1562.2399999987472,315.26895863287723,2.5974583174006893,0.000515016388954436,7.839744620234298e-07,8.085048459516745e-06,0.00018736915017779373,0.000721625716823675,1.8715369542423056e-05,0.2566281287516787,0.24751920598499375,1.8715369542423056e-05,0.0,0.7231002392279832,1.226757718343871,0.38264895304451896,0.12100852607136876,0.0,137.98589770503315,99.974164802468,0.038011732902565154,314.5109066220262,3.373438377261484,0.9657284041517085,7.414010896899665e-07,1.0750315800504514e-08,0.0001348715086342138,0.01614169704840118,0.0
337.0,26.04,216.1,False,2,1588.2799999987349,315.3068954861651,2.5949365271244815,0.0005149452320137305,7.947264707685344e-07,8.08241028419822e-06,0.00018734681306875598,0.0007215396884127336,1.8712114996294818e-05,0.2560646876706742,0.24701341705815116,1.8712114996294818e-05,0.0,0.7230380159360394,1.2267549935577038,0.38261142258654834,0.12110555503511604,0.0,138.0021006502553,100.14623803345494,0.037855862616800365,314.5476725227619,3.373608541975958,0.965734235471874,7.416438635768456e-07,1.0753836021864262e-08,0.00013487176952960709,0.01614167875151746,0.0
338.0,26.04,216.1,False,2,1614.3199999987226,315.3446768254995,2.5924232578635,0.0005148743352531893,8.054819811297064e-07,8.079781943488953e-06,0.00018732457356314533,0.0007214540359098254,1.8708871194935584e-05,0.2555048626725296,0.24651081728194332,1.8708871194935584e-05,0.0,0.7229756458831237,1.2267522811317644,0.38257404591827526,0.12120258933036539,0.0,138.01834181203455,100.31760784291308,0.03770073396912147,314.5842881274524,3.373778009136861,0.9657400419016913,7.41883970174742e-07,1.0757317567533758e-08,0.00013487202893798728,0.016141660470401675,0.0
339.0,26.04,216.1,False,2,1640.3599999987102,315.38230339052745,2.5899185028145872,0.0005148036971941448,8.162409546660351e-07,8.077163534834118e-06,0.00018730243113209994,0.000721368757278085,1.8705638190671975e-05,0.25494862779161465,0.2460113815242081,1.8705638190671975e-05,0.0,0.7229131321877159,1.226749580925303,0.3825368223100131,0.12129962642757397,0.0,138.03462037831875,100.48827756121388,0.03754634281710487,314.62075414767907,3.3739467820618594,0.9657458235671218,7.421214431003319e-07,1.0760760924954813e-08,0.0001348722868766447,0.01614164220689451,0.0
340.0,26.04,216.1,False,2,1666.399999998698,315.4197759167691,2.5874222543108925,0.000514733316374972,8.270033534194512e-07,8.074555147074489e-06,0.00018728038525103798,0.0007212838504971312,1.870241603086226e-05,0.2543959570713194,0.24551508484939613,1.870241603086226e-05,0.0,0.7228504779138802,1.2267468928019225,0.38249975103607187,0.12139666385197037,0.0,138.05093555122554,100.65825050027226,0.03739268505095328,314.6570712910798,3.374114864050109,0.9657515805933627,7.42356315313636e-07,1.0764166572047722e-08,0.00013487254336236006,0.016141623962743788,0.0
341.0,26.04,216.1,False,2,1692.4399999986856,315.4570951356507,2.584934503865134,0.000514663191350562,8.377691399053726e-07,8.071956860905229e-06,0.00018725843539957465,0.0007211993135627479,1.8699204758155806e-05,0.25384682457748536,0.245021902519275,1.8699204758155806e-05,0.0,0.7227876860732404,1.2267442166293774,0.3824628313747294,0.12149369918140764,0.0,138.06728654652815,100.82752995369388,0.03723975659283427,314.69324026138037,3.3742822583824004,0.965757313104853,7.42588619141609e-07,1.076753497755333e-08,0.0001348727984113666,0.016141605739609047,0.0
342.0,26.04,216.1,False,2,1718.4799999986733,315.4942617745349,2.5824552422107345,0.0005145933206918214,8.485382771036803e-07,8.069368749311913e-06,0.00018723658106144545,0.0007211151444865879,1.8696004410739652e-05,0.2533012044109961,0.24453180999349247,1.8696004410739652e-05,0.0,0.7227247596268553,1.2267415522793832,0.38242606260820633,0.12159073004432158,0.0,138.08367259316682,100.99611919690936,0.03708755339625746,314.7292617584233,3.374448968321301,0.9657630212252797,7.428183863005029e-07,1.0770866601357292e-08,0.00013487305203943947,0.01614158753906588,0.0
343.0,26.04,216.1,False,2,1744.519999998661,315.5312765567532,2.579984459340927,0.0005145237029851911,8.593107284500154e-07,8.066790877985648e-06,0.00018721482172443047,0.0007210313412958821,1.869281502257338e-05,0.2527590707195361,0.24404478292995244,1.869281502257338e-05,0.0,0.7226617014870153,1.226738899627433,0.3823894440226366,0.12168775411778131,0.0,138.1000929327812,101.16402148731966,0.03693607144546154,314.7651364781988,3.374614997111293,0.965768705077584,7.43045647917347e-07,1.0774161894801532e-08,0.0001348733042618659,0.016141569362610096,0.0
344.0,26.04,216.1,False,2,1770.5599999986487,315.5681402016361,2.577522144545927,0.0005144543368321876,8.700864578273771e-07,8.064223305717194e-06,0.00018719315688028176,0.0007209479020331587,1.8689636623611843e-05,0.25222039770859395,0.24356079718507256,1.8689636623611843e-05,0.0,0.7225985145189499,1.2267362585526285,0.38235297490804204,0.1217847691256365,0.0,138.1165468192654,101.33124006442817,0.03678530675483724,314.800865112873,3.3747803479789145,0.9657743647839676,7.432704345502985e-07,1.0777421300979329e-08,0.00013487355509350218,0.016141551211661664,0.0
345.0,26.04,216.1,False,2,1796.5999999986363,315.6048534245423,2.575068286448276,0.0005143852208489676,8.808654295580108e-07,8.061666084771545e-06,0.0001871715860246537,0.0007208648247559763,1.868646924001685e-05,0.2516851596517322,0.24307982881390056,1.868646924001685e-05,0.0,0.7225352015424543,1.2267336289375126,0.3823166545583064,0.12188177283675194,0.0,138.13303351834486,101.49777814997282,0.03663525536837204,314.8364483508161,3.374945024132887,0.9657800004658984,7.434927762080652e-07,1.0780645255016946e-08,0.0001348738045487438,0.016141533087568445,0.0
346.0,26.04,216.1,False,2,1822.639999998624,315.6414169368884,2.5726228730364347,0.0005143163536659074,8.916476083955718e-07,8.059119261244017e-06,0.0001871501086570367,0.0007207821075366677,1.868331289435854e-05,0.2511533309001643,0.2426018540700997,1.868331289435854e-05,0.0,0.7224717653334385,1.226731010667914,0.38228048227114925,0.12197876306332618,0.0,138.14955230717257,101.66363894805627,0.036485913359116294,314.8718868766304,3.3751090287642493,0.9657856122441157,7.437127023684384e-07,1.0783834184342357e-08,0.00013487405264162033,0.01614151499160977,0.0
347.0,26.04,216.1,False,2,1848.6799999986117,315.6778314461784,2.5701858916967253,0.0005142477339272042,9.024329595175498e-07,8.056582875398814e-06,0.00018712872428069125,0.0007206997484620859,1.8680167605806777e-05,0.25062488589167903,0.24212684940581203,1.8680167605806777e-05,0.0,0.7224082086254099,1.2267284036327988,0.38224445734810014,0.12207573765928881,0.0,138.16610247394323,101.82882564527806,0.036337276828665166,314.90718137117835,3.3752723650464937,0.9657912002386375,7.439302419959814e-07,1.078698850894173e-08,0.00013487429938574124,0.01614149692499982,0.0
348.0,26.04,216.1,False,2,1874.7199999985994,315.714097656031,2.5677573292436873,0.0005141793602904931,9.13221448517946e-07,8.054056961990352e-06,0.0001871074324025876,0.0007206177456333722,1.8677033390312658e-05,0.2500997991589565,0.24165479147142285,1.8677033390312658e-05,0.0,0.7223445341108737,1.2267258077241256,0.38220857909447437,0.12217269451877757,0.0,138.18268331752844,101.99334141085544,0.03618934190667301,314.9423325116084,3.375435036135679,0.9657967645687644,7.441454235588331e-07,1.079010864160308e-08,0.00013487454479436088,0.016141478888890854,0.0
349.0,26.04,216.1,False,2,1900.759999998587,315.7502162662076,2.5653371719489413,0.0005141112314264848,9.240130414001879e-07,8.051541550568515e-06,0.00018708623253334413,0.0007205360971657182,1.8673910260781002e-05,0.24957804533728706,0.24118565711521364,1.8673910260781002e-05,0.0,0.722280744442685,1.226723222836719,0.3821728468193478,0.12226963157468633,0.0,138.1992941471248,102.1571893967473,0.03604210475037749,314.9773409713816,3.3755970451705672,0.965802305353086,7.443582750447627e-07,1.079319498814906e-08,0.00013487478888035958,0.016141460884376266,0.0
350.0,26.04,216.1,False,2,1926.7999999985748,315.78618797264033,2.5629254055686252,0.0005140433460186128,9.348077045702698e-07,8.049036665769091e-06,0.0001870651241871703,0.0007204548011881467,1.8670798227234676e-05,0.24905959917174364,0.24071942338291075,1.8670798227234676e-05,0.0,0.7222168422353177,1.2267206488681306,0.382137259835532,0.12236654679728101,0.0,138.21593428192324,102.32037273778086,0.03589556154414238,315.0122074202984,3.375758395272745,0.9658078227094865,7.445688239765172e-07,1.07962479476595e-08,0.0001348750316562897,0.016141442912493493,0.0
351.0,26.04,216.1,False,2,1952.8399999985625,315.8220134674584,2.560522015369478,0.0005139757027627024,9.456054048301149e-07,8.046542327589045e-06,0.000187044106881811,0.0007203738558432972,1.8667697296969947e-05,0.24854443552383587,0.2402560675171579,1.8667697296969947e-05,0.0,0.7221528300660898,1.2267180857185256,0.3821018174595507,0.12246343819288504,0.0,138.23260305079017,102.48289455176574,0.03574970849902444,315.0469325245234,3.3759190895467364,0.9658133167551497,7.447770974263897e-07,1.0799267912682651e-08,0.0001348752731343783,0.016141424974226787,0.0
352.0,26.04,216.1,False,2,1978.8799999985501,315.8576934390146,2.558126986153632,0.0005139083003666506,9.564061093711388e-07,8.044058551648218e-06,0.00018702318013849267,0.0007202932592872182,1.8664607474704562e-05,0.2480325293776639,0.23979556695689594,1.8664607474704562e-05,0.0,0.7220887104763218,1.226715533290563,0.382066519011616,0.12256030380262524,0.0,138.24929979196574,102.64475793961374,0.035604541852352,315.08151694661063,3.3760791310801306,0.9658187876065645,7.449831220301467e-07,1.0802255269437127e-08,0.00013487551332652995,0.016141407070509844,0.0
353.0,26.04,216.1,False,2,2004.9199999985378,315.89322857191155,2.5557403022821887,0.0005138411375501215,9.672097857680148e-07,8.04158534943781e-06,0.00018700234348187117,0.0007202130096891664,1.8661528762718136e-05,0.24752385584561004,0.23933789933666452,1.8661528762718136e-05,0.0,0.7220244859724444,1.2267129914892874,0.3820313638156043,0.1226571417012386,0.0,138.26602385277545,102.80596598545452,0.03546005786732093,315.1159613455284,3.3762385229436918,0.9658242353795298,7.451869240003323e-07,1.080521039800482e-08,0.00013487575224435644,0.016141389202228303,0.0
354.0,26.04,216.1,False,2,2030.9599999985255,315.92861954702727,2.5533619476976215,0.0005137742130442538,9.780164019726258e-07,8.039122728556161e-06,0.00018698159643998203,0.0007201331052314151,1.865846116098544e-05,0.24701839017358554,0.2388830424858303,1.865846116098544e-05,0.0,0.7219601590270506,1.226710460222021,0.3819963511990339,0.12275394999593643,0.0,138.282774589356,102.96652175674923,0.03531625283260677,315.1502663766835,3.376397268191481,0.96582966018916,7.453885291389244e-07,1.0808133672514404e-08,0.00013487598989919312,0.0161413713702221,0.0
355.0,26.04,216.1,False,2,2056.999999998513,315.96386704154065,2.5509919059450863,0.000513707525591382,9.888259263081963e-07,8.036670692932838e-06,0.0001869609385441917,0.0007200535441090667,1.8655404667303152e-05,0.24651610774586732,0.23843097442774824,1.8655404667303152e-05,0.0,0.721895732079905,1.2267079393982676,0.381961480493041,0.12285072682532165,0.0,138.2995513663927,103.1264283044049,0.03517312306198781,315.18443269194574,3.3765553698609656,0.9658350621498902,7.455879628494501e-07,1.0811025461317028e-08,0.000134876226302088,0.016141353575287776,0.0
356.0,26.04,216.1,False,2,2083.0399999985007,315.9989717289563,2.548630160192669,0.0005136410739447689,9.996383274635948e-07,8.034229243041043e-06,0.000186940369329151,0.0007199743245298732,1.86523592774099e-05,0.2460169840895379,0.23798167337886073,1.86523592774099e-05,0.0,0.7218312075388974,1.2267054289296144,0.3819267510323574,0.12294747035835965,0.0,138.31635355687106,103.28568866288241,0.03503066489398866,315.21846093967105,3.3767128309731307,0.9658404413754806,7.457852501485164e-07,1.081388612715349e-08,0.000134876461463837,0.01614133581818055,0.0
357.0,26.04,216.1,False,2,2109.0799999984883,316.033934279129,2.5462766932506455,0.0005135748568683499,1.0104535744878019e-06,8.031798376099415e-06,0.00018691988833274955,0.0007198954447140607,1.8649324985100422e-05,0.2455209948785557,0.23753511774773595,1.8649324985100422e-05,0.0,0.7217665877809601,1.2267029287296465,0.3818921621552886,0.1230441787933977,0.0,138.33318054183795,103.44430585030698,0.03488887469153097,315.2523517647249,3.376869654532595,0.965845797979022,7.459804156768238e-07,1.0816716027313946e-08,0.00013487669539498945,0.01614131809961642,0.0
358.0,26.04,216.1,False,2,2135.119999998476,316.06875535828823,2.5439314875897927,0.000513508873136489,1.0212716367845311e-06,8.029378086263275e-06,0.00018689949509607267,0.0007198169028941634,1.864630178233385e-05,0.24502811593747056,0.23709128613405345,1.864630178233385e-05,0.0,0.7217018751529316,1.2267004387138527,0.38185771320369055,0.12314085035723053,0.0,138.35003171017658,103.60228286857586,0.03474774884160072,315.28610580850545,3.3770258435277083,0.9658511320729404,7.461734837097003e-07,1.0819515513790656e-08,0.0001348769281058344,0.016141300420274056,0.0
359.0,26.04,216.1,False,2,2161.1599999984637,316.1034356290614,2.541594525358795,0.0005134431215337432,1.0320924841070064e-06,8.026968364806393e-06,0.0001868791891633586,0.0007197386973148587,1.8643289659336397e-05,0.24453832324482294,0.23665015732754338,1.8643289659336397e-05,0.0,0.7216370719723935,1.2266979587995548,0.381823403522949,0.1232374833042123,0.0,138.3669064583887,103.75962270346287,0.03460728375492585,315.3197237089659,3.37718140093067,0.9658564437690017,7.463644781671246e-07,1.0822284933423307e-08,0.00013487715960646307,0.01614128278079666,0.0
360.0,10.0,120.0,False,2,2187.1999999984514,316.13797575049824,2.5392657884007965,0.000513377600854639,1.0429160865528708e-06,8.024569200293235e-06,0.00018685897008195704,0.0007196608262328079,1.8640288604698968e-05,0.244051592936213,0.23621171030686983,1.8640288604698968e-05,0.0,0.8236154958541946,1.2266954889058201,0.35571667664785855,0.04736331640376702,0.0,42.93845041458053,59.607710515265715,-0.016669260100685188,316.08548133857613,6.082019840397147,0.9977164404342579,7.465534226233436e-07,1.0825024628038484e-08,5.1755947260657075e-05,0.008953713627899925,0.0
361.0,10.0,120.0,False,2,2197.1999999984487,316.12123950338304,2.5326928341370563,0.0005134317407540667,1.0537111520638068e-06,7.983909887988352e-06,0.0001880654239647416,0.0007197126225274882,1.7431018606601804e-05,0.24301433116698892,0.2210690259180662,1.7431018606601804e-05,0.0,0.824477284081343,1.227655403291546,0.35564071412517,0.04753740508503304,0.0,42.85227159186569,59.56429507552877,-0.01671202348366308,316.0687762177237,6.081884651879854,0.9977161317023581,7.42071064132652e-07,1.0760030429923455e-08,5.189042187257167e-05,0.00896288310276145,0.0
362.0,10.0,120.0,False,2,2207.199999998446,316.10455536599716,2.5261226919911617,0.0005135000522076755,1.0644401944979398e-06,7.932449332786561e-06,0.0001880864938536386,0.000719793240359789,1.7378163723469547e-05,0.24164557124658584,0.220579064093416,1.7378163723469547e-05,0.0,0.824330019530579,1.2277003456297073,0.3556577218336114,0.04771260426551681,0.0,42.866998046942086,59.52101483771085,-0.016654016790768764,316.0521231190185,6.081749884283514,0.9977158238901761,7.376479598361996e-07,1.0695895417624895e-08,5.188860172103892e-05,0.008962354523795655,0.0
363.0,10.0,120.0,False,2,2217.199999998443,316.0879289891737,2.5198002734190004,0.000513566290457465,1.0751062560796746e-06,7.883032356626781e-06,0.00018810711358369585,0.0007198721569572966,1.732729630316731e-05,0.24033605628295235,0.22011279848652718,1.732729630316731e-05,0.0,0.824186370829085,1.227743772008107,0.35567470047282407,0.047882700706197996,0.0,42.881362917091494,59.47788446037587,-0.016596521543284375,316.0355276826909,6.081615583253227,0.9977155171023707,7.333893342056605e-07,1.0634145345982078e-08,5.188650386736104e-05,0.008961845613290291,0.0
364.0,10.0,120.0,False,2,2227.1999999984405,316.07135986494166,2.513716370610255,0.0005136304795078186,1.0857116690144674e-06,7.835633433513421e-06,0.00018812730608024569,0.0007199494383287496,1.7278328846240382e-05,0.2390851733066336,0.21966918629123897,1.7278328846240382e-05,0.0,0.8240462800159838,1.2277857401473198,0.3556916488008269,0.048047811330509164,0.0,42.89537199840161,59.434902625554955,-0.016539530627153347,316.018989401621,6.081481744685816,0.9977152113299907,7.292877038897124e-07,1.0574671706400831e-08,5.188450766737296e-05,0.008961355504253263,0.0
365.0,10.0,120.0,False,2,2237.1999999984378,316.0548474923117,2.5078622158628066,0.0005136927195571124,1.0962586602580646e-06,7.790150937600355e-06,0.00018814708871124614,0.0007200251509504337,1.7231178923407172e-05,0.2378899820162564,0.21924724520141667,1.7231178923407172e-05,0.0,0.8239096903143048,1.2278263067044843,0.35570856600367246,0.048208050386507044,0.0,42.9090309685695,59.392068033393976,-0.01648303706482447,316.0025077756592,6.081348364534493,0.9977149065642078,7.253360301495254e-07,1.0517372437168119e-08,5.1882608683671014e-05,0.008960883378439751,0.0
366.0,10.0,120.0,False,2,2247.199999998435,316.03839137731234,2.502229420323976,0.0005137531048028402,1.1067493574472932e-06,7.746489332081838e-06,0.00018816647793188653,0.0007200993578050615,1.718576849195585e-05,0.2367477172738247,0.21884604499300986,1.718576849195585e-05,0.0,0.8237765439472727,1.2278655256994278,0.35572545133202066,0.048363530420134346,0.0,42.92234560527272,59.34937940224723,-0.01642703379697451,315.9860823116618,6.081215438809158,0.9977146027963166,7.21527663509996e-07,1.0462151120894943e-08,5.188080070735461e-05,0.008960428461329011,0.0
367.0,10.0,120.0,False,2,2257.1999999984323,316.02199103306447,2.496809953726596,0.0005138117234619378,1.1171857943579972e-06,7.704559143277848e-06,0.000188185489343805,0.0007201721186083297,1.7142023609735396e-05,0.23565578913375768,0.21846470412837643,1.7142023609735396e-05,0.0,0.8236467822978635,1.2279034486541485,0.355742304096341,0.04851436225994397,0.0,42.93532177021364,59.306835468871114,-0.016371513698657473,315.9697125235659,6.081082963577007,0.9977143000177366,7.178563174429069e-07,1.0408916602922152e-08,5.187907800581048e-05,0.0089599900192708,0.0
368.0,10.0,120.0,False,2,2267.1999999984296,316.00564597983856,2.491596125649388,0.0005138686582358248,1.1275699159975778e-06,7.664276490395301e-06,0.0001882041377493409,0.0007202434900165732,1.709987417306294e-05,0.23461176926034563,0.21810238664621448,1.709987417306294e-05,0.0,0.8235203460720824,1.227940124733299,0.3557591236625283,0.0486606549986883,0.0,42.94796539279175,59.2644349885717,-0.01631646959577995,315.9533979324459,6.080950934962976,0.9977139982200133,7.143160442573718e-07,1.035758264173189e-08,5.1877435291406305e-05,0.008959567356861455,0.0
369.0,10.0,120.0,False,2,2277.199999998427,315.9893557450968,2.4865805679684785,0.0005139239867357971,1.1379035833613008e-06,7.625562655299186e-06,0.00018822243720169633,0.0007203135258187641,1.705925367442864e-05,0.2336133784954553,0.21775829928639603,1.705925367442864e-05,0.0,0.8233971754497712,1.2279756008752747,0.35577590944786497,0.048802515977638544,0.0,42.96028245502287,59.22217673531481,-0.01626189428029194,315.93713806655614,6.080819349150106,0.9977136973948192,7.109012128785735e-07,1.0308067586739316e-08,5.1875867681375263e-05,0.00895915981451901,0.0
370.0,10.0,120.0,False,2,2287.199999998424,315.97311986352014,2.4817562184095054,0.000513977781870186,1.1481885778785524e-06,7.588343690853563e-06,0.00018824040105136323,0.0007203822771142136,1.702009897826904e-05,0.23265847553987934,0.2174316888291974,1.702009897826904e-05,0.0,0.8232772102236819,1.2280099219145673,0.35579266091729517,0.04894005077359012,0.0,42.972278977631795,59.18005950179545,-0.01620778052416365,315.9209324613573,6.080688202379736,0.9977133975339539,7.076064883447842e-07,1.026029408099937e-08,5.187437066159824e-05,0.008958766766239986,0.0
371.0,10.0,120.0,False,2,2297.1999999984214,315.9569378770222,2.4771163051187837,0.0005140301121970691,1.1584266055728757e-06,7.552550064017673e-06,0.00018825804198913665,0.0007204497924772101,1.6982350113262036e-05,0.2317450466384701,0.21712183963056442,1.6982350113262036e-05,0.0,0.8231603899276264,1.2280431306960813,0.35580937757998793,0.049073363188466924,0.0,42.98396100723735,59.138082099474396,-0.01615412109223705,315.9047806595308,6.080557490951634,0.9977130986293454,7.044268128705041e-07,1.021418878662231e-08,5.1872940053982906e-05,0.008958387617522141,0.0
371.28000000015794,10.0,120.0,True,3,0.0,315.95241651721847,2.475849289142207,0.0005215716723083119,1.5716284267258106e-07,1.0208034909552213e-06,0.00018826292524446285,0.0007204684816479289,1.6972024523184352e-05,0.031329638681082184,0.21703799198340507,1.6972024523184352e-05,0.0,0.8233261304665055,1.2282501303644293,0.3558140519459629,0.04910994795196091,0.0,42.96738695334944,59.126353324794984,-0.016158966371445545,315.9002677351044,6.0805209692676625,0.997713015106331,7.059189237188084e-07,1.0235824393922722e-08,0.0,0.008958283776811704,0.0
372.0,10.0,120.0,False,3,7.199999998417117,315.940812114376,2.4695737228480095,0.000515004157442535,1.6450310440191383e-07,7.599113006646934e-06,0.00018827971797949448,0.0007205327484979126,1.692496565349123e-05,0.2333584628370905,0.2165595403043343,1.692496565349123e-05,0.0,0.8230058525008727,1.2281167146699956,0.3558257165240476,0.049285145645075315,0.0,42.999414749912724,59.09625056915178,-0.016096835819239055,315.88868498541774,6.080427233676669,0.997712800724403,7.020733846313867e-07,1.0180064077155108e-08,5.235481263663659e-05,0.008957817862612983,0.0
373.0,10.0,120.0,False,3,17.19999999841221,315.9247402799949,2.4654261378745894,0.0005151527987088326,1.7466303684565012e-07,7.466909633430724e-06,0.0001882965096543342,0.0007205970133260398,1.689100349457986e-05,0.22947968456443188,0.21629559413275165,1.689100349457986e-05,0.0,0.8229002919135208,1.2281495379034382,0.35584237682968445,0.049406869160232986,0.0,43.009970808647914,59.05455895566274,-0.01604458814701483,315.8726431476272,6.080297412012042,0.9977125037771111,6.991816280054734e-07,1.0138133606079365e-08,5.1871728014727596e-05,0.008957473954464315,0.0
374.0,10.0,120.0,False,3,27.199999998407264,315.9087207699648,2.461393248239815,0.0005152008571221292,1.8478144253242356e-07,7.435246752012272e-06,0.00018831310949780097,0.0007206605439545376,1.6857818812493982e-05,0.2286864098051117,0.21604052540308435,1.6857818812493982e-05,0.0,0.8227941167850479,1.228179116841541,0.3558589938137808,0.049526006242712264,0.0,43.020588321495204,59.01300309810792,-0.01599241477661272,315.8566535451543,6.080168013001989,0.9977122077582125,6.963639575382875e-07,1.009727738430517e-08,5.186834188177099e-05,0.008957139890403512,0.0
375.0,10.0,120.0,False,3,37.19999999840232,315.8927532314225,2.4575170093592043,0.0005152472763224481,1.9485965933455503e-07,7.4051799140923796e-06,0.00018832943734753988,0.0007207230335403612,1.682579960093642e-05,0.22794031236683815,0.21579933858666356,1.682579960093642e-05,0.0,0.8226907972969594,1.228207746452855,0.3558755741212442,0.04964137503465132,0.0,43.03092027030405,58.97158208091858,-0.01594066181061453,315.8407158257123,6.080039033796227,0.9977119126615559,6.936415653454637e-07,1.0057802697509223e-08,5.186716000601488e-05,0.0089568173546927,0.0
376.0,10.0,120.0,False,3,47.199999998397374,315.8768372461175,2.4537922337507334,0.0005152925443736857,2.048990432890918e-07,7.376220366717467e-06,0.0001883455024779701,0.0007207845175813947,1.6794902268131335e-05,0.22722645997946503,0.2155715146704745,1.6794902268131335e-05,0.0,0.8225902890716539,1.2282354702999925,0.35589211748692384,0.04975306374141473,0.0,43.0409710928346,58.93029481890917,-0.015889323726074565,315.82482957175034,6.079910471016304,0.997711618479777,6.910107465740627e-07,1.0019655825323909e-08,5.1866035486757326e-05,0.00895650590590826,0.0
377.0,10.0,120.0,False,3,57.19999999839243,315.8609724025454,2.450213733634196,0.0005153367099816513,2.149008967206315e-07,7.348318758045906e-06,0.000188361314119176,0.0007208450314059185,1.6765083417093545e-05,0.22654341919796966,0.2153565351585031,1.6765083417093545e-05,0.0,0.822492532483156,1.2282623205759509,0.35590862364209086,0.04986116445070402,0.0,43.050746751684386,58.889140244397005,-0.01583839349271262,315.8089943724521,6.0797823213382545,0.9977113252056308,6.884678694770841e-07,9.98278410741772e-09,5.186495650057578e-05,0.00895620511434055,0.0
378.0,10.0,120.0,False,3,67.19999999838753,315.84515829620904,2.4467765203397795,0.0005153798174772807,2.2486647050595563e-07,7.321430151301741e-06,0.00018837688108366252,0.0007209046087439101,1.673630164679307e-05,0.22588988758729525,0.2151539052458765,1.673630164679307e-05,0.0,0.8223974682621743,1.2282883281007646,0.35592509234325276,0.049965767495337494,0.0,43.060253173782556,58.848117307878994,-0.015787864134096437,315.7932098239964,6.079654581494716,0.9977110328319971,6.860094750397268e-07,9.94713738807604e-09,5.1863920597813016e-05,0.008955914570155453,0.0
379.0,10.0,120.0,False,3,77.19999999838275,315.8293945295564,2.443475796007257,0.0005154219088503697,2.347969665136374e-07,7.29551198869526e-06,0.0001883922117878542,0.0007209632818093341,1.6708517448536198e-05,0.2252646314149574,0.21496315259783877,1.6708517448536198e-05,0.0,0.8223050376229109,1.2283135224300246,0.355941523370514,0.05006696143659977,0.0,43.069496237708904,58.80722497787169,-0.015737728740162788,315.77747552949546,6.07952724827443,0.9977107413518793,6.836322674470674e-07,9.912667877982478e-09,5.1862925526638035e-05,0.008955633882318612,0.0
380.0,10.0,120.0,False,3,87.19999999837798,315.81368071191093,2.440306944901356,0.0005154630239103333,2.446935399047997e-07,7.270523928470272e-06,0.00018840731427376622,0.0007210210813830884,1.6681693101534572e-05,0.22466648092971325,0.21478382611130306,1.6681693101534572e-05,0.0,0.8222151823176569,1.228337931917061,0.35595791652593234,0.05016483307347183,0.0,43.0784817682343,58.76646224072969,-0.01568798047249539,315.7617910989252,6.079400318521667,0.997710450758403,6.813331047653654e-07,9.879330019097798e-09,5.18619691818853e-05,0.008955362677553876,0.0
381.0,10.0,120.0,False,3,97.1999999983732,315.7980164593994,2.4372655252006097,0.0005155032004271562,2.5455730130317774e-07,7.246427701895747e-06,0.00018842219622927146,0.000721078036890578,1.6655792575269896e-05,0.22409432623133918,0.2146154947569416,1.6655792575269896e-05,0.0,0.8221278446858298,1.2283615837713135,0.35597427163199113,0.05025946745349268,0.0,43.08721553141701,58.72582810045831,-0.0156386125690413,315.746156149053,6.079273789135662,0.997710161044815,6.791089902517199e-07,9.847080358649939e-09,5.1861049593467296e-05,0.00895510059936993,0.0
382.0,10.0,120.0,False,3,107.19999999836843,315.782401394871,2.434347261232416,0.0005155424742614176,2.643893188432718e-07,7.223186981318335e-06,0.00018843686500706188,0.0007211341764742914,1.6630781438171494e-05,0.2235471134602079,0.2144577464962042,1.6630781438171494e-05,0.0,0.8220429676980914,1.2283845041133306,0.35599058853018395,0.05035094788505528,0.0,43.09570323019085,58.685321578504286,-0.015589618348313437,315.73057030335724,6.079147657069946,0.9977098722044818,6.769570642448161e-07,9.815877431549834e-09,5.186016491599333e-05,0.008954847307150104,0.0
383.0,10.0,120.0,False,3,117.19999999836365,315.76683514781695,2.4315480361256085,0.0005155808794843778,2.7419062010470415e-07,7.200767258267627e-06,0.0001884513276424023,0.0007211895270617528,1.6606626772139906e-05,0.22302384127737487,0.2143101872676334,1.6606626772139906e-05,0.0,0.8219604949958835,1.2284067180266154,0.3560068670796964,0.05043935595103539,0.0,43.103950500411635,58.644941713546835,-0.015540991213135201,315.715033191947,6.079021919331696,0.9977095842308883,6.748745965923282e-07,9.785681650588758e-09,5.185931341931797e-05,0.008954602475300671,0.0
384.0,10.0,120.0,False,3,127.19999999835888,315.75131735428386,2.4288638848539916,0.0005156184484890109,2.839621939402683e-07,7.179135730731063e-06,0.00018846559086976405,0.0007212441144291901,1.6583297092482424e-05,0.22252355760972148,0.2141724400374024,1.6583297092482424e-05,0.0,0.8218803709266906,1.228428249606535,0.35602310715618224,0.05052477152366219,0.0,43.11196290733093,58.6046875612724,-0.015492724653941473,315.69954445147516,6.078896572981052,0.9977092971176362,6.728589795739593e-07,9.75645520382241e-09,5.185849347991351e-05,0.008954365792453246,0.0
385.0,10.0,120.0,False,3,137.1999999983541,315.7358476567842,2.4262909876462033,0.0005156552120927673,2.937049922045963e-07,7.158261198804238e-06,0.00018847966113842284,0.0007212979632612359,1.656076227286729e-05,0.22204535663716865,0.21404414390938048,1.656076227286729e-05,0.0,0.8218025405753228,1.228449122006488,0.35603930865062644,0.05060727278053874,0.0,43.119745942467716,58.564558194143274,-0.015444812251675558,315.6841037250496,6.078771615130372,0.9977090108584428,6.709077212827862e-07,9.728161958600401e-09,5.185770357295802e-05,0.008954136960717401,0.0
386.0,10.0,120.0,False,3,147.1999999983493,315.7204257042055,2.4238256637390707,0.0005156911996327733,3.0341993138984725e-07,7.1381139679985695e-06,0.00018849354462709223,0.0007213510972069374,1.653899347493365e-05,0.22158837600118647,0.21392495329040873,1.653899347493365e-05,0.0,0.8217269497914923,1.2284693574815002,0.35605547146828603,0.05068693622172197,0.0,43.127305020850756,58.5245527011614,-0.015397247680310642,315.66871066214225,6.078647042943519,0.9977087254471385,6.690184394308504e-07,9.700767371747332e-09,5.18569422651308e-05,0.008953915694979761,0.0
387.0,10.0,120.0,False,3,157.19999999834454,315.7050511517158,2.4214643654532604,0.0005157264390541173,3.131078941743466e-07,7.118665759556466e-06,0.00018850724725766384,0.0007214035389323485,1.6517963082223466e-05,0.22115179421584974,0.21381453710686124,1.6517963082223466e-05,0.0,0.8216535452139428,1.228488977429428,0.35607159552770584,0.0507638366877794,0.0,43.134645478605705,58.484670187622676,-0.01535002470901697,315.6533649184944,6.078522853635081,0.9977084408776665,6.671888555475289e-07,9.67423840543917e-09,5.185620820802046e-05,0.008953701722246339,0.0
388.0,10.0,120.0,False,3,167.19999999833976,315.68972366066754,2.419203672571531,0.0005157609569917989,3.2276973088967015e-07,7.0998896271871385e-06,0.00018852077470811742,0.0007214553101699436,1.6497644638130292e-05,0.22073482826443708,0.21371257806883853,1.6497644638130292e-05,0.0,0.8215822742913763,1.2285080024299169,0.3560876807598024,0.05083804737873823,0.0,43.14177257086236,58.444909774868776,-0.015303137204006419,315.6380661560214,6.078399044469599,0.9977081571440799,6.654167895420752e-07,9.648543448360091e-09,5.185550013205606e-05,0.008953494781024958,0.0
389.0,10.0,120.0,False,3,177.199999998335,315.67444289849925,2.4170402870012935,0.000515794778846872,3.3240626091126635e-07,7.081759879690182e-06,0.00018853413242465747,0.0007215064317650708,1.6478012787582002e-05,0.22033673136619658,0.21361877197866955,1.6478012787582002e-05,0.0,0.8215130853003955,1.2285264522812551,0.3561037271070112,0.050909639873848465,0.0,43.14869146996044,58.40527060003111,-0.015256579130070669,315.62281404271414,6.078275612760784,0.9977078742405405,6.637001546039305e-07,9.623652241756993e-09,5.1854816840956035e-05,0.008953294620744982,0.0
390.0,10.0,120.0,False,3,187.1999999983302,315.65920853863736,2.414971027704443,0.0005158279288572513,3.4201827397734264e-07,7.0642520089849255e-06,0.0001885473256331316,0.0007215569237196571,1.6459043222199728e-05,0.2199567908993012,0.21353282708062196,1.6459043222199728e-05,0.0,0.8214459273606848,1.2285443460352596,0.356119734522492,0.050978684152082884,0.0,43.15540726393151,58.36575181577602,-0.015210344551844513,315.60760825254084,6.078152555870703,0.9977075921613174,6.620369524166753e-07,9.599535810041792e-09,5.185415720665139e-05,0.008953101001211746,0.0
391.0,10.0,120.0,False,3,197.19999999832544,315.64402026039505,2.412992825878613,0.0005158604301636276,3.5160653144040925e-07,7.0473426231066656e-06,0.00018856035934977885,0.0007216068052333465,1.644071262869198e-05,0.21959432646734922,0.2134544634490099,1.644071262869198e-05,0.0,0.821380750447625,1.2285617020303168,0.356135702969389,0.05104524861330275,0.0,43.16192495523749,58.32635259004298,-0.015164427634805492,315.5924484653465,6.078029871208981,0.9977073109007843,6.604252686632681e-07,9.576166395617388e-09,5.1853520164550464e-05,0.008952913692093287,0.0
392.0,10.0,120.0,False,3,207.19999999832066,315.62887774887156,2.4111027203750814,0.0005158923048708736,3.611717674555564e-07,7.0310093837721586e-06,0.00018857323839135425,0.0007216560947422548,1.642299864026498e-05,0.21924868809787607,0.21338341241206352,1.642299864026498e-05,0.0,0.8213175054025246,1.228578537922685,0.3561516324201422,0.05110940010001826,0.0,43.16824945974753,58.28707210578308,-0.015118822646035554,315.5773343667521,6.077907556231982,0.9977070304534188,6.58863268802193e-07,9.5535173976318e-09,5.185290470928071e-05,0.008952732472437167,0.0
393.0,10.0,120.0,False,3,217.1999999983159,315.6137806948498,2.409297853339588,0.0005159235741053066,3.707146901092622e-07,7.01523094815179e-06,0.00018858596738467132,0.000721704809955491,1.6405879790844838e-05,0.21891925456241448,0.21331941600915963,1.6405879790844838e-05,0.0,0.8212561439406554,1.2285948707161771,0.35616752285584447,0.05117120391967724,0.0,43.174385605934454,58.24790956069288,-0.015073523954758429,315.5622656480524,6.077785608441979,0.9977067508137997,6.573491940955993e-07,9.53156331438619e-09,5.185230989067987e-05,0.008952557130215338,0.0
394.0,10.0,120.0,False,3,227.1999999983111,315.59872879469435,2.407575466063179,0.0005159542580681307,3.802359824922618e-07,6.999986914518646e-06,0.00018859855077560096,0.0007217529678896031,1.6389335471923527e-05,0.2186054318085541,0.2132622264791675,1.6389335471923527e-05,0.0,0.8211966186572467,1.228610716790311,0.35618337426564417,0.0512307238674202,0.0,43.18033813427532,58.20886416695022,-0.015028526032674903,315.5472420061141,6.0776640253863246,0.9977064719766057,6.55881357872104e-07,9.51027968914551e-09,5.185173481016389e-05,0.008952387461895217,0.0
395.0,10.0,120.0,False,3,237.19999999830634,315.5837217502489,2.4059328950311327,0.0005159843760853534,3.8973630371976765e-07,6.985257771474476e-06,0.00018861099283756314,0.0007218005849010795,1.637334589185558e-05,0.21830665149532927,0.21321160577786105,1.637334589185558e-05,0.0,0.8211388830315979,1.2286260919270224,0.35619918664618544,0.05128802224923913,0.0,43.1861116968402,58.16993515094873,-0.01498382345410853,315.53226314327384,6.077542804656638,0.9977061939366133,6.544581420082439e-07,9.489643059119538e-09,5.185117861731983e-05,0.008952223272035147,0.0
396.0,10.0,120.0,False,3,247.19999999830156,315.56875926873374,2.404367568158742,0.0005160139466544539,3.9921628990210616e-07,6.971024850477383e-06,0.00018862329767954536,0.0007218476767170404,1.635789203744357e-05,0.21802236962398247,0.21316732512248004,1.635789203744357e-05,0.0,0.8210828914294568,1.2286410113360315,0.356214960001089,0.051343159905485755,0.0,43.19171085705431,58.13112175303063,-0.014939410895976316,315.5173287672352,6.077421943887966,0.9977059166886955,6.5307799361372e-07,9.46963090739894e-09,5.18506405067996e-05,0.00895206437290271,0.0
397.0,10.0,120.0,False,3,257.19999999829673,315.5538410626426,2.4028770012035086,0.000516042987488043,4.0867655506862976e-07,6.9572702814211985e-06,0.0001886354692536762,0.0007218942584642254,1.634295563766393e-05,0.21775206525687235,0.21312916456168032,1.634295563766393e-05,0.0,0.8210285991037934,1.2286554896789337,0.3562306943404671,0.051396196234673015,0.0,43.197140089620646,58.09242322721975,-0.014895283137599101,315.50243859096616,6.07730144075795,0.997705640227819,6.517394219068387e-07,9.45022161764916e-09,5.185011971543601e-05,0.008951910584114377,0.0
398.0,10.0,120.0,False,3,267.1999999982913,315.53896684964144,2.4014587943439474,0.0005160715155547447,4.181176920475742e-07,6.9439769510380765e-06,0.0001886475113623851,0.0007219403446963981,1.632851912939569e-05,0.2174952393179063,0.2130969125692242,1.632851912939569e-05,0.0,0.8209759621941063,1.2286695410920951,0.3562463896804699,0.0514471892175189,0.0,43.20240378058936,58.05383884095886,-0.014851435060369504,315.48759233259796,6.077181292986013,0.9977053645490437,6.504409952675375e-07,9.431394431379294e-09,5.184961551958102e-05,0.00895176173229509,0.0
399.0,10.0,120.0,False,3,277.1999999982858,315.5241363524655,2.400110628915847,0.000516099547117508,4.2754027330435134e-07,6.9311284639138325e-06,0.00018865942766517295,0.0007219859494202609,1.6314565625022968e-05,0.21725141346843835,0.21307036565990922,1.6314565625022968e-05,0.0,0.820924937724371,1.228683179208421,0.35626204604286427,0.051496195441185715,0.0,43.20750622756289,58.01536787484302,-0.014807861647280134,315.47278971532245,6.077061498332519,0.9977050896475194,6.491813384562116e-07,9.413129407615067e-09,5.1849127232620243e-05,0.00895161765075654,0.0
400.0,10.0,120.0,False,3,287.19999999828036,315.5093492988186,2.398830264297409,0.0005161270977695321,4.369448517406082e-07,6.918709105924998e-06,0.00018867122168502001,0.0007220310861199816,1.630107888179372e-05,0.21702012905308313,0.21304932802631246,1.630107888179372e-05,0.0,0.8208754835997539,1.2286964171780608,0.35627766345463946,0.05154327012366749,0.0,43.2124516400246,57.97700962235723,-0.014764557982332633,315.4580304672912,6.0769420545979775,0.9977048155184852,6.479591299876531e-07,9.39540738482097e-09,5.184865420269067e-05,0.008951478179192923,0.0
401.0,10.0,120.0,False,3,297.1999999982749,315.4946054212726,2.397615534935229,0.000516154182467984,4.46331961456228e-07,6.906703809921429e-06,0.00018868289681445055,0.0007220757677804057,1.6288043272823934e-05,0.21680094611036352,0.21303361119504766,1.6288043272823934e-05,0.0,0.8208275586021876,1.2287092676881104,0.3562932419476395,0.05158846713828337,0.0,43.21724413978123,57.93876338961652,-0.014721519249835288,315.4433143215156,6.076822959622213,0.9977045421572674,6.467730996500145e-07,9.37820994492521e-09,5.184819581055837e-05,0.008951343163393091,0.0
402.0,10.0,120.0,False,3,307.19999999826945,315.479904457167,2.396464347503589,0.0005161808155656672,4.5570211847631224e-07,6.89509812349278e-06,0.0001886944563212793,0.0007221200069090512,1.6275443759644583e-05,0.2165934424435243,0.21302303370132372,1.6275443759644583e-05,0.0,0.8207811223849133,1.2287217429813708,0.3563087815582201,0.05163183903823742,0.0,43.22188776150866,57.90062849510539,-0.014678740733596726,315.42864101576623,6.0767042112835625,0.9977042695592772,6.456220261594981e-07,9.361519379312723e-09,5.184775146763166e-05,0.008951212454968065,0.0
403.0,10.0,120.0,False,3,317.199999998264,315.4652461485101,2.3953746781899925,0.0005162070108407834,4.6505582144505074e-07,6.883878178671229e-06,0.00018870590335405666,0.0007221638155569503,1.6263265866196998e-05,0.21639721274723273,0.21301742078067204,1.6263265866196998e-05,0.0,0.820736135466073,1.2287338548742077,0.35632428232692887,0.05167343708120587,0.0,43.226386453392685,57.86260426942103,-0.014636217816028342,315.4140102924746,6.0765858074980725,0.9977039977200095,6.445047349422035e-07,9.34531865666195e-09,5.184732061416406e-05,0.008951085911092954,0.0
404.0,10.0,120.0,False,3,327.19999999825853,315.45063024188124,2.3943445701002948,0.0005162327815249268,4.743935522882666e-07,6.873030663433855e-06,0.00018871724094723184,0.0007222072053384124,1.625149565418742e-05,0.21621186778621904,0.21301660407678674,1.625149565418742e-05,0.0,0.8206925592214551,1.2287456147735787,0.35633974429820603,0.05171331125391755,0.0,43.230744077854474,57.824690055019545,-0.01459394597716507,315.399421898635,6.076467746218715,0.9977037266350409,6.434200960351184e-07,9.329591392509218e-09,5.184690271750061e-05,0.00895096339426242,0.0
405.0,10.0,120.0,False,3,337.1999999982531,315.43605648833244,2.3933721307772355,0.0005162581403294313,4.837157768463121e-07,6.862542794879282e-06,0.00018872847202605104,0.0007222501874497704,1.6240119699718315e-05,0.2160370336222481,0.21302042136451702,1.6240119699718315e-05,0.0,0.8206503558764521,1.2287570336932527,0.35635516752010626,0.05175151029669444,0.0,43.234964412354785,57.78688520596138,-0.014551920793606598,315.38487558570694,6.076350025434596,0.9977034563000281,6.423670220987729e-07,9.314321820432208e-09,5.1846497270535545e-05,0.00895084477205884,0.0
406.0,10.0,120.0,False,3,347.1999999982476,315.42152464329405,2.3924555298264716,0.0005162830994701839,4.930229454788857e-07,6.852402293963585e-06,0.00018873959941120621,0.0007222927726871752,1.6229125071120364e-05,0.21587235088606105,0.2130287162870675,1.6229125071120364e-05,0.0,0.8206094884973245,1.228768122269282,0.35637055204403706,0.05178808172792043,0.0,43.239051150267535,57.7491890876661,-0.014510137937398568,315.3703711095205,6.076232643170177,0.997703186710706,6.413444665347883e-07,9.299494764754431e-09,5.1846103790208014e-05,0.008950729916932413,0.0
407.0,10.0,120.0,False,3,357.19999999824216,315.4070344664786,2.3915929966446563,0.0005163076706910121,5.023154936432446e-07,6.842597361688862e-06,0.00018875062582324984,0.0007223349714634932,1.621849930791272e-05,0.21571747409125636,0.21304133810660172,1.621849930791272e-05,0.0,0.8205699209818332,1.2287788907747623,0.3563858979245172,0.051823071868411924,0.0,43.24300790181667,57.71160107666318,-0.01446859317484651,315.35590823018055,6.076115597484518,0.9977029178628863,6.403514217017126e-07,9.285095614674833e-09,5.18457218161468e-05,0.008950618705992492,0.0
408.0,10.0,120.0,False,3,367.1999999982367,315.3925857217875,2.3907828182443462,0.000516331865285739,5.115938424471982e-07,6.833116656646228e-06,0.00018876155388678842,0.0007223767938243565,1.6208230400825122e-05,0.21557207098722783,0.21305814146741692,1.6208230400825122e-05,0.0,0.8205316180493027,1.2287893491339132,0.3564012052189485,0.05185652586566207,0.0,43.246838195069714,57.67412056034939,-0.014427282365279672,315.3414867119735,6.075998886470509,0.9977026497524555,6.393869172233242e-07,9.271110299738202e-09,5.1845350909366576e-05,0.008950511020809473,0.0
409.0,10.0,120.0,False,3,377.19999999823125,315.37817817721873,2.3900233371708985,0.0005163556941189962,5.20858399178183e-07,6.823949273823228e-06,0.00018877238613446842,0.0007224182494634195,1.619830677281999e-05,0.21543582194858138,0.21307898617097645,1.619830677281999e-05,0.0,0.8204945452301879,1.2287995069355273,0.3564164739874047,0.05188848771793467,0.0,43.250545476981195,57.63674693675023,-0.014386201459769033,315.3271063232754,6.075882508254134,0.9977023823753731,6.384500183837621e-07,9.25752526656455e-09,5.184499065108341e-05,0.008950406747226646,0.0
410.0,10.0,120.0,False,3,387.1999999982258,315.3638116047761,2.389312949506756,0.0005163791676458763,5.301095578096399e-07,6.8150847245916765e-06,0.00018878312501076667,0.0007224593477368672,1.6188717261056004e-05,0.2153084193985891,0.2131037369620934,1.6188717261056004e-05,0.0,0.8204586688551907,1.2288093734458085,0.35643170429243304,0.051919000298184845,0.0,43.25413311448092,57.59947961428374,-0.014345346499802816,315.31276683646104,6.0757664609937345,0.9977021157276708,6.375398246043318e-07,9.244327456762811e-09,5.184464064158449e-05,0.008950305775181373,0.0
411.0,10.0,120.0,False,3,397.19999999822033,315.3494857803786,2.388650102958792,0.0005164022959305036,5.393476994858469e-07,6.806512917798524e-06,0.0001887937728755961,0.0007225000976772158,1.617945109973854e-05,0.2151895672644714,0.21313226332564417,1.617945109973854e-05,0.0,0.8204239560439841,1.228818957620642,0.35644689619887043,0.05194810537778751,0.0,43.257604395601575,57.56231801152539,-0.014304713615923816,315.2984680278135,6.075650742879277,0.9977018498054498,6.366554679970772e-07,9.23150428595762e-09,5.1844300499198116e-05,0.008950207998535114,0.0
412.0,10.0,120.0,False,3,407.1999999982149,315.3352004837726,2.3880332950246626,0.0005164250886635894,5.485731929862865e-07,6.798224141888498e-06,0.00018880433200773697,0.0007225405080064452,1.617049790380701e-05,0.2150789804624076,0.21316443929317866,1.617049790380701e-05,0.0,0.8203903746935974,1.2288282681173186,0.3564620497736701,0.051975843650051035,0.0,43.26096253064024,57.52526155698108,-0.014264299026340837,315.2842096774369,6.075535352131641,0.9977015846048801,6.357961119907423e-07,9.219043623865764e-09,5.1843969859296265e-05,0.008950113314911766,0.0
413.0,10.0,120.0,False,3,417.1999999982094,315.32095549844496,2.387461071234314,0.0005164475551790394,5.577863951705688e-07,6.790209047992394e-06,0.00018881480460810433,0.0007225805871485066,1.6161847653411146e-05,0.2149763844104005,0.21320014325889072,1.6161847653411146e-05,0.0,0.8203578934665011,1.228837313305744,0.35647716508574084,0.052002254753502064,0.0,43.26421065334988,57.48830968886061,-0.014224099035510734,315.26999156916906,6.075420287001923,0.9977013201221985,6.349609500247852e-07,9.206933775359386e-09,5.184364837339738e-05,0.008950021625543814,0.0
414.0,10.0,120.0,False,3,427.19999999820396,315.306750611537,2.3869320234630167,0.0005164697044696746,5.669876514048682e-07,6.782458633918999e-06,0.00018882519280286048,0.0007226203432412347,1.6153490679131803e-05,0.21488151456718577,0.2132392578044095,1.6153490679131803e-05,0.0,0.8203264817784419,1.2288461012791632,0.35649224220579745,0.05202737729492383,0.0,43.267351822155796,57.451461854855104,-0.014184110032699308,315.2558134904961,6.0753055457707426,0.997701056353707,6.341492043075737e-07,9.195163462459819e-09,5.184333570828006e-05,0.008949932835125917,0.0
415.0,10.0,120.0,False,3,437.1999999981985,315.29258561376054,2.3864447883125126,0.0005164915452021195,5.761772959707801e-07,6.774964228994624e-06,0.0001888354986463804,0.0007226597841476981,1.614541764790489e-05,0.21479411599557258,0.2132816695319203,1.614541764790489e-05,0.0,0.8202961097860587,1.2288546398644122,0.3565072812062195,0.05205124887213397,0.0,43.27038902139412,57.414717511919214,-0.014144328490525097,315.2416752324684,6.075191126747547,0.9977007932957714,6.333601246350853e-07,9.183721807208737e-09,5.184303154521868e-05,0.008949846851675462,0.0
416.0,10.0,120.0,False,3,447.19999999819305,315.27846029931595,2.385998045557049,0.0005165130857309079,5.853556524574499e-07,6.767717479696854e-06,0.00018884572412407907,0.0007226989174670209,1.6137619549609655e-05,0.21471394294866453,0.21332726890514842,1.6137619549609655e-05,0.0,0.8202667483743321,1.228862936631741,0.3565222821609206,0.0520739060964882,0.0,43.27332516256678,57.37807612605824,-0.014104750963491461,315.2275765896189,6.075077028269979,0.9977005309448203,6.325929872666924e-07,9.17259831536704e-09,5.184273557919735e-05,0.008949763586399708,0.0
417.0,10.0,120.0,False,3,457.1999999981876,315.2643744658095,2.385590516651236,0.0005165343341118629,5.945230341377792e-07,6.760710336033291e-06,0.00018885587115510832,0.0007227377505447047,1.6130087684284024e-05,0.21464075847756878,0.213375950097793,1.6130087684284024e-05,0.0,0.8202383691438804,1.2288709989042068,0.35653724514522644,0.052095384615099945,0.0,43.276163085611955,57.341537172114094,-0.014065374086502139,315.2135173598804,6.0749632487031855,0.9977002692973425,6.318470938547254e-07,9.161782860893518e-09,5.184244751821061e-05,0.008949682953569177,0.0
418.0,10.0,120.0,False,3,467.19999999818214,315.25032791417533,2.3852209632968617,0.0005165552981147833,6.036797443294682e-07,6.753935038620719e-06,0.00018886594159492885,0.0007227762904824737,1.6122813649934252e-05,0.2145743340592549,0.2134276108489691,1.6122813649934252e-05,0.0,0.8202109443981562,1.2288788337666787,0.3565521702357602,0.05211571913276231,0.0,43.27890556018437,57.30510013356213,-0.014026194573377757,315.19949734450796,6.074849786439188,0.9977000083498868,6.311217704249825e-07,9.151265671162248e-09,5.184216708260206e-05,0.008949604870396932,0.0
419.0,10.0,120.0,False,3,477.1999999981767,315.236320448596,2.384888186065906,0.000516575985235489,6.128260767416122e-07,6.7473841064210445e-06,0.00018887593723776623,0.0007228145441476746,1.6115789330905116e-05,0.21451444924336066,0.2134821523253175,1.6115789330905116e-05,0.0,0.820184447130555,1.2288864480744583,0.35656705751033646,0.05213494343356689,0.0,43.28155528694448,57.26876450230598,-0.013987209215361496,315.18551634799934,6.07473663989626,0.9976997480990598,6.30416366405171e-07,9.14103731287498e-09,5.184189400443554e-05,0.008949529256923423,0.0
420.0,10.0,120.0,False,3,487.1999999981712,315.2223518764265,2.3845910230772116,0.0005165964027072582,6.219623158075305e-07,6.7410503250953935e-06,0.00018888585981895515,0.0007228525181822492,1.6109006886781812e-05,0.2144608913167858,0.21353947898939368,1.6109006886781812e-05,0.0,0.8201588510114761,1.2288938484615448,0.356581907047861,0.052153090402207634,0.0,43.28411489885238,57.23252977847971,-0.013948414879627329,315.1715741780193,6.074623807518291,0.997699488541525,6.297302536987991e-07,9.131088678632587e-09,5.184162802692317e-05,0.008949456035906623,0.0
421.0,10.0,120.0,False,3,497.19999999816577,315.20842200811876,2.384328348724332,0.0005166165575116946,6.310887370044683e-07,6.734926735939511e-06,0.0001888957110171792,0.0007228902190113076,1.610245874179472e-05,0.2144134549850329,0.21359949847401805,1.610245874179472e-05,0.0,0.8201341303753477,1.2289010413485524,0.35659671892823935,0.05217019204496543,0.0,43.28658696246522,57.19639547025226,-0.01390980850778704,315.1576706453241,6.0745112877741905,0.9976992296740008,6.290628258019436e-07,9.121410974128182e-09,5.1841368903834516e-05,0.008949385132717131,0.0
422.0,10.0,120.0,False,3,507.1999999981603,315.19453065714765,2.384099072452272,0.0005166364563890578,6.402056071607766e-07,6.729006625365943e-06,0.00018890549245661063,0.0007229276528513175,1.6096137574700353e-05,0.21437194206929633,0.21366212146226843,1.6096137574700353e-05,0.0,0.8201102602076548,1.2289080329503095,0.35661149323228925,0.0521862795103655,0.0,43.28897397923451,57.16036109363535,-0.01387138711440084,315.14380556368786,6.0743990791572875,0.9976989714932599,6.284134969606219e-07,9.111995705929018e-09,5.184111639902492e-05,0.008949316475238028,0.0
423.0,10.0,120.0,False,3,517.1999999981549,315.1806776399396,2.383902137580906,0.0005166561058480872,6.493131847511442e-07,6.723283514901585e-06,0.00018891520570895576,0.000722964825717934,1.6090036309114224e-05,0.21433616121837562,0.21372726157280908,1.6090036309114224e-05,0.0,0.8200872161319793,1.228914829283142,0.3566262300416598,0.05220138310950281,0.0,43.291278386802055,57.12442617229825,-0.013833147785496195,315.12997874983097,6.074287180184745,0.9976987139961276,6.277817013666086e-07,9.102834669815826e-09,5.184087028590155e-05,0.0089492499937692,0.0
424.0,10.0,120.0,False,3,527.1999999981495,315.1668627758007,2.3837365201730156,0.0005166755121753511,6.584117201804234e-07,6.7177511516702765e-06,0.00018892485229541156,0.0007230017434334872,1.6084148104270988e-05,0.21430592763457149,0.21379483525029763,1.6084148104270988e-05,0.0,0.8200649743970736,1.2289214361718623,0.35664092943875697,0.052215532336031836,0.0,43.29350256029263,57.08859023738178,-0.01379508767708915,315.11619002334874,6.074175589396999,0.9976984571794807,6.271668923895663e-07,9.093919939648712e-09,5.1840630347008685e-05,0.0089491856209359,0.0
425.0,10.0,120.0,False,3,537.199999998144,315.15308588684854,2.383601227944968,0.0005166946814441462,6.675014560565653e-07,6.712403499333111e-06,0.0001889344336885361,0.000723038411634143,1.6078466346191102e-05,0.21428106281273743,0.21386476166058616,1.6078466346191102e-05,0.0,0.8200435118639936,1.2289278592564816,0.3566555915066724,0.05222875588581558,0.0,43.29564881360063,57.0528528273203,-0.013757204013719672,315.1024392066428,6.074064305357183,0.997698201040246,6.265685418436899e-07,9.085243856733504e-09,5.184039637353712e-05,0.008949123291601357,0.0
426.0,10.0,120.0,False,3,547.1999999981385,315.13934679794363,2.3834952992181613,0.0005167136195229716,6.765826274531498e-07,6.707234729460306e-06,0.00018894395131403935,0.0007230748357767555,1.6072984639232167e-05,0.21426139429176327,0.21393696259048633,1.6072984639232167e-05,0.0,0.8200228059932912,1.2289341039986432,0.35667021632911894,0.052241081676233085,0.0,43.297719400670864,57.01721348766514,-0.013719494086994273,315.08872612485334,6.073953326650594,0.9976979455753994,6.259861392869548e-07,9.076799019660845e-09,5.184016816496095e-05,0.008949062942783192,0.0
427.0,10.0,120.0,False,3,557.1999999981331,315.1256453366233,2.3834178019094847,0.0005167323320836077,6.856554621619723e-07,6.702239213310242e-06,0.00018895340655249718,0.000723111021145429,1.606769679800586e-05,0.21424675541777152,0.21401136235185875,1.606769679800586e-05,0.0,0.8200028348323057,1.2289401756878153,0.3566848039903685,0.05225253686514105,0.0,43.299716516769415,56.981671770912385,-0.01368195525414297,315.0750506057925,6.073842651884148,0.9976976907819642,6.254191913513438e-07,9.068578274594485e-09,5.1839945528625586e-05,0.008949004513573444,0.0
428.0,10.0,120.0,False,3,567.1999999981276,315.1119813330364,2.3833678325590832,0.0005167508246088132,6.947201809361257e-07,6.6974115139932785e-06,0.00018896280074099227,0.0007231469728577973,1.6062596839641924e-05,0.21423698511838604,0.21408788768981057,1.6062596839641924e-05,0.0,0.8199835770025378,1.2289460794472247,0.3566993545751965,0.05226314786949034,0.0,43.30164229974621,56.946227236333414,-0.013644584936587201,315.06141247987955,6.0737322796858635,0.9976974366570107,6.248672211024017e-07,9.060574705984825e-09,5.183972827938453e-05,0.00894894794506207,0.0
429.0,10.0,120.0,False,3,577.1999999981222,315.0983546198806,2.3833445153938495,0.0005167691023996675,7.0377699772399e-07,6.6927463789989074e-06,0.0001889721351746865,0.0007231826958710434,1.605767897638215e-05,0.21423192768744467,0.21416646769478975,1.605767897638215e-05,0.0,0.8199650116871449,1.2289518202395662,0.3567138681688272,0.052272940383594146,0.0,43.3034988312855,56.91087944981237,-0.013607380618526867,315.0478115800781,6.073622208704333,0.9976971831976545,6.243297674267008e-07,9.052781627687161e-09,5.183951623925244e-05,0.008948893180263697,0.0
430.0,10.0,120.0,False,3,587.1999999981167,315.0847650603974,2.3833448197588996,0.000516787176552207,7.128261144406388e-07,6.6882327303904565e-06,0.00018898110414199972,0.0007232170202519569,1.6054419227857787e-05,0.2142312400104824,0.21426680753141863,1.6054419227857787e-05,0.0,0.8199457658199651,1.2289561390557815,0.3567283686413584,0.052282004594457955,0.0,43.30542341800347,56.8756280564658,-0.013570204638462329,315.03424776983826,6.073512437834883,0.9976969304015774,6.23804324300792e-07,9.045162702361485e-09,5.1839340451501656e-05,0.008948858017976765,0.0
431.0,10.0,120.0,False,3,597.1999999981113,315.0712127240807,2.3833565442496245,0.0005168051104144634,7.218676539928416e-07,6.683806971124121e-06,0.0001889896608903673,0.0007232497670915405,1.605304302300641e-05,0.21423289243143662,0.2143919610333508,1.605304302300641e-05,0.0,0.8199252801787573,1.228958844573781,0.35674285953430174,0.0522907048607218,0.0,43.307471982124255,56.84047323643007,-0.013533001254305815,315.02072111847184,6.073402967638854,0.9976966782702968,6.232848676454893e-07,9.037630580859594e-09,5.18392195521689e-05,0.008948837888639802,0.0
432.0,10.0,120.0,False,3,607.1999999981058,315.0576975295381,2.383377863566997,0.0005168229243350033,7.309017058336731e-07,6.679448771789968e-06,0.00018899818986150316,0.0007232824076201515,1.6051694901721387e-05,0.21423623917206663,0.21451718220056656,1.6051694901721387e-05,0.0,0.8199051132530871,1.228961519996983,0.35675731110864456,0.05229909563525121,0.0,43.30948867469127,56.80541477844272,-0.013495926103751443,315.00723154469057,6.073293797458793,0.9976964268025227,6.227717767661751e-07,9.03019076310954e-09,5.183910025695663e-05,0.008948818053048185,0.0
433.0,10.0,120.0,False,3,617.1999999981003,315.04421934887716,2.3834086381642154,0.0005168406194573839,7.399283616666739e-07,6.675157094334845e-06,0.00018900669122070445,0.0007233149424704955,1.6050374415145915e-05,0.21424125235191552,0.2146424663971205,1.6050374415145915e-05,0.0,0.8198852612214133,1.2289641657469854,0.35677172349399155,0.05230718103158058,0.0,43.31147387785867,56.77045235062053,-0.013458978472761864,314.9937789207945,6.073184926261636,0.9976961759960984,6.222649656029637e-07,9.022842001242975e-09,5.183898199371509e-05,0.008948798507398707,0.0
434.0,10.0,120.0,False,3,627.1999999980949,315.0307780549212,2.383448730302914,0.0005168581968053889,7.489477119559492e-07,6.670931020640473e-06,0.0001890151651196299,0.0007233473722230853,1.6049081178341442e-05,0.21424790783292222,0.21476780982089486,1.6049081178341442e-05,0.0,0.8198657202464856,1.2289667821877908,0.3567860968202115,0.0523149651210937,0.0,43.31342797535142,56.735585622937776,-0.013422157647586353,314.9803631197984,6.073076353020101,0.997695925848879,6.217643493583632e-07,9.015583065696266e-09,5.183886474644688e-05,0.00894877924781816,0.0
435.0,10.0,120.0,False,3,637.1999999980894,315.0173735212048,2.3834980040807388,0.0005168756573881429,7.579598459451469e-07,6.666769647394521e-06,0.0001890236117083456,0.0007233796974523375,1.6047814812160026e-05,0.21425618185406797,0.21489320872815298,1.6047814812160026e-05,0.0,0.8198464865299461,1.2289693696781587,0.35680043121650723,0.052322451931705476,0.0,43.31535134700538,56.700814267214746,-0.013385462920209363,314.9669840154274,6.072968076712657,0.9976956763587311,6.212698445391246e-07,9.008412745817307e-09,5.183874850092727e-05,0.00894876027049133,0.0
436.0,10.0,120.0,False,3,647.199999998084,315.00400562196785,2.383556325404069,0.0005168930022006608,7.669648516762026e-07,6.662672085532993e-06,0.00018903203113535002,0.0007234119187266672,1.604657494314085e-05,0.2142660510154851,0.21501865943250933,1.604657494314085e-05,0.0,0.819827556312075,1.228971928571695,0.3568147268114205,0.05232964544819924,0.0,43.31724436879249,56.6661379571026,-0.013348893588310111,314.9536414821109,6.072860096323464,0.9976954275235331,6.207813689322736e-07,9.001329849517968e-09,5.183863324318902e-05,0.008948741571659946,0.0
437.0,10.0,120.0,False,3,657.1999999980785,314.99067423214944,2.3836235619610973,0.0005169102322241145,7.759628160077384e-07,6.658637459963871e-06,0.00018904042354759765,0.0007234440366085791,1.6045361203408305e-05,0.21427749227154153,0.21514415830391875,1.6045361203408305e-05,0.0,0.8198089258715396,1.2289744592169458,0.3568289837328374,0.052336549612568825,0.0,43.31910741284602,56.63155636806633,-0.013312448955220305,314.9403353949765,6.0727524108423285,0.9976951793411746,6.202988415815963e-07,8.994333202933146e-09,5.1838518959508844e-05,0.00894872314762166,0.0
438.0,10.0,120.0,False,3,667.199999998073,314.97737922738327,2.383699583195381,0.0005169273484260897,7.849538246331259e-07,6.654664909298516e-06,0.0001890487890905234,0.0007234760516547609,1.604417323057256e-05,0.21429048292410746,0.21526970176766963,1.604417323057256e-05,0.0,0.8197905915251321,1.2289769619574817,0.3568432021079902,0.05234316832435945,0.0,43.320940847486774,56.59706917737431,-0.013276128329887534,314.92706562984546,6.072645019264674,0.9976949318095567,6.198221827647067e-07,8.987421650088248e-09,5.1838405636437214e-05,0.00894870499472906,0.0
439.0,10.0,120.0,False,3,677.1999999980676,314.9641204839908,2.3837842602798744,0.0005169443517608417,7.939379620982199e-07,6.650753585588813e-06,0.00018905712790806515,0.0007235079644161689,1.604301066763186e-05,0.21430500061599062,0.2153952863034235,1.604301066763186e-05,0.0,0.8197725496275096,1.2289794371319844,0.35685738206346457,0.05234950544101027,0.0,43.322745037249035,56.56267606407981,-0.013239931026830774,314.9138320632259,6.072537920591474,0.9976946849265916,6.193513139705213e-07,8.98059405257256e-09,5.183829326077668e-05,0.008948687109388682,0.0
440.0,10.0,120.0,False,3,687.1999999980621,314.9508978789767,2.3838774660914233,0.0005169612431695414,8.029153118187689e-07,6.646902654070791e-06,0.00018906544014268714,0.0007235397754381188,1.604187316287719e-05,0.21432102332451283,0.21552090844425312,1.604187316287719e-05,0.0,0.8197547965709336,1.2289818850743306,0.356871523725202,0.05235556477819494,0.0,43.324520342906624,56.528376709008725,-0.013203856366102102,314.9006345723081,6.072431113829224,0.997694438690203,6.188861578773266e-07,8.973849289221238e-09,5.1838181819573734e-05,0.008948669488060071,0.0
441.0,10.0,120.0,False,3,697.1999999980567,314.93771129002295,2.38397907518569,0.0005169780235805174,8.118859560975104e-07,6.643111292914093e-06,0.00018907372593540198,0.0007235714852603691,1.6040760369798845e-05,0.2143385293552452,0.21564656477571317,1.6040760369798845e-05,0.0,0.8197373287850065,1.228984306113675,0.35688562721850486,0.05236135011016368,0.0,43.32626712149934,56.49417079474527,-0.013167903673245931,314.8874730349587,6.0723245979898905,0.9976941930983255,6.184266383312455e-07,8.96718625580306e-09,5.1838071300107976e-05,0.00894865212725482,0.0
442.0,10.0,120.0,False,3,707.1999999980512,314.9245605954834,2.3840889637725464,0.0005169946939094923,8.208499761409571e-07,6.639378692977176e-06,0.00018908198542579277,0.0007236030944172056,1.6039671946994913e-05,0.2143574973358834,0.215772251934927,1.6039671946994913e-05,0.0,0.8197201427364018,1.2289867005745259,0.3568996926680404,0.05236686517008367,0.0,43.327985726359806,56.46005800561735,-0.013132072279257542,314.8743473297154,6.072218372090862,0.9976939481489047,6.179726803252216e-07,8.960603864715714e-09,5.1837961689881265e-05,0.008948635023535673,0.0
443.0,10.0,120.0,False,3,717.1999999980458,314.91144567437766,2.3842070096918735,0.0005170112550598138,8.298074520758828e-07,6.635704057568121e-06,0.00018909021875203463,0.0007236346034375248,1.603860755808172e-05,0.21437790621027306,0.21589796660970206,1.603860755808172e-05,0.0,0.8197032349286019,1.228989068776829,0.3569137201978463,0.052372113650380844,0.0,43.3296765071398,56.42603802768027,-0.01309636152054047,314.8612573357806,6.072112435154911,0.997693703839897,6.175242099783908e-07,8.954101044686667e-09,5.183785297665838e-05,0.00894861817351563,0.0
444.0,10.0,120.0,False,3,727.1999999980403,314.89836640638714,2.384333092389805,0.0005170277079226798,8.387584629655109e-07,6.632086602211232e-06,0.00018909842605091597,0.000723666012844914,1.603756687160631e-05,0.21439973523255726,0.21602370553764044,1.603756687160631e-05,0.0,0.8196866019016316,1.2289914110360431,0.35692770993133294,0.05237709920307863,0.0,43.331339809836834,56.3921105487072,-0.013060770738870367,314.8482029330175,6.072006786210156,0.9976934601692699,6.170811545160137e-07,8.947676740482199e-09,5.18377451483857e-05,0.008948601573857053,0.0
445.0,10.0,120.0,False,3,737.1999999980349,314.88532267184854,2.384467092895369,0.0005170440533773582,8.477030868254161e-07,6.628525554418654e-06,0.00018910660745785892,0.0007236973231577311,1.6036549560960484e-05,0.21442296396147723,0.21614946550529526,1.6036549560960484e-05,0.0,0.8196702402317845,1.2289937276632128,0.35694166199128946,0.05238182544013879,0.0,43.332975976821544,56.358275258172114,-0.01302529928135057,314.8351840019439,6.071901424290003,0.9976932171350013,6.166434422497153e-07,8.941329912620872e-09,5.183763819325627e-05,0.008948585221270825,0.0
446.0,10.0,120.0,False,3,747.1999999980294,314.87231435174897,2.384608893797543,0.0005170602922914038,8.566414006391412e-07,6.6250201534672325e-06,0.00018911476310693988,0.0007237285348891815,1.60355553042968e-05,0.21444757225478767,0.2162752433473285,1.60355553042968e-05,0.0,0.8196541465313592,1.2289960189650464,0.35695557649988713,0.05238629593380021,0.0,43.334585346864074,56.32453184723671,-0.01298994650037264,314.82220042372694,6.071796348433116,0.9976929747350801,6.162110025582193e-07,8.93505953709418e-09,5.183753209966641e-05,0.008948569112515493,0.0
447.0,10.0,120.0,False,3,757.1999999980239,314.85934132772087,2.3847583792227036,0.0005170764255208671,8.655734803735401e-07,6.6215696501806654e-06,0.0001891228931309092,0.0007237596485473951,1.603458378444631e-05,0.21447354026380885,0.21640103594568977,1.603458378444631e-05,0.0,0.8196383174483852,1.2289982852439858,0.35696945357868337,0.0523905142169172,0.0,43.33616825516147,56.29088000873765,-0.012954711753576185,314.8092520801782,6.07169155768337,0.9976927329675056,6.157837658684804e-07,8.928864605092966e-09,5.183742685622387e-05,0.008948553244396461,0.0
448.0,10.0,120.0,False,3,767.1999999980185,314.8464034820363,2.384915434812461,0.0005170924539105024,8.744994009938454e-07,6.61817330671612e-06,0.00018913099766121119,0.0007237906646355017,1.6033634688837874e-05,0.21450084842809458,0.21652684022881677,1.6033634688837874e-05,0.0,0.8196227496663522,1.229000526798277,0.3569832933486272,0.052394483783297745,0.0,43.33772503336477,56.25731943717167,-0.012919594403806897,314.7963388537481,6.071587051089805,0.9976924918302876,6.153616636371927e-07,8.922744122739295e-09,5.1837322451723416e-05,0.008948537613765158,0.0
449.0,10.0,120.0,False,3,777.199999998013,314.833500697602,2.385079947701884,0.0005171083782939671,8.834192364784742e-07,6.614830396356113e-06,0.00018913907682800317,0.0007238215836517046,1.60327077094193e-05,0.2145294774702287,0.21665265317084814,1.60327077094193e-05,0.0,0.8196074399039401,1.229002743922043,0.3569970959300625,0.05239820808804034,0.0,43.339256009605975,56.22384982868242,-0.012884593819076444,314.7834606275207,6.0714828277065935,0.9976922513214463,6.149446283327109e-07,8.916697110824308e-09,5.1837218875184794e-05,0.008948522217518276,0.0
450.0,10.0,120.0,False,3,787.1999999980076,314.8206328579539,2.385251806498088,0.0005171241994940208,8.923330598335743e-07,6.611540203304642e-06,0.00018914713076017417,0.0007238524060893517,1.603180254257993e-05,0.2145594083907311,0.21677847179085669,1.603180254257993e-05,0.0,0.8195923849147447,1.229004936905348,0.35701086144273303,0.05240169054787021,0.0,43.34076150852552,56.19047088104673,-0.012849709372521211,314.7706172852084,6.071378886592985,0.9976920114390121,6.145325934173404e-07,8.910722604551436e-09,5.183711611580664e-05,0.008948507052596977,0.0
451.0,10.0,120.0,False,3,797.1999999980021,314.8077998472531,2.3854309012591877,0.0005171399183227148,9.012409431073151e-07,6.60830202248837e-06,0.00018915515958536325,0.0007238831324370063,1.6030918889075043e-05,0.21459062246307956,0.2169042931520852,1.6030918889075043e-05,0.0,0.8195775814870084,1.2290071060342678,0.3570245900057851,0.052404934541474185,0.0,43.34224185129914,56.157182293663524,-0.012814940442364382,314.75780871114785,6.07127522681328,0.9976917721810258,6.141254933300452e-07,8.904819653285656e-09,5.183701416297732e-05,0.00894849211598614,0.0
452.0,10.0,120.0,False,3,807.1999999979967,314.7950015502795,2.3856171234736196,0.0005171555355815826,9.101429574039305e-07,6.605115159361725e-06,0.0001891631634299784,0.0007239137631785187,1.6030056453951608e-05,0.21462310122884753,0.21703011436121888,1.6030056453951608e-05,0.0,0.8195630264433423,1.2290092515909514,0.3570382817377735,0.05240794340983559,0.0,43.34369735566575,56.12398376753862,-0.012780286411872866,314.7450347902939,6.071171847436781,0.9976915335455383,6.137232634694317e-07,8.898987320306761e-09,5.183691300628579e-05,0.008948477404713613,0.0
453.0,10.0,120.0,False,3,817.1999999979912,314.7822378524275,2.3858103660397996,0.0005171710520618247,9.190391728975176e-07,6.601978929716359e-06,0.00018917114241921368,0.0007239442987930925,1.6029214946475517e-05,0.21465682649293918,0.21715593256765858,1.6029214946475517e-05,0.0,0.8195487166404587,1.2290113738536905,0.35705193675666475,0.05241072045656714,0.0,43.34512833595412,56.09087500527155,-0.012745746669317427,314.7322954082147,6.071068747537748,0.9976912955306104,6.133258401771568e-07,8.893224682568774e-09,5.1836812635475495e-05,0.0089484629158495,0.0
454.0,10.0,120.0,False,3,827.1999999979857,314.76950863970075,2.3860105232461355,0.0005171864685444861,9.27929658845597e-07,6.598892659495199e-06,0.00018917909667706708,0.0007239747397553523,1.602839408006052e-05,0.21469178031894304,0.2172817449628133,1.602839408006052e-05,0.0,0.8195346489688933,1.2290134730969784,0.3570655551798416,0.052413268948243504,0.0,43.34653510311066,56.05785571104348,-0.012711320607932819,314.71959045108696,6.070965926195367,0.9976910581343132,6.12933160721652e-07,8.887530830463954e-09,5.183671304049588e-05,0.008948448646505432,0.0
455.0,10.0,120.0,False,3,837.1999999979803,314.75681379870747,2.386217490751368,0.000517201785800635,9.368144836024403e-07,6.595855684610219e-06,0.00018918702632635725,0.0007240050865354086,1.6027593572198382e-05,0.21472794502457548,0.21740754877940296,1.6027593572198382e-05,0.0,0.8195208203527321,1.2290155495915707,0.3570791371241067,0.0524155921147319,0.0,43.347917964726776,56.02492559060479,-0.012677007625878011,314.7069198056911,6.070863382493702,0.9976908213547275,6.125451632822016e-07,8.881904867591925e-09,5.183661421145902e-05,0.008948434593833878,0.0
456.0,10.0,120.0,False,3,847.1999999979748,314.7441532166552,2.3864311655652446,0.0005172170045915341,9.456937146321684e-07,6.592867350764181e-06,0.00018919493148874107,0.0007240353395989238,1.6026813144390514e-05,0.21476530317723155,0.2175333412907841,1.6026813144390514e-05,0.0,0.8195072277493408,1.229017603604551,0.35709268270568745,0.05241769314952272,0.0,43.349277225065904,55.99208435126116,-0.012642807126195258,314.69428335940603,6.070761115521668,0.9976905851899439,6.121617869333188e-07,8.876345910533123e-09,5.1836516138645044e-05,0.008948420755027456,0.0
457.0,10.0,120.0,False,3,857.1999999979694,314.7315267813464,2.38665144602952,0.0005172321256688092,9.545674185216252e-07,6.5899270132765425e-06,0.00018920281228472952,0.0007240654994071748,1.6026052522081077e-05,0.2148038375896301,0.21765911981027902,1.6026052522081077e-05,0.0,0.8194938681490899,1.2290196353993863,0.3571061920402391,0.052419575210057405,0.0,43.350613185091,55.959331701862105,-0.012608718516771105,314.6816810002047,6.070659124372976,0.9976903496380627,6.117829716294886e-07,8.870853088627585e-09,5.183641881249942e-05,0.00894840712731826,0.0
458.0,10.0,120.0,False,3,867.1999999979639,314.7189343811729,2.386878231799265,0.0005172471497746158,9.634356609930323e-07,6.587034036912689e-06,0.00018921066883370463,0.0007240955664171156,1.6025311434591183e-05,0.21484353131555378,0.2177848816905298,1.6025311434591183e-05,0.0,0.8194807385750789,1.2290216452359857,0.35711966524285,0.052421241418056874,0.0,43.351926142492104,55.92666735278672,-0.012574741210294619,314.66911261664865,6.070557408146104,0.997690114697194,6.114086581901589e-07,8.865425543757305e-09,5.183632222364651e-05,0.008948393707977214,0.0
459.0,10.0,120.0,False,3,877.1999999979585,314.7063759051117,2.3871114238244924,0.0005172620776417987,9.722985069164304e-07,6.58418779571733e-06,0.000189218501253935,0.0007241255410814388,1.6024589615054715e-05,0.2148843676456824,0.2179106243228546,1.6024589615054715e-05,0.0,0.8194678360828674,1.2290236333707594,0.3571331024280451,0.05242269485984686,0.0,43.35321639171325,55.894091015932965,-0.012540874624219718,314.6565780978837,6.070455965944245,0.9976898803654575,6.110387882851068e-07,8.860062430134049e-09,5.1836226362854333e-05,0.008948380494313412,0.0
460.0,10.0,120.0,False,3,887.199999997953,314.69385124272037,2.387350924332081,0.0005172769099940516,9.811560203219057e-07,6.581387672851203e-06,0.00018922630966259154,0.0007241554238486344,1.60238868003552e-05,0.2149263301035121,0.21803634513661943,1.60238868003552e-05,0.0,0.8194551577601998,1.2290256000566717,0.35714650370978895,0.0524239385866829,0.0,43.35448422398001,55.86160240470549,-0.012507118180725484,314.64407733363555,6.070354796875302,0.9976896466409823,6.1067330442007e-07,8.854762914091015e-09,5.183613122105354e-05,0.008948367483673501,0.0
461.0,10.0,120.0,False,3,897.1999999979475,314.68136028413153,2.3875966368080084,0.0005172916475460717,9.900082644116156e-07,6.578633060431199e-06,0.00018923409417576255,0.0007241852151630489,1.6023202731063943e-05,0.2149694024413688,0.21816204159863176,1.6023202731063943e-05,0.0,0.8194427007267325,1.2290275455432988,0.3571598692014923,0.052424975615074025,0.0,43.355729927326735,55.829201234001374,-0.012473471306674639,314.63161021420404,6.070253900051805,0.9976894135219069,6.103121499226406e-07,8.849526173878289e-09,5.183603678931843e-05,0.008948354673441055,0.0
462.0,10.0,120.0,False,3,907.1999999979421,314.6689029200492,2.3878484659798573,0.0005173062910037102,9.988553015716082e-07,6.575923359374241e-06,0.0001892418549084697,0.0007242149154649448,1.6022537151379596e-05,0.21501356863650073,0.2182877112125311,1.6022537151379596e-05,0.0,0.8194304621337638,1.2290294700768811,0.35717319901601297,0.0524258089271043,0.0,43.356953786623606,55.79688722020073,-0.012439933433577124,314.6191766304597,6.070153274590909,0.9976891810063793,6.099552689285129e-07,8.844351399463437e-09,5.183594305889136e-05,0.008948342061035964,0.0
463.0,10.0,120.0,False,3,917.1999999979366,314.6564790417436,2.3881063177996324,0.000517320841064122,1.0076971933834454e-06,6.573257979244034e-06,0.0001892495919746823,0.0007242445251905564,1.602188980906868e-05,0.21505881288725556,0.2184133515182049,1.602188980906868e-05,0.0,0.8194184391639623,1.2290313739003778,0.35718649326566204,0.05242644147075339,0.0,43.35815608360376,55.76466008115246,-0.012406503997548704,314.60677647383824,6.070052919614337,0.9976889490925567,6.096026063679451e-07,8.839237792335204e-09,5.183585002115022e-05,0.008948329643913852,0.0
464.0,10.0,120.0,False,3,927.1999999979312,314.6440885410463,2.388370099426832,0.0005173352984159109,1.0165340006356324e-06,6.570636338101359e-06,0.00018925730548733199,0.0007242740447721462,1.602126045540732e-05,0.21510511960934198,0.2185389600912106,1.602126045540732e-05,0.0,0.8194066290310908,1.2290332572535139,0.3571997520622071,0.05242687616021588,0.0,43.359337096890904,55.73251953616358,-0.012373182439272675,314.5944096363363,6.06995283424835,0.9976887177786055,6.0925410795251e-07,8.834184565311396e-09,5.183575766761655e-05,0.00894831741956548,0.0
465.0,10.0,120.0,False,3,937.1999999979257,314.6317313103464,2.3886397192118167,0.0005173496637392711,1.0253657833348542e-06,6.568057862357424e-06,0.00018926499555832715,0.0007243034746380589,1.6020648845124245e-05,0.21515247343216315,0.2186645345422059,1.6020648845124245e-05,0.0,0.8193950289797444,1.2290351203728387,0.357212975516876,0.052427115876218296,0.0,43.360497102025555,55.700465305986924,-0.01233996820396137,314.58207601050697,6.0698530176237115,0.9976884870627011,6.089097201621319e-07,8.829190942350912e-09,5.183566598995282e-05,0.008948305385516187,0.0
466.0,10.0,120.0,False,3,947.1999999979203,314.6194072425852,2.3889150866794338,0.0005173639377061272,1.0341926007170289e-06,6.5655219866302865e-06,0.0001892726622985668,0.000724332815212776,1.6020054736344725e-05,0.2152008591952384,0.21879007251640079,1.6020054736344725e-05,0.0,0.8193836362850724,1.2290369634917688,0.3572261637403611,0.052427163466335386,0.0,43.36163637149275,55.66849711280896,-0.012306860741316207,314.56977548945486,6.069753468875645,0.9976882569430281,6.085693902323462e-07,8.824256158369021e-09,5.183557497996519e-05,0.008948293539325317,0.0
467.0,10.0,120.0,False,3,957.1999999979148,314.60711623125263,2.389196112512913,0.0005173781209802707,1.0430145112581782e-06,6.563028153604325e-06,0.00018928030581795462,0.0007243620669169684,1.6019477890535792e-05,0.215250261944684,0.21891557169300346,1.6019477890535792e-05,0.0,0.8193724482525151,1.2290387868406418,0.3572393168428229,0.05242702174530383,0.0,43.36275517474848,55.63661468023998,-0.012273859505491501,314.5575079668325,6.069654187143809,0.9976880274177803,6.082330661418543e-07,8.819379459056889e-09,5.1835484629579056e-05,0.008948281878585684,0.0
468.0,10.0,120.0,False,3,967.1999999979093,314.5948581703818,2.3894827085380212,0.0005173922142174928,1.0518315726851158e-06,6.560575813892521e-06,0.00018928792622541256,0.0007243912301675488,1.6018918072452335e-05,0.2153006669297835,0.21904102978469675,1.6018918072452335e-05,0.0,0.8193614622175311,1.2290405906467605,0.357252434933894,0.05242669349533531,0.0,43.36385377824688,55.604817733299924,-0.012240963955053048,314.5452733368347,6.069555171572241,0.9976877984851598,6.079006966002774e-07,8.814560100704024e-09,5.183539493087974e-05,0.008948270400923016,0.0
469.0,10.0,120.0,False,3,977.1999999979039,314.5826329545459,2.3897747877074687,0.0005174062180657161,1.0606438419859639e-06,6.558164425901895e-06,0.00018929552362889436,0.000724420305377724,1.601837505008446e-05,0.2153520595996199,0.21916644453710588,1.601837505008446e-05,0.0,0.8193506755453334,1.229042375134443,0.3572655181226826,0.05242618146642711,0.0,43.36493244546665,55.57310599841029,-0.012208173552943642,314.5330714941958,6.069456421309349,0.9976875701433782,6.075722310361995e-07,8.809797350024893e-09,5.183530587605015e-05,0.008948259103995448,0.0
470.0,10.0,120.0,False,3,987.1999999978984,314.57044047885256,2.3900722640855685,0.0005174201331651223,1.0694513754204955e-06,6.555793455701238e-06,0.00018930309813539823,0.0007244492929570428,1.601784859460557e-05,0.2154044255997779,0.21929181372829284,1.601784859460557e-05,0.0,0.8193400856306203,1.2290441405250685,0.35727856651777656,0.05242548837667155,0.0,43.36599143693795,55.54147920337992,-0.012175487766441968,314.52090233418363,6.069357935507858,0.9976873423906553,6.072476195854012e-07,8.805090483988319e-09,5.183521745742768e-05,0.008948247985492977,0.0
471.0,10.0,120.0,False,3,997.199999997893,314.5582806389399,2.390375052833136,0.0005174339601482791,1.0782542285303082e-06,6.553462376891874e-06,0.00018931064985098025,0.0007244781933114473,1.6017338480321627e-05,0.21545775076911972,0.21941713516825492,1.6017338480321627e-05,0.0,0.8193296898973098,1.2290458870371217,0.35729158022724794,0.0524246169125639,0.0,43.36703101026901,55.509937077394056,-0.012142906067125047,314.5087657525959,6.069259713324773,0.99768711522522,6.069268130793307e-07,8.800438789650295e-09,5.183512966744732e-05,0.00894823704313698,0.0
472.0,10.0,120.0,False,3,1007.1999999978875,314.54615333097286,2.3906830701926323,0.0005174476996402617,1.0870524561488303e-06,6.551170670481151e-06,0.00018931817888076651,0.00072450700684332,1.6016844484621436e-05,0.21551202113661655,0.2195424066984221,1.6016844484621436e-05,0.0,0.8193194857982744,1.229047614886237,0.35730455935865524,0.052423569729307375,0.0,43.36805142017255,55.478479351005376,-0.012110427930832827,314.49666164575626,6.0691617539213585,0.9976868886453096,6.066097630338498e-07,8.795841563990822e-09,5.183504249869854e-05,0.008948226274679697,0.0
473.0,10.0,120.0,False,3,1017.1999999978821,314.53405845163843,2.3909962334735426,0.000517461352258774,1.0958461124111722e-06,6.5489178247583905e-06,0.00018932568532896646,0.0007245357339515339,1.6016366387927807e-05,0.21556722291825922,0.21966762619118113,1.6016366387927807e-05,0.0,0.8193094708150787,1.2290493242852443,0.35731750401904794,0.05242234945111767,0.0,43.36905291849212,55.44710575612169,-0.012078052837629564,314.48458991050995,6.069064056463095,0.9976866626491702,6.062964216381344e-07,8.791298113752948e-09,5.183495594386026e-05,0.008948215677903753,0.0
474.0,10.0,120.0,False,3,1027.1999999978773,314.52199589814126,2.3913144610379864,0.0005174749186142673,1.1046352507638104e-06,6.546703335173155e-06,0.00018933316929888405,0.0007245643750314962,1.6015903973649508e-05,0.2156233425140179,0.21979279154940173,1.6015903973649508e-05,0.0,0.8192996424577131,1.2290510154442096,0.3573304143149711,0.05242095867152526,0.0,43.370035754228674,55.415816025993536,-0.012045780271764861,314.47255044421877,6.0689666201196415,0.997686437235056,6.059867417438091e-07,8.786807755285233e-09,5.1834869995744234e-05,0.008948205250621667,0.0
475.0,10.0,120.0,False,3,1037.1999999978746,314.5099655682001,2.3916376722865476,0.0005174883993100557,1.1134199239741192e-06,6.5445267042164195e-06,0.00018934063089293064,0.0007245929304751975,1.601545702813439e-05,0.21568036650487163,0.21991790070596562,1.601545702813439e-05,0.0,0.8192899982643381,1.2290526885704804,0.3573432903524668,0.05241939995367551,0.0,43.37100017356617,55.38460989520653,-0.012013609721640357,314.4605431447582,6.0688694440648145,0.9976862124012298,6.056806768543225e-07,8.782369814387676e-09,5.18347846472679e-05,0.008948194990675395,0.0
476.0,10.0,120.0,False,3,1047.1999999978718,314.4979673600428,2.3919657876443394,0.0005175017949424298,1.1222001841397482e-06,6.542387441303752e-06,0.0001893480702126366,0.0007246214006712549,1.6015025340623197e-05,0.21573828164989742,0.22004295162331794,1.6015025340623197e-05,0.0,0.8192805358010135,1.2290543438687211,0.35735613223708007,0.0524176758306276,0.0,43.37194641989864,55.35348709966729,-0.01198154067976865,314.4485679105121,6.068772527476539,0.9976859881459629,6.053781811144744e-07,8.777983626159879e-09,5.1834699891470685e-05,0.00894818489593586,0.0
477.0,10.0,120.0,False,3,1057.199999997869,314.4860011724037,2.3922987285472757,0.000517515106100767,1.1309760826978532e-06,6.540285062661136e-06,0.00018935548735866283,0.0007246497860049584,1.60146087032044e-05,0.2157970748834097,0.2201679422930085,1.60146087032044e-05,0.0,0.8192712526614503,1.229055981540962,0.3573689400738611,0.05241578880565071,0.0,43.37287473385496,55.32244737659637,-0.011949572642741416,314.4366246403698,6.068675869536833,0.9976857644675347,6.050792093002058e-07,8.773648534852986e-09,5.183461572149772e-05,0.008948174964302497,0.0
478.0,10.0,120.0,False,3,1067.1999999978664,314.47406690451743,2.3926364174285597,0.0005175283333676431,1.139747670434175e-06,6.538219091212736e-06,0.00018936288243081233,0.0007246780868583135,1.6014206910769642e-05,0.2158567333121725,0.22029287073526826,1.6014206910769642e-05,0.0,0.8192621464667427,1.2290576017866324,0.35738171396736984,0.05241374135251989,0.0,43.37378535332572,55.29149046451349,-0.011917705111187765,314.4247132337206,6.0685794694317545,0.9976855413642327,6.047837168084993e-07,8.76936389372324e-09,5.183453213059713e-05,0.008948165193702812,0.0
479.0,10.0,120.0,False,3,1077.1999999978636,314.462164456117,2.3929787777053897,0.0005175414773189361,1.1485149974919758e-06,6.5361890564713445e-06,0.00018937025552804123,0.0007247063036100831,1.6013819760970332e-05,0.2159172442126498,0.22041773499856268,1.6013819760970332e-05,0.0,0.8192532148651154,1.2290592048026014,0.3573944540216783,0.052411535915807855,0.0,43.374678513488455,55.26061610323158,-0.011885937589743122,314.41283359045127,6.06848332635139,0.997685318834353,6.044916596475762e-07,8.765129064889855e-09,5.183444911213632e-05,0.008948155582091947,0.0
480.0,10.0,120.0,False,3,1087.199999997861,314.4502937274281,2.393325733765858,0.0005175545385239341,1.1572781133808358e-06,6.534194494430492e-06,0.00018937760674847027,0.0007247344366358336,1.6013447054174723e-05,0.21597859502832473,0.2205425331591832,1.6013447054174723e-05,0.0,0.8192444555316655,1.2290607907832185,0.3574071603403758,0.05240917491117729,0.0,43.37555444683344,55.22982403384193,-0.011854269587008488,314.4009856109406,6.068387439489804,0.9976850968761991,6.042029944271731e-07,8.760943419194011e-09,5.18343666595667e-05,0.008948146127452254,0.0
