time_s,current_a,stack_air_flow_slpm,purge_event,purge_count,charge_since_purge_as,stack_temperature_k,membrane_mean_water_content,anode_hydrogen_mol,anode_nitrogen_mol,anode_water_vapour_mol,cathode_oxygen_mol,cathode_nitrogen_mol,cathode_total_water_mol,anode_water_activity,cathode_water_activity,cathode_water_vapour_mol,cathode_liquid_water_mol,cell_voltage_v,reversible_voltage_v,orr_activation_loss_v,membrane_ohmic_loss_v,additional_resolved_loss_v,heat_generation_w,air_cooling_w,temperature_rate_k_s,air_outlet_temperature_k,heat_transfer_ntu,heat_transfer_effectiveness,nitrogen_crossover_flux_mol_m2_s,nitrogen_crossover_rate_mol_s,hydrogen_inlet_mol_s,cathode_outlet_molar_flow_per_cell_mol_s,water_conservation_residual_mol_s
0.0,5.0,100.0,False,0,0.0,303.15,3.4854999999999983,0.0005448260318734078,0.0,0.0,0.0001978909134286812,0.0007466957855149046,2.0210638984506767e-05,0.0,0.5,2.0210638984506767e-05,0.0,0.8575140395084119,1.2276090734459983,0.3513063543964826,0.018788679541103852,0.0,19.7742980245794,21.641130301359897,-0.001866832276780496,303.1423262117994,7.172529980147308,0.9992326211799446,6.699064543977822e-07,9.713643588767843e-09,0.0,0.007448778583006852,0.0
1.0,5.0,100.0,False,0,4.999999999999988,303.1480783344537,3.468940868729969,0.0005364510622485667,9.680489274500398e-09,8.368708289821966e-06,0.0001970473432981231,0.0007498181289219682,1.7937981589376968e-05,0.4969409540071579,0.44382186270972235,1.7937981589376968e-05,0.0,0.8586692395209139,1.2289370613542496,0.3513688808040765,0.01889894102925921,0.0,19.7165380239543,21.63697129039478,-0.0019204332664404795,303.1404058779858,7.172511353239079,0.9992326068859165,6.645995361476071e-07,9.636693274140303e-09,2.5950290873598923e-05,0.0074759741828390285,0.0
2.0,5.0,100.0,False,0,10.0,303.14616048953144,3.4561029562225567,0.0005364905035935892,1.9272561219394784e-08,8.323121813396628e-06,0.0001970665040447026,0.0007498930445013058,1.785000906264784e-05,0.4942852824022641,0.4416910789921248,1.785000906264784e-05,0.0,0.8586477873196224,1.2290029828549986,0.35136976861075,0.018985426924626188,0.0,19.71761063401887,21.63282054841988,-0.0019152099144010074,303.1384893622005,7.172492763364563,0.9992325926200423,6.584179696216873e-07,9.547060559514466e-09,2.5949909387046506e-05,0.007475280914514853,0.0
2.9999999999999787,5.0,100.0,False,0,15.000000000000071,303.144247854438,3.443593125024928,0.0005365295293364747,2.8776492322594437e-08,8.27802975955974e-06,0.00019708566179167344,0.0007499659569329821,1.776402617912622e-05,0.49165828170926246,0.43960896297978214,1.776402617912622e-05,0.0,0.8586266218855678,1.229067747112706,0.3513706506444384,0.019070474582699858,0.0,19.718668905721604,21.6286810820547,-0.0019100121763330974,303.13657805268537,7.172474223989473,0.9992325783926571,6.524431923722015e-07,9.460426289396923e-09,2.5949484181429262e-05,0.007474603465772773,0.0
3.9999999999999574,5.0,100.0,False,0,20.000000000000142,303.1423404056022,3.431403832580676,0.000536568124165557,3.819522914753624e-08,8.233444535472347e-06,0.0001971044066520444,0.0007500372972170883,1.768001190010556e-05,0.48906070076338726,0.4375750114938764,1.768001190010556e-05,0.0,0.8586056948437046,1.2291313375470565,0.3513715562673789,0.019154086435972894,0.0,19.719715257814762,21.624552840283673,-0.001904837582468911,303.134671925885,7.17245573488533,0.999232564203588,6.466677518823629e-07,9.376682402294263e-09,2.5949047522961632e-05,0.007473941660065381,0.0
4.999999999999936,5.0,100.0,False,0,25.000000000000213,303.1404381200168,3.41952762623137,0.0005366062768565896,4.753160785509876e-08,8.189374570225867e-06,0.00019712274326258498,0.0007501070836375732,1.759794337747517e-05,0.4864930523102641,0.43558867625223097,1.759794337747517e-05,0.0,0.8585850017695984,1.229193753179398,0.35137248516578745,0.019236266244012104,0.0,19.720749911520073,21.62043577331198,-0.0018996858617919053,303.1327709588078,7.172437295829118,0.9992325500526656,6.41084145795124e-07,9.295720114029299e-09,2.5948599872689746e-05,0.007473295306824644,0.0
5.999999999999915,5.0,100.0,False,0,30.000000000000284,303.13854097493214,3.4079571478632174,0.0005366439766493074,5.678835801614496e-08,8.145827935059237e-06,0.00019714067673716967,0.0007501753356677364,1.7517796095849523e-05,0.4839558279738938,0.4336493673741381,1.7517796095849523e-05,0.0,0.8585645387245842,1.2292549947503246,0.3513734369917588,0.01931701903398164,0.0,19.721773063770787,21.616329831901997,-0.0018945567681312098,303.13087512871925,7.172418906600327,0.9992325359397233,6.356851754553561e-07,9.217435044102665e-09,2.594814170040925e-05,0.0074726642028211865,0.0
6.999999999999893,5.0,100.0,False,0,35.00000000000014,303.1366489478337,3.396685139670029,0.000536681213259237,6.596810692878531e-08,8.102812327272947e-06,0.00019715821250266386,0.0007502420739711607,1.7439544035829475e-05,0.4814494972897463,0.43175645740384183,1.7439544035829475e-05,0.0,0.8585443022180886,1.229315064622808,0.3513744113750447,0.019396351029674564,0.0,19.722784889095564,21.612234967325655,-0.001889450078230091,303.1289844131203,7.17240056698072,0.9992325218645952,6.30463933856432e-07,9.141727040918265e-09,2.5947673488026322e-05,0.007472048133451878,0.0
7.999999999999872,5.0,100.0,False,0,39.99999999999986,303.1347620164189,3.3857044493077444,0.0005367179768898723,7.507338376250814e-08,8.060335053949237e-06,0.00019717535626576638,0.000750307320275756,1.7363159833183218e-05,0.4789745067258409,0.42990928523562305,1.7363159833183218e-05,0.0,0.8585242891812526,1.2293739666878034,0.3513754079254555,0.019474269581095365,0.0,19.723785540937367,21.608151131312862,-0.001884365590375495,303.1270987897232,7.172382276754117,0.9992325078271179,6.254137939002285e-07,9.068500011553314e-09,2.594719572969863e-05,0.0074714468739922445,0.0
8.99999999999985,5.0,100.0,False,0,44.999999999999574,303.13288015857756,3.3750080344587094,0.0005367542582446516,8.410662353507748e-08,8.018403016036181e-06,0.00019719211398092635,0.0007503710972516945,1.7288614933061324e-05,0.47653127872483997,0.42810715991834314,1.7288614933061324e-05,0.0,0.8585044969388237,1.2294317062689268,0.35137642623517995,0.01955078309492319,0.0,19.72477515305881,21.604078276010366,-0.0018793031229515549,303.12521823643283,7.1723640357062,0.9992324938271286,6.205283970727567e-07,8.997661757554973e-09,2.594670893120649e-05,0.007470860190807115,0.0
9.99999999999983,5.0,100.0,False,0,49.99999999999929,303.1310033523718,3.3645889668270046,0.0005367900485385799,9.307017092814089e-08,7.977022692942764e-06,0.00019720849181944586,0.000750433428393859,1.721587973850644e-05,0.47412021077603,0.42634936432113807,1.721587973850644e-05,0.0,0.8584849231798379,1.2294882900270019,0.3513774658810174,0.019625900966146585,0.0,19.7257538410081,21.600016353937693,-0.0018742625129295938,303.12334273132603,7.172345843624321,0.9992324798644665,6.158016425239433e-07,8.929123816597177e-09,2.5946213609887806e-05,0.007470287842513945,0.0
10.999999999999808,5.0,100.0,False,0,54.999999999999005,303.12913157601685,3.354440435588473,0.0005368253395093452,1.0196628394733145e-07,7.936200127798932e-06,0.00019722449613989446,0.0007504943379092804,1.714492375266137e-05,0.47174167452633936,0.42463515864533596,1.714492375266137e-05,0.0,0.8584655659275914,1.2295437258652286,0.3513785264265156,0.019699633511121552,0.0,19.726721703620427,21.595965317945794,-0.0018692436143253667,303.12147225263277,7.172327700297323,0.9992324659389714,6.112276765408104e-07,8.862801309841751e-09,2.5945710293792407e-05,0.007469729581094461,0.0
11.999999999999787,5.0,100.0,False,0,59.99999999999872,303.127264807868,3.3445557503209815,0.0005368601234277473,1.1079713743249336e-07,7.895940913539158e-06,0.00019724013345992887,0.0007505538506099221,1.707571571421337e-05,0.4693960149397064,0.42296378377089194,1.707571571421337e-05,0.0,0.8584464235093362,1.2295980228356005,0.3513796074239976,0.019771991902266597,0.0,19.727678824533186,21.59192512118882,-0.001864246296655633,303.119606778723,7.172309605515397,0.9992324520504843,6.068008824039243e-07,8.798612794856903e-09,2.59451995210532e-05,0.007469185152951273,0.0
12.999999999999766,5.0,100.0,False,0,64.99999999999844,303.1254030264028,3.3349283434417805,0.0005368943931073043,1.1956482642351378e-07,7.856250179962344e-06,0.00019725541042959232,0.000750611991811095,1.7008223725726767e-05,0.4670835495142187,0.4213344644288612,1.7008223725726767e-05,0.0,0.8584274945260789,1.2296511910471473,0.3513807084164886,0.019842988104579688,0.0,19.72862527369605,21.587895717085257,-0.0018592704433892068,303.11774628808865,7.172291559069924,0.9992324381988471,6.025158706166052e-07,8.736480123940776e-09,2.5944681838910386e-05,0.007468654299906963,0.0
13.999999999999744,5.0,100.0,False,0,69.99999999999815,303.1235462102093,3.3255517721798493,0.0005369281419128558,1.2827136938709894e-07,7.817132581923035e-06,0.0001972703338061407,0.0007506687872356811,1.6942415374637722e-05,0.46480456756598665,0.4197464121938804,1.6942415374637722e-05,0.0,0.858408777822831,1.229703241576478,0.35138182893952424,0.019912634814122594,0.0,19.729561108858444,21.583877059293034,-0.0018543159504345894,303.11589075933233,7.172273560753361,0.9992324243839025,5.983674694976285e-07,8.676328307715613e-09,2.5944157802648953e-05,0.007468136760144171,0.0
14.999999999999723,5.0,100.0,False,0,74.99999999999787,303.121694337974,3.3164197201116394,0.000536961363768025,1.3691871130969308e-07,7.778592288798255e-06,0.00019728491043042155,0.0007507242629242657,1.6878257846777766e-05,0.4625593295885726,0.4181988282933943,1.6878257846777766e-05,0.0,0.8583902724595907,1.2297541863810335,0.3513829685228481,0.01998094539859474,0.0,19.730486377020462,21.579869101683176,-0.001849382724662714,303.11404017115495,7.172255610359105,0.999232410605494,5.94350716127495e-07,8.618085383848679e-09,2.5943627974406042e-05,0.007467632269085847,0.0
15.999999999999702,5.0,100.0,False,0,79.99999999999758,303.1198473884721,3.307525998288843,0.0005369940531613942,1.4550872666160147e-07,7.740632975364936e-06,0.00019729914720481624,0.0007507784451512171,1.6815718032384792e-05,0.4603480666959673,0.41669090623236493,1.6815718032384792e-05,0.0,0.8583719776832859,1.2298040382153677,0.351384126691994,0.020047933840087857,0.0,19.731401115835702,21.5758717983184,-0.0018444706824826973,303.112194502346,7.172237707681428,0.9992323968634654,5.9046084763896e-07,8.561682290764921e-09,2.5943092921783175e-05,0.0074671405602155655,0.0
16.999999999999858,5.0,100.0,False,0,84.9999999999973,303.11800534055766,3.298864545986735,0.0005370262051512724,1.5404322223723964e-07,7.703257814209963e-06,0.0001973130510727376,0.000750831360346685,1.6754762624636868e-05,0.4581709801565191,0.41522183423427905,1.6754762624636868e-05,0.0,0.8583538929008919,1.2298528105507371,0.351385302969755,0.020113614680090167,0.0,19.732305354955397,21.571885103432297,-0.0018395797484769005,303.1103537317737,7.172219852515362,0.9992323831576616,5.866932928423266e-07,8.507052746213735e-09,2.5942553216425947e-05,0.007466661365838385,0.0
18.0,5.0,100.0,False,0,89.99999999999696,303.1161681731572,3.290429431101308,0.000537057815368936,1.625239398762975e-07,7.666469469780284e-06,0.00019732662899966073,0.000750883035024431,1.6695358210813078e-05,0.4560282410241635,0.41379079750079123,1.6695358210813078e-05,0.0,0.8583360176538557,1.229900517498181,0.3513864968775409,0.020178002966784382,0.0,19.73319911730721,21.567908971415427,-0.001834709854108219,303.10851783837904,7.1722020446566335,0.9992323694879276,5.830436641763336e-07,8.454133130556838e-09,2.5942009432343514e-05,0.007466194417783269,0.0
19.0,5.0,100.0,False,0,94.99999999999591,303.11433586526283,3.282214850222819,0.0005370888800202544,1.7095255907047129e-07,7.630270094161863e-06,0.00019733988795565423,0.0007509334957153722,1.663747135623962e-05,0.4539199898724188,0.4123969802938901,1.663747135623962e-05,0.0,0.8583183515939615,1.2299471737352536,0.3513877079366256,0.020241114204666406,0.0,19.734082420301917,21.56394335680004,-0.0018298609364981217,303.10668680116817,7.172184283901616,0.999232355854109,5.795077499752214e-07,8.40286237464071e-09,2.5941462144455762e-05,0.007465739448048442,0.0
20.0,5.0,100.0,False,0,99.99999999999486,303.1125083959266,3.2742151284126018,0.0005371193958856274,1.7933069946028601e-07,7.594661324656518e-06,0.00019735283489937045,0.0007509827689066694,1.6581068681227276e-05,0.45184633663528134,0.41103956784552165,1.6581068681227276e-05,0.0,0.8583008944607056,1.2299927944364883,0.3513889356692906,0.0203029643064923,0.0,19.734955276964715,21.559988214248396,-0.0018250329372836802,303.10486059920737,7.172166570047253,0.999232342256052,5.760815070428018e-07,8.353181852120626e-09,2.59409119266309e-05,0.007465296189391492,0.0
21.0,5.0,100.0,False,0,104.9999999999938,303.1106857442578,3.26642471870917,0.000537149360318173,1.87659923226386e-07,7.559644283207779e-06,0.00019736547676344095,0.0007510308809861689,1.6526116931247048e-05,0.4498073605580887,0.40971774810060785,1.6526116931247048e-05,0.0,0.8582836460602451,1.230037395207653,0.3513901795998629,0.02036356954754515,0.0,19.73581769698774,21.556043498546114,-0.0018202258015583724,303.1030392116199,7.172148902891054,0.9992323286936029,5.727610535244178e-07,8.30503527610406e-09,2.594035935010253e-05,0.007464864375866248,0.0
22.0,5.0,100.0,False,0,109.99999999999275,303.1088678894192,3.258838201388509,0.0005371787712401423,1.9594173737955374e-07,7.525219577702261e-06,0.00019737782044122265,0.0007510778581919791,1.6472583040615557e-05,0.44780311026011077,0.4084307133001733,1.6472583040615557e-05,0.0,0.8582666062459386,1.2300809920237996,0.35139143925565847,0.020422946522202418,0.0,19.736669687703063,21.552109164595272,-0.001815439476892209,303.1012226175827,7.172131282231039,0.9992323151666086,5.695426620674726e-07,8.258368599978353e-09,2.5939804981539756e-05,0.007464443743308699,0.0
23.0,5.0,100.0,False,0,114.9999999999917,303.10705481062473,3.2514502830023737,0.0005372076271375468,2.0417759595357471e-07,7.491387305153133e-06,0.0001973898727748322,0.0007511237265669508,1.6420434189988043e-05,0.4458336039092735,0.4071776614117843,1.6420434189988043e-05,0.0,0.8582497749004852,1.230123601171086,0.3513927141678304,0.020481112102770573,0.0,19.737511254975736,21.548185167408374,-0.0018106739124326373,303.09941079632387,7.172113707865727,0.9992323016749164,5.664227532615061e-07,8.21312992229184e-09,2.593924938141005e-05,0.0074640340297743865,0.0
24.0,5.0,100.0,False,0,119.99999999999065,303.10524648713874,3.2442557952173017,0.00053723592705301,2.1236890210493354e-07,7.458147056751381e-06,0.00019740164054440345,0.0007511685119178093,1.6369637857972325e-05,0.44389882950824117,0.4059577974149632,1.6369637857972325e-05,0.0,0.8582331519196494,1.2301652391923235,0.35139400387212955,0.02053808340054456,0.0,19.738342404017523,21.544271462106764,-0.0018059290580892408,303.09760372712157,7.172096179594126,0.9992322882183737,5.633978893487706e-07,8.169269395557175e-09,2.593869310216863e-05,0.0074636349759298155,0.0
25.0,5.0,100.0,False,0,124.9999999999896,303.1034428982761,3.2372496934757033,0.0005372636705768737,2.2051701012320343e-07,7.4254979247484095e-06,0.00019741313045850038,0.0007512122397786851,1.6320161867186155e-05,0.44199874528976524,0.40477033444946625,1.6320161867186155e-05,0.0,0.8582167371975349,1.2302059228361568,0.35139530790958023,0.020593877729041758,0.0,19.73916314012325,21.540368003921586,-0.0018012048637983363,303.09580138930477,7.172078697215731,0.9992322747968285,5.604647681963194e-07,8.126739138846632e-09,2.5938136686415314e-05,0.007463246325400485,0.0
26.0,5.0,100.0,False,0,129.9999999999891,303.10164402340183,3.2304270554992254,0.000537290857836616,2.2862322735585204e-07,7.393438511114044e-06,0.0001974243491456184,0.0007512549353787845,1.62719744250853e-05,0.4401332802180921,0.4036144948344983,1.62719744250853e-05,0.0,0.8582005306133708,1.2302456690098038,0.3513966258270791,0.020648512569353992,0.0,19.739973469331456,21.536474748192212,-0.001796501278860756,303.0940037622524,7.172061260530526,0.9992322614101291,5.576202175206138e-07,8.0854931540489e-09,2.5937580665344115e-05,0.007462867825078165,0.0
27.0,5.0,100.0,False,0,134.99999999998943,303.0998498419324,3.223783079653324,0.0005373174894846449,2.3668881605106717e-07,7.361966937896368e-06,0.000197435303146704,0.0007512966236139344,1.622504415989259e-05,0.438302334592053,0.40248951096689756,1.622504415989259e-05,0.0,0.8581845320197433,1.2302844947352165,0.3513979571779192,0.020702005537553966,0.0,19.740773399012827,21.532591650369664,-0.0017918182513568367,303.0922108253949,7.172043869338994,0.9992322480581242,5.548611893559746e-07,8.045487245661632e-09,2.5937025557290407e-05,0.007462499225390064,0.0
28.0,5.0,100.0,False,0,139.99999999998977,303.0980603333365,3.217313083190715,0.0005373435666845654,2.447149951220701e-07,7.331080859191585e-06,0.00019744599890862756,0.0007513373290217549,1.6179340151953027e-05,0.436505780744496,0.40139462610632254,1.6179340151953027e-05,0.0,0.8581687412322259,1.2303224171085636,0.3513993015222476,0.020754374354090086,0.0,19.7415629383887,21.528718666017614,-0.0017871557276289138,303.09042255821475,7.17202652344212,0.9992322347406626,5.521847547580733e-07,8.006678943992063e-09,2.593647186597452e-05,0.007462140280532483,0.0
29.0,5.0,100.0,False,0,144.9999999999901,303.09627547713745,3.2110125003901557,0.000537369091096008,2.5270294183626796e-07,7.300777474619617e-06,0.00019745644277853914,0.0007513770757601897,1.6134831960836985e-05,0.4347434638318589,0.4003290950553095,1.6134831960836985e-05,0.0,0.8581531580203174,1.2303594532628723,0.3514006584274561,0.020805636815098852,0.0,19.74234209898412,21.524855750818414,-0.001782513651834293,303.08863894024927,7.1720092226414245,0.9992322214575939,5.495880987340177e-07,7.969027431643257e-09,2.5935920079319958e-05,0.007461790748671488,0.0
30.0,5.0,100.0,False,0,149.99999999999045,303.0944952529167,3.204876880605805,0.0005373940648581446,2.6065379343246717e-07,7.2710535441862445e-06,0.00019746664099904492,0.0007514158875891622,1.6091489648503044e-05,0.4330152027068469,0.39929218474185374,1.6091489648503044e-05,0.0,0.8581377820996376,1.2303956203337154,0.35140202746851507,0.0208558107655628,0.0,19.743110895018113,21.521002860579735,-0.0017778919655616222,303.0868599510936,7.171991966738984,0.999232208208768,5.47068515390575e-07,7.932493473163337e-09,2.593537066807646e-05,0.007461450392113119,0.0
31.0,5.0,100.0,False,0,154.9999999999908,303.09271964031484,3.1989018862412695,0.000537418490572017,2.6856864866925184e-07,7.241905404402884e-06,0.00019747659970414038,0.0007514537878551066,1.6049283798822125e-05,0.43132079086668185,0.3982831747120288,1.6049283798822125e-05,0.0,0.8581226131252807,1.2304309354277752,0.35140340822825344,0.02090491407424101,0.0,19.74386934373596,21.517159951237662,-0.0017732906075017035,303.0850855704021,7.171974755537457,0.999232194994035,5.446234032921673e-07,7.897039347736427e-09,2.5934824084920122e-05,0.0074611189774454545,0.0
32.0,5.0,100.0,False,0,159.99999999999113,303.09094861903446,3.1930832906613005,0.0005374423712818099,2.764485693075112e-07,7.213328985527896e-06,0.00019748632491584046,0.000751490799478154,1.6008185533754548e-05,0.42965999746874883,0.39730135753970514,1.6008185533754548e-05,0.0,0.8581076506862663,1.2304654155941515,0.3514048002975887,0.020952964610296523,0.0,19.74461746568668,21.513326978862338,-0.0017687095131756578,303.0833157778912,7.171957588840097,0.9992321818132458,5.422502610207018e-07,7.862628784800176e-09,2.593428076311981e-05,0.007460796275654886,0.0
32.9999999999998,5.0,100.0,False,0,164.99999999999227,303.0891821688459,3.187416976053055,0.000537465710455198,2.842945815299887e-07,7.185319829787617e-06,0.00019749582254144726,0.0007515269449417429,1.596816652645901e-05,0.42803256840521997,0.3963460391602282,1.596816652645901e-05,0.0,0.8580928943010041,1.230499077798258,0.35140620327570826,0.020999980221545686,0.0,19.745355284949788,21.509503899670538,-0.0017641486147207495,303.08155055334487,7.171940466450812,0.9992321686662513,5.399466829293576e-07,7.829226902475685e-09,2.5933741116005923e-05,0.007460482062218766,0.0
33.9999999999996,5.0,100.0,False,0,169.9999999999934,303.0874202695881,3.1818989312478188,0.0005374885119629333,2.9210767730059746e-07,7.1578731104294345e-06,0.00019750509837140228,0.0007515622462844541,1.592919901159466e-05,0.42643822742806214,0.3954165391346514,1.592919901159466e-05,0.0,0.8580783434136897,1.2305319388981601,0.3514076167702133,0.021045978714257084,0.0,19.746082829315508,21.50569067002725,-0.001759607840711741,303.0797898766156,7.171923388174185,0.9992321555529035,5.377103550823633e-07,7.796800148694268e-09,2.593320553614638e-05,0.007460176117176487,0.0
34.9999999999994,5.0,100.0,False,0,174.99999999999454,303.0856629011734,3.176525249513088,0.0005375107800577942,2.998888156661655e-07,7.1309836514619405e-06,0.00019751415807767048,0.0007515967250938671,1.589125579306985e-05,0.424876677315612,0.3945121908505712,1.589125579306985e-05,0.0,0.8580639973915591,1.2305640156232063,0.3514090403972227,0.02109097783442439,0.0,19.746800130422038,21.501887246456903,-0.0017550871160348649,303.07803372762953,7.171906353815503,0.9992321424730543,5.35539051373526e-07,7.765316244916128e-09,2.59326743947178e-05,0.007459878225180994,0.0
35.999999999999204,5.0,100.0,False,0,179.99999999999568,303.08391004359174,3.171292126324039,0.0005375325193530515,3.076389240031294e-07,7.1046459479347505e-06,0.0001975230072126058,0.0007516304025022535,1.5854310249472307e-05,0.42334760107206965,0.39363234166546135,1.5854310249472307e-05,0.0,0.8580498555229348,1.230595324554818,0.3514104737814413,0.021134995250441935,0.0,19.747507223853255,21.498093585651468,-0.0017505863617982129,303.07628208639005,7.171889363180803,0.9992321294265567,5.334306298160601e-07,7.734744132332873e-09,2.593214804123443e-05,0.007459588175532531,0.0
36.999999999999005,5.0,100.0,False,0,184.99999999999682,303.0821616769123,3.1661958571225215,0.0005375537348005953,3.1535889921162077e-07,7.0788541866141494e-06,0.0001975316512082541,0.000751663299183927,1.5818336337400845e-05,0.4218506631513893,0.3927763529979722,1.5818336337400845e-05,0.0,0.8580359170159783,1.2306258821092926,0.3514119165562016,0.021178048537112793,0.0,19.748204149201083,21.494309644474292,-0.0017461054952732091,303.07453493297976,7.171872416076893,0.999232116413264,5.31383028996533e-07,7.705053920449729e-09,2.5931626803179543e-05,0.007459305762196379,0.0
38.0,5.0,100.0,False,0,190.00000000000392,303.0804177812904,3.161232835070947,0.00053757446298513,3.2304960885928097e-07,7.053602266917205e-06,0.00019754009537604862,0.0007516954353540938,1.5783308592910375e-05,0.42038551069721286,0.39194360037223636,1.5783308592910375e-05,0.0,0.8580221817588298,1.230655705283219,0.351413368363471,0.021220155160918082,0.0,19.748890912058503,21.49053537997572,-0.0017416444679172187,303.0727922475676,7.171855512311422,0.9992321034330303,5.293942646863061e-07,7.676216837951439e-09,2.592797935739013e-05,0.007459030783806104,0.0
38.9999999999998,5.0,100.0,False,0,195.00000000000506,303.07867833696906,3.1563995488076455,0.000537594615520594,3.307118922769846e-07,7.02888382196898e-06,0.00019754834490685907,0.0007517268307690442,1.5749202131258503e-05,0.41895177479103285,0.3911334734200837,1.5749202131258503e-05,0.0,0.8580086465159248,1.2306848078362485,0.3514148288538401,0.021261332466483526,0.0,19.749567674203757,21.48677074939533,-0.0017372030751915731,303.0710540104098,7.1718386516928785,0.99923209048571,5.274624266034347e-07,7.648205185749805e-09,2.5930600872569546e-05,0.007458763043654599,0.0
39.9999999999996,5.0,100.0,False,0,200.0000000000062,303.076943324285,3.1516925802095654,0.0005376142921908925,3.383465616087458e-07,7.004692239657777e-06,0.00019755640487135488,0.0007517575047275401,1.571599264513755e-05,0.4175490717008831,0.3903453758454589,1.571599264513755e-05,0.0,0.8579953125358282,1.2307132078864877,0.3514162976864841,0.021301597664175536,0.0,19.750234373208585,21.483015710175813,-0.0017327813369672285,303.0693202018565,7.171821834030665,0.9992320775711586,5.255856753188942e-07,7.620992292123965e-09,2.5930096724327296e-05,0.007458502349671866,0.0
40.9999999999994,5.0,100.0,False,0,205.00000000000733,303.0752127236689,3.1471086021676253,0.0005376334677651087,3.459544028176691e-07,6.981020683568779e-06,0.00019756428022065225,0.0007517874760732834,1.5683656401555145e-05,0.4161770041236766,0.38957872535531984,1.5683656401555145e-05,0.0,0.8579821779448663,1.2307409202927437,0.3514177745291105,0.021340967818766907,0.0,19.75089110275668,21.479270219963006,-0.0017283791172063268,303.06759080235156,7.171805059135097,0.9992320646892321,5.23762239300548e-07,7.594552469857946e-09,2.5929598780507872e-05,0.007458248514394971,0.0
41.999999999999204,5.0,100.0,False,0,210.00000000000847,303.0734865156527,3.142644376379321,0.0005376521485572449,3.535361766500395e-07,6.957862113689968e-06,0.00019757197578720682,0.0007518167631983193,1.5652170237522465e-05,0.414835162414538,0.3888329535606475,1.5652170237522465e-05,0.0,0.8579692415521705,1.2307679604491597,0.3514192590578813,0.021379459839107887,0.0,19.75153792239147,21.475534236621996,-0.0017239963142305257,303.0658657924401,7.171788326817465,0.999232051839787,5.219904120892875e-07,7.56886097529467e-09,2.592910725892749e-05,0.0074580013549272375,0.0
42.999999999999005,5.0,100.0,False,0,215.0000000000096,303.07176468087135,3.138296751162686,0.0005376703410886355,3.610926195593671e-07,6.935209306786933e-06,0.00019757949628592742,0.0007518453840472759,1.562151155468674e-05,0.41352312579725065,0.38810750585123255,1.562151155468674e-05,0.0,0.8579565020906696,1.2307943435167443,0.3514207509573261,0.021417090468748505,0.0,19.752174895466514,21.471807718241198,-0.0017196328227746846,303.0641451527703,7.171771636890062,0.999232039022681,5.202685496010881e-07,7.543893969215778e-09,2.5928622356271268e-05,0.007457760692890219,0.0
44.0,5.0,100.0,False,0,220.0000000000167,303.07004720006717,3.1340626592951937,0.0005376880829115836,3.686244445921946e-07,6.91305487635852e-06,0.00019758684631548137,0.0007518733561223405,1.5591658313041887e-05,0.4122404635503651,0.38740184124736726,1.5591658313041887e-05,0.0,0.8579439589682182,1.2308200851659117,0.3514222499202394,0.02145387627745408,0.0,19.752802051589086,21.46809062314072,-0.0017152885715516356,303.06242886409746,7.1717549891662244,0.9992320262377723,5.185950675496531e-07,7.51962847946997e-09,2.592505980018346e-05,0.007457526354368562,0.0
44.9999999999998,5.0,100.0,False,0,225.00000000001785,303.06833405409174,3.1299391158807444,0.0005377052883666256,3.761323422373186e-07,6.891391292092757e-06,0.00019759403035976832,0.0007519006964888685,1.556258902383568e-05,0.41098673616424003,0.38671543223147026,1.556258902383568e-05,0.0,0.8579316085244607,1.23084519782559,0.35142375564756784,0.02148983365356152,0.0,19.75341957377696,21.464382909877653,-0.0017109633361006935,303.0607169072861,7.17173838346034,0.99923201348492,5.169684389841647e-07,7.496042365270389e-09,2.5927673092274867e-05,0.007457298169849591,0.0
45.9999999999996,5.0,100.0,False,0,230.00000000001899,303.0666252239121,3.1259232162473563,0.0005377220570076701,3.836169812401965e-07,6.870210898754253e-06,0.00019760105278953543,0.0007519274217815368,1.55342827417845e-05,0.4097614964647533,0.386047764562263,1.55342827417845e-05,0.0,0.8579194515242469,1.2308696981696545,0.35142526784828304,0.02152497879712463,0.0,19.75402742378765,21.460684537258878,-0.0017066571134712269,303.0590092633163,7.171721819587924,0.999232000763984,5.153871919371042e-07,7.473114283088011e-09,2.5927209023788537e-05,0.007457075974156011,0.0
46.9999999999994,5.0,100.0,False,0,235.00000000002012,303.0649206906106,3.122012133877951,0.0005377383651381103,3.9107900938391354e-07,6.849505934440052e-06,0.00019760791786412057,0.00075195354821098,1.5506719056691966e-05,0.40856429070012745,0.3853983370741005,1.5506719056691966e-05,0.0,0.8579074856694636,1.230893599622519,0.35142678623925355,0.021559327713801854,0.0,19.754625716526814,21.456995464340704,-0.00170236974781389,303.0573059132831,7.1717052973656035,0.999231988074825,5.138499071768912e-07,7.450823654064924e-09,2.5926752161278474e-05,0.007456859606376593,0.0
47.999999999999204,5.0,100.0,False,0,240.00000000002126,303.06322043539046,3.118203118376115,0.0005377542200149122,3.9851905423833454e-07,6.829268548157571e-06,0.00019761462973329663,0.0007519790915708126,1.547987808456742e-05,0.4073946595877973,0.3847666614635731,1.547987808456742e-05,0.0,0.8578957093473579,1.2309169161018974,0.3514283105451022,0.02159289620943729,0.0,19.7552145326321,21.453315650441038,-0.0016981011178089389,303.0556068384024,7.171688816611179,0.9992319754173048,5.123552160609619e-07,7.429150632883949e-09,2.5926302604805697e-05,0.007456648909791455,0.0
48.999999999999005,5.0,100.0,False,0,245.0000000000224,303.06152443957745,3.1144934934684647,0.0005377696289865521,4.0593772387880864e-07,6.809490816679988e-06,0.00019762119243920515,0.0007520040672449913,1.5453740458322064e-05,0.40625213931885135,0.3841522620655199,1.5453740458322064e-05,0.0,0.8578841208844409,1.2309396612677965,0.35142984049806186,0.02162569988529381,0.0,19.75579395577795,21.44964505514322,-0.0016938510993652685,303.0539120200128,7.171672377143644,0.9992319627912858,5.109017984843785e-07,7.408076078023488e-09,2.5925860437279145e-05,0.007456443731794993,0.0
50.0,5.0,100.0,False,0,250.0000000000295,303.0598326846219,3.110880655044955,0.0005377846298611653,4.1333560757579634e-07,6.790164760647919e-06,0.00019762760991836218,0.0007520284902154511,1.5428287318119917e-05,0.4051362625180552,0.38355467562027373,1.5428287318119917e-05,0.0,0.8578727192873583,1.23096184925908,0.35143137583782647,0.021657754133895188,0.0,19.756364035632078,21.445983638300078,-0.0016896196026679995,303.05222143957707,7.1716559787831855,0.9992319501966316,5.094883809197411e-07,7.387581523336247e-09,2.592238723091037e-05,0.007456243923816133,0.0
50.9999999999998,5.0,100.0,False,0,255.00000000003064,303.058145152103,3.1073620692382122,0.0005377991389658365,4.2071327645666483e-07,6.771282359894263e-06,0.00019763388600372122,0.000752052375069959,1.5403500301451666e-05,0.40404655915799736,0.3829734510337767,1.5403500301451666e-05,0.0,0.8578615005571933,1.2309834910040254,0.3514329163113954,0.02168907413543668,0.0,19.75692497214033,21.44233136004328,-0.001685406387902951,303.05053507868695,7.171639621351259,0.9992319376332065,5.081137345443074e-07,7.367649150892458e-09,2.592499851946121e-05,0.0074560493412373615,0.0
51.9999999999996,5.0,100.0,False,0,260.0000000000318,303.05646182373016,3.1039352705426424,0.0005378132549808617,4.28071284141012e-07,6.752835567973783e-06,0.00019764002442678195,0.0007520757360101417,1.53793615329899e-05,0.40298255742634975,0.38240814913214866,1.53793615329899e-05,0.0,0.8578504650703926,1.231004601598039,0.35143446167291736,0.021719674854728963,0.0,19.757476746480364,21.438688180786418,-0.0016812114343060535,303.04885291906425,7.171623304670561,0.9992319251008758,5.067766734500641e-07,7.34826176502593e-09,2.5924578856285473e-05,0.007455859843310492,0.0
52.9999999999994,5.0,100.0,False,0,265.0000000000329,303.0547826813449,3.100597859974029,0.0005378269550759799,4.35410167350524e-07,6.73481632588899e-06,0.0001976460288197334,0.0007520985868596437,1.535585361428213e-05,0.40194378454560953,0.38185834241200634,1.535585361428213e-05,0.0,0.8578396102042939,1.231025192926464,0.3514360116835325,0.021749571038637623,0.0,19.7580194897853,21.43505406122883,-0.001677034571443528,303.0471749425627,7.171607028565088,0.9992319125995061,5.054760529331076e-07,7.329402767530061e-09,2.592416675789187e-05,0.007455675293073736,0.0
53.999999999999204,5.0,100.0,False,0,270.00000000003405,303.05310770692296,3.0973475032699604,0.0005378402468215791,4.427304464946177e-07,6.717216575009422e-06,0.00019765190271762048,0.0007521209410723753,1.5332959613330023e-05,0.40092976754514253,0.3813236147877723,1.5332959613330023e-05,0.0,0.8578289340292224,1.2310452773544198,0.3514375661112117,0.021778777213985658,0.0,19.75855329853887,21.43142896236062,-0.001672875663821749,303.0455011311704,7.171590792860129,0.9992319001289643,5.042107678585968e-07,7.311056133949654e-09,2.5923762233463592e-05,0.00745549555726632,0.0
54.999999999999005,5.0,100.0,False,0,275.0000000000352,303.0514368825775,3.0941819291313677,0.0005378531377910695,4.500326262328905e-07,6.70002826918716e-06,0.00019765764956052514,0.0007521428117408148,1.53106630540994e-05,0.39994003398563466,0.38080356133704824,1.53106630540994e-05,0.0,0.8578184345739646,1.2310648669904454,0.3514391247305946,0.02180730768588629,0.0,19.759078271301767,21.427812845469226,-0.001668734574167459,303.0438314670126,7.171574597382301,0.9992318876891192,5.029797510978257e-07,7.2932063909184725e-09,2.592336527987814e-05,0.0074553205062434505,0.0
56.0,5.0,100.0,False,0,280.0000000000423,303.04977019055906,3.09109892750526,0.0005378656654862137,4.573171960154109e-07,6.68324338607544e-06,0.0001976632726957543,0.0007521642116043373,1.5288947905997723e-05,0.39897411263641286,0.3802977880450542,1.5288947905997723e-05,0.0,0.857808110555739,1.2310839744150472,0.35144068732283046,0.021835176536477787,0.0,19.759594472213042,21.42420567213926,-0.0016646111999262167,303.0421659323518,7.171558441959556,0.9992318752798398,5.017819720339169e-07,7.275838594491796e-09,2.591998216371679e-05,0.007455150013890979,0.0
56.9999999999998,5.0,100.0,False,0,285.0000000000434,303.0481076132573,3.08809634790864,0.0005378777476401244,4.645846306017731e-07,6.666853937663651e-06,0.0001976687753800274,0.0007521851530575421,1.5267798573356017e-05,0.3980315341063056,0.3798059115489616,1.5267798573356017e-05,0.0,0.8577979577495536,1.2311026090490014,0.35144225367541787,0.021862397624029955,0.0,19.760102112522315,21.42060740425646,-0.0016605052917341467,303.0405045095896,7.171542326421195,0.9992318629009967,5.00616435133123e-07,7.258938309430284e-09,2.5922594016421392e-05,0.007454983957540957,0.0
57.9999999999996,5.0,100.0,False,0,290.00000000004457,303.04644913320396,3.085172097793371,0.0005378894815788821,4.718353905599766e-07,6.650851980045305e-06,0.00019767416078165622,0.0007522056481585484,1.5247199884944911e-05,0.3971118314289952,0.37932755888285913,1.5247199884944911e-05,0.0,0.8577879762589883,1.2311207844234267,0.35144382358204196,0.021888984582396437,0.0,19.76060118705058,21.417018004014473,-0.001656416816963894,303.0388471812697,7.1715262505979025,0.9992318505524612,4.9948217857863e-07,7.2424915893901356e-09,2.5922219646257617e-05,0.007454822217885893,0.0
58.9999999999994,5.0,100.0,False,0,295.0000000000457,303.04479473307305,3.0823241409518536,0.0005379008448401464,4.790699227458354e-07,6.635229622437491e-06,0.00019767943198271336,0.0007522257086372516,1.5227137083551208e-05,0.39621454060403516,0.3788623672241029,1.5227137083551208e-05,0.0,0.8577781632516142,1.2311385109148207,0.3514453968424186,0.02191495082078793,0.0,19.761091837419286,21.413437433914098,-0.0016523455964948112,303.0371939300777,7.171510214321728,0.9992318382341058,4.983782729638587e-07,7.226484957975952e-09,2.5921852727869583e-05,0.00745466467889594,0.0
59.999999999999204,5.0,100.0,False,0,300.00000000004684,303.04314439568043,3.079550495963038,0.0005379118448503462,4.862886607638993e-07,6.619979035474795e-06,0.00019768459198118223,0.000752245345903505,1.5207595815638123e-05,0.39533920109481824,0.37840998364158085,1.5207595815638123e-05,0.0,0.8577685165958276,1.2311557993818083,0.35144697326213803,0.021940309523842617,0.0,19.76157417020861,21.409865656763905,-0.0016482914865552942,303.0355447388412,7.171494217426107,0.9992318259458038,4.97303820042551e-07,7.21090539061699e-09,2.5921493208673485e-05,0.007454511227735147,0.0
60.9999999999998,15.0,150.0,False,0,315.00000000004457,303.0816573559281,3.081049682498849,0.0005378184034133331,4.93507375156116e-07,6.6376668758558e-06,0.00019585488329298677,0.000751660803164736,1.749920586923042e-05,0.3955697562020381,0.4345249574729545,1.749920586923042e-05,0.0,0.7832864840906133,1.229257924662771,0.3802258091192971,0.06574563145286065,0.0,70.45702738640799,31.99404630075482,0.03846298108565317,302.99837492375855,4.78124501842669,0.9916144477014365,4.987651626725642e-07,7.232094858752182e-09,7.763294899138353e-05,0.01118921449358523,0.0
61.9999999999996,15.0,150.0,False,0,330.0000000000423,303.1200509997307,3.0827010902272707,0.0005377195861157484,5.007526877877634e-07,6.660212120111511e-06,0.0001958281482520423,0.0007515582245190659,1.750628915621754e-05,0.39608931161618405,0.4337983722193676,1.750628915621754e-05,0.0,0.7833945317329629,1.229247159294122,0.38018614838358694,0.06566647917757235,0.0,70.44082024005554,32.117795755392,0.03832302448466354,303.0364673555323,4.781493120871324,0.991616527919397,5.006037749164129e-07,7.258754736287988e-09,7.763346585210225e-05,0.011189323692852483,0.0
62.9999999999994,15.0,150.0,False,0,345.00000000004,303.1583050352664,3.084300420299045,0.0005376212839376162,5.080245349219535e-07,6.682484100531281e-06,0.0001958015407084217,0.0007514561065924951,1.751325947690177e-05,0.396592027806206,0.4330736761732233,1.751325947690177e-05,0.0,0.7835008906920038,1.229236502243197,0.38014663020338685,0.06558898134780632,0.0,70.42486639619942,32.24109572748303,0.038183770668716394,303.074421428044,4.781740321157453,0.9916186000599667,5.02424928858679e-07,7.285161468450846e-09,7.763397918439342e-05,0.011189431498831795,0.0
63.999999999999204,15.0,150.0,False,0,360.00000000003774,303.19642016235514,3.085848339061072,0.0005375234933407279,5.153226637456236e-07,6.704485154104848e-06,0.00019577505393334174,0.0007513544521792173,1.7520118191243557e-05,0.3970781520266718,0.43235088149658496,1.7520118191243557e-05,0.0,0.7836055867802159,1.2292259521030078,0.3801072542983929,0.06551311102439898,0.0,70.4091619829676,32.36394846704969,0.038045213515917914,303.11223783389306,4.781986623807362,0.991620664166774,5.042286684307207e-07,7.31131569224545e-09,7.763448898025563e-05,0.011189537917896864,0.0
64.99999999999972,15.0,150.0,False,0,375.00000000003547,303.2343970745827,3.087345509036323,0.0005374262107920057,5.226468220623669e-07,6.7262176253706506e-06,0.00019574868725276567,0.0007512532586924425,1.752686600898309e-05,0.3975479295686462,0.4316299843062436,1.752686600898309e-05,0.0,0.7837086464601298,1.2292155081558638,0.380068019959131,0.06543884173660298,0.0,70.3937030309805,32.48635620408001,0.037907346826900494,303.14991725951216,4.782232033303053,0.9916227202830495,5.06015037711709e-07,7.337218046819781e-09,7.763499524680124e-05,0.011189642958210504,0.0
66.0,15.0,150.0,False,0,390.0000000000299,303.27223645938267,3.0887925887812004,0.000537329432766652,5.29996758340924e-07,6.74768386304492e-06,0.0001957224399943823,0.0007511525235518723,1.7533503654885074e-05,0.3980016035906397,0.43091098118692783,1.7533503654885074e-05,0.0,0.7838100957186267,1.2292051696751967,0.38002892648274395,0.06536614747382606,0.0,70.37848564220597,32.60832114879085,0.03777016449341512,303.187460385248,4.782476554086768,0.9916247684516312,5.07784084386555e-07,7.362869223605048e-09,7.763549799350618e-05,0.011189746628118714,0.0
67.0,15.0,150.0,False,0,405.00000000002007,303.3099389981239,3.090190232800792,0.0005372331557502028,5.373722217667427e-07,6.768886217733471e-06,0.0001956963114876415,0.000751052244183962,1.754003186810938e-05,0.398439415015075,0.4301938691702567,1.754003186810938e-05,0.0,0.78390996007701,1.229194935926057,0.3799899731728936,0.06529500267615344,0.0,70.3635059884485,32.729845491910645,0.03763366049653785,303.2248678854484,4.782720190561564,0.9916268087149699,5.095358596442376e-07,7.3882699648414455e-09,7.763599723157027e-05,0.011189848936143313,0.0
68.0,15.0,150.0,False,0,420.00000000001023,303.34750536619924,3.0915390914675287,0.0005371373762404021,5.447729622920588e-07,6.789827039820343e-06,0.00019567030106381323,0.0007509524180221484,1.7546451401590377e-05,0.39886160243621416,0.4294786457141514,1.7546451401590377e-05,0.0,0.784008264600822,1.229184806165596,0.37995115933966017,0.06522538222511381,0.0,70.3487603098767,32.85093140496281,0.03749782890491389,303.2621404285495,4.7829629470918755,0.9916288411151346,5.11270418076673e-07,7.413421062111759e-09,7.76364929741557e-05,0.011189949890974703,0.0
69.0,15.0,150.0,False,0,435.0000000000004,303.3849362331137,3.0928398109432034,0.0005370420907489119,5.521987306845131e-07,6.810508677523485e-06,0.00019564440805604783,0.0007508530425070816,1.7552763021425632e-05,0.39926840203881336,0.42876530868271917,1.7552763021425632e-05,0.0,0.7841050339094211,1.2291747796435437,0.37991248429944136,0.06515726143468127,0.0,70.33424491358682,32.97158104055092,0.03736266387303589,303.29927867716356,4.783204828004091,0.9916308656938186,5.129878175782219e-07,7.4383233548842185e-09,7.763698523598596e-05,0.01119004950146472,0.0
70.0,15.0,150.0,False,0,449.99999999999056,303.42223226256823,3.0940930331043193,0.0005369472958028788,5.596492785743223e-07,6.830933475105697e-06,0.00019561863179943525,0.0007507541150868504,1.755896750627318e-05,0.3996600475267712,0.42805385632671994,1.755896750627318e-05,0.0,0.7842002921853009,1.229164855602668,0.37987394737485664,0.06509061604251046,0.0,70.31995617220485,33.091796532626645,0.03722815963957821,303.3362832881614,4.783445837587092,0.9916328824923443,5.14688119245709e-07,7.46297772906278e-09,7.763747403324818e-05,0.011190147776619577,0.0
71.0,15.0,150.0,False,0,464.99999999998073,303.459394112543,3.0952993954707155,0.0005368529879463523,5.67124358499997e-07,6.851103771233569e-06,0.00019559297163106255,0.0007506556332172054,1.7565065646758248e-05,0.400036770061097,0.4273442872644994,1.7565065646758248e-05,0.0,0.7842940631831832,1.2291550332792294,0.37983554789465274,0.0650254222013935,0.0,70.3058905225225,33.21157999675805,0.03709431052576446,303.373154912755,4.783685980092797,0.9916348915516682,5.163713872791952e-07,7.48738511554833e-09,7.763795938356063e-05,0.011190244725592937,0.0
72.0,15.0,150.0,False,0,479.9999999999709,303.49642243538057,3.0964595311374286,0.0005367591637415706,5.746237239526362e-07,6.871021897474963e-06,0.00019556742689007286,0.0007505575943617846,1.757105824488952e-05,0.4003987982065157,0.4266366004633904,1.757105824488952e-05,0.0,0.7843863702388787,1.2291453119034186,0.37979728519360817,0.0649616564709317,0.0,70.29204446416819,33.33093353039644,0.03696111093377174,303.4098941965798,4.783925259736686,0.9916368929123868,5.180376888835545e-07,7.511546488811541e-09,7.763844130569087e-05,0.011190340357679046,0.0
73.0,15.0,150.0,False,0,494.99999999996106,303.53331787786453,3.0975740687097315,0.0005366658197701226,5.821471294187933e-07,6.8906901769256375e-06,0.00019554199691772134,0.0007504599959923271,1.757694611348454e-05,0.4007463578861278,0.4259307952216678,1.757694611348454e-05,0.0,0.7844772362779208,1.229135690699784,0.37975915861244364,0.06489929580941951,0.0,70.27841455831187,33.44985921313031,0.036828555345181556,303.4465017797725,4.784163680698323,0.9916388866147412,5.196870941707701e-07,7.535462865476166e-09,7.763891981956653e-05,0.011190434682306018,0.0
74.0,15.0,150.0,False,0,509.9999999999512,303.5700810812981,3.0986436322413318,0.0005365729526339948,5.896943304219321e-07,6.910110922958028e-06,0.00019551668105743147,0.0007503628355888913,1.7582730075604866e-05,0.4010796723435164,0.4252268711509579,1.7582730075604866e-05,0.0,0.7845666838239931,1.2291261688876547,0.3797211674977319,0.06483831756592978,0.0,70.26499742640102,33.568359106936605,0.03669663831946442,303.4829782970489,4.784401247121851,0.9916408726986221,5.213196760631574e-07,7.559135302915784e-09,7.763939494601513e-05,0.011190527709029187,0.0
75.0,15.0,150.0,False,0,524.9999999999413,303.60671268158325,3.0996688411756392,0.0005364805589564991,5.972650835624889e-07,6.929286438084876e-06,0.00019549147865485065,0.0007502661106400672,1.758841096400137e-05,0.40139896211175036,0.4245248281590803,1.758841096400137e-05,0.0,0.7846547350071428,1.2291167456815446,0.37968331120180754,0.06477869947259432,0.0,70.25178974892857,33.68643525643564,0.03656535449249294,303.5193243777818,4.784637963116518,0.9916428512035746,5.229355101975832e-07,7.582564897864957e-09,7.763986670685083e-05,0.011190619447524596,0.0
76.0,15.0,150.0,False,0,539.9999999999314,303.6432133092946,3.1006503102901077,0.0005363886353831102,6.048591465565513e-07,6.948219012928141e-06,0.000195466389057904,0.0007501698186431828,1.7593989620568617e-05,0.40170444498876484,0.4238246664334439,1.7593989620568617e-05,0.0,0.7847414115717897,1.2291074202915508,0.37964558908268303,0.06472041963707807,0.0,70.23878826423153,33.80408968912887,0.03643469857510266,303.55554064607475,4.784873832757139,0.9916448221688033,5.245346748305383e-07,7.605752785042805e-09,7.764033512461417e-05,0.01119070990758258,0.0
77.0,15.0,150.0,False,0,554.9999999999216,303.6795835897537,3.101588649643548,0.0005362971785822028,6.124762782731675e-07,6.966910925288433e-06,0.00019544141161684798,0.0007500739571045111,1.7599466895809556e-05,0.40199633601863316,0.42312638642486977,1.7599466895809556e-05,0.0,0.784826734884543,1.2290981919237416,0.3796080005039622,0.06466345653523636,0.0,70.22598976731854,33.92132441563755,0.03630466535168099,303.5916277208351,4.785108860084587,0.9916467856331764,5.261172507443104e-07,7.628700135792501e-09,7.764080022253962e-05,0.011190799099101463,0.0
78.0,15.0,150.0,False,0,569.9999999999117,303.71582414310194,3.102484464526386,0.0005362061852456977,6.201162387703019e-07,6.985364439307451e-06,0.00019541654568432324,0.0007499785235394716,1.7604843648310116e-05,0.402274847478253,0.4224299888318715,1.7604843648310116e-05,0.0,0.7849107259418218,1.2290890597805326,0.37957054483475844,0.06460778900395252,0.0,70.21339110872673,34.03814142993646,0.03617524967879027,303.6275862158462,4.7853430491062605,0.9916487416352308,5.276833211542046e-07,7.651408156735967e-09,7.764126202447963e-05,0.011190887032081374,0.0
79.0,15.0,150.0,False,0,584.9999999999018,303.75193558437417,3.1033383554138396,0.0005361156520896248,6.277787893294587e-07,7.0035818047180915e-06,0.00019539179061540507,0.0007498835154728254,1.761012074422402e-05,0.402540188869025,0.4217354745853482,1.761012074422402e-05,0.0,0.7849934053772972,1.2290800230610526,0.37953322144960955,0.06455339623414577,0.0,70.2009891934054,34.15454270959142,0.036046446483813985,303.6634167398403,4.785576403796557,0.9916506902131763,5.292329716169773e-07,7.673878088446172e-09,7.764172055478536e-05,0.011190973716618162,0.0
80.0,15.0,150.0,False,0,599.9999999998919,303.78791852356517,3.104150917921909,0.0005360255758546174,6.35463692488979e-07,7.021565256173339e-06,0.000195367145767654,0.0007497889304388684,1.76152990567669e-05,0.40279256691310783,0.4210428448338408,1.76152990567669e-05,0.0,0.785074793469147,1.2290710809615033,0.37949602972840196,0.06450025776395427,0.0,70.18878097962794,34.27053021597257,0.03591825076365537,303.69911989656435,4.785808928097306,0.9916526314049003,5.307662899402187e-07,7.696111204133172e-09,7.764217583830675e-05,0.011191059162897442,0.0
81.0,15.0,150.0,False,0,614.999999999882,303.8237735657017,3.1049227427661776,0.0005359359533063239,6.431707120760352e-07,7.039317012653152e-06,0.00019534261050116537,0.0007496947659816227,1.7620379465721626e-05,0.40303218555387893,0.42035210092908804,1.7620379465721626e-05,0.0,0.7851549101471433,1.2290622326755067,0.3794589690562884,0.06444835347207495,0.0,70.17676347792849,34.38610589448556,0.03579065758344293,303.7346962848512,4.7860406259182335,0.991654565247972,5.322833660931467e-07,7.718108808350628e-09,7.76426279002298e-05,0.01119114338118874,0.0
82.0,15.0,150.0,False,0,629.9999999998721,303.85950131090834,3.1056544157233494,0.0005358467812357613,6.508996132373418e-07,7.05683927693953e-06,0.0001953181841786167,0.0007496010196550175,1.7625362856952775e-05,0.40325924596023116,0.4196632444121154,1.7625362856952775e-05,0.0,0.785233774999563,1.2290534773944417,0.37942203882361236,0.06439766357126632,0.0,70.16493375006553,34.501271674783936,0.03566366207528159,303.7701464986849,4.786271501137387,0.9916564917796465,5.337842921184873e-07,7.739872235718067e-09,7.764307676609832e-05,0.011191226381839748,0.0
83.0,15.0,150.0,False,0,644.9999999998622,303.8951023544751,3.1063465175954583,0.0005357580564596038,6.586501624685964e-07,7.074134235157591e-06,0.00019529386616531517,0.0007495076890230721,1.7630250121931883e-05,0.40347394653436447,0.41897627699968887,1.7630250121931883e-05,0.0,0.78531140727994,1.2290448143077737,0.37938523842583055,0.06434816860200325,0.0,70.15328890800899,34.616029470986106,0.035537259437022885,303.8054711272673,4.786501557601572,0.9916584110368695,5.352691620456849e-07,7.76140284966243e-09,7.764352246166211e-05,0.01119130817527073,0.0
84.0,15.0,150.0,False,0,659.9999999998523,303.93057728692105,3.1069996241767357,0.0005356697758204175,6.664221276426718e-07,7.091204056376421e-06,0.00019526965582924313,0.00074941477166007,1.76350421572724e-05,0.4036764829227903,0.41829120057124414,1.76350421572724e-05,0.0,0.7853878259136523,1.2290362426033759,0.3793485672634408,0.06429984942628271,0.0,70.14182611295213,34.73038118187939,0.03541144493107275,303.8406707550813,4.786730799126767,0.9916603230562804,5.367380718053308e-07,7.782702041177296e-09,7.764396501294202e-05,0.011191388771968994,0.0
85.0,15.0,150.0,False,0,674.9999999998424,303.9659266940599,3.1076143062230366,0.0005355819361868379,6.742152780365772e-07,7.108050892266846e-06,0.00019524555254110223,0.00074932226515073,1.763973986427522e-05,0.4038670480302216,0.4176080171561613,1.763973986427522e-05,0.0,0.7854630495043596,1.2290277614678382,0.37931202474190623,0.06425268722157242,0.0,70.13054257434604,34.84432869113184,0.03528621388321419,303.87574596195566,4.786959229498539,0.9916622278742176,5.38191119145001e-07,7.803771227602516e-09,7.764440444605648e-05,0.011191468182483509,0.0
86.0,15.0,150.0,False,0,689.9999999998325,304.0011511570614,3.1081911294238,0.0005354945344537065,6.820293843572066e-07,7.124676876809854e-06,0.0001952215556743573,0.0007492301670903727,1.7644344148483903e-05,0.4040458320360897,0.41692672892150723,1.7644344148483903e-05,0.0,0.7855370963402819,1.2290193700867704,0.37927561027158574,0.06420666347490275,0.0,70.1194355489577,34.95787386748837,0.035161561681469326,303.91069732312553,4.787186852472448,0.9916641255267219,5.396284035463295e-07,7.824611851421778e-09,7.76448407872974e-05,0.011191546417419644,0.0
87.0,15.0,150.0,False,0,704.9999999998226,304.03625125251403,3.1087306543764974,0.0005354075675421556,6.898642187658969e-07,7.14108412605429e-06,0.00019519766460527818,0.0007491384750850813,1.764885591925051e-05,0.4042130224134574,0.4162473381601314,1.764885591925051e-05,0.0,0.7856099844003402,1.2290110676450952,0.3792393232676618,0.06416175997709302,0.0,70.10850233994894,35.07101856497366,0.03503748377497528,303.94552540929493,4.787413671774453,0.9916660160495399,5.410500261435296e-07,7.84522537908118e-09,7.764527406295667e-05,0.011191623487433989,0.0
88.0,15.0,150.0,False,0,719.9999999998128,304.0712275524851,3.1092334365634713,0.0005353210323996571,6.977195549018136e-07,7.157274737917742e-06,0.00019517387871298048,0.0007490471867518602,1.765327608931112e-05,0.40436880395003894,0.4155698472791749,1.765327608931112e-05,0.0,0.7856817313601472,1.2290028533273318,0.3792031631500723,0.0641179588171124,0.0,70.0977402959779,35.183764623083334,0.034913975672894566,303.98023078669553,4.787639691101289,0.9916678994781286,5.424560896432422e-07,7.865613299827012e-09,7.764570429939126e-05,0.01119169940322933,0.0
89.0,15.0,150.0,False,0,734.9999999998029,304.10608062458044,3.1097000263311725,0.000535234926000031,7.055951679041827e-07,7.173250792029261e-06,0.00019515019737946515,0.0007489562997187847,1.7657605574371743e-05,0.4045133587711738,0.4148942587889516,1.7657605574371743e-05,0.0,0.785752354597866,1.2289947263178758,0.3791671293434417,0.06407524237656809,0.0,70.08714681032009,35.29611386697856,0.034791032943341536,304.0148140171466,4.787864914120868,0.9916697758476588,5.438466982458138e-07,7.8857771245643e-09,7.764613152296896e-05,0.011191774175549722,0.0
90.0,15.0,150.0,False,0,749.999999999793,304.14081103200215,3.1101309688716805,0.000535149245343423,7.134908344333948e-07,7.189014349608814e-06,0.0001951266199896571,0.0007488658116251505,1.7661845292703962e-05,0.40464686636449165,0.41422057529222955,1.7661845292703962e-05,0.0,0.785821871199925,1.2289866858012617,0.3791312212770158,0.06403359332432096,0.0,70.07671932001124,35.40806810766851,0.03466865121234272,304.0492756581111,4.788089344472641,0.9916716451930189,5.452219575679437e-07,7.905718384735184e-09,7.764655575994914e-05,0.011191847815175663,0.0
91.0,15.0,150.0,False,0,764.9999999997831,304.1754193336077,3.1105268042065135,0.0005350639874562447,7.214063326909951e-07,7.204567453382757e-06,0.00019510314593144184,0.0007487757201216141,1.7665996164750997e-05,0.40476950360611696,0.41354879947382384,1.7665996164750997e-05,0.0,0.7858902979666152,1.2289787309624283,0.379095438384594,0.0639929946112191,0.0,70.0664553050077,35.51962914220336,0.034546826162804335,304.0836162627553,4.788312985767985,0.9916735075488184,5.465819745668631e-07,7.925438631219514e-09,7.764697703658034e-05,0.011191920332919414,0.0
92.0,15.0,150.0,False,0,779.9999999997732,304.20990608396477,3.110888067172615,0.0005349791493910917,7.293414424385836e-07,7.2199121275298205e-06,0.00019507977459570119,0.0007486860228703295,1.7670059112743226e-05,0.404881444788226,0.4128789340906263,1.7670059112743226e-05,0.0,0.7859576514175454,1.2289708609869656,0.37905978010446645,0.06395342946495386,0.0,70.05635228736818,35.63079875384819,0.03442555353352,304.11783638000196,4.788535841590553,0.9916753629493916,5.479268574658207e-07,7.944939433254401e-09,7.764739537897015e-05,0.011191991739620405,0.0
93.0,15.0,150.0,False,0,794.9999999997633,304.24427183340646,3.1112152874105132,0.0005348947282266324,7.372959450156491e-07,7.235050377656956e-06,0.00019505650537634785,0.0007485967175450822,1.7674035060323812e-05,0.4049828616477981,0.41221098196196015,1.7674035060323812e-05,0.0,0.7860239477969843,1.2289630750613647,0.3790242458793518,0.06391488138502867,0.0,70.04640783045234,35.741578712261614,0.03430482911819072,304.15193655458563,4.7887579154966415,0.9916772114288012,5.492567156810809e-07,7.964222377375673e-09,7.764781081321531e-05,0.011192062046140771,0.0
94.0,15.0,150.0,False,0,809.9999999997534,304.27851712808723,3.111508989354573,0.0005348107210674723,7.452696233563493e-07,7.249984190802438e-06,0.0001950333376703589,0.0007485078018314162,1.767792493218433e-05,0.4050739233963914,0.41154494596024543,1.767792493218433e-05,0.0,0.786089203079078,1.228955372373249,0.3789888351563327,0.0638773341378382,0.0,70.03661953813828,35.851970773675234,0.034184648764463046,304.18591732710775,4.788979211015534,0.9916790530208411,5.505716597504344e-07,7.9832890663813e-09,7.764822336505479e-05,0.011192131263360995,0.0
95.0,15.0,150.0,False,0,824.9999999997435,304.312642510035,3.111769692225292,0.0005347271250439982,7.532622620052721e-07,7.264715535462659e-06,0.00019501027087780737,0.0007484192734267567,1.768172965370979e-05,0.4051547967508409,0.4108808290020681,1.768172965370979e-05,0.0,0.786153432972948,1.2289477521116041,0.3789535473867973,0.06384077175185879,0.0,70.02698505405777,35.96197668106152,0.03406500837299625,304.2197792340883,4.789199731649858,0.9916808877590408,5.518718012630701e-07,8.002141118314516e-09,7.764863306027091e-05,0.011192199402175668,0.0
96.0,15.0,150.0,False,0,839.9999999997336,304.34664851720447,3.111997910023591,0.0005346439373122028,7.61273647132185e-07,7.279246361641976e-06,0.00019498730440189273,0.0007483311300405264,1.7685450150633583e-05,0.4052256459647185,0.410218634039539,1.7685450150633583e-05,0.0,0.7862166529276821,1.2289402134670024,0.37891838202637795,0.0638051785129424,0.0,70.01750206084768,36.07159816430443,0.03394590389654324,304.2535228080185,4.789419480875911,0.9916827156766682,5.531572527909905e-07,8.020780165469362e-09,7.764903992434243e-05,0.011192266473489348,0.0
97.0,15.0,150.0,False,0,854.9999999997237,304.38053568352814,3.1121941515270555,0.0005345611550534912,7.693035665457994e-07,7.293578600922455e-06,0.00019496443764896996,0.0007482433693942574,1.7689087348701842e-05,0.4052866328604533,0.40955836405200663,1.7689087348701842e-05,0.0,0.7862788781372044,1.228932755631812,0.3788833385348935,0.06377053895971392,0.0,70.00816827941932,36.18083694036377,0.03382733133905556,304.2871485774111,4.789638462144005,0.9916845368067324,5.54428127821862e-07,8.039207853417e-09,7.764944398258545e-05,0.011192332488212548,0.0
98.0,15.0,150.0,False,0,869.9999999997139,304.4143045389677,3.1123589202880515,0.0005344787754744726,7.773518097065796e-07,7.307714166552661e-06,0.00019494167002857848,0.0007481559892217019,1.7692642173347548e-05,0.40533791686199805,0.4089000220380653,1.7692642173347548e-05,0.0,0.7863401235450493,1.2289253778004081,0.37884841637629085,0.06373683787906795,0.0,69.99898146824258,36.28969471344084,0.03370928675480174,304.3206570668516,4.789856678878788,0.9916863511819879,5.556845406933614e-07,8.057425840053742e-09,7.764984526006675e-05,0.011192397457257825,0.0
99.0,15.0,150.0,False,0,884.999999999704,304.4479556095636,3.1124927146336927,0.000534396795806736,7.854181677386024e-07,7.321654953552866e-06,0.00019491900095346758,0.000748068987268931,1.7696115549373768e-05,0.4053796550279439,0.4082436110078976,1.7696115549373768e-05,0.0,0.7864004038490182,1.2289180791693697,0.37881361501858885,0.06370406030176269,0.0,69.98993942264725,36.39817317513668,0.03359176624751058,304.35404879704697,4.790074134479572,0.9916881588349371,5.569266065289883e-07,8.075435794670331e-09,7.765024378170128e-05,0.011192461391535975,0.0
100.0,15.0,150.0,False,0,899.9999999996941,304.4814894174846,3.1125960276675797,0.000534315213306615,7.935024334405003e-07,7.335402838835726e-06,0.00019489642983962305,0.0007479823612944357,1.769950840064653e-05,0.40541200208498546,0.407589133975903,1.769950840064653e-05,0.0,0.7864597335057427,1.2289108589376727,0.37877893393382195,0.06367219149810814,0.0,69.98103997413858,36.50627400461254,0.03347476596952604,304.3873242848749,4.790290832320649,0.9916899597978335,5.581544411753453e-07,8.093239397042507e-09,7.765063957210043e-05,0.011192524301952339,0.0
101.0,15.0,150.0,False,0,914.9999999996842,304.51490648107455,3.112669347273292,0.0005342340252549443,8.016044012955046e-07,7.348959681340011e-06,0.000194873956106291,0.0007478961090692187,1.7702821649796447e-05,0.4054351104616639,0.4069365939536663,1.7702821649796447e-05,0.0,0.7865181267351443,1.2289037163068792,0.3787443725979877,0.06364121697374713,0.0,69.97228098972833,36.61399886873877,0.03335828212098956,304.4204840434298,4.7905067757515924,0.991691754102685,5.59368161140854e-07,8.110838336542383e-09,7.765103265558286e-05,0.011192586199403215,0.0
102.0,15.0,150.0,False,0,929.9999999996743,304.5482073149017,3.1127131561195567,0.0005341532289567982,8.097238674806123e-07,7.362327322177962e-06,0.00019485157917600006,0.0007478102283768806,1.7706056217930057e-05,0.4054491303223012,0.40628599394315174,1.7706056217930057e-05,0.0,0.7865755975247988,1.228896650481312,0.3787099304909899,0.06361112246552321,0.0,69.96366037128017,36.72134942225503,0.03324231094902514,304.45352858207184,4.79072196809758,0.9916935417812563,5.605678835360342e-07,8.128234311272495e-09,7.76514230563046e-05,0.011192647094772393,0.0
103.0,15.0,150.0,False,0,944.9999999996644,304.5813924298041,3.1127279316670533,0.0005340728217412293,8.178606298748949e-07,7.37550758479237e-06,0.0001948292984745841,0.0007477247170137056,1.7709213024349784e-05,0.40545420960105605,0.40563733693024495,1.7709213024349784e-05,0.0,0.7866321596342037,1.2288896606682305,0.37867560709658843,0.06358189393743827,0.0,69.95517605486943,36.828327307915124,0.033126848746954304,304.4864584064719,4.790936412659683,0.991695322865073,5.617537260151309e-07,8.145429027219398e-09,7.765181079809639e-05,0.011192706998927751,0.0
104.0,15.0,150.0,False,0,959.9999999996545,304.6144626060044,3.1126983254019867,0.000533992878892218,8.260144438319723e-07,7.388423915706746e-06,0.00019480581774255793,0.0007476346001468138,1.7718560456121876e-05,0.40544618807150434,0.405133925320376,1.7718560456121876e-05,0.0,0.786682642024438,1.2288780609518306,0.3786414958854642,0.06355392304192832,0.0,69.94760369633427,36.934935036923015,0.03301266865941126,304.51927428962625,4.791150114479753,0.9916970974000744,5.629154968528915e-07,8.162274704366927e-09,7.765240395508693e-05,0.01119284906242126,0.0
105.0,15.0,150.0,False,0,974.9999999996446,304.64741915665854,3.112593202555006,0.0005339135817491483,8.341848485942022e-07,7.400892955806323e-06,0.00019478200202967805,0.0007475431977186707,1.7729909139377986e-05,0.40541507223333073,0.40467934534687316,1.7729909139377986e-05,0.0,0.7867294542164015,1.2288649918298944,0.3786075325363031,0.06352800507718984,0.0,69.94058186753976,37.04117683854991,0.03289940502898985,304.55197753338484,4.791363082043499,0.9916988654607366,5.6404265205498e-07,8.17861845479721e-09,7.765305080272315e-05,0.011193005745118945,0.0
106.0,15.0,150.0,False,0,989.9999999996347,304.68026275377787,3.1124143848635297,0.0005338349247603271,8.423713622675212e-07,7.412919402255504e-06,0.00019475836058125917,0.0007474524641315129,1.7740793069512052e-05,0.4053612356844758,0.40421714307596895,1.7740793069512052e-05,0.0,0.7867745275903252,1.2288522973101537,0.3785736792662964,0.06350409045353214,0.0,69.93382086145121,37.14705487527636,0.03278676598617485,304.58456880340026,4.791575319693505,0.9917006270870753,5.651372433631645e-07,8.194490028765885e-09,7.765368419000024e-05,0.011193156878006268,0.0
107.0,15.0,150.0,False,0,1004.9999999996248,304.7129940165134,3.1121644900112937,0.0005337568946446988,8.505735192426295e-07,7.424515766068872e-06,0.00019473489030551012,0.0007473623875183702,1.7751225017515576e-05,0.4052854765277831,0.4037476406621031,1.7751225017515576e-05,0.0,0.7868179217041058,1.2288399669819663,0.37853993562114513,0.06348210965671527,0.0,69.92731174438411,37.25257113922148,0.032674740605162636,304.6170487128846,4.791786831430773,0.991702382316226,5.662001829950896e-07,8.209902653428801e-09,7.765430447716605e-05,0.01119330261056247,0.0
108.0,15.0,150.0,False,0,1019.9999999996149,304.7456135532565,3.11184606490814,0.0005336794784757224,8.58790867019681e-07,7.43569421125516e-06,0.00019471158816938226,0.0007472729562377375,1.776121750667054e-05,0.40518856808005255,0.40327115239389283,1.776121750667054e-05,0.0,0.786859694115875,1.2288279906731785,0.3785063011541834,0.06346199540312017,0.0,69.92104588261874,37.357727587860246,0.032563318294758496,304.6494178643858,4.7919976211867645,0.9917041311847047,5.672323667316115e-07,8.224869317608368e-09,7.765491201298675e-05,0.011193443089427614,0.0
109.0,15.0,150.0,False,0,1034.9999999996132,304.77812196196885,3.111461587043533,0.0005336026636701099,8.670229659684209e-07,7.4464665657003424e-06,0.00019468845119815776,0.0007471841588719965,1.7770782813450757e-05,0.4050712597025302,0.40278798478830985,1.7770782813450757e-05,0.0,0.7868999004560018,1.2288163584462584,0.37847277542604324,0.06344368256421325,0.0,69.91501493159971,37.46252614508687,0.03245248878651284,304.681676850115,4.792207692825554,0.9917058737284259,5.682346737103738e-07,8.239402768800421e-09,7.76555071351371e-05,0.01119357845840994,0.0
110.0,15.0,150.0,False,0,1049.9999999996146,304.8105198304984,3.111013465836152,0.0005335264379769384,8.752693890856039e-07,7.456844331707854e-06,0.00019466547647500323,0.0007470959842257014,1.777993296863171e-05,0.4049342776029245,0.40229843668839055,1.777993296863171e-05,0.0,0.7869385944959268,1.2288050605944316,0.37843935800433753,0.06342710809416731,0.0,69.90921082561096,37.566968702231534,0.03234224212337942,304.71382625225965,4.792417050145856,0.9917076099827212,5.692079662568908e-07,8.253515510724916e-09,7.765609017060162e-05,0.011193708858495547,0.0
111.0,15.0,150.0,False,0,1064.999999999616,304.8428077368854,3.1105040439784872,0.0005334507894671257,8.835297217502195e-07,7.466838696195339e-06,0.00019464266114049288,0.00074700842132375,1.7788679758584605e-05,0.4047783256092359,0.4018027993637899,1.7788679758584605e-05,0.0,0.7869758282140249,1.2287940876378443,0.3784060484633558,0.06341221096046362,0.0,69.90362576789624,37.67105711904798,0.03223256864884826,304.7458666432872,4.792625696883006,0.9917093399823559,5.701530897512646e-07,8.267219801393337e-09,7.765666143606494e-05,0.011193834427860292,0.0
112.0,15.0,150.0,False,0,1079.9999999996173,304.87498624965883,3.1099355987753534,0.0005333757065232689,8.918035614770278e-07,7.476460540547092e-06,0.0001946200023921031,0.0007469214594094442,1.7797034726742484e-05,0.404604085915785,0.40130135661390565,1.7797034726742484e-05,0.0,0.7870116518586504,1.2287834303197431,0.37837284638377344,0.06339893207731924,0.0,69.89825222120243,37.774793224666574,0.032123458996535854,304.77779858623865,4.79283363671088,0.9917110637615455,5.710708725284728e-07,8.280527651662855e-09,7.765722123819364e-05,0.01119395530188387,0.0
113.0,15.0,150.0,False,0,1094.9999999996187,304.90705592811963,3.109310343475333,0.0005333011778298557,9.000905176688803e-07,7.485720450122872e-06,0.00019459749748368166,0.0007468350879424517,1.780500917522625e-05,0.4044122198019454,0.4007943848733453,1.780500917522625e-05,0.0,0.7870461140085155,1.2287730796026832,0.37833975135237596,0.06338721424179172,0.0,69.89308289872265,37.878178818507465,0.032014904080215185,304.80962263500976,4.7930408732437195,0.9917127813539725,5.719621258101987e-07,8.293450824247881e-09,7.765776987399406e-05,0.01119407161316588,0.0
114.0,15.0,150.0,False,0,1109.99999999962,304.93901732261844,3.108630428594221,0.0005332271923638185,9.083902113682647e-07,7.4946287234301745e-06,0.00019457514372489066,0.0007467492965966696,1.7812614166623213e-05,0.40420336832419757,0.4002821533193914,1.7812614166623213e-05,0.0,0.7870792616305514,1.22876302666476,0.3783067629617922,0.06337700207241634,0.0,69.88811075541727,37.98121567117474,0.031906895084242534,304.84133933462607,4.793247410037931,0.9917144927928009,5.72827643666565e-07,8.306000833165193e-09,7.76583076313544e-05,0.011194183491543759,0.0
115.0,15.0,150.0,False,0,1124.9999999996214,304.9708709748196,3.1078979432295935,0.0005331537393854531,9.167022750085031e-07,7.50319538096211e-06,0.00019455293848062954,0.0007466640752580093,1.781986052590511e-05,0.40397815298218576,0.3997649239813475,1.781986052590511e-05,0.0,0.7871111401353722,1.228753262895867,0.37827388081024405,0.0633682419502508,0.0,69.88332897969416,38.08390552530791,0.031799423454386244,304.8729492215051,4.793453250593785,0.9917161981106921,5.736682030056494e-07,8.318188943581916e-09,7.765883478910978e-05,0.011194291064112509,0.0
116.0,15.0,150.0,False,0,1139.9999999996228,305.00261741795913,3.107114916365697,0.0005330808084296713,9.250263521649819e-07,7.511430173710891e-06,0.00019453087917043336,0.0007465794140220864,1.7826758842479022e-05,0.4037371763595162,0.399242951851442,1.7826758842479022e-05,0.0,0.7871417934304881,1.2287437798939895,0.3782411045013039,0.06336088196219758,0.0,69.87873098542677,38.18625009641145,0.03169248088901532,304.9044528237117,4.793658398357095,0.991717897339819,5.744845635892977e-07,8.330026172044818e-09,7.765935161757349e-05,0.01119439445524607,0.0
117.0,15.0,150.0,False,0,1154.9999999996242,305.034257177093,3.1062833181678355,0.0005330083892975879,9.333620973067955e-07,7.519342591363467e-06,0.00019450896326785475,0.0007464953031918509,1.7833319472361495e-05,0.40348102274008846,0.39871648499713874,1.7833319472361495e-05,0.0,0.7871712639713574,1.2287345694615135,0.37820843364366463,0.06335487184649143,0.0,69.87431040429638,38.288251073655466,0.03158605933064092,304.93585066120454,4.793862856720804,0.9917195905118794,5.752774680734118e-07,8.341523287064472e-09,7.765985837884055e-05,0.011194493786620248,0.0
118.0,15.0,150.0,False,0,1169.9999999996255,305.06579076933775,3.105405061265601,0.0005329364720484332,9.417091755491335e-07,7.526941870188683e-06,0.00019448718829982582,0.0007464117332751352,1.7839552540467613e-05,0.40321025870076405,0.39818576467463734,1.7839552540467613e-05,0.0,0.7871995928104174,1.228725623601578,0.3781758678509196,0.06335016294024101,0.0,69.87006107843737,38.389910120650015,0.03148015095778736,304.96714324607433,4.79406662902656,0.9917212776581107,5.760476420711185e-07,8.352690810031219e-09,7.76603553270046e-05,0.011194589177237077,0.0
119.0,15.0,150.0,False,0,1184.9999999996269,305.0972187041009,3.1044820020241937,0.0005328650469917788,9.500672624067432e-07,7.534237000624101e-06,0.00019446555184600444,0.0007463286949821479,1.784546794300614e-05,0.4029254336811883,0.3976510254434027,1.784546794300614e-05,0.0,0.7872268196441713,1.2287169345144506,0.3781434067413541,0.06334670812892525,0.0,69.8659770533743,38.491228876188394,0.0313747481771859,304.9983310827728,4.794269718566189,0.991722958809302,5.767957942371767e-07,8.363539016439062e-09,7.766084270863487e-05,0.01119468074345056,0.0
120.0,15.0,150.0,False,0,1199.9999999996282,305.1285414833078,3.1035159418032845,0.000532794104680062,9.584360435487583e-07,7.541236734575249e-06,0.00019444405153810456,0.0007462461792229016,1.7851075349975925e-05,0.4026270805316375,0.3971124952814924,1.7851075349975925e-05,0.0,0.7872529828584507,1.2287084945939348,0.3781110499377431,0.06334446179774095,0.0,69.86205257123238,38.59220895497655,0.03126984361625584,305.02941466833704,4.794472128583168,0.9917246339958069,5.775226163723375e-07,8.374077937398895e-09,7.76613207628847e-05,0.01119476859899367,0.0
121.0,15.0,150.0,False,0,1214.9999999996296,305.15975960161643,3.102508628202747,0.0005327236359014069,9.668152145551745e-07,7.5479495924334315e-06,0.00019442268505921238,0.0007461641771045889,1.7856384207752283e-05,0.40231571603969146,0.39657039570160557,1.7856384207752283e-05,0.0,0.7872781195719284,1.2287002964238114,0.3780787970671622,0.06334337978472082,0.0,69.85828206421073,38.692851948325576,0.03116543011588515,305.0603944926029,4.794673862274011,0.9917263032475562,5.782287835458802e-07,8.384317361415263e-09,7.766178972192514e-05,0.011194852855006508,0.0
122.0,15.0,150.0,False,0,1229.999999999631,305.1908735466289,3.1014617562947895,0.000532653631672722,9.752044806752264e-07,7.554383869826197e-06,0.000194401450143091,0.0007460826799289144,1.7861403741760602e-05,0.4019918414365955,0.3960249418676079,1.7861403741760602e-05,0.0,0.7873022656779761,1.2286923327743067,0.37804664776080393,0.06334341933552658,0.0,69.85466014830357,38.79315942483351,0.031061500723470054,305.09127103841456,4.7948749227896394,0.9917279665940691,5.789149542352807e-07,8.39426683641157e-09,7.766224981114013e-05,0.01119493362006559,0.0
123.0,15.0,150.0,False,0,1244.9999999996323,305.22188379909454,3.1003769698419044,0.0005325840832330669,9.836035565879037e-07,7.5605476441082715e-06,0.00019438034457347185,0.0007460016791893734,1.786614295922736e-05,0.40165594288411166,0.3954763427114374,1.786614295922736e-05,0.0,0.78732545588495,1.2286845965985982,0.3780146016538042,0.06334453905984408,0.0,69.8511816172575,38.893132931038664,0.03095804868621883,305.12204478182593,4.795075313236689,0.9917296240644652,5.795817704814459e-07,8.403935671980965e-09,7.766270124941925e-05,0.011195011000214103,0.0
124.0,15.0,150.0,False,0,1259.9999999996337,305.25279083310534,3.0992558625002276,0.000532514982037283,9.920121661648157e-07,7.566448780603902e-06,0.00019435936618333681,0.0007459211665684978,1.7870610652003308e-05,0.4013084919426969,0.3949248010502663,1.7870610652003308e-05,0.0,0.78734772375497,1.2286770810293501,0.377982658385077,0.06334669888930317,0.0,69.84784143675449,38.99277399204914,0.030855067444705356,305.15271619229424,4.795275036678775,0.991731275687475,5.802298580582982e-07,8.413332941845324e-09,7.766314424941792e-05,0.011195085098993132,0.0
125.0,15.0,150.0,False,0,1274.999999999635,305.28359511628776,3.098099979007825,0.000532446319749862,1.0004300422356265e-06,7.5720949386118805e-06,0.00019433851285419087,0.0007458411339350644,1.7874815399453482e-05,0.4009499460217652,0.39437051370371357,1.7874815399453482e-05,0.0,0.7873691017412772,1.22866977937528,0.3779508175971549,0.06334986003684805,0.0,69.84463473880841,39.0920841121613,0.030752550626647106,305.18328573287044,4.795474096137732,0.9917329214914511,5.808598266556246e-07,8.422467486506556e-09,7.766357901780674e-05,0.011195156017473727,0.0
126.0,15.0,150.0,False,0,1289.9999999996364,305.31429710998526,3.0969108163575387,0.0005323780882390623,1.0088569263562083e-06,7.577493577181537e-06,0.00019431778251532565,0.0007457615733412681,1.7878765571406207e-05,0.4005807488128465,0.393813671611084,1.7878765571406207e-05,0.0,0.7873896212242216,1.2286626851177591,0.37791907893603993,0.0633539849574976,0.0,69.84155681636673,39.191064775447536,0.030650492040919197,305.2137538603802,4.795672494594795,0.9917345615043782,5.814722700737961e-07,8.431347916070044e-09,7.766400575536913e-05,0.011195223854289765,0.0
127.0,15.0,150.0,False,0,1304.9999999996378,305.34489726943895,3.0956898249540132,0.000532310279571239,1.017292568579719e-06,7.582651960671833e-06,0.0001942971731430772,0.0007456824770198716,1.788246933115794e-05,0.4002013307063499,0.3932544599483992,1.788246933115794e-05,0.0,0.7874093125459695,1.2286557919074517,0.37788744205105723,0.06335903731042504,0.0,69.83860311810456,39.289717446337406,0.030548885671767154,305.2441210256028,4.795870234991766,0.9917361957538835,5.820677664295566e-07,8.439982613228571e-09,7.766442465747831e-05,0.011195288705671524,0.0
128.0,15.0,150.0,False,0,1319.9999999996392,305.3753960439565,3.0944384097545767,0.0005322428860054052,1.0257367272307175e-06,7.5875771641000445e-06,0.0001942766827600764,0.0007456038373813315,1.7885934638525044e-05,0.39981210919270355,0.39269305824526013,1.7885934638525044e-05,0.0,0.7874282050439494,1.2286490935609784,0.3778559065947215,0.06336498192230744,0.0,69.83576924340757,39.38804357016316,0.030447725673244407,305.27438767343887,4.7960673202321,0.9917378242672462,5.826468783714344e-07,8.448379736385798e-09,7.766483591409735e-05,0.011195350665479914,0.0
128.9999999999991,15.0,150.0,False,0,1334.9999999996483,305.40579387708374,3.0931579313936615,0.0005321758999879816,1.0341891686824844e-06,7.592276078294085e-06,0.00019425630943449413,0.0007455256470108978,1.7889169252941826e-05,0.39941348924852815,0.3921296405012328,1.7889169252941826e-05,0.0,0.7874463270831379,1.2286425840576174,0.3778244722226023,0.06337178475187724,0.0,69.83305093752931,39.48604457371038,0.030347006363818926,305.30455424308013,4.796263753182023,0.9917394470714068,5.832101533042917e-07,8.45654722291223e-09,7.766523971008271e-05,0.0111954098252413,0.0
130.0,15.0,150.0,False,0,1349.9999999996846,305.4360912067624,3.0918497072905162,0.000532109314147619,1.042649667137648e-06,7.596755414852126e-06,0.0001942360512792829,0.0007454478986657051,1.789218073659453e-05,0.39900586370856034,0.3915643753018827,1.789218073659453e-05,0.0,0.787463706087201,1.2286362575360408,0.3777931385932031,0.06337941285563664,0.0,69.83044408691984,39.58372186572879,0.03024672222119105,305.3346211681665,4.796459536671545,0.9917410641929766,5.837581236214886e-07,8.464492792511584e-09,7.766563623939817e-05,0.011195466274182834,0.0
130.9999999999991,15.0,150.0,False,0,1364.9999999996937,305.4662884654901,3.0905150127399557,0.0005320431212910405,1.0511180044121773e-06,7.601021710923549e-06,0.00019421590645141447,0.0007453705852718456,1.7894976457591367e-05,0.3985896136239473,0.3909974259341557,1.7894976457591367e-05,0.0,0.7874803685685842,1.2286301082910973,0.3777619053678403,0.06338783435467289,0.0,69.82794471471236,39.68107683744487,0.03014686787726749,305.3645888769439,4.796654673495498,0.991742675658246,5.84291306944297e-07,8.472223950692306e-09,7.766602563481512e-05,0.011195520099268273,0.0
132.0,15.0,150.0,False,0,1379.99999999973,305.4963860804695,3.089155081985912,0.0005319773143968137,1.059593969723047e-06,7.605081333815431e-06,0.0001941958731511141,0.0007452936999214306,1.789756359315949e-05,0.3981651086075604,0.39042895050118515,1.789756359315949e-05,0.0,0.787496340157511,1.2286241307705819,0.3777307722105318,0.06339701840253899,0.0,69.82554897637333,39.77811086304439,0.030047438113328936,305.3944577924128,4.796849166414493,0.9917442814931935,5.848102063672529e-07,8.479747992325168e-09,7.766640812335466e-05,0.011195571385234181,0.0
132.9999999999991,15.0,150.0,False,0,1394.9999999997392,305.52638447375745,3.087771109277668,0.0005319118866129554,1.0680773594792687e-06,7.608940485436329e-06,0.0001941759496210945,0.0007452172358696484,1.7899949132868202e-05,0.3977327071669051,0.38985910203629887,1.7899949132868202e-05,0.0,0.7875116456300898,1.228618319572124,0.37769973878788865,0.06340693515414568,0.0,69.82325315548651,39.874825300150874,0.02994842785533564,305.42422833247554,4.797043018155893,0.9917458817234938,5.853153107090377e-07,8.487072005281047e-09,7.766678381462963e-05,0.011195620214626521,0.0
134.0,15.0,150.0,False,0,1409.9999999997756,305.5562840624063,3.0863642499085207,0.0005318468312503259,1.076567977076845e-06,7.6126052065826284e-06,0.00019415613414578767,0.0007451411865318188,1.7902139881871168e-05,0.39729275702522293,0.38928802861625494,1.7902139881871168e-05,0.0,0.7875263089353638,1.2286126694400084,0.37766880476901277,0.06341755573563182,0.0,69.82105365969541,39.97122149028284,0.029849832169412564,305.4539009100769,4.79723623141472,0.991747476374526,5.858070947678099e-07,8.494202874133245e-09,7.766715292694413e-05,0.011195666667837495,0.0
134.9999999999991,15.0,150.0,False,0,1424.9999999997847,305.5860852586014,3.084935621236833,0.0005317821417806948,1.0850656326972018e-06,7.616081381076184e-06,0.00019413642505057685,0.0007450655454804431,1.7904142464164692e-05,0.3968455954313198,0.38871587347357994,1.7904142464164692e-05,0.0,0.787540353221571,1.2286071752621415,0.3776379698254014,0.06342885221516908,0.0,69.81894701676433,40.06730075929534,0.029751646257468983,305.48347593334034,4.797428808854544,0.9917490654713808,5.862860195804248e-07,8.50114728391616e-09,7.766751556150843e-05,0.011195710823142678,0.0
136.0,15.0,150.0,False,0,1439.999999999821,305.6157884697963,3.0834863036892854,0.0005317178118304279,1.0935701431096541e-06,7.6193747397612e-06,0.00019411682070102898,0.0007449903064422577,1.790596332585867e-05,0.3963915494586401,0.3881427751079092,1.790596332585867e-05,0.0,0.7875538008614227,1.2286018320669378,0.37760723363085125,0.06344079757466392,0.0,69.81692987078658,40.163064417815555,0.029653865452971027,305.5129538057017,4.79762075310836,0.991750649038869,5.867525326849261e-07,8.50791172393143e-09,7.766787192857103e-05,0.011195752756738325,0.0
136.9999999999991,15.0,150.0,False,0,1454.9999999998302,305.64539409884094,3.082017341746312,0.0005316538351788407,1.1020813314774495e-06,7.6224908643654974e-06,0.00019409731950212819,0.0007449154632952936,1.7907608738454677e-05,0.3959309362941129,0.38756886739635077,1.7907608738454677e-05,0.0,0.7875666734766616,1.2285966350203605,0.3775765958613735,0.0634533656823254,0.0,69.81499897850074,40.2585137616561,0.029556485216844643,305.5423349260368,4.797812066779411,0.9917522271015279,5.872070683854571e-07,8.514502491589129e-09,7.766822212152509e-05,0.011195792542778834,0.0
138.0,15.0,150.0,False,0,1469.9999999998665,305.6749025441082,3.080529744909567,0.0005315902057521565,1.1105990271679154e-06,7.625435191234276e-06,0.0001940779198975111,0.0007448410100659403,1.7909084802128875e-05,0.3954640635171845,0.38699427970269773,1.7909084802128875e-05,0.0,0.7875789919617111,1.2285915794228817,0.37754605619510806,0.0634665312660625,0.0,69.81315120574332,40.3536500722222,0.029459501133521124,305.5716196887864,4.798002752442011,0.9917537996836288,5.876500480192244e-07,8.520925696278754e-09,7.766856634299716e-05,0.01119583025341432,0.0
138.9999999999991,15.0,150.0,False,0,1484.9999999998756,305.7043141996141,3.079024488651506,0.000531526917622115,1.1191230655662353e-06,7.628213014941984e-06,0.00019405862036870513,0.0007447669409260217,1.7910397449015586e-05,0.39499122936958864,0.38641913698555436,1.7910397449015586e-05,0.0,0.787590776506666,1.228586660706593,0.3775156143122456,0.06348026988768138,0.0,69.81138352400009,40.4484746168997,0.02936290890710039,305.600808484076,4.798192812642321,0.9917553668091839,5.880818802247683e-07,8.527187263259141e-09,7.766890467913795e-05,0.011195865958828238,0.0
140.0,15.0,150.0,False,0,1499.999999999912,305.7336294551374,3.0775025153469,0.0005314639650001742,1.1276532878933778e-06,7.630829491788782e-06,0.00019403941943436844,0.0007446932501898807,1.791155244648847e-05,0.3945127230161646,0.3858435599051828,1.791155244648847e-05,0.0,0.7876020466194413,1.2285818744322434,0.37748526989495,0.06349455791785205,0.0,69.80969300708378,40.54298864943912,0.02926670435764466,305.6299016978338,4.798382249899119,0.9917569285019527,5.885029612111862e-07,8.5332929375622e-09,7.766923732547247e-05,0.01119589972727505,0.0
140.9999999999991,15.0,150.0,False,0,1514.999999999921,305.7628486963323,3.0759647351864525,0.0005314013422363513,1.1361895410276744e-06,7.63328964318652e-06,0.00019402031564953628,0.000744619932311484,1.791255540043562e-05,0.3940288247972413,0.3852676649291602,1.791255540043562e-05,0.0,0.7876128211473145,1.228577216286421,0.3774550226272887,0.06350937251181786,0.0,69.80807682790281,40.637193410318915,0.029170883417583896,305.6588997119026,4.798571066704527,0.9917584847854489,5.889136750276309e-07,8.539248287900648e-09,7.76695643613318e-05,0.011195931625117835,0.0
142.0,15.0,150.0,False,0,1529.9999999999575,305.7919723048394,3.0744120270723734,0.0005313390438136468,1.1447316773305655e-06,7.635598358940289e-06,0.0001940013076048684,0.0007445469818815356,1.7913411758525648e-05,0.39353980647288866,0.38469156443668207,1.7913411758525648e-05,0.0,0.7876231182976816,1.228572682078665,0.37742487219516313,0.06352469158582026,0.0,69.80653225534775,40.73109012710448,0.029075442128243267,305.6878029041504,4.798759265524736,0.9917600356829459,5.89314393832785e-07,8.545058710575384e-09,7.766988597560564e-05,0.011195961716865876,0.0
142.9999999999991,15.0,150.0,False,0,1544.9999999999666,305.82100065839364,3.0728452394960812,0.0005312770643470903,1.1532795544759901e-06,7.637760400430933e-06,0.00019398239392590347,0.000744474393624613,1.791412681346243e-05,0.39304593145946654,0.3841153668215343,1.791412681346243e-05,0.0,0.7876329556582693,1.2285682677387266,0.37739481828624427,0.06354049379421296,0.0,69.80505665125959,40.824680014792904,0.028980376636466687,305.71661164857625,4.798946848800696,0.9917615812174836,5.897054781638293e-07,8.550729433375525e-09,7.76702022411307e-05,0.011195990065212135,0.0
144.0,15.0,150.0,False,0,1560.000000000003,305.8499341309278,3.0712651913979667,0.000531215398578365,1.1618330352839262e-06,7.639780403702453e-06,0.00019396357327231808,0.0007444021623963249,1.7914705706224748e-05,0.39254745505877603,0.38353917659367287,1.7914705706224748e-05,0.0,0.7876423502165977,1.2285639693137531,0.3773648605899111,0.06355675850724424,0.0,69.80364746751033,40.91796427614923,0.028885683191361103,305.74532631541416,4.7991338189487855,0.9917631214118737,5.90087277204465e-07,8.556265519464744e-09,7.767051334066008e-05,0.011196016731070598,0.0
144.9999999999991,15.0,150.0,False,0,1575.000000000012,305.8787730926721,3.0696726730094035,0.0005311540413750466,1.1703919875575578e-06,7.641662882459188e-06,0.00019394484433719176,0.0007443302831804888,1.791515342928825e-05,0.3920446246801765,0.3829630944793991,1.791515342928825e-05,0.0,0.7876513183789513,1.2285597829656272,0.3773349987971933,0.06357346578948266,0.0,69.80230224315729,41.01094410202502,0.028791358141132265,305.77394727123084,4.79932017836146,0.9917646562887058,5.904601290516476e-07,8.561671871248891e-09,7.767081934095896e-05,0.01119604177361345,0.0
146.0,15.0,150.0,False,0,1590.0000000000484,305.907517910254,3.0680684466769685,0.0005310929877254012,1.1789562839245462e-06,7.643412230978407e-06,0.000193926205846277,0.00074425875108633,1.7915474829828604e-05,0.3915376800559378,0.382387217520018,1.7915474829828604e-05,0.0,0.7876598759886521,1.22855570496823,0.37730523260071436,0.0635905963788637,0.0,69.80101860170217,41.103620671681725,0.028697397930020442,305.80247487902534,4.79950592940789,0.9917661858703528,5.908243609808115e-07,8.566953234221767e-09,7.767112041888241e-05,0.011196065250308092,0.0
146.9999999999991,15.0,150.0,False,0,1605.0000000000575,305.936168946791,3.0664532476690933,0.0005310322327377974,1.1875258016818829e-06,7.645032726940124e-06,0.00019390765655727838,0.0007441875613457139,1.791567461290126e-05,0.39102685345018195,0.3818116391690749,1.791567461290126e-05,0.0,0.7876680383438728,1.2285517317048538,0.3772755616946406,0.06360813166634043,0.0,69.79979424841906,41.195995153087395,0.028603799095331665,305.8309094983204,4.79969107443457,0.9917677101789761,5.911802897090285e-07,8.572114200780914e-09,7.767141663551436e-05,0.011196087216953879,0.0
148.0,15.0,150.0,False,0,1620.000000000094,305.9647265619826,3.0648277849651278,0.0005309717716356704,1.1961004226447989e-06,7.646528534179833e-06,0.000193889195259136,0.000744116709310396,1.7915757344597226e-05,0.3905123698616314,0.381236449388031,1.7915757344597226e-05,0.0,0.7876758202147974,1.2285478596655441,0.37724598577463087,0.06362605367611583,0.0,69.79862696778036,41.28806870321531,0.028510558264565056,305.8592514852544,4.7998756157659,0.9917692292365308,5.915282216560358e-07,8.57715921401252e-09,7.767170816215876e-05,0.011196107727718655,0.0
148.9999999999991,15.0,150.0,False,0,1635.000000000103,305.99319111219955,3.063192742027083,0.0005309115997570846,1.2046800329991843e-06,7.647903705367183e-06,0.00019387082077131852,0.0007440461904493089,1.791572745517221e-05,0.3899944472204722,0.3806617347404074,1.791572745517221e-05,0.0,0.7876832358603676,1.2285440854445957,0.37721650453779,0.06364434504643814,0.0,69.79751462094484,41.379842468329095,0.028417672152615744,305.887501192669,4.800059555704774,0.9917707430647709,5.918684532027726e-07,8.582092571440203e-09,7.767199505443519e-05,0.011196126835174975,0.0
150.0,15.0,150.0,False,0,1650.0000000001394,306.0215629505692,3.0615487775540418,0.0005308517125498466,1.2132645231579884e-06,7.649162184613935e-06,0.00019385253194312255,0.0007439760003458716,1.791558924214699e-05,0.38947329657956314,0.38008757848437474,1.791558924214699e-05,0.0,0.7876902990444008,1.2285404057379685,0.37718711768262375,0.06366298901094394,0.0,69.79645514333987,41.47131758425956,0.02832513755908031,305.9156589701945,4.800242896533128,0.9917722516852541,5.922012709471758e-07,8.586918428734049e-09,7.767227747848679e-05,0.011196144590336052,0.0
150.9999999999991,15.0,150.0,False,0,1665.0000000001485,306.04984242705973,3.0598965262195468,0.0005307921055712081,1.2218537876210633e-06,7.65030781001474e-06,0.00019383432765298104,0.0007439061346953367,1.791534687337752e-05,0.38894912230022216,0.3795140606637439,1.791534687337752e-05,0.0,0.7876970230513345,1.22853681734086,0.37715782490899713,0.06368196938052835,0.0,69.79544654229981,41.56249517667462,0.028232951365625196,305.9437251643329,4.800425640512479,0.9917737551193463,5.925269519570801e-07,8.591640803377661e-09,7.767255548482652e-05,0.01119616104269135,0.0
152.0,15.0,150.0,False,0,1680.0000000001849,306.0780298885606,3.0582365993919542,0.0005307327744831131,1.2304477248388968e-06,7.65134431612335e-06,0.00019381620680777956,0.0007438365893021646,1.791500439009248e-05,0.3884221222328233,0.3789412581973721,1.791500439009248e-05,0.0,0.7877034207013854,1.2285333171452097,0.377128625918094,0.06370127052573041,0.0,69.79448689479217,41.65337636133918,0.028141110533452994,305.97170011853774,4.8006077898844515,0.9917752533882265,5.928457640199391e-07,8.596263578289117e-09,7.767282923453432e-05,0.011196176240241853,0.0
152.9999999999991,15.0,150.0,False,0,1695.000000000194,306.10612567896095,3.0565695858380897,0.0005306737150520291,1.239046237079696e-06,7.652275336367477e-06,0.0001937981683421818,0.0007437673600774357,1.7914565709897226e-05,0.38789248789240743,0.3783692449669556,1.7914565709897226e-05,0.0,0.7877095043653496,1.2285299021373437,0.37709952041237943,0.06372087735961462,0.0,69.79357434519754,41.74396224436736,0.028049612100830183,305.999584173292,4.800789346871282,0.991776746512891,5.931579658892526e-07,8.600790505394164e-09,7.767309877327678e-05,0.011196190229534943,0.0
154.0,15.0,150.0,False,0,1710.0000000002303,306.1341301392249,3.054896052410246,0.0005306149231443176,1.2476492303002691e-06,7.653104405404503e-06,0.00019378021121796297,0.0007436984430362908,1.7914034629741818e-05,0.3873604046295043,0.3777980919032084,1.7914034629741818e-05,0.0,0.7877152859788593,1.228526569395561,0.37707050809556475,0.0637407753211369,0.0,69.79270710317108,41.834253922464775,0.02795845318070631,306.02737766618253,4.800970313676305,0.991778234514158,5.934638075274858e-07,8.605225209148544e-09,7.767336425743921e-05,0.011196203055698907,0.0
154.9999999999991,15.0,150.0,False,0,1725.0000000002394,306.1620436074657,3.05321654471684,0.0005305563947261812,1.2562566140201495e-06,7.65383496142144e-06,0.00019376233442335424,0.000743629834295416,1.7913414828853068e-05,0.3868260517963536,0.37722786707039335,1.7913414828853068e-05,0.0,0.7877207770563094,1.2285233160878597,0.37704158867257326,0.06376095035897703,0.0,69.79188344155358,41.92425248316805,0.02786763095838553,306.0550809319737,4.801150692484432,0.9917797174126712,5.93763530345416e-07,8.609571190008533e-09,7.767362572808035e-05,0.011196214762477034,0.0
156.0,15.0,150.0,False,0,1740.0000000002758,306.1898664190167,3.051531587776788,0.0005304981258591454,1.2648683011994145e-06,7.654470348380495e-06,0.00019374453697239464,0.0007435615300705536,1.7912709871627918e-05,0.3862896029087006,0.3766586357492332,1.7912709871627918e-05,0.0,0.7877259887042656,1.2285201394696021,0.37701276184950827,0.06378138891582831,0.0,69.79110169436015,42.013959005072515,0.027777142689287635,306.0826943026776,4.801330485462611,0.9917811952289046,5.940573674376958e-07,8.61383182784659e-09,7.767388333704273e-05,0.011196225392261276,0.0
156.9999999999991,15.0,150.0,False,0,1755.000000000285,306.2175989065008,3.0498416866579454,0.000530440112700114,1.2734842081196545e-06,7.655013818213138e-06,0.00019372681790429393,0.0007434935266740576,1.7911923210487938e-05,0.3857512258033295,0.37609046051816886,1.7911923210487938e-05,0.0,0.787730931634571,1.2285170368813212,0.3769840273336229,0.06380207791312735,0.0,69.79036025481433,42.10337455805674,0.02768698569675759,306.11021810762327,4.801509694760274,0.9917826679831657,5.943455438145908e-07,8.618010385311568e-09,7.767413712090731e-05,0.011196234986125495,0.0
158.0,15.0,150.0,False,0,1770.0000000003213,306.2452413998971,3.0481473270996946,0.000530382351496952,1.2821042542685039e-06,7.655468532964214e-06,0.00019370917628280416,0.0007434258205124821,1.7911058188693276e-05,0.38521108279149635,0.37552340133299106,1.7911058188693276e-05,0.0,0.7877356161769572,1.2285140057464643,0.37695538483329194,0.06382300473621512,0.0,69.78965757345641,42.19250020349642,0.027597157369959987,306.1376526735222,4.8016883225097695,0.9917841356955998,5.946282766297203e-07,8.622110011130944e-09,7.767438722727739e-05,0.01119624358385824,0.0
158.9999999999991,15.0,150.0,False,0,1785.0000000003304,306.2727942266045,3.046448976120022,0.0005303248385886446,1.2907283622272064e-06,7.655837566888035e-06,0.00019369161119560236,0.0007433584080842105,1.7910118043115098e-05,0.3846693308084087,0.37495751560483725,1.7910118043115098e-05,0.0,0.7877400522913847,1.2285110435692854,0.3769268340579859,0.06384415721991489,0.0,69.78899215629228,42.28133699446948,0.027507655161822804,306.16499832453184,4.801866370826773,0.9917855983861932,5.949057754037469e-07,8.626133743354331e-09,7.767463368853807e-05,0.011196251223995066,0.0
160.0,15.0,150.0,False,0,1800.0000000003668,306.30025771150696,3.0447470826071728,0.000530267570400969,1.2993564575616514e-06,7.656123908499415e-06,0.00019367412175368273,0.000743291285977123,1.790910590696689e-05,0.38412612155886894,0.37439285827650554,1.790910590696689e-05,0.0,0.7877442495799044,1.2285081479326627,0.3768983747182438,0.06386552363451463,0.0,69.78836256301432,42.369885975966625,0.027418476587047692,306.1922553823201,4.802043841810708,0.9917870560747776,5.951782422440658e-07,8.630084512538954e-09,7.767487664811848e-05,0.011196257943850391,0.0
160.9999999999991,15.0,150.0,False,0,1815.0000000003758,306.3276321770322,3.043042077896259,0.0005302105434467465,1.307988468716299e-06,7.656330462579292e-06,0.00019365670709075843,0.0007432244508663014,1.790802481249165e-05,0.3835816016592618,0.3738294818971972,1.790802481249165e-05,0.0,0.7877482172982755,1.2285053164960718,0.3768700065256504,0.06388709267214582,0.0,69.78776740525866,42.45814818508009,0.027329619220178573,306.21942416612376,4.802220737545123,0.9917885087810323,5.954458720601888e-07,8.633965144872739e-09,7.767511613439217e-05,0.011196263779548849,0.0
162.0,15.0,150.0,False,0,1830.0000000004122,306.3549179432116,3.041334376330913,0.0005301537543216057,1.3166243269114612e-06,7.656460052138037e-06,0.0001936393663626752,0.0007431578995117772,1.7906877693606115e-05,0.38303591277594784,0.37326743669558615,1.7906877693606115e-05,0.0,0.7877519643671256,1.2285025469934856,0.3768417291928141,0.06390885343354594,0.0,69.78720534493115,42.54612465119583,0.02724108069373532,306.2465049928073,4.802397060098086,0.991789956524489,5.957088527749842e-07,8.637778365237271e-09,7.767535228689598e-05,0.011196268766056157,0.0
162.9999999999991,15.0,150.0,False,0,1845.0000000004213,306.3821153277368,3.0396243758103565,0.0005300971997043158,1.3252639660433621e-06,7.6565154203375e-06,0.00019362209874683342,0.0007430916287563137,1.7905667388500677e-05,0.3824891917602288,0.37270677065128666,1.7905667388500677e-05,0.0,0.7877554993828888,1.2284998372314269,0.3768135424333452,0.06393079541519292,0.0,69.78667509256667,42.63381639617747,0.027152858696389195,306.2734981769197,4.802572811522542,0.9917913993245339,5.959673655316707e-07,8.641526800209226e-09,7.767558513008949e-05,0.011196272937209486,0.0
164.0,15.0,150.0,False,0,1860.0000000004577,306.4092246460248,3.037912455453961,0.0005300408702971741,1.3339073225820822e-06,7.65650528782192e-06,0.0001936049034448698,0.0007430256355356995,1.790439662645262e-05,0.38194187285356107,0.3721475292373182,1.790439662645262e-05,0.0,0.7877588304131407,1.2284971849478357,0.3767854459615865,0.06395290857310848,0.0,69.78617543802889,42.721224434574424,0.027064951003454466,306.3004040307586,4.8027479938567375,0.9917928372004118,5.962215836408737e-07,8.645212962792669e-09,7.767580370390305e-05,0.011196276325527327,0.0
164.9999999999991,15.0,150.0,False,0,1875.0000000004668,306.4362462112946,3.0361989824203235,0.0005299847638430622,1.3425543354642657e-06,7.656431337886437e-06,0.0001935877796755595,0.0007429599168515041,1.7903068061914707e-05,0.38139403725685916,0.37158975614566575,1.7903068061914707e-05,0.0,0.7877619654745017,1.2284945881108256,0.3767574394930509,0.06397518314327304,0.0,69.78570517882473,42.80834977386897,0.026977355404955758,306.3272228644462,4.802922609124716,0.9917942701712305,5.964716755392727e-07,8.648839295319455e-09,7.76760302222514e-05,0.011196278962744518,0.0
166.0,15.0,150.0,False,0,1890.0000000005032,306.46318033455015,3.0344843110319006,0.0005299288826953815,1.3512049460419678e-06,7.656290644355616e-06,0.00019357072667399892,0.000742894469767942,1.790168427850866e-05,0.38084553641943514,0.3710334933846263,1.790168427850866e-05,0.0,0.7877649124446326,1.2284920448553245,0.3767295227444992,0.06399760966619267,0.0,69.78526313330508,42.89519341442253,0.02689006971888255,306.35395498591265,4.803096659336208,0.9917956982559598,5.967178043741849e-07,8.652408163425681e-09,7.767625408320938e-05,0.011196280879666936,0.0
166.9999999999991,15.0,150.0,False,0,1905.0000000005123,306.4900273246576,3.0327687786189115,0.0005298732239143359,1.359859097977762e-06,7.656085577523808e-06,0.00019355374369820665,0.0007428292914372083,1.7900247756834625e-05,0.3802964857177786,0.37047878062451683,1.7900247756834625e-05,0.0,0.7877676787277896,1.228489553260313,0.376701695433368,0.06402017909915551,0.0,69.78484819083154,42.98175634972289,0.026803091841108646,306.3806007009724,4.803270146487126,0.9917971214734361,5.969601261643178e-07,8.655921829382608e-09,7.767647493524613e-05,0.011196282105912113,0.0
168.0,15.0,150.0,False,0,1920.0000000005487,306.516787488404,3.031052708553046,0.0005298177845518394,1.3685167371544492e-06,7.655818516966603e-06,0.00019353683002509188,0.0007427643790840047,1.789876089378405e-05,0.37974700033241915,0.36992565561364993,1.789876089378405e-05,0.0,0.7877702714509192,1.2284871114660636,0.37667395727800157,0.06404288273714283,0.0,69.7844592823621,43.06803956657337,0.02671641971578874,306.4071603133823,4.803443072559954,0.9917985398423655,5.971987911026273e-07,8.659382470988095e-09,7.76766929036412e-05,0.011196282670110923,0.0
168.9999999999991,15.0,150.0,False,0,1935.0000000005577,306.54346113054345,3.0293364107500915,0.0005297625617315733,1.377177811591954e-06,7.655491773739253e-06,0.0001935199849498783,0.0007426997300033281,1.7897226005170692e-05,0.3791971913982794,0.36937415424665937,1.7897226005170692e-05,0.0,0.7877726974755451,1.2284847176741742,0.3766463079976432,0.06406571220098588,0.0,69.78409537866821,43.1540440452427,0.02663005133342551,306.4336341248876,4.80361543952403,0.9917999533813268,5.974339437542346e-07,8.662792184436403e-09,7.767690800233743e-05,0.011196282599937053,0.0
170.0,15.0,150.0,False,0,1950.0000000005941,306.57004855384315,3.0276201821216393,0.0005297075526458035,1.3858422713671268e-06,7.65510759129064e-06,0.00019350320778559963,0.0007426353415585344,1.7895645328014198e-05,0.3786471660808907,0.3688243106250025,1.7895645328014198e-05,0.0,0.7877749634065377,1.2284823701458005,0.3766187473124204,0.06408865942684237,0.0,69.78375548901933,43.23977075961224,0.026543984729407086,306.4600224352675,4.803787249335858,0.9918013621087732,5.976657232335355e-07,8.666152986886266e-09,7.767712035680954e-05,0.011196281922133735,0.0
170.9999999999991,15.0,150.0,False,0,1965.0000000006032,306.59655005912634,3.025904307013828,0.0005296527545560099,1.3945100685358191e-06,7.654668147091897e-06,0.0001934864978626078,0.000742571211179451,1.7894021022773876e-05,0.37809702768716086,0.368276157115917,1.7894021022773876e-05,0.0,0.7877770756006957,1.2284800672000131,0.3765912749433335,0.0641117166559839,0.0,69.78343865989564,43.325220677314476,0.02645821798258116,306.48632554237764,4.803958503939383,0.9918027660430362,5.978942633768808e-07,8.669466818964773e-09,7.767732997774777e-05,0.011196280662539918,0.0
172.0,15.0,150.0,False,0,1980.0000000006396,306.6229659453168,3.024189057633643,0.0005295981647890095,1.403181157057704e-06,7.654175554241308e-06,0.00019346985452809034,0.0007425073363605234,1.7892355175537812e-05,0.3775468757738367,0.367729724409848,1.7892355175537812e-05,0.0,0.7877790401749701,1.2284778072120874,0.3765638906122419,0.06413487642487538,0.0,69.78314397375446,43.41039475987648,0.026372749213877982,306.51254374219434,4.8041292052662685,0.9918041652023268,5.981196929111335e-07,8.672735547211437e-09,7.767753698736338e-05,0.011196278846115938,0.0
172.9999999999991,15.0,150.0,False,0,1995.0000000006487,306.64929650947903,3.0224746944631082,0.0005295437807376419,1.4118554927232369e-06,7.653631863036517e-06,0.00019345327714559825,0.0007424437146590047,1.789064980016445e-05,0.37699680625337345,0.3671850415764384,1.789064980016445e-05,0.0,0.7877808630145386,1.228475588611934,0.3765365940418536,0.06415813155554183,0.0,69.78287054781919,43.49529396284866,0.026287576584970523,306.53867732885413,4.804299355236164,0.9918055596047388,5.983421356179733e-07,8.675960966460614e-09,7.767774139325664e-05,0.01119627649696862,0.0
174.0,15.0,150.0,False,0,2010.000000000685,306.67554204685945,3.020761466661531,0.0005294895998569579,1.4205330330832365e-06,7.653039062516935e-06,0.00019343676509458538,0.0007423803436931857,1.7888906840379328e-05,0.3764469114972717,0.3666421361190305,1.7888906840379328e-05,0.0,0.7877825497805369,1.2284734098824632,0.3765093849557134,0.06418147514621296,0.0,69.78261753291946,43.57991923593879,0.026202698296980673,306.5647265946951,4.8044689557569775,0.9918069492682504,5.985617104941241e-07,8.679144802164799e-09,7.767794331448377e-05,0.011196273638375888,0.0
174.9999999999991,15.0,150.0,False,0,2025.0000000006942,306.7017028509242,3.019049612456165,0.0005294356196649638,1.4292137373805026e-06,7.652399081975497e-06,0.00019342031776995692,0.0007423172211406641,1.7887128171825685e-05,0.3758972804369718,0.36610103402778116,1.7887128171825685e-05,0.0,0.787784105917656,1.228471269558089,0.37648226307819393,0.0642049005622392,0.0,69.78238411235158,43.66427152313224,0.026118112589219335,306.5906918302939,4.804638008725105,0.991808334210727,5.98778531907454e-07,8.682288712658083e-09,7.767814275560928e-05,0.011196270292810798,0.0
176.0,15.0,150.0,False,0,2040.0000000007306,306.72777921339735,3.0173393595214346,0.0005293818377388721,1.4378975664839164e-06,7.651713792440963e-06,0.00019340393458162883,0.0007422543447366502,1.7885315604069574e-05,0.3753479986623042,0.3655617598313243,1.7885315604069574e-05,0.0,0.7877855366614057,1.2284691662231637,0.3764552281344859,0.064228401427272,0.0,69.78216950078912,43.74835176281572,0.026033817737973402,306.61657332450375,4.804806516025689,0.991809714449923,5.989927097490529e-07,8.685394291361266e-09,7.767833983271868e-05,0.011196266481965107,0.0
176.9999999999991,15.0,150.0,False,0,2055.0000000007394,306.75377142429716,3.0156309253470686,0.0005293282517159005,1.446584482824474e-06,7.650985008131693e-06,0.00019338761495409654,0.0007421917122723157,1.7883470882560477e-05,0.3747991485176215,0.3650243366470707,1.7883470882560477e-05,0.0,0.787786847045266,1.2284670985105557,0.3764282798505891,0.06425197161470048,0.0,69.78197294321008,43.832160887893956,0.025949812055316122,306.64237136449043,4.804974479532848,0.991811090003484,5.992043495813471e-07,8.688463068929533e-09,7.767853454751419e-05,0.011196262226772261,0.0
178.0,15.0,150.0,False,0,2070.000000000776,306.7796797719703,3.013924517595296,0.0005292748592895855,1.4552744503336814e-06,7.650214487880105e-06,0.00019337135832601517,0.0007421293215931789,1.7881595690545905e-05,0.37425080919561154,0.36448878623014014,1.7881595690545905e-05,0.0,0.7877880419075032,1.2284650651001494,0.3764014179533051,0.06427560523934112,0.0,69.7817937138745,43.91569982589978,0.025866093887974728,306.66808623576617,4.805141901109897,0.9918124608889488,5.994135527821989e-07,8.691496515341884e-09,7.767872701319734e-05,0.011196257547429908,0.0
178.9999999999991,15.0,150.0,False,0,2085.000000000785,306.80550454312817,3.0122203344474467,0.0005292216582106328,1.4639674343837651e-06,7.649403936530799e-06,0.00019335516414978787,0.0007420671705975263,1.78796916509436e-05,0.3737030568288737,0.3639551290209235,1.78796916509436e-05,0.0,0.7877891258979054,1.2284630647175003,0.37637464217022765,0.06429929664936733,0.0,69.78163111531417,43.99896949911136,0.02578266161620281,306.6937182222257,4.805308782609588,0.9918138271237517,5.996204166852835e-07,8.694496041936612e-09,7.767891722856466e-05,0.011196252463421881,0.0
180.0,26.04,216.1,False,0,2100.0000000008213,306.83124602287796,3.010518564940114,0.0005291686462832854,1.4726634017301473e-06,7.648555006309742e-06,0.00019333903189116581,0.000742005257234877,1.7877760328167632e-05,0.3731559645793079,0.3634233841913661,1.7877760328167632e-05,0.0,0.7258641047974959,1.2284610961323974,0.390932193168417,0.11166479816648453,0.0,137.26618711073203,61.75240392870949,0.07551378318202254,306.34428210891383,3.335591248871566,0.964406464648775,5.998250347164747e-07,8.697463003388883e-09,0.00013488987380868558,0.01614009664756762,0.0
180.9999999999991,26.04,216.1,False,0,2126.040000000833,306.9067624457077,3.0108579599111427,0.0005289977181277316,1.4813794332468541e-06,7.679187572396679e-06,0.00019254706173266778,0.0007415678280187172,1.8872612585370842e-05,0.3731657462705785,0.38212661329755654,1.8872612585370842e-05,0.0,0.7252611199317708,1.2277091086198817,0.39091260958450724,0.11153537910360371,0.0,137.42320436976684,62.09403501929853,0.07532916935046831,306.41727646540255,3.3359299757140755,0.9644185190929211,6.026272254636793e-07,8.738094769223351e-09,0.00013476905796104902,0.016135735941856914,0.0
182.0,26.04,216.1,False,0,2152.080000000892,306.98189866647135,3.0111962964591448,0.0005288245716068843,1.4901391162305867e-06,7.711848813448647e-06,0.00019249826592495793,0.0007413798953041186,1.8876089391768605e-05,0.37327609445437443,0.3806908692145871,1.8876089391768605e-05,0.0,0.7254508229099366,1.227696043291052,0.39083843280205993,0.11140678757905548,0.0,137.37380571425248,62.43395429634121,0.07493985141791128,306.489905068505,3.3362669971706485,0.9644305087949365,6.056297271035777e-07,8.781631043001878e-09,0.0001347702413266724,0.016135874303178522,0.0
182.9999999999991,26.04,216.1,False,0,2178.120000000904,307.0566469671278,3.0114685504305023,0.0005286526043148047,1.498942111349961e-06,7.744031584255496e-06,0.00019244976768007532,0.000741193108615768,1.8879440135505123e-05,0.37336516223986294,0.3792665603875504,1.8879440135505123e-05,0.0,0.7256364110244785,1.227683124137181,0.3907646374185894,0.11128207569411319,0.0,137.32547856922577,62.77212671363121,0.07455335185559456,306.56216043009914,3.3366022786222267,0.9644424325865549,6.08601013313803e-07,8.824714693050144e-09,0.00013477141634299578,0.01613601011884021,0.0
184.0,26.04,216.1,False,0,2204.160000000963,307.13101014992225,3.0116759359570975,0.0005284818079759068,1.5077879665294987e-06,7.775738664738312e-06,0.00019240156438221902,0.000741007457902176,1.8882666954342347e-05,0.37343334209007556,0.3778535734315294,1.8882666954342347e-05,0.0,0.7258179607736774,1.2276703493069143,0.39069122069496276,0.1111611678382741,0.0,137.27820301453434,63.108564819436516,0.07416963819509784,306.6340452313015,3.336935832638201,0.9644542909781469,6.115411616912403e-07,8.867346844522986e-09,0.0001347725831603113,0.01613614342665928,0.0
184.9999999999991,26.04,216.1,False,0,2230.200000000975,307.2049909849435,3.011819649088416,0.0005283121743692522,1.5166762308701643e-06,7.806972853336016e-06,0.00019235365345232999,0.0007408229332303575,1.888577195895064e-05,0.37348102027007357,0.3764517964374901,1.888577195895064e-05,0.0,0.7259955468019949,1.2276577169716636,0.3906181799231525,0.11104399024651622,0.0,137.2319596127605,63.44328101851609,0.07378867859424441,306.7055621225658,3.3372676716437306,0.9644660844740004,6.144502569479899e-07,8.909528725745855e-09,0.00013477374173339685,0.0161362742640288,0.0
186.0,26.04,216.1,False,0,2256.240000001034,307.27859221074044,3.0119008679977695,0.0005281436953248998,1.5256064547509283e-06,7.837736965255744e-06,0.00019230603234267007,0.0007406395247879494,1.888875723376892e-05,0.3735085769050919,0.37506111895610267,1.888875723376892e-05,0.0,0.7261692419551572,1.2276452253246506,0.3905455124259904,0.11093047094350293,0.0,137.18672939487703,63.776287574873834,0.0734104418200032,306.7767137242715,3.3375978079224997,0.9644778135724352,6.173283906679459e-07,8.951261664685215e-09,0.00013477489221331435,0.016136402667914652,0.0
186.9999999999991,26.04,216.1,False,0,2282.2800000010457,307.35181653492407,3.011920753188931,0.0005279763627278725,1.534578189926535e-06,7.868033830989913e-06,0.0001922586985363366,0.0007404572228813422,1.8891624836993038e-05,0.3735163860496301,0.37368143196480685,1.8891624836993038e-05,0.0,0.7263391173345819,1.2276328725809205,0.39047321555657016,0.1108205396897684,0.0,137.14249384607484,64.10759661444753,0.07303489723162732,306.84750262729807,3.337926253619425,0.9644894787659166,6.201756610644671e-07,8.992547085434773e-09,0.0001347760345549935,0.01613652867485453,1.6543612251060553e-24
187.6804915514173,26.04,216.1,True,1,0.0,307.4014314686421,3.0118746843607385,0.0005360148948244551,2.0851199498319253e-07,1.0675575502960263e-06,0.00019222483859928066,0.0007403268144863049,1.89023022862635e-05,0.05054824946534166,0.37292224821427633,1.89023022862635e-05,0.0,0.7266480160872711,1.2278212971684757,0.39042436306351574,0.11074891801768871,0.0,137.06205661087455,64.33208756512015,0.0727299690457544,306.89546832167804,3.3381488000432338,0.9644973806261269,6.247782223753507e-07,9.059284224442586e-09,0.0,0.01613678027447804,1.3817224952085774e-20
188.0,26.04,216.1,False,1,8.320000001100727,307.4246734902762,3.008610218521798,0.0005291729419057892,2.1140246606074957e-07,7.867207525733436e-06,0.00019221206492172024,0.0007402776166665263,1.8892341477672536e-05,0.3720547718793108,0.3722723882867952,1.8892341477672536e-05,0.0,0.7263883924258226,1.227656253841294,0.3904012486846686,0.11086661273080274,0.0,137.12966261231574,64.43725114714455,0.07269241146517119,306.91793802132594,3.3382530514935356,0.964501081632765,6.241825556925046e-07,9.050647057541318e-09,0.00013463593255293432,0.016136631521475986,2.6469779601696886e-23
188.9999999999991,26.04,216.1,False,1,34.36000000110076,307.4971839742169,3.008455749216799,0.0005289998606365384,2.2047299900802102e-07,7.904585446469247e-06,0.00019216223511514267,0.0007400857018518304,1.8909741496217635e-05,0.372406283835836,0.3712036690289321,1.8909741496217635e-05,0.0,0.7265376158624064,1.2276335373872018,0.3903298802317895,0.11076604129300595,0.0,137.09080482942935,64.76534561075077,0.07232545921867857,306.98804008433535,3.338578295279638,0.9645126255579807,6.269401515951939e-07,9.090632198130312e-09,0.0001347790113759642,0.016137008748552836,0.0
190.0,26.04,216.1,False,1,60.40000000114783,307.56932934112007,3.008128656044668,0.0005288370300690564,2.2958292441890273e-07,7.932308102511213e-06,0.00019211284366763275,0.0007398954753802877,1.892624945561927e-05,0.37230452330122227,0.37012810579858424,1.892624945561927e-05,0.0,0.7266786797706787,1.2276117405771596,0.3902588590826588,0.1106742017238221,0.0,137.05407178771523,65.0917955224209,0.07196227626529433,307.0577907653611,3.3389019013432866,0.9645241076295988,6.296139847751485e-07,9.129402779239654e-09,0.00013478092054298356,0.01613736911374465,0.0
190.9999999999991,26.04,216.1,False,1,86.44000000114815,307.6411133883509,3.007632841367759,0.0005286760853175772,2.3873102212209686e-07,7.958796485499929e-06,0.00019206389534613924,0.000739706955618125,1.8941828824505546e-05,0.3721483347342963,0.36904502476005363,1.8941828824505546e-05,0.0,0.7268116100689744,1.2275906784754662,0.3901881809021851,0.11059088750430665,0.0,137.01945673803903,65.41661794779758,0.07160283879024144,307.12719371072126,3.33922388671746,0.9645355285093011,6.322049072000454e-07,9.166971154400659e-09,0.00013478278274013135,0.01613771320950653,0.0
192.0,26.04,216.1,False,1,112.48000000119593,307.71253980710514,3.0069759531698455,0.0005285169800577633,2.4791610881537697e-07,7.984090737371813e-06,0.0001920153807484732,0.0007395201063518248,1.8956512180460888e-05,0.37194017832875387,0.36795510457962916,1.8956512180460888e-05,0.0,0.7269367611355115,1.2275703255831514,0.3901178425214871,0.11051572192615283,0.0,136.98686740031275,65.73982947434163,0.07124703792597112,307.19625246456343,3.3395442679589142,0.9645468888407891,6.347155462933674e-07,9.203375421253829e-09,0.0001347845992691766,0.01613804158884703,0.0
192.9999999999991,26.04,216.1,False,1,138.52000000119634,307.7836121820149,3.0061653771507406,0.0005283596691616026,2.571370390152803e-07,8.008229971364678e-06,0.00019196729066979843,0.0007393348921279828,1.8970331503786884e-05,0.37168242906993454,0.36685900333461396,1.8970331503786884e-05,0.0,0.7270544714455671,1.2275506569970063,0.3900478408690012,0.11044834468243798,0.0,136.9562156355743,66.06144620947225,0.07089476942610204,307.26497046846754,3.339863061146419,0.9645581892497601,6.371484899870694e-07,9.238653104812508e-09,0.00013478637121690186,0.016138354795126424,0.0
194.0,26.04,216.1,False,1,164.56000000124413,307.8543339956651,3.005208241476953,0.0005282041086736812,2.663927044581351e-07,8.031252283933502e-06,0.00019191961610552473,0.0007391512782644541,1.8983318148443917e-05,0.37137737898336126,0.36575735831167905,1.8983318148443917e-05,0.0,0.7271650643205522,1.2275316484173504,0.3899781729655314,0.11038841113126685,0.0,136.9274172509282,66.38148380092889,0.07054593344999929,307.33335106579636,3.340180281901012,0.9645694303446618,6.395062831084155e-07,9.272841105072025e-09,0.0001347880998450149,0.016138653361528196,0.0
194.9999999999991,26.04,216.1,False,1,190.60000000124455,307.9247086328962,3.004111421767612,0.0005280502557928681,2.756820334516108e-07,8.053194769551818e-06,0.00019187234825354067,0.0007389692308589546,1.8995502816900977e-05,0.37102723945687993,0.3646507858850615,1.8995502816900977e-05,0.0,0.7272688486364114,1.2275132761539067,0.3899088359195695,0.11033559159792586,0.0,136.90039181507842,66.69995745616964,0.07020043435890878,307.4013975058403,3.340495945405303,0.9645806127174119,6.417914242057896e-07,9.30597565098395e-09,0.0001347897861958677,0.016138937810598112,0.0
196.0,26.04,216.1,False,1,216.64000000129235,307.9947393849107,3.0028815462844896,0.0005278980688443658,2.8500399018351275e-07,8.074093537715531e-06,0.00019182547851582537,0.0007387887167952715,1.9006915538669932e-05,0.3706341436037004,0.3635398814680853,1.9006915538669932e-05,0.0,0.72736611949374,1.2274955171295328,0.38983982692286634,0.11028957071292649,0.0,136.87506248383008,67.01688196088611,0.06985818052294397,307.4691129477733,3.3408100664218923,0.964591736944084,6.440063627886866e-07,9.338092260435955e-09,0.0001347914314833113,0.01613920865384708,0.0
196.9999999999991,26.04,216.1,False,1,242.68000000129277,308.06442945318895,3.001525001296798,0.0005277475072584048,2.9435757399311244e-07,8.093983731547368e-06,0.00019177899849947424,0.0007386097037472149,1.9017585652301748e-05,0.3702001486384907,0.36242521953193824,1.9017585652301748e-05,0.0,0.7274571588525899,1.227478348882375,0.3897711432462438,0.11025004678354129,0.0,136.85135583478555,67.33227169665871,0.06951908413812684,307.53650046442516,3.3411226593109298,0.9646028035855616,6.461534969568861e-07,9.369225705874849e-09,0.00013479303669923894,0.016139466391414142,0.0
198.0,26.04,216.1,False,1,268.7200000013405,308.1337819532302,3.0000479365930515,0.0005275985315403445,3.0374181861101693e-07,8.11289954750921e-06,0.00019173290001717907,0.0007384321601804692,1.902754179063223e-05,0.3697272382442377,0.3613073536858051,1.902754179063223e-05,0.0,0.7275422361339177,1.2274617495661728,0.3897027822356311,0.11021673119662401,0.0,136.8292017107278,67.64614065782301,0.0691830610529048,307.6035630458854,3.341433738046903,0.9646138131881637,6.482351713944209e-07,9.399409985219103e-09,0.00013479460300559005,0.01613971151178592,0.0
198.9999999999991,26.04,216.1,False,1,294.7600000013409,308.2027999181208,2.9984562711140206,0.0005274511032482769,3.131557913721532e-07,8.130874255812404e-06,0.00019168717508719836,0.0007382560553524793,1.9036811869065633e-05,0.3692173249121795,0.3601868168128949,1.9036811869065633e-05,0.0,0.7276216087902379,1.2274456979492536,0.38963474130831743,0.11018934785069831,0.0,136.80853307102203,67.95850246755893,0.06885003060346309,307.6703036029407,3.3417433162346373,0.9646247662842404,6.502536757039394e-07,9.428678297707121e-09,0.00013479613134172825,0.01613994449156901,0.0
200.0,26.04,216.1,False,1,320.8000000013887,308.2714863019463,2.9967556986823616,0.0005273051849627281,3.225985924071746e-07,8.147940221199242e-06,0.00019164181593285252,0.0007380813593105083,1.9045423076695525e-05,0.3686722522410896,0.3590641212569992,1.9045423076695525e-05,0.0,0.7276955228470999,1.2274301734119513,0.38956701794940407,0.1101676326154473,0.0,136.78928585061513,68.26937039327531,0.06851991545733982,307.7367249703623,3.3420514071246017,0.9646356633927425,6.522112430581169e-07,9.457063024342696e-09,0.00013479762281684658,0.01614016579531188,0.0
200.9999999999991,26.04,216.1,False,1,346.8400000013891,308.3398439830462,2.994951693806243,0.00052716074026442,3.320693538161789e-07,8.164128923826359e-06,0.0001915968149815821,0.0007379080428880104,1.9053401870063498e-05,0.3680937971854657,0.3579397590547324,1.9053401870063498e-05,0.0,0.7277642134175837,1.2274151559429423,0.3894996097084527,0.1101513328169059,0.0,136.77139882606116,68.57875736128365,0.0681926414647775,307.802829910041,3.342358023627511,0.9646465050197649,6.541100491448184e-07,9.484595712599867e-09,0.0001347990783180067,0.016140375875372915,0.0
202.0,26.04,216.1,False,1,372.8800000014369,308.40787576712813,2.993049517535649,0.0005270177337045658,3.415672388293798e-07,8.179470980043806e-06,0.00019155216486359857,0.0007377360776994362,1.90607739693679e-05,0.3674836722449108,0.3568142022085949,1.90607739693679e-05,0.0,0.7278279051911676,1.22740062613425,0.38943251419631086,0.11014020674677155,0.0,136.75481348821992,68.88667597084293,0.067868137517377,307.8686211139883,3.3426631783282863,0.9646572916590664,6.559522113840712e-07,9.511307065069033e-09,0.0001348004989029021,0.016140575171831373,0.0
202.9999999999991,26.04,216.1,False,1,398.9200000014373,308.47558439024044,2.991054223351707,0.0005268761307835637,3.5109144095796926e-07,8.193996162902133e-06,0.0001915078584101661,0.0007375654361336137,1.906756435693609e-05,0.36684352758926536,0.35568790299653785,1.906756435693609e-05,0.0,0.7278868128988729,1.227386565175386,0.38936572908211287,0.11013402319440009,0.0,136.73947392113345,69.1931385075604,0.06754633541357305,307.93410120719943,3.342966883499402,0.9646680237925661,6.577397883950582e-07,9.537226931728345e-09,0.00013480188540814647,0.016140764112438123,0.0
204.0,26.04,216.1,False,1,424.96000000148507,308.5429725216164,2.988970663070754,0.0005267358979224821,3.606411831392021e-07,8.207733422267054e-06,0.00019146388865154014,0.0007373960913458114,1.907379727778549e-05,0.36617495311596765,0.3545612943137363,1.907379727778549e-05,0.0,0.7279411417557666,1.2273729548463501,0.38929925209044125,0.11013256100014225,0.0,136.72532668679833,69.49815695621734,0.06722716973058099,307.9992727503939,3.3432691511136268,0.9646787018908173,6.594747796927442e-07,9.562384305544792e-09,0.00013480323884226472,0.016140943112603126,0.0
204.9999999999991,26.04,216.1,False,1,451.0000000014855,308.6100427663902,2.986803492746316,0.0005265970024431228,3.702157168783315e-07,8.22071090444709e-06,0.00019142024881459965,0.0007372280172486177,1.907949624210111e-05,0.3654794804376009,0.35343479004271,1.907949624210111e-05,0.0,0.7279910878825328,1.2273597775099778,0.3892330809986442,0.1101356086288009,0.0,136.71232071538844,69.8017430130163,0.06691057770237213,308.0641382426323,3.3435699928562204,0.964689326413461,6.611591255941503e-07,9.58680732111518e-09,0.00013480455999417655,0.016141112575416738,0.0
206.0,26.04,216.1,False,1,477.04000000153326,308.67679766819896,2.98455717855346,0.0005264594125410014,3.7981432139085654e-07,8.232955971274265e-06,0.00019137693232019714,0.0007370611885017353,1.9084684029468764e-05,0.36475858479887735,0.35230878544798666,1.9084684029468764e-05,0.0,0.7280368387069626,1.2273470161033229,0.38916721363429413,0.11014296376206625,0.0,136.7004072007069,70.10390809731297,0.06659649910339394,308.1287001238228,3.343869420136597,0.96469989780966,6.627947073157073e-07,9.610523256077756e-09,0.0001348058498262198,0.01614127289170204,0.0
206.9999999999991,26.04,216.1,False,1,503.0800000015337,308.7432397116644,2.9822360026414008,0.0005263230972669863,3.8943630274716443e-07,8.244495218592676e-06,0.00019133393278025928,0.0007368955805008141,1.9089382694704715e-05,0.3640136869233096,0.35118365759199405,1.9089382694704715e-05,0.0,0.7280785733468734,1.2273346541285577,0.3891016478727909,0.11015443290889333,0.0,136.68953950047413,70.40466336280821,0.06628487613766591,308.1929607771128,3.34416744409946,0.9647104165185129,6.643833472433501e-07,9.633558535028578e-09,0.0001348071090827535,0.016141424440095545,0.0
208.0,26.04,216.1,False,1,529.1200000015815,308.8093713247721,2.979844068941317,0.0005261880265018919,3.990809930225092e-07,8.255354494137254e-06,0.00019129124399466132,0.0007367311693654131,1.9093613575135566e-05,0.36324615479058686,0.350059765768785,1.9093613575135566e-05,0.0,0.7281164629751472,1.2273226756430777,0.38903638163508936,0.11016983103284114,0.0,136.67967304127163,70.70401970827538,0.06597565333299625,308.25692253118063,3.34446407563547,0.9647208829694496,6.659268093587898e-07,9.655938735702453e-09,0.00013480833868318104,0.01614156758715361,0.0
208.9999999999991,26.04,216.1,False,1,555.1600000015819,308.8751948811433,2.977385308917759,0.0005260541709397306,4.0874774945391383e-07,8.265558914793373e-06,0.00019124885994790483,0.0007365679319262043,1.909739729918479e-05,0.362457305346356,0.34893745195271897,1.909739729918479e-05,0.0,0.7281506711682326,1.2273110652492714,0.3889714128855537,0.11018898119548509,0.0,136.67076522779217,71.00198778780505,0.06566877743998713,308.3205876624248,3.344759325391442,0.9647312975826121,6.67426799805597e-07,9.677688597181158e-09,0.00013480953933044494,0.01614170268748225,0.0
210.0,26.04,216.1,False,1,581.2000000016297,308.9407127022108,2.9748634872528803,0.0005259215020639008,4.184359536064742e-07,8.275132883244323e-06,0.00019120677480561994,0.0007364058457115019,1.910075379613152e-05,0.36164840614648064,0.34781704125919116,1.910075379613152e-05,0.0,0.7281813542386445,1.2272998080836381,0.38890673962992667,0.11021171421506701,0.0,136.66277535625693,71.29857802061761,0.06536419733563932,308.38395839706044,3.345053203780099,0.9647416607692157,6.688849675801652e-07,9.698832029912397e-09,0.0001348107119042343,0.016141830083887906,0.0
210.9999999999991,26.04,216.1,False,1,607.2400000016302,309.0059270592982,2.9722822074541346,0.0005257899921319904,4.28145010550213e-07,8.284100104021942e-06,0.00019116498291091768,0.0007362448889332116,1.9103702306913935e-05,0.36082067693834863,0.3466988424149238,1.9103702306913935e-05,0.0,0.728208661552691,1.2272888898057153,0.38884235991341093,0.1102378683396133,0.0,136.6556645316792,71.59380060043753,0.06506186393124168,308.44703691312213,3.345345720989398,0.964751972931896,6.70302905333224e-07,9.71939212733175e-09,0.00013481185706931686,0.016141950107547005,0.0
212.0,26.04,216.1,False,1,633.280000001678,309.0708401756115,2.9696449173767743,0.0005256596141534578,4.378743480495498e-07,8.292483598984332e-06,0.00019112347878061286,0.000736085040472284,1.9106261395856843e-05,0.3599752911818739,0.3455831482353162,1.9106261395856843e-05,0.0,0.728232735833814,1.2272782965864675,0.3887782718188519,0.11026728893380154,0.0,136.6493955888748,71.88766550447751,0.06476173008439728,308.50982534238375,3.345636886991472,0.9647622344650411,6.716821502687615e-07,9.739391178897044e-09,0.00013481297566847548,0.016142063078192225,0.0
212.9999999999991,26.04,216.1,False,1,659.3200000016784,309.13545422814286,2.9669549146537593,0.0005255303418758552,4.4762341576614843e-07,8.300305722248402e-06,0.0001910822571013398,0.0007359262798637529,1.9108448963208726e-05,0.3591133775131408,0.3444702361067525,1.9108448963208726e-05,0.0,0.7282537134526765,1.2272680150966082,0.3887144734650218,0.11029982817890983,0.0,136.643933016923,72.18018250201943,0.06446375051490356,308.57232577219173,3.3459267115511575,0.9647724457551088,6.730241851277792e-07,9.758850684352799e-09,0.0001348140683311112,0.016142169304313468,0.0
214.0,26.04,216.1,False,1,685.3600000017262,309.19977134949266,2.9642153520263355,0.0005254021497638552,4.5739168447684934e-07,8.307588174611421e-06,0.00019104131272557778,0.0007357685872814278,1.911028225838197e-05,0.35823602115362047,0.343360368471773,1.911028225838197e-05,0.0,0.7282717247042751,1.227258032494498,0.38865096300499585,0.1103353447852269,0.0,136.6392428870067,72.4713611626336,0.0641678817243731,308.6345402472213,3.3462152042341753,0.96478260718093,6.74330439245443e-07,9.777791369058923e-09,0.0001348151358659738,0.016142269083371706,0.0
214.9999999999991,26.04,216.1,False,1,711.4000000017267,309.2637936296133,2.9614292425696807,0.0005252750129867301,4.671786453071127e-07,8.314352017497607e-06,0.00019100064066760868,0.0007356119435223241,1.911177789379631e-05,0.35734426526800545,0.34225379331530764,1.911177789379631e-05,0.0,0.7282868940731239,1.2272483364140756,0.3885877386246163,0.11037370371633536,0.0,136.6352927833585,72.7612108640414,0.0638740819193171,308.69647077115644,3.346502374414951,0.964792719114,6.756022896708994e-07,9.796233200228043e-09,0.0001348161788694937,0.016142362702023894,0.0
216.0,26.04,216.1,False,1,737.4400000017745,309.3275231174766,2.958599464808488,0.000525148907398548,4.769838089813704e-07,8.32061768646598e-06,0.00019096023609941747,0.0007354563299908728,1.9112951859230016e-05,0.35643911227357705,0.34115074465027084,1.9112951859230016e-05,0.0,0.7282993404866822,1.2272389149524583,0.38852479854104055,0.11041477592473559,0.0,136.63205173726791,73.04974079963434,0.06358231093763358,308.7581193082964,3.3467882312840884,0.9648027819187555,6.768410623397495e-07,9.814195403926367e-09,0.0001348171981186753,0.016142450436357432,0.0
216.9999999999991,26.04,216.1,False,1,763.4800000017749,309.390961822671,2.955728767718508,0.0005250238095267296,4.868067050904175e-07,8.326405004319801e-06,0.0001909200943465584,0.0007353017286829993,1.9113819536593768e-05,0.35552152510406865,0.34005144300098256,1.9113819536593768e-05,0.0,0.7283091775580111,1.2272297566576622,0.3884621410013661,0.11045843809828501,0.0,136.62949016389388,73.33695998567634,0.06329253017821754,308.81948778509457,3.3470727838555456,0.9648127959528415,6.780480332902081e-07,9.831696482708017e-09,0.0001348181941792227,0.016142532552132487,0.0
218.0,26.04,216.1,False,1,789.5200000018227,309.45411171692973,2.952819775610387,0.0005248996965532302,4.96646881376987e-07,8.33173319385409e-06,0.00019088021088399518,0.0007351481221701007,1.9114395715043914e-05,0.3545924284308112,0.3389560958830601,1.9114395715043914e-05,0.0,0.7283165138177617,1.2272208505160815,0.3883997642813314,0.11050457241698844,0.0,136.6275798018548,73.62287726819501,0.06300470253365979,308.880578091631,3.347356040973474,0.9648227615673656,6.792244299143538e-07,9.848754233758131e-09,0.00013481916779835724,0.016142609305030912,0.0
218.9999999999991,26.04,216.1,False,1,815.5600000018231,309.51697473559005,2.9498749928931427,0.0005247765463040042,5.065039030393878e-07,8.336620890278005e-06,0.0001908405813319341,0.0007349954935829971,1.9114694606360033e-05,0.35365270984388136,0.33786489827858196,1.9114694606360033e-05,0.0,0.7283214529363891,1.2272121859401597,0.38833766668408787,0.11055306631968272,0.0,136.62629365536424,73.90750132956212,0.06271879232580212,308.94139208301823,3.3476380113187774,0.9648326791071415,6.803714322367696e-07,9.86538576743316e-09,0.0001348201195128674,0.016142680940910297,0.0
220.0,26.04,216.1,False,1,841.600000001871,309.5795527789934,2.94689680871491,0.000524654337231002,5.1637735205412e-07,8.341086153349898e-06,0.0001908012014516571,0.0007348438265958816,1.9114729860518136e-05,0.35270322099577694,0.3367780331053302,1.9114729860518136e-05,0.0,0.7283240939366583,1.227203752755886,0.3882758465390354,0.11060381228019213,0.0,136.62560593889413,74.19084069480732,0.0624347652440868,309.0019315807505,3.347918703415386,0.9648425489109222,6.814901742136671e-07,9.881607526098173e-09,0.00013482105004179604,0.016142747696062065,0.0
220.9999999999991,26.04,216.1,False,1,867.6400000018714,309.6418477138235,2.9438875014794847,0.0005245330484023646,5.262668265171551e-07,8.34514647925759e-06,0.0001907620671413715,0.000734693105410335,1.9114514581394704e-05,0.35174477871005855,0.3356956716792155,1.9114514581394704e-05,0.0,0.7283245313972696,1.227195541190545,0.38821430220072234,0.11065670759255321,0.0,136.62549202415096,74.4729037376514,0.06215258828649956,309.06219837399277,3.3481981256362565,0.9648523713116233,6.825817450459671e-07,9.897435303166524e-09,0.000134821959894458,0.016142809797472343,0.0
222.0,26.04,216.1,False,1,893.6800000019192,309.7038613743862,2.9408492432373508,0.0005244126594850848,5.361719400046006e-07,8.348818812275592e-06,0.00019072317443208277,0.0007345433147394297,1.911406134254222e-05,0.35077816605718765,0.33461797416900785,1.911406134254222e-05,0.0,0.728322855647618,1.2271875418603613,0.3881530320478047,0.11071165416493853,0.0,136.62592838936024,74.7536986862783,0.06187222970308194,309.12219422081387,3.3484762862091193,0.964862146636536,6.836471905004358e-07,9.91288426225632e-09,0.00013482284976306215,0.016142867463084725,0.0
222.9999999999991,26.04,216.1,False,1,919.7200000019196,309.76559556383444,2.937784103950733,0.0005242931507357892,5.460923209522668e-07,8.352119556229775e-06,0.00019068451948350067,0.000734394439791961,1.9113382202983358e-05,0.349804133399653,0.33354509004261196,1.9113382202983358e-05,0.0,0.7283191529544659,1.2271797457584375,0.38809203448206037,0.1107685583219111,0.0,136.62689257065702,75.03323362885867,0.06159365894179835,309.18192084936686,3.348753193221966,0.9648718752075318,6.84687514233773e-07,9.927968956389708e-09,0.0001348237201306856,0.016142920902063825,0.0
224.0,26.04,216.1,False,1,945.7600000019675,309.8270520553415,2.9346940556322783,0.0005241745029839194,5.56027612054707e-07,8.355064585795408e-06,0.0001906460985799894,0.0007342464662568486,1.9112488722974256e-05,0.348823399408263,0.33247715850422876,1.9112488722974256e-05,0.0,0.728313505700503,1.227172144242638,0.3880313079274561,0.11082733061467889,0.0,136.62836311558897,75.31151651883928,0.061316846596749686,309.2413799590191,3.3490288546283176,0.964881557341258,6.857036791148057e-07,9.942703347164684e-09,0.0001348245716637224,0.016142970315058847,0.0
224.9999999999991,26.04,216.1,False,1,971.8000000019679,309.88823259322044,2.931580976357746,0.0005240566976229808,5.659774696831083e-07,8.357669257652582e-06,0.0001906079081265662,0.0007340993802877248,1.9111391979692168e-05,0.34783665205140135,0.3314143089219108,1.9111391979692168e-05,0.0,0.7283059925555267,1.227164729023816,0.3879708508292661,0.11088788563902306,0.0,136.6303195385408,75.58855517999146,0.06104176435854933,309.300573221431,3.349303278252242,0.9648911933493244,6.866966085404902e-07,9.957100823837109e-09,0.00013482540481987932,0.01614301589446638,0.0
226.0,26.04,216.1,False,1,997.8400000020157,309.94913889399936,2.9284466541530305,0.0005239397165941308,5.75941563322479e-07,8.359948421521515e-06,0.00019056994464495706,0.0007339531684877428,1.911010258280832e-05,0.3468445495587592,0.3303566612449461,1.911010258280832e-05,0.0,0.7282966886401815,1.2271574921540098,0.38791066165323407,0.11095014186059422,0.0,136.6327422780967,75.8643573112593,0.06076838496683742,309.3595022815918,3.349576471793179,0.9649007835384829,6.876671877420991e-07,9.971174222260437e-09,0.00013482622024057036,0.016143057824691647,0.0
226.9999999999991,26.04,216.1,False,1,1023.8800000020161,310.00977264744597,2.9252927907566346,0.0005238235423777896,5.859195750274012e-07,8.361916431094394e-06,0.00019053220476971544,0.0007338078178946261,1.910863068990866e-05,0.3458477213610222,0.3293043264108055,1.910863068990866e-05,0.0,0.7282856656829664,1.227150426015036,0.387850738884784,0.11101402144728571,0.0,136.6356126561555,76.1389304913788,0.0604966821647767,309.41816875880653,3.3498484428305355,0.9649103282107983,6.886162650780039e-07,9.984935843631057e-09,0.00013482701835888008,0.01614309628240762,0.0
228.0,26.04,216.1,False,1,1049.9200000020526,310.0701355175494,2.922121005258533,0.0005237081579775535,5.959111988967023e-07,8.363587154880755e-06,0.00019049468524440918,0.0007336633159659835,1.9106986021731217e-05,0.34484676900672945,0.3282574067412624,1.9106986021731217e-05,0.0,0.7282729921703884,1.2271435233070658,0.38779108102827003,0.11107945010840728,0.0,136.6389128388308,76.41228218330525,0.060226630655525554,309.4765742476421,3.3501191988280876,0.9649198276638123,6.895446533102268e-07,9.99839747299829e-09,0.00013482779979191468,0.016143131436811394,0.0
228.9999999999991,26.04,216.1,False,1,1075.9600000020416,310.1302291434598,2.9189328376170383,0.0005235935469120871,6.059161405662123e-07,8.364973986979553e-06,0.0001904573829178789,0.0007335196505648961,1.9105177877191408e-05,0.3438422670574445,0.32721599632746506,1.9105177877191408e-05,0.0,0.7282587334909726,1.227136777037627,0.3877316866062669,0.11114635694038748,0.0,136.6426257989507,76.68441973844965,0.05995820606050104,309.5347203188323,3.3503887471382012,0.964929282190701,6.904531308621698e-07,1.0011570397501462e-08,0.00013482856494866774,0.01614316344987732,0.0
230.0,26.04,216.1,False,1,1102.000000002078,310.19005514038804,2.9157297520551824,0.0005234796931992891,6.159341167199041e-07,8.366089857787848e-06,0.00019042029474057397,0.0007333768099458061,1.9103215148170038e-05,0.3428347639622001,0.32618018140378513,1.9103215148170038e-05,0.0,0.7282429520729689,1.2271301805106218,0.38767255415889584,0.11121467427875704,0.0,136.64673528019887,76.95535040073345,0.05969138487946542,309.5926085201443,3.350657095005859,0.9649386920804239,6.913424430552271e-07,1.0024465424300793e-08,0.00013482931442247974,0.016143192476606453,0.0
230.9999999999991,26.04,216.1,False,1,1128.040000002067,310.2496151004624,2.912513140338622,0.000523366581348422,6.25964854618505e-07,8.366947244653456e-06,0.00019038341776096853,0.0007332347827407118,1.9101106334041326e-05,0.34182478291209833,0.32515004071037523,1.9101106334041326e-05,0.0,0.7282257075164195,1.2271237273157798,0.38761368224319087,0.11128433755616952,0.0,136.65122576272432,77.22508131045286,0.05942614445227146,309.65024037720434,3.350924249572508,0.9649480576178685,6.922133033222048e-07,1.003709289817197e-08,0.00013483004859867614,0.01614321866527186,0.0
232.0,26.04,216.1,False,1,1154.0800000021034,310.30891059355224,2.9092843249369675,0.000523254196344487,6.36008091645824e-07,8.367558182478762e-06,0.00019034674912205894,0.0007330935579456768,1.9098859555922962e-05,0.34081282267574814,0.32412564584427034,1.9098859555922962e-05,0.0,0.7282070567194326,1.2271174113181476,0.3875550694324923,0.11135528516622262,0.0,136.6560824302597,77.49361950799106,0.05916246292226863,309.70761739429065,3.351190217879754,0.9649573790839874,6.930663943961301e-07,1.0049462718743888e-08,0.00013483076804720034,0.016143242157659526,0.0
232.9999999999991,26.04,216.1,False,1,1180.1200000020924,310.3679431680533,2.9060445620709054,0.0005231425236405476,6.460635748718335e-07,8.367934274278074e-06,0.00019031028605794763,0.0007329531249076733,1.9096482570631358e-05,0.33979935841621706,0.3231070615991063,1.9096482570631358e-05,0.0,0.7281870539992921,1.2271112266480257,0.38749671431587596,0.11142745833285772,0.0,136.66129113858432,77.76097193735771,0.05890031920122661,309.76474105509,3.3514550068728854,0.9649666567559295,6.939023694728974e-07,1.0061584357357012e-08,0.00013483147313027343,0.0161432630893045,0.0
234.0,26.04,216.1,False,1,1206.1600000021288,310.4267143516406,2.902795044647259,0.0005230315491422936,6.561310606327118e-07,8.36808670169053e-06,0.00019027402589051297,0.0007328134733117535,1.9093982784328373e-05,0.33878484248996615,0.32209434629340383,1.9093982784328373e-05,0.0,0.7281657512082187,1.2271051676909557,0.3874386154976093,0.11150080098512773,0.0,136.6668383853798,78.02714544958465,0.05863969293579516,309.82161282342304,3.3517186234042446,0.9649758909071665,6.947218533466397e-07,1.0073466873526277e-08,0.00013483216439472362,0.016143281589722013,0.0
234.9999999999991,26.04,216.1,False,1,1232.2000000021178,310.4852256520684,2.8995368948992644,0.0005229212376279894,6.662103141027954e-07,8.368047807891091e-06,0.00019023796603620432,0.0007326745932072251,1.909136721689458e-05,0.33777057598390137,0.3210875512628984,1.909136721689458e-05,0.0,0.7281431968264332,1.227099228560925,0.3873807715957911,0.11157526013870071,0.0,136.67271154639676,78.29214680633156,0.0583805647400652,309.87823414401487,3.3519810742368232,0.9649850818076258,6.955254382714167e-07,1.0085118854935542e-08,0.00013483280541980386,0.016143297781688097,0.0
236.0,26.04,216.1,False,1,1258.2400000021541,310.5434785580116,2.8962711909540753,0.0005228115820418668,6.76301108863817e-07,8.367821799133438e-06,0.00019020210398044764,0.0007325364749090673,1.9088642623350296e-05,0.3367567121269025,0.3200867229941031,1.9088642623350296e-05,0.0,0.7281194384229395,1.2270934042749777,0.3873231812434077,0.11165078460863054,0.0,136.67889823466652,78.5559826836837,0.058122915550982826,309.93460644330634,3.3522423660480305,0.9649942297238296,6.963136973229189e-07,1.0096548611182323e-08,0.00013483347061154453,0.016143311783718476,0.0
236.9999999999991,26.04,216.1,False,1,1284.2800000021432,310.60147453919797,2.892998960409732,0.0005227025864486427,6.864032266839769e-07,8.367401794035493e-06,0.00019016643727994245,0.0007323991090067772,1.9085815482105384e-05,0.33574295745865185,0.31909190300448914,1.9085815482105384e-05,0.0,0.7280945218988955,1.2270876903266277,0.3872658430880085,0.1117273253397238,0.0,136.6853864975276,78.81865967273504,0.057866726824792554,309.9907311295787,3.352502505430292,0.9650033349189236,6.970871807870257e-07,1.0107764121411872e-08,0.00013483412456332874,0.016143323709309054,0.0
238.0,26.04,216.1,False,1,1310.3200000021795,310.6592150472654,2.889721170194091,0.0005225942387548171,6.96516457092928e-07,8.366797097206576e-06,0.00019013096357604396,0.0007322624864159171,1.9082891927219085e-05,0.3347296695404149,0.3181031267791946,1.9082891927219085e-05,0.0,0.7280684903207484,1.2270820820357773,0.3872087557897873,0.11180483592524162,0.0,136.69216512047709,79.08018428345733,0.05761198083701976,310.0466095937803,3.3527614988948873,0.9650123976528171,6.978464106715284e-07,1.0118772954737162e-08,0.00013483476634255833,0.016143333666106176,0.0
238.9999999999991,26.04,216.1,False,1,1336.3600000021686,310.7167015164235,2.8864387368409656,0.0005224865269174671,7.066405970209955e-07,8.366016993492111e-06,0.0001900956805827818,0.000732126598331964,1.9079877804341433e-05,0.33371720094646457,0.31712042478483987,1.9079877804341433e-05,0.0,0.7280413847828464,1.227076574923732,0.3871519180217943,0.11188327211909133,0.0,136.69922340254675,79.3405629476835,0.05735866045486326,310.10224321016403,3.3530193528749264,0.9650214181822947,6.985918857387022e-07,1.0129582343211182e-08,0.00013483539622129214,0.016143341756797075,0.0
240.0,26.04,216.1,False,1,1362.400000002205,310.77393536402985,2.8831525289743136,0.0005223794392743551,7.167754504701365e-07,8.365070413175846e-06,0.00019006058608385035,0.0007319914362187188,1.9076778683373995e-05,0.33270588603456563,0.3161438227491894,1.9076778683373995e-05,0.0,0.7280132445127592,1.2270711647128296,0.38709532846955463,0.11196259173051579,0.0,136.70655112887746,79.59980202170358,0.057106749107173886,310.1576333368419,3.3532760737279257,0.9650303967611121,6.993240825495617e-07,1.0140199196968645e-08,0.00013483601468023288,0.01614334807932157,0.0
240.9999999999991,26.04,216.1,False,1,1388.440000002194,310.8309179911375,2.879863369535052,0.0005222729645427239,7.269208281985884e-07,8.363965936383972e-06,0.00019002567792990115,0.0007318569917978754,1.9073599869762325e-05,0.33169604139900993,0.31517334191334045,1.9073599869762325e-05,0.0,0.7279841069569276,1.227065847318565,0.3870389858306957,0.11204275453094162,0.0,136.714138548416,79.85790778873212,0.05685623075968388,310.2127813163124,3.3535316677382716,0.9650393336400891,7.000434563934461e-07,1.015063011770497e-08,0.00013483662199343435,0.0161433527270643,0.0
242.0,26.04,216.1,False,1,1414.4800000022303,310.8876507830226,2.876572037914482,0.0005221670918047682,7.370765474190588e-07,8.36271180298723e-06,0.00018999095403592555,0.0007317232570389426,1.9070346415424112e-05,0.3306879665320342,0.3142089992734177,1.9070346415424112e-05,0.0,0.7279540078621695,1.2270606188416362,0.38698288881458776,0.11212372216487894,0.0,136.72197635269103,80.11488646128619,0.05660708989140484,310.2676884759683,3.353786141119582,0.9650482290671979,7.007504421862432e-07,1.0160881411700527e-08,0.00013483721862057657,0.016143355789040983,0.0
242.9999999999991,26.04,216.1,False,1,1440.5200000022194,310.9441351096841,2.87327927199993,0.0005220618105009913,7.472424315094342e-07,8.361315922505873e-06,0.00018995641237872486,0.0007315902241494975,1.906702312932855e-05,0.32968194447295596,0.31325080781241904,1.906702312932855e-05,0.0,0.7279229813538464,1.2270554755604506,0.38692703614200763,0.11220545806459654,0.0,136.73005565545836,80.37074418343617,0.05635931147202219,310.32235612857806,3.3540395000169503,0.9650570832876474,7.014454553385474e-07,1.0170959102408938e-08,0.00013483780481460391,0.016143357350078765,0.0
244.0,26.04,216.1,False,1,1466.5600000022557,311.00037232632485,2.869985770135296,0.0005219571104158268,7.57418309736152e-07,8.35978588392091e-06,0.0001899220509944671,0.0007314578855657762,1.906363458773186e-05,0.3286782424413771,0.3122987767223446,1.906363458773186e-05,0.0,0.7278910600104364,1.2270504139236686,0.3868714265448164,0.11228792736841599,0.0,136.73836797328232,80.6254870329726,0.05611288094030972,310.37678557274825,3.3542917505091,0.9650658965439644,7.021288925943556e-07,1.0180868942618157e-08,0.00013483838101426048,0.016143357490990922,0.0
244.9999999999991,26.04,216.1,False,1,1492.6000000022448,311.05636377381023,2.8666921929994107,0.0005218529816712444,7.676040169892342e-07,8.358128965381926e-06,0.0001898878679763271,0.0007313262339435838,1.90601851440716e-05,0.32767711245453607,0.3113529116169465,1.90601851440716e-05,0.0,0.7278582749350648,1.2270454305432033,0.3868160587656534,0.11237109684248503,0.0,136.74690520690908,80.87912102347363,0.055867784183435444,310.43097809336564,3.3545428986104477,0.9650746690760711,7.028011328405515e-07,1.0190616426187997e-08,0.00013483894745187994,0.016143356288745737,0.0
246.0,26.04,216.1,False,1,1518.640000002281,311.11211077910684,2.8633991654047644,0.000521749414712643,7.777993935291435e-07,8.35635214380214e-06,0.0001898538614722106,0.0007311952621495281,1.9056678938522937e-05,0.3266787919287859,0.3104132147353208,1.9056678938522937e-05,0.0,0.7278246558237105,1.2270405221872556,0.3867609315576457,0.11245493480589935,0.0,136.75565962350575,81.13165210627979,0.05562400751722596,310.48493496201905,3.354792950273065,0.9650834011213594,7.034625378875558e-07,1.020020679936956e-08,0.0001348395045458234,0.016143353816629773,0.0
246.9999999999991,26.04,216.1,False,1,1544.6800000022702,311.16761465570073,2.860107278019491,0.0005216464003027396,7.880042847444621e-07,8.354462104333677e-06,0.00018982002968255993,0.0007310649632525689,1.905311990722306e-05,0.32568350426531156,0.30947968513664936,1.905311990722306e-05,0.0,0.7277902310306227,1.2270356857737907,0.38670604368413247,0.11253941105903555,0.0,136.7646238396258,81.38308617237789,0.055381537667247925,310.53865743740187,3.355041911388557,0.9650920929147613,7.041134532216982e-07,1.0209645071714625e-08,0.00013484005250835596,0.016143350144405523,0.0
248.0,26.04,216.1,False,1,1570.7200000023065,311.22287670399896,2.8568170890151072,0.0005215439295077576,7.982185409205744e-07,8.352465249714497e-06,0.00018978637085823784,0.000730935330515866,1.9049511791168147e-05,0.32469145942006744,0.30855231888630774,1.9049511791168147e-05,0.0,0.7277550276306738,1.2270309183640469,0.3866513939184021,0.112624496814971,0.0,136.7737908049725,81.63342905421003,0.055140361750762465,310.59214676569854,3.355289787789865,0.9651007446888171,7.047542087298699e-07,1.0218936026583115e-08,0.00013484059173811706,0.01614334533846355,0.0
248.9999999999991,26.04,216.1,False,1,1596.7600000022956,311.27789821171376,2.8535291256427686,0.0005214419936916221,8.084420170183643e-07,8.350367709480145e-06,0.0001897528832984927,0.0007308063573889433,1.9045858144790144e-05,0.3237028544580523,0.3076311092336432,1.9045858144790144e-05,0.0,0.7277190714791695,1.227026217156475,0.3865969810434404,0.11271016463386511,0.0,136.78315378682422,81.88268652740292,0.05490046725942129,310.64540418095413,3.3555365852529846,0.965109356673741,7.053851193970276e-07,1.0228084231256901e-08,0.0001348411224278345,0.016143339461969244,0.0
250.0,26.04,216.1,False,1,1622.800000002332,311.3326804542256,2.850243885740479,0.0005213405845024776,8.186745724631337e-07,8.34817534903005e-06,0.00018971956534899625,0.0007306780375001289,1.9042162344216546e-05,0.32271787409195574,0.30671604678173864,1.9042162344216546e-05,0.0,0.7276823872688024,1.227021579480696,0.3865428038516965,0.11279638836019712,0.0,136.79270635520382,82.1308643124024,0.054661842042801424,310.6984309054235,3.355782309498603,0.9651179290974821,7.060064859769106e-07,1.0237094046665205e-08,0.00013484164495709827,0.01614333257500422,0.0
250.9999999999991,26.04,216.1,False,1,1648.840000002321,311.38722469493706,2.846961839173933,0.0005212396938672136,8.289160709427597e-07,8.345893778545961e-06,0.0001896864153999582,0.0007305503646492951,1.903842759522484e-05,0.32173669120524834,0.3058071196493136,1.903842759522484e-05,0.0,0.7276449985843105,1.2270170027918856,0.386488861144852,0.11288314306272303,0.0,136.8024423686455,82.37796807606728,0.054424474292578226,310.75122814991187,3.3560269661936766,0.9651264621857852,7.066185956371373e-07,1.024596963673849e-08,0.00013484215949982527,0.016143324734702563,0.0
252.0,26.04,216.1,False,1,1674.8800000023573,311.44153218560433,2.8436834292133017,0.0005211393139783292,8.391663802153246e-07,8.343528361751245e-06,0.0001896534318843126,0.0007304233328008722,1.903465694089353e-05,0.32075946735985267,0.3049043136251841,1.903465694089353e-05,0.0,0.7276069279544872,1.227012484665166,0.3864351517336086,0.11297040497707007,0.0,136.81235596065147,82.6240034331611,0.054188352527490366,310.8037971140936,3.356270560952922,0.9651349561622471,7.072217225786866e-07,1.0254714977390955e-08,0.00013484266641716324,0.016143315995381907,0.0
252.9999999999991,26.04,216.1,False,1,1700.9200000023463,311.4956041666585,2.840409073848533,0.0005210394372888214,8.494253719252466e-07,8.341084224507938e-06,0.000189620613275974,0.0007302969360771311,1.903085326896081e-05,0.319786353288439,0.30400761231542855,1.903085326896081e-05,0.0,0.7275681969020852,1.2270080227904074,0.38638167443748195,0.11305815145084033,0.0,136.822441526697,82.86897594779852,0.05395346557889848,310.8561389868211,3.3565130993402605,0.9651434112483711,7.078161286309548e-07,1.0263333865148845e-08,0.0001348431658650096,0.0161433064086696,0.0
254.0,26.04,216.1,False,1,1726.9600000023827,311.54944186751175,2.837139167045362,0.0005209400564994115,8.596929214281736e-07,8.338566263244617e-06,0.00018958795808816267,0.0007301711687517338,1.9027019318896485e-05,0.318817489371498,0.3031169972835744,1.9027019318896485e-05,0.0,0.7275288259912921,1.227003614967032,0.3863284280846047,0.11314636089113526,0.0,136.8326937118675,83.11289113482316,0.05371980257704435,310.9082549464195,3.356754586870186,0.9651518276636197,7.084020638228219e-07,1.0271829925430918e-08,0.00013484365818672035,0.016143296023624024,0.0
254.9999999999991,26.04,216.1,False,1,1753.0000000023717,311.603046506848,2.83387407994451,0.000520841164553814,8.699689076236812e-07,8.335979153210513e-06,0.0001895554648717972,0.0007300460252435417,1.902315768869514e-05,0.31785300609937145,0.30223244818409284,1.902315768869514e-05,0.0,0.7274888348732774,1.2269992590992185,0.38627541151154254,0.11323501271439854,0.0,136.8431073989985,83.35575446111521,0.0534873529378833,310.9601461609657,3.3569950290090724,0.9651602056254647,7.089797669303847e-07,1.0280206620490579e-08,0.00013484414352099745,0.016143284886851118,0.0
256.0,26.04,216.1,False,1,1779.040000002408,311.65641929290365,2.8306141620061105,0.0005207427546263491,8.802532127960557e-07,8.33332735655043e-06,0.00018952313221394854,0.0007299215001106613,1.90192708413984e-05,0.3168930245192774,0.3013539428893849,1.90192708413984e-05,0.0,0.7274482423294946,1.2269949531910926,0.38622262356311476,0.11332408729848331,0.0,136.85367769739958,83.59757134685516,0.05325610635054441,311.0118137885585,3.3572344311764306,0.9651685453494344,7.095494660022342e-07,1.0288467257032397e-08,0.00013484462219425083,0.01614327304261637,0.0
256.9999999999991,26.04,216.1,False,1,1805.0800000023971,311.70956142373444,2.8273597421017467,0.0005206448201176,8.905457224622331e-07,8.330615130198636e-06,0.0001894909587363607,0.0007297975880447458,1.9015361111354967e-05,0.3159376566676586,0.3004814576105843,1.9015361111354967e-05,0.0,0.7274070663132333,1.226990695342308,0.38617006309222496,0.11341356593684987,0.0,136.86439993203402,83.83834716672352,0.05302605276531049,311.06325897757523,3.3574727987461057,0.9651768470491604,7.101113788628488e-07,1.0296614993511308e-08,0.00013484509432858333,0.016143260532952335,0.0
258.0,26.04,216.1,False,1,1831.1200000024335,311.7624740874718,2.8241111295559875,0.0005205473546424231,9.008463252271882e-07,8.327846533585438e-06,0.0001894589430940283,0.0007296742838655172,1.9011430710224462e-05,0.31498700598788076,0.2996149670123607,1.9011430710224462e-05,0.0,0.7273653239890913,1.2269864837436044,0.38611772895969937,0.1135034307948138,0.0,136.8752696332406,84.07808725105454,0.052797182382186066,311.11448286691774,3.35771013704743,0.9651851109364213,7.10665713594804e-07,1.0304652847124659e-08,0.00013484556023433698,0.016143247397761774,0.0
258.9999999999991,26.04,216.1,False,1,1857.1600000024225,311.815158462565,2.820868615139708,0.0005204503520260124,9.111549126458631e-07,8.325025436155976e-06,0.00018942708397383465,0.0007295515825155205,1.9007481732734357e-05,0.3140411677336447,0.29875444432204495,1.9007481732734357e-05,0.0,0.7273230317708608,1.2269823166727467,0.38606562003413336,0.11359366486775263,0.0,136.8862825268678,84.31679688692469,0.05256948563994311,311.1654865862454,3.3579464513663053,0.9651933372211844,7.112126690004636e-07,1.0312583700506723e-08,0.00013484602001785032,0.01614323367491662,0.0
260.0,26.04,216.1,False,1,1883.2000000024589,311.8676157180171,2.8176324720169466,0.0005203538062923135,9.214713790919498e-07,8.322155524697402e-06,0.00018939538009324572,0.0007294294790550927,1.9003516162197596e-05,0.31310022935815524,0.2978998614331974,1.9003516162197596e-05,0.0,0.7272802053574849,1.2269781924904217,0.38601373519174315,0.11368425194119355,0.0,136.8974345249109,84.55448131921321,0.052342953205697686,311.2162712562014,3.3581817469462614,0.9652015261116466,7.117524350439874e-07,1.0320410308137819e-08,0.0001348464739741673,0.01614321940035286,0.0
260.9999999999991,26.04,216.1,False,1,1909.240000002448,311.91984701360644,2.814402956647444,0.0005202577116604963,9.317956216326461e-07,8.319240310474342e-06,0.00018936383019905873,0.000729307968657543,1.899953587579857e-05,0.31216427088946724,0.29705118900396826,1.899953587579857e-05,0.0,0.7272368597675891,1.2269741096365174,0.38596207331622623,0.11377517655270208,0.0,136.90872171651975,84.79114575159974,0.052117575964920004,311.26683798862626,3.358416028989454,0.965209677814273,7.12285193274142e-07,1.032813530247506e-08,0.00013484692219472953,0.01614320460816146,0.0
262.0,26.04,216.1,False,1,1935.2800000024843,311.9718535001011,2.811180309646497,0.0005201620625337823,9.421275399097049e-07,8.31628313616949e-06,0.00018933243306620313,0.0007291870466045353,1.8995542649654693e-05,0.3112333652920895,0.2962083965503766,1.8995542649654693e-05,0.0,0.7271930093722127,1.2269700666263406,0.38591063329862657,0.1138664239555013,0.0,136.9201403594758,85.02679534752546,0.05189334501195033,311.3171878867628,3.3586493026576205,0.965217792533834,7.128111172286851e-07,1.0335761199815935e-08,0.00013484736496012853,0.0161431893306755,0.0
262.9999999999991,26.04,216.1,False,1,1961.3200000024733,312.02363631946326,2.807964756604188,0.000520066853496328,9.524670360259204e-07,8.313287182630619e-06,0.00018930118749659373,0.0007290667082816704,1.8991538163662734e-05,0.3103075788152124,0.29537145253477615,1.8991538163662734e-05,0.0,0.7271486679262608,1.2269660620472043,0.38585941403720597,0.11395798008373745,0.0,136.93168687200165,85.26143523111396,0.051670251640887684,311.3673220454531,3.358881573073002,0.9652258704734406,7.133303728210624e-07,1.0343290405905405e-08,0.0001348478023476679,0.01614317359855358,0.0
264.0,26.04,216.1,False,1,1987.3600000025097,312.075196605044,2.8047565088654243,0.0005199720793024628,9.62814014437398e-07,8.310255475422259e-06,0.000189270092318031,0.0007289469491742498,1.8987524006135154e-05,0.3093869713277878,0.2945403244497065,1.8987524006135154e-05,0.0,0.727103848598288,1.226962094554952,0.38580841443732244,0.11404983151934156,0.0,136.94335782500576,85.49507048804456,0.051448287336961204,311.4172415513251,3.359112845319213,0.9652339118345785,7.138431187098053e-07,1.0350725221292178e-08,0.00013484823462425657,0.0161431574408597,0.0
264.9999999999991,26.04,216.1,False,1,2013.4000000024987,312.12653548177167,2.801555764272784,0.0005198777348739825,9.731683818507648e-07,8.30719089118375e-06,0.0001892391463831495,0.0007288277648632267,1.8983501678236447e-05,0.30847159664073914,0.29371497889730824,1.8983501678236447e-05,0.0,0.7270585639991263,1.2269581628708328,0.3857576334113111,0.1141419654603954,0.0,136.95514993462749,85.72770616640025,0.05122744376822723,311.4669474829738,3.3593431244420877,0.9652419168171416,7.14349506651652e-07,1.0358067846448953e-08,0.00013484866185399253,0.01614314088513969,0.0
266.0,26.04,216.1,False,1,2039.440000002535,312.17765406632947,2.798362707873483,0.0005197838152897967,9.835300471256777e-07,8.304096163793083e-06,0.00018920834856841177,0.000728709151021329,1.897947259822436e-05,0.3075615028166178,0.29289538166454265,1.897947259822436e-05,0.0,0.727012826208973,1.2269542657783103,0.3857070698783735,0.1142343696909638,0.0,136.9670600551834,85.95934727746364,0.05100771277771976,311.5164409111312,3.3595724154504807,0.965249885619462,7.14849681838568e-07,1.0365320386659238e-08,0.000134849084290861,0.01614312395749433,0.0
266.9999999999991,26.04,216.1,False,1,2065.4800000025393,312.22855346732706,2.7951775125922826,0.0005196903157836276,9.938989211818109e-07,8.300973890338323e-06,0.00018917769777314618,0.0007285911034093557,1.897543810550485e-05,0.3066567324669678,0.2920814977943685,1.897543810550485e-05,0.0,0.7269666468034268,1.2269504021202051,0.3856567227644697,0.1143270325523086,0.0,136.9790851723876,86.18999879648904,0.05078908637589858,311.5657228988314,3.359800723317027,0.9652578184383416,7.153437832196613e-07,1.037248485668509e-08,0.00013484950198656758,0.01614310668264923,0.0
268.0,26.04,216.1,False,1,2091.5200000025984,312.27923478546484,2.7920003398716307,0.0005195972317340582,1.004274916910716e-06,8.297826536898586e-06,0.0001891471929186258,0.0007284736178726269,1.897139946450696e-05,0.30575732303773007,0.2912732916530623,1.897139946450696e-05,0.0,0.7269200368781108,1.2269465707957654,0.38560659100221495,0.11441994291543964,0.0,136.99122239693992,86.41966566343855,0.05057155673350137,311.6147945015677,3.3600280529788913,0.9652657154690797,7.15831943808348e-07,1.0379563185221048e-08,0.00013484991518306283,0.016143089084021737,0.0
268.9999999999991,26.04,216.1,False,1,2117.56000000261,312.32969911368946,2.7888313402806553,0.0005195045586626313,1.0146579490917144e-06,8.294656444135355e-06,0.000189116832947189,0.0007283566903375976,1.896735786838447e-05,0.3048633070829927,0.29047072699389126,1.896735786838447e-05,0.0,0.7268730070723425,1.226942770758064,0.3855566735307827,0.11451309015493882,0.0,137.00346895836196,86.64835278368156,0.05035511617468041,311.6636567674423,3.3602544093384528,0.9652735769055015,7.163142909754056e-07,1.0386557219143383e-08,0.00013485032392032128,0.016143071183784743,0.0
270.0,26.04,216.1,False,1,2143.6000000026693,312.37994753734665,2.785670654094242,0.0005194122922242854,1.0250479343122557e-06,8.291465832697942e-06,0.00018908661682139768,0.0007282403168086162,1.8963314442551886e-05,0.3039747125273693,0.2896737670172343,1.8963314442551886e-05,0.0,0.7268255675915001,1.2269390010113086,0.3855069692958071,0.1146064641240014,0.0,137.01582219917333,86.87606502867867,0.05013975717049466,311.7123107373123,3.360479797264001,0.9652814029399845,7.167909467286141e-07,1.0393468727564905e-08,0.000134850728429072,0.01614305300292778,0.0
270.9999999999991,26.04,216.1,False,1,2169.640000002681,312.42998113432157,2.7825184118436916,0.000519320428205845,1.035444790891934e-06,8.288256808443533e-06,0.00018905654352323377,0.0007281244933648283,1.895927024805914e-05,0.30309156291739797,0.2888823744274366,1.895927024805914e-05,0.0,0.7267777282285274,1.2269352606084731,0.38545747724929624,0.11470005513064956,0.0,137.02827956929144,87.10280723661275,0.049925472332678696,311.7607574449244,3.360704221590361,0.965289193763484,7.172620279791754e-07,1.0400299405698044e-08,0.00013485112873841496,0.01614303456131528,0.0
272.0,26.04,216.1,False,1,2195.68000000274,312.4798009751795,2.7793747348400815,0.0005192289625168382,1.0458484388105734e-06,8.285031367476717e-06,0.00018902661205333042,0.0007280092161572169,1.895522628481403e-05,0.3022138776621677,0.28809651148640325,1.895522628481403e-05,0.0,0.7267294983842317,1.2269315486488306,0.38540819634954215,0.11479385391505668,0.0,137.04083862074603,87.32858421302029,0.04971225440772574,311.80899791705014,3.3609276871195246,0.9652969495655579,7.177276467959117e-07,1.040705087854072e-08,0.00013485152506856248,0.01614301587774223,0.0
272.9999999999991,26.04,216.1,False,1,2221.720000002752,312.5294081232962,2.776239735671731,0.0005191378911883558,1.0562587996396178e-06,8.281791401010476e-06,0.00018899682143023845,0.0007278944814057754,1.8951183494656534e-05,0.30134167226362163,0.2873161400642222,1.8951183494656534e-05,0.0,0.7266808870868192,1.2269278642758004,0.38535912556103974,0.11488785162794138,0.0,137.05349700259222,87.55340073137373,0.04950009627121849,311.8570331736099,3.361150198621232,0.9653046705343898,7.181879106473501e-07,1.0413724704386577e-08,0.0001348519174384881,0.01614299696998732,0.0
274.0,26.04,216.1,False,1,2247.760000002811,312.5788036349847,2.7731135186767935,0.0005190472103642428,1.0666757964772456e-06,8.278538700051375e-06,0.00018896717068972565,0.0007277802853968103,1.8947142764291433e-05,0.30047495853673994,0.2865412216868672,1.8947142764291433e-05,0.0,0.7266319030103051,1.2269242066746933,0.3853102638544047,0.11498203980998349,0.0,137.0662524561165,87.77726153365212,0.04928899092246438,311.90486422779526,3.3613717608335483,0.9653123568568125,7.186429226324124e-07,1.0420322378169981e-08,0.0001348523060586246,0.016142977854863644,0.0
274.9999999999991,26.04,216.1,False,1,2273.800000002823,312.6279885596163,2.769996180392275,0.0005189569163003148,1.0770993538864485e-06,8.275274959914157e-06,0.00018893765888410667,0.0007276666244803596,1.8943104928085763e-05,0.2996137448200213,0.28577171758117154,1.8943104928085763e-05,0.0,0.7265825544922379,1.2269205750707495,0.3852616102062989,0.11507641037221272,0.0,137.07910281022123,88.00017133088282,0.04907893147933841,311.95249208618435,3.361592378463399,0.965320008718329,7.190927817001277e-07,1.0426845334651852e-08,0.00013485269093853466,0.016142958548267066,0.0
276.0,26.04,216.1,False,1,2299.840000002882,312.67696393973745,2.7668878099804024,0.0005188670053559014,1.0875293978365219e-06,8.2720017845672e-06,0.00018890828508160473,0.0007275534950677341,1.8939070770735588e-05,0.29875803617648844,0.28500758871716736,1.8939070770735588e-05,0.0,0.7265328495503929,1.22691696872708,0.38521316359935404,0.11517095557733309,0.0,137.09204597707765,88.2221348036634,0.04886991117341425,311.99991774885365,3.3618120561870986,0.9653276263031343,7.195375828588473e-07,1.0433294951453286e-08,0.000134853072279598,0.016142939065222364,0.0
276.0061443931305,26.04,216.1,True,2,0.0,312.677264215684,2.7668687389315143,0.000526958522881166,1.4718977492399162e-07,1.119490979099276e-06,0.00018890810502371385,0.0007275528015979935,1.8939045996258925e-05,0.04043179418618261,0.28500291017930274,1.8939045996258925e-05,0.0,0.7267410297871666,1.2271254333743533,0.3852128665646813,0.1151715370225055,0.0,137.0378358434218,88.2234957077775,0.048814340135644285,312.0002085254334,3.361813403066617,0.9653276730026128,7.217804502861942e-07,1.0465816529149815e-08,0.0,0.016142938750095998,-1.8634724839594607e-20
277.0,26.04,216.1,False,2,25.880000002904954,312.7257640929867,2.7605154159114904,0.000519742480074679,1.5756954545162975e-07,8.243549958121365e-06,0.00018888249393848386,0.0007274541633639007,1.8918226188680847e-05,0.29700047908874105,0.28399589966982935,1.8918226188680847e-05,0.0,0.7263428341660598,1.2269505196291162,0.38516462309943905,0.11544306236361734,0.0,137.14152598315798,88.44330744399153,0.04869821853916645,312.0471744388868,3.362030947935471,0.9653352149690545,7.204586627688114e-07,1.0446650610147766e-08,0.00013490245741067369,0.01614262408818408,0.0
277.9999999999991,26.04,216.1,False,2,51.92000000290474,312.77435883605375,2.7575631175931403,0.000519652584255344,1.6801987415801266e-07,8.241441116136316e-06,0.00018885322272691515,0.0007273414290101712,1.8914923994268538e-05,0.2961998346533212,0.28325333559213056,1.8914923994268538e-05,0.0,0.726299085484511,1.226946432116574,0.38511656401586986,0.11553078261619304,0.0,137.15291813983328,88.66355241483079,0.04848936572500249,312.09423291909883,3.3622489183221074,0.9653427700422293,7.209697659147157e-07,1.0454061605763378e-08,0.00013485267974582774,0.016142616976652382,0.0
279.0,26.04,216.1,False,2,77.9600000029522,312.8227452734139,2.7546141274272524,0.0005195626851954458,1.7847755676334267e-07,8.239199885325902e-06,0.00018882409435534928,0.0007272292447912716,1.891159655589817e-05,0.2953999395075563,0.2825155377262021,1.891159655589817e-05,0.0,0.7262547225032085,1.226942380173872,0.38506871029787226,0.11561894737279106,0.0,137.16447026016445,88.88285654980614,0.048281613710358315,312.1410903763058,3.3624659543592132,0.9653502910938773,7.21472939030889e-07,1.0461357615947892e-08,0.00013485310467384586,0.016142609185414325,0.0
279.9999999999991,26.04,216.1,False,2,104.00000000295262,312.8709244985026,2.7516687265326447,0.0005194732047104458,1.8894247959058254e-07,8.23690774852763e-06,0.0001887951076723686,0.0007271176062725197,1.890824559389484e-05,0.29460369002761694,0.28178248552902235,1.890824559389484e-05,0.0,0.7262097724279726,1.2269383734364923,0.38502106089223376,0.11570754011628596,0.0,137.1761752597559,89.10122476172465,0.04807495049803124,312.187747860199,3.362682060951359,0.9653577783153398,7.219683743821371e-07,1.0468541428540989e-08,0.00013485351947686852,0.0161426007467109,0.0
281.0,26.04,216.1,False,2,130.04000000300042,312.91889759547337,2.748727216782487,0.0005193841364394338,1.9941453191407567e-07,8.234569012820795e-06,0.00018876626150587125,0.0007270065089395563,1.8904872963712084e-05,0.29381120106103353,0.281054160797781,1.8904872963712084e-05,0.0,0.7261642525083786,1.22693441034093,0.38497361475709707,0.11579654307545452,0.0,137.18802864681817,89.31866192182316,0.047869366724995005,312.23420641158776,3.3628972429614885,0.9653652318962702,7.2245627581894e-07,1.047561599937463e-08,0.0001348539291166277,0.016142591694212075,0.0
281.9999999999991,26.04,216.1,False,2,156.08000000300083,312.96666563921383,2.745789884873309,0.0005192954753045455,2.0989360590893479e-07,8.232186720854963e-06,0.00018873755470887808,0.0007268959483747841,1.8901480433542624e-05,0.29302254144552764,0.28033054434414956,1.8901480433542624e-05,0.0,0.7261181793767189,1.2269304894186004,0.38492637085841025,0.11588593918347126,0.0,137.20002609030237,89.5351728598346,0.04766485323046777,312.2804670624134,3.3631115052109792,0.9653726520246396,7.229368394280229e-07,1.0482584171706332e-08,0.00013485433372541775,0.01614258206005135,0.0
283.0,26.04,216.1,False,2,182.12000000304863,313.0142296955537,2.7428570025311294,0.0005192072164014552,2.2037959653795315e-07,8.229763756142103e-06,0.0001887089861592111,0.0007267859202561317,1.889806968515473e-05,0.2922377738114056,0.27961161601639,1.889806968515473e-05,0.0,0.7260715690228362,1.2269266092665492,0.38487932816973275,0.11597571207398029,0.0,137.2121634264534,89.75076236492461,0.04746140106152879,312.3265308359494,3.3633248524805834,0.9653800388867724,7.234102535977134e-07,1.0489448677166845e-08,0.00013485473355845986,0.016142571874853056,0.0
283.9999999999991,26.04,216.1,False,2,208.16000000304905,313.06159082146877,2.7399288272081215,0.0005191193549811149,2.3087240144221102e-07,8.227302864953073e-06,0.00018868055475854606,0.0007266764203534036,1.8894642317788414e-05,0.2914569554335503,0.27889735476626853,1.8894642317788414e-05,0.0,0.7260244368220493,1.2269227685442594,0.3848324856720924,0.11606584605011773,0.0,137.22443665153833,89.96543518660785,0.04725900146493048,312.3723987469975,3.363537289511334,0.9653873926673806,7.238766993503537e-07,1.0496212140580129e-08,0.00013485512866767647,0.01614256116779994,0.0
285.0,26.04,216.1,False,2,234.20000000309685,313.1087500652783,2.7370056027548793,0.0005190318864394779,2.4137192083675275e-07,8.224806662391951e-06,0.00018865225943149572,0.0007265674445247475,1.8891199851929997e-05,0.29068013851172436,0.2781877387132156,1.8891199851929997e-05,0.0,0.7259767975623845,1.2269189659707487,0.38478584235384894,0.11615632605451515,0.0,137.23684191475502,90.17919603563844,0.04705764587911658,312.41807180207735,3.36374882100544,0.9653947135495987,7.243363506647079e-07,1.0502877084638265e-08,0.0001348555192950615,0.01614254996669838,0.0
285.9999999999991,26.04,216.1,False,2,260.24000000309724,313.1557084668311,2.7340875600623527,0.000518944806315521,2.5187805741053415e-07,8.222277638031889e-06,0.00018862409912473062,0.0007264589887132706,1.8887743732925266e-05,0.2899073704311769,0.2774827452052768,1.8887743732925266e-05,0.0,0.7259286654707987,1.2269152003219936,0.384739397210565,0.1162471376406299,0.0,137.24937551140397,90.39204958484584,0.046857325926558134,312.46355099960573,3.3639594516271143,0.9654020017150147,7.247893747847536e-07,1.0509445934378928e-08,0.0001348559054806871,0.01614253829804097,0.0
287.0,26.04,216.1,False,2,286.280000003145,313.20246705768636,2.7311749176744837,0.000518858110281638,2.623907162310593e-07,8.219718161339625e-06,0.00018859607280613747,0.0007263510489437966,1.8884275334437373e-05,0.2891386940118018,0.27678235087691033,1.8884275334437373e-05,0.0,0.7258800542380345,1.2269114704282649,0.3846931492448806,0.11633826694534974,0.0,137.26203387641579,90.60400046994869,0.0466580334064671,312.50883733007004,3.3641691860033878,0.9654092573437012,7.252359325154393e-07,1.0515921021473871e-08,0.00013485628745522806,0.01614252618706631,0.0
287.9999999999991,26.04,216.1,False,2,312.3200000031454,313.24902686128763,2.7282678823729563,0.0005187717941420924,2.729098046529093e-07,8.217130486896344e-06,0.00018856817946401324,0.0007262436213197611,1.8880795961755442e-05,0.2883741477463649,0.27608653170380637,1.8880795961755442e-05,0.0,0.7258309770425672,1.2269077751717719,0.38464709746639214,0.11642970066281252,0.0,137.27481357811547,90.81505329033666,0.046459760287778804,312.5539317761955,3.364378028724888,0.9654164806142463,7.256761785059041e-07,1.052230458833561e-08,0.0001348566652478061,0.016142513657816344,0.0
289.0,26.04,216.1,False,2,338.3600000031932,313.29538889312846,2.725366649735113,0.0005186858538238315,2.834352322305967e-07,8.214516759420289e-06,0.00018854041810629306,0.0007261367020202385,1.8877306854958858e-05,0.2876137660282055,0.27539526305487,1.8877306854958858e-05,0.0,0.7257814465732839,1.2269041134842182,0.38460124089153713,0.11652142601939725,0.0,137.28771131231682,91.02521260981703,0.04626249870249979,312.59883531310464,3.3645859843465824,0.9654236717037809,7.261102615204993e-07,1.052859879204724e-08,0.00013485703907859014,0.016142500733191085,0.0
289.9999999999991,26.04,216.1,False,2,364.4000000031936,313.3415541609119,2.722471404666346,0.0005186002853753483,2.939669106349569e-07,8.21187901859674e-06,0.0001885127877598111,0.0007260302872970956,1.887380919194368e-05,0.2868575793687825,0.27470851974148924,1.887380919194368e-05,0.0,0.7257314750513435,1.2269004843446525,0.38455557854348277,0.11661343074982625,0.0,137.3007238966301,91.23448295733027,0.046066240939299834,312.6435489084702,3.3647930573884977,0.9654308307880072,7.265383246982074e-07,1.0534805708124008e-08,0.0001348574089665537,0.01614248743500113,0.0
291.0,26.04,216.1,False,2,390.4400000032414,313.38752366470516,2.7195823219079176,0.000518515084957888,3.045047535735303e-07,8.209219203721191e-06,0.00018848528746959328,0.0007259243734722661,1.8870304091316564e-05,0.2861056146054339,0.27402627606419494,1.8870304091316564e-05,0.0,0.7256810742508607,1.2268968867772168,0.38451010945201847,0.11670570307433759,0.0,137.31384826507582,91.44286882764604,0.04587097943742978,312.6880735226639,3.3649992523364056,0.965437958041225,7.269605058008714e-07,1.0540927334112636e-08,0.00013485777512214046,0.01614247378401775,0.0
291.9999999999991,26.04,216.1,False,2,416.4800000032418,313.43329839708724,2.7166995665214553,0.0005184302488446942,3.150486767141563e-07,8.206539158160508e-06,0.00018845791629817945,0.0007258189569351409,1.8866792615161183e-05,0.28535789509972354,0.2733485058568572,1.8866792615161183e-05,0.0,0.7256302555188674,1.2268933198491923,0.38446483265345127,0.11679823167687366,0.0,137.3270814628869,91.65037468202723,0.04567670678085966,312.73241010889814,3.3652045736424943,0.9654450536363577,7.273769374506936e-07,1.0546965593035059e-08,0.00013485813755493474,0.016142459800020877,0.0
293.0,26.04,216.1,False,2,442.52000000328957,313.4788793432899,2.713823294350948,0.0005183457734125896,3.255985976122455e-07,8.203840633637488e-06,0.00018843067332497592,0.0007257140341400736,1.886327577168195e-05,0.2846144409267422,0.272675182528542,1.886327577168195e-05,0.0,0.7255790297941709,1.2268897826689338,0.3844197471905084,0.11689100568425446,0.0,137.34042064159786,91.85700494886261,0.04548341569273525,312.77655961336137,3.3654090257259917,0.9654521177449764,7.277877473572601e-07,1.0552922336680272e-08,0.0001348584964664572,0.016142445501844942,0.0
293.9999999999991,26.04,216.1,False,2,468.56000000329,313.52426748133473,2.7109536524634543,0.000518261655141586,3.3615443564096163e-07,8.201125294344488e-06,0.00018840355764563447,0.0007256096016039893,1.885975451773084e-05,0.28387526905567484,0.27200627910309977,1.885975451773084e-05,0.0,0.725527407625571,1.2268862743840865,0.38437485211223993,0.11698401464627557,0.0,137.35386305430129,92.06276402428293,0.04529109903001836,312.82052297534966,3.365612612973787,0.9654591505373242,7.281930585347983e-07,1.0558799348754576e-08,0.00013485885185761859,0.016142430907422716,0.0
295.0,26.04,216.1,False,2,494.60000000333775,313.56946378216475,2.7080907795692406,0.0005181778906068094,3.4671611192479634e-07,8.198394720891984e-06,0.0001883765683714585,0.0007255056559040966,1.885622976122171e-05,0.28314039352201786,0.2713417682566185,1.885622976122171e-05,0.0,0.7254753991890581,1.2268827941796898,0.3843301464739263,0.11707724851670527,0.0,137.3674060511692,92.26765627275319,0.04509974977841603,312.8643011273932,3.3658153397410193,0.9654661521823388,7.285929895098326e-07,1.0564598347892573e-08,0.0001348592039216454,0.016142416033827173,0.0
295.9999999999991,26.04,216.1,False,2,520.6400000033382,313.6144692097701,2.705234806422464,0.0005180944764784516,3.572835492757799e-07,8.19565041409623e-06,0.0001883497046288355,0.0007254021936757029,1.8852702363436303e-05,0.28240982559175576,0.2706816223528471,1.8852702363436303e-05,0.0,0.7254230143044353,1.2268793412765582,0.38428562933698956,0.11717069763513326,0.0,137.381047075125,92.47168602763634,0.04490936104748866,312.90789499537686,3.3660172103516413,0.965473122847675,7.289876545196794e-07,1.0570320990535353e-08,0.0001348595526514903,0.016142400897311573,0.0
297.0,26.04,216.1,False,2,546.680000003386,313.65928472130986,2.702385856203096,0.0005180114095140235,3.678566721328105e-07,8.192893798612141e-06,0.000188322965558693,0.0007252992116101161,1.884917314122719e-05,0.28168357391781634,0.27002581347667226,1.884917314122719e-05,0.0,0.725370262450996,1.22687591492954,0.38424129976890686,0.11726435270963723,0.0,137.3947836577606,92.67485759173977,0.044719926066020835,312.9513054986568,3.3662182290989606,0.9654800626997254,7.29377163702201e-07,1.0575968873681915e-08,0.00013485989823276874,0.01614238551334765,0.0
297.9999999999991,26.04,216.1,False,2,572.7200000033864,313.70391126722876,2.699544044881066,0.0005179286865586219,3.784354065033739e-07,8.190126226416084e-06,0.00018829635031597844,0.0007251967064526454,1.8845642869121245e-05,0.2809616446891197,0.2693743134657447,1.8845642869121245e-05,0.0,0.7253171527826925,1.22687251442605,0.38419715684312794,0.11735820480022947,0.0,137.40861341538684,92.87717523784094,0.044531438177545894,312.99453355017283,3.366418400246172,0.9654869719036419,7.297616232771365e-07,1.0581543537518479e-08,0.00013486024065111502,0.016142369896662217,0.0
299.0,26.04,216.1,False,2,598.7600000034342,313.748349791371,2.6967094815632873,0.0005178463045374883,3.8901967990813507e-07,8.187348980144426e-06,0.00018826985806916132,0.00072509467500068,1.8842112281328617e-05,0.2802440417725281,0.2687270939403373,1.8842112281328617e-05,0.0,0.7252636941424182,1.2268691390844624,0.3841531996389933,0.1174522453030509,0.0,137.42253404531425,93.07864320919774,0.04434389083611651,313.0375800565576,3.3666177280268643,0.9654938506233545,7.301411357193898e-07,1.0587046467931153e-08,0.00013486058008506472,0.016142354061271985,0.0
299.9999999999991,26.04,216.1,False,2,624.8000000034347,313.7926012310876,2.6938822688244812,0.0005177642604565707,3.996094213276819e-07,8.184563276291687e-06,0.0001882434879997581,0.0007249931141018617,1.8838582073660188e-05,0.2795307668480025,0.26808412633155315,1.8838582073660188e-05,0.0,0.7252098950758499,1.2268657882527865,0.3841094272416579,0.11754646593527868,0.0,137.43654332224864,93.27926572002883,0.04415727760221981,313.08044591823904,3.3668162166454993,0.9655006990215916,7.305157999245346e-07,1.0592479098905753e-08,0.00013486091651355179,0.016142338020516976,0.0
301.0,26.04,216.1,False,2,650.8400000034825,313.8366665173403,2.6910625030223865,0.0005176825513953714,4.1020456115192275e-07,8.181770268273683e-06,0.00018821723930187583,0.0007248920206523251,1.8835052905357794e-05,0.2788218195372175,0.26744538190792844,1.8835052905357794e-05,0.0,0.7251557638444597,1.226862461307195,0.3840658387420165,0.11764085872071887,0.0,137.45063909490267,93.47904695598282,0.043971592138919845,313.12313202954067,3.367013870277879,0.9655075172598976,7.308857113669074e-07,1.0597842814820158e-08,0.000134861250108715,0.01614232178709228,0.0
301.9999999999991,26.04,216.1,False,2,676.8800000034829,313.880546574804,2.6882502745981838,0.0005176011745077793,4.208050311314168e-07,8.178971049361216e-06,0.00018819111118177707,0.0007247913915950239,1.8831525400841845e-05,0.27811719752592895,0.2668108318005047,1.8831525400841845e-05,0.0,0.7251013084381422,1.2268591576508188,0.38402243323663027,0.11773541597604627,0.0,137.4648192827077,93.67799107459547,0.04378682820811224,313.16563927877934,3.3672106930716077,0.9655143054986511,7.312509622506946e-07,1.0603138952635073e-08,0.000134861580843265,0.016142305373078477,0.0
303.0,26.04,216.1,False,2,702.9200000035307,313.92424232196294,2.685445668362684,0.0005175201270151822,4.314107643311545e-07,8.1761666554884e-06,0.00018816510285746255,0.0007246912239181212,1.882800015137832e-05,0.27741689668039005,0.2661804470264832,1.882800015137832e-05,0.0,0.7250465365870651,1.2268558767123958,0.3839792098276564,0.11783013029767436,0.0,137.47908187272822,93.87610220572154,0.04360297966700668,313.2079685483574,3.367406689146523,0.9655210638970827,7.316116416541216e-07,1.0608368803984764e-08,0.00013486190888335574,0.016142288789970632,0.0
303.9999999999991,26.04,216.1,False,2,728.9600000035311,313.9677546712038,2.6826487637690914,0.000517439406207557,4.4202169508607246e-07,8.173358067939529e-06,0.00018813921355827318,0.0007245915146534586,1.8824477716669575e-05,0.27672091115802105,0.26555419851150813,1.8824477716669575e-05,0.0,0.7249914557731862,1.2268526179451844,0.3839361676227817,0.1179249945492164,0.0,137.49342491666226,94.0733844519538,0.043420040464708466,313.2501207148524,3.3676018625951083,0.9655277926132908,7.319678356671576e-07,1.0613533617173785e-08,0.00013486223419609256,0.01614227204870597,0.0
305.0,26.04,216.1,False,2,755.000000003579,314.0110845289071,2.679859635172731,0.0005173590094368264,4.526377589588289e-07,8.17054621592042e-06,0.00018811344252450834,0.0007244922608750851,1.882095862637225e-05,0.27602923351260583,0.26493205711062995,1.882095862637225e-05,0.0,0.7249360732410447,1.226849380825721,0.3838933057351556,0.11802000184952068,0.0,137.50784652803193,94.26984188903084,0.04323800463900109,313.292096649104,3.3677962174829092,0.9655344918042583,7.323196275230188e-07,1.0618634599083773e-08,0.0001348625569421759,0.01614225515969031,0.0
305.9999999999991,26.04,216.1,False,2,781.0400000035794,314.0542327955332,2.6770783520785866,0.0005172789341181844,4.6325889269913574e-07,8.16773197901767e-06,0.00018808778900706132,0.000724393459697853,1.881744338154499e-05,0.2753418547942774,0.2643139936280557,1.881744338154499e-05,0.0,0.7248803960082667,1.2268461648528401,0.3838506232833268,0.1181151455612467,0.0,137.5223448794473,94.46547856622365,0.04305686631322365,313.3338972162967,3.3679897578489157,0.9655411616258684,7.32667097723674e-07,1.0623672916993274e-08,0.00013486287708352855,0.01614223813282327,0.0
307.0,26.04,216.1,False,2,807.0800000036272,314.0972003657076,2.6743049793769877,0.0005171991777236818,4.738850342051759e-07,8.164916189550167e-06,0.00018806225226707045,0.0007242951082760733,1.8813932456029424e-05,0.27465876464447075,0.2636999788357022,1.8813932456029424e-05,0.0,0.7248244308753844,1.2268429695465308,0.3838081193911816,0.11821041927996484,0.0,137.53691820004985,94.66029850671819,0.04287661969333166,313.3755232760416,3.368182487705947,0.9655478022329196,7.33010324159663e-07,1.0628649700315114e-08,0.00013486319477586366,0.016142220977522322,0.0
307.9999999999991,26.04,216.1,False,2,833.1200000036276,314.13998812830073,2.671539577568151,0.00051711973778377,4.845161224864089e-07,8.162099634817379e-06,0.00018803683157558515,0.0007241972038022319,1.881042629776716e-05,0.27397995138613135,0.2630899834906594,1.881042629776716e-05,0.0,0.7247681844354186,1.2268397944470553,0.3837657931878845,0.11830581682375217,0.0,137.55156477301696,94.85430570797213,0.04269725906504483,313.4169756824525,3.368374411041006,0.9655544137791399,7.333493822244249e-07,1.0633566042254161e-08,0.00013486350997631187,0.016142203702745734,0.0
309.0,26.04,216.1,False,2,859.1600000036755,314.1825969665077,2.6687822029759816,0.0005170406118810953,4.951520976283083e-07,8.159283059248195e-06,0.00018801152621324675,0.0007240997435057571,1.8806925330055732e-05,0.2733054021093297,0.262483978351567,1.8806925330055732e-05,0.0,0.7247116630828145,1.2268366391138985,0.38372364380782,0.118401332223264,0.0,137.56628293323504,95.04750414207246,0.04251877879116259,313.45825528422256,3.3685655318156402,0.9655609964172016,7.336843449234395e-07,1.0638423001389873e-08,0.0001348638228360977,0.016142186317014473,0.0
309.9999999999991,26.04,216.1,False,2,885.2000000036759,314.22502775792304,2.6660329079517138,0.0005169617976522476,5.05792900758335e-07,8.156467166454194e-06,0.00018798633546998343,0.0007240027246518472,1.880342995274592e-05,0.27263510275254,0.26188193419400785,1.880342995274592e-05,0.0,0.72465487302218,1.2268335031249749,0.38368167039053586,0.11849695971225893,0.0,137.58107106502428,95.23989775607086,0.042341173308953414,313.4993629246956,3.3687558539662756,0.9655675502987351,7.34015282978351e-07,1.064322160318609e-08,0.0001348641333079174,0.01614216882843307,0.0
311.0,26.04,216.1,False,2,911.2400000037237,314.26728137461487,2.663291741067773,0.000516883292781745,5.164384740136955e-07,8.15365262119147e-06,0.00018796125864471724,0.0007239061445403404,1.8799940543383517e-05,0.2719690381797474,0.26128382182493115,1.8799940543383517e-05,0.0,0.724597820276413,1.2268303860756615,0.3836398720806888,0.1185926937185598,0.0,137.59592760002204,95.431490472314,0.04216443712770804,313.540299441937,3.368945381404551,0.9655740755743416,7.343422649263196e-07,1.0647962841431634e-08,0.00013486444153884298,0.016142151244709538,0.0
311.9999999999991,26.04,216.1,False,2,937.2800000037241,314.3093586831944,2.660558747302418,0.0005168050950039707,5.270887605101958e-07,8.150840051233981e-06,0.0001879362950450857,0.0007238100005046433,1.8796457458297325e-05,0.2713071922535966,0.2606896120961896,1.8796457458297325e-05,0.0,0.7245405106946643,1.2268272875780841,0.3835982480279923,0.11868852885542762,0.0,137.61085101510938,95.62228618875707,0.041988564826352305,313.5810656688005,3.369134118017626,0.9655805723936065,7.346653572147798e-07,1.0652647679614307e-08,0.00013486474747762423,0.016142133573174358,0.0
313.0,26.04,216.1,False,2,963.320000003772,314.35126054488694,2.6578339682154746,0.0005167272020973343,5.377437043127514e-07,8.148030049163462e-06,0.00018791144398717322,0.0007237142899106961,1.8792981033636955e-05,0.27064954790473794,0.2600992759171782,1.8792981033636955e-05,0.0,0.7244829499597397,1.2268242072602331,0.3835567973871625,0.11878445991333086,0.0,137.62583983048373,95.81228877927967,0.04181355105120406,313.62166243299566,3.369322067668503,0.9655870409051123,7.349846242919463e-07,1.0657277052233221e-08,0.00013486505126748425,0.016142115820798587,0.0
313.9999999999991,26.04,216.1,False,2,989.3600000037724,314.3929878155948,2.655117442115706,0.0005166496118863826,5.484032504068665e-07,8.145223174077164e-06,0.0001878867047952564,0.0007236190101559921,1.8789511586360757e-05,0.2699960871976086,0.25951278426672536,1.8789511586360757e-05,0.0,0.7244251435953528,1.2268211447653212,0.38351551931787137,0.118880481852097,0.0,137.6408926077701,96.00150209396857,0.04163939051380153,313.66209055714853,3.3695092341963098,0.9655934812564497,7.353001286929342e-07,1.0661851866047545e-08,0.0001348653528535299,0.016142097994211103,0.0
315.0,26.04,216.1,False,2,1015.4000000038202,314.43454134596396,2.6524092042200604,0.0005165723222361261,5.590673446716444e-07,8.142419953218431e-06,0.0001878620768015584,0.0007235241586686306,1.878604941517817e-05,0.26934679139270024,0.2589301082041386,1.878604941517817e-05,0.0,0.724367096972848,1.2268180997509661,0.38347441298469587,0.11897658979342225,0.0,137.65600794827034,96.18992995941457,0.04146607798885577,313.7023508588648,3.369695621416594,0.9655998935942305,7.356119311221002e-07,1.0666373001270453e-08,0.0001348656523755148,0.016142080099715062,0.0
315.9999999999991,26.04,216.1,False,2,1041.440000003813,314.47592198144633,2.6497092868053556,0.0005164953310542998,5.697359338536553e-07,8.139620883533768e-06,0.00018783755934601506,0.0007234297329064172,1.878259480144785e-05,0.2687016410056207,0.2583512188795589,1.878259480144785e-05,0.0,0.7243088153178256,1.2268150718886195,0.38343347755707013,0.1190727790137237,0.0,137.67118449123817,96.37757617899246,0.04129360831224571,313.74244415078977,3.369881233121608,0.9656062780640986,7.359200905315401e-07,1.0670841312707333e-08,0.00013486594977520647,0.016142062143303604,0.0
317.0,26.04,216.1,False,2,1067.4800000038495,314.5171305623581,2.6470177193525397,0.000516418636285849,5.804089655422217e-07,8.136826433157063e-06,0.00018781315177605055,0.0007233357303559991,1.8779148010032122e-05,0.26806061586299906,0.25777608754362735,1.8779148010032122e-05,0.0,0.7242503037162444,1.226812060862817,0.3833927122092411,0.11916904493733148,0.0,137.68642091228992,96.56444453312061,0.04112197637916931,313.78237124066374,3.3700660730805665,0.9656126348107412,7.362246641957842e-07,1.067525763083887e-08,0.0001348662451891602,0.016142044130674767,0.0
317.9999999999991,26.04,216.1,False,2,1093.5200000038385,314.5581679239394,2.6443345286841096,0.0005163422359153334,5.910863881454582e-07,8.134037042826555e-06,0.0001877888534463633,0.0007232421485320404,1.8775709290112262e-05,0.2674236951554107,0.257204685556468,1.8775709290112262e-05,0.0,0.7241915671204547,1.2268090663706614,0.3833521161202225,0.11926538312998423,0.0,137.70171592183354,96.75053877952864,0.0409511771423049,313.82213293137926,3.370250145039915,0.9656189639778995,7.365257077832202e-07,1.0679622762856693e-08,0.0001348665385561402,0.01614202606724574,0.0
319.0,26.04,216.1,False,2,1119.5600000038748,314.5990348964113,2.6416597390947976,0.0005162661279615461,6.017681508676293e-07,8.13125312723642e-06,0.0001877646637187199,0.000723148984976429,1.8772278875964733e-05,0.2667908574874816,0.25663698439605853,1.8772278875964733e-05,0.0,0.7241326103547568,1.226806088121139,0.38331168847375024,0.11936178929263182,0.0,137.7170682636213,96.93586265351176,0.040781205610109526,313.86173002103544,3.3704334527235904,0.9656252657083796,7.368232754241317e-07,1.068393749364991e-08,0.0001348668300097636,0.016142007958166466,0.0
319.9999999999991,26.04,216.1,False,2,1145.600000003864,314.6397323050299,2.63899337247601,0.0005161903104800545,6.124542036871589e-07,8.128475076325355e-06,0.00018774058196175907,0.0007230562372575206,1.876885698770017e-05,0.2661620809253003,0.25607295566602134,1.876885698770017e-05,0.0,0.7240734381208906,1.226803125834656,0.3832714284582413,0.11945825925552403,0.0,137.73247671332004,97.12041986817255,0.040612056845147494,313.90116330298963,3.370615999833254,0.9656315401440625,7.371174197755077e-07,1.0688202586744862e-08,0.00013486711948604074,0.016141989808332525,0.0
321.0,26.04,216.1,False,2,1171.6400000039002,314.6802609701404,2.636335448434185,0.0005161147815579454,6.23144497335871e-07,8.125703256505645e-06,0.0001877166075508032,0.0007229639029694135,1.8765443831967768e-05,0.26553734304125115,0.2555125711028397,1.8765443831967768e-05,0.0,0.7240140550030816,1.2268001792424048,0.3832313352667503,0.119554788972573,0.0,137.7479400771975,97.30421411466203,0.04044372596253548,313.9404335659089,3.3707977900485426,0.9656377874259142,7.374081920829216e-07,1.0692418785202363e-08,0.00013486740711594327,0.016141971622397503,0.0
321.9999999999991,26.04,216.1,False,2,1197.6800000038893,314.7206217072279,2.633685984403471,0.0005160395393164887,6.338389832787973e-07,8.122938011834367e-06,0.00018769273986767883,0.0007228719797312573,1.876203960262549e-05,0.2649166209564141,0.2549558025825633,1.876203960262549e-05,0.0,0.7239544654730499,1.2267972480859581,0.3831914080969304,0.11965137451597788,0.0,137.76345719081777,97.48724906240692,0.04027620812841086,313.9795415938186,3.37097882702729,0.9656440076939955,7.376956422394379e-07,1.069658681247185e-08,0.00013486769283290118,0.0161419534047847,0.0
323.0,26.04,216.1,False,2,1223.7200000039256,314.760815326969,2.631044995752872,0.000515964581905997,6.445376136951249e-07,8.120179665130575e-06,0.00018766897830054308,0.0007227804651865838,1.8758644481378806e-05,0.2642998913806355,0.25440262212699083,1.8758644481378806e-05,0.0,0.7238946738945896,1.2267943321166812,0.38315164615099234,0.11974801207109932,0.0,137.77902691784882,97.66952835934069,0.040109498558508136,314.0184881661518,3.371159114405766,0.9656502010874711,7.379798188418502e-07,1.0700707373206828e-08,0.00013486797676549,0.01614193515969832,0.0
323.9999999999991,26.04,216.1,False,2,1249.7600000039147,314.80084263527885,2.6284124958882593,0.0005158899075086002,6.552403414596336e-07,8.117428519039457e-06,0.00018764532224371962,0.000722689357002675,1.8755258638388236e-05,0.2636871306504127,0.25385300190941096,1.8755258638388236e-05,0.0,0.7238346845281328,1.2267914310953734,0.383112048635667,0.11984469793157355,0.0,137.79464814887416,97.85105563211198,0.03994359251676218,314.05727405779373,3.371338655798882,0.9656563677446195,7.38260769244181e-07,1.0704781154040626e-08,0.00013486825884485203,0.016141916891134134,0.0
325.0,26.04,216.1,False,2,1275.800000003951,314.8407044333612,2.6257884963493554,0.0005158155143332127,6.659471201252038e-07,8.114684857046669e-06,0.00018762177109753919,0.0007225986528699505,1.8751882232848635e-05,0.2630783147646318,0.25330691425985186,1.8751882232848635e-05,0.0,0.7237745015349056,1.2267885447917226,0.3830726147621655,0.11994142849465149,0.0,137.81031980031054,98.03183448630939,0.03977848531400115,314.0959000391298,3.3715174548004136,0.9656625078028412,7.385385396088361e-07,1.0708808824328123e-08,0.00013486853919735106,0.016141898602889608,0.0
325.9999999999991,26.04,216.1,False,2,1301.84000000394,314.8804015177526,2.623173006902072,0.0005157414006184079,6.766579039057268e-07,8.111948944444978e-06,0.00018759832426818894,0.0007225083505013847,1.874851541353977e-05,0.26247341941837404,0.2527643316699555,1.874851541353977e-05,0.0,0.7237141289810901,1.2267856729839919,0.38303334374614395,0.1200382002567578,0.0,137.82604081332408,98.21186850665829,0.03961417230666579,314.1343668760877,3.371695514983204,0.9656686213986683,7.388131749551963e-07,1.0712791036850346e-08,0.00013486881775198268,0.016141880298573576,0.0
327.0,26.04,216.1,False,2,1327.8800000039764,314.91993468036844,2.6205660356262563,0.0005156675646274845,6.873726476600307e-07,8.109221029254613e-06,0.00018757498116756663,0.0007224184476319472,1.8745158319350916e-05,0.26187242003476796,0.25222522679741605,1.8745158319350916e-05,0.0,0.7236535708415922,1.2267828154585163,0.382994234807666,0.1201350098092581,0.0,137.84181015284935,98.3911612572255,0.039450648895623844,314.1726753301812,3.371872839899367,0.9656747086677724,7.390847192060272e-07,1.0716728428487394e-08,0.0001348690946331374,0.01614186198161542,0.0
327.9999999999991,26.04,216.1,False,2,1353.9200000039655,314.95930470854614,2.617967588999256,0.0005155940046514337,6.980913068761389e-07,8.106501343099962e-06,0.00018755174121314205,0.0007223289420180685,1.874181107977979e-05,0.2612752917950646,0.2516895724700605,1.874181107977979e-05,0.0,0.7235928310038333,1.2267799720094237,0.3829552871711683,0.120231853834422,0.0,137.85762680660176,98.56971628161341,0.03928791052498835,314.2108261585515,3.3720494330804853,0.9656807697449733,7.393532152316698e-07,1.0720621620859213e-08,0.00013486936976792431,0.016141843655273852,0.0
329.0,26.04,216.1,False,2,1379.9600000040018,314.99851238508785,2.6153776719753234,0.0005155207190040954,7.088138376564713e-07,8.103790102045064e-06,0.00018752860382782258,0.0007222398314371221,1.873847381540768e-05,0.2606820096670108,0.25115734168956716,1.873847381540768e-05,0.0,0.7235319132711675,1.2267771424381706,0.38291650006542555,0.12032872910157752,0.0,137.87348978418794,98.74753710314837,0.039125952681039564,314.2488201140076,3.3722252980377942,0.9656868047642472,7.396187048921641e-07,1.072447122093638e-08,0.0001348696432788149,0.016141825322645225,0.0
329.9999999999991,26.04,216.1,False,2,1406.0000000039909,315.03755848830366,2.612796288061206,0.0005154477060252045,7.195401967033312e-07,8.101087507389116e-06,0.0001875055684398267,0.0007221511136869365,1.8735146638351997e-05,0.26009254843157054,0.250628507634829,1.8735146638351997e-05,0.0,0.7234708213663452,1.2267743265533013,0.3828778727235152,0.12042563246344098,0.0,137.88939811620367,98.92462722507518,0.03896477089112848,314.2866579450676,3.3724004382623836,0.9656928138587347,7.398812290774718e-07,1.0728277821623343e-08,0.00013486991509118352,0.016141806986671517,0.0
331.0,26.04,216.1,False,2,1432.0400000040272,315.0764437920499,2.6102234393879753,0.0005153749640756329,7.302703413052689e-07,8.098393746423063e-06,0.00018748263448255964,0.0007220627865853182,1.873182965269562e-05,0.2595068827081286,0.25010304366503655,1.873182965269562e-05,0.0,0.7234095589345985,1.2267715241700121,0.3828394043827858,0.12052256085262782,0.0,137.90535085343052,99.10099013072659,0.038804360722703934,314.3243403959953,3.3725748572253633,0.9656987971607485,7.401408277456378e-07,1.0732042002311748e-08,0.00013487018532587535,0.016141788650147836,0.0
331.9999999999991,26.04,216.1,False,2,1458.0800000040163,315.11516906576975,2.607659126779414,0.0005153024915405157,7.410042293236789e-07,8.095708993150736e-06,0.0001874598013944975,0.0007219748479696034,1.8728522954896646e-05,0.2589249869782111,0.24958092332242807,1.8728522954896646e-05,0.0,0.7233481295468026,1.2267687351099452,0.38280109428482384,0.12061951127831867,0.0,137.92134706601257,99.27662928370513,0.038644717782307436,314.36186820683884,3.3727485583780514,0.9657047548017806,7.4039753995931e-07,1.0735764329409997e-08,0.0001348704539066493,0.016141770315729644,0.0
333.0,26.04,216.1,False,2,1484.1200000040526,315.15373507453273,2.6051033498169787,0.0005152302868245603,7.517418191802265e-07,8.093033408975248e-06,0.0001874370686190735,0.0007218872956962209,1.8725226634177955e-05,0.25834683560782223,0.24906212033476283,1.8725226634177955e-05,0.0,0.723286536702277,1.226765959200785,0.3827629416754205,0.12071648082308727,0.0,137.93738584272702,99.45154812805785,0.03848583771466917,314.39924211346795,3.3729215451521473,0.9657106869125112,7.406514039205046e-07,1.0739445356847318e-08,0.0001348707209528218,0.0161417519859396,0.0
333.9999999999991,26.04,216.1,False,2,1510.1600000040416,315.19214257907083,2.6025561069016385,0.0005151583483552479,7.624830698444463e-07,8.090367143351508e-06,0.00018741443560456973,0.0007218001276402752,1.8721940772896982e-05,0.2577724028684618,0.24854660861754155,1.8721940772896982e-05,0.0,0.7232247838316591,1.226763196276078,0.3827249458045422,0.12081346663987683,0.0,137.95346629023592,99.62575008843787,0.038327716201798055,314.43646284760865,3.3730938209598893,0.965716593622814,7.409024570036698e-07,1.0743085626553212e-08,0.0001348709863866664,0.016141733663174083,0.0
335.0,26.04,216.1,False,2,1536.200000004078,315.2303923358167,2.6000173953126393,0.0005150866745782086,7.732279408221307e-07,8.087710334408228e-06,0.0001873919018040136,0.0007217133416951471,1.8718665446898732e-05,0.25720166295688984,0.24803436227595607,1.8718665446898732e-05,0.0,0.7231628742994435,1.2267604461748596,0.38268710592629784,0.12091046594911828,0.0,137.96958753242487,99.79923857027558,0.03817034896214929,314.4735311368797,3.373265389194239,0.9657224750617651,7.411507357872891e-07,1.0746685668915692e-08,0.0001348712503261443,0.016141715349709367,0.0
335.9999999999991,26.04,216.1,False,2,1562.240000004067,315.2684850969385,2.5974872112634175,0.0005150152639604867,7.839763921438502e-07,8.08506310953863e-06,0.0001873694666750783,0.0007216269357721104,1.8715400725850312e-05,0.25663459001370176,0.24752535560662034,1.8715400725850312e-05,0.0,0.7231008114066039,1.2267577087414996,0.38264942129891016,0.12100747603598554,0.0,137.9857487097203,99.97201695993151,0.03801373174978879,314.5104477048254,3.3734362532290243,0.9657283313576491,7.413962760839087e-07,1.0750246003216676e-08,0.0001348715126922172,0.016141697047707553,0.0
337.0,26.04,216.1,False,2,1588.2800000041034,315.3064216103765,2.59496554995473,0.0005149441149859781,7.947283843542095e-07,8.082425585963751e-06,0.00018734712967998627,0.0007215409077999613,1.8712146673560124e-05,0.2560711581407814,0.24701956309905426,1.8712146673560124e-05,0.0,0.72303859839289,1.2267549838253533,0.38261189118468425,0.12110449424777901,0.0,138.0019489784914,100.14408862486138,0.03785786035363003,314.5472132709507,3.3736064164191104,0.9657341626379662,7.416391129688531e-07,1.0753767138048371e-08,0.0001348717736015235,0.016141678759222164,0.0
337.9999999999991,26.04,216.1,False,2,1614.3200000040924,315.3442026198767,2.592452405625212,0.0005148732261587519,8.054838785011987e-07,8.079797871267151e-06,0.00018732489028541825,0.000721455255724666,1.870890334828075e-05,0.2555113414176837,0.24651695943698168,1.870890334828075e-05,0.0,0.7229762384392192,1.2267522712806325,0.3825745148499792,0.12120151799143407,0.0,138.01818751042728,100.31545691376395,0.03770273059666333,314.5838285507528,3.3737758821005515,0.9657399690294389,7.418792808074968e-07,1.0757249571708704e-08,0.00013487203297385397,0.01614166048620349,0.0
339.0,26.04,216.1,False,2,1640.3600000041288,315.38182886502415,2.5899477715994146,0.0005148025959985472,8.162428361262458e-07,8.077180063903865e-06,0.00018730274796242453,0.0007213699775090208,1.8705670802996904e-05,0.2549551139170048,0.24601751949941872,1.8705670802996904e-05,0.0,0.7229137346697506,1.2267495709660792,0.3825372915651799,0.12129854473114868,0.0,138.0344634919969,100.48612515673108,0.03754833833526581,314.6202942557534,3.373944653590735,0.9657457506580188,7.421168132812743e-07,1.0760693792578477e-08,0.00013487229092470866,0.016141642230503687,0.0
339.9999999999991,26.04,216.1,False,2,1666.4000000041178,315.4193010812766,2.5874516403335064,0.0005147322230441471,8.270052192543205e-07,8.074572253684674e-06,0.00018728070218634025,0.0007212850711323246,1.870244908569974e-05,0.25440244971879494,0.24552121836157556,1.870244908569974e-05,0.0,0.7228510901540711,1.2267468827448593,0.3825002206046678,0.12139557198612042,0.0,138.05077612387984,100.6560966653954,0.037394679458484445,314.65661109353,3.3741127341885355,0.9657515076488926,7.42351743412515e-07,1.0764100279481469e-08,0.0001348725473727182,0.016141623993881575,0.0
341.0,26.04,216.1,False,2,1692.4400000041542,315.45661999999743,2.5849640034587007,0.0005146621058489224,8.377709903847063e-07,8.071974522236623e-06,0.00018725875243670326,0.0007212005345900633,1.869923823964735e-05,0.2538533229240565,0.24502803129557607,1.869923823964735e-05,0.0,0.7227883079090702,1.2267442064842555,0.3824633012467929,0.12149259732839245,0.0,138.06712462047807,100.82537473307899,0.03724174988739908,314.6927797677479,3.3742801271744645,0.9657572401264892,7.425841035880977e-07,1.0767469502027417e-08,0.0001348728024323201,0.016141605778007277,0.0
341.9999999999991,26.04,216.1,False,2,1718.4800000041432,315.49378634848534,2.582484851822571,0.0005145922429842585,8.485401124817908e-07,8.06938694344041e-06,0.00018723689819717654,0.0007211163658936102,1.8696038303612095e-05,0.25330770766740046,0.24453793377104077,1.8696038303612095e-05,0.0,0.72272539090093,1.2267415420555816,0.38242653277384786,0.12158961838080375,0.0,138.0835082093978,100.9939626349235,0.03708954557447429,314.7288009781878,3.374446835810801,0.9657629482144852,7.428139255819107e-07,1.0770801920937706e-08,0.0001348730560212126,0.016141587584466568,0.0
343.0,26.04,216.1,False,2,1744.5200000041796,315.53080085000875,2.5800141755282944,0.0005145226330351422,8.593125489664924e-07,8.066809583847032e-06,0.00018721513895547225,0.0007210325630699345,1.869284931211664e-05,0.25276557812884953,0.2440509014554647,1.869284931211664e-05,0.0,0.7226623420468249,1.2267388893338944,0.38238991447203813,0.12168663281503132,0.0,138.09992613100675,101.16186362804423,0.036938062502962526,314.7646754207789,3.374612863341743,0.9657686320358113,7.43041240576448e-07,1.0774097988358496e-08,0.0001348733082528683,0.016141569414765047,0.0
343.9999999999991,26.04,216.1,False,2,1770.5600000041686,315.56766422383237,2.5775519639720166,0.0005144532746036357,8.700882637076738e-07,8.06424250307269e-06,0.0001871934742032794,0.0007209491241613219,1.8689671295656825e-05,0.2522269085449173,0.24356691021451773,1.8689671295656825e-05,0.0,0.7225991642167348,1.2267362481979263,0.38235344563145884,0.12178363834973276,0.0,138.11637763796222,101.32908095164815,0.036787296686314065,314.8004037876239,3.3747782129935366,0.9657742917126589,7.432660791831355e-07,1.0777358148155465e-08,0.00013487355904398795,0.016141551270332084,0.0
345.0,26.04,216.1,False,2,1796.600000004205,315.6043771852505,2.5750982058783,0.0005143841663045046,8.808672210141608e-07,8.061685754175422e-06,0.00018717190343619413,0.0007208660472251067,1.8686504280915037e-05,0.25169167321891167,0.24308593611214105,1.8686504280915037e-05,0.0,0.7225358602349792,1.226733618529816,0.3823171255460657,0.12188063274877126,0.0,138.13286199481138,101.49561782718165,0.03663724416762973,314.8359867670309,3.3749428879746106,0.9657799273664851,7.434884714619601e-07,1.0780582836198421e-08,0.0001348738085072093,0.016141533152524583,0.0
345.9999999999991,26.04,216.1,False,2,1822.640000004194,315.64094044561404,2.572652889333905,0.0005143153067687288,8.916493856267233e-07,8.059139384012064e-06,0.00018715042615365227,0.0007207833303334111,1.8683348290961847e-05,0.25115984653058016,0.2426079554105701,1.8683348290961847e-05,0.0,0.7224724328818736,1.2267310002150529,0.3822809535136512,0.12197761381952812,0.0,138.14937847756008,101.66147745845046,0.03648790101910961,314.8714250435386,3.3751068914757134,0.9657855391180189,7.437084469399954e-07,1.0783772480629933e-08,0.00013487405655839826,0.01614151506263057,0.0
347.0,26.04,216.1,False,2,1848.6800000042304,315.6773547123612,2.5702160018198366,0.0005142466946391728,9.024347227106341e-07,8.05660343357808e-06,0.00018712904185886448,0.0007207009715728963,1.8680203345448238e-05,0.25063140294507497,0.24213294457019804,1.8680203345448238e-05,0.0,0.722408884895116,1.2267283931422281,0.3822449288358174,0.12207457941129478,0.0,138.16592637331175,101.82666303175696,0.03633926334155478,314.906719297946,3.3752702266700365,0.9657911270872673,7.439260346291928e-07,1.0786927502123296e-08,0.00013487430330937945,0.016141497001872583,0.0
347.9999999999991,26.04,216.1,False,2,1874.7200000042194,315.7136206890439,2.5677875302418687,0.0005141783285741311,9.132231978481655e-07,8.054077938329841e-06,0.00018710775005875422,0.0007206189690445231,1.8677069460787675e-05,0.2501063170213197,0.24166088024936305,1.8677069460787675e-05,0.0,0.7223452189712974,1.2267257972029921,0.3822090508179527,0.12217152741374195,0.0,138.1825049798741,101.99117771601617,0.03619132726385793,314.941870207337,3.3754328967133467,0.9657966913935203,7.441412630432302e-07,1.0790048314126839e-08,0.0001348745486752707,0.01614147897141091,0.0
349.0,26.04,216.1,False,2,1900.7600000042557,315.74973907535764,2.565367460959505,0.0005141102072430337,9.240147770316369e-07,8.051562928491618e-06,0.00018708655026389743,0.0007205373208633201,1.8673946650329915e-05,0.24958456341977148,0.24119173930399604,1.8673946650329915e-05,0.0,0.7222814377671523,1.2267232122918192,0.38217331876920546,0.12226845575546157,0.0,138.19911360543352,102.15502466288956,0.03604408894254397,314.97687844510904,3.3755949047441054,0.9658022321553571,7.443541602136935e-07,1.0793135323098555e-08,0.0001348747927671268,0.016141460972346665,0.0
349.9999999999991,26.04,216.1,False,2,1926.8000000042448,315.78571056716726,2.5629557798135707,0.000514042329330023,9.348094266563786e-07,8.04905842934643e-06,0.00018706544198846467,0.00072045602515816,1.867083492452522e-05,0.24906611690964528,0.24072549878720165,1.867083492452522e-05,0.0,0.72221754390094,1.226720638305978,0.3821377320024601,0.12236536240257795,0.0,138.2157515681952,102.31820700689946,0.03589754456129574,315.01174468099754,3.375756253883596,0.9658077494906506,7.445647537054168e-07,1.0796188928728545e-08,0.0001348750354994259,0.016141443005724704,0.0
351.0,26.04,216.1,False,2,1952.8400000042811,315.8215358565346,2.5605524721523847,0.0005139746935296941,9.456071135142268e-07,8.046564461512596e-06,0.00018704442475016517,0.0007203750800715451,1.86677342910808e-05,0.24855095237559957,0.24026213594872853,1.86677342910808e-05,0.0,0.7221535399535711,1.2267180751453124,0.3821022898343137,0.12246224535742758,0.0,138.23241819609004,102.48072786555115,0.03575169033053889,315.046469581102,3.375916947236043,0.9658132435165742,7.447730706311403e-07,1.0799209524151535e-08,0.00013487527698250725,0.01614142507253641,0.0
351.9999999999991,26.04,216.1,False,2,1978.8800000042702,315.8572156317453,2.5581575228567037,0.0005139072985506982,9.564078047869137e-07,8.044081041206672e-06,0.00018702349807019303,0.0007202944837593989,1.866464475510957e-05,0.24803904482393693,0.23980162823435916,1.866464475510957e-05,0.0,0.7220894284698741,1.2267155227122222,0.38206699158505086,0.12255910265729715,0.0,138.24911282644473,102.64259033945285,0.03560652248699188,315.08105380791153,3.3760769878887347,0.9658187143496056,7.449791376655407e-07,1.0802197496150341e-08,0.00013487551713019848,0.016141407173722325,0.0
353.0,26.04,216.1,False,2,2004.9200000043065,315.89275057733477,2.5557709163633726,0.000513840143111512,9.6721146803997e-07,8.041608180492805e-06,0.00018700266147317495,0.0007202142343908658,1.8661566319271005e-05,0.24753036938833564,0.23934395328522337,1.8661566319271005e-05,0.0,0.7220252119596018,1.2267129809114499,0.3820318365786205,0.12265593237322754,0.0,138.26583480571966,102.8037975124299,0.03546203729328977,315.1154980203295,3.3762363789121332,0.9658241621055333,7.45182981058548e-07,1.0805153225348947e-08,0.00013487575605227505,0.016141389310174673,0.0
353.9999999999991,26.04,216.1,False,2,2030.9600000042956,315.9281413741129,2.5533926366878803,0.0005137732259440721,9.780180712164965e-07,8.039145887519118e-06,0.0001869819144871205,0.0007201343301481197,1.865849898390499e-05,0.24702490133513297,0.23888908893704566,1.865849898390499e-05,0.0,0.7219608928985993,1.2267104496500847,0.3819968241426139,0.12275273260887139,0.0,138.28258348920468,102.96435245163589,0.035318231037568794,315.14980287369696,3.376395123359994,0.9658295868994607,7.453846266480522e-07,1.0808077086396758e-08,0.00013487599366195742,0.01614137148273973,0.0
355.0,26.04,216.1,False,2,2057.0000000043397,315.96338869919094,2.551022667445725,0.0005137065457895667,9.888275826314413e-07,8.036694166743107e-06,0.00018696125664337303,0.0007200547692261733,1.8655442747159153e-05,0.24652261606819548,0.238437013219301,1.8655442747159153e-05,0.0,0.7218964737297047,1.2267079288373504,0.3819619536082393,0.12284950149940645,0.0,138.29935824078487,103.12425820767136,0.035175100033113506,315.1839690198183,3.37655322426948,0.9658349888458119,7.455840998721093e-07,1.0810969448145584e-08,0.00013487623006842473,0.016141353692220098,0.0
355.9999999999991,26.04,216.1,False,2,2083.0400000043514,315.9984932260052,2.548660991872809,0.0005136401014020945,9.996399709657208e-07,8.03425301914463e-06,0.00018694068747656246,0.0007199755498326987,1.865239760510947e-05,0.24602348913339586,0.23798770435433492,1.865239760510947e-05,0.0,0.7218319568638172,1.2267054183846198,0.38192722431030207,0.1229462372105006,0.0,138.31615843266198,103.28351781468808,0.0350326406179739,315.21799710698326,3.376710684661274,0.9658403680583363,7.457814257804887e-07,1.0813830673817087e-08,0.00013487646518442042,0.016141335939376854,0.0
357.0,26.04,216.1,False,2,2109.0800000044105,316.0334556243428,2.546307592844753,0.0005135738915444824,1.0104552052608346e-06,8.031822442428775e-06,0.00018692020652456116,0.000719896670187855,1.8649363551875047e-05,0.245527496222713,0.2375411407563994,1.8649363551875047e-05,0.0,0.7217673446807134,1.2267029182052192,0.38189263558717906,0.1230429379373268,0.0,138.3329834451422,103.44213429050559,0.0348908491546366,315.2518877799921,3.3768675075396843,0.9658457246501138,7.459766290457836e-07,1.0816661121163862e-08,0.00013487669911857068,0.016141318224931596,0.0
357.9999999999991,26.04,216.1,False,2,2135.1200000044223,316.06827656036444,2.543962452895335,0.0005135079149919654,1.0212732549133118e-06,8.02940243121768e-06,0.00018689981332843891,0.0007198181285241168,1.8646340579726633e-05,0.2450346131779884,0.23709730103066162,1.8646340579726633e-05,0.0,0.7217026395300177,1.2267004282144425,0.38185818678079947,0.12313960190362531,0.0,138.34983266638335,103.6001106367101,0.034749722029673254,315.2856416801765,3.3770236958927584,0.9658510587335594,7.461697339739283e-07,1.081946114262196e-08,0.00013487693178310936,0.01614130054956839,0.0
359.0,26.04,216.1,False,2,2161.1600000044814,316.10295669662986,2.5416255542339625,0.0005134421705280257,1.0320940896696252e-06,8.026992977233312e-06,0.00018687950743242056,0.0007197399230861097,1.8643328679190094e-05,0.24454481599434016,0.23665616397213127,1.8643328679190094e-05,0.0,0.7216378437319411,1.2266979483293707,0.3818238772366204,0.12323622736080916,0.0,138.3667054922025,103.75744983876872,0.03460925565343378,315.31925944542417,3.3771792526923887,0.9658563704204284,7.463607645143466e-07,1.0822231085458026e-08,0.00013487716328625067,0.016141282913935625,0.0
359.9999999999991,26.04,216.1,False,2,2187.200000004493,316.1374966921202,2.5392968787623347,0.0005133766569480941,1.0429176796209328e-06,8.024594069470232e-06,0.00018685928838384582,0.0007196620521304567,1.864032783914435e-05,0.24405808082327965,0.23621770856457283,1.864032783914435e-05,0.0,0.7215729595781731,1.2266954784688944,0.38178970630360676,0.12333281258711444,0.0,138.38360132584367,103.91415486612863,0.034469446459715045,315.3527417101998,3.377334180894419,0.9658616598218206,7.465497442695462e-07,1.082497129190842e-08,0.00013487739353977308,0.01614126531864774,0.0
360.9999999999991,10.0,120.0,False,2,2197.200000004484,316.12076256635703,2.532729061129836,0.0005134333340994392,1.0537117220204937e-06,7.983933020474369e-06,0.00018806570463424086,0.0007197138464140665,1.7431091511670813e-05,0.24302071788994556,0.22107507660551237,1.7431091511670813e-05,0.0,0.824477414908199,1.2276554288520058,0.35564122835273854,0.047536785591068206,0.0,42.85225850918009,59.563057855225274,-0.016710799346045184,316.068300167848,6.081880799378817,0.9977161229037361,7.420704151647491e-07,1.0760021019888861e-08,5.189024637761511e-05,0.008962883526795407,0.0
362.0,10.0,120.0,False,2,2207.200000004493,316.1040805165619,2.5261624281013972,0.0005135018535321393,1.0644398072200003e-06,7.932534554670288e-06,0.00018808679914640897,0.0007197944086970792,1.7378261678293e-05,0.2416537939750853,0.22058540018196585,1.7378261678293e-05,0.0,0.824330236195803,1.2277003575942693,0.3556582318072332,0.04771188959123305,0.0,42.866976380419686,59.519783033506904,-0.01665280665308722,316.05164915311565,6.081746048645176,0.9977158151288859,7.376493345665647e-07,1.0695915351215188e-08,5.186107655142519e-05,0.008962355197116512,0.0
362.9999999999991,10.0,120.0,False,2,2217.200000004484,316.0874562068147,2.519843281345083,0.0005135677890268713,1.0751049760279872e-06,7.883139856800727e-06,0.00018810741286153274,0.0007198733022666901,1.7327417482290934e-05,0.24034490620001792,0.22011939815932605,1.7327417482290934e-05,0.0,0.8241866526435416,1.2277437570527714,0.35567520861163077,0.047881895797598904,0.0,42.88133473564583,59.47665801904656,-0.016595323283400732,316.0350557802813,6.08161176431188,0.9977155083780478,7.333926098118845e-07,1.0634192842272325e-08,5.18865086222408e-05,0.008961846516985342,0.0
364.0,10.0,120.0,False,2,2227.200000004493,316.07088912970295,2.5137624104421588,0.0005136322264983334,1.0857095567999893e-06,7.835760734850893e-06,0.00018812759973798747,0.0007199505621278356,1.727847139336657e-05,0.23909457776330942,0.21967602724268254,1.727847139336657e-05,0.0,0.824046637810714,1.2277857142760562,0.35569215509598934,0.048046921369353,0.0,42.89533621892859,59.43368149532462,-0.01653834527639603,316.0185195427828,6.081477942280264,0.9977152026422812,7.292927273629737e-07,1.0574744546763119e-08,5.1857169336617416e-05,0.00896135661993587,0.0
364.9999999999991,10.0,120.0,False,2,2237.200000004484,316.05437878474623,2.5079110617346227,0.0005136941698661356,1.0962557728194507e-06,7.790296271987761e-06,0.00018814737711847504,0.0007200262546537889,1.7231341109054785e-05,0.2378998897335154,0.2192543066447665,1.7231341109054785e-05,0.0,0.8239101059633257,1.227826256767035,0.3557090704477898,0.048207080355919515,0.0,42.90898940366742,59.3908521638071,-0.016481862760139677,316.0020399409784,6.08134457850765,0.9977148979127664,7.253426592890664e-07,1.0517468559691464e-08,5.188261406973262e-05,0.008960884689002723,0.0
366.0,10.0,120.0,False,2,2247.200000004493,316.03792467850025,2.5022808597789847,0.0005137548051188549,1.106745748287903e-06,7.746651077107817e-06,0.0001881667614330956,0.0007201004427312333,1.7185948706250646e-05,0.2367580812025576,0.21885330757562704,1.7185948706250646e-05,0.0,0.8237770283861908,1.227865467409667,0.355725953919085,0.048362485104391166,0.0,42.922297161380904,59.34816874421599,-0.016425871582835087,315.98561648225075,6.081211669008199,0.9977145941808078,7.215357662219003e-07,1.0462268610217556e-08,5.185364319176822e-05,0.008960429950843752,0.0
366.9999999999991,10.0,120.0,False,2,2257.200000004484,316.0215263245725,2.496863786884976,0.0005138131320196048,1.1171815137657015e-06,7.70473580391307e-06,0.00018818576826026137,0.0007201731859869671,1.7142220353536812e-05,0.23566656591535495,0.21847214982586133,1.7142220353536812e-05,0.0,0.8236473177259022,1.2279033687982588,0.3557428048216345,0.04851324625072219,0.0,42.93526822740977,59.30562997457021,-0.016370361747160438,315.96924868102263,6.0810792098530335,0.9977142914378336,7.178657709644213e-07,1.040905367898411e-08,5.1879083827379834e-05,0.008959991672915705,0.0
368.0,10.0,120.0,False,2,2267.200000004493,316.00518324373735,2.4916521644317977,0.0005138703179086872,1.1275650112487272e-06,7.664466687890565e-06,0.00018820441238075994,0.0007202445409948358,1.710008604982908e-05,0.23462291890479617,0.21810999866474776,1.710008604982908e-05,0.0,0.823520943548778,1.2279400387724542,0.355759622522472,0.04865947270120419,0.0,42.947905645122184,59.263234611482964,-0.01631532896636078,315.9529360588715,6.080947197171167,0.9977139896753986,7.143267344491729e-07,1.0357737649513006e-08,5.185045536161429e-05,0.008959569160824046,0.0
368.9999999999991,10.0,120.0,False,2,2277.200000004484,315.98889496392036,2.4866386353739043,0.0005139253590839095,1.1378980989098515e-06,7.6257651172139075e-06,0.00018822270782781588,0.0007203145614673469,1.7059479382733156e-05,0.23362486409290728,0.21776606197347523,1.7059479382733156e-05,0.0,0.8233978174946402,1.2279754955512459,0.35577640643993885,0.048801271616666655,0.0,42.960218250535966,59.220981430122315,-0.016260763179586347,315.9366781445142,6.080815627149372,0.9977136888851833,7.109130335752805e-07,1.0308238986841569e-08,5.187587380566742e-05,0.008959161755938258,0.0
370.0,10.0,120.0,False,2,2287.200000004493,315.97266102028226,2.481816147842774,0.0005139794060521775,1.148182555531899e-06,7.588557242078898e-06,0.0001882406679333528,0.0007203832984327411,1.702033730495067e-05,0.23267026300038912,0.21743958759134527,1.702033730495067e-05,0.0,0.8232779080178527,1.2280098124570649,0.35579315603990846,0.048938748399303664,0.0,42.97220919821471,59.1788692244282,-0.016206660026213484,315.92047447389047,6.080684496032873,0.9977133890589963,7.076193407626209e-07,1.0260480441058003e-08,5.184756520996547e-05,0.008958768833121388,0.0
370.9999999999991,10.0,120.0,False,2,2297.200000004484,315.95648095517663,2.4771779397640983,0.0005140314530740338,1.158420084655151e-06,7.552773618645892e-06,0.00018825830537092978,0.0007204508003993352,1.6982599927107918e-05,0.2317571044568759,0.21712986085800579,1.6982599927107918e-05,0.0,0.8231611263039927,1.2280430038185761,0.35580987083241844,0.049072006682164895,0.0,42.983887369600716,59.13689680700236,-0.016153009437401642,315.90432459012067,6.080553800124989,0.9977130901887733,7.044406050622822e-07,1.0214388773403092e-08,5.187294637471352e-05,0.00895838979869159,0.0
371.2799999995507,10.0,120.0,True,3,0.0,315.95196013047104,2.4759113744142085,0.0005215723977018689,1.571619421789488e-07,1.0208341000509948e-06,0.00018826318768768902,0.0007204694859778565,1.6972277361252326e-05,0.03133128005464895,0.2170460451885341,1.6972277361252326e-05,0.0,0.8233268623628606,1.2282499839993335,0.35581454467470625,0.049108576961766584,0.0,42.96731376371393,59.125169420591014,-0.016157855656877083,315.8998121998634,6.080517282763319,0.9977130066753358,7.059329941632815e-07,1.0236028415367582e-08,0.0,0.008958285988086685,-1.1858461261560205e-20
372.0,10.0,120.0,False,3,7.2000000044997154,315.9403557178216,2.469675564965608,0.00051510709826357,1.6450422247532687e-07,7.49799175323592e-06,0.00018827990080940647,0.0007205334480851312,1.692560303328138e-05,0.23025832543355443,0.21657250566496977,1.692560303328138e-05,0.0,0.8230100455552859,1.2281189575553881,0.3558262154847786,0.04928269651532359,0.0,42.9989954444714,59.09506663996942,-0.01609607119549802,315.8882294405657,6.080423547093111,0.9977127922924363,7.021084269439693e-07,1.0180572190687556e-08,5.183898860799344e-05,0.008957821675894031,0.0
372.9999999999991,10.0,120.0,False,3,17.200000004499703,315.9242857207485,2.465481159132003,0.0005151546209123445,1.746637376845893e-07,7.466635607457267e-06,0.00018829678108884862,0.0007205980520704552,1.689120794574437e-05,0.22947638460997802,0.21630299718577303,1.689120794574437e-05,0.0,0.8229009224363462,1.2281494591556272,0.35584286682203503,0.049405669897246,0.0,43.00990775636537,59.053379793241355,-0.01604347203687598,315.87218943689953,6.080293740269499,0.9977124953779984,6.991919133009901e-07,1.0138282742864357e-08,5.1869524780498964e-05,0.008957475682782975,0.0
374.0,10.0,120.0,False,3,27.200000004518035,315.9082681062645,2.4614496040646254,0.0005152024801756992,1.8478168441842553e-07,7.435431425219253e-06,0.00018831337806172752,0.0007206615717124786,1.6858031781219953e-05,0.22869717339912812,0.21604801448263047,1.6858031781219953e-05,0.0,0.8227947799947686,1.2281790253747906,0.3558594819153509,0.04952476346467111,0.0,43.02052200052313,59.01182885351448,-0.01599130685299135,315.8562017266777,6.080164356570888,0.9977121993930425,6.963749904060065e-07,1.0097437360887095e-08,5.184187020818194e-05,0.00895714171356188,0.0
374.9999999999991,10.0,120.0,False,3,37.200000004518174,315.8923024483133,2.4575747846252893,0.000515248619325433,1.9485947463698575e-07,7.40537487510365e-06,0.0001883297028307174,0.0007207240495073242,1.6826022143703532e-05,0.22795136006080152,0.21580692791211875,1.6826022143703532e-05,0.0,0.8226914925897781,1.2282076392568717,0.35587606036502334,0.049640086302070334,0.0,43.03085074102218,58.97041271535155,-0.015939561974329372,315.8402658845569,6.080035392555767,0.9977119043300645,6.936533846365236e-07,1.0057974077229592e-08,5.186716417038663e-05,0.008956819273232377,0.0
376.0,10.0,120.0,False,3,47.200000004536506,315.87638832873466,2.4538513064077287,0.0005152941377555854,2.0489846283400102e-07,7.376422869507855e-06,0.00018834576506566121,0.0007207855224664692,1.6795133532164883e-05,0.22723770866825,0.21557919396916198,1.6795133532164883e-05,0.0,0.8225910279395124,1.2282353620695947,0.3558926018749381,0.049751732255144135,0.0,43.04089720604875,58.92913029380133,-0.01588823308775258,315.8243814930765,6.079906844846413,0.9977116101817017,6.910232829603806e-07,1.0019837602925519e-08,5.183973889249594e-05,0.008956507911361785,0.0
376.9999999999991,10.0,120.0,False,3,57.20000000453665,315.86052533639906,2.450273987707446,0.0005153380284971437,2.1489994956613493e-07,7.348528043749101e-06,0.0001883615739866895,0.0007208460258800962,1.6765322596596398e-05,0.22655484679535293,0.21536429471577587,1.6765322596596398e-05,0.0,0.8224932986121749,1.2282621980872717,0.35590910617673316,0.0498597932983635,0.0,43.0506701387825,58.88798052215334,-0.015837310383370842,315.80854814179423,6.07977871012189,0.997711316940716,6.884810577359263e-07,9.982975337170932e-09,5.186496086901065e-05,0.008956207198756434,0.0
378.0,10.0,120.0,False,3,67.20000000455475,315.84471306720246,2.4468378464592355,0.0005153813862292331,2.2486518404291315e-07,7.3216455222077536e-06,0.00018837713839534517,0.0007209055934362253,1.6736547987762084e-05,0.22590147379593056,0.215161735969603,1.6736547987762084e-05,0.0,0.8223982731733261,1.2282882058316233,0.35592557302734074,0.049964359630956426,0.0,43.06017268266737,58.8469623519246,-0.015786789669257232,315.79276542728144,6.079650985118011,0.9977110245999942,6.860232542285831e-07,9.947337186314455e-09,5.183778682689259e-05,0.0089559167260867,0.0
378.9999999999991,10.0,120.0,False,3,77.20000000455418,315.82895112394715,2.4435380910407023,0.0005154232057384837,2.3479536656106794e-07,7.29573279611302e-06,0.00018839246669781265,0.0007209642573096269,1.6708770245388765e-05,0.22527635736026097,0.2149710459783161,1.6708770245388765e-05,0.0,0.8223058652762408,1.2283133871686336,0.3559420022072761,0.05006551968511668,0.0,43.069413472375906,58.80607475255084,-0.015736661280174934,315.77703295300404,6.079523666626378,0.9977107331525459,6.836465806160755e-07,9.912875418933096e-09,5.186292999690388e-05,0.008955636102805297,0.0
380.0,10.0,120.0,False,3,87.2000000045718,315.81323911632774,2.4403701116065006,0.0005154645707155285,2.446916507994077e-07,7.270749569100984e-06,0.00018840756692650786,0.0007210220482444578,1.6681951693967304e-05,0.22467832905448984,0.21479177418333997,1.6681951693967304e-05,0.0,0.8222160443253999,1.2283377979795267,0.3559583935189385,0.05016336013518829,0.0,43.07839556746001,58.76531671134957,-0.015686921143889563,315.7613503293084,6.0793967514942615,0.9977104425915035,6.813478986915472e-07,9.879544531027434e-09,5.183599566904555e-05,0.008955364956075785,0.0
380.9999999999991,10.0,120.0,False,3,97.20000000457124,315.7975766608027,2.4373294718985674,0.0005155044781663964,2.545551459831026e-07,7.246657614521916e-06,0.00018842244676033483,0.0007210789956317946,1.6656056345323987e-05,0.2241062802002051,0.21462349006499734,1.6656056345323987e-05,0.0,0.822128725271939,1.2283614379655274,0.35597474678514696,0.0502579659084415,0.0,43.08712747280609,58.72468723318666,-0.01563755976038057,315.7457171732931,6.079270236623575,0.99771015291012,6.791242151908124e-07,9.84730112026678e-09,5.1861054115118904e-05,0.00895510292983358,0.0
382.0,10.0,120.0,False,3,107.20000000458886,315.78196338057086,2.4344119015008645,0.0005155440014560095,2.643869189267831e-07,7.223420643784963e-06,0.0001884371135435673,0.0007211351275819047,1.66310498075278e-05,0.22355915807188204,0.21446578206168815,1.66310498075278e-05,0.0,0.8220438785585822,1.2283843606034686,0.35599106184766727,0.050349420197219066,0.0,43.09561214414177,58.68418534041605,-0.015588573196274283,315.73013310878554,6.079144118970669,0.997709864101768,6.769726737035138e-07,9.816103768700951e-09,5.183434919317541e-05,0.008954849683845847,0.0
382.9999999999991,10.0,120.0,False,3,117.20000000458829,315.76639890543447,2.4316132885105186,0.0005155821402320122,2.741879959638927e-07,7.201004184691081e-06,0.00018845157430359897,0.0007211904709921862,1.660689919958602e-05,0.22303596238414872,0.21431825655884285,1.660689919958602e-05,0.0,0.8219614206081614,1.2284065636466006,0.35600733856595707,0.05043780447248221,0.0,43.103857939183854,58.64381007252344,-0.01553995213333959,315.7145977662051,6.079018395545243,0.997709576159938,6.748905471150037e-07,9.785912933167553e-09,5.1859317950716556e-05,0.008954604892893592,0.0
384.0,10.0,120.0,False,3,127.20000000460591,315.75088287176914,2.428929672598421,0.0005156199581099094,2.83959364770389e-07,7.179375468950715e-06,0.0001884658357675041,0.0007212450516105548,1.658357307157669e-05,0.2225357420433783,0.21418053694124034,1.658357307157669e-05,0.0,0.8218813230628806,1.228428098377301,0.356023576815885,0.0505231984985354,0.0,43.11186769371192,58.60356048604931,-0.01549169279233739,315.6991107825333,6.078893063410085,0.9977092890782379,6.728752305468752e-07,9.756690842929691e-09,5.183283317244632e-05,0.008954368245944054,0.0
384.9999999999991,10.0,120.0,False,3,137.20000000460536,315.735414922378,2.426357238435224,0.000515656457728668,2.9370197608906267e-07,7.158503328018673e-06,0.0001884799043776375,0.0007212988940951524,1.6561041329745835e-05,0.22205759214082682,0.2140522627053627,1.6561041329745835e-05,0.0,0.8218035039558119,1.2284489607934355,0.35603977648865576,0.05060568034896772,0.0,43.1196496044188,58.56343565420983,-0.015443786049791037,315.6836718011681,6.078768119679908,0.9977090028503897,6.709242347501891e-07,9.728401403877742e-09,5.185770807972353e-05,0.008954139445436599,0.0
386.0,10.0,120.0,False,3,147.20000000462298,315.7199947064572,2.4238923094595526,0.0005156926934579766,3.034167453614764e-07,7.138358096605556e-06,0.00018849378630620006,0.0007213520220700997,1.6539275166287524e-05,0.22160065116647037,0.21393308862613594,1.6539275166287524e-05,0.0,0.8217279362567782,1.2284692001700626,0.3560559374896943,0.05068532642359007,0.0,43.12720637432217,58.52343466680736,-0.01539622829248519,315.6682804718893,6.078643561521064,0.9977087174702299,6.690351799261848e-07,9.70101010892968e-09,5.183143508811789e-05,0.008953918206551751,0.0
386.9999999999991,10.0,120.0,False,3,157.2000000046224,315.70462187944645,2.4215313419677056,0.0005157276712178653,3.1310455427280985e-07,7.118911523143216e-06,0.00018850748746898773,0.0007214044581781191,1.651824699339553e-05,0.2211640984249698,0.21382268397547954,1.651824699339553e-05,0.0,0.8216545397170184,1.2284888109211558,0.3560720597377213,0.05076221146641602,0.0,43.134546028298146,58.48355662984306,-0.01534901060154491,315.6529364507097,6.078519386150332,0.9977084329317064,6.672057899344295e-07,9.674483954049228e-09,5.185621266186064e-05,0.008953704256586382,0.0
388.0,10.0,120.0,False,3,167.20000000464003,315.68929610298716,2.419270919504861,0.0005157624365746063,3.227662522157064e-07,7.100136686691847e-06,0.0001885210135382372,0.0007214562241297037,1.6497930381358582e-05,0.2207471516366836,0.21372073178771125,1.6497930381358582e-05,0.0,0.8215832887334084,1.2285078404816632,0.35608814316378207,0.050836408584472685,0.0,43.141671126659155,58.4438006654079,-0.015302129538748745,315.63763939983295,6.078395590834597,0.9977081492288775,6.654338868684355e-07,9.648791359592315e-09,5.183014388686824e-05,0.008953497334306003,0.0
388.9999999999991,10.0,120.0,False,3,177.20000000463946,315.67401704477186,2.417107747539933,0.0005157959989692899,3.324026576775714e-07,7.082007919686552e-06,0.00018853436995477503,0.0007215073407496176,1.6478300000343825e-05,0.22034906470852228,0.21362692816978102,1.6478300000343825e-05,0.0,0.8215141048567843,1.228526281834726,0.35610418771045144,0.05090798926749026,0.0,43.14858951432156,58.40416591129248,-0.015255576396970923,315.6223889875035,6.078272172889609,0.9977078663559097,6.637173859640454e-07,9.623902096478658e-09,5.1854821218628305e-05,0.008953297189397002,0.0
390.0,10.0,120.0,False,3,187.20000000465708,315.65878437849744,2.4150386484067137,0.0005158293955553985,3.420145595566569e-07,7.064500736111577e-06,0.00018854756193937658,0.0007215578280203732,1.6459331565682543e-05,0.2199691256605807,0.21354098165198337,1.6459331565682543e-05,0.0,0.8214469639856766,1.228544180724931,0.3561201933309855,0.050977023408269005,0.0,43.15530360143233,58.364651520864726,-0.015209347919432396,315.60718488795953,6.078149129679631,0.9977075843070766,6.620542908247275e-07,9.599787216958549e-09,5.182894977764701e-05,0.008953103581890921,0.0
390.9999999999991,10.0,120.0,False,3,197.20000000465652,315.64359778371323,2.4130605564959136,0.0005158616394936853,3.516027184106865e-07,7.047591764596952e-06,0.00018856059450352917,0.0007216077051234285,1.644100178634844e-05,0.21960665469605975,0.2134626125775877,1.644100178634844e-05,0.0,0.8213817895290692,1.2285615288414822,0.3561361599886387,0.051043579323774395,0.0,43.16182104709307,58.32525666267688,-0.015163435615583807,315.59202678128185,6.078026458616194,0.9977073030767567,6.604426889334503e-07,9.57641898953503e-09,5.185352444701894e-05,0.008952916281683338,0.0
392.0,10.0,120.0,False,3,207.20000000467414,315.62845694577214,2.411170513682969,0.0005158937598714492,3.6116786764270053e-07,7.031258686108247e-06,0.00018857347245950166,0.0007216569904777271,1.6423288316479525e-05,0.21926100240285218,0.2133915525275187,1.6423288316479525e-05,0.0,0.8213185589403309,1.2285783703730186,0.3561520876559198,0.05110772377676785,0.0,43.1681441059669,58.285980520337766,-0.015117836414370863,315.57691435334453,6.077904157157706,0.9977070226594318,6.588807474388094e-07,9.553770837862737e-09,5.182784406047988e-05,0.008952735068020563,0.0
392.9999999999991,10.0,120.0,False,3,217.20000000467357,315.6133615556762,2.4093656649783424,0.0005159247737331669,3.7071071462729313e-07,7.015480175799533e-06,0.00018858620042990387,0.0007217057017762892,1.640616970966914e-05,0.21893154807646953,0.21332754377894392,1.640616970966914e-05,0.0,0.8212571975254657,1.2285946958375036,0.35616797631400776,0.05116952199803012,0.0,43.174280247453424,58.24682229211284,-0.015072542044659415,315.5618472956612,6.077782222808208,0.9977067430496847,6.573667091885164e-07,9.531817283233488e-09,5.185231406242691e-05,0.008952559729076354,0.0
394.0,10.0,120.0,False,3,227.2000000046912,315.59831131002824,2.4076432543870627,0.00051595570240896,3.802319417813695e-07,7.000235848770839e-06,0.00018859878285663344,0.0007217538560204554,1.6389625375911672e-05,0.2186176981546982,0.21327033879426727,1.6389625375911672e-05,0.0,0.8211976843274399,1.2286105479885252,0.3561838259520965,0.0512290377089888,0.0,43.180231567256,58.20778119079805,-0.01502754962354205,315.5468253053364,6.077660653116986,0.9977064642421983,6.558988890010924e-07,9.51053389051584e-09,5.182681898205279e-05,0.008952390061492883,0.0
394.9999999999991,10.0,120.0,False,3,237.20000000469062,315.58330591087406,2.406000620966003,0.0005159855669621842,3.897322075820899e-07,6.9855062093581495e-06,0.00018861122400938758,0.0007218014695524646,1.637363554095431e-05,0.21831888475539915,0.21321969973976854,1.637363554095431e-05,0.0,0.8211399465712805,1.2286259162829956,0.35619963656689707,0.05128633314481794,0.0,43.18600534287194,58.16885644331105,-0.014982851100439114,315.5318480849084,6.077539445677285,0.9977061862317532,6.544756701514982e-07,9.489897217196724e-09,5.185118266586627e-05,0.00895222587000775,0.0
396.0,10.0,120.0,False,3,247.20000000470824,315.5683450656565,2.4044351950673244,0.0005160153812425231,3.99212147535671e-07,6.971272603755872e-06,0.00018862352799363055,0.0007218485580859525,1.6358181207972074e-05,0.2180345643094464,0.21317539803065982,1.6358181207972074e-05,0.0,0.8210839649085433,1.2286408421484225,0.3562154081620584,0.051341469077820855,0.0,43.19160350914566,58.13004729057154,-0.014938443781425882,315.516915342303,6.07741859812595,0.9977059090132259,6.530955010644145e-07,9.46988476543401e-09,5.182586761318629e-05,0.008952066967042293,0.0
396.9999999999991,10.0,120.0,False,3,257.20000000470804,315.5534284870574,2.4029444947580325,0.000516044170443115,4.086723750992789e-07,6.957517175648327e-06,0.0001886356987581907,0.0007218951367350264,1.6343244121339245e-05,0.21776421628169482,0.21313721390214252,1.6343244121339245e-05,0.0,0.8210296684908894,1.2286553140798073,0.3562311407477416,0.05139450484117623,0.0,43.19703315091105,58.09135298709144,-0.014894319836180394,315.5020267906759,6.077298108142145,0.9977056325815867,6.517568921929993e-07,9.45047493679849e-09,5.185012363084513e-05,0.008951913172372462,0.0
398.0,10.0,120.0,False,3,267.2000000047285,315.5385558929501,2.401526122405552,0.0005160729411821229,4.1811348255928713e-07,6.944222824694528e-06,0.00018864774010237027,0.0007219412200414814,1.632880673243675e-05,0.21750734197325483,0.21310493600349503,1.632880673243675e-05,0.0,0.8209770395840136,1.2286693722769864,0.3562468343401108,0.051445498352861906,0.0,43.20229604159863,58.05277280085173,-0.014850476759253098,315.48718214836555,6.077177973446965,0.997705356931899,6.504584130790161e-07,9.431646989645733e-09,5.182498374455696e-05,0.008951764312758511,0.0
398.9999999999991,10.0,120.0,False,3,277.2000000047308,315.5237270062443,2.400177761420487,0.0005161007228729882,4.2753604186777315e-07,6.93137316758543e-06,0.00018865965568274138,0.0007219868220008095,1.6314852167292335e-05,0.21726346339912767,0.2130783610149885,1.6314852167292335e-05,0.0,0.8209260092616077,1.2286830043624175,0.3562624889609678,0.05149450613984191,0.0,43.20739907383921,58.01430601289967,-0.014806906939060454,315.4723811387377,6.077058191802188,0.9977050820593162,6.491986895743262e-07,9.41338099882773e-09,5.184913100700177e-05,0.008951620221654235,0.0
400.0,10.0,120.0,False,3,287.20000000475125,315.50894155483735,2.3988971731477506,0.0005161285151271773,4.369406054401834e-07,6.918952501553207e-06,0.00018867144901950673,0.0007220319560865475,1.6301364196009578e-05,0.2170321222355889,0.213057293284941,1.6301364196009578e-05,0.0,0.82087656139767,1.2286962493973126,0.3562781046373042,0.05154158336233837,0.0,43.21234386023299,57.97595191722253,-0.014763608056989539,315.4576234901373,6.076938761009885,0.9977048079590806,6.479764012211724e-07,9.395657817707e-09,5.182416179764105e-05,0.008951480738872915,0.0
400.9999999999991,10.0,120.0,False,3,297.2000000047535,315.49419927146215,2.397682193898329,0.0005161553516517803,4.4632770691573e-07,6.906945770087468e-06,0.00018868312350258973,0.000722076635273586,1.628832720380272e-05,0.2168128788323237,0.21304154448686927,1.628832720380272e-05,0.0,0.8208286289730183,1.2287090942122816,0.3562936814009877,0.051586783838275536,0.0,43.21713710269815,57.93770982035345,-0.014720572717655294,315.4429089357364,6.076819678911174,0.9977045346265212,6.467902787732306e-07,9.378459042211844e-09,5.184819943786787e-05,0.008951345710330199,0.0
402.0,10.0,120.0,False,3,307.200000004774,315.47949989363883,2.396530732113854,0.0005161822252554366,4.556978618831568e-07,6.89533853076565e-06,0.00018869468239733584,0.0007221208720599924,1.627572616360679e-05,0.21660531128457763,0.21303093329427958,1.627572616360679e-05,0.0,0.8207821974545292,1.2287215768106245,0.35630921928836634,0.05163016006772906,0.0,43.22178025454707,57.899579041245076,-0.014677798786698006,315.42823721348594,6.076700943385858,0.9977042620570526,6.456391018560187e-07,9.36176697691227e-09,5.182339674839748e-05,0.008951214987741896,0.0
402.9999999999991,10.0,120.0,False,3,317.20000000477626,315.4648431635244,2.3954407656572796,0.0005162081739977327,4.6505156857317335e-07,6.884116924982067e-06,0.00018870612884998476,0.0007221646784879549,1.6263546610097497e-05,0.21640901456112485,0.21302528507320817,1.6263546610097497e-05,0.0,0.8207372017066272,1.2287336833040978,0.3563247183400029,0.051671763257467716,0.0,43.226279829337265,57.86155891088063,-0.014635279081543367,315.41360806596583,6.076582552351184,0.9977039902461726,6.44521696750314e-07,9.345564602879555e-09,5.184732408991836e-05,0.008951088428396396,0.0
404.0,10.0,120.0,False,3,327.2000000047967,315.4502288278665,2.394410339222719,0.0005162341840700529,4.7438930851993813e-07,6.87326764950738e-06,0.00018871746589278936,0.0007222080661633757,1.6251774615102802e-05,0.21622359968405463,0.21302443159022635,1.6251774615102802e-05,0.0,0.8206936287656399,1.2287454507113884,0.3563401786003218,0.05171164334542676,0.0,43.230637123436,57.823648772152914,-0.014593011648716916,315.39902124033847,6.0764645037614855,0.9977037191894607,6.434369342983532e-07,9.329835547326122e-09,5.182268406148929e-05,0.00895096589488054,0.0
404.9999999999991,10.0,120.0,False,3,337.200000004799,315.4356566378542,2.393437561858528,0.0005162592979310686,4.837115471926632e-07,6.862777929685449e-06,0.00018872869644894166,0.000722251046274726,1.6240396764253417e-05,0.21604869295683288,0.21302821073618097,1.6240396764253417e-05,0.0,0.8206514153489344,1.2287568644915274,0.3563556001173858,0.05174984902520728,0.0,43.234858465106555,57.785847979477666,-0.01455098951437111,315.3844764882,6.0763467956069706,0.9977034488825758,6.423837279176012e-07,9.314564054805218e-09,5.184650059151998e-05,0.008950847254878033,0.0
406.0,10.0,120.0,False,3,347.20000000481946,315.4211263490749,2.3925206045975376,0.0005162844953244388,4.930187345995071e-07,6.852635494220871e-06,0.00018873982333717946,0.0007222936296106767,1.6229400134867104e-05,0.21588393523723107,0.21303646626350164,1.6229400134867104e-05,0.0,0.8206105500322435,1.2287679607452655,0.3563709829425804,0.051786427770441616,0.0,43.23894499677564,57.748155898682185,-0.014509210901906542,315.3699735655374,6.076229425913371,0.997703179321256,6.413610317230815e-07,9.299734959984683e-09,5.182201963374253e-05,0.008950732380920083,0.0
406.9999999999991,10.0,120.0,False,3,357.20000000482173,315.406637721367,2.3916576981891935,0.0005163088231441255,5.023113058646213e-07,6.84282855138239e-06,0.00018875084927622861,0.0007223358265771032,1.6218772274923098e-05,0.21572898125214013,0.21304904753749337,1.6218772274923098e-05,0.0,0.8205709713493615,1.2287787243389148,0.35638632713042667,0.0518214258591266,0.0,43.24290286506384,57.710571906622434,-0.014467669041558594,315.35551223258125,6.0761123927407645,0.9977029105013149,6.403678387439333e-07,9.285333661787034e-09,5.184572498028242e-05,0.008950621150206799,0.0
408.0,10.0,120.0,False,3,367.2000000048422,315.39219051877865,2.390847130928192,0.0005163332548414706,5.115896817803383e-07,6.833345766592727e-06,0.00018876177688895604,0.0007223776472129792,1.6208501183132374e-05,0.2155834989513585,0.21306580929956706,1.6208501183132374e-05,0.0,0.8205326693799717,1.2287891905160389,0.3564016327382991,0.051854888397768126,0.0,43.24673306200282,57.67309539107575,-0.01442636232907293,315.3410922537643,6.075995694183227,0.9977026424186418,6.394031792361386e-07,9.27134609892401e-09,5.1821399744988485e-05,0.008950513444379705,0.0
408.9999999999991,10.0,120.0,False,3,377.20000000484447,315.3777845094234,2.3900872465750203,0.0005163568417731347,5.208542693351938e-07,6.824176241246661e-06,0.00018877260870638434,0.0007224191012057436,1.6198575289969925e-05,0.21544716889782153,0.2130866114429151,1.6198575289969925e-05,0.0,0.820495584433054,1.2287993436047657,0.35641689982626995,0.051886859345441676,0.0,43.25044155669458,57.635725750367676,-0.014385284193673093,315.3267133975781,6.075879328367676,0.9977023750691983,6.384661190780248e-07,9.25775872663136e-09,5.1844993657207405e-05,0.00895040914936345,0.0
410.0,10.0,120.0,False,3,387.20000000486493,315.36341946544206,2.389376442363554,0.0005163805512410721,5.301054622195993e-07,6.815309492741537e-06,0.00018878334717144145,0.0007224601979056539,1.618898343968284e-05,0.21531968369178323,0.21311131879870476,1.618898343968284e-05,0.0,0.820459708052444,1.2288092180469152,0.35643212845685446,0.05191738153761681,0.0,43.254029194755596,57.59846239327139,-0.014344433198515794,315.312375436534,6.075763293453558,0.9977021084490185,6.375557582511985e-07,9.244558494642379e-09,5.182082101556299e-05,0.008950308155157759,0.0
410.9999999999991,10.0,120.0,False,3,397.2000000048672,315.34909516285967,2.3887131670916792,0.0005164034390845814,5.393436413097207e-07,6.8067354355752195e-06,0.00018879399464259627,0.0007225009463396982,1.617971487314732e-05,0.2152007474268115,0.213139800933397,1.617971487314732e-05,0.0,0.8204249822773226,1.2288187976820628,0.35644731869488433,0.0519464967098559,0.0,43.25750177226772,57.5613047386379,-0.014303802966370177,315.2980781470212,6.075647587631697,0.9977018425542056,6.366712293941846e-07,9.231732826215677e-09,5.184430334696354e-05,0.00895021035569711,0.0
412.0,10.0,120.0,False,3,407.20000000488767,315.3348113815496,2.3880959192905875,0.0005164264665881019,5.485691751312338e-07,6.7984443635074355e-06,0.00018880455339725068,0.0007225413552245816,1.61707592115969e-05,0.21509007517541584,0.2131719319553254,1.61707592115969e-05,0.0,0.8203914000724454,1.2288281162009604,0.3564624706072789,0.05197424552123611,0.0,43.26085999275545,57.524252215302525,-0.014263392222547076,315.28382130927054,6.075532209123998,0.9977015773809317,6.358116964322101e-07,9.219269598267046e-09,5.1820280369107435e-05,0.008950115648659968,0.0
412.9999999999991,10.0,120.0,False,3,417.20000000488994,315.3205679050961,2.387523245469229,0.000516448694087165,5.57782420303377e-07,6.790426932652768e-06,0.00018881502563503614,0.000722581432979342,1.616210644110332e-05,0.21498739250254045,0.21320759033123435,1.616210644110332e-05,0.0,0.8203589051593193,1.228837156999865,0.3564775842629391,0.05200066757760672,0.0,43.26410948406806,57.48730426172727,-0.01422319477765921,315.2696047072169,6.075417156182344,0.9977013129254353,6.349763532711192e-07,9.207157122431229e-09,5.1843651063148474e-05,0.008950023935344413,0.0
414.0,10.0,120.0,False,3,427.2000000049104,315.306364520759,2.3869937384299793,0.0005164710769707213,5.669837219648574e-07,6.7826741455082325e-06,0.00018882541348088784,0.0007226211877371172,1.6153746897834863e-05,0.21489243500501135,0.21324665871100604,1.6153746897834863e-05,0.0,0.8203274918777681,1.2288459530648508,0.35649265973254296,0.05202580145453967,0.0,43.26725081222318,57.45046032591126,-0.014183209513688077,315.25542812846487,6.075302427088311,0.9977010491840206,6.341644225591145e-07,9.195384127107161e-09,5.181977500027038e-05,0.008949935120492749,0.0
414.9999999999991,10.0,120.0,False,3,437.2000000049127,315.29220101933964,2.3865060356524355,0.0005164926800787407,5.761734141819155e-07,6.775177335794555e-06,0.00018883571898804018,0.0007226606273566109,1.6145671253982305e-05,0.21480494787541946,0.21328902376131806,1.6145671253982305e-05,0.0,0.8202971055815914,1.228854487390135,0.35650769708846014,0.052049684720083436,0.0,43.270289441840845,57.41371986504124,-0.014143430423200392,315.24129136415416,6.0751880201520745,0.9977007861530551,6.333751545051482e-07,9.18393974032465e-09,5.184303407790953e-05,0.008949849112181338,0.0
416.0,10.0,120.0,False,3,447.20000000493314,315.27807719514885,2.386058817741807,0.0005165144530179307,5.853518203399897e-07,6.767928154123087e-06,0.00018884594414081686,0.0007226997594327697,1.613787050438239e-05,0.21472468548881263,0.21333457600654065,1.613787050438239e-05,0.0,0.8202677419378955,1.2288627922996433,0.3565226964045655,0.052072353957182224,0.0,43.273225806210434,57.37708234540896,-0.014103856539198524,315.22719420892787,6.075073933712163,0.9977005238289692,6.326078257580369e-07,9.172813473491535e-09,5.181930234626894e-05,0.008949765821658915,0.0
416.9999999999991,10.0,120.0,False,3,457.2000000049354,315.26399284587455,2.3856508069391538,0.0005165354651363226,5.945192535191992e-07,6.760918554374131e-06,0.00018885609085735676,0.0007227385913072186,1.6130335953732708e-05,0.21465141101087964,0.2133832096776734,1.6130335953732708e-05,0.0,0.8202393478812267,1.2288708504232757,0.3565376577561737,0.052093844785875476,0.0,43.276065211877324,57.34054724206818,-0.01406448203019086,315.21313646080046,6.074960166134385,0.9977002622082535,6.318617383355332e-07,9.161995205865231e-09,5.1842449895229004e-05,0.008949685163249076,0.0
418.0,10.0,120.0,False,3,467.2000000049559,315.2499477725532,2.3852807656903194,0.0005165566603637624,6.036760168549845e-07,6.754140780807017e-06,0.00018886616099214994,0.0007227771300779662,1.612305920443446e-05,0.21458489602622322,0.2134348225676832,1.612305920443446e-05,0.0,0.8202119203568459,1.2288786934618532,0.3565525812198689,0.05211419188513847,0.0,43.278807964315405,57.304114038760034,-0.014025306074444629,315.1991179211291,6.07484671581159,0.9977000012874582,6.311362186079771e-07,9.15147516981567e-09,5.181886006201718e-05,0.00894960705420085,0.0
418.9999999999991,10.0,120.0,False,3,477.20000000495816,315.2359417794424,2.384947495271085,0.0005165771125560683,6.128224038840419e-07,6.74758735579392e-06,0.00018887615633852366,0.0007228153826089215,1.6116032144960975e-05,0.21452492018557073,0.21348931589408005,1.6116032144960975e-05,0.0,0.8201854078275372,1.2288863037154727,0.35656746687345253,0.05213342901448295,0.0,43.281459217246265,57.26778222758256,-0.013986323010336293,315.1851383944864,6.074733581162658,0.9976997410631914,6.304306163261515e-07,9.141243936729197e-09,5.18418962276463e-05,0.008949531414602493,0.0
420.0,10.0,120.0,False,3,487.2000000049786,315.22197467399207,2.3846498344657467,0.0005165977600645416,6.219586988768033e-07,6.74125106820262e-06,0.00018888607863095045,0.0007228533555387258,1.610924693878979e-05,0.21447127087074072,0.21354659416719282,1.610924693878979e-05,0.0,0.8201598084667656,1.2288937122977421,0.3565823147957921,0.05215158903518449,0.0,43.28401915332343,57.231551308916245,-0.013947532155592817,315.17119768863193,6.074620760632244,0.9976994815321181,6.297443036980727e-07,9.131292403622055e-09,5.181844599819272e-05,0.008949458167243034,0.0
420.9999999999991,10.0,120.0,False,3,497.2000000049809,315.2080462667232,2.3843866582968913,0.000516617681249203,6.310851771565288e-07,6.735124962328789e-06,0.00018889592954731752,0.0007228910552894419,1.6102696013805146e-05,0.2144237428763391,0.2136065650649561,1.6102696013805146e-05,0.0,0.8201350722125413,1.2289009012105696,0.3565971250667779,0.0521687039312504,0.0,43.28649277874585,57.19542079110908,-0.013908928012363226,315.15729561439093,6.0745082526898155,0.9976992226909581,6.290766745051306e-07,9.121611780324393e-09,5.1841370975408765e-05,0.008949387237536162,0.0
422.0,10.0,120.0,False,3,507.20000000500136,315.19415637119937,2.384156876803855,0.000516637808974764,6.402021054061878e-07,6.72920232740456e-06,0.00018890571071103186,0.000722928488074608,1.6096372052206704e-05,0.2143821381071716,0.2136691393127769,1.6096372052206704e-05,0.0,0.8201111984161993,1.2289079010133925,0.3566118977671887,0.05218480483000452,0.0,43.28888015838006,57.159390190402945,-0.013870510032022885,315.14343198562597,6.074396055829414,0.9976989645364858,6.284271432621443e-07,9.112193577301093e-09,5.181805818189455e-05,0.008949318553391629,0.0
422.9999999999991,10.0,120.0,False,3,517.2000000050036,315.18030480390917,2.383959433867881,0.000516657226099054,6.493097419631281e-07,6.723476687591684e-06,0.00018891542369309559,0.0007229656599071837,1.6090267980838634e-05,0.2143462652904766,0.2137342305692849,1.6090267980838634e-05,0.0,0.8200881384378668,1.2289146934389252,0.35662663297865926,0.05219992202239919,0.0,43.291186156213314,57.12345903062874,-0.013832272874415423,315.12960661911967,6.074284168568713,0.9976987070655274,6.277951444124306e-07,9.103029593980244e-09,5.184087220834379e-05,0.008949252045148182,0.0
424.0,10.0,120.0,False,3,527.2000000050241,315.16649138424197,2.383793306081708,0.0005166768600864025,6.584083371026474e-07,6.717941792489274e-06,0.00018892507001402683,0.0007230025766069016,1.608437696197683e-05,0.21431593970209223,0.21380175531658688,1.608437696197683e-05,0.0,0.8200658927564007,1.2289213085228903,0.3566413307835557,0.05221408498293393,0.0,43.293410724359916,57.087626843142665,-0.013794216118782749,315.1158193345502,6.074172589448813,0.9976984502749612,6.27180131562575e-07,9.094111907657338e-09,5.181769479951264e-05,0.008949187645453835,0.0
424.9999999999991,10.0,120.0,False,3,537.2000000050264,315.15271593437143,2.3836575016618102,0.0005166957982836657,6.674981333104052e-07,6.71259160806823e-06,0.00018893465114576166,0.0007230392438075462,1.6078692384489645e-05,0.21429098290580048,0.21387163275588097,1.6078692384489645e-05,0.0,0.8200444141011758,1.2289277277554271,0.35665599126495584,0.05222732238929548,0.0,43.29555858988241,57.05189316652534,-0.013756334576642928,315.10206995437557,6.0740613170333075,0.9976981941617149,6.265815767481386e-07,9.08543286284801e-09,5.184039814956328e-05,0.008949125289206892,0.0
426.0,10.0,120.0,False,3,547.2000000050468,315.13897827923563,2.383551059401254,0.0005167149628358,6.765793655447397e-07,6.707420308067507e-06,0.00018894416851340963,0.0007230756669636738,1.607320785541581e-05,0.2142712225050549,0.21394378470705563,1.607320785541581e-05,0.0,0.820023704028521,1.228933980676649,0.3566706145065326,0.0522396621415955,0.0,43.29762959714789,57.01625754652887,-0.01371862794938098,315.08835830381304,6.073950349908115,0.9976979387227659,6.259989697354973e-07,9.076985061164712e-09,5.181735418151659e-05,0.008949064913444214,0.0
426.9999999999991,10.0,120.0,False,3,557.2000000050491,315.12527824642285,2.383473047661567,0.0005167334455678801,6.856522614887649e-07,6.702422265765834e-06,0.00018895362349699815,0.0007231118513572895,1.6067917191873917e-05,0.2142564919064237,0.21401813551317245,1.6067917191873917e-05,0.0,0.820003716584717,1.2289400485585873,0.356685200592544,0.05225113138132624,0.0,43.29962834152828,56.98071953578171,-0.013681091194253427,315.0746842107258,6.073839686680568,0.9976976839551386,6.254318173510315e-07,9.068761351589958e-09,5.1839947161206375e-05,0.008949006457289533,0.0
428.0,10.0,120.0,False,3,567.2000000050696,315.11161566615516,2.38342256340177,0.000516752163381775,6.947170417932786e-07,6.697592046169079e-06,0.00018896301743307915,0.0007231478021039956,1.606281441335214e-05,0.21424663009407374,0.21409461194848123,1.606281441335214e-05,0.0,0.8199844543540827,1.228945960471718,0.35669974960772527,0.05226175650990983,0.0,43.30155456459172,56.94527869374506,-0.01364372412915334,315.06104750560615,6.073729325979269,0.9976974298559041,6.248796428431943e-07,9.060754821226317e-09,5.1817034789065734e-05,0.008948949861848913,0.0
428.9999999999991,10.0,120.0,False,3,577.2000000050718,315.09799037117597,2.383398731243159,0.000516770212568261,7.037739203102934e-07,6.692924398528973e-06,0.0001889723516163319,0.000723183524159128,1.605789373429344e-05,0.21424148141471738,0.21417314313091287,1.605789373429344e-05,0.0,0.8199658726482217,1.2289516974924724,0.3567142616372871,0.05227156320696343,0.0,43.303412735177815,56.90993458642199,-0.013606521851244174,315.0474480214634,6.073619266453185,0.9976971764221793,6.243419852688106e-07,9.052958786397754e-09,5.1839517731461573e-05,0.008948895070165618,0.0
430.0,10.0,120.0,False,3,587.2000000050923,315.08440222266535,2.3833986904295865,0.000516788510400765,7.128230991853487e-07,6.68840866857722e-06,0.00018898134436471351,0.0007232179395485828,1.605451519177204e-05,0.21424071634024627,0.21427188663280514,1.605451519177204e-05,0.0,0.8199467281118461,1.2289561233770134,0.3567287586892604,0.05228063657590687,0.0,43.305327188815376,56.87468685358146,-0.013569359664766082,315.0338856196902,6.07350950698099,0.997696923651607,6.238164994043892e-07,9.045339241363645e-09,5.181676394647259e-05,0.008948858742068112,1.6543612251060553e-24
430.9999999999991,10.0,120.0,False,3,597.2000000050946,315.07085128829516,2.3834102152670913,0.000516806215190421,7.218647018980904e-07,6.683982086524786e-06,0.0001889899004646265,0.0007232506839066526,1.6053138137840112e-05,0.2142423317408946,0.21439701739686232,1.6053138137840112e-05,0.0,0.8199262337387101,1.2289588234844895,0.3567432480671701,0.05228934167860925,0.0,43.30737662612898,56.839535670633865,-0.013532159044504886,315.02036036777974,6.073400048109306,0.9976966715456712,6.232969887443105e-07,9.037806336792503e-09,5.183921797851992e-05,0.008948838610825521,0.0
432.0,10.0,120.0,False,3,607.200000005115,315.057337490472,2.3834313341643125,0.0005168242503013163,7.308988174939256e-07,6.679623122983653e-06,0.0001889984286912009,0.0007232833215859633,1.6051789645527842e-05,0.21424564337868227,0.21452222223399248,1.6051789645527842e-05,0.0,0.8199060694434481,1.2289615049174096,0.3567576981397606,0.05229773733420089,0.0,43.30939305565518,56.80448083617092,-0.013495087780515738,315.0068721882355,6.0732908892113695,0.9976964201031522,6.227838431639212e-07,9.030365725876858e-09,5.181664313367272e-05,0.008948818772254405,0.0
432.9999999999991,10.0,120.0,False,3,617.2000000051173,315.0438607013242,2.383461907681607,0.0005168417175181593,7.399255376524436e-07,6.675330679729497e-06,0.00018900692930901906,0.0007233158535991706,1.6050468786689043e-05,0.21425062144475743,0.21464749011120143,1.6050468786689043e-05,0.0,0.8198862082014736,1.2289641448829765,0.35677210902891066,0.052305827652592146,0.0,43.31137917985263,56.769522018363496,-0.013458142838510866,314.9934209533783,6.073182029254285,0.9976961693218936,6.222769769825641e-07,9.02301616624718e-09,5.1838980417735075e-05,0.008948799223614258,0.0
434.0,10.0,120.0,False,3,627.2000000051378,315.0304207937151,2.3835017981154474,0.0005168595148976211,7.489449528148634e-07,6.671103838349918e-06,0.00018901540246970189,0.0007233482805266428,1.604917517645988e-05,0.21425724179047223,0.21477281722697816,1.604917517645988e-05,0.0,0.8198666697373157,1.228966767305458,0.35678648086444714,0.05231361670369519,0.0,43.31333302626842,56.73465888728999,-0.013421325861021571,314.980006536263,6.07307346721109,0.9976959191997514,6.217763054193952e-07,9.01575642858123e-09,5.181652654588946e-05,0.008948779961025706,0.0
434.9999999999991,10.0,120.0,False,3,637.20000000514,315.01701764119537,2.3835508695973497,0.0005168767487944439,7.579571522023881e-07,6.666941695670654e-06,0.00018902384832329244,0.0007233806029427085,1.604790843576373e-05,0.21426548065835374,0.21489819983840527,1.604790843576373e-05,0.0,0.8198474267579289,1.2289693490474876,0.356800813775557,0.05232110851400176,0.0,43.3152573242071,56.69989111481208,-0.013384633790604979,314.96662881063054,6.072965202060385,0.9976956697345924,6.212817449964175e-07,9.008585302448054e-09,5.183874692510446e-05,0.00894876098068117,0.0
436.0,10.0,120.0,False,3,647.2000000051605,315.003651118045,2.3836089880667926,0.0005168943124869632,7.66962223835084e-07,6.662843362772062e-06,0.00018903226701825197,0.0007234128214156393,1.6046668191211666e-05,0.21427531465205557,0.2150236342596731,1.6046668191211666e-05,0.0,0.8198284989369756,1.2289719138945991,0.3568151078907404,0.05232830706688304,0.0,43.31715010630243,56.6652183746852,-0.013348068268382775,314.95328765095064,6.072857232786652,0.9976954209242955,6.207932135163945e-07,9.00150159598772e-09,5.181641318764089e-05,0.008948742278816209,0.0
436.9999999999991,10.0,120.0,False,3,657.2000000051628,314.9903210992194,2.383676021244344,0.0005169113170355442,7.759602545501242e-07,6.658807964695259e-06,0.0001890406587015131,0.0007234449365078573,1.6045454074995828e-05,0.21428672072938357,0.21514911686151253,1.6045454074995828e-05,0.0,0.8198098591862706,1.2289744388270993,0.3568293633378667,0.052335216302962034,0.0,43.31901408137293,56.630640342416626,-0.013311626261043699,314.939982932367,6.072749558379834,0.9976951727667507,6.203106300375825e-07,8.994504135544946e-09,5.183851738384867e-05,0.00894872385173604,0.0
438.0,10.0,120.0,False,3,667.2000000051833,314.97702746039045,2.383751838605202,0.0005169286509730021,7.849513300199859e-07,6.654834640188209e-06,0.0001890490235184742,0.0007234769487759099,1.6044265724794494e-05,0.21429967619555093,0.2152746440697645,1.6044265724794494e-05,0.0,0.8197915271284945,1.2289769474930476,0.35684358024412866,0.05234184012042454,0.0,43.32084728715054,56.596156695373985,-0.013275309408223442,314.92671453073916,6.072642177835658,0.9976949252598597,6.198339148525033e-07,8.987591765361297e-09,5.181630295664338e-05,0.008948705695787079,0.0
438.9999999999991,10.0,120.0,False,3,677.2000000051855,314.9637700778958,2.38383631135327,0.0005169454300355081,7.939355347700267e-07,6.650922541428447e-06,0.00018905736161305275,0.0007235088587706754,1.6043102783670124e-05,0.2143141586966155,0.21540021236482831,1.6043102783670124e-05,0.0,0.8197734758784097,1.228979416989895,0.3568577587360956,0.052348182375389796,0.0,43.32265241215902,56.561767112652205,-0.013239114700493182,314.9134823225913,6.072535090155229,0.997694678401535,6.193629894637933e-07,8.980763347225002e-09,5.1838291685384844e-05,0.00894868780738335,0.0
440.0,10.0,120.0,False,3,687.200000005206,314.9505488287783,2.383929312395634,0.0005169625380420581,8.02912952196032e-07,6.647070833781719e-06,0.00018906567312767755,0.0007235406670373341,1.6041964899978498e-05,0.21433014621306906,0.21552581828029035,1.6041964899978498e-05,0.0,0.8197557250075519,1.228981870829443,0.35687189893966914,0.0523542468822221,0.0,43.3244274992448,56.527471275176765,-0.013203043775931967,314.90028618515186,6.072428294345356,0.997694432189701,6.188977765639163e-07,8.974017760176786e-09,5.18161957545598e-05,0.008948670182978222,0.0
440.9999999999991,10.0,120.0,False,3,697.2000000052083,314.9373635907346,2.3840307163175343,0.0005169790953750947,8.118836645811553e-07,6.643278695536204e-06,0.0001890739582033415,0.0007235723741155683,1.6040851727270647e-05,0.21434761705356756,0.21565145840242048,1.6040851727270647e-05,0.0,0.8197382478317113,1.2289842862257505,0.3568860009801369,0.05236003741390222,0.0,43.32617521682886,56.493268865569554,-0.013167093648740696,314.88712599630213,6.0723217894181145,0.9976941866222923,6.184382000119542e-07,8.967353900173336e-09,5.183806972507664e-05,0.008948652819090717,0.0
442.0,10.0,120.0,False,3,707.2000000052287,314.9242142421564,2.384140399357747,0.0005169959811711231,8.208477531128375e-07,6.6395453176732375e-06,0.0001890822169795937,0.0007236039805395345,1.6039762924206198e-05,0.21436654984880774,0.2157771293688222,1.6039762924206198e-05,0.0,0.8197210638710872,1.228986686555551,0.3569000649821269,0.05236555770233685,0.0,43.327893612891266,56.459159568256545,-0.01313126595536528,314.8740016346175,6.072215574391209,0.9976939416972552,6.179841848143224e-07,8.960770679807676e-09,5.181609148683687e-05,0.00894863571227741,0.0
442.9999999999991,10.0,120.0,False,3,717.200000005231,314.91110066207824,2.384258239384418,0.000517012320429603,8.298052978991413e-07,6.635869903613168e-06,0.0001890904495945902,0.0007236354868380553,1.603869815445918e-05,0.21438692354555838,0.21590282786797876,1.603869815445918e-05,0.0,0.8197041466405828,1.228989049148974,0.3569140910696614,0.05237081143873004,0.0,43.329585335941715,56.42514306933238,-0.013095557733390663,314.86091297931546,6.072109648287529,0.9976936974125464,6.175356571024624e-07,8.954267027985705e-09,5.1837851402017354e-05,0.008948618859158654,0.0
444.0,10.0,120.0,False,3,727.2000000052515,314.8980227302183,2.3843841158713057,0.0005170289876355065,8.387563779850733e-07,6.63225166899663e-06,0.0001890986561850862,0.000723666893534592,1.6037657086634963e-05,0.21440871740080872,0.21602855063794757,1.6037657086634963e-05,0.0,0.8196875156088518,1.228991397248857,0.35692807936611265,0.05237580227389258,0.0,43.33124843911481,56.39121905666533,-0.013059970617550518,314.8478599102959,6.072004010135486,0.9976934537661342,6.170925441144138e-07,8.947841889659e-09,5.181599006253172e-05,0.008948602256390647,0.0
444.9999999999991,10.0,120.0,False,3,737.2000000052537,314.88498032692775,2.384517909874449,0.000517045112376339,8.477010713683328e-07,6.628689841441829e-06,0.00018910683688648584,0.0007236982011474326,1.6036639394180062e-05,0.21443191097607164,0.21615429446592907,1.6036639394180062e-05,0.0,0.819671144487989,1.228993708300855,0.356942029994255,0.05238053381861124,0.0,43.332885551201095,56.35738721976692,-0.013024501668565825,314.83484230809097,6.071898658968608,0.9976932107559965,6.166547741734489e-07,8.941494225515009e-09,5.183763661907332e-05,0.008948585900691563,0.0
446.0,10.0,120.0,False,3,747.2000000052742,314.8719733332299,2.3846595040092105,0.0005170615645161359,8.566394550150642e-07,6.625183660335834e-06,0.00018911499183283311,0.0007237294101896593,1.6035644755302406e-05,0.21445648413179735,0.21628005618701143,1.6035644755302406e-05,0.0,0.8196550526948768,1.228996005415057,0.35695594307622175,0.05238500964395853,0.0,43.334494730512304,56.32364724989279,-0.012989152519380482,314.821860053904,6.071793593825846,0.9976929683801228,6.162222766704318e-07,8.935223011721262e-09,5.1815891394138384e-05,0.00894856978881379,0.0
446.9999999999991,10.0,120.0,False,3,757.2000000052765,314.8590016307704,2.38480878242778,0.0005170774782017545,8.655716048750447e-07,6.621732376602273e-06,0.00018912312115686153,0.000723760521169337,1.6034672852884784e-05,0.21448241702193363,0.21640583268377026,1.6034672852884784e-05,0.0,0.8196392141368813,1.2289982661520984,0.3569698187335575,0.052389233281659536,0.0,43.33607858631186,56.28999883991403,-0.012953920253602171,314.80891302955985,6.071688813751186,0.9976927266365127,6.157949820433159e-07,8.929027239628081e-09,5.183742528258031e-05,0.008948553917569952,0.0
448.0,10.0,120.0,False,3,767.2000000052969,314.8460651018577,2.384965630796981,0.0005170937187065335,8.744975958968913e-07,6.6183352525029624e-06,0.00018913122498998407,0.0007237915345894757,1.6033723374408747e-05,0.21450969008858906,0.2165316208850377,1.6033723374408747e-05,0.0,0.8196236481788723,1.2290005134904454,0.3569836570871729,0.05239320822440008,0.0,43.337635182112756,56.256441684421326,-0.01291880650230857,314.796001117545,6.071584317793962,0.9976924855231766,6.153728217603499e-07,8.922905915525073e-09,5.1815795397436044e-05,0.008948538283805336,0.0
448.9999999999991,10.0,120.0,False,3,777.2000000052992,314.83316362941156,2.3851299362765292,0.0005171094247082607,8.834175020427141e-07,6.61499156141492e-06,0.00018913930346234128,0.0007238224509482147,1.603279601187114e-05,0.2145382840568387,0.2166574177655481,1.603279601187114e-05,0.0,0.8196083289215754,1.2290027251051674,0.35699745825739854,0.05239693792619349,0.0,43.33916710784245,56.22297547959276,-0.012883808371750313,314.7831242009568,6.071480105008453,0.9976922450381347,6.149557283003115e-07,8.916858060354516e-09,5.183721730217007e-05,0.00894852288442379,0.0
450.0,10.0,120.0,False,3,787.2000000053197,314.82029709700373,2.385301587497633,0.0005171254569194748,8.923313963027954e-07,6.611700587641332e-06,0.0001891473567027919,0.0007238532707387858,1.6031890461711348e-05,0.21456817992962354,0.21678322034474332,1.6031890461711348e-05,0.0,0.819593275677586,1.2290049238442127,0.3570112223639407,0.052400425802686036,0.0,43.34067243224139,56.18959992329779,-0.0128489274910564,314.77028216354336,6.071376174454195,0.9976920051794184,6.145436351364879e-07,8.910882709479075e-09,5.1815701991326374e-05,0.008948507716360335,0.0
450.9999999999991,10.0,120.0,False,3,797.200000005322,314.80746538880766,2.3854804745419473,0.000517140958520745,9.012393507097316e-07,6.608461626197964e-06,0.00018915538483895965,0.0007238839944496933,1.6031006424731077e-05,0.21459935898278173,0.21690902568643888,1.6031006424731077e-05,0.0,0.8195784627390778,1.2290070874965335,0.3570249495259334,0.052403675231522374,0.0,43.342153726092214,56.15631471496769,-0.012814160988875478,314.7574748896537,6.071272525195586,0.9976917659450683,6.141364767176871e-07,8.904978912406464e-09,5.1837012590640226e-05,0.008948492776606951,0.0
452.0,10.0,120.0,False,3,807.2000000053424,314.79466838963845,2.3856664889209087,0.0005171567856933631,9.101414363526108e-07,6.605273982633087e-06,0.00018916338799722254,0.0007239146225646733,1.6030143606024733e-05,0.21463180276017857,0.21703483089766648,1.6030143606024733e-05,0.0,0.8195639093661022,1.229009238780646,0.3570386398618945,0.052406689552649176,0.0,43.34360906338976,56.12311955569913,-0.012779510492309363,314.74470226427763,6.071169156302217,0.997691527333136,6.137341884529409e-07,8.899145732567644e-09,5.1815611097725135e-05,0.008948478062185355,0.0
452.9999999999991,10.0,120.0,False,3,817.2000000053447,314.78190598490244,2.3858595235554247,0.0005171720860928004,9.190377233906609e-07,6.602136972822622e-06,0.0001891713663027597,0.0007239451555628721,1.602930171490224e-05,0.21466549306895988,0.2171606331283758,1.602930171490224e-05,0.0,0.8195495900403796,1.229011355598836,0.35705229348977824,0.05240947206867816,0.0,43.34504099596202,56.09001414812296,-0.012744973152160938,314.7319641729954,6.071066066848443,0.9976912893416828,6.133367066932279e-07,8.893382247051805e-09,5.183681106387837e-05,0.008948463570172694,0.0
454.0,10.0,120.0,False,3,827.2000000053652,314.76917806063796,2.3860594727558646,0.0005171877113983227,9.279282810669468e-07,6.599049922798454e-06,0.00018917931987954046,0.0007239755939188043,1.6028480464822407e-05,0.21470041197488582,0.21728642957029826,1.6028480464822407e-05,0.0,0.8195355239691327,1.229013460541252,0.3570659105269311,0.052412026045188076,0.0,43.34644760308672,56.05699819651033,-0.012710550593423605,314.71926050201824,6.070963255913728,0.9976910519687799,6.129439687168824e-07,8.887687546394797e-09,5.181552264137785e-05,0.008948449297674474,0.0
454.9999999999991,10.0,120.0,False,3,837.2000000053674,314.75648450346506,2.386266232202435,0.0005172028137126859,9.368131777215449e-07,6.5960121685519615e-06,0.00018918724885036924,0.0007240059381025263,1.6027679573318663e-05,0.2147365417977925,0.21741221745667755,1.6027679573318663e-05,0.0,0.8195216858217305,1.2290155316229596,0.35707949109014375,0.0524143547110853,0.0,43.347831417826946,56.02407140664233,-0.012676239988815383,314.7065911381385,6.070860722582239,0.9976908152125086,6.125559127120102e-07,8.882060734324148e-09,5.1836612640688597e-05,0.008948435241850149,0.0
456.0,10.0,120.0,False,3,847.2000000053879,314.74382520062557,2.386479698925853,0.0005172182402420248,9.456924808047806e-07,6.593023055870277e-06,0.0001891951533368749,0.000724036188579593,1.6026898761935252e-05,0.21477386510713345,0.21753799406117016,1.6026898761935252e-05,0.0,0.8195080947522759,1.2290175913067873,0.35709303529560765,0.05241646125890372,0.0,43.349190524772396,55.99123348591343,-0.012642042961141037,314.6939559687692,6.070758465943158,0.9976905790709599,6.121724777625351e-07,8.87650092755676e-09,5.1815436549762246e-05,0.008948421399886223,0.0
456.9999999999991,10.0,120.0,False,3,857.2000000053902,314.7312000399324,2.386699771288366,0.0005172331475090278,9.545662568899503e-07,6.590081940147545e-06,0.00018920303345955504,0.0007240663458112301,1.6026137756155646e-05,0.21481236471763915,0.21766375669760912,1.6026137756155646e-05,0.0,0.8194947256158975,1.2290196177200283,0.35710654325896735,0.05241834884516344,0.0,43.35052743841024,55.95848414320033,-0.012607956704790091,314.6813548818938,6.070656485090286,0.9976903435422344,6.11793603831247e-07,8.871007255553082e-09,5.183641724263973e-05,0.008948407769021725,0.0
458.0,10.0,120.0,False,3,867.2000000054106,314.7186089098118,2.386926348965056,0.0005172483782752718,9.634345716861137e-07,6.587188186229221e-06,0.00018921088933776412,0.000724096410254286,1.6025396285341683e-05,0.21485202368504014,0.21778950271890982,1.6025396285341683e-05,0.0,0.8194815975132773,1.2290216331992192,0.3571200150952751,0.05242002059066678,0.0,43.35184024867226,55.92582308897181,-0.01257398284029955,314.66878776610827,6.070554779122377,0.9976901086244427,6.114192317465577e-07,8.865578860325087e-09,5.181535275299064e-05,0.008948394346521475,0.0
458.9999999999991,10.0,120.0,False,3,877.2000000054129,314.7060516992512,2.3871593329254917,0.0005172630934562809,9.722974900503834e-07,6.5843411682304565e-06,0.00018921872108975768,0.0007241263823614038,1.6024674082664454e-05,0.2148928253019202,0.2179152295168773,1.6024674082664454e-05,0.0,0.8194686854834252,1.2290236159833259,0.357133450919045,0.05242147958085562,0.0,43.35313145165747,55.893250035152555,-0.012540118583495087,314.6562545105688,6.070453347142714,0.9976898743157048,6.11049303186102e-07,8.86021489619848e-09,5.183622479394603e-05,0.008948381129701439,0.0
460.0,10.0,120.0,False,3,887.2000000054334,314.6935282978414,2.3873986254156487,0.000517278131397335,9.811550760002926e-07,6.581540269387718e-06,0.00018922652883268017,0.0007241562625809718,1.6023970885046077e-05,0.2149347530936231,0.21804093452113746,1.6023970885046077e-05,0.0,0.8194560085732936,1.2290255882836056,0.35714685084420744,0.052422728866104606,0.0,43.35439914267063,55.8607646952335,-0.012506365552562869,314.64375500503417,6.07035218825946,0.99768964061415,6.106837606640993e-07,8.85491452962944e-09,5.181527118362566e-05,0.00894836811590218,0.0
460.9999999999991,10.0,120.0,False,3,897.2000000054356,314.6810385957255,2.387644129940164,0.0005172926573799542,9.900073927256643e-07,6.578784881884336e-06,0.00018923431268260806,0.0007241860513572912,1.602328643309318e-05,0.21497779081427645,0.218166615198962,1.602328643309318e-05,0.0,0.8194435420039045,1.2290275284501408,0.35716021498416156,0.05242377146207491,0.0,43.35564579960954,55.828366784138886,-0.012472720984529347,314.6312891398148,6.070251301585235,0.9976894075179173,6.103225475155907e-07,8.849676938976065e-09,5.183603522143469e-05,0.00894835530251409,0.0
462.0,10.0,120.0,False,3,907.2000000054561,314.6685824836403,2.3878957512448364,0.0005173075053610724,9.988545026005735e-07,6.576074406708926e-06,0.00018924207275453656,0.000724215749130523,1.6022620471040957e-05,0.21502192244287743,0.21829226905423166,1.6022620471040957e-05,0.0,0.8194313047681667,1.2290294585699038,0.35717354345173125,0.05242461035000573,0.0,43.35686952318332,55.7960560183338,-0.01243918649515048,314.61885680581383,6.070150686237456,0.9976891750251553,6.099656078843214e-07,8.844501314322661e-09,5.1815191776691076e-05,0.00894834268695099,0.0
462.9999999999991,10.0,120.0,False,3,917.2000000054584,314.656159852866,2.3881533952994674,0.0005173218449616187,1.0076964671948226e-06,6.5734082534878205e-06,0.0001892498091624235,0.0007242453563368583,1.602197274668932e-05,0.2150671321794817,0.2184178936272788,1.602197274668932e-05,0.0,0.8194192722672583,1.22903135710354,0.35718683635921733,0.05242524847706439,0.0,43.35807277327416,55.76383211569358,-0.012405759342419422,314.60645789447716,6.070050341337928,0.997688943134021,6.09612886707574e-07,8.839386857259822e-09,5.183584845436153e-05,0.008948330266675264,0.0
464.0,10.0,120.0,False,3,927.2000000054788,314.64377059526674,2.3884169692809225,0.0005173365057778292,1.0165333472855e-06,6.570785840349685e-06,0.00018925752201917517,0.0007242748734084622,1.602134301134913e-05,0.21511340444145122,0.21854348649388275,1.602134301134913e-05,0.0,0.8194074634397224,1.2290332460147109,0.357200093818353,0.05242568875663539,0.0,43.359253656027754,55.73169479560913,-0.012372441139581376,314.59409229783375,6.069950266013176,0.9976887118426815,6.092643297045761e-07,8.834332780716354e-09,5.181511446945494e-05,0.008948318039171621,0.0
464.9999999999991,10.0,120.0,False,3,937.2000000054811,314.6314146032408,2.3886863815565342,0.0005173506617437068,1.0253652028680749e-06,6.5682065937645105e-06,0.00018926521143668886,0.0007243043007736366,1.6020731019780566e-05,0.21516072385980686,0.2186690452651337,1.6020731019780566e-05,0.0,0.8193958538650501,1.2290351038740746,0.35721331594035693,0.052425934068667426,0.0,43.36041461349498,55.69964377885755,-0.012339229165362568,314.581759908446,6.069850459394037,0.9976884811493125,6.089198833618633e-07,8.829338308747018e-09,5.183566442432423e-05,0.008948306001972111,0.0
466.0,10.0,120.0,False,3,947.2000000055016,314.6190917697615,2.388961541667715,0.0005173651381221419,1.0341920931675886e-06,6.565669948414659e-06,0.00018927287752583882,0.0007243336388567687,1.602013653014187e-05,0.21520907527563338,0.21879456758644605,1.602013653014187e-05,0.0,0.819384462427096,1.2290369525229423,0.35722650283588764,0.05242598725995869,0.0,43.361553757290395,55.66767878770816,-0.012306125030417768,314.56946061945035,6.069750920615991,0.997688251052099,6.085794949222397e-07,8.824402676372475e-09,5.181503920136457e-05,0.008948294152630043,0.0
466.9999999999991,10.0,120.0,False,3,957.2000000055039,314.60680198832836,2.389242360313871,0.0005173791131341158,1.0430140766493738e-06,6.5631753470400195e-06,0.00018928052039651825,0.0007243628880784891,1.6019559303929946e-05,0.215258443736577,0.21892005113743646,1.6019559303929946e-05,0.0,0.8193732648818317,1.229038770641428,0.35723965461509577,0.0524258511445006,0.0,43.362673511816816,55.635799545796225,-0.012273126033979408,314.557194324509,6.069651648818776,0.9976880215492349,6.082431123706731e-07,8.81952512937476e-09,5.1835483065208136e-05,0.008948282488744885,0.0
468.0,10.0,120.0,False,3,967.2000000055243,314.59454515300587,2.389528749336548,0.0005173934077362365,1.051831211029877e-06,6.560722240314296e-06,0.00018928814015762527,0.0007243920488556192,1.6018999105930846e-05,0.21530881449340222,0.21904549363097925,1.6018999105930846e-05,0.0,0.8193622800580971,1.2290405799494397,0.357252771387581,0.05242552850376159,0.0,43.36377199419028,55.60400577822309,-0.01224023378403281,314.54496091784813,6.069552643146684,0.997687792638923,6.079106844236616e-07,8.814704924143093e-09,5.181496591397062e-05,0.008948271007936343,0.0
468.9999999999991,10.0,120.0,False,3,977.2000000055266,314.58232115837603,2.3898206217038753,0.0005174072044106164,1.060643553287034e-06,6.5583100866966625e-06,0.00018929573691710318,0.0007244211216013263,1.601845570416287e-05,0.21536017299664126,0.2191708928130951,1.601845570416287e-05,0.0,0.8193514838865253,1.2290423592359934,0.3572658532624423,0.05242502208702567,0.0,43.364851611347454,55.5722972114333,-0.012207445600085848,314.5327602942108,6.069453902748192,0.9976875643193748,6.07582160515693e-07,8.809941327477549e-09,5.1835304312991114e-05,0.008948259707869168,0.0
470.0,10.0,120.0,False,3,987.200000005547,314.57012989957724,2.3901178914952013,0.0005174213198343554,1.0694511596707479e-06,6.555938352313257e-06,0.000189303310781927,0.0007244501067250696,1.6017928869828926e-05,0.2154125048932784,0.21929624646202428,1.6017928869828926e-05,0.0,0.819340895140615,1.2290441301005242,0.3572789003482355,0.05242433461167363,0.0,43.365910485938485,55.54067357331516,-0.012174763087376675,314.52059234889555,6.069355426776275,0.9976873365888108,6.072574907890642e-07,8.80523361644143e-09,5.181489455086206e-05,0.008948248586227347,0.0
470.9999999999991,10.0,120.0,False,3,997.2000000055493,314.55797127225696,2.3904204738860235,0.0005174349407250884,1.0782540857129094e-06,6.553606510814543e-06,0.00018931086185814308,0.0007244790046327548,1.6017418377261674e-05,0.2154657960235432,0.2194215523881357,1.6017418377261674e-05,0.0,0.8193304899238575,1.2290458714403985,0.3572919127530227,0.05242346876351817,0.0,43.36695100761424,55.509134593078606,-0.012142183585464365,314.5084569777095,6.069257214388013,0.99768710944546,6.069366260808128e-07,8.800581078171787e-09,5.1835128105743537e-05,0.008948237640738823,0.0
472.0,10.0,120.0,False,3,1007.2000000055698,314.5458451726102,2.390728285133127,0.0005174488795069014,1.0870523862375508e-06,6.5513140432621996e-06,0.0001893183902508548,0.0007245078157266763,1.601692400387794e-05,0.21552003241773499,0.21954680843302615,1.601692400387794e-05,0.0,0.8193202869540818,1.229047604735494,0.3573048905843307,0.05242242719708144,0.0,43.36797130459181,55.47768000135415,-0.012109708696762339,314.49635407700634,6.069159264744913,0.9976868828875602,6.066195179129767e-07,8.795983009738162e-09,5.181482505752519e-05,0.00894822686914984,0.0
472.9999999999991,10.0,120.0,False,3,1017.2000000055721,314.5337514973327,2.3910412425599707,0.00051746232710758,1.095846115370542e-06,6.54906043799144e-06,0.000189325896064262,0.0007245365404056722,1.6016445530125583e-05,0.2155752002931332,0.21967201246944182,1.6016445530125583e-05,0.0,0.8193102625058452,1.2290493089909726,0.35731783394920036,0.05242121253592711,0.0,43.368973749415474,55.44630953007192,-0.012077335780656447,314.48428354363983,6.069061577012524,0.9976866569133575,6.063061184799802e-07,8.791438717959714e-09,5.1834954383584916e-05,0.008948216269249545,0.0
474.0,10.0,120.0,False,3,1027.200000005589,314.5216901436587,2.3913592645423094,0.0005174760917244179,1.1046353265494125e-06,6.546845190503258e-06,0.00018933337940164682,0.0007245651790650644,1.6015982739439944e-05,0.21563128605096507,0.21979716240040492,1.6015982739439944e-05,0.0,0.8193004352409802,1.229051005568059,0.35733074295414485,0.05241982737293407,0.0,43.36995647590197,55.415022912560175,-0.012045066436658203,314.4722452750017,6.068964150360747,0.9976864315211067,6.059963806393082e-07,8.786947519269969e-09,5.181475738128948e-05,0.00894820583884448,0.0
474.9999999999991,10.0,120.0,False,3,1037.2000000055798,314.5096610093156,2.391682270494033,0.0005174893684702105,1.1134200725327443e-06,6.544667803331757e-06,0.00018934084036541173,0.0007245937320968103,1.601553541819259e-05,0.21568827627342826,0.21992225615914152,1.601553541819259e-05,0.0,0.8192907816033362,1.2290526735791587,0.357343617705198,0.052418274270624426,0.0,43.370921839666366,55.38381988342608,-0.012012898043759712,314.4602391689757,6.068866983963469,0.9976862067090708,6.056902578993545e-07,8.78250873954064e-09,5.183478308848875e-05,0.008948195575783078,0.0
476.0,10.0,120.0,False,3,1047.200000005589,314.4976639925605,2.3920101808532235,0.0005175029613414102,1.122200405409676e-06,6.542527785940922e-06,0.00018934827905706542,0.0007246221998894444,1.601510335564933e-05,0.21574615772078243,0.22004729170823664,1.601510335564933e-05,0.0,0.8192813201984223,1.2290543342677305,0.3573564583078737,0.052416555761434565,0.0,43.37186798015777,55.35270017865249,-0.011980832198494724,314.44826512397503,6.06877007699885,0.9976859824755215,6.053877044104678e-07,8.778121713951782e-09,5.181469147127332e-05,0.008948185477930295,0.0
476.9999999999991,10.0,120.0,False,3,1057.2000000055798,314.48569899213607,2.3923429170684543,0.0005175160696109125,1.1309763766089971e-06,6.540424654597327e-06,0.00018935569557726014,0.0007246505828282228,1.6014686343921038e-05,0.2158049173284963,0.22017226703956894,1.6014686343921038e-05,0.0,0.8192720276376235,1.2290559668528753,0.35736926486721343,0.052414674348038356,0.0,43.37279723623764,55.32166353548182,-0.01194886629924418,314.43632303889746,6.068673428648975,0.9976857588187383,6.050886749532496e-07,8.77378578682212e-09,5.183461416430422e-05,0.008948175543192003,0.0
478.0,10.0,120.0,False,3,1067.200000005589,314.4737659073058,2.3926804015852614,0.0005175294931000139,1.139748036908354e-06,6.538357932270844e-06,0.00018936309002577802,0.0007246788812950713,1.6014284177923102e-05,0.21586454220445084,0.22029718017349786,1.6014284177923102e-05,0.0,0.8192629224697963,1.2290575924611589,0.3573820374877467,0.05241263250361583,0.0,43.37370775302036,55.29070969250853,-0.011917001939488166,314.424412813161,6.068577038100139,0.9976855357370095,6.047931249299364e-07,8.769500311484077e-09,5.181462727828646e-05,0.00894816576948976,0.0
478.9999999999991,10.0,120.0,False,3,1077.2000000055798,314.4618646378104,2.393022557832881,0.0005175424352170299,1.148515436443054e-06,6.536327148512129e-06,0.00018937046250156717,0.0007247070956687223,1.6013896655327963e-05,0.21592501962619964,0.22042202915880899,1.6013896655327963e-05,0.0,0.8192539814721184,1.229059190417828,0.35739477627353783,0.0524104326721718,0.0,43.37460185278815,55.259838389565225,-0.011885236536777071,314.41253434666004,6.068480904542483,0.9976853132286306,6.045010103531131e-07,8.76526465012014e-09,5.183444755657183e-05,0.008948156154785098,0.0
480.0,10.0,120.0,False,3,1087.200000005589,314.4499950839044,2.393369310211134,0.0005175556916335245,1.1572786247149853e-06,6.534331839357979e-06,0.0001893778131027274,0.0007247352263246623,1.6013523576526407e-05,0.215986337038277,0.22054681207190444,1.6013523576526407e-05,0.0,0.819245223136473,1.2290607817334185,0.35740748132814537,0.05240807726880016,0.0,43.375477686352696,55.22904936781853,-0.011853571681465837,314.40068753980233,6.068385027170309,0.9976850912919064,6.042122878375147e-07,8.761078173643964e-09,5.18145647547541e-05,0.008948146697054439,0.0
