time_s,current_a,stack_air_flow_slpm,purge_event,purge_count,charge_since_purge_as,stack_temperature_k,membrane_mean_water_content,anode_hydrogen_mol,anode_nitrogen_mol,anode_water_vapour_mol,cathode_oxygen_mol,cathode_nitrogen_mol,cathode_total_water_mol,anode_water_activity,cathode_water_activity,cathode_water_vapour_mol,cathode_liquid_water_mol,cell_voltage_v,reversible_voltage_v,orr_activation_loss_v,membrane_ohmic_loss_v,additional_resolved_loss_v,heat_generation_w,air_cooling_w,temperature_rate_k_s,air_outlet_temperature_k,heat_transfer_ntu,heat_transfer_effectiveness,nitrogen_crossover_flux_mol_m2_s,nitrogen_crossover_rate_mol_s,hydrogen_inlet_mol_s,cathode_outlet_molar_flow_per_cell_mol_s,water_conservation_residual_mol_s
0.0,5.0,100.0,False,0,0.0,303.15,3.4854999999999983,0.0005448260318734078,0.0,0.0,0.0001978909134286812,0.0007466957855149046,2.0210638984506767e-05,0.0,0.5,2.0210638984506767e-05,0.0,0.8575140395084119,1.2276090734459983,0.3513063543964826,0.018788679541103852,0.0,19.7742980245794,21.641130301359897,-0.001866832276780496,303.1423262117994,7.172529980147308,0.9992326211799446,6.699064543977822e-07,9.713643588767843e-09,0.0,0.007448778583006852,0.0
1.0,5.0,100.0,False,0,4.999999999999999,303.14807838879887,3.4689403392072715,0.0005364510835038468,9.680329429537042e-09,8.36870435480302e-06,0.00019704741719112052,0.0007498180584275944,1.7937978017988388e-05,0.4969407188811083,0.4438217730411673,1.7937978017988388e-05,0.0,0.8586692469225723,1.228937066918216,0.3513688754500738,0.018898944545569906,0.0,19.71653765387138,21.636971408012524,-0.0019204337541411434,303.1404059322933,7.172511353765852,0.9992326068863208,6.645992220831979e-07,9.63668872020637e-09,2.5950272217536985e-05,0.007475974155239759,0.0
2.0,5.0,100.0,False,0,10.00000000000007,303.14616055673145,3.4561032571926167,0.000536490520173615,1.9272176402615865e-08,8.323122708775927e-06,0.00019706650362453105,0.0007498930426614856,1.7850011109151878e-05,0.49428533377882244,0.44169112802574984,1.7850011109151878e-05,0.0,0.8586477882996681,1.2290029817433448,0.3513697685616628,0.0189854248820138,0.0,19.717610585016587,21.63282069385914,-0.0019152101088425546,303.13848942935397,7.17249276401594,0.9992325926205422,6.58418115178552e-07,9.547062670089005e-09,2.5949907709894166e-05,0.0074752809312477395,0.0
3.0,5.0,100.0,False,0,15.00000000000014,303.1442479343929,3.4435942177330716,0.0005365295432152592,2.877589571139153e-08,8.27803349855301e-06,0.00019708566019037646,0.0007499659508384774,1.776403362103292e-05,0.4916585016527107,0.4396091452435184,1.776403362103292e-05,0.0,0.8586266241123856,1.229067741921052,0.3513706506648626,0.01907046714380384,0.0,19.71866879438072,21.628681255099057,-0.0019100124607183383,303.1365781325849,7.172474224764485,0.9992325783932519,6.524437079343344e-07,9.46043376504785e-09,2.5949482580322862e-05,0.00747460352489786,0.0
4.0,5.0,100.0,False,0,19.999999999999925,303.14234049816554,3.431405678461707,0.0005365681353886684,3.8194433158666893e-08,8.233451060564154e-06,0.00019710440396884536,0.0007500372870051192,1.768002450143856e-05,0.489061085899549,0.437575321181024,1.768002450143856e-05,0.0,0.8586056982952911,1.229131328416609,0.35137155635036904,0.019154073770948958,0.0,19.71971508523544,21.624553040616114,-0.0019048379553806747,303.1346720183842,7.172455735782555,0.9992325642042765,6.466686134402946e-07,9.376694894884272e-09,2.5949045996589287e-05,0.00747394175971219,0.0
5.0,5.0,100.0,False,0,24.99999999999964,303.1404382250433,3.4195301878403495,0.0005366062854722524,4.75306242947884e-08,8.189383821849533e-06,0.0001971227395461783,0.0007501070694933541,1.7597960904784596e-05,0.48649359914175794,0.4355891076165422,1.7597960904784596e-05,0.0,0.858585006419185,1.2291937402511033,0.3513724853080146,0.019236248523903644,0.0,19.720749679040743,21.620436000617953,-0.0018996863215772102,303.1327710637614,7.172437296847152,0.999232550053447,6.410853306271793e-07,9.2957372940941e-09,2.594859842294881e-05,0.007473295445144344,0.0
6.0,5.0,100.0,False,0,29.999999999999357,303.1385410922788,3.407960388879296,0.0005366439827086092,5.67871981088066e-08,8.145839851360983e-06,0.0001971406720355779,0.0007501753177740467,1.7517818318786335e-05,0.4839565328660538,0.4336499147440518,1.7517818318786335e-05,0.0,0.8585645445457865,1.22925497816601,0.3513734371899411,0.01931699643028246,0.0,19.721772772710672,21.616330085872377,-0.0018945573131617052,303.1308752459846,7.172418907737781,0.9992325359405962,6.356866620268186e-07,9.21745659938887e-09,2.5948140328817607e-05,0.007472664377991003,0.0
7.0,5.0,100.0,False,0,34.999999999999076,303.13664907736035,3.3966890248965447,0.00053668121681596,6.596678134440439e-08,8.102826844251217e-06,0.00019715820686315566,0.0007502420525079089,1.743957072766075e-05,0.48145035647883755,0.43175711519527465,1.743957072766075e-05,0.0,0.8585443091848205,1.2293150445246908,0.35137441162595234,0.01939632371391799,0.0,19.72278454075897,21.61223524765673,-0.0018894507068977617,303.12898454255713,7.1724005682362355,0.9992325218655589,6.304657017645194e-07,9.141752675585532e-09,2.5947672196036803e-05,0.007472048343679026,0.0
8.0,5.0,100.0,False,0,39.99999999999879,303.134762157987,3.3857089446690583,0.0005367179780003275,7.507190264281856e-08,8.060352105598307e-06,0.000197175349734762,0.0007503072954196198,1.73631907712497e-05,0.4789755163275825,0.42991004796337723,1.73631907712497e-05,0.0,0.8585242972676451,1.229373943218033,0.35137540822591906,0.01947423772446886,0.0,19.72378513661774,21.60815143770486,-0.0018843663010871196,303.12709893119313,7.172382278126352,0.9992325078281711,6.254158238210638e-07,9.068529445405425e-09,2.5947194518395438e-05,0.00747144711751743,0.0
9.0,5.0,100.0,False,0,44.99999999999773,303.13288031205116,3.3750131069939964,0.0005367542569675004,8.410499651857109e-08,8.018422534495787e-06,0.00019719210660391282,0.0007503710691758,1.7288649899181547e-05,0.4765324347432269,0.4281080222061432,1.7288649899181547e-05,0.0,0.8585045061191539,1.2294316795691564,0.35137642658209467,0.019550746867907937,0.0,19.724774694042303,21.60407860816917,-0.0018793039141268685,303.1252183898,7.172364037193836,0.9992324938282705,6.205306707104123e-07,8.997694725300978e-09,2.5946707801673824e-05,0.007470860465907607,0.0
10.0,5.0,100.0,False,0,49.999999999996675,303.131003517616,3.364594584681299,0.000536790044934661,9.306840717396084e-08,7.977044608651835e-06,0.00019720848364090495,0.0007504333972675036,1.7215918519326652e-05,0.4741215091124783,0.426350320910396,1.7215918519326652e-05,0.0,0.8584849334284612,1.229488260237995,0.35137746627135064,0.01962586053818311,0.0,19.725753328576936,21.60001671157142,-0.001874263382994485,303.1233428964557,7.172345845226052,0.9992324798656959,6.158041425613394e-07,8.929160067139421e-09,2.594621256288461e-05,0.007470288147506219,0.0
11.0,5.0,100.0,False,0,54.999999999995616,303.12913175290015,3.3544465680011966,0.0005368253336414889,1.0196439215808176e-07,7.936224369653943e-06,0.00019722448720323971,0.0007504943038976953,1.7144966139956348e-05,0.4717431109890053,0.42463620440260597,1.7144966139956348e-05,0.0,0.858465577218892,1.2295436931264998,0.3513785268573083,0.019699589050299397,0.0,19.726721139055392,21.595965700769682,-0.0018692445617142894,303.12147242939346,7.172327702011872,0.9992324659402874,6.112303865926934e-07,8.862840605594054e-09,2.5945709329882466e-05,0.007469729914336476,0.0
12.0,5.0,100.0,False,0,59.99999999999456,303.1272649962594,3.344562367612202,0.0005368601153605976,1.1079512587601342e-07,7.89596740905534e-06,0.00019724012380745344,0.0007505538138740735,1.7075761505137222e-05,0.4693975852531157,0.4229649136942175,1.7075761505137222e-05,0.0,0.8584464358176738,1.2295979872850853,0.35137960789237127,0.01977194357504028,0.0,19.727678209116306,21.59192552891923,-0.0018642473198029245,303.1196069669837,7.172309607341494,0.9992324520518859,6.068037869715091e-07,8.798654911086883e-09,2.5945198640626825e-05,0.007469185512844334,0.0
13.0,5.0,100.0,False,0,64.99999999999378,303.12540322617394,3.334935416996471,0.0005368943829071306,1.195627029536546e-07,7.856278855438202e-06,0.000197255400102426,0.000750611952507521,1.7008272723020135e-05,0.46708524932896633,0.4213356736529197,1.7008272723020135e-05,0.0,0.8584275078257545,1.2296511528209075,0.35138070891964585,0.019842936075507175,0.0,19.72862460871227,21.58789614944457,-0.0018592715407323012,303.11774648772126,7.172291561006328,0.9992324382003335,6.025189550442791e-07,8.736524848142047e-09,2.5944681042097684e-05,0.0074686546848972725,0.0
14.0,5.0,100.0,False,0,69.99999999999413,303.12354642123285,3.325559274430363,0.0005369281296473686,1.282691414635433e-07,7.817163362607365e-06,0.0001972703228442154,0.0007506687455163596,1.6942467386791723e-05,0.4648063924686937,0.4197476959941583,1.6942467386791723e-05,0.0,0.8584087920880574,1.229703200808439,0.35138182947475305,0.019912579245628528,0.0,19.729560395597122,21.583877516005607,-0.001854317120408485,303.11589097020953,7.172273562798834,0.9992324243854726,5.983707199312881e-07,8.676375439003678e-09,2.5944157089341502e-05,0.007468137168724018,0.0
15.0,5.0,100.0,False,0,74.99999999999449,303.1216945601253,3.3164276245186324,0.0005369613495061851,1.3691638601685742e-07,7.778625099058515e-06,0.0001972848988724456,0.0007507242189365173,1.687831268815947e-05,0.4625612751118356,0.41820018208931903,1.687831268815947e-05,0.0,0.8583902876644699,1.229754143202747,0.35138296908752187,0.019980886450755228,0.0,19.730485616776498,21.57986958247928,-0.0018493839657027812,303.1140403931522,7.172255612512443,0.9992324106071468,5.943541194747875e-07,8.618134732384419e-09,2.5943627344408686e-05,0.007467632699794521,0.0
16.0,5.0,100.0,False,0,79.99999999999484,303.1198476216279,3.3075342793208318,0.0005369940369732294,1.4550631072665616e-07,7.740667738856327e-06,0.00019729913508825597,0.0007507783990376349,1.6815775523325467e-05,0.4603501283284396,0.41669232558959785,1.6815775523325467e-05,0.0,0.8583719938017952,1.229803992755807,0.35138412728357377,0.02004787167043809,0.0,19.731400309910235,21.575872302931252,-0.0018444719930210168,303.1121947353401,7.172237709941433,0.9992323968652002,5.904643915311054e-07,8.56173367720103e-09,2.594309237464055e-05,0.007467141011639963,0.0
17.0,5.0,100.0,False,0,84.99999999999598,303.11800558459635,3.298873179098529,0.0005370261871076897,1.540407220472862e-07,7.703294454044605e-06,0.00019731303843380577,0.00075083131224509,1.675482259148763e-05,0.45817315335295494,0.4152233148661551,1.675482259148763e-05,0.0,0.8583539099068764,1.2298527629361198,0.35138530358579095,0.020113549443452346,0.0,19.732304504656174,21.57188563159869,-0.001839581126942516,303.1103539756432,7.1722198548808525,0.9992323831594774,5.866969655976799e-07,8.50710600116636e-09,2.5942552751476687e-05,0.007466661836613379,0.0
18.0,5.0,100.0,False,0,89.99999999999712,303.11616842795894,3.290438392711475,0.0005370577955415367,1.6252136149473378e-07,7.66650790869594e-06,0.00019732661587331098,0.0007508829850678527,1.6695420485970365e-05,0.45603052121544974,0.41379233526901915,1.6695420485970365e-05,0.0,0.858336035521028,1.229900467851815,0.3513864975156714,0.020177934815115643,0.0,19.733198223948595,21.567909522875965,-0.0018347112989273704,303.1085180930041,7.172202047126454,0.9992323694898234,5.830474547655619e-07,8.454188094100648e-09,2.594200904878531e-05,0.0074661949065918335,0.0
19.0,5.0,100.0,False,0,94.99999999999825,303.1143361307098,3.2822241176903684,0.0005370888584811513,1.7094990825258715e-07,7.63031025468873e-06,0.0001973398743755819,0.0007509334440320502,1.6637535778143358e-05,0.45392237247549416,0.4123985712085734,1.6637535778143358e-05,0.0,0.8583183702959067,1.2299471221774099,0.35138770859457746,0.020241043286925636,0.0,19.73408148520466,21.56394393129976,-0.0018298624460951025,303.10668706643105,7.172184286474621,0.9992323558560842,5.795116479880522e-07,8.402918895826758e-09,2.5941461841215256e-05,0.007465739953621581,0.0
20.0,5.0,100.0,False,0,99.99999999999939,303.1125086719022,3.274224680013055,0.0005371193727072671,1.7932798166811488e-07,7.594703129281809e-06,0.00019735282089801753,0.000750982715620073,1.6581135094334417e-05,0.4518488170629468,0.4110412080645863,1.6581135094334417e-05,0.0,0.8583009139708903,1.2299927410842943,0.3513889363448791,0.020302890768524966,0.0,19.73495430145548,21.559988811534804,-0.0018250345100793233,303.1048608749915,7.1721665727223165,0.9992323422581055,5.760855026562653e-07,8.353239788515847e-09,2.5940911702547996e-05,0.007465296710507963,0.0
21.0,5.0,100.0,False,0,105.00000000000053,303.11068603064774,3.266434533610138,0.0005371493355731575,1.8765714364285072e-07,7.559687654537312e-06,0.00019736546237200626,0.0007510308262150358,1.6526185185983868e-05,0.44980993422860965,0.4097194339286676,1.6526185185983868e-05,0.0,0.8582836663520337,1.230037340175009,0.3513901802909906,0.020363493531984706,0.0,19.735816682398312,21.556044118372128,-0.0018202274359738163,303.1030394978112,7.172148905667063,0.999232328695734,5.727651374726136e-07,8.305094493352897e-09,2.59403592038545e-05,0.007464864911352137,0.0
22.0,5.0,100.0,False,0,110.00000000000166,303.10886818611067,3.258848259624946,0.0005371787450010604,1.9593890092193607e-07,7.525264438617797e-06,0.00019737780568967572,0.0007510778020503683,1.6472652993310293e-05,0.4478057726066089,0.4084324411869433,1.6472652993310293e-05,0.0,0.858266627292612,1.230080935421314,0.35139143996031413,0.020422868168387825,0.0,19.73666863536939,21.552109806716636,-0.0018154411713472455,303.10122291406844,7.172131285106902,0.9992323151688164,5.69546825612708e-07,8.258428971384267e-09,2.5939804911587032e-05,0.007464444292036836,0.0
23.0,5.0,100.0,False,0,115.0000000000028,303.1070551175066,3.2514605654516315,0.000537207599476808,2.0417470728633717e-07,7.49143357896532e-06,0.00019738985769193133,0.0007511236691643105,1.6420505702787187e-05,0.4458363503888433,0.4071794279500701,1.6420505702787187e-05,0.0,0.8582497966752596,1.230123543106026,0.3513927148840881,0.02048103154667834,0.0,19.737510166237016,21.548185831584416,-0.0018106756653474,303.09941110299286,7.1721137108403665,0.9992323016772,5.664269881668343e-07,8.213191328419097e-09,2.593924938612633e-05,0.007464034590663639,0.0
24.0,5.0,100.0,False,0,120.00000000000394,303.1052468041015,3.2442662835740625,0.0005372358980426849,2.1236596565192655e-07,7.458194667346986e-06,0.00019740162515771532,0.0007511684533590536,1.6369710798742095e-05,0.44390165561073125,0.40595959933828135,1.6369710798742095e-05,0.0,0.8582331743957046,1.2301651797685862,0.35139400459814696,0.02053800077473469,0.0,19.738341280214765,21.544272148100614,-0.0018059308678858486,303.09760404386446,7.17209618266648,0.9992322882207324,5.634021878518487e-07,8.169331723851808e-09,2.5938693179743295e-05,0.007463635547944275,0.0
25.0,5.0,100.0,False,0,125.00000000000507,303.1034432252121,3.2372603702269083,0.0005372636402885404,2.2051403007928198e-07,7.4255467967318824e-06,0.00019741311479442344,0.0007512121801642814,1.6320236109401937e-05,0.4420016465462236,0.4047721686293627,1.6320236109401937e-05,0.0,0.8582167603480391,1.2302058621542526,0.35139530864359697,0.020593793162616548,0.0,19.73916198259804,21.540368711500324,-0.001801206728902283,303.095801716014,7.172078700384756,0.9992322747992615,5.604691229845315e-07,8.126802283275707e-09,2.5938136834907644e-05,0.007463246907548551,0.0
26.0,5.0,100.0,False,0,130.0000000000062,303.10164436020517,3.230437903899127,0.0005372908263412139,2.286202076979338e-07,7.393488569942208e-06,0.00019742433322940812,0.0007512548748048495,1.6272049847710428e-05,0.44013625220881214,0.4036163582776053,1.6272049847710428e-05,0.0,0.8582005544115093,1.2302456071668524,0.35139662656741455,0.020648426187928472,0.0,19.739972279424528,21.53647547712648,-0.001796503197701952,303.0940040988221,7.1720612637951975,0.9992322614126355,5.576246217074277e-07,8.085557014757703e-09,2.5937580882813387e-05,0.007462868416411561,0.0
27.0,5.0,100.0,False,0,135.00000000000733,303.0998501884986,3.2237940836986714,0.0005373174568523394,2.3668576054865287e-07,7.362018110005685e-06,0.00019743528700250006,0.0007512965621723383,1.6225120647248158e-05,0.4383053729541883,0.40249140081177187,1.6225120647248158e-05,0.0,0.8581845564387507,1.2302844318249597,0.3513979579229714,0.0207019174632377,0.0,19.74077217806246,21.532592400433312,-0.001791820222370852,303.09221117172063,7.172043872698299,0.9992322480607032,5.548656364584371e-07,8.045551728647338e-09,2.593702584157906e-05,0.007462499825002779,0.0
28.0,5.0,100.0,False,0,140.00000000000847,303.0980606895626,3.2173242275962064,0.0005373435329846156,2.4471190734725503e-07,7.331133072118243e-06,0.00019744598255948186,0.0007513372668002284,1.617941759358116e-05,0.4365088811792389,0.40139653962011085,1.617941759358116e-05,0.0,0.8581687662454125,1.2303223532213816,0.35139930227049043,0.020754284705478646,0.0,19.74156168772937,21.52871943698806,-0.0017871577492586893,303.09042291419377,7.172026526895058,0.9992322347433137,5.521892386754686e-07,8.006743960794294e-09,2.5936472214838253e-05,0.007462140887559664,0.0
29.0,5.0,100.0,False,0,145.0000000000096,303.09627584292355,3.2110237705641858,0.0005373690563966432,2.52699825173269e-07,7.300830657111664e-06,0.00019745642624644595,0.0007513770128424382,1.613491025135889e-05,0.4347466221111182,0.4003310296302486,1.613491025135889e-05,0.0,0.8581531836011065,1.230359388485817,0.35140065917743624,0.02080554570727429,0.0,19.74234081994467,21.524856542479103,-0.0017825157225344341,303.08863930578156,7.172009226187027,0.9992322214603162,5.495926137276299e-07,7.969092899050633e-09,2.5935920490503632e-05,0.007461791362288304,0.0
30.0,5.0,100.0,False,0,150.00000000001074,303.0944956281629,3.2048882626265724,0.0005373940292264574,2.606506510866857e-07,7.271107626306484e-06,0.00019746662430497093,0.0007514158240549798,1.6091568687471092e-05,0.4330184146794821,0.39929413789172424,1.6091568687471092e-05,0.0,0.8581378082215894,1.2303955547505454,0.35140202821885236,0.02085571831010373,0.0,19.743109588920525,21.521003672714734,-0.0017778940837942087,303.08686032607943,7.171991970376284,0.9992322082115608,5.470730560643358e-07,7.932559312932869e-09,2.5935371139270726e-05,0.0074614510115335675,0.0
31.0,5.0,100.0,False,0,155.00000000001188,303.09272002492355,3.198913366833285,0.0005374184540738561,2.685654836758968e-07,7.241960317624141e-06,0.00019747658286805683,0.0007514537237804987,1.604936349057071e-05,0.431324052464163,0.39828514406845444,1.604936349057071e-05,0.0,0.8581226397621282,1.230430869119004,0.3514034089776368,0.020904820379238975,0.0,19.743868011893582,21.517160783635713,-0.0017732927717421312,303.085085954744,7.1719747592655105,0.9992321949968975,5.446279645744598e-07,7.897105486329667e-09,2.5934824613642153e-05,0.007461119601921168,0.0
32.0,5.0,100.0,False,0,160.00000000001302,303.0909490129095,3.193094857172342,0.0005374423339816861,2.7644538453980425e-07,7.213384662819076e-06,0.00019748630795675333,0.0007514907349354528,1.6008265787247978e-05,0.42966330471034464,0.39730334084845137,1.6008265787247978e-05,0.0,0.8581076778119453,1.2304653486370998,0.3514048010447744,0.02095286978038011,0.0,19.74461610940273,21.51332783131514,-0.0017687117219124103,303.0833161714929,7.171957592657968,0.9992321818161772,5.422548381470023e-07,7.862695153131534e-09,2.5934281346995207e-05,0.007460796904473916,0.0
33.0,5.0,100.0,False,0,165.0000000000116,303.0891825718932,3.1874286164315997,0.0005374656724161989,2.8429137970696285e-07,7.18537620569136e-06,0.00019749580547743015,0.000751526879999732,1.596824725513904e-05,0.4280359174026503,0.39634803427745074,1.596824725513904e-05,0.0,0.858092921889682,1.2304990102671092,0.3514062040195168,0.020999884357910482,0.0,19.745353905515895,21.50950477197459,-0.0017641508664586957,303.0815509561125,7.171940470357595,0.9992321686692511,5.399512714258239e-07,7.829293435674446e-09,2.593374175254102e-05,0.007460482694704371,0.0
34.0,5.0,100.0,False,0,170.00000000001017,303.08742068171506,3.1819106340209626,0.0005374884732466473,2.921044609945353e-07,7.157930121130582e-06,0.00019750508121962797,0.0007515621810084884,1.5929280133226955e-05,0.42644161438963635,0.39541854402314747,1.5929280133226955e-05,0.0,0.8580783714397936,1.2305318708640236,0.35140761750952815,0.021045881914701796,0.0,19.746081428010314,21.505691561982253,-0.0017596101339719397,303.07979028845665,7.171923392168976,0.9992321555559708,5.377149507502214e-07,7.796866785878211e-09,2.593320622284751e-05,0.007460176752685909,0.0
35.0,5.0,100.0,False,0,175.00000000000875,303.0856633222889,3.1765370037650187,0.0005375107407242446,2.998855873096579e-07,7.131041234847025e-06,0.0001975141408544427,0.000751596659545995,1.5891337229591302e-05,0.42488009854981745,0.39451420357603356,1.5891337229591302e-05,0.0,0.8580640258298063,1.2305639471541856,0.35140904113098753,0.02109088019339163,0.0,19.746798708509676,21.501888157865512,-0.001755089449355836,303.07803414845284,7.171906357897419,0.9992321424761886,5.355436502743085e-07,7.765382928977474e-09,2.5932675129080457e-05,0.007459878863104243,0.0
36.0,5.0,100.0,False,0,180.00000000000733,303.0839104736064,3.1713039216750265,0.0005375324794606367,3.076356858957985e-07,7.104704043643909e-06,0.00019752298993339057,0.0007516303367413337,1.5854391926840057e-05,0.42335105299070563,0.39363436039276983,1.5854391926840057e-05,0.0,0.8580498843483574,1.2305952557160789,0.351410474508658,0.02113489685906351,0.0,19.747505782582124,21.49809451632015,-0.0017505887337380273,303.0762825161063,7.17188936734898,0.9992321294297574,5.334352282576122e-07,7.734810809735377e-09,2.593214882076495e-05,0.0074595888152911806,0.0
37.0,5.0,100.0,False,0,185.0000000000059,303.08216211573887,3.1662076837084836,0.0005375536944060401,3.153556535265159e-07,7.0789127360835595e-06,0.00019753163388771101,0.0007516632332657504,1.5818418185442275e-05,0.42185414227213697,0.3927783759875027,1.5818418185442275e-05,0.0,0.8580359462039497,1.2306258129631358,0.3514119172759271,0.021177949483258934,0.0,19.748202689802508,21.494310594214447,-0.0017461079044119394,303.07453537150184,7.171872420330488,0.9992321164165303,5.313876235197636e-07,7.705120541036571e-09,2.5931627625416787e-05,0.0074593064032423915,0.0
38.0,5.0,100.0,False,0,190.0000000000045,303.08041822884337,3.1612446835235657,0.0005375743908271599,3.2304635764895545e-07,7.053661213414199e-06,0.0001975400780280616,0.0007516953693314978,1.5783390545175807e-05,0.4203890136457832,0.3919456259762527,1.5783390545175807e-05,0.0,0.8580222105243542,1.2306556351284204,0.35141336907481585,0.021220055529250346,0.0,19.748889473782285,21.49053634860207,-0.0017416468748197857,303.07279269480995,7.1718555166496,0.9992321034363616,5.293988520526115e-07,7.676283354762867e-09,2.593111184836898e-05,0.007459031425620766,0.0
39.0,5.0,100.0,False,0,195.00000000000307,303.07867879316365,3.156411410235045,0.0005375945742850442,3.307086374793151e-07,7.0289431106180745e-06,0.00019754832754456607,0.000751726764692029,1.5749284124875274e-05,0.41895529830278866,0.3911355000791739,1.5749284124875274e-05,0.0,0.8580086763565918,1.2306847382510702,0.3514148295559673,0.021261232338511005,0.0,19.7495661821704,21.48677173672443,-0.0017372055545540306,303.07105446628776,7.17183865611482,0.9992320904891057,5.274670037827606e-07,7.64827155485003e-09,2.5930601772815136e-05,0.007458763685746899,0.0
40.0,5.0,100.0,False,0,200.00000000000165,303.0769437890376,3.1517044461775954,0.0005376142506129733,3.3834330505241453e-07,7.004751817460329e-06,0.00019755638750717903,0.0007517574386433841,1.5716074620668473e-05,0.41755261262205096,0.3903474020850465,1.5716074620668473e-05,0.0,0.8579953426674345,1.230713138164354,0.35141629837860633,0.02130149711831307,0.0,19.75023286662827,21.4830167160267,-0.0017327838493984302,303.0693206662865,7.171821838535563,0.9992320775746181,5.25590239478488e-07,7.621058472438077e-09,2.593009765993956e-05,0.007458502991578088,0.0
41.0,5.0,100.0,False,0,205.00000000000023,303.0752131968987,3.1471204646816933,0.0005376334258945231,3.459511462274188e-07,6.9810804994158005e-06,0.00019756426286632895,0.0007517874100266487,1.5683738302860253e-05,0.4161805594121223,0.389580749782231,1.5683738302860253e-05,0.0,0.8579822083443704,1.2307408504852522,0.35141777521048645,0.02134086693039528,0.0,19.750889582781472,21.47927124416074,-0.0017283816613792666,303.0675912752528,7.171805063722163,0.9992320646927546,5.2376678779434e-07,7.59461842301793e-09,2.592959974917746e-05,0.00745824915567713,0.0
42.0,5.0,100.0,False,0,209.9999999999988,303.0734869972804,3.1426562278667967,0.0005376521064418973,3.5353292165166424e-07,6.9579221183671954e-06,0.0001975719584538125,0.0007518166972313587,1.565225201162299e-05,0.41483872914014563,0.3888349748597935,1.565225201162299e-05,0.0,0.8579692721969742,1.2307678906054258,0.35141925972781485,0.021379358680636756,0.0,19.751536390151287,21.475535278995206,-0.0017239988888439193,303.0658662737335,7.171788331485932,0.9992320518433722,5.219949424477472e-07,7.568926665492336e-09,2.592910825821495e-05,0.007458001995172117,0.0
43.0,5.0,100.0,False,0,214.99999999999739,303.0717651708187,3.1383085844558734,0.0005376702987746276,3.6108936768446614e-07,6.935269452973517e-06,0.0001975794789839075,0.0007518453181997423,1.562159315163274e-05,0.41352670114190593,0.38810952278236505,1.562159315163274e-05,0.0,0.857956532958634,1.2307942736834798,0.35142075161516506,0.021416989109680717,0.0,19.75217335206829,21.47180877862036,-0.0017196354265520703,303.0641456423776,7.171771641639173,0.9992320390263282,5.202730595216333e-07,7.543959363063684e-09,2.592862338400819e-05,0.00745776133170833,0.0
44.0,5.0,100.0,False,0,219.99999999999596,303.07004769825744,3.13407446761487,0.0005376880095987313,3.686211972826837e-07,6.913115118620557e-06,0.00019758682905467683,0.0007518732904316847,1.559173968578449e-05,0.41224404480760607,0.3874038526419242,1.559173968578449e-05,0.0,0.85794398928859,1.2308200146384138,0.35142225056537313,0.021453774784450742,0.0,19.752800535570497,21.46809170135976,-0.0017152911657892637,303.0624293619419,7.171754993995235,0.9992320262414809,5.185995548876182e-07,7.519693545870464e-09,2.592814530263162e-05,0.007457526991393254,0.0
45.0,5.0,100.0,False,0,224.99999999999454,303.06833456045,3.1299508928202306,0.0005377052457864065,3.7612910084976546e-07,6.891451586871024e-06,0.00019759401314944049,0.0007519006309903369,1.556267012810255e-05,0.410990320738566,0.386717436989505,1.556267012810255e-05,0.0,0.8579316397742391,1.2308451281441724,0.3514237562794248,0.021489732090508407,0.0,19.753418011288037,21.46438400577456,-0.0017109659944865214,303.06071741329293,7.171738388368524,0.9992320134886894,5.169729017442312e-07,7.496107075291353e-09,2.5927674170275403e-05,0.007457298804735597,0.0
46.0,5.0,100.0,False,0,229.99999999999312,303.066625738365,3.1259349557571725,0.0005377220143563266,3.8361374704989206e-07,6.870271204346919e-06,0.00019760103563839303,0.000751927356508272,1.5534363535959383e-05,0.40976508187064825,0.3860497616494831,1.5534363535959383e-05,0.0,0.857919482933664,1.2308696286251928,0.35142526846632965,0.02152487722519905,0.0,19.754025853316794,21.460685650674716,-0.001706659797357922,303.0590097774121,7.17172182457457,0.9992320007678137,5.153916282651824e-07,7.473178609845146e-09,2.592721012376585e-05,0.00745707660657921,0.0
47.0,5.0,100.0,False,0,234.9999999999917,303.0649212130868,3.122023830250968,0.0005377383224546069,3.910757835887842e-07,6.849566210981105e-06,0.00019760790078034222,0.0007519534831941068,1.5506799501698278e-05,0.4085678745608079,0.3854003255189936,1.5506799501698278e-05,0.0,0.8579075172183492,1.2308935302528807,0.3514267868429914,0.02155922619154008,0.0,19.754624139082534,21.456996595120966,-0.0017023724560384325,303.0573064353965,7.171705302430021,0.9992319880787146,5.138543153524558e-07,7.45088757261061e-09,2.5926753281194266e-05,0.00745686023603262,0.0
48.0,5.0,100.0,False,0,239.99999999999028,303.06322096581897,3.1182147662332427,0.0005377541773364756,3.985158379626612e-07,6.829328757590343e-06,0.00019761461272455537,0.0007519790268395323,1.5479958143754775e-05,0.4073982396337147,0.3847686403546457,1.5479958143754775e-05,0.0,0.857895741016056,1.2309168469429275,0.3514283111340686,0.021592794792802874,0.0,19.755212949197194,21.453316798432333,-0.0016981038492351389,303.0556073684627,7.17168882175268,0.9992319754212536,5.123595944897199e-07,7.429214120100938e-09,2.5926303742719245e-05,0.0074566495363949225,0.0
49.0,5.0,100.0,False,0,244.99999999998886,303.06152497788855,3.11450508774485,0.0005377695863486963,4.0593451817676594e-07,6.809550922727666e-06,0.00019762117551269095,0.0007520040028266664,1.545382009735784e-05,0.40625571338595984,0.38415423054860953,1.545382009735784e-05,0.0,0.8578841526538183,1.2309395923533908,0.3514298410718273,0.021625598627745175,0.0,19.755792367309077,21.449646220194612,-0.0016938538528855354,303.0539125579502,7.17167238236155,0.9992319627952934,5.109061456914166e-07,7.408139112525541e-09,2.592586159126057e-05,0.007456444355078642,0.0
50.0,5.0,100.0,False,0,249.99999999998744,303.05983323074815,3.110892190976685,0.0005377845569127755,4.133324134348169e-07,6.790224728780882e-06,0.0001976275930808033,0.0007520284261356876,1.5428366504884688e-05,0.4051398285458825,0.3835566328959486,1.5428366504884688e-05,0.0,0.8578727504010385,1.230961779883483,0.3514313763959916,0.02165765308645304,0.0,19.75636247994807,21.44598482026544,-0.0016896223403173706,303.05222198532414,7.171655984076845,0.9992319502006973,5.094926955430482e-07,7.387644085374199e-09,2.5925426893453306e-05,0.007456244543530132,0.0
51.0,5.0,100.0,False,0,254.99999999998602,303.05814570597767,3.1073735423494875,0.0005377990965089764,4.207100948006771e-07,6.771342157294125e-06,0.00019763386926140554,0.000752052311352686,1.5403579005937693e-05,0.4040501151875782,0.38297539635487104,1.5403579005937693e-05,0.0,0.8578615324726461,1.2309834226729897,0.3514329168535915,0.021688973346752176,0.0,19.75692337636769,21.442332558778325,-0.001685409182410634,303.05053563217706,7.171639626720022,0.99923193763733,5.081180153285444e-07,7.367711222263894e-09,2.592499970027664e-05,0.00745604995714803,0.0
52.0,5.0,100.0,False,0,259.9999999999801,303.0564623852882,3.1039466766334534,0.0005378132126611493,4.280681158334752e-07,6.752895163495225e-06,0.00019764000778557723,0.0007520756726776898,1.5379439727204186e-05,0.40298610159796383,0.38241008180134617,1.5379439727204186e-05,0.0,0.8578504970323096,1.2310045336022637,0.35143446219880375,0.021719574371150352,0.0,19.75747514838451,21.43868939615031,-0.0016812142477657978,303.04885348023237,7.171623310113805,0.9992319251050567,5.067809192407703e-07,7.3483233289911696e-09,2.5924580047964607e-05,0.007455860455200252,0.0
53.0,5.0,100.0,False,0,264.99999999997306,303.054783250523,3.1006091951082633,0.0005378269129223974,4.354070131973523e-07,6.734875690019378e-06,0.0001976460122851068,0.0007520985239328191,1.5355931272152805e-05,0.4019473150964178,0.38186026177953847,1.5355931272152805e-05,0.0,0.8578396421956741,1.2310251252927462,0.351436012192795,0.021749470904277056,0.0,19.75801789021629,21.435055293084538,-0.0016770374028682476,303.0471755113456,7.171607034082195,0.9992319126037437,5.054802626711624e-07,7.329463808731855e-09,2.592416795883009e-05,0.007455675900739904,0.0
54.0,5.0,100.0,False,0,269.999999999966,303.05310828365907,3.0973587637639763,0.0005378402048615686,4.4272730724696e-07,6.717275679826793e-06,0.00019765188629465745,0.0007521208785705312,1.5333036710616477e-05,0.40093328280672275,0.3813255202492058,1.5333036710616477e-05,0.0,0.8578289660336047,1.2310452101079519,0.35143756660356196,0.021778677470785227,0.0,19.75855169831976,21.431430210573964,-0.0016728785122542042,303.04550170750605,7.1715907984504925,0.9992319001332584,5.042149405749792e-07,7.3111166383371984e-09,2.592376344217554e-05,0.007455496160520518,0.0
55.0,5.0,100.0,False,0,274.99999999995896,303.05143746680983,3.0941931115429924,0.0005378530960505774,4.500295025897778e-07,6.7000870883160096e-06,0.00019765763325394723,0.0007521427496819201,1.5310739568305232e-05,0.39994353238140573,0.38080545233116403,1.5310739568305232e-05,0.0,0.8578184665754203,1.2310648001548739,0.3514391252057698,0.021807208373683745,0.0,19.759076671228982,21.427814109906382,-0.0016687374386774004,303.0438320508392,7.1715746030453245,0.999231887693469,5.029838859086201e-07,7.293266345674991e-09,2.5923366494900145e-05,0.007455321104910923,0.0
56.0,5.0,100.0,False,0,279.9999999999519,303.0497707822277,3.091110028623211,0.00053786559405254,4.573140886262715e-07,6.683301894642686e-06,0.00019766325650993625,0.0007521641500050403,1.5289023816288716e-05,0.3989775926790062,0.3802996640517876,1.5289023816288716e-05,0.0,0.8578081418121123,1.2310839072857733,0.3514406877805905,0.02183507769307054,0.0,19.75959290939438,21.42420695267059,-0.0016646140432762095,303.0421665236096,7.171558447694662,0.9992318752842452,5.017860681356758e-07,7.2758979879673e-09,2.5922977102497274e-05,0.007455150607810066,0.0
57.0,5.0,100.0,False,0,284.99999999994486,303.0481082123039,3.088107364742351,0.0005378777064107224,4.6458154006886523e-07,6.666912112252739e-06,0.0001976687593190138,0.000752185091933235,1.5267873860480357e-05,0.3980349943948698,0.3798077720874427,1.5267873860480357e-05,0.0,0.8577979896995163,1.2311025431002993,0.35144225411554414,0.02186229928523882,0.0,19.76010051502418,21.42060870075566,-0.00166050818573148,303.0405051082202,7.171542332227817,0.999231862905457,5.006204917984105e-07,7.258997131076953e-09,2.592259523992186e-05,0.00745498454656201,0.0
58.0,5.0,100.0,False,0,289.9999999999378,303.046449739571,3.085183027563228,0.0005378894406382702,4.718323174406554e-07,6.65090979865003e-06,0.0001976741448491777,0.0007522055875234286,1.5247274531156842e-05,0.39711527064648466,0.3793294035095401,1.5247274531156842e-05,0.0,0.8577880081614478,1.2311207189479136,0.35144382400433744,0.021888886782128393,0.0,19.7605995919276,21.417019316357077,-0.001656419724429476,303.0388477872157,7.171526256475483,0.999231850556976,4.994861951517958e-07,7.2425498297010386e-09,2.5922220872110803e-05,0.007454822801871362,0.0
59.0,5.0,100.0,False,0,294.99999999993076,303.0447953467044,3.082334981079782,0.000537900804208707,4.790668675547496e-07,6.635287064415487e-06,0.0001976794161822013,0.0007522256485043776,1.5227211072538106e-05,0.3962179575144593,0.3788641955309518,1.5227211072538106e-05,0.0,0.8577781950927663,1.23113844593057,0.3514453972467059,0.021914853591097804,0.0,19.76109024536168,21.413438761978593,-0.0016523485166169145,303.0371945432829,7.171510220269722,0.9992318382386748,4.983822488570633e-07,7.226542608427419e-09,2.5921853954872023e-05,0.007454665257719347,0.0
60.0,15.0,150.0,False,0,299.9999999999237,303.0431450165216,3.0795612440634863,0.0005379118045471809,4.862856239750752e-07,6.620036081500947e-06,0.0001976845763157835,0.0007522452862848526,1.5207669132450734e-05,0.39534259454048254,0.37841179525435054,1.5207669132450734e-05,0.0,0.7851987000874717,1.2311557349056426,0.3801363961331904,0.06582063868498043,0.0,70.17019498687922,31.869914774012432,0.03830028021286679,302.9601648829364,4.78099614896266,0.991612360533825,4.973077547320031e-07,7.2109624436140445e-09,7.774284271884566e-05,0.01119846915485304,0.0
61.0,15.0,150.0,False,0,314.9999999999138,303.08165752285856,3.0810636417943478,0.0005378179864877336,4.93504485308786e-07,6.637740583787251e-06,0.0001958548807464553,0.0007516607801784868,1.749923095845459e-05,0.39557414522909856,0.4345255765000938,1.749923095845459e-05,0.0,0.7832868304006629,1.2292578957227591,0.38022580912314663,0.06574525619894955,0.0,70.45697543990055,31.994046838799992,0.03846292860110056,302.99837508937907,4.781245019505406,0.9916144477104821,4.98770300172321e-07,7.232169352498654e-09,7.76329511561558e-05,0.011189214796793337,0.0
62.0,15.0,150.0,False,0,329.99999999990393,303.12005076564435,3.0827147754624185,0.0005377191726252852,5.007499384131692e-07,6.660284318995611e-06,0.00019582814324509886,0.0007515582052967334,1.7506314295988752e-05,0.39609361037240615,0.43379900059367854,1.7506314295988752e-05,0.0,0.7833948690009842,1.2292471303432166,0.3801861490001994,0.06566611234203307,0.0,70.44076964985236,32.11779500088907,0.03832297464896329,303.03646712328197,4.781493119358642,0.9916165279067155,5.006088180988572e-07,7.258827862433431e-09,7.7633467981497e-05,0.011189323989159648,0.0
63.0,15.0,150.0,False,0,344.99999999989404,303.158304404456,3.0843138358881856,0.0005376208738472117,5.080219240052205e-07,6.682554812078858e-06,0.00019580153607251519,0.0007514560887944095,1.751328416053501e-05,0.39659623793068605,0.4330743012305479,1.751328416053501e-05,0.0,0.7835012197661212,1.2292364737525967,0.38014663122419745,0.06558862276227807,0.0,70.4248170350818,32.24109369425786,0.03818372334082394,303.0744208021787,4.781740317081111,0.9916186000258013,5.024298769824789e-07,7.285233216245945e-09,7.763398128832026e-05,0.011189431789519545,0.0
64.0,15.0,150.0,False,0,359.99999999988415,303.1964191390515,3.0858614893409686,0.0005375230866162072,5.153201892829016e-07,6.704554399297807e-06,0.00019577504966451908,0.0007513544357900616,1.75201424233188e-05,0.39708227510359023,0.43235150326908334,1.75201424233188e-05,0.0,0.7836059078240832,1.2292259240678869,0.38010725571908094,0.06551276052472267,0.0,70.4091138263875,32.363945168729096,0.038045168657658404,303.11223681860736,4.781986617194702,0.9916206641113643,5.042335222986408e-07,7.3113860733302916e-09,7.763449105895309e-05,0.011189538203020193,0.0
65.0,15.0,150.0,False,0,374.9999999998819,303.2343956629635,3.0873583983073853,0.0005374258073994061,5.226444820631483e-07,6.726285425134827e-06,0.00019574868334707056,0.0007512532436970322,1.7526889794140608e-05,0.3975519671673874,0.4316306028283862,1.7526889794140608e-05,0.0,0.7837089596343038,1.2292154805713693,0.3800680217754342,0.06543849916163132,0.0,70.39365605485442,32.486351654119055,0.037907304400735364,303.1499158589478,4.782232024181069,0.9916227202066321,5.060197981408001e-07,7.337287073041602e-09,7.763499730052952e-05,0.011189643237825123,0.0
66.0,15.0,150.0,False,0,389.9999999998796,303.27223466357145,3.088805221306945,0.0005373290326722396,5.299945508283741e-07,6.7477502382344165e-06,0.00019572243644788563,0.0007511525099351266,1.75335269978207e-05,0.39800555726509423,0.4309115964953883,1.75335269978207e-05,0.0,0.7838104011806276,1.2292051425364512,0.380028928690457,0.06536581266536656,0.0,70.37843982290585,32.60831536047121,0.037770124462434634,303.1874586034933,4.782476542482109,0.9916247683544395,5.077887522073491e-07,7.362936907006562e-09,7.763550002230866e-05,0.011189746902280995,0.0
67.0,15.0,150.0,False,0,404.99999999987733,303.30993682219395,3.0902026128073277,0.0005372327589204757,5.373701447780188e-07,6.768951189117837e-06,0.00019569630829644136,0.0007510522319309051,1.754005477357101e-05,0.39844328630301684,0.4301944813037251,1.754005477357101e-05,0.0,0.783910257981387,1.2291949092281602,0.37998997576786403,0.06529467547890927,0.0,70.36346130279193,32.72983847835146,0.03763362282444047,303.22486572654174,4.78272017650055,0.9916268085972343,5.095404357001082e-07,7.388336317651569e-09,7.763599923580472e-05,0.011189849204910257,0.0
68.0,15.0,150.0,False,0,419.99999999987506,303.34750281417274,3.09155122314308,0.0005371369826421044,5.447710138786107e-07,6.789890628071467e-06,0.00019567029822403474,0.0007509524071179082,1.7546473874373922e-05,0.3988653928587565,0.42947925471324105,1.7546473874373922e-05,0.0,0.7840085550992107,1.2291847799036293,0.37995116231778925,0.06522506248662933,0.0,70.34871673511837,32.85092317911909,0.03749779355599928,303.26213789647863,4.782962930600498,0.9916288409770827,5.112749032230785e-07,7.4134860967346386e-09,7.763649495396308e-05,0.01118995015440388,0.0
69.0,15.0,150.0,False,0,434.9999999998728,303.3849333089624,3.0928516984376557,0.0005370417003490431,5.521969089123759e-07,6.810570903203775e-06,0.0001956444055638439,0.0007508530329368921,1.7552785066371257e-05,0.3992721130999224,0.42876591458985486,1.7552785066371257e-05,0.0,0.7841053171506014,1.2291747538125728,0.37991248765668334,0.06515694900528815,0.0,70.33420242740978,32.971571615215346,0.03736263081219443,303.2992757758663,4.783204809108017,0.9916308655356749,5.129922126819876e-07,7.4383870838888215e-09,7.763698719159395e-05,0.011190049759614233,0.0
70.0,15.0,150.0,False,0,449.9999999998705,303.42222897021503,3.094104680528796,0.0005369469085686993,5.596475815243935e-07,6.83099435865771e-06,0.0001956186296509862,0.0007507541068360515,1.755898912826168e-05,0.39966368071283936,0.42805445918599916,1.755898912826168e-05,0.0,0.7842005683152559,1.2291648301977471,0.3798739511072173,0.06509031077527394,0.0,70.31991475271161,33.09178592043436,0.037228128832277246,303.3362800215271,4.783445816311674,0.9916328823143303,5.14692425184367e-07,7.46304016517332e-09,7.763747596489529e-05,0.011190148029548024,0.0
71.0,15.0,150.0,False,0,464.99999999986824,303.45939045586266,3.095310806897176,0.0005368526038453916,5.671227842682984e-07,6.8511633329701315e-06,0.00019559296982257665,0.0007506556262712434,1.7565086850707468e-05,0.4000403268405715,0.42734488712158375,1.7565086850707468e-05,0.0,0.7842943323451519,1.229155008295401,0.37983555199818814,0.0650251239520609,0.0,70.3058501482272,33.21156821018927,0.037094281938037925,303.37315128462535,4.78368595646307,0.991634891354003,5.163756049402949e-07,7.487446271634277e-09,7.763796129145288e-05,0.011190244973359355,0.0
72.0,15.0,150.0,False,0,479.99999999986596,303.4964184181998,3.096470710598312,0.000536758782741634,5.746222706505638e-07,6.871080157570131e-06,0.00019556742541778613,0.0007505575887062132,1.7571079035750812e-05,0.4004022800295871,0.42663719736540934,1.7571079035750812e-05,0.0,0.7843866325734093,1.2291452873357163,0.3797972896644248,0.06496136509788207,0.0,70.29200511398858,33.33092058177721,0.03696108453221137,303.4098902107489,4.78392523377738,0.9916368926952863,5.180418191639802e-07,7.511606377877713e-09,7.763844319011014e-05,0.011190340600342887,0.0
73.0,15.0,150.0,False,0,494.9999999998637,303.53331350396263,3.0975850201976156,0.0005366654418392986,5.821457951733518e-07,6.89074715540648e-06,0.00019554199577789797,0.0007504599916128075,1.757696649623922e-05,0.40074976618446306,0.42593138921711654,1.757696649623922e-05,0.0,0.7844774919229272,1.2291356665432391,0.37975916344669763,0.06489901117361434,0.0,70.27837621156091,33.44984511463354,0.036828531096927374,303.4464974399875,4.784163652433858,0.9916388863784188,5.19691137976073e-07,7.53552150065306e-09,7.763892168066461e-05,0.01119043491992709,0.0
74.0,15.0,150.0,False,0,509.9999999998614,303.5700763544093,3.098654359708615,0.0005365725777406541,5.896931133759587e-07,6.910166639698024e-06,0.00019551668024636408,0.0007503628324711938,1.75827500552613e-05,0.40108300853003953,0.425227462289559,1.75827500552613e-05,0.0,0.7845669329148042,1.2291261451372941,0.3797211726916265,0.06483803953086337,0.0,70.26496006277935,33.568343870590105,0.036696616192189245,303.4829736070121,4.78440121657636,0.9916408724432885,5.21323634306972e-07,7.559192697451095e-09,7.763939678412813e-05,0.011190527941667631,0.0
75.0,15.0,150.0,False,0,524.999999999869,303.60670760539585,3.0996793485342526,0.0005364801870693045,5.972639818748644e-07,6.929340912796436e-06,0.00019549147816885982,0.0007502661087700695,1.7588430545591287e-05,0.4014022275804513,0.42452541649171865,1.7588430545591287e-05,0.0,0.7846549776765525,1.2291167223323947,0.3796833167515943,0.06477842790424797,0.0,70.25175334851711,33.68641889411964,0.036565334454397476,303.51931934115026,4.784637930313836,0.9916428509294377,5.229393838009331e-07,7.582621065113531e-09,7.763986852214137e-05,0.01119061967524084,0.0
76.0,15.0,150.0,False,0,539.9999999998781,303.64320788745204,3.1006606014112585,0.0005363882664710183,6.048581584023976e-07,6.94827226515708e-06,0.0001954663888933392,0.0007501698180068743,1.759400880914419e-05,0.40170764111457435,0.4238252520120637,1.759400880914419e-05,0.0,0.7847416479501066,1.2291073973386397,0.3796455949846599,0.06472015440387327,0.0,70.23875280748399,33.80407221257922,0.03643468059490477,303.55553526646094,4.784873797720808,0.9916448218760685,5.245384647212424e-07,7.605807738458016e-09,7.764033691734246e-05,0.011190710130437301,0.0
77.0,15.0,150.0,False,0,554.9999999998872,303.67957782585444,3.1015987283574753,0.0005362968126144681,6.124754018440321e-07,6.966962974408138e-06,0.00019544141177008746,0.00075007395768799,1.759948569644011e-05,0.4019994641573065,0.42312696930239735,1.759948569644011e-05,0.0,0.7848269650996371,1.2290981693621024,0.3796080067544744,0.06466319750799071,0.0,70.22595523505441,33.92130583644493,0.03630464939860949,303.59162200180685,4.785108822837861,0.9916467853220465,5.261209578563357e-07,7.628753888916868e-09,7.764080199295503e-05,0.011190799317155557,0.0
78.0,15.0,150.0,False,0,569.9999999998963,303.7158180407035,3.102494334622149,0.0005362058221918701,6.201154722743345e-07,6.985415304515296e-06,0.0001954165461517737,0.0007499785253289465,1.7604862066079586e-05,0.40227790896629534,0.422430569062057,1.7604862066079586e-05,0.0,0.7849109501191772,1.2290890376052033,0.3795705514301937,0.06460753605583235,0.0,70.2133574821234,34.03812175956008,0.03617523572256332,303.62758016093085,4.785343009672129,0.9916487413059061,5.276869464271931e-07,7.651460723194301e-09,7.764126377278815e-05,0.011190887245395914,0.0
79.0,15.0,150.0,False,0,584.9999999999054,303.75192914698835,3.103348020639135,0.0005361152919195605,6.277781309915707e-07,7.003631505029393e-06,0.00019539179139350192,0.0007498835184546147,1.7610138784227328e-05,0.4025431850236592,0.42173605222279176,1.7610138784227328e-05,0.0,0.7849936236400492,1.2290800012670804,0.3795332283864035,0.06455314924062767,0.0,70.2009564539926,34.154521959343306,0.036046434494649296,303.6634103525199,4.785576362197714,0.9916506898658547,5.292365159954828e-07,7.673929481934502e-09,7.764172228127975e-05,0.011190973925254368,0.0
80.0,15.0,150.0,False,0,599.9999999999145,303.78791175466387,3.104160381982898,0.0005360252185384715,6.354631405509934e-07,7.021613810419425e-06,0.00019536714685286217,0.0007497889345994038,1.7615316724107915e-05,0.40279549903225426,0.42104341993380284,1.7615316724107915e-05,0.0,0.7850750059381352,1.2290710595439451,0.37949603700303153,0.06450001660277835,0.0,70.18874910927971,34.27050839703604,0.03591824071224367,303.6991131802814,4.785808884356187,0.9916526310397771,5.307697543733088e-07,7.696161438412979e-09,7.764217754321467e-05,0.011191059366916644,0.0
81.0,15.0,150.0,False,0,614.9999999999236,303.8237664687142,3.104932009327349,0.0005359355988145577,6.431702647968261e-07,7.039364439476891e-06,0.0001953426118899785,0.0007496947713074465,1.762039676550985e-05,0.4030350549161688,0.42035267354747774,1.762039676550985e-05,0.0,0.7851551169409504,1.2290622116294314,0.37945897666527484,0.06444811802320617,0.0,70.17673245885742,34.38608301790692,0.0357906494409505,303.73468924300596,4.786040580056998,0.9916545648652401,5.322867515337444e-07,7.718157897239295e-09,7.764262958374641e-05,0.011191143580652345,0.0
82.0,15.0,150.0,False,0,629.9999999999327,303.85949388922376,3.1056634884073895,0.0005358464295391399,6.508992688929614e-07,7.056885594793082e-06,0.00019531818586755772,0.0007496010261327836,1.7625379794300947e-05,0.4032620538250368,0.41966381460537705,1.7625379794300947e-05,0.0,0.7852339762345604,1.2290534567149318,0.37942204676351865,0.06439743371685275,0.0,70.16490356481593,34.50124775148039,0.03566365581333554,303.7701391346378,4.786271453177935,0.9916564913794965,5.337875995228805e-07,7.739920193081769e-09,7.764307842848383e-05,0.011191226576809222,0.0
83.0,15.0,150.0,False,0,644.9999999999418,303.89509461144235,3.1063553999831512,0.0005357577075291967,6.586499193523937e-07,7.074179462299913e-06,0.0001952938681509362,0.0007495076966395467,1.7630266701953374e-05,0.4034766941418618,0.41897684482473896,1.7630266701953374e-05,0.0,0.7853116030703287,1.2290447939899272,0.3793852466932617,0.0643479442263368,0.0,70.15325953945069,34.61600451174487,0.03553725502770582,303.80546344433895,4.786501507565546,0.9916584106194894,5.352723923729842e-07,7.761449689408272e-09,7.764352410316588e-05,0.011191308365807546,0.0
84.0,15.0,150.0,False,0,659.9999999999509,303.9305692258495,3.1070083198068885,0.0005356694296275996,6.664219840653976e-07,7.091248210871145e-06,0.00019526965810812526,0.0007494147804021313,1.763505838507866e-05,0.40367917149403015,0.4182917660853985,1.763505838507866e-05,0.0,0.7853880163715061,1.2290362226423086,0.3793485758550424,0.06429963041576012,0.0,70.14179754427407,34.730355197360986,0.03541144234691308,303.8406627565532,4.786730747035552,0.9916603226218564,5.367412260169594e-07,7.782747777245912e-09,7.764396663377006e-05,0.011191388958134615,0.0
85.0,15.0,150.0,False,0,674.99999999996,303.9659183182194,3.1076228185924153,0.0005355815927032901,6.742152323264793e-07,7.108093991980297e-06,0.0001952455551098561,0.0007493222750053682,1.7639755744973274e-05,0.40386967876722296,0.41760858041708093,1.7639755744973274e-05,0.0,0.7854632347396621,1.2290277418586852,0.3793120336543652,0.06425247346465804,0.0,70.13051478905068,34.84430169186902,0.035286213097181655,303.8757376510699,4.786959175373264,0.9916622274229335,5.381941982041643e-07,7.803815873960383e-09,7.764440604651236e-05,0.011191468364339364,0.0
86.0,15.0,150.0,False,0,689.9999999999691,304.0011424696843,3.108199461987097,0.0005354941936514125,6.820294348601153e-07,7.124718939410386e-06,0.00019522155852962298,0.0007492301780446917,1.7644359687174284e-05,0.40404840612195464,0.41692728998710044,1.7644359687174284e-05,0.0,0.7855372764609684,1.2290193508246858,0.3792756195016277,0.06420645486208978,0.0,70.11940853085473,34.95784586389384,0.03516156266696089,303.91068870308743,4.7871867963340025,0.9916641250587589,5.396314084175874e-07,7.824655422055019e-09,7.764484236756544e-05,0.011191546595027085,0.0
87.0,15.0,150.0,False,0,704.9999999999782,304.0362422567942,3.108738810546302,0.0005354072293934037,6.898643638453005e-07,7.141125169010425e-06,0.00019519766774372515,0.0007491384871262983,1.7648871121024708e-05,0.4042155410124855,0.4162478970885211,1.7648871121024708e-05,0.0,0.7856101595123347,1.2290110487252552,0.379239332812052,0.0641615564008685,0.0,70.10847607314977,35.070989567335296,0.03503748650581448,303.94551648327126,4.787413613643474,0.9916660155650773,5.410529577922683e-07,7.845267887987891e-09,7.764527562327539e-05,0.011191623660854277,0.0
88.0,15.0,150.0,False,0,719.9999999999873,304.07121825157986,3.1092414197102713,0.0005353206968770365,6.977197929389262e-07,7.1573147784981e-06,0.00019517388213130768,0.000749047199867305,1.7653290959249656e-05,0.4043712682078764,0.4155704041286114,1.7653290959249656e-05,0.0,0.7856819015674027,1.229002834744937,0.37920317300561396,0.06411776017192038,0.0,70.09771476488957,35.18373464157249,0.03491398012331708,303.98022155781723,4.787639630998181,0.9916678989773434,5.424589490352549e-07,7.865654761011197e-09,7.76457058400317e-05,0.011191699572523608,0.0
89.0,15.0,150.0,False,0,734.9999999999964,304.10607102160975,3.1097078397833733,0.0005352345930764343,7.055954972979993e-07,7.173289847301216e-06,0.0001951502010744011,0.0007489563138959003,1.7657620117541745e-05,0.404515769814949,0.41489481361778124,1.7657620117541745e-05,0.0,0.7857525200023985,1.2289947080681507,0.3791671395069765,0.06407504855877576,0.0,70.08712199964022,35.29608291164507,0.03479103908799514,304.0148044885072,4.787864852065791,0.9916697753307261,5.438494863468107e-07,7.885817552028756e-09,7.764613304415881e-05,0.011191774340778981,0.0
90.0,15.0,150.0,False,0,750.0000000000055,304.1408011300508,3.1101386159156323,0.0005351489149920403,7.134912536007385e-07,7.189052436439055e-06,0.0001951266239579595,0.0007488658268514925,1.7661859514157492e-05,0.40464922530298597,0.41422112815880496,1.7661859514157492e-05,0.0,0.785822031901852,1.2289866678794568,0.3791312317454219,0.06403340423218291,0.0,70.07669521472219,35.40803618845033,0.034668659026271864,304.0492658327697,4.788089280485531,0.9916716446601115,5.452246753431739e-07,7.905757792476022e-09,7.764655726191609e-05,0.011191847976400727,0.0
91.0,15.0,150.0,False,0,765.0000000000146,304.17540913572464,3.110534288086559,0.000535063659650565,7.21406840066555e-07,7.204604588436601e-06,0.00019510315016989802,0.0007487757363848516,1.7666010069522856e-05,0.4047718115299296,0.4135493504364764,1.7666010069522856e-05,0.0,0.7858904540641891,1.2289787133638204,0.3790954491547862,0.06399281014484504,0.0,70.06643189037162,35.51959626892189,0.03454683562144973,304.0836061437351,4.788312919868542,0.9916735070001071,5.465846229806489e-07,7.92547703321941e-09,7.764697851954123e-05,0.011191920490200912,0.0
92.0,15.0,150.0,False,0,780.0000000000236,304.2098955931635,3.110895391091166,0.000534978824104901,7.293420364749474e-07,7.21994832727123e-06,0.00019507977910112798,0.0007486860401582441,1.7670072705849017e-05,0.40488370276994856,0.4128794832076148,1.7670072705849017e-05,0.0,0.7859578030071902,1.228970843706862,0.37905979117339633,0.06395324952627543,0.0,70.05632954892145,35.63076493621109,0.03442556461271037,304.11782597029116,4.7885357737982535,0.9916753623850454,5.47929437481149e-07,7.944976843476661e-09,7.764739684320687e-05,0.011191991893018753,0.0
93.0,15.0,150.0,False,0,795.0000000000327,304.2442610526667,3.1112224545281264,0.0005348944054340108,7.372966241833204e-07,7.235085658349334e-06,0.00019505651014559182,0.0007485967358455708,1.7674048346758394e-05,0.4049850707422035,0.4122115292914001,1.7674048346758394e-05,0.0,0.7860240949733293,1.228963058095101,0.3790242572440055,0.06391470587776628,0.0,70.0463857540006,35.74154395986796,0.03430484179413264,304.151925857139,4.788757845830738,0.9916772108489865,5.492592282592496e-07,7.964258809759119e-09,7.764781225889049e-05,0.011192062195716142,0.0
94.0,15.0,150.0,False,0,810.0000000000418,304.27850606035395,3.1115160027900517,0.0005348104007427929,7.45270386143765e-07,7.250018568508441e-06,0.00019503334270029574,0.0007485078211324873,1.767793791691973e-05,0.40507608464062217,0.41154549156009057,1.767793791691973e-05,0.0,0.7860893459349884,1.2289553557161912,0.3789888468137322,0.06387716296747073,0.0,70.03659810975174,35.851935096012376,0.03418466301373936,304.1859063448457,4.788979139495059,0.991679052425723,5.505741058506168e-07,7.983324534833944e-09,7.764822479241779e-05,0.011192131409173307,0.0
95.0,15.0,150.0,False,0,825.0000000000509,304.31263115821974,3.1117765550557945,0.000534726807161925,7.53263106918802e-07,7.264749026045177e-06,0.00019501027616534235,0.0007484192937165315,1.768174234169374e-05,0.4051569111646114,0.41088137293005245,1.768174234169374e-05,0.0,0.7861535715995597,1.2289477357591505,0.37895355933399893,0.06384060482559188,0.0,70.02696426006604,35.961940087508786,0.03406502417255725,304.219767969898,4.789199658293624,0.9916808871487821,5.518741818419691e-07,8.002175636708553e-09,7.764863446961447e-05,0.011192199544284555,0.0
96.0,15.0,150.0,False,0,840.00000000006,304.34663688418595,3.112004625284754,0.0005346436218476874,7.612745726961322e-07,7.279278980764768e-06,0.00019498730994396037,0.0007483311513072388,1.7685462546787836e-05,0.40522771455050793,0.410219176353128,1.7685462546787836e-05,0.0,0.7862167874144333,1.228940197414583,0.3789183942604717,0.06380501573967802,0.0,70.01748188783498,36.07156066413552,0.03394592122369946,304.2535112647545,4.789419405702523,0.9916827150514297,5.531595688024925e-07,8.020813747636142e-09,7.764904131578581e-05,0.011192266611954152,0.0
97.0,15.0,150.0,False,0,855.0000000000691,304.38052377215246,3.1122007222131467,0.0005345608419817715,7.693045713023921e-07,7.293610364051125e-06,0.00019496444344253445,0.0007482433916262554,1.768909945792073e-05,0.4052886566037237,0.40955890480836527,1.768909945792073e-05,0.0,0.7862790085718692,1.2289327398748922,0.3788833510530025,0.06377038025002049,0.0,70.00814871421962,36.18079854274785,0.033827350171471766,304.28713675789584,4.789638385171852,0.9916845361666733,5.544303802166808e-07,8.039240513141872e-09,7.764944535636718e-05,0.011192332623092292,0.0
98.0,15.0,150.0,False,0,870.0000000000782,304.4142923520494,3.11236534935211,0.0005344784647710683,7.773528922159487e-07,7.307745088955588e-06,0.00019494167607063314,0.0007481560124074452,1.7692654000496438e-05,0.40533989673138915,0.4089005612940054,1.7692654000496438e-05,0.0,0.7863402500137626,1.2289253623344847,0.37884842917557116,0.06373668314515092,0.0,69.9989624979356,36.289655427444785,0.03370930707049081,304.3206449738761,4.78985660012606,0.9916863505272654,5.556867304187274e-07,8.057457591071547e-09,7.764984661646872e-05,0.011192397588611196,0.0
99.0,15.0,150.0,False,0,885.0000000000873,304.4479431498858,3.112499004987698,0.000534396487447448,7.854193265787602e-07,7.3216850503022666e-06,0.00019491900724103519,0.000748069011396992,1.7696127099287686e-05,0.40538159197549284,0.4082441488198494,1.7696127099287686e-05,0.0,0.7864005264363125,1.2289180639899768,0.37881362809622815,0.06370390945743605,0.0,69.9899210345531,36.398133009726536,0.03359178802482657,304.3540364333711,4.790074053964253,0.9916881581657065,5.569287345283115e-07,8.075466650660517e-09,7.765024512091864e-05,0.011192461519421312,0.0
100.0,15.0,150.0,False,0,900.0000000000964,304.4814766877982,3.1126021821826417,0.0005343149072675247,7.935036672073091e-07,7.335432124808528e-06,0.00019489643636975542,0.0007479823863534987,1.769951967812864e-05,0.40541389704635117,0.40758967039990557,1.769951967812864e-05,0.0,0.7864598522945732,1.2289108440403815,0.37877894728704137,0.06367204445876708,0.0,69.981022155814,36.50623296865057,0.03347478918716343,304.3873116532267,4.790290750060515,0.9916899591142485,5.581565083878726e-07,8.093269371624153e-09,7.765064089428498e-05,0.011192524426427614,0.0
101.0,15.0,150.0,False,0,915.0000000001055,304.51489348410104,3.1126753687798345,0.0005342337215124057,8.016057086026375e-07,7.348988171219779e-06,0.00019487396287606914,0.0007478961350480799,1.7702832659617076e-05,0.4054369643563284,0.40693712904528556,1.7702832659617076e-05,0.0,0.7865182418069191,1.2289037016872955,0.3787443862240379,0.06364107365633857,0.0,69.97226372896212,36.61395697099268,0.033358306757969435,304.420471146508,4.79050669176423,0.9916917534048972,5.593701685014535e-07,8.110867443271077e-09,7.765103396100564e-05,0.01119258632052602,0.0
102.0,15.0,150.0,False,0,930.0000000001146,304.54819405333166,3.112719047407512,0.0005341529274874402,8.097252469595101e-07,7.362355030455546e-06,0.0001948515861825342,0.0007478102552644483,1.7706066964825218e-05,0.40545094405379506,0.4062865277574912,1.7706066964825218e-05,0.0,0.7865757089594058,1.2288966361350797,0.3787099443871534,0.0636109827885206,0.0,69.96364365608912,36.72130667139319,0.03324233698469593,304.45351542254485,4.790721882400375,0.9916935410694161,5.605698319748367e-07,8.128262563635133e-09,7.76514243451933e-05,0.01119264721259991,1.3234889800848443e-23
103.0,15.0,150.0,False,0,945.0000000001237,304.5813789062985,3.1127336954860887,0.0005340725225219513,8.178620801747134e-07,7.3755345257676225e-06,0.0001948293057150131,0.0007477247447989981,1.7709223513020042e-05,0.40545598405717515,0.4056378695218978,1.7709223513020042e-05,0.0,0.78663226751004,1.2288896465910317,0.3786756212601779,0.06358175782081392,0.0,69.95515987349398,36.82828371250969,0.033126876160984295,304.48644498697837,4.790936325269831,0.9916953221393284,5.617556164572928e-07,8.145456438630745e-09,7.765181207059196e-05,0.011192707113516763,0.0
104.0,15.0,150.0,False,0,960.0000000001328,304.6144488268459,3.1127037956173065,0.0005339925828086516,8.260159627368443e-07,7.388449182667072e-06,0.00019480582198462887,0.0007476346164250381,1.7718586303070633e-05,0.40544787351114,0.4051348137336079,1.7718586303070633e-05,0.0,0.7866827302145041,1.228878035491332,0.3786415105448446,0.06355379473198328,0.0,69.94759046782437,36.93489061722251,0.03301269985060186,304.51926061639904,4.791150025437855,0.9916970966607681,5.629172508934402e-07,8.162300137954883e-09,7.76524056922065e-05,0.011192849358597049,0.0
105.0,15.0,150.0,False,0,975.0000000001419,304.64740512648154,3.1125983490744282,0.0005339132889854557,8.341864327837611e-07,7.400916350500624e-06,0.0001947820068275288,0.0007475432161300654,1.772993313489754e-05,0.40541665801373533,0.40468019546100187,1.772993313489754e-05,0.0,0.7867295351097676,1.228864967864276,0.3786075474278751,0.0635278853266332,0.0,69.94056973353484,37.04113160948893,0.032899438124045915,304.5519636110211,4.791362991379502,0.9916988647081225,5.640442670132431e-07,8.178641871692027e-09,7.76530524711043e-05,0.011193006019220625,0.0
106.0,15.0,150.0,False,0,990.000000000151,304.68024847601333,3.11241922461486,0.0005338346352155928,8.423730085916007e-07,7.412941016240587e-06,0.00019475836591404246,0.0007474524845960615,1.7740815302942112e-05,0.4053627270904887,0.4042179569863078,1.7740815302942112e-05,0.0,0.7867746015681689,1.2288522747680894,0.3785736943878375,0.06350397881208301,0.0,69.93380976477465,37.14700884791045,0.0327868009168642,304.5845546353031,4.791575227429581,0.9917006263213426,5.651387257248512e-07,8.194511523010343e-09,7.765368579255947e-05,0.011193157131087945,0.0
107.0,15.0,150.0,False,0,1005.0000000001601,304.7129794944985,3.1121690392487573,0.0005337566082217631,8.505752246766017e-07,7.424535687296852e-06,0.00019473489615309754,0.0007473624099588151,1.7751245575027842e-05,0.4052868786200422,0.4037484203822882,1.7751245575027842e-05,0.0,0.7868179891307886,1.2288399457948085,0.3785399509704835,0.06348200569353646,0.0,69.92730163038169,37.25252432430404,0.03267477730607765,304.6170343023641,4.791786737588484,0.9917023815375585,5.6620153902834e-07,8.20992231591093e-09,7.765430601676566e-05,0.011193302843641598,0.0
108.0,15.0,150.0,False,0,1020.0000000001692,304.745598790238,3.111850339233169,0.0005336791950810479,8.587926286607309e-07,7.435712524201421e-06,0.0001947115945123419,0.0007472729805794947,1.7761236471363776e-05,0.40518988570362213,0.4032718998586053,1.7761236471363776e-05,0.0,0.7868597553396286,1.2288279707748642,0.3785063167291954,0.06346189870604019,0.0,69.92103669905569,37.35767999585312,0.032563356703202574,304.64940321466236,4.791997525787093,0.9917041303932814,5.672336024906315e-07,8.224887236114158e-09,7.765491349222883e-05,0.01119344330348566,0.0
109.0,15.0,150.0,False,0,1035.0000000001783,304.7781069611057,3.111465601425132,0.000533602383213653,8.670247810318708e-07,7.44648335148711e-06,0.00019468845801773687,0.0007471841850430883,1.777080026542356e-05,0.4050724974952235,0.40278870185548454,1.777080026542356e-05,0.0,0.7868999558095991,1.2288163397732337,0.3784727912246521,0.0634435927389824,0.0,69.9150066285601,37.462477786168975,0.03245252884239113,304.6816619643219,4.7922075958889145,0.9917058729244211,5.682357950392195e-07,8.239419028068683e-09,7.765550855667793e-05,0.011193578654393225,0.0
110.0,15.0,150.0,False,0,1050.0000000001874,304.8105045948662,3.111017234630864,0.0005335261603720229,8.752712549012821e-07,7.456859668224403e-06,0.00019466548375311074,0.0007470960121566897,1.777994898505603e-05,0.40493544000331977,0.4022991251413759,1.777994898505603e-05,0.0,0.786938644297326,1.2288050430855777,0.3784393740245095,0.06342702476374215,0.0,69.90920335540109,37.5669195863133,0.03234228376908779,304.71381113344745,4.792416951692121,0.9917076091663045,5.69208978793472e-07,8.253530192505345e-09,7.765609153693488e-05,0.011193709037316079,0.0
111.0,15.0,150.0,False,0,1065.0000000001965,304.84279226947973,3.110507580949944,0.0005334505146303201,8.835316357588892e-07,7.466852658213714e-06,0.00019464266885968216,0.0007470084509476712,1.778869441377867e-05,0.4047794168643904,0.4018034609134925,1.778869441377867e-05,0.0,0.7869758727669853,1.228794071234406,0.3784060647030983,0.06341213376432257,0.0,69.90361908495218,37.67100725578202,0.03223261182917016,304.74585129442715,4.792625596931535,0.9917093391536922,5.70153998931432e-07,8.267232984505764e-09,7.765666274963008e-05,0.011193834590396618,0.0
112.0,15.0,150.0,False,0,1080.0000000002055,304.87497055339685,3.1099389171134004,0.0005333754343742755,8.918055212268677e-07,7.4764731998330385e-06,0.00019462001053555586,0.0007469214906617448,1.7797048092242624e-05,0.40460511008865674,0.4013019929009324,1.7797048092242624e-05,0.0,0.7870116914533163,1.2287834149652568,0.37837286284113364,0.0633988606708069,0.0,69.89824628200255,37.77474262345254,0.032123503658550004,304.7777830102242,4.792833535280523,0.9917110629207957,5.710716835901559e-07,8.280539412057261e-09,7.76572225012458e-05,0.011193955448981904,0.0
113.0,15.0,150.0,False,0,1095.0000000002146,304.90704000584503,3.1093134558147386,0.0005333009082913919,9.000925208120251e-07,7.485731875544234e-06,0.00019459750603518922,0.0007468351207609194,1.7805021319859614e-05,0.4044131807785265,0.4007949974700648,1.7805021319859614e-05,0.0,0.7870461489219827,1.2287730652429074,0.3783397680254372,0.06338714829548756,0.0,69.89307766170259,37.87812748850861,0.03201495017319398,304.8096068346615,4.793040770352854,0.9917127805012933,5.719628437977578e-07,8.29346123506749e-09,7.765777108881006e-05,0.011194071745639727,0.0
114.0,15.0,150.0,False,0,1110.0000000002237,304.93900117710245,3.108633347032982,0.0005332269253615138,9.083922556574086e-07,7.494638981060081e-06,0.00019457515266883938,0.0007467493309213763,1.781262515657875e-05,0.4042042698203874,0.40028274373202305,1.781262515657875e-05,0.0,0.7870792921274035,1.2287630132476088,0.37830677984867395,0.0633769412715315,0.0,69.88810618088947,37.98116362132111,0.03190694255956836,304.84132331269285,4.793247305704464,0.9917144919283452,5.728282734350775e-07,8.306009964808625e-09,7.765830880007013e-05,0.011194183610176552,0.0
115.0,15.0,150.0,False,0,1125.0000000002328,304.97085460876474,3.1079006793468196,0.0005331534748477427,9.167043582935642e-07,7.503204534179213e-06,0.00019455294780198264,0.0007466641110312393,1.7819870424804435e-05,0.4039789985503765,0.39976549365197084,1.7819870424804435e-05,0.0,0.7871111664681967,1.2287532503713425,0.3782738979090989,0.06336818599404688,0.0,69.88332502977048,38.08385276430739,0.031799472265463084,304.8729329806674,4.793453144835181,0.9917161972346088,5.736687492253639e-07,8.318196863767776e-09,7.765883591381775e-05,0.011194291169657231,0.0
116.0,15.0,150.0,False,0,1140.000000000242,305.00260083400195,3.107117481239064,0.0005330805462876951,9.250284723898345e-07,7.5114382832961285e-06,0.00019453088885471566,0.0007465794511882814,1.7826767711447014e-05,0.40373796939494916,0.3992435021599936,1.7826767711447014e-05,0.0,0.7871418158403691,1.228743768214114,0.37824112181031566,0.06336083056342923,0.0,69.87872762394461,38.18619663275991,0.0316925309911847,304.90443636658466,4.793658291190389,0.9917178964522533,5.744850307500996e-07,8.330032945876446e-09,7.765935270023609e-05,0.011194394548426361,0.0
117.0,15.0,150.0,False,0,1155.000000000251,305.03424037780576,3.1062857223906475,0.000533008129485096,9.333642525060647e-07,7.51934971559286e-06,0.00019450897330113638,0.0007464953416975442,1.7833327370095442e-05,0.4034817664869606,0.3987170172633875,1.7833327370095442e-05,0.0,0.7871712826883519,1.2287345585802718,0.3782084511610482,0.06335482473087178,0.0,69.8743075967472,38.28819691564124,0.031586110681105964,304.93583399033946,4.79386274816262,0.9917195896129731,5.752778604892789e-07,8.341528977094545e-09,7.765985942135515e-05,0.01119449386813121,0.0
118.0,15.0,150.0,False,0,1170.0000000002601,305.0657737572307,3.1054073149634216,0.000532936214501692,9.417113638450605e-07,7.526948064922729e-06,0.00019448719866870648,0.0007464117730688936,1.783955952330556e-05,0.40321095625807785,0.39818628016010266,1.783955952330556e-05,0.0,0.7871996080540058,1.2287256134748519,0.37817588557491866,0.06335011984592744,0.0,69.87005879189911,38.38985527636217,0.031480203515536945,304.9671263639612,4.794066519093119,0.9917212767480023,5.760479638846397e-07,8.352695476327276e-09,7.766035633126854e-05,0.01119458924774607,0.0
119.0,15.0,150.0,False,0,1185.0000000002692,305.0972014816259,3.104484114871083,0.0005328647916494801,9.50069482006118e-07,7.534242319395011e-06,0.00019446556253759753,0.0007463287360145099,1.7845474064995436e-05,0.40292608800840696,0.3976515253532363,1.7845474064995436e-05,0.0,0.7872268316236937,1.2287169250999568,0.3781434246702391,0.06334666880602399,0.0,69.86597525644594,38.49117335352727,0.031374801902918664,304.9983139918435,4.7942696072733355,0.9917229578881264,5.767960494241144e-07,8.363542716649658e-09,7.766084367637205e-05,0.011194680803598,0.0
120.0,15.0,150.0,False,0,1200.0000000002783,305.12852405285963,3.103517923037624,0.0005327938514832367,9.58438292739922e-07,7.541241228669941e-06,0.00019444406254002182,0.0007462462214463174,1.7851080662939712e-05,0.40262769445410396,0.39711298076634094,1.7851080662939712e-05,0.0,0.7872529917735246,1.2287084858511679,0.3781110680698105,0.06334442600783276,0.0,69.8620512339713,38.592152761658745,0.031269898472312554,305.0293973709669,4.794472015946377,0.9917246330636962,5.775228087461247e-07,8.374080726818809e-09,7.766132169581899e-05,0.011194768649393791,0.0
121.0,15.0,150.0,False,0,1215.0000000002874,305.1597419655351,3.102510486642661,0.0005327233847933423,9.668174917050938e-07,7.547953310974126e-06,0.00019442269635954924,0.0007461642204733672,1.7856388761355698e-05,0.4023162922538486,0.39657086785942575,1.7856388761355698e-05,0.0,0.787278125612848,1.2287002883139848,0.3780788154007331,0.06334334730040368,0.0,69.85828115807277,38.69279509189153,0.031165486066181237,305.06037699111295,4.794673748308405,0.9917263023046393,5.782289167621421e-07,8.384319293051061e-09,7.766179062173705e-05,0.01119485289624815,0.0
122.0,15.0,150.0,False,0,1230.0000000002965,305.19085570720137,3.1014635003531654,0.0005326533825988815,9.752067842266339e-07,7.5543868598477655e-06,0.00019440146173041153,0.0007460827243991605,1.786140758357549e-05,0.4019923825149966,0.3960254017454483,1.786140758357549e-05,0.0,0.7873022690260967,1.2286923252602973,0.3780466662942236,0.06334338993997693,0.0,69.85465964608548,38.793101912652645,0.031061557733432835,305.0912533350733,4.794874807509997,0.991727965640472,5.789150317963158e-07,8.39426796104658e-09,7.766225067935839e-05,0.011194933652712933,0.0
123.0,15.0,150.0,False,0,1245.0000000003056,305.22186575855727,3.100378607541029,0.0005325838361410117,9.836058850565075e-07,7.5605499506335264e-06,0.00019438035643679392,0.0007460017247189358,1.786614613479673e-05,0.4016564512802596,0.3954767913071776,1.786614613479673e-05,0.0,0.7873254567130552,1.2286845896448886,0.3780146203854399,0.06334451254639344,0.0,69.85118149304171,38.89307477031716,0.030958106722724543,305.12202687885156,4.79507519665746,0.9917296231003111,5.795817957407218e-07,8.403936038240467e-09,7.766270208760511e-05,0.011195011024807433,0.0
124.0,15.0,150.0,False,0,1260.0000000003147,305.25277259364606,3.099257401486014,0.000532514736876597,9.920145181365942e-07,7.566450446715535e-06,0.0001943593783121183,0.0007459212131169133,1.7870613204904013e-05,0.40130896999567245,0.3949252393143158,1.7870613204904013e-05,0.0,0.787347722227628,1.2286770746019768,0.3779826773133171,0.06334667506103175,0.0,69.84784166585578,38.99271518983678,0.030855126476019002,305.1526980918568,4.795274918814097,0.9917312747128845,5.802298342248812e-07,8.413332596260777e-09,7.766314505900252e-05,0.011195085116049566,0.0
125.0,15.0,150.0,False,0,1275.0000000003238,305.28357668004696,3.0981014265636664,0.000532446076472081,1.0004324163641725e-06,7.572096005522251e-06,0.00019433852523831514,0.0007458411814635034,1.7874817371358184e-05,0.4009503959607076,0.3943709425406861,1.7874817371358184e-05,0.0,0.7873690980151773,1.2286697734417797,0.37795083672040847,0.06334983870619387,0.0,69.84463529772339,39.092024675355326,0.03075261062236806,305.18326743709304,4.795473977001439,0.9917329205065419,5.808597567985628e-07,8.42246647357916e-09,7.766357980017787e-05,0.011195156027487942,0.0
126.0,15.0,150.0,False,0,1290.0000000003329,305.3142784790589,3.096912179417785,0.0005323778467976014,1.0088593213601613e-06,7.577494084300278e-06,0.00019431779514508856,0.0007457616218124834,1.787876700214456e-05,0.40058117276125066,0.3938140918814122,1.787876700214456e-05,0.0,0.7873896154485053,1.228662679647119,0.3779190982527348,0.06335396594587897,0.0,69.84155768272419,39.1910047108017,0.030650552971922488,305.2137353713418,4.795672374200431,0.9917345605092659,5.814721571265064e-07,8.431346278334342e-09,7.766400651196877e-05,0.011195223857734696,0.0
127.0,15.0,150.0,False,0,1305.000000000342,305.3448784458779,3.095691110117058,0.0005323100399213318,1.0172949832402557e-06,7.582651945669876e-06,0.00019429718600917295,0.0007456825263981461,1.7882470258775296e-05,0.40020173068620096,0.3932548724699487,1.7882470258775296e-05,0.0,0.7874093048625359,1.228655786870057,0.3778874615596411,0.06335902044787996,0.0,69.8386042706196,39.2896567604605,0.030548947510159095,305.24410234533764,4.795870113352582,0.9917361947486811,5.820676131940447e-07,8.43998039131365e-09,7.766442538950993e-05,0.011195288702999073,0.0
128.0,15.0,150.0,False,0,1320.000000000351,305.37537702977176,3.0944396232955755,0.0005322426481040295,1.025739160389121e-06,7.587576662973833e-06,0.0001942766958535843,0.0007456038876324251,1.7885935099342464e-05,0.3998124871284693,0.3926934637948385,1.7885935099342464e-05,0.0,0.7874281955877653,1.2286490889285655,0.3778559262936581,0.06336496704714213,0.0,69.83577066183518,39.38798226953509,0.0304477883923001,305.2743688039416,4.796067197361092,0.9917378232520643,5.826466875226538e-07,8.448376969078482e-09,7.766483662286199e-05,0.011195350657121633,0.0
129.0,15.0,150.0,False,0,1335.0000000003602,305.40577467424447,3.093159079276897,0.0005321756637938056,1.0341916192377736e-06,7.592275125424789e-06,0.00019425632274686617,0.0007455256981020017,1.788916928161219e-05,0.39941384697099136,0.39213003981614275,1.788916928161219e-05,0.0,0.7874463159825196,1.2286425798032257,0.3778244921103734,0.06337177171033272,0.0,69.83305260262205,39.48598266467678,0.030347069937945264,305.3045351863041,4.796263629091917,0.9917394460463539,5.832099273942097e-07,8.456543947216041e-09,7.766524039672963e-05,0.011195409811609052,0.0
130.0,15.0,150.0,False,0,1350.0000000003693,305.4360718171992,3.0918507951813976,0.0005321090796210775,1.0426521340442712e-06,7.596754043064862e-06,0.00019423606480233066,0.0007454479505653903,1.789218036615939e-05,0.3990062029585195,0.3915647690813772,1.789218036615939e-05,0.0,0.7874636934641002,1.228636253633971,0.3777931586683067,0.06337940150156404,0.0,69.83044598038497,39.58365935451048,0.030246786625874485,305.3346019260266,4.796459411374815,0.9917410631581589,5.837578650832527e-07,8.464489043707164e-09,7.766563689104704e-05,0.011195466255669462,0.0
131.0,15.0,150.0,False,0,1365.0000000003783,305.4662688910967,3.0905160460166514,0.0005320428883937118,1.0511204866778286e-06,7.60101995154404e-06,0.00019421592017729682,0.0007453706379500162,1.7894975719536168e-05,0.3985899360557721,0.3909978148408682,1.7894975719536168e-05,0.0,0.7874803545388398,1.2286301047168509,0.3777619256287891,0.06338782454922194,0.0,69.82794681917402,39.68101373014448,0.030146933089029538,305.36456945131863,4.796654547004383,0.9917426746137677,5.842910180962912e-07,8.472219762396222e-09,7.766602628073941e-05,0.011195520076248246,0.0
132.0,15.0,150.0,False,0,1380.0000000003874,305.4963663231033,3.0891560657506467,0.0005319770830923529,1.059596466406438e-06,7.605079216724238e-06,0.00019419588707232557,0.0007452937533492789,1.7897562517467002e-05,0.3981654157926195,0.3904293351625382,1.7897562517467002e-05,0.0,0.7874963248311282,1.2286241275008412,0.37773079265585396,0.06339701001385897,0.0,69.82555127533075,39.778047165646534,0.03004750410968422,305.39443818514434,4.796849038740993,0.991744280439157,5.848098894170317e-07,8.479743396546959e-09,7.766640873641678e-05,0.01119557135806422,0.0
133.0,15.0,150.0,False,0,1395.0000000003965,305.52636453524104,3.0877720483676745,0.0005319116568659098,1.0680798696880994e-06,7.608938039121929e-06,0.00019417596373045304,0.0007452172900196085,1.789994774807147e-05,0.3977330005968759,0.38985948304586393,1.789994774807147e-05,0.0,0.7875116291114614,1.2286183165846842,0.3776997594161264,0.0634069280570964,0.0,69.82325563328077,39.87476101852902,0.029948494614751745,305.4242085453718,4.797042889311787,0.9917458806599992,5.853149677572358e-07,8.48706703247992e-09,7.766678442407051e-05,0.011195620183646214,0.0
134.0,15.0,150.0,False,0,1410.0000000004056,305.55626394452844,3.086365148906666,0.0005318466030272132,1.0765704999657048e-06,7.612602458192302e-06,0.00019415614843642346,0.0007451412413775228,1.7902138215104806e-05,0.3972930381152749,0.3892884065350808,1.7902138215104806e-05,0.0,0.7875262913235348,1.2286126667137636,0.377668825578723,0.0634175498115057,0.0,69.82105630146977,39.971156630200944,0.02984989967126882,305.4538809449122,4.79723610141157,0.9917474753016717,5.858067278119409e-07,8.494197553273145e-09,7.766715350546356e-05,0.011195666633369907,0.0
135.0,15.0,150.0,False,0,1425.0000000004147,305.58606496311904,3.084936484481894,0.0005317819150488198,1.0850681674656693e-06,7.61607835646566e-06,0.00019413643951592092,0.0007450656009966777,1.790414054121543e-05,0.3968458655231773,0.388716248831465,1.790414054121543e-05,0.0,0.7875403346104366,1.2286071727770125,0.37763799081515304,0.0634288473514228,0.0,69.8189498084345,40.06723532641504,0.029751714482019458,305.4834557918574,4.7974286777037,0.9917490643892637,5.862856305186545e-07,8.501141642520491e-09,7.766751613834735e-05,0.011195710785494936,0.0
136.0,15.0,150.0,False,0,1440.0000000004238,305.6157679984352,3.0834871352859246,0.0005317175865589653,1.0935726890003305e-06,7.619371463542293e-06,0.0001941168353348021,0.000744990362604922,1.7905961171214304e-05,0.3963918098235495,0.38814314840466474,1.7905961171214304e-05,0.0,0.7875537813399771,1.228601829803865,0.37760725479922697,0.06344079366466093,0.0,69.81693279900341,40.162998417698034,0.029653934381305376,305.5129334896124,4.797620620820974,0.9917506479475838,5.867521233196971e-07,8.507905788135608e-09,7.76678724763967e-05,0.0111957527162022,0.0
137.0,15.0,150.0,False,0,1455.000000000433,305.6453734532974,3.082018145574705,0.0005316536113376558,1.1020838877741774e-06,7.622487359952443e-06,0.00019409733429833056,0.0007449155200813592,1.7907606375352125e-05,0.3959311881356836,0.38756923910300006,1.7907606375352125e-05,0.0,0.7875666531291822,1.2285966329612368,0.3775766172069673,0.06345336262508736,0.0,69.81500203062267,40.25844719976727,0.029556554830855397,305.5423144370236,4.797811933366447,0.991752226001168,5.872066404270876e-07,8.514496286192771e-09,7.766822266940497e-05,0.011195792499631296,0.0
138.0,15.0,150.0,False,0,1470.000000000442,305.6748817260495,3.0805305246347583,0.0005315899833128903,1.1106015931939368e-06,7.625431480888344e-06,0.00019407793485041143,0.0007448410674534093,1.790908225260075e-05,0.39546430797415216,0.3869946502626711,1.790908225260075e-05,0.0,0.787578970867987,1.228591577550543,0.3775460777165258,0.06346652896603013,0.0,69.81315436980194,40.3535829539349,0.02945957141586704,305.5715990285032,4.798002617914241,0.9917537985742858,5.876496030893757e-07,8.520919244795948e-09,7.766856686352262e-05,0.011195830207918096,0.0
139.0,15.0,150.0,False,0,1485.000000000451,305.70429321068053,3.079025247732426,0.0005315266965570079,1.1191256406825333e-06,7.62820911981497e-06,0.00019405863547283087,0.0007447669988938898,1.7910394733935974e-05,0.3949914675184553,0.3864195068158134,1.7910394733935974e-05,0.0,0.7875907547421671,1.228586659004755,0.37751563600810406,0.06348026825448383,0.0,69.81138678867492,40.44840694749976,0.02936297984117516,305.6007876541499,4.798192677010346,0.9917553656909479,5.880814198598727e-07,8.527180587968154e-09,7.766890520132224e-05,0.011195865911232342,0.0
140.0,15.0,150.0,False,0,1500.0000000004602,305.73360829694167,3.077503257045117,0.0005314637452831561,1.1276558714969478e-06,7.63082543196429e-06,0.00019403943468449626,0.0007446933087180992,1.79115495856167e-05,0.39451295587376256,0.3858439293973551,1.79115495856167e-05,0.0,0.7876020242555292,1.228581872885493,0.3774852917638778,0.063494556866086,0.0,69.8096963616706,40.542920434123026,0.02926677592754758,305.6298806998643,4.798382113173359,0.9917569273749125,5.885024868657138e-07,8.533286059552851e-09,7.766923782190696e-05,0.011195899677815303,0.0
141.0,15.0,150.0,False,0,1515.0000000004693,305.76282737046176,3.075965462574599,0.0005314011238418675,1.1361921325499885e-06,7.633285437720938e-06,0.00019402033104068194,0.0007446199913809232,1.7912552412459875e-05,0.39402905332319316,0.38526803445059166,1.7912552412459875e-05,0.0,0.7876127982513981,1.2285772148801557,0.3774550446679244,0.06350937196083323,0.0,69.80808026229028,40.637124654202445,0.02917095560808783,305.6588785474645,4.798570928895241,0.9917584836496915,5.889131880773619e-07,8.539241227121749e-09,7.766956486086711e-05,0.011195931574017375,0.0
142.0,15.0,150.0,False,0,1530.0000000004784,305.79195081285656,3.07441274304232,0.0005313388267177479,1.1447342762359536e-06,7.63559402590183e-06,0.000194001323132278,0.0007445470414739481,1.7913408661104793e-05,0.39354003157199086,0.3846919343314902,1.7913408661104793e-05,0.0,0.7876230949334175,1.228572680799088,0.37742489440615584,0.06352469145951471,0.0,69.80653575998736,40.73102083522216,0.029075514924765195,305.68778157479335,4.798759126642022,0.9917600345385572,5.893138955779383e-07,8.545051485880106e-09,7.766988645077893e-05,0.011195961664335646,0.0
143.0,15.0,150.0,False,0,1545.0000000004875,305.82097900183675,3.0728459467668037,0.0005312768485262645,1.153282160260213e-06,7.637755956937468e-06,0.00019398240958504396,0.0007444744537226008,1.7914123623266732e-05,0.3930461539839787,0.38411573741161414,1.7914123623266732e-05,0.0,0.787632931885699,1.2285682665727868,0.37739484066625334,0.06354049402083446,0.0,69.80506021714513,40.82461019210225,0.02898045002504288,305.71659015582634,4.798946708854491,0.9917615800645481,5.897049698321078e-07,8.550722062565563e-09,7.767020272085763e-05,0.011195990011451369,0.0
144.0,15.0,150.0,False,0,1560.0000000004966,305.84991231131215,3.0712658925231757,0.0005312151840106289,1.1618356474726686e-06,7.639775865958514e-06,0.00019396358905886846,0.0007444022229833032,1.7914702438975813e-05,0.3925476758106421,0.3835395481796732,1.7914702438975813e-05,0.0,0.7876423260923378,1.2285639682491425,0.37736488313760513,0.06355675901919966,0.0,69.80365108614932,40.91789392753297,0.028885757158616344,305.74530466077437,4.799133677948884,0.9917631202504745,5.900867599540519e-07,8.556258019333752e-09,7.767051379730435e-05,0.011196016676267287,0.0
145.0,15.0,150.0,False,0,1575.0000000005057,305.8787511114919,3.069673370384874,0.0005311538280387765,1.1703946057051031e-06,7.641658265791624e-06,0.00019394486024703456,0.0007443303442406539,1.791515009979767e-05,0.39204484441313986,0.3829634673416441,1.791515009979767e-05,0.0,0.7876512939563178,1.2285597819907212,0.37733502151124954,0.06357346652315392,0.0,69.8023059065523,41.01087323229849,0.02879143267425381,305.7739254561834,4.799320036317516,0.9917646551189251,5.904596039741205e-07,8.561664257624748e-09,7.767081980334951e-05,0.011196041717944805,0.0
146.0,15.0,150.0,False,0,1590.0000000005148,305.90749576897997,3.0680691425476474,0.0005310927756004347,1.1789589076123728e-06,7.643407549869911e-06,0.00019392622187549074,0.0007442588126046306,1.7915471452034513e-05,0.3915378994776232,0.38238759191947125,1.7915471452034513e-05,0.0,0.787659851317835,1.2285557040720896,0.37730525547982113,0.06359059727443347,0.0,69.80102230232474,41.10354928558398,0.02869747301674076,305.80245290502904,4.7995057863294095,0.9917661846922711,5.908238291038317e-07,8.56694552200556e-09,7.767112085940459e-05,0.01119606519394096,0.0
147.0,15.0,150.0,False,0,1605.0000000005239,305.93614664687493,3.0664539441359078,0.0005310320218042607,1.187528430517441e-06,7.645027995063804e-06,0.00019390767270212846,0.0007441876233078161,1.791567119990589e-05,0.39102707322406155,0.3818120153481631,1.791567119990589e-05,0.0,0.787668013472053,1.2285517308771654,0.377275584737493,0.06360813266761943,0.0,69.79979797919204,41.19592325529729,0.028603874723894748,305.8308873668155,4.799690930330932,0.9917677089926731,5.911797519992019e-07,8.572106403988428e-09,7.767141708291039e-05,0.011196087160045203,0.0
148.0,15.0,150.0,False,0,1620.000000000533,305.9647041048557,3.0648284839915965,0.0005309715618750807,1.196103056260203e-06,7.64652376443049e-06,0.00019388921151606797,0.000744116771702657,1.7915753908701168e-05,0.3905125906089447,0.38123682757153,1.7915753908701168e-05,0.0,0.7876757951863104,1.2285478588966252,0.37724600897993354,0.06362605473038128,0.0,69.79863072205343,41.28799629834467,0.02851063442370876,305.85922919766045,4.799875470646355,0.991769228042085,5.915276790214441e-07,8.57715134581094e-09,7.767170858870558e-05,0.011196107670415864,0.0
149.0,15.0,150.0,False,0,1635.000000000542,305.9931684992739,3.063193445445663,0.0005309113911511851,1.204682671050088e-06,7.647898909893014e-06,0.00019387083713694973,0.0007440462532587455,1.7915724007909022e-05,0.3899946695220748,0.3806621151362539,1.7915724007909022e-05,0.0,0.7876832107168047,1.2285440847253357,0.3772165279042555,0.0636443461042755,0.0,69.79751839247928,41.37976956092882,0.028417748831550453,305.8874787503869,4.800059409578447,0.9917707418622598,5.918679064955752e-07,8.58208464418584e-09,7.767199548891837e-05,0.0111961267776164,0.0
150.0,15.0,150.0,False,0,1650.0000000005512,306.02154018323824,3.0615494870722606,0.0005308515050817078,1.2132671653223739e-06,7.649157374846559e-06,0.00019385254841423506,0.0007439760635601333,1.79155857943161e-05,0.38947352097770893,0.38008796128446615,1.79155857943161e-05,0.0,0.7876902738247644,1.2285404050598336,0.3771871412089733,0.06366299002609593,0.0,69.79645892628533,41.47124417881995,0.028325214747465376,305.91563637460644,4.800242749409023,0.9917722504747538,5.922007209660553e-07,8.586910454007802e-09,7.767227789309654e-05,0.01119614453265131,0.0
151.0,15.0,150.0,False,0,1665.0000000005602,306.049819506699,3.059897243425871,0.0005307918992240655,1.221856433598197e-06,7.650302996698447e-06,0.0001938343442265149,0.0007439061983026787,1.791534343507627e-05,0.3889493493002744,0.3795144460446968,1.791534343507627e-05,0.0,0.7876969977921334,1.2285368166958428,0.37715784859395973,0.0636819703097496,0.0,69.79545033117996,41.562421277628566,0.0282330290535514,305.9437024168034,4.8004254923994845,0.9917737539009324,5.925263994496394e-07,8.591632792019772e-09,7.767255590829421e-05,0.011196160985001723,0.0
152.0,15.0,150.0,False,0,1680.0000000005693,306.07800681652833,3.05823732576149,0.00053073256924147,1.2304503743482064e-06,7.651339509343416e-06,0.00019381622348082573,0.0007438366532914214,1.791500097074717e-05,0.3884223523049126,0.3789416463212639,1.791500097074717e-05,0.0,0.7877033954367738,1.2285333165258274,0.37712864976040655,0.06370127132864709,0.0,69.79449068448392,41.65330197306361,0.028141188711420306,305.9716772204141,4.800607640791346,0.9917752521619734,5.928452096850158e-07,8.59625554043273e-09,7.76728296389851e-05,0.011196176182660654,0.0
153.0,15.0,150.0,False,0,1695.0000000005784,306.1061024565983,3.056570322738022,0.0005306735109004972,1.2390488898598182e-06,7.65227054557748e-06,0.0001937981851119755,0.0007437674244379961,1.7914562318293012e-05,0.38789272147303183,0.37836963598204115,1.7914562318293012e-05,0.0,0.7877094791272169,1.228529901536594,0.3770995444107865,0.06372087799859061,0.0,69.79357813091745,41.74388737118437,0.02804969075973308,305.9995611259047,4.80078919680673,0.991776745278872,5.93157410379137e-07,8.600782450497488e-09,7.767309918745285e-05,0.011196190172167875,0.0
154.0,15.0,150.0,False,0,1710.0000000005875,306.13410676785674,3.05489680110511,0.0005306147200687214,1.247651886108002e-06,7.653099639452707e-06,0.00019378022808187734,0.0007436985077580723,1.791403127405162e-05,0.38736064212305715,0.37779848594459764,1.791403127405162e-05,0.0,0.787715260796959,1.2285265688069222,0.37707053224881926,0.06374077576114401,0.0,69.79271088045614,41.834178568644,0.027958532311812143,306.02735447084575,4.800970162648869,0.9917782332724457,5.934632514500805e-07,8.605217146026167e-09,7.767336465342237e-05,0.0111962029986444,0.0
155.0,15.0,150.0,False,0,1725.0000000005966,306.1620200884023,3.053217306373556,0.0005305561927123975,1.2562592726295835e-06,7.653830228577121e-06,0.00019376235137889424,0.0007436298993688425,1.7913411516666297e-05,0.3868262935766177,0.3772282642607005,1.7913411516666297e-05,0.0,0.7877207519583422,1.2285233155052455,0.3770416129794335,0.06376095056746973,0.0,69.79188720624865,41.92417665293205,0.027867710553316598,306.05505758998726,4.801150540502579,0.9917797161633374,5.937629742663733e-07,8.609563126862413e-09,7.767362613449354e-05,0.01119621470582658,0.0
156.0,15.0,150.0,False,0,1740.0000000006057,306.18984275355297,3.051532363469521,0.0005304979248942118,1.2648709624009721e-06,7.654465656358055e-06,0.00019374455401719118,0.0007435615954865318,1.7912706609976904e-05,0.3862898493202701,0.3766590361992261,1.7912706609976904e-05,0.0,0.7877259637159987,1.2285201388873652,0.3770127863087408,0.06378138886262572,0.0,69.79110544260018,42.01388270259452,0.02777722274000566,306.08267081532614,4.801330332534708,0.99178119397202,5.940568118823628e-07,8.61382377229426e-09,7.767388372598941e-05,0.011196225336099746,0.0
157.0,15.0,150.0,False,0,1755.0000000006148,306.21757509591697,3.049842477372765,0.0005304399127710725,1.273486871719282e-06,7.655009174196136e-06,0.00019372683503609783,0.0007434935924239556,1.7911920005874124e-05,0.3857514771629848,0.376090864327376,1.7911920005874124e-05,0.0,0.7877309067799096,1.2285170362942088,0.3769840519440012,0.06380207757029803,0.0,69.79036398301353,42.10329778746255,0.02768706619555098,306.11019447617673,4.801509540894594,0.9917826667188002,5.943449892699625e-07,8.618002344414458e-09,7.767413752093454e-05,0.01119623493053145,0.0
158.0,15.0,150.0,False,0,1770.000000000624,306.24521744545876,3.0481481337390686,0.0005303821525919573,1.282106920086782e-06,7.65546394362858e-06,0.00019370919349948098,0.0007434258865881073,1.791105504711246e-05,0.385211339389539,0.3755238085902955,1.791105504711246e-05,0.0,0.7877355914780604,1.2285140051496246,0.37695540959359697,0.06382300407796726,0.0,69.78966127829092,42.19242296886454,0.02759723830942638,306.13762889923606,4.8016881677144925,0.9917841344238226,5.946277235462895e-07,8.622101991421198e-09,7.767438761048864e-05,0.011196243528904228,0.0
159.0,15.0,150.0,False,0,1785.000000000633,306.2727701295645,3.046449799507099,0.0005303246406958072,1.2907310300986286e-06,7.655833038424768e-06,0.00019369162849512705,0.0007433584744777902,1.7910114970082123e-05,0.38466959290992725,0.37495792638902137,1.7910114970082123e-05,0.0,0.7877400277687272,1.2285110429582216,0.3769268589670047,0.0638441562224896,0.0,69.78899583469091,42.281259299837615,0.027507736534853295,306.16497440864896,4.801866215109994,0.9917855971070729,5.949052241973493e-07,8.626125750861565e-09,7.767463408342619e-05,0.01119625116974791,0.0
160.0,15.0,150.0,False,0,1800.000000000642,306.3002334731048,3.0447479234899264,0.0005302673735094659,1.2993591273337948e-06,7.65611944663602e-06,0.00019367413913413403,0.0007432913526812841,1.7909102907538818e-05,0.3841263894049747,0.37439327265680417,1.7909102907538818e-05,0.0,0.7877442252523879,1.2285081473032424,0.3768983997747699,0.06386552227608466,0.0,69.78836621214181,42.369807825329644,0.027418558386812165,306.1922313260702,4.802043685180437,0.9917870547883818,5.951776932975834e-07,8.63007655281496e-09,7.767487702674356e-05,0.01119625789037147,0.0
161.0,15.0,150.0,False,0,1815.0000000006512,306.32760779849394,3.043042936951434,0.0005302103475456698,1.3079911402491605e-06,7.656326072600516e-06,0.0001936567245503145,0.0007432245178740508,1.7908021891290235e-05,0.38358187546827643,0.3738298999338292,1.7908021891290235e-05,0.0,0.7877481931832789,1.2285053158444834,0.3768700317284852,0.06388709093271928,0.0,69.78777102250814,42.458069582388895,0.027329701440119245,306.219399970723,4.8022205800092825,0.9917885074874281,5.954453257251805e-07,8.633957223015119e-09,7.767511652529042e-05,0.011196263726894362,0.0
162.0,15.0,150.0,False,0,1830.0000000006603,306.35489342575124,3.041335254167835,0.0005301535594010708,1.3166270000767024e-06,7.656455738906358e-06,0.00019363938389960802,0.0007431579668164828,1.7906874854839808e-05,0.38303619274453155,0.3732678584402329,1.7906874854839808e-05,0.0,0.7877519404806139,1.22850254631625,0.37684175454076496,0.06390885129487116,0.0,69.7872089279079,42.54604560036347,0.027241163327544428,306.24648065946013,4.802396901664521,0.9917899552237425,5.957083093733412e-07,8.637770485913449e-09,7.767535266198656e-05,0.011196268714277377,0.0
163.0,15.0,150.0,False,0,1845.0000000006694,306.38209067255656,3.0396252729745616,0.0005300970057543102,1.3252666407237038e-06,7.656511188312762e-06,0.00019362211635950505,0.0007430916963516889,1.7905664635985732e-05,0.38248947806448874,0.37270719614757963,1.7905664635985732e-05,0.0,0.787755475739455,1.22849983652535,0.3768135679252258,0.06393079286066929,0.0,69.78667863908173,42.63373690107804,0.02715294173800369,306.2734737068187,4.802572652199021,0.9917913980167107,5.959668253571377e-07,8.641518967678498e-09,7.767558551793029e-05,0.011196272886353019,0.0
164.0,15.0,150.0,False,0,1860.0000000006785,306.409199854315,3.037913372448968,0.0005300406773469391,1.3339099986706152e-06,7.656501102810623e-06,0.00019360492113170544,0.0007430257034157004,1.790439396373969e-05,0.38194216374144196,0.3721479585235155,1.790439396373969e-05,0.0,0.7877588070274657,1.2284971842108987,0.37678547159621867,0.06395290558721438,0.0,69.78617894588012,42.72114449904415,0.027065034446835973,306.30037942508466,4.802747833650953,0.9917928358855768,5.962210469685181e-07,8.645205181043513e-09,7.767580409729496e-05,0.011196276275636699,0.0
165.0,15.0,150.0,False,0,1875.0000000006876,306.4362212842347,3.0361999196580167,0.0005299845718495547,1.34255701286393e-06,7.656427237448105e-06,0.00019358779743510615,0.000742959985010554,1.7903065492004223e-05,0.38139433455840455,0.3715901892487543,1.7903065492004223e-05,0.0,0.7877619423574669,1.2284945873396176,0.3767574652692596,0.0639751797128911,0.0,69.78570864637994,42.808269401709744,0.0269774392446702,306.32719812436954,4.80292244804429,0.9917942688494479,5.964711426037535e-07,8.648831567754426e-09,7.767603060694801e-05,0.01119627891385645,0.0
166.0,15.0,150.0,False,0,1890.0000000006967,306.46315527330836,3.034485268884523,0.0005299286916456343,1.3512076246648455e-06,7.656286636573749e-06,0.00019357074450486586,0.0007428945382007031,1.7901681804139642e-05,0.3808458404907018,0.37103393032638476,1.7901681804139642e-05,0.0,0.7877648896070248,1.2284920440473759,0.3767295486611168,0.06399760577923422,0.0,69.78526655894626,42.89511260939893,0.026890153949547333,306.35393011259214,4.803096497388689,0.9917956969272934,5.967172753924418e-07,8.652400493190407e-09,7.767625445256453e-05,0.011196280831815274,0.0
167.0,15.0,150.0,False,0,1905.0000000007058,306.49000213039255,3.0327697574102204,0.000529873033799783,1.359861777744615e-06,7.656081665547023e-06,0.00019355376159907234,0.0007428293601386083,1.7900245380447872e-05,0.38029679666853805,0.3704792214207439,1.7900245380447872e-05,0.0,0.7877676561794561,1.2284895524134887,0.3767017214892325,0.06402017474480001,0.0,69.78485157308157,42.98167511556903,0.026803176457512536,306.38057569555747,4.803269983680002,0.991797120137949,5.969596013317108e-07,8.655914219309806e-09,7.767647531812128e-05,0.011196282059127071,0.0
168.0,15.0,150.0,False,0,1920.0000000007149,306.51676216226326,3.031053708559081,0.00052981759536492,1.3685194179941322e-06,7.655814703537735e-06,0.0001935368479947039,0.000742764448049237,1.7898758617521548e-05,0.3797473182522443,0.3699261002742184,1.7898758617521548e-05,0.0,0.7877702492006876,1.2284871105784696,0.37667398347195796,0.0640428779058241,0.0,69.78446261989684,43.06795790698791,0.026716504712908935,306.4071351770114,4.803442908900639,0.9917985385001201,5.971982705931915e-07,8.659374923601278e-09,7.76766932719013e-05,0.011196282624419154,0.0
169.0,15.0,150.0,False,0,1935.000000000724,306.5434356736632,3.0293374322019275,0.0005297623734644989,1.377180493440968e-06,7.655488061298413e-06,0.0001935200029870496,0.0007426997992278371,1.789722383089155e-05,0.3791975163617683,0.36937460277588346,1.789722383089155e-05,0.0,0.7877726755312575,1.2284847167441255,0.37664633432854366,0.06406570688432438,0.0,69.78409867031135,43.15396196388754,0.02663013670642381,306.433608858688,4.803615275019868,0.9917999520323848,5.97433427721832e-07,8.662784701966564e-09,7.767690838437775e-05,0.011196282555361826,0.0
170.0,15.0,150.0,False,0,1950.000000000733,306.57002296735203,3.027621225208063,0.0005297073652916641,1.385844954169079e-06,7.655103981993045e-06,0.00019350322588920608,0.0007426354110380056,1.7895643257311814e-05,0.378647498148561,0.36882476302194533,1.7895643257311814e-05,0.0,0.7877749417751314,1.2284823691718283,0.3766187737791211,0.06408865361757576,0.0,69.78375873373027,43.23968826012492,0.026544070473605345,306.45999704035887,4.803787083994141,0.9918013607531962,5.97665211813137e-07,8.666145571290488e-09,7.767712072450587e-05,0.011196281878695147,0.0
171.0,15.0,150.0,False,0,1965.0000000007421,306.5965243441436,3.0259053718838906,0.0005296525681076318,1.3945127522410281e-06,7.654664642821914e-06,0.00019348651603158358,0.0007425712809097934,1.789401905699038e-05,0.37809736690625534,0.36827661337475265,1.789401905699038e-05,0.0,0.7877770542882283,1.22848006618083,0.37659130154469644,0.06411171034790514,0.0,69.78344185676573,43.32513776330242,0.026458304093463312,306.48630001987044,4.8039583377673445,0.9918027646808849,5.978937566855918e-07,8.669459471941081e-09,7.767733035954957e-05,0.011196280620255076,0.0
172.0,15.0,150.0,False,0,1980.0000000007512,306.6229401029516,3.0241901443991104,0.0005295979792400745,1.4031838416226957e-06,7.65417215662626e-06,0.00019346987276142537,0.0007425074063378606,1.7892353315778246e-05,0.3775472221790925,0.3677301845201936,1.7892353315778246e-05,0.0,0.787779019186694,1.2284778061466024,0.3765639173471359,0.06413486961277252,0.0,69.78314712199588,43.410311434914455,0.026372835687081427,306.51251809318893,4.804129038271074,0.9918041638336617,5.981191910492151e-07,8.67272827021362e-09,7.767753735510308e-05,0.011196278804999108,0.0
173.0,15.0,150.0,False,0,1995.0000000007603,306.64927054083233,3.0224758032007784,0.0005295435960815385,1.4118581781103981e-06,7.653628573460911e-06,0.00019345329544233507,0.000742443784879662,1.7890648047311414e-05,0.37699715986775517,0.3671855055236408,1.7890648047311414e-05,0.0,0.7877808423549244,1.2284755874992157,0.37653662090915263,0.06415812423513866,0.0,69.78287364676132,43.495210230485355,0.02628766341627596,306.5386515544429,4.804299187424932,0.9918055582296196,5.983416386699044e-07,8.675953760713614e-09,7.767774177526443e-05,0.011196276457031414,0.0
174.0,15.0,150.0,False,0,2010.0000000007694,306.6755159530229,3.020762597415464,0.0005294894160879012,1.4205357192603532e-06,7.653035882135084e-06,0.000193436783453816,0.0007423804141536782,1.788890519510575e-05,0.37644727233268127,0.3666426038844767,1.788890519510575e-05,0.0,0.7877825294533437,1.2284734087217557,0.3765094119542977,0.06418146731411424,0.0,69.78262058199843,43.57983509969245,0.026202785482305976,306.564700695961,4.8044687871367575,0.9918069478867363,5.985612185295213e-07,8.679137668678059e-09,7.767794368261378e-05,0.011196273599627405,0.0
175.0,15.0,150.0,False,0,2025.0000000007785,306.70167663298156,3.0190507652398026,0.0005294354367768498,1.4292164243204458e-06,7.652396011724497e-06,0.00019342033619082073,0.0007423172918376885,1.7887126634608178e-05,0.37589764849491575,0.3661015055891596,1.7887126634608178e-05,0.0,0.7877840859259493,1.2284712683487753,0.3764822902069494,0.06420489221587669,0.0,69.7823871111076,43.66418698649599,0.026118200124611603,306.59066580831217,4.804637839302903,0.9918083328228768,5.987780449820297e-07,8.682281652239432e-09,7.767814313825675e-05,0.011196270255257795,0.0
176.0,15.0,150.0,False,0,2040.0000000007876,306.7277528724235,3.0173405343196316,0.0005293816557263973,1.437900254164222e-06,7.651710833052584e-06,0.0001934039530633086,0.0007422544156670708,1.7885314175200232e-05,0.3753483739345515,0.36556223516290604,1.7885314175200232e-05,0.0,0.7877855170076253,1.2284691649647839,0.3764552553923044,0.06422839256485414,0.0,69.78217244885619,43.748266829254064,0.026033905619602123,306.61654718034083,4.8048063458084505,0.9918097130557951,5.989922279054642e-07,8.685387304629231e-09,7.767834020167268e-05,0.011196266445612125,0.0
177.0,15.0,150.0,False,0,2055.0000000007753,306.75374496135936,3.015632122118,0.000529328070573419,1.4465871712270673e-06,7.650982160144099e-06,0.00019338763349581735,0.000742191783433158,1.788346956215882e-05,0.3747995309868064,0.36502481571994505,1.788346956215882e-05,0.0,0.7877868277312386,1.2284670972027698,0.37642830723636767,0.06425196223516352,0.0,69.78197584031419,43.83207556084702,0.025949900279467173,306.6423450992053,4.80497430852747,0.9918110886031363,5.992038728500626e-07,8.688456156325907e-09,7.767853493110492e-05,0.01119626219162179,0.0
178.0,15.0,150.0,False,0,2070.000000000739,306.7796531881283,3.0139257362723058,0.0005292746790122259,1.4552771394444878e-06,7.650211751649389e-06,0.00019337137692704062,0.0007421293929816169,1.7881594478570212e-05,0.37425119883584557,0.3644892690124628,1.7881594478570212e-05,0.0,0.7877880229345102,1.2284650637427592,0.3764014454659464,0.06427559534230262,0.0,69.78179655982345,43.9156141087833,0.025866182451040144,306.6680598504102,4.8051417293232275,0.9918124594824387,5.994130811822967e-07,8.691489677143303e-09,7.767872738317048e-05,0.011196257513482495,0.0
179.0,15.0,150.0,False,0,2085.0000000007026,306.8054778394335,3.012221574940788,0.0005292214787931592,1.463970124192472e-06,7.649401312241445e-06,0.00019335518280941928,0.0007420672422108784,1.7879690547201323e-05,0.3737034536063139,0.3639556154781531,1.7879690547201323e-05,0.0,0.7877891072666853,1.2284630633104083,0.37637466980864037,0.06429928623508277,0.0,69.7816339099972,43.99888339531451,0.02578275051468269,306.69369171784217,4.8053086100484235,0.991813825711136,5.996199502251868e-07,8.69448927826521e-09,7.767891761333717e-05,0.011196252430676266,0.0
180.0,26.04,216.1,False,0,2100.000000000666,306.8312192003754,3.0105198271386167,0.0005291684677212156,1.472666092229843e-06,7.64855249398491e-06,0.00019333905060873796,0.0007420053290705903,1.787775933232573e-05,0.37315636845267025,0.363423874286461,1.787775933232573e-05,0.0,0.7258640958282168,1.2284610946756322,0.39093221965659297,0.11166477919082253,0.0,137.2661894463323,61.752282587024595,0.07551390685930771,306.3442561825317,3.3355911285599666,0.9644064603664596,5.998245733947275e-07,8.69745631422355e-09,0.0001348898741799923,0.016140096616155945,0.0
181.0,26.04,216.1,False,0,2126.040000000678,306.90673470628917,3.0108611639659846,0.0005289970934272936,1.4813822418355063e-06,7.679197608675275e-06,0.00019254708003464205,0.0007415678984745855,1.8872616478153653e-05,0.37316677811859233,0.38212724671129744,1.8872616478153653e-05,0.0,0.7252611852314662,1.2277090926566319,0.3909126370463988,0.11153527037876691,0.0,137.42318736572616,62.09390952656526,0.07532927783916091,306.4172496520897,3.3359298512896745,0.9644185146657164,6.026275919243622e-07,8.738100082903251e-09,0.00013476906166368617,0.016135735977856183,0.0
182.0,26.04,216.1,False,0,2152.08000000069,306.9818700655258,3.0111993182882557,0.0005288239535347492,1.4901420381621917e-06,7.711857329847908e-06,0.00019249828487958616,0.0007413799683049743,1.8876093002464223e-05,0.37327706755673834,0.38069151134227375,1.8876093002464223e-05,0.0,0.7254508778363097,1.2276960277607676,0.3908384611111702,0.11140668881328777,0.0,137.37379141142492,62.43382490296146,0.07493996650846346,306.48987742176337,3.336266868881893,0.9644305042317705,6.056299810328374e-07,8.781634724976143e-09,0.00013477024493908224,0.016135874333293217,0.0
183.0,26.04,216.1,False,0,2178.1200000007016,307.05661751822913,3.0114713958748562,0.0005286519927849601,1.4989451438760228e-06,7.74403861401907e-06,0.00019244978728287843,0.0007411931841130724,1.8879443469460745e-05,0.3733660784876902,0.3792672109882502,1.8879443469460745e-05,0.0,0.725636455911558,1.2276831090332627,0.3907646665611073,0.1112819865605974,0.0,137.32546688063024,62.77199348084704,0.0745534733997832,306.562131963014,3.3366021465299998,0.9644424278896764,6.086011567622511e-07,8.824716773052641e-09,0.00013477141991562625,0.016136010143208347,0.0
184.0,26.04,216.1,False,0,2204.1600000007134,307.1309798664175,3.0116786107476807,0.0005284812029043695,1.507791106934119e-06,7.775744240838084e-06,0.00019240158462208943,0.0007410075358531478,1.8882670018609174e-05,0.3734342033368316,0.37785423230610793,1.8882670018609174e-05,0.0,0.7258179959449677,1.2276703346213993,0.3906912506578059,0.11116108801862563,0.0,137.2781938559304,63.108427807468935,0.07416976604846147,306.6340159567399,3.336935696802372,0.9644542861497657,6.11541196716835e-07,8.867347352394109e-09,0.00013477258664501297,0.016136143445414697,0.0
185.0,26.04,216.1,False,0,2230.200000000725,307.20495987995616,3.0118221588473144,0.0005283115756720738,1.5166794764704022e-06,7.806977008490154e-06,0.0001923536743183378,0.0007408230135928996,1.888577476052722e-05,0.3734818283332251,0.37645246339288063,1.888577476052722e-05,0.0,0.7259955725726367,1.2276577026966413,0.39061821069345853,0.11104391943054605,0.0,137.23195290208537,63.44314028658072,0.07378881261550464,306.70553205318004,3.3372675321231635,0.964466079516288,6.144501856104569e-07,8.909527691351625e-09,0.0001347737451800864,0.016136274277304317,0.0
186.0,26.04,216.1,False,0,2256.240000000737,307.27856029717674,3.011903218239176,0.0005281431029201175,1.5256098028969988e-06,7.837739731920022e-06,0.00019230605382406123,0.0007406396075206427,1.888875977959822e-05,0.3735093335663871,0.3750617938050245,1.888875977959822e-05,0.0,0.7261692586322128,1.2276452114523138,0.3905455439911112,0.11093040882898977,0.0,137.18672505217174,63.77614318120862,0.07341058187096311,306.77668287250486,3.3375976647750853,0.9644778084875257,6.173282150274202e-07,8.951259117897595e-09,0.00013477489557386403,0.016136402675842022,0.0
187.0,26.04,216.1,False,0,2282.2800000007487,307.35178382547684,3.011922949320179,0.0005279757765335421,1.5345816380021138e-06,7.868035241349283e-06,0.00019225872062252866,0.0007404573079434282,1.889162713395922e-05,0.37351709305542025,0.373682114525534,1.889162713395922e-05,0.0,0.7263391252172063,1.2276328591035144,0.39047324790406773,0.11082048598224026,0.0,137.14249179343943,64.10744861633079,0.07303504317710864,306.84747100538897,3.337926106902097,0.9644894735559074,6.201753831801374e-07,8.992543056111993e-09,0.00013477603787923325,0.016136528677564415,1.6543612251060553e-24
187.6804915514296,26.04,216.1,True,1,0.0,307.4013982310486,3.0118765872558626,0.0005360149525509365,2.0851247048492733e-07,1.0675574425794274e-06,0.00019222486131221817,0.0007403269019623459,1.8902303325234697e-05,0.050548332348959,0.372922914544299,1.8902303325234697e-05,0.0,0.7266480260527599,1.2278213007377066,0.3904243959134005,0.11074887877154614,0.0,137.0620540158613,64.33193717495742,0.07273011684090387,306.8954361886742,3.33814865095692,0.9644973753331718,6.247777928083541e-07,9.059277995721135e-09,0.0,0.01613678025488974,3.3881317890172014e-21
188.0,26.04,216.1,False,1,8.320000000780393,307.42463991876986,3.0086136234377077,0.0005291763160498084,2.1140301197018901e-07,7.863256278406847e-06,0.00019221208188958413,0.0007402776820135583,1.889237149287077e-05,0.3718685637539344,0.3722736308023206,1.889237149287077e-05,0.0,0.7263885339862314,1.2276563199678099,0.39040128230893384,0.11086650367264471,0.0,137.1296257499853,64.43709924500021,0.0726925265049851,306.91790556526564,3.338252900909466,0.9645010762871931,6.241827894880328e-07,9.050650447576476e-09,0.00013457275997942521,0.016136631467514075,-1.3234889800848443e-23
189.0,26.04,216.1,False,1,34.36000000078027,307.4971496448592,3.008456847191267,0.0005289992949506076,2.204736350197315e-07,7.90457873711427e-06,0.00019216225943462695,0.0007400857955156107,1.890973840078975e-05,0.37240663674932184,0.37120427171896886,1.890973840078975e-05,0.0,0.7265375732492192,1.2276335284044533,0.390329914096665,0.1107660410585691,0.0,137.09081592590329,64.76519027593987,0.07232562564996341,306.9880068948369,3.3385781412962463,0.9645126200935139,6.269393066092617e-07,9.090619945834296e-09,0.00013477901426124303,0.016137008656338908,5.293955920339377e-23
190.0,26.04,216.1,False,1,60.400000000780686,307.5692942742149,3.008129375434506,0.0005288364719504169,2.2958364359395697e-07,7.932298469931353e-06,0.000192112868914769,0.0007398955726169661,1.8926244349794865e-05,0.37230475401299973,0.3701286812881874,1.8926244349794865e-05,0.0,0.7266786194154927,1.2276117332644783,0.39025889364512945,0.1106742202038561,0.0,137.05408750420565,65.09163684667936,0.0719624506575263,307.05775686202514,3.338901744051646,0.9645241020495371,6.296129320024904e-07,9.129387514036111e-09,0.00013478092322045335,0.01613736898591408,0.0
191.0,26.04,216.1,False,1,86.4400000007811,307.641077600976,3.007633217930354,0.0005286755344689616,2.3873181855663193e-07,7.958784164180666e-06,0.00019206392147430882,0.0007397070562481431,1.894182187699776e-05,0.37214845477035347,0.36904557619258016,1.894182187699776e-05,0.0,0.726811533573533,1.2275906727033987,0.3901882161479422,0.1105909229819235,0.0,137.01947665745197,65.4164560082698,0.07160302064918217,307.1271591100308,3.339223726194171,0.964535522816427,6.32203662434609e-07,9.166953105301831e-09,0.00013478278526790535,0.01613771304897317,0.0
192.0,26.04,216.1,False,1,112.48000000078152,307.7125033155854,3.0069760206417584,0.000528516436196295,2.47916976924702e-07,7.984075950472191e-06,0.00019201540771322378,0.0007395202102039671,1.895650355193206e-05,0.3719401985652227,0.3679556349199567,1.895650355193206e-05,0.0,0.7269366700021749,1.2275703212287215,0.39011787843684625,0.11051577278970035,0.0,136.98689113143362,65.73966434477201,0.07124722678666161,307.196217182275,3.339544104277203,0.9645468830377627,6.347141246295111e-07,9.203354807127912e-09,0.00013478460160849456,0.01613804139838763,0.0
193.0,26.04,216.1,False,1,138.52000000078192,307.78357500196387,3.006165167324305,0.000528359132016472,2.5713797352242037e-07,8.008212930972547e-06,0.00019196731842878462,0.0007393349990391498,1.8970321346999418e-05,0.37168235975487407,0.36685951537420874,1.8970321346999418e-05,0.0,0.7270543670826967,1.227550653943495,0.39004787744086344,0.11044840941993496,0.0,136.95624281166576,66.06127796039166,0.0708949648512741,307.2649345196511,3.3398628943763193,0.9645581833391252,6.371469058272853e-07,9.238630134495637e-09,0.0001347863734266902,0.01613835457738302,0.0
194.0,26.04,216.1,False,1,164.56000000078234,307.85429614202286,3.0052077842762497,0.0005282035779876552,2.663937003822386e-07,8.031233191418081e-06,0.00019191964461844925,0.0007391513880794346,1.898330660842623e-05,0.37137722976260507,0.36575785467390215,1.898330660842623e-05,0.0,0.7271649480476914,1.2275316465541655,0.38997821018134765,0.11038848832512649,0.0,136.92744752838112,66.38131249982656,0.07054613502855456,307.33331446487193,3.3401801121095382,0.9645694243288527,6.395045501730976e-07,9.272815977509916e-09,0.0001347881018856894,0.016138653119010825,0.0
195.0,26.04,216.1,False,1,190.60000000078276,307.92467011996473,3.004110745323599,0.0005280497313198829,2.7568308609653e-07,8.053173815917704e-06,0.00019187237748209354,0.000738969343430192,1.899549003112714e-05,0.3710270193994322,0.3646512690306624,1.899549003112714e-05,0.0,0.7272687216890905,1.22751327537635,0.3899088737673086,0.11033567991995082,0.0,136.90042487216078,66.6997831676528,0.07020064170450799,307.40136026661213,3.3404957726566056,0.9645806065987583,6.417895555448213e-07,9.30594855539991e-09,0.00013478978812563915,0.016138937545687744,0.0
196.0,26.04,216.1,False,1,216.64000000078317,307.99470022638786,3.0028806770091867,0.0005278975503510461,2.8500509512633145e-07,8.074070903956737e-06,0.0001918255084236209,0.0007387888319826209,1.9006901637251714e-05,0.3706338612266049,0.3635403537008326,1.9006901637251714e-05,0.0,0.7273659830281296,1.227495517338665,0.3898398653909834,0.11028966891955208,0.0,136.87509801947502,67.01670474683293,0.0698583932726421,307.46907508346254,3.340809890777412,0.9645917307248174,6.44004370794729e-07,9.338063376523571e-09,0.00013479143326183655,0.01613920836879881,0.0
197.0,26.04,216.1,False,1,242.6800000007836,308.0643896622019,3.0015239639562776,0.0005277469945216659,2.943587270729236e-07,8.093959588998851e-06,0.0001917790290519881,0.0007386098214177007,1.9017570758190863e-05,0.37019981193106766,0.362425683004332,1.9017570758190863e-05,0.0,0.7274570139498042,1.2274783499847732,0.389771182323651,0.11025015371131809,0.0,136.85139356747095,67.33209161636968,0.06951930195110127,307.53646198770224,3.3411224808295494,0.9646027972678205,6.461513933801013e-07,9.369195204011469e-09,0.00013479303838392648,0.016139466088360525,0.0
198.0,26.04,216.1,False,1,268.720000000784,308.1337415423645,3.0000467543791407,0.000527598024348931,3.037430159177171e-07,8.112874058194039e-06,0.00019173293118168435,0.0007384322802080385,1.902752601983062e-05,0.36972685469168676,0.36130781040489585,1.902752601983062e-05,0.0,0.727542083804193,1.2274617514737909,0.389702821911671,0.1102168457579269,0.0,136.8292413773881,67.64595776815186,0.06918328360923623,307.6035239688979,3.341433556785073,0.9646138067739982,6.482329673583362e-07,9.399378026695875e-09,0.00013479460455538116,0.016139711192740474,0.0
199.0,26.04,216.1,False,1,294.76000000078443,308.2027588994517,2.9984549657145374,0.0005274506014003788,3.131570292355481e-07,8.13084757278445e-06,0.00019168720683270118,0.0007382561776177548,1.903679533084303e-05,0.36921690151844433,0.36018726864607187,1.903679533084303e-05,0.0,0.7276214499767992,1.2274457005791795,0.38963478157273584,0.11018946902964427,0.0,136.80857442604145,67.95831682305494,0.0688502576029865,307.67026393734386,3.3417431322465214,0.9646247597756172,6.502513817224579e-07,9.42864503497564e-09,0.00013479613281341344,0.016139944158429856,0.0
200.0,26.04,216.1,False,1,320.80000000078485,308.27144468706376,2.9967542903498527,0.0005273046882675427,3.2259986738615304e-07,8.147912488878726e-06,0.00019164184823002825,0.0007380814837005416,1.9045405873811453e-05,0.36867179555104845,0.3590645699378649,1.9045405873811453e-05,0.0,0.7276953584299146,1.2274301766862625,0.3895670587923283,0.11016775946401963,0.0,136.7893286648502,68.26918204629506,0.06852014661855513,307.73668472734283,3.342051220462188,0.9646356567915495,6.522088690532152e-07,9.45702860127162e-09,0.00013479762416862984,0.01614016544986546,0.0
201.0,26.04,216.1,False,1,346.84000000078527,308.3398017830826,2.99495020142503,0.0005271602485397893,3.3207066268824836e-07,8.16410027832998e-06,0.0001915968478027107,0.0007379081692960339,1.9053384098993986e-05,0.3680933133063694,0.3579402061888853,1.9053384098993986e-05,0.0,0.7277640442168355,1.2274151597884662,0.3894996511203672,0.11015146445126348,0.0,136.771442885936,68.57856636211763,0.06819287652381839,307.8027891003442,3.3423578343407314,0.9646464983278151,6.541076044650726e-07,9.484560264743553e-09,0.0001347990796059413,0.01614037551929779,0.0
202.0,26.04,216.1,False,1,372.8800000007857,308.4078329927825,2.9930479586871703,0.0005270172467785548,3.415685785803055e-07,8.179441549506774e-06,0.00019155219818250168,0.0007377362060246197,1.9060755720534193e-05,0.36748316686708826,0.35681464927939915,1.9060755720534193e-05,0.0,0.7278277319706432,1.2274006304824228,0.3894325561680371,0.1101403423437424,0.0,136.75485859484448,68.88648236782356,0.06786837622702092,307.8685797479411,3.342662986465134,0.9646572848781023,6.559497048236376e-07,9.511270719942746e-09,0.00013480050008462825,0.0161405748067021,0.0
203.0,26.04,216.1,False,1,398.9200000007861,308.47554105180194,2.9910526143780536,0.000526875648492124,3.510928087718141e-07,8.193966067793312e-06,0.00019150789220214292,0.0007375655662808188,1.906754571493498e-05,0.36684300600612213,0.35568835137082366,1.906754571493498e-05,0.0,0.727886636369079,1.227386569962013,0.3893657716047891,0.11013416198814491,0.0,136.7395198894918,69.19294234716875,0.06754657754232303,307.9340592947332,3.342966689106025,0.9646680169242633,6.577372282130595e-07,9.537189809089364e-09,0.00013480188653912113,0.01614076373972911,0.0
204.0,26.04,216.1,False,1,424.9600000007865,308.5429286289864,2.9889690191363845,0.0005267354201110501,3.6064257638849834e-07,8.207702775696119e-06,0.00019146392289330584,0.0007373962232253532,1.9073778321619952e-05,0.366174420243252,0.35456174524741063,1.9073778321619952e-05,0.0,0.7279409625769844,1.227372960011469,0.3892992951555041,0.1101327022789804,0.0,136.72537334495323,69.49795828318312,0.0672274150617701,307.9992303010657,3.3432689542344396,0.964678694936788,6.594721736329406e-07,9.562346517677638e-09,0.00013480323987949926,0.016140942733692556,0.0
205.0,26.04,216.1,False,1,451.00000000078694,308.60999832910466,2.986801827897843,0.0005265965289643021,3.702171331146733e-07,8.220679812464692e-06,0.00019142028348422365,0.0007372281507760277,1.9079477045410734e-05,0.365478940831977,0.3534352446862515,1.9079477045410734e-05,0.0,0.7279909066676248,1.2273597829976257,0.38923312459781,0.11013575173219095,0.0,136.71236790375048,69.80154187041845,0.06691082603333202,308.0640952656466,3.3435697935339963,0.9646893193752583,6.611564809047854e-07,9.586768973119389e-09,0.00013480456099246654,0.01614111219159045,0.0
206.0,26.04,216.1,False,1,477.04000000078736,308.6767526954456,2.9845555057775557,0.0005264589432561876,3.7981575833564595e-07,8.232924533162684e-06,0.00019137696739704305,0.0007370613235975292,1.9084664660757482e-05,0.3647580426758092,0.3523092448518793,1.9084664660757482e-05,0.0,0.7280366560241226,1.2273470218614055,0.3891672577595456,0.11014310807773746,0.0,136.70045477131845,70.10370452665809,0.06659675024466036,308.1286566280481,3.343869218412546,0.9646998906887797,6.62792030769267e-07,9.610484446154372e-09,0.00013480585074208875,0.016141272504157412,0.0
207.0,26.04,216.1,False,1,503.0800000007878,308.7431942123042,2.982234333920708,0.0005263226320440692,3.8943775828279375e-07,8.244463527150622e-06,0.00019133396824492507,0.0007368957170902624,1.9089363217567598e-05,0.36401314617426295,0.3511841227119591,1.9089363217567598e-05,0.0,0.7280783897221508,1.2273346601086221,0.38910169251635895,0.1101545778701124,0.0,136.6895873163519,70.40445740412667,0.06628512991222521,308.1929167711021,3.3441672400133284,0.9647104093163975,6.643806451564623e-07,9.633519354768703e-09,0.00013480710997044402,0.016141424049945324,0.0
208.0,26.04,216.1,False,1,529.1200000007807,308.8093253073557,2.9798424153084606,0.0005261875652168976,3.9908246518370693e-07,8.255322635955793e-06,0.00019129127982892176,0.000736731307378319,1.9093594048481818e-05,0.3632456189996012,0.3500602374709351,1.9093594048481818e-05,0.0,0.7281162788949336,1.2273226818001897,0.38903642678943995,0.11016997611581619,0.0,136.67972097575927,70.70381140019553,0.06597590957556373,308.2568780231875,3.3444638692256117,0.9647208756874913,6.659240876118585e-07,9.655899270371949e-09,0.00013480833949859865,0.016141567195429713,0.0
209.0,26.04,216.1,False,1,555.1600000007697,308.87514835392875,2.9773836805073537,0.0005260537134745465,4.087492364195319e-07,8.265526970524591e-06,0.00019124889613465531,0.0007365680712966872,1.9097377777457466e-05,0.3624567778059586,0.34893793101852955,1.9097377777457466e-05,0.0,0.7281504870815259,1.2273110715417952,0.38897145854337417,0.11018912591689523,0.0,136.67081316397062,71.00177716763432,0.0656690359963363,308.3205426604205,3.344759116694898,0.9647312902221551,6.674240638622999e-07,9.677648926003349e-09,0.00013480954012743112,0.016141702295139518,0.0
210.0,26.04,216.1,False,1,581.2000000007588,308.9406656731788,2.9748618933516258,0.0005259210483079379,4.1843745369144406e-07,8.275100927862465e-06,0.0001912068113288209,0.0007364059863777834,1.910073432952297e-05,0.361647889873019,0.34781752839035013,1.910073432952297e-05,0.0,0.7281811705592962,1.2272998144731242,0.3889067857841134,0.11021185812971458,0.0,136.66282318635922,71.29836512441037,0.06536445806194885,308.3839129087484,3.3450529928326653,0.9647416533315588,6.688822225066397e-07,9.698792226346276e-09,0.00013481071263815245,0.016141829691807743,0.0
211.0,26.04,216.1,False,1,607.2400000007478,309.0058795361687,2.9722806565489286,0.0005257895419799251,4.281465221979447e-07,8.284068207077545e-06,0.0001911650197555411,0.0007362450308374092,1.910368294157703e-05,0.36082017468669797,0.34669933823798044,1.910368294157703e-05,0.0,0.7282084786614402,1.2272888962566866,0.38884240655705626,0.11023801103819007,0.0,136.65571215656092,71.59358546307121,0.06506212669348972,308.4469909459545,3.345345507825704,0.9647519654182956,6.703001558170044e-07,9.719352259346563e-09,0.00013481185779341213,0.016141949716541013,0.0
212.0,26.04,216.1,False,1,633.2800000007369,309.0707921658566,2.9696434172009374,0.0005256591675069143,4.3787586982449626e-07,8.292451824850057e-06,0.0001911235159325902,0.0007360851835602111,1.9106242174110297e-05,0.3599748054595937,0.3455836533062219,1.9106242174110297e-05,0.0,0.728232554080313,1.2272783030663166,0.3887783189452346,0.11026743004076904,0.0,136.64944291748645,71.88744815970898,0.06476199475777747,308.50977890357314,3.345636671645033,0.964762226876713,6.716794006372177e-07,9.739351309239657e-09,0.00013481297633768843,0.016142062689005702,0.0
213.0,26.04,216.1,False,1,659.3200000007259,309.13540573900093,2.9669534722313156,0.0005255298986411679,4.476249463468094e-07,8.300274130358623e-06,0.0001910822945475117,0.0007359264240847244,1.9108429923737867e-05,0.35911291059405676,0.34447075091519247,1.9108429923737867e-05,0.0,0.7282535331573168,1.227268021575396,0.38871452106759585,0.11029996735048325,0.0,136.64397996583466,72.17996298255095,0.06446401698328372,308.57227886872545,3.3459264940544413,0.9647724380932305,6.730214393662361e-07,9.758810870810423e-09,0.00013481406899828585,0.016142168917628836,0.0
214.0,26.04,216.1,False,1,685.360000000715,309.199722387982,2.9642139737144775,0.0005254017098537645,4.5739322264893363e-07,8.30755681969483e-06,0.00019104135045364592,0.000735768732588076,1.9110263436433924e-05,0.3582355750908858,0.343360893445346,1.9110263436433924e-05,0.0,0.7282715461600198,1.2272580389448577,0.3886510110773799,0.11033548170745801,0.0,136.6392893799308,72.47113950017324,0.06416814987975757,308.63449288587424,3.3462149846186624,0.9647825994466435,6.743277010148443e-07,9.777751664715243e-09,0.00013481513648555196,0.016142268699811838,0.0
215.0,26.04,216.1,False,1,711.400000000704,309.26374420254297,2.9614279340993193,0.0005252745763181657,4.6718018995713434e-07,8.31432094980208e-06,0.0001910006786660878,0.000735612089870412,1.9111759321368407e-05,0.35734384190662627,0.3422543288235486,1.9111759321368407e-05,0.0,0.728286717547137,1.2272483428110208,0.38858778716058595,0.11037383810329776,0.0,136.63533875072548,72.76098708935253,0.06387435166137295,308.6964229585016,3.346502152711183,0.9647927113084124,6.755995623249029e-07,9.796193653711093e-09,0.0001348161794938749,0.016142362322155372,0.0
216.0,26.04,216.1,False,1,737.4400000006931,309.3274732314586,2.9585982313230725,0.0005251484738943411,4.76985359090388e-07,8.320586951977405e-06,0.00019096027435759077,0.0007354564773391234,1.911293356525304e-05,0.3564387132624385,0.34115129100849007,1.911293356525304e-05,0.0,0.7282991662219835,1.227238921273298,0.38852484753451866,0.11041490751679567,0.0,136.63209711579543,73.04951494259042,0.06358258217320502,308.7580710507167,3.3467880075217242,0.9648027740429419,6.768383489414119e-07,9.814156059650473e-09,0.00013481719870196522,0.016142450060693668,0.0
217.0,26.04,216.1,False,1,763.4800000006821,309.3909114841317,2.9557276138110247,0.0005250233791134106,4.868082597282032e-07,8.326374644974277e-06,0.0001909201328544334,0.0007353018769929257,1.9113801547108765e-05,0.35552115190747413,0.3400520004739368,1.9113801547108765e-05,0.0,0.7283090057749408,1.227229762881821,0.38846219044641533,0.11045856666046468,0.0,136.62953489620537,73.33673207531253,0.06329280282089285,308.8194390887938,3.347072558063408,0.9648127880078466,6.780453366281042e-07,9.83165738110751e-09,0.00013481819477331129,0.01614253218113676,0.0
218.0,26.04,216.1,False,1,789.5200000006712,309.4540609321179,2.95281870535868,0.0005248992691627617,4.966484396963215e-07,8.331703247742595e-06,0.00019088024963226198,0.0007351482714058451,1.9114378053372126e-05,0.3545920823395545,0.3389566646884957,1.9114378053372126e-05,0.0,0.7283163447154627,1.2272208566250222,0.38839981417214725,0.11050469773741232,0.0,136.62762383609348,73.62264733274436,0.06300497650334912,308.8805289626415,3.3473558131795937,0.9648227535542051,6.792217525180956e-07,9.848715411512387e-09,0.00013481916835704662,0.016142608939119275,0.0
219.0,26.04,216.1,False,1,815.5600000006602,309.51692351058966,2.9498740098935055,0.0005247761218715899,5.0650546427077e-07,8.336591391846328e-06,0.00019084062031192513,0.0007349956437111755,1.9114677293267772e-05,0.3536523919858362,0.3378654785905382,1.9114677293267772e-05,0.0,0.7283212866941222,1.2272121919172132,0.3883377170149894,0.11055318820810155,0.0,136.62633694485052,73.90726939651438,0.06271906754833614,308.94134252721364,3.3476377815504437,0.9648326710268038,6.803687763921429e-07,9.865347257686073e-09,0.00013482012008764633,0.01614268058045443,0.0
220.0,26.04,216.1,False,1,841.6000000006493,309.5795011197305,2.9468959161141,0.0005246539156968349,5.163789155005951e-07,8.341057133590482e-06,0.00019080124065530893,0.0007348439775854373,1.9114712914373955e-05,0.35270293234606787,0.3367786250573623,1.9114712914373955e-05,0.0,0.7283239307151335,1.2272037585861828,0.3882758973044612,0.11060393056658811,0.0,136.62564844177922,74.19060679093815,0.06243504165084107,309.0018816038518,3.3479184716991797,0.9648425407643701,6.814875419770151e-07,9.88156935866672e-09,0.000134821050586033,0.016142747341391962,0.0
221.0,26.04,216.1,False,1,867.6400000006383,309.6417956260764,2.9438867020051065,0.0005245326297094541,5.262683915495385e-07,8.34511796589639e-06,0.00019076210656118707,0.0007346932572323924,1.9114498018321088e-05,0.351744520100784,0.3356962753674037,1.9114498018321088e-05,0.0,0.7283243713398228,1.227195546860859,0.3882143533952218,0.11065682212581453,0.0,136.6255337031101,74.47266788907058,0.06215286581403953,309.0621479815787,3.348197891998096,0.964852363099795,6.825791382581681e-07,9.897397504743438e-09,0.00013482196045940323,0.016142809448878928,0.0
222.0,26.04,216.1,False,1,893.6800000006274,309.70380886379206,2.9408485392267436,0.0005244122435810192,5.361735060568023e-07,8.348790829951611e-06,0.0001907232140610967,0.0007345434673671613,1.911404517656024e-05,0.3507779381867279,0.3346185896548533,1.911404517656024e-05,0.0,0.7283226988814063,1.2271875473590481,0.388153083666034,0.1107117648116077,0.0,136.62596921128176,74.75346091845792,0.06187250829282384,309.12214341832686,3.34847605067429,0.9648621383603467,6.836446108001934e-07,9.912846856602806e-09,0.00013482285030166127,0.016142867120822343,0.0
223.0,26.04,216.1,False,1,919.7200000006164,309.7655426358981,2.9377834973783403,0.0005242927375705772,5.460938875169991e-07,8.352092126669343e-06,0.00019068455931524537,0.0007343945932004566,1.911336644615163e-05,0.34980393684156663,0.33354571735575195,1.911336644615163e-05,0.0,0.7283189995915127,1.2271797510752864,0.3880920865187764,0.11076866496499725,0.0,136.62693250637005,75.03299396667354,0.06159393853969651,309.1818696421218,3.3487529558151596,0.964871866867875,6.846849630704493e-07,9.927931964521515e-09,0.00013482372069387443,0.016142920566352623,0.0
224.0,26.04,216.1,False,1,945.7600000006055,309.8269987154414,2.934693548135633,0.0005241740925117671,5.560291786792784e-07,8.355037727979934e-06,0.000190646138608463,0.0007342466204229917,1.9112473385521283e-05,0.34882323461979975,0.3324777976450327,1.9112473385521283e-05,0.0,0.7283133558387761,1.2271721493688235,0.38803136037751207,0.11082743315253533,0.0,136.62840213958268,75.31127498659332,0.061317127152989356,309.2413283522089,3.3490286153736584,0.9648815489390059,6.857011577606242e-07,9.942666787529051e-09,0.00013482457220416466,0.01614296998608708,0.0
225.0,26.04,216.1,False,1,971.8000000005945,309.88817884661785,2.9315805692620076,0.0005240562898001443,5.659790359655791e-07,8.357642987981142e-06,0.0001906079483462016,0.0007340995351900737,1.9111377070143197e-05,0.34783651938160376,0.33141495986388575,1.9111377070143197e-05,0.0,0.7283058462798658,1.227164733951754,0.3879709036876046,0.11088798398428347,0.0,136.6303576287229,75.5883118014607,0.061042045827262185,309.3005212201357,3.34930303717333,0.9648911848853304,6.866941181023147e-07,9.957064712483564e-09,0.00013482540538816389,0.016143015572392578,0.0
226.0,26.04,216.1,False,1,997.8400000005836,309.9490847458431,2.928446348494249,0.0005239393113807073,5.759431289078919e-07,8.359922753966655e-06,0.00019056998505059342,0.0007339533241064205,1.9110088108105564e-05,0.34684444925622576,0.3303573239370657,1.9110088108105564e-05,0.0,0.7282965460232694,1.2271574968773238,0.3879107149148842,0.11095023593917018,0.0,136.6327794155406,75.86411210971143,0.060768667305829166,309.35944989078286,3.3495762289131097,0.9649007750135817,6.876647291725345e-07,9.971138573001751e-09,0.0001348262207891658,0.016143057509646695,0.0
227.0,26.04,216.1,False,1,1023.8800000005726,310.0097181027772,2.9252925873036966,0.0005238231397355919,5.859211396043539e-07,8.361891377351759e-06,0.00019053224535657033,0.0007338079742112128,1.9108616655525387e-05,0.34584765358128083,0.3293050007796932,1.9108616655525387e-05,0.0,0.7282855267861396,1.2271504305284187,0.3878507925448582,0.11101411119742087,0.0,136.63564882488922,76.13868348959622,0.060496965335293,309.41811598335175,3.34984819817192,0.9649103196258066,6.886138391859716e-07,9.984900668196587e-09,0.00013482701893806088,0.016143095974496743,0.0
228.0,26.04,216.1,False,1,1049.9200000005844,310.07008058131044,2.9221209045339043,0.000523707757871904,5.959127621939752e-07,8.363562724514929e-06,0.00019049472600805184,0.0007336634729634144,1.910697243178148e-05,0.3448467338192626,0.328258092693192,1.910697243178148e-05,0.0,0.728272857044517,1.2271435276062514,0.38779113508195734,0.11107953547977702,0.0,136.63894802560773,76.4120334036242,0.06022691462198353,309.47652109231393,3.350118952413095,0.9649198190195308,6.8954226077121e-07,9.998362781182545e-09,0.00013482780035383498,0.016143131136116033,0.0
229.0,26.04,216.1,False,1,1075.9600000005962,310.13017382049827,2.9189328399163044,0.0005235931493097055,6.059177023497351e-07,8.364950187562573e-06,0.0001904574238542059,0.000733519808227367,1.9105164734533053e-05,0.34384226445238425,0.3272166937503006,1.9105164734533053e-05,0.0,0.7282586021771793,1.2271367811192657,0.3877317410488302,0.11114643789325632,0.0,136.64265999306247,76.68416920277888,0.05995849079028359,309.5346667883119,3.350388498988576,0.9649292734879144,6.904507722277752e-07,1.0011536197302741e-08,0.000134828565543396,0.016143163156456926,0.0
230.0,26.04,216.1,False,1,1102.000000000608,310.18999943546055,2.9157298574654877,0.0005234792980701082,6.159356767897497e-07,8.366066695032212e-06,0.0001904203358457856,0.0007333769682586825,1.9103202454502293e-05,0.34283479385668475,0.3261808901687963,1.9103202454502293e-05,0.0,0.7282428246034063,1.2271301843722586,0.38767260898566985,0.1112147507831824,0.0,136.64676847327297,76.95509813057171,0.05969167034270126,309.5925546190252,3.3506568451429355,0.9649386833199018,6.913401187622672e-07,1.0024431722052875e-08,0.00013482931500187739,0.016143192190500172,0.0
231.0,26.04,216.1,False,1,1128.0400000006198,310.24955901824063,2.91251334875599,0.0005233661886634819,6.259664128062059e-07,8.36692472254014e-06,0.00019038345903154652,0.0007332349416904432,1.9101094089997562e-05,0.341824845156291,0.3251507606739076,1.9101094089997562e-05,0.0,0.7282255839149087,1.2271237309557361,0.38761373744957744,0.11128440959125005,0.0,136.65125794855774,77.22482732691527,0.05942643062164247,309.650186109998,3.3509239980172407,0.9649480488003667,6.922110137013839e-07,1.0037059698670067e-08,0.00013483004921268152,0.016143218386500135,0.0
232.0,26.04,216.1,False,1,1154.0800000006316,310.3088541386274,2.9092846360826314,0.0005232538060777618,6.360096478117067e-07,8.3675363033803e-06,0.00019034679055474527,0.0007330937175197157,1.9098847761158622e-05,0.34081291705857886,0.32412637684933165,1.9098847761158622e-05,0.0,0.7282069370021614,1.2271174147355077,0.38755512501395734,0.11135535271938903,0.0,136.6561136046371,77.4933638318299,0.059162749772807215,309.70756276543113,3.351189964652738,0.964957370210248,6.93064139680256e-07,1.0049430025363713e-08,0.00013483076864745803,0.016143241886225637,0.0
233.0,26.04,216.1,False,1,1180.1200000006434,310.36788634494,2.9060449755066,0.000523142135766854,6.460651289026588e-07,8.367913039075206e-06,0.00019031032764972486,0.0007329532850943977,1.909647122390625e-05,0.3397994846707816,0.32310780347684115,1.909647122390625e-05,0.0,0.7281869381753698,1.227111229842526,0.3874967702679472,0.11142752139920889,0.0,136.66132129913365,77.76071458898015,0.0589006067101535,309.7646860689376,3.35145475199437,0.9649666478266818,6.939001498045961e-07,1.0061552172166643e-08,0.00013483147376647242,0.016143262825195966,0.0
234.0,26.04,216.1,False,1,1206.1600000006551,310.4266571647797,2.9027955597896296,0.0005230311636391322,6.56132612439317e-07,8.368066109884038e-06,0.00019027406763858515,0.0007328136341003956,1.909397188358447e-05,0.33878500029866726,0.3220950988644937,1.909397188358447e-05,0.0,0.7281656392802978,1.227105170662976,0.3874386718158744,0.11150085956680383,0.0,136.66686753141042,78.0268864490648,0.05863998108234561,309.82155748426686,3.351718366894149,0.9649758819231278,6.947196687856365e-07,1.0073435197391729e-08,0.00013483216501834587,0.016143281332911957,0.0
235.0,26.04,216.1,False,1,1232.200000000667,310.4851681058319,2.899537511125661,0.0005229208546684172,6.662118636181911e-07,8.368027662751198e-06,0.00019023800793788423,0.0007326747545874353,1.9091356759798153e-05,0.3377707571164776,0.32108831434669943,1.9091356759798153e-05,0.0,0.7281430888003965,1.2270992313160431,0.38738082827590126,0.11157531423974545,0.0,136.67273967637672,78.29188617343333,0.0583808535029434,309.87817845607776,3.351980816114758,0.9649850727695015,6.955232888490708e-07,1.0085087688311528e-08,0.00013483280615735407,0.016143297532144933,0.0
236.0,26.04,216.1,False,1,1258.2400000006787,310.5434206567062,2.8962719073433285,0.0005228112014272352,6.763026560410253e-07,8.367802276915672e-06,0.00019020214603342084,0.0007325366368719319,1.9088632605993056e-05,0.3367569234389904,0.3200874963868186,1.9088632605993056e-05,0.0,0.7281193342815073,1.2270934068103787,0.3873232382810538,0.11165083424781748,0.0,136.67892535309545,78.55572043787649,0.05812320491521896,309.9345504107482,3.352242106333314,0.9649942206323148,6.963115829087193e-07,1.009651795217643e-08,0.000134833471253132,0.016143311541382283,0.0
237.0,26.04,216.1,False,1,1284.2800000006905,310.60141628706845,2.892999776010854,0.0005227022081395157,6.864047714939151e-07,8.367382911092363e-06,0.0001901664794819898,0.0007323992715437501,1.9085805900338902e-05,0.3357431993292403,0.319092686501682,1.9085805900338902e-05,0.0,0.7280944216273958,1.227087692643739,0.3872659004789386,0.11172737053740465,0.0,136.6854126082261,78.81839583320917,0.05786701677501693,309.99067475649986,3.3525022441419625,0.9650033257747023,6.97085101226937e-07,1.0107733967790586e-08,0.00013483412524008774,0.016143323474116303,0.0
238.0,26.04,216.1,False,1,1310.3200000007023,310.65915644849747,2.88972208396952,0.0005225938627337368,6.965179995227987e-07,8.366778849173083e-06,0.000190131005925092,0.0007322626495190122,1.908288277640494e-05,0.33472994151867497,0.31810392017156713,1.908288277640494e-05,0.0,0.7280683939009485,1.2270820841369363,0.38720881352980024,0.1118048767061876,0.0,136.69219022819297,79.07991886913709,0.05761227135905588,310.0465528842242,3.352761236051722,0.9650123884565638,6.978443657588709e-07,1.0118743303503628e-08,0.00013483476700810668,0.01614333343798441,0.0
239.0,26.04,216.1,False,1,1336.360000000714,310.7166425751464,2.886439747667591,0.0005224861531677619,7.066421370727426e-07,8.365999374505897e-06,0.00019009572307690007,0.0007321267619937471,1.9079869079350543e-05,0.3337175025281669,0.31712122785822466,1.9079869079350543e-05,0.0,0.7280412921924151,1.227076576811646,0.3871519761067368,0.11188330851249417,0.0,136.69924751309506,79.3402959772383,0.05735895153585676,310.1021861681196,3.353019088495446,0.9650214089346741,6.985898752147728e-07,1.0129553190614207e-08,0.00013483539692490682,0.016143341535665105,0.0
240.0,26.04,216.1,False,1,1362.4000000007259,310.7738760843193,2.8831536356528438,0.0005223790677814333,7.167769881588478e-07,8.3650534165372e-06,0.00019006062872123976,0.0007319916004322609,1.9076770378638365e-05,0.3327062166888774,0.3161446352853993,1.9076770378638365e-05,0.0,0.728013155725683,1.2270711663905738,0.3870953868953193,0.1119626237695715,0.0,136.7065742490321,79.59953351356181,0.05710704073547028,310.15757596624667,3.353275807830411,0.9650303874627804,6.993221061085954e-07,1.0140170538574633e-08,0.00013483601537292965,0.0161433478650904,0.0
241.0,26.04,216.1,False,1,1388.4400000007377,310.8308583770188,2.8798645707989268,0.0005222725952920082,7.269223635511491e-07,8.363949554649524e-06,0.0001900257207088813,0.0007318571565567051,1.9073591979325072e-05,0.33169640057243455,0.3151741636909742,1.9073591979325072e-05,0.0,0.7279840219438232,1.2270658487894928,0.3870390445932185,0.1120427822524511,0.0,136.7141606858284,79.85763776109522,0.056856522924733185,310.2127236210553,3.353531400340778,0.9650393242916934,7.000415136873698e-07,1.0150601948466863e-08,0.0001348366227243384,0.016143352519638002,0.0
242.0,26.04,216.1,False,1,1414.4800000007494,310.88759083847094,2.8765733324382285,0.0005221667247835798,7.370780804727602e-07,8.3626960280446e-06,0.0001899909969549238,0.0007317234223370038,1.9070338932985267e-05,0.33068835365159277,0.31420983006863645,1.9070338932985267e-05,0.0,0.727953926590674,1.2270606201093988,0.38698294790984866,0.11212374560887611,0.0,136.72199751578844,80.11461493213002,0.05660738258365842,310.26763045989026,3.353785872239941,0.965048219669377,7.007485328290397e-07,1.0160853726021076e-08,0.00013483721934062776,0.01614335558831747,0.0
243.0,26.04,216.1,False,1,1440.5200000007612,310.9440748386288,2.8732806584068826,0.0005220614456965049,7.472439623108178e-07,8.36130074564487e-06,0.00018995645543626655,0.0007315903899811108,1.9067016048289036e-05,0.32968235894911324,0.3132516473996105,1.9067016048289036e-05,0.0,0.7279229037888869,1.2270554766289106,0.3869270955660272,0.11220547727399642,0.0,136.73007585337382,80.37047117052904,0.056359604682844774,310.32229779547544,3.354039229672786,0.9650570738410325,7.014435789104919e-07,1.0170931894202133e-08,0.00013483780557277565,0.016143357155950586,0.0
244.0,26.04,216.1,False,1,1466.560000000773,311.0003117326506,2.869987247004804,0.0005219567478169604,7.574198383398025e-07,8.35977129590032e-06,0.00018992209418916518,0.0007314580519255999,1.9063627901233764e-05,0.32867868367080233,0.31229962487476803,1.9063627901233764e-05,0.0,0.7278909861145795,1.2270504147969232,0.3868714862936551,0.11228794238868872,0.0,136.73838721576345,80.6252125538828,0.05611317466188065,310.3767269263748,3.3542914787178377,0.965065887049179,7.021270486458679e-07,1.0180842205365085e-08,0.00013483838176139504,0.016143357303345953,0.0
245.0,26.04,216.1,False,1,1492.6000000007848,311.0563028613585,2.8666937588734647,0.0005218526212666289,7.676055434567951e-07,8.358114956491936e-06,0.0001898879113068732,0.0007313264008265792,1.9060178845035133e-05,0.32767757982264833,0.3113537681073125,1.9060178845035133e-05,0.0,0.7278582046687414,1.2270454312255055,0.3868161188354104,0.11237110772135364,0.0,136.7469235042597,80.87884509557495,0.05586807840868477,310.4309191374335,3.354542625389317,0.9650746595337314,7.027993208957824e-07,1.0190590152988844e-08,0.00013483894823684232,0.016143356107467827,0.0
246.0,26.04,216.1,False,1,1518.6400000007966,311.112049551678,2.863400818794197,0.0005217490564925183,7.778009179282701e-07,8.356338703923514e-06,0.00018985390493736726,0.0007311954295509301,1.905667301968177e-05,0.3266792848121282,0.3104140793363255,1.905667301968177e-05,0.0,0.7278245891455237,1.2270405226830368,0.3867609919444579,0.11245494159305511,0.0,136.7556769865056,81.1313747467598,0.055624302239745786,310.4848757002006,3.3547926756391133,0.9650833915320746,7.034607574477681e-07,1.0200180982992637e-08,0.00013483950531936913,0.016143353641599367,0.0
247.0,26.04,216.1,False,1,1544.6800000008084,311.16755311705657,2.860109017409644,0.0005216460442569292,7.88005807147994e-07,8.35444922299346e-06,0.0001898200732811512,0.0007310651311678488,1.90531143611564e-05,0.32568402203374136,0.30948055762144083,1.90531143611564e-05,0.0,0.7277901678975423,1.2270356860875884,0.38670610438417236,0.11253941380587372,0.0,136.76464027947995,81.38280739825177,0.05538183288122818,310.5385978733326,3.355041635358658,0.9650920832791339,7.041117037684354e-07,1.0209619704642314e-08,0.00013484005331936087,0.01614334997550021,0.0
248.0,26.04,216.1,False,1,1570.7200000008202,311.22281485786334,2.856818912871103,0.0005215435756275752,7.982200614056317e-07,8.352452916137624e-06,0.0001897864145891441,0.0007309354989407124,1.9049506610330597e-05,0.32469200143879184,0.3085531990289366,1.9049506610330597e-05,0.0,0.7277549679983083,1.2270309185005328,0.38665145492787734,0.11262449557434713,0.0,136.7738063332405,81.63314888232135,0.05514065745091914,310.59208690297737,3.3552895103807203,0.9651007350074432,7.0475248972782e-07,1.021891110105339e-08,0.00013484059253722827,0.0161433451755586,0.0
249.0,26.04,216.1,False,1,1596.760000000832,311.2778360617734,2.8535310324143244,0.0005214416419678565,8.084435356656567e-07,8.350355912637381e-06,0.00018975292716064262,0.0007308065263192301,1.9045853321538675e-05,0.32370342008948844,0.3076319968094655,1.9045853321538675e-05,0.0,0.727719015301918,1.2270262171203814,0.38659704235859377,0.11271015945986959,0.0,136.78316841538052,81.8824049744282,0.054900763440952315,310.6453440231442,3.355536306481133,0.9651093469472103,7.053834302966834e-07,1.022805973930191e-08,0.0001348411232638411,0.016143339304938085,0.0
250.0,26.04,216.1,False,1,1622.8000000008437,311.3326180041329,2.850245873866383,0.000521340234927302,8.186760893561818e-07,8.348164077683879e-06,0.00018971960934136112,0.0007306782069318949,1.904215787083651e-05,0.3227184626974539,0.3067169415677599,1.904215787083651e-05,0.0,0.7276823345001057,1.2270215792768506,0.3865428654688031,0.11279637930794183,0.0,136.79272009617245,82.13058139486408,0.054662138701308365,310.6983704560551,3.355782029380426,0.9651179193263786,7.060048262171269e-07,1.023706998014834e-08,0.00013484164578065824,0.016143332423718883,0.0
251.0,26.04,216.1,False,1,1648.8400000008555,311.38716194831125,2.8469639070861064,0.0005212393464321761,8.289175861673266e-07,8.345883021292388e-06,0.00018968645952154628,0.0007305505345787213,1.9038423463953115e-05,0.3217373021466559,0.30580802142450747,1.9038423463953115e-05,0.0,0.7276449491767744,1.2270170024251403,0.386488923060219,0.11288313018814701,0.0,136.80245523436793,82.37768381033833,0.0544247714240296,310.7511674124833,3.356026684745408,0.9651264523706871,7.066169646474331e-07,1.0245945987387781e-08,0.00013484216035964097,0.01614332458903408,0.0
252.0,26.04,216.1,False,1,1674.8800000008673,311.4414691460313,2.843685575340556,0.0005211389686762743,8.391678938587488e-07,8.343518107058756e-06,0.00018965347613416359,0.0007304235032242609,1.903465314393959e-05,0.320760100000976,0.30490522217080207,1.903465314393959e-05,0.0,0.7276068818600959,1.2270124841404328,0.38643521394357566,0.11297038833676132,0.0,136.81236796363098,82.62371783546467,0.0541886501281663,310.8037360920712,3.3562702781906464,0.9651349463037265,7.072201197813058e-07,1.0254691736828935e-08,0.00013484266726377335,0.016143315855200693,0.0
253.0,26.04,216.1,False,1,1700.920000000879,311.4955408376933,2.8404112966199646,0.0005210390941118841,8.494268840759808e-07,8.341074460753805e-06,0.00018962065765315464,0.000730297106990888,1.9030849798526645e-05,0.3197870069963343,0.3040085274152376,1.9030849798526645e-05,0.0,0.7275681540723073,1.227008022112594,0.38638173693841854,0.11305813110186815,0.0,136.82245267957111,82.86868903421892,0.0539537636453522,310.8560776836415,3.3565128152799244,0.9651434013469954,7.078145534428813e-07,1.026331102492178e-08,0.00013484316674712733,0.016143306273845824,0.0
254.0,26.04,216.1,False,1,1726.960000000891,311.549378252678,2.8371414648934916,0.0005209397154409444,8.59694432175215e-07,8.338556978748158e-06,0.00018958800259176245,0.0007301713401523533,1.9027016167194122e-05,0.31881816351767905,0.30311791872410404,1.9027016167194122e-05,0.0,0.727528786377267,1.2270036141410772,0.38632849087291155,0.11314633689089859,0.0,136.83270402735963,83.11260292130342,0.053720101106056205,310.9081933654891,3.356754301527595,0.9651518177199505,7.084005156575152e-07,1.0271807477033971e-08,0.00013484365905497113,0.016143295894027875,0.0
255.0,26.04,216.1,False,1,1753.0000000009027,311.6029826096401,2.8338764513080914,0.0005208408256063894,8.699704170562009e-07,8.335970336263909e-06,0.00018955550950092363,0.0007300461971275864,1.9023154847963066e-05,0.31785370006086716,0.3022333757548224,1.9023154847963066e-05,0.0,0.7274887984258954,1.2269992581300297,0.3862754745836495,0.11323498512048484,0.0,136.8431168898968,83.3554649634664,0.0534876519264304,310.9600843056628,3.3569947423998987,0.9651601956400586,7.089782451994681e-07,1.0280184555392288e-08,0.0001348441444239644,0.016143284762353122,0.0
256.0,26.04,216.1,False,1,1779.0400000009145,311.6563551167876,2.830616605332724,0.0005207424177836867,8.802547210029201e-07,8.333318995447822e-06,0.00018952317696772434,0.0007299216724747531,1.901926830391674e-05,0.3168937376796257,0.3013548763829213,1.901926830391674e-05,0.0,0.7274482089995682,1.2269949520835859,0.38622268691547995,0.11332405616853783,0.0,136.8536863765124,83.59728058076145,0.05325640579575095,311.0117516622343,3.3572341433162225,0.9651685353228432,7.095479701170231e-07,1.0288445566696836e-08,0.00013484462308248346,0.016143272923087662,0.0
257.0,26.04,216.1,False,1,1805.0800000009262,311.70949697214854,2.8273622558500917,0.0005206444853725767,8.905472295317134e-07,8.33060721326143e-06,0.00018949100361391965,0.0007297977608855494,1.901535886945837e-05,0.3159383884177503,0.3004823968228119,1.901535886945837e-05,0.0,0.7274070360515509,1.226990694101345,0.38617012672133494,0.11341353132845933,0.0,136.8644078121761,83.83805514774379,0.05302635266443231,311.06319658355403,3.357472509650285,0.965176836981931,7.101099082356988e-07,1.0296593669417633e-08,0.0001348450952507298,0.016143260418264874,0.0
258.0,26.04,216.1,False,1,1831.120000000938,311.7624093638262,2.8241137121980056,0.0005205470219890092,9.008478312465558e-07,8.327839049186436e-06,0.00018945898809451275,0.00072967445717973,1.9011428756314308e-05,0.31498775572676535,0.2996159117425929,1.9011428756314308e-05,0.0,0.727365296746569,1.2269864823740366,0.3861177928620692,0.11350339276539843,0.0,136.87527672719338,84.07779399462153,0.05279748273257185,311.114420208497,3.3577098467312934,0.9651851008290957,7.106642676403291e-07,1.0304631880784772e-08,0.00013484556114088178,0.016143247287788556,0.0
259.0,26.04,216.1,False,1,1857.1600000009498,311.8150934702445,2.8208712651624195,0.000520450021457281,9.11156417701169e-07,8.325018372741107e-06,0.0001894271290963928,0.0007295517562998618,1.9007480059289822e-05,0.3140419348691823,0.29875539437310483,1.9007480059289822e-05,0.0,0.7273230074985809,1.226982315179352,0.3860656842063043,0.11359362347446665,0.0,136.88628884736949,84.31650240835677,0.052569786439012715,311.1654236666981,3.357946159845034,0.9651933270743003,7.112112471367481e-07,1.0312563083482847e-08,0.0001348460209574633,0.016143233569531887,0.0
260.0,26.04,216.1,False,1,1883.2000000009616,311.8675504603797,2.817635187924162,0.0005203534778023834,9.214728832676896e-07,8.322148870805414e-06,0.00018939542533702873,0.0007294296533062941,1.9003514761785143e-05,0.31310101330765416,0.297900816611542,1.9003514761785143e-05,0.0,0.7272801840068329,1.2269781908779538,0.3860137996302841,0.11368420724083672,0.0,136.89744008462065,84.55418563370877,0.05234325445091188,311.2162080787749,3.3581814542349195,0.9652015159257371,7.117510366935427e-07,1.032039003205637e-08,0.00013484647489734377,0.01614321929943226,0.0
261.0,26.04,216.1,False,1,1909.2400000009734,311.9197814939845,2.814405736961221,0.0005202573852425475,9.317971250115968e-07,8.319234054754405e-06,0.00018936387556321891,0.0007293081433723404,1.8999534741080492e-05,0.31216507108019126,0.29705214911975336,1.8999534741080492e-05,0.0,0.7272368412902703,1.226974107909643,0.38596213801773277,0.11377512860163996,0.0,136.90872652801357,84.79084887424142,0.052117877653772154,311.26677455654317,3.358415735102988,0.9652096675898667,7.122838178648363e-07,1.0328115359040127e-08,0.0001348469231501285,0.016143204511582215,0.0
262.0,26.04,216.1,False,1,1935.2800000009852,311.971787721803,2.811183152908498,0.000520161738181998,9.42129042572646e-07,8.316277267397904e-06,0.0001893324785498921,0.0007291872217796618,1.8995541773397378e-05,0.3112341811617178,0.29620936141750764,1.8995541773397378e-05,0.0,0.7271929937203795,1.2269700647896864,0.38591069825971935,0.11386637280958754,0.0,136.92014443521313,85.02649729328871,0.05189364714192442,311.3171242032228,3.35864900761087,0.9652177822714553,7.128097641946622e-07,1.0335741580822603e-08,0.00013484736589820193,0.01614318923831652,0.0
263.0,26.04,216.1,False,1,1961.320000000997,312.02357028577245,2.8079676613767797,0.0005200665312039168,9.524685380515282e-07,8.313281689724555e-06,0.00018930123309896004,0.0007290668839138472,1.899153753874267e-05,0.31030840981222907,0.29537242197097197,1.899153753874267e-05,0.0,0.7271486550525134,1.2269660601052996,0.38585947925453223,0.11395792579825402,0.0,136.93169022432548,85.26113601486115,0.05167055420946433,311.3672581136318,3.358881276880694,0.9652258601736093,7.133290416033661e-07,1.0343271103248809e-08,0.00013484780331709644,0.01614317351029562,0.0
264.0,26.04,216.1,False,1,1987.3600000010088,312.0751303192212,2.8047594737327373,0.0005199717590636028,9.628155159020128e-07,8.310250347453388e-06,0.0001892701380382187,0.0007289471252601809,1.8987523625545585e-05,0.30938781691180633,0.29454129827651226,1.8987523625545585e-05,0.0,0.7271038384557906,1.2269620925122768,0.38580847990755307,0.11404977414893314,0.0,136.94336046611207,85.4947701245367,0.05144859034157537,311.4171773743764,3.359112547995973,0.9652339014978111,7.138418087571803e-07,1.0350706226979115e-08,0.00013484823557557892,0.016143157356585433,0.0
265.0,26.04,216.1,False,1,2013.4000000010205,312.1264689470536,2.80155878784153,0.0005198774166818482,9.731698828283314e-07,8.307186117389111e-06,0.00018923919222029712,0.0007288279413995943,1.8983501535091877e-05,0.3084724562827804,0.29371595694013725,1.8983501535091877e-05,0.0,0.7270585565415942,1.2269581607317603,0.385757699131143,0.11414190505902315,0.0,136.95515187656883,85.7274046702898,0.05122774720627903,311.4668830640284,3.359342826002436,0.9652419064439497,7.143482174210006e-07,1.0358049152604508e-08,0.0001348486628357376,0.016143140804733818,0.0
266.0,26.04,216.1,False,1,2039.4400000010323,312.17758728593,2.798365788773726,0.0005197834991385069,9.835315476875555e-07,8.304091733585114e-06,0.00018920839452165076,0.000728709328004789,1.8979472685765128e-05,0.3075623759993158,0.2928963637526792,1.8979472685765128e-05,0.0,0.7270128213907737,1.2269542635471564,0.3857071358445276,0.11423430631185508,0.0,136.96706130984248,85.9590446633009,0.05100801664654158,311.516376253298,3.359572115908831,0.9652498752103539,7.148484127955375e-07,1.0365301985535294e-08,0.00013484908525363253,0.016143123880843636,0.0
267.0,26.04,216.1,False,1,2065.480000001044,312.22848644443656,2.7951806494780462,0.0005196900016662747,9.939004213967524e-07,8.300969793313566e-06,0.00018917774384160028,0.0007285912808365333,1.8975438417100574e-05,0.3066576186847504,0.29208248376098045,1.8975438417100574e-05,0.0,0.7269666445795624,1.2269503998011735,0.3856567889736924,0.11432696624791877,0.0,136.9790857514819,86.1896950787187,0.0507893906727632,311.56565800519667,3.359800422687691,0.965257807993821,7.153425338390242e-07,1.0372466740665852e-08,0.00013484950297899204,0.016143106609642688,0.0
268.0,26.04,216.1,False,1,2091.520000001056,312.27916752325206,2.7920035314214227,0.0005195969196446577,1.0042764168447094e-06,8.297822762845523e-06,0.00018914723910140984,0.0007284737957401134,1.897139999366003e-05,0.30575822179693024,0.29127428133517747,1.897139999366003e-05,0.0,0.7269200372043065,1.2269465683929957,0.38560665745127576,0.11441987373741332,0.0,136.99122231199854,86.41936085640766,0.05057186145559088,311.61472937519693,3.360027751276081,0.9652657049896469,7.158307135744696e-07,1.037954534682981e-08,0.00013484991615560302,0.01614308901455052,0.0
269.0,26.04,216.1,False,1,2117.5600000010677,312.3296316153011,2.7888345851978515,0.0005195042485941516,1.014659448808e-06,8.294652983040542e-06,0.00018911687924340822,0.000728356868641948,1.8967358608732197e-05,0.30486421790193063,0.29047172023238776,1.8967358608732197e-05,0.0,0.7268730099050233,1.2269427682755791,0.3855567402164748,0.11451301815408105,0.0,137.0034682207319,86.64804690163821,0.05035542131909368,311.6635914113798,3.360254106576283,0.9652735663916527,7.163130793825306e-07,1.0386539651046695e-08,0.00013485032492170125,0.016143071117742325,0.0
270.0,26.04,216.1,False,1,2143.6000000010795,312.3798798059073,2.7856739511074387,0.0005194119841706042,1.0250494338711958e-06,8.291462674751633e-06,0.00018908666323014703,0.0007282404955463446,1.896331538786856e-05,0.30397563493640867,0.28967476365682426,1.896331538786856e-05,0.0,0.7268255728878666,1.2269389984530645,0.3855070362149477,0.11460638935025017,0.0,137.01582081999948,86.87575808577144,0.05014006273422804,311.71224515458107,3.3604794934564888,0.9652813923922123,7.167897532811451e-07,1.0393451422576605e-08,0.00013485072940977623,0.01614305294020993,0.0
271.0,26.04,216.1,False,1,2169.6400000010913,312.4299131729349,2.7825217597069094,0.000519320122159778,1.0354462903510569e-06,8.288253944044123e-06,0.0001890565900435971,0.0007281246725324074,1.895927139225749e-05,0.3030924964589433,0.2888833743166242,1.895927139225749e-05,0.0,0.7267777359465248,1.226935257978304,0.3854575443987254,0.11469997763305376,0.0,137.0282775595249,87.10249924689658,0.04992577831262831,311.76069163852753,3.360703916751426,0.9652891831822772,7.172608521919222e-07,1.0400282356782871e-08,0.00013485112974713498,0.016143034501820093,0.0
272.0,26.04,216.1,False,1,2195.680000001103,312.4797327869272,2.7793781323329507,0.000519228658472099,1.0458499382244753e-06,8.285028787234128e-06,0.00018902665868438068,0.0007280093957510761,1.8955227621946117e-05,0.3022148218906561,0.2880975144774668,1.8955227621946117e-05,0.0,0.7267295084826203,1.2269315459505021,0.38540826372612397,0.11479377374175781,0.0,137.04083599112565,87.32827519045061,0.049712560800675036,311.80893188996936,3.3609273812629903,0.9652969389514015,7.177264881942361e-07,1.0407034078816423e-08,0.00013485152605585866,0.016143015821370166,0.0
273.0,26.04,216.1,False,1,2221.720000001115,312.5293397112392,2.7762431815995434,0.0005191375891375872,1.0562602990600214e-06,8.281789095748854e-06,0.00018899686817103732,0.0007278946614223015,1.8951185018914393e-05,0.3013426267454552,0.28731714601315717,1.8951185018914393e-05,0.0,0.726680899525138,1.226927861512957,0.3853591931616602,0.1148877688261588,0.0,137.05349376365402,87.55309068981313,0.04950040307384088,311.8569669288072,3.3611498917608276,0.9653046598877654,7.18186768767346e-07,1.0413708147126517e-08,0.00013485191845301944,0.016142996916641207,0.0
274.0,26.04,216.1,False,1,2247.7600000011266,312.578735002163,2.773117011870559,0.0005190469103009754,1.0666772959529248e-06,8.278536660811413e-06,0.0001889672175393226,0.000727780465832343,1.8947144470007392e-05,0.3004759228502293,0.28654223045335114,1.8947144470007392e-05,0.0,0.7266319177489321,1.2269242038509065,0.38531033167597306,0.11498195442600138,0.0,137.06624861817804,87.77695048686928,0.04928929813130876,311.90479776821246,3.3613714529829095,0.9653123461781977,7.186417970210002e-07,1.0420306056804503e-08,0.000134852307050984,0.016142977804448677,0.0
275.0,26.04,216.1,False,1,2273.8000000011384,312.627919709049,2.769999719708646,0.0005189566182170033,1.0771008534633108e-06,8.275273177953955e-06,0.00018893770584153978,0.0007276668053311944,1.8943106809732074e-05,0.2996147185552749,0.28577272902851264,1.8943106809732074e-05,0.0,0.7265825714923493,1.2269205721894705,0.38526167824574714,0.11507632245137397,0.0,137.0790983833922,87.99985929255145,0.04907923909084074,311.95242541474306,3.3615920696360684,0.9653199980081982,7.190916719151009e-07,1.0426829242768965e-08,0.00013485269195745702,0.016142958500690818,0.0
276.0,26.04,216.1,False,1,2299.84000000115,312.6768948744228,2.766891394301606,0.0005188667092458835,1.0875308975575498e-06,8.272000251363022e-06,0.00018890833214589982,0.0007275536763301195,1.893907282292407e-05,0.2987590189352991,0.28500860271225537,1.893907282292407e-05,0.0,0.7265328687740192,1.226916965791688,0.3852132318536369,0.11517086516403194,0.0,137.09204097124535,88.22182178736433,0.04887021918388102,311.9998508684556,3.3618117463965245,0.965327615561958,7.195364884689205e-07,1.0433279082799348e-08,0.0001348530732755678,0.016142939020394778,0.0
276.00614439319696,26.04,216.1,True,2,0.0,312.6771951510721,2.766872323438391,0.0005269586395606741,1.471899778810264e-07,1.1194907718162828e-06,0.00018890815208733922,0.0007275529828577996,1.8939048049435995e-05,0.04043192719174116,0.28500392416026427,1.8939048049435995e-05,0.0,0.7267410596495406,1.2271254410635672,0.3852129348182856,0.1151714465957411,0.0,137.0378280672596,88.22318269463474,0.04881464537262485,312.00014164570973,3.3618130932791956,0.9653276622615603,7.217793552209527e-07,1.0465800650703814e-08,0.0,0.016142938705280094,-9.317362419797304e-21
277.0,26.04,216.1,False,2,25.880000001174473,312.72569474205454,2.7605188214754333,0.0005197426135480598,1.5756979011430316e-07,8.243533364785374e-06,0.00018888254139236022,0.0007274543461267908,1.8918227249794013e-05,0.297000917171182,0.28399689890390917,1.8918227249794013e-05,0.0,0.726342855695203,1.2269505285717563,0.3851646916202511,0.11544298125630223,0.0,137.1415203769691,88.44299312851267,0.04869852724845644,312.0471072809005,3.3620306368637682,0.9653352041858191,7.204574625096076e-07,1.0446633206389312e-08,0.00013487069034819055,0.01614262402553113,0.0
278.0,26.04,216.1,False,2,51.92000000117472,312.7742892748145,2.7575665546058765,0.0005196522952605367,1.6802011999058563e-07,8.241437955521256e-06,0.0001888532703000887,0.0007273416122325114,1.8914925150124825e-05,0.29620075693337733,0.2832543362340315,1.8914925150124825e-05,0.0,0.7262990975485181,1.2269464300557844,0.3851166327459193,0.1155306997613471,0.0,137.15291499836584,88.6632371414855,0.048489677856880346,312.09416555645066,3.3622486063070784,0.9653427592286511,7.209685738068774e-07,1.0454044320199724e-08,0.00013485267962225038,0.01614261691559017,0.0
279.0,26.04,216.1,False,2,77.96000000117513,312.8226755051507,2.754617601980033,0.0005195623979454596,1.7847780363444225e-07,8.239197172167133e-06,0.00018882414203768745,0.0007272294284340339,1.8911597844744138e-05,0.2954008780056998,0.28251654029686135,1.8911597844744138e-05,0.0,0.7262547364197723,1.2269423780795148,0.3850687792345249,0.11561886242521753,0.0,137.16446663629125,88.88254033346821,0.04828192630282304,312.1410228121738,3.3624656414155827,0.9653502802504699,7.214717585272452e-07,1.0461340498645056e-08,0.00013485310557726816,0.016142609126450123,0.0
280.0,26.04,216.1,False,2,104.00000000117555,312.8708545263882,2.7516722385189962,0.0005194729194391466,1.889427273891158e-07,8.236905232315794e-06,0.00018879515546167843,0.0007271177903272582,1.890824701580724e-05,0.29460463565531536,0.28178348997850805,1.890824701580724e-05,0.0,0.7262097882144226,1.2269383713142665,0.38502113003235827,0.11570745306748564,0.0,137.1761711489643,89.10090761676801,0.04807526353219629,312.1876800976544,3.36268174709336,0.9653577674425997,7.219672056019447e-07,1.0468524481228198e-08,0.0001348535204223145,0.016142600689847516,0.0
281.0,26.04,216.1,False,2,130.04000000117597,312.91882742264045,2.748730765941546,0.0005193838531374192,1.99414780537163e-07,8.23456668745973e-06,0.00018876630940017748,0.0007270066933986631,1.8904874517849132e-05,0.2938121535175662,0.28105516706362715,1.8904874517849132e-05,0.0,0.7261642701678382,1.226934408190892,0.38497368409758714,0.11579645392546656,0.0,137.1880240482949,89.31834386244137,0.047869680185853525,312.23413845366315,3.362896928203172,0.9653652209946871,7.224551187956962e-07,1.0475599222537595e-08,0.00013485393003636725,0.016142591639439183,0.0
282.0,26.04,216.1,False,2,156.0800000011764,312.9665952687575,2.7457934709094154,0.000519295193957412,2.0989385526116817e-07,8.232184584426684e-06,0.00018873760270627052,0.0007268961332309029,1.8901482118879383e-05,0.2930235005821574,0.2803315523623386,1.8901482118879383e-05,0.0,0.726118198910237,1.22693048724081,0.38492644039619395,0.11588584793437909,0.0,137.20002100377425,89.53485390005117,0.04766516710372308,312.2803989121051,3.3631111895662285,0.9653726410946972,7.229356941738223e-07,1.0482567565520424e-08,0.00013485433466818575,0.016142582007355393,0.0
283.0,26.04,216.1,False,2,182.1200000011768,313.0141591305326,2.7428606251191243,0.0005192069369960876,2.203798465307556e-07,8.22976180657556e-06,0.00018870903425783714,0.0007267861055021274,1.8898071500513092e-05,0.29223873947608514,0.27961262572178985,1.8898071500513092e-05,0.0,0.7260715904298073,1.2269266070612155,0.38487939790177145,0.11597561872963666,0.0,137.21215785207815,89.75044251859842,0.04746171533347973,312.32646249621865,3.3633245359631174,0.9653800279289482,7.234091201061216e-07,1.0489432241538763e-08,0.00013485473447510943,0.016142571824217737,0.0
284.0,26.04,216.1,False,2,208.16000000117722,313.0615200649067,2.7399324859963397,0.0005191190775037717,2.3087265199338974e-07,8.22730109997344e-06,0.00018868060295660762,0.0007266766059823508,1.889464426185307e-05,0.2914579274691153,0.2788983660928493,1.889464426185307e-05,0.0,0.7260244601003059,1.226922766311678,0.3848325555953797,0.1160657506159923,0.0,137.2244305898803,89.96511446744081,0.0472593161224395,312.3723302207718,3.3635369721347166,0.9653873816821467,7.23875577598065e-07,1.0496195875171942e-08,0.0001348551296072786,0.016142561119206467,0.0
285.0,26.04,216.1,False,2,234.20000000117764,313.1086791201653,2.7370092973679183,0.0005190316108777268,2.413721718699333e-07,8.224805079542438e-06,0.00018865230772724447,0.000726567630529913,1.8891201923263127e-05,0.29068111675667674,0.2781887515942514,1.8891201923263127e-05,0.0,0.7259768227083762,1.2269189637113398,0.3847859124654098,0.11615622853755385,0.0,137.2368353667388,90.17887445718,0.0470579609095588,312.4180030922518,3.3637485027830825,0.9653947025374211,7.243352406130795e-07,1.0502860988889654e-08,0.00013485552020852352,0.016142549920125766,0.0
286.0,26.04,216.1,False,2,260.24000000117803,313.15563733612294,2.734091290103642,0.000518944532656256,2.518783088547814e-07,8.222276234695107e-06,0.000188624147516465,0.0007264591750881014,1.888774592997974e-05,0.2899083547204675,0.2774837595735483,1.888774592997974e-05,0.0,0.7259286924796605,1.226915198036243,0.38473946750745636,0.11624703804912609,0.0,137.24936847829636,90.39172716049065,0.04685764131780572,312.4634821090423,3.3639591325722753,0.9654019906763541,7.247882763811536e-07,1.0509430007526728e-08,0.00013485590641699324,0.016142538253466225,0.0
287.0,26.04,216.1,False,2,286.28000000117845,313.2023957443068,2.731178682728686,0.0005188578385130158,2.623909680203725e-07,8.219716934757477e-06,0.00018859612129219983,0.000726351235681908,1.888427765556962e-05,0.2891396841775149,0.2767833666648603,1.888427765556962e-05,0.0,0.7258800831037554,1.2269114681167643,0.38469321972418985,0.11633816528881905,0.0,137.26202635978206,90.60367721294661,0.04665834914683545,312.5087682615997,3.36416886612918,0.965409246279013,7.252348456946331e-07,1.0515905262572181e-08,0.00013485628836530737,0.0161425261444647,0.0
288.0,26.04,216.1,False,2,312.32000000117887,313.2489553681281,2.728271682008158,0.0005187715242515509,2.729100567259046e-07,8.217129434188771e-06,0.00018856822804278622,0.0007262438084149241,1.8880798405236935e-05,0.28837514361838557,0.276087548843707,1.8880798405236935e-05,0.0,0.7258310077580423,1.2269077728351605,0.38464716812523686,0.11642959695188133,0.0,137.27480557980573,90.81472921379262,0.04646007636601311,312.5538625326183,3.364377708044282,0.9654164695239806,7.256751031912359e-07,1.052228899627292e-08,0.0001348566661806428,0.016142513617161555,0.0
289.0,26.04,216.1,False,2,338.3600000011793,313.29531722305046,2.7253704835049177,0.0005186855858000292,2.834354845300575e-07,8.214515877602627e-06,0.00018854046677619718,0.0007261368894663707,1.8877309418987437e-05,0.28761476743479975,0.2753962814789521,1.8877309418987437e-05,0.0,0.7257814791304683,1.2269041111232233,0.3846013117270632,0.1165213202656917,0.0,137.287702834426,91.0248877266997,0.0462628151077263,312.5987658971916,3.3645856628724142,0.9654236605883827,7.261091976251205e-07,1.0528583365564248e-08,0.00013485703998505905,0.01614250069445548,0.0
290.0,26.04,216.1,False,2,364.4000000011797,313.34148231674703,2.722475272111745,0.0005186000192061848,2.939671631075686e-07,8.211878304595579e-06,0.00018851283651930202,0.0007260304750882487,1.887381187465329e-05,0.2868585861371461,0.27470953938207704,1.887381187465329e-05,0.0,0.7257315094412884,1.2269004819600295,0.38455564955286486,0.11661332296587629,0.0,137.30071494148845,91.23415728047401,0.046066557661014446,312.6434793229635,3.364792735133467,0.9654308196479167,7.265372721260923e-07,1.053479044582834e-08,0.0001348574098956716,0.016142487398155866,0.0
291.0,26.04,216.1,False,2,390.4400000011801,313.3874516492556,2.719586222559088,0.0005185148206324502,3.045050061694812e-07,8.20921865438875e-06,0.000188485336317159,0.0007259245616026174,1.8870306890786523e-05,0.28610662656217917,0.27402729685382676,1.8870306890786523e-05,0.0,0.7256811104638574,1.2268968843697985,0.384510180632459,0.11670559327348211,0.0,137.3138388352115,91.44254236975218,0.04587129646545932,312.68800377027736,3.3649989293130833,0.9654379468768776,7.269594644478295e-07,1.0540912234493528e-08,0.00013485777602473877,0.016142473749032975,0.0
292.0,26.04,216.1,False,2,416.48000000118054,313.4332262131265,2.716703499899362,0.0005184299863512771,3.150489293869168e-07,8.206538770288255e-06,0.00018845796523233875,0.0007258191453989854,1.8866795529424784e-05,0.2853589120713326,0.27334952772839344,1.8866795529424784e-05,0.0,0.7256302935444691,1.226893317419826,0.38446490400218053,0.11679811987317634,0.0,137.3270715610202,91.65004745566804,0.04567702410535216,312.732340192318,3.365204249863319,0.9654450424481839,7.273759072052687e-07,1.0546950654476395e-08,0.00013485813847998688,0.016142459766865867,0.0
293.0,26.04,216.1,False,2,442.52000000118096,313.4788069935632,2.713827259968886,0.0005183455127406453,3.255988503182141e-07,8.203840403968414e-06,0.00018843072234427615,0.000725714222931817,1.886327879873428e-05,0.28461546273997224,0.2726762054152638,1.886327879873428e-05,0.0,0.7255790696213228,1.2268897802185283,0.3844198187047838,0.11689089189242173,0.0,137.3404102706075,91.85667696648215,0.045483733304125334,312.7764895352465,3.3654087012032767,0.9654521065334021,7.277867281016004e-07,1.0552907557473206e-08,0.00013485849736482713,0.016142445470488237,0.0
294.0,26.04,216.1,False,2,468.5600000011814,313.5241949685607,2.7109576498284165,0.0005182613962797448,3.361546883392852e-07,8.201125219584776e-06,0.0001884036067486491,0.0007256097907181376,1.885975765553639e-05,0.28387629553791716,0.2720073029387843,1.885975765553639e-05,0.0,0.7255274492426291,1.2268862719135554,0.3843749237893447,0.11698389888158162,0.0,137.35385221721933,92.06243529820608,0.04529141691901324,312.8204527383335,3.3656122877197285,0.9654591393027709,7.281920501454898e-07,1.0558784727109603e-08,0.00013485885277826886,0.016142430877832264,0.0
295.0,26.04,216.1,False,2,494.6000000011818,313.5693911090349,2.7080948081832172,0.0005181776335448329,3.467163645770558e-07,8.198394797721406e-06,0.00018837661755678596,0.0007255058453352523,1.8856233007720764e-05,0.28314142450164825,0.2713427929756323,1.8856233007720764e-05,0.0,0.7254754425839026,1.2268827916899965,0.38433021831116987,0.11707713079492399,0.0,137.36739475115172,92.26732681518165,0.04510006793597007,312.86423073408275,3.36581501376769,0.9654661409252236,7.285919918585832e-07,1.0564583881949457e-08,0.0001348592048153966,0.016142416005970453,0.0
296.0,26.04,216.1,False,2,520.6400000011785,313.61439637894966,2.705238865783607,0.0005180942212052562,3.572838018458432e-07,8.195650639177481e-06,0.00018834975389509718,0.0007254023834185555,1.8852705716551157e-05,0.28241086089841516,0.27068264789020946,1.8852705716551157e-05,0.0,0.7254230594644816,1.2268793387686625,0.38428570133170725,0.11717057797247367,0.0,137.38103531544894,92.47135585065315,0.044909679464795786,312.90782444835384,3.3660168836709943,0.9654731115684105,7.289866674740186e-07,1.057030667837327e-08,0.00013485955356741346,0.016142400871155673,0.0
297.0,26.04,216.1,False,2,546.6800000011675,313.65921173543893,2.7023899458068334,0.0005180111560196334,3.67856924586554e-07,8.192894168600012e-06,0.00018832301490453134,0.0007252994016594379,1.8849176598868052e-05,0.2816846133826874,0.27002683976811537,1.8849176598868052e-05,0.0,0.7253703093633014,1.226875912404442,0.3842413719184585,0.11726423112268203,0.0,137.39477144179628,92.67452670731517,0.044720244734481114,312.9512348004788,3.3662179017228384,0.9654800513987204,7.293761871261428e-07,1.0575954713329071e-08,0.00013485989912161937,0.01614238548885941,0.0
298.0,26.04,216.1,False,2,572.7200000011566,313.70383812892277,2.6995481642210573,0.0005179284348321945,3.784356588085698e-07,8.190126737965394e-06,0.00018829639974005593,0.0007251968968032855,1.8845646429191276e-05,0.2809626881451629,0.2693753404477668,1.8845646429191276e-05,0.0,0.7253172014339553,1.2268725118847348,0.3841972291448976,0.11735808130588185,0.0,137.408600746598,92.87684365783372,0.04453175708876429,312.9944627033737,3.366418072186307,0.9654869605813006,7.297606570317385e-07,1.0581529526960209e-08,0.0001348602415619099,0.016142369873808272,0.0
299.0,26.04,216.1,False,2,598.7600000011456,313.74827650321976,2.696713630132375,0.0005178460545692721,3.89019932034198e-07,8.187349629916833e-06,0.0001882699075701599,0.0007250948656475621,1.8842115941728407e-05,0.2802450890547002,0.26872812155026904,1.8842115941728407e-05,0.0,0.7252637445190763,1.2268691365279496,0.38415327209038996,0.11745211991848335,0.0,137.4225209272325,93.07831094535037,0.04434420998188215,313.03750906364627,3.3666173992948734,0.9654938392800775,7.301401796632532e-07,1.0587032605117172e-08,0.00013486058096858107,0.0161423540400189,0.0
300.0,26.04,216.1,False,2,624.8000000011347,313.7925277956562,2.693886446115504,0.0005177640122359323,3.996096732455863e-07,8.184564060962131e-06,0.0001882435375763765,0.0007249933050399741,1.8838585832292004e-05,0.27953181779342984,0.2680851545075928,1.8838585832292004e-05,0.0,0.7252099471640745,1.2268657856820762,0.3841094998401152,0.11754633867788643,0.0,137.43652975847496,93.27893278397318,0.044157596974501785,313.0803747817008,3.366815887252887,0.9655006876577749,7.305148539143067e-07,1.0592465381757447e-08,0.00013486091741882807,0.01614233800083128,0.0
301.0,26.04,216.1,False,2,650.8400000011237,313.8365929371711,2.691066708528952,0.0005176823049127488,4.1020481283397524e-07,8.181771184537042e-06,0.0001882172889528296,0.0007248922118767213,1.8835056760130082e-05,0.27882287398536726,0.2674464105891678,1.8835056760130082e-05,0.0,0.7251558176302485,1.226862458723313,0.3840659114849908,0.11764072960807373,0.0,137.45062508908325,93.47871335924722,0.04397191172983602,313.12306075183875,3.367013540236049,0.9655075058759336,7.308847752577926e-07,1.0597829241237993e-08,0.00013486125098655013,0.016142321768940558,0.0
302.0,26.04,216.1,False,2,676.8800000011128,313.8804728524155,2.688254507815353,0.0005176009297527135,4.2080528255119854e-07,8.178972093937457e-06,0.00018819116090579668,0.0007247915831008141,1.8831529349672348e-05,0.278118255318762,0.2668118609269742,1.8831529349672348e-05,0.0,0.7251013639073048,1.226859155054765,0.3840225061216012,0.11773528502585898,0.0,137.4648048385378,93.67765682860106,0.04378714800993673,313.165567862354,3.3672103623918566,0.9655142940949284,7.312500358968199e-07,1.0603125520503888e-08,0.00013486158174263237,0.016142305356427435,0.0
303.0,26.04,216.1,False,2,702.9200000011018,313.9241684598506,2.6854499287876146,0.0005175198839782741,4.314110154633164e-07,8.17616782512699e-06,0.00018816515265329318,0.0007246914157004731,1.8828004192197293e-05,0.277417957662469,0.266181476539176,1.8828004192197293e-05,0.0,0.7250465937253078,1.2268558741051911,0.3839792828521269,0.11782999752775647,0.0,137.47906699392982,93.8757673217857,0.043603299672144116,313.2078969956268,3.367406357840045,0.965521052473986,7.316107249089299e-07,1.0608355511179484e-08,0.00013486190975509765,0.016142288774787145,0.0
304.0,26.04,216.1,False,2,728.9600000010909,313.9676806718411,2.6826530509015853,0.0005174391648784968,4.42021945906297e-07,8.173359359424311e-06,0.0001881392634246737,0.0007245917067075925,1.8824481847423088e-05,0.2767219751766245,0.265555228352398,1.8824481847423088e-05,0.0,0.7249915145660956,1.2268526153278185,0.3839362407842764,0.11792485997744666,0.0,137.49340960698868,94.07304894129413,0.043420360665694546,313.2500490282133,3.3676015306729967,0.965527781171201,7.319669283837799e-07,1.0613520461564809e-08,0.00013486223508921494,0.01614227203495714,0.0
305.0,26.04,216.1,False,2,755.0000000010799,314.011010394745,2.6798639485157802,0.0005173587698063524,4.526380094436485e-07,8.170547626073074e-06,0.00018811349246025032,0.0007244924531962697,1.882096284502438e-05,0.27603030041781634,0.2649330872226966,1.882096284502438e-05,0.0,0.7249361336741662,1.2268493781992011,0.38389337903122134,0.11801986549381362,0.0,137.50783079124707,94.26950576276387,0.0432383250284832,313.2920248309316,3.3677958849561596,0.965534480343553,7.32318729554571e-07,1.061862157854128e-08,0.0001348625578075427,0.016142255147343514,0.0
306.0,26.04,216.1,False,2,781.040000001069,314.05415852900006,2.6770826911388137,0.000517278696176118,4.632591428259107e-07,8.167733504700972e-06,0.00018808783901092823,0.0007243936522814033,1.8817447686079976e-05,0.27534292443906117,0.2643150239553078,1.8817447686079976e-05,0.0,0.7248804580670772,1.2268461622181375,0.3838506967115336,0.11811500743952662,0.0,137.52232871933305,94.4651418353632,0.043057186883969846,313.3338252689443,3.3679894247284197,0.9655411501469212,7.326662089234985e-07,1.062366002939073e-08,0.00013486287797005898,0.016142238121846196,0.0
307.0,26.04,216.1,False,2,807.080000001058,314.0971259692101,2.6743093436650827,0.0005171989414608823,4.73885283951928e-07,8.164917827671089e-06,0.00018806230233785732,0.0007242953011173487,1.8813936844454174e-05,0.27465983688472845,0.2637010093231815,1.8813936844454174e-05,0.0,0.724824494545373,1.2268429669046312,0.38380819294912094,0.11821027941013723,0.0,137.53690162038484,94.65996118218071,0.04287694043820413,313.3754512018416,3.3681821540024983,0.9655477907361004,7.330094443816504e-07,1.062863694353393e-08,0.00013486319563444336,0.016142220967883,0.0
308.0,26.04,216.1,False,2,833.1200000010471,314.13991360422494,2.6715439665992258,0.0005171195031901682,4.845163718318201e-07,8.162101382330071e-06,0.0001880368817120975,0.0007241973968966319,1.8810430768113106e-05,0.273981026080751,0.2630910140844429,1.8810430768113106e-05,0.0,0.7247682497020569,1.2268397917989062,0.38376586687316894,0.1183056752236804,0.0,137.55154777758435,94.85396780058096,0.04269757997700339,313.41690348371753,3.3683740767653085,0.9655544022648156,7.333485113232574e-07,1.0633553414187232e-08,0.0001348635108559034,0.016142203694412594,0.0
309.0,26.04,216.1,False,2,859.1600000010361,314.1825223172175,2.6687866162699194,0.000517040378947656,4.95152346551566e-07,8.159284913155557e-06,0.0001880115764143006,0.0007240999368487222,1.8806929880379944e-05,0.2733064791202248,0.2624850089987913,1.8806929880379944e-05,0.0,0.7247117299316248,1.2268366364604577,0.3837237176180836,0.11840118891074926,0.0,137.56626552580485,95.04716566255063,0.04251909986325422,313.4581829632437,3.3685651969782975,0.9655609848857353,7.336834827547491e-07,1.0638410499943862e-08,0.0001348638236875867,0.01614218630995634,0.0
310.0,26.04,216.1,False,2,885.2000000010252,314.2249529857625,2.6660373450334416,0.0005169615663689983,5.057931492391471e-07,8.156469123810578e-06,0.00018798638573440442,0.0007240029182388546,1.8803434581133255e-05,0.2726361819446713,0.26188296484285284,1.8803434581133255e-05,0.0,0.7246549414387063,1.2268335004671589,0.38368174432343327,0.11849681470501927,0.0,137.58105324936082,95.23955871505204,0.04234149453430878,313.4992904837449,3.368755518577802,0.9655675387504864,7.340144293989783e-07,1.0643209226285185e-08,0.0001348641341802556,0.01614216882261923,0.0
311.0,26.04,216.1,False,2,911.2400000010142,314.26720648190707,2.663296201467547,0.0005168830631397404,5.164387220321474e-07,8.153654679103922e-06,0.00018796130897134043,0.0007239063383669034,1.879994524794736e-05,0.2719701194211459,0.26128485242463617,1.879994524794736e-05,0.0,0.7245978902462874,1.226830383414396,0.38363994613389585,0.1185925470342128,0.0,137.59590937986673,95.43115088033738,0.04216475849952934,313.5402268832663,3.368945045475365,0.9655740640096668,7.343414197944458e-07,1.0647950587019465e-08,0.00013486444238287269,0.016142151240109728,0.0
312.0,26.04,216.1,False,2,937.2800000010033,314.3092836722426,2.6605632305560225,0.000516804866993324,5.270890080467748e-07,8.150842206863745e-06,0.00018793634543275473,0.0007238101945663083,1.8796462237180933e-05,0.2713082754153616,0.2606906425970419,1.8796462237180933e-05,0.0,0.724540582203572,1.2268272849142514,0.38359832219920464,0.11868838051147475,0.0,137.61083239418983,95.6219460562717,0.041988886337918134,313.5809929946424,3.36913378155806,0.9655805608128589,7.346645203901065e-07,1.0652635545656544e-08,0.00013486474834240557,0.016142133569758806,0.0
313.0,26.04,216.1,False,2,963.3200000009923,314.35118541797345,2.6578384738644325,0.0005167269757091819,5.377439513482197e-07,8.148032299726894e-06,0.00018791149443474057,0.0007237144842030442,1.8792985885013972e-05,0.2706506328610498,0.2601003062705253,1.8792985885013972e-05,0.0,0.7244830229934827,1.226824204594724,0.38355687167409686,0.1187843099271444,0.0,137.62582081249707,95.81194811664064,0.04181387269585643,313.62158964556266,3.369321730688794,0.9655870293086414,7.349837956357803e-07,1.0657265036718815e-08,0.0001348650521037836,0.016142115818538003,0.0
314.0,26.04,216.1,False,2,989.3600000009814,314.3929125749831,2.655121969707437,0.0005166493871109145,5.484034969222951e-07,8.145225516846776e-06,0.00018788675530158233,0.0007236192046746336,1.8789516508436433e-05,0.26999717382569793,0.2595138144249498,1.8789516508436433e-05,0.0,0.7244252181398104,1.2268211420989794,0.38351559371826377,0.11888033024090529,0.0,137.64087319639333,96.00116091144531,0.04163971228494802,313.66201765863485,3.3695088967066114,0.9655934696446021,7.352993080683796e-07,1.0661839966991505e-08,0.00013486535371041823,0.01614209799307672,0.0
315.0,26.04,216.1,False,2,1015.4000000009704,314.4344659938974,2.6524137533080383,0.0005165720990645502,5.590675906482941e-07,8.142422385523694e-06,0.00018786212736551132,0.0007235243534092075,1.878605440618975e-05,0.2693478795728601,0.25893113812066976,1.878605440618975e-05,0.0,0.7243671730140416,1.2268180970846434,0.3834744874963026,0.11897643657429927,0.0,137.65598814714352,96.18958826718634,0.04146639987995718,313.7022778514454,3.369695283426967,0.9655998819673494,7.3561111839412e-07,1.066636121671474e-08,0.0001348656532038344,0.016142080099678647,0.0
316.0,26.04,216.1,False,2,1041.4400000009746,314.4758465201481,2.649713856949201,0.0005164951094768781,5.697361792730178e-07,8.139623402761207e-06,0.00018783760996647097,0.0007234299278646007,1.878259985966482e-05,0.26870273062117656,0.2583522485088657,1.878259985966482e-05,0.0,0.7243088928418725,1.226815069223122,0.3834335521776679,0.1190726242035814,0.0,137.67116430397635,96.37723398714674,0.04129393031682962,313.74237103661994,3.3698808946420256,0.965606266422524,7.359192855670103e-07,1.067082964072165e-08,0.00013486595062393077,0.016142062144337447,0.0
317.0,26.04,216.1,False,2,1067.4800000009864,314.51705499403295,2.6470223101181407,0.0005164184162938562,5.804092103859129e-07,8.136829036750976e-06,0.00018781320245189262,0.0007233359255274882,1.8779153133757113e-05,0.2680617068002753,0.2577771168411945,1.8779153133757113e-05,0.0,0.7242503827094227,1.2268120581989548,0.38339278693662515,0.11916888855290692,0.0,137.6864003424663,96.56410185166239,0.04112229849080391,313.7822980218812,3.3700657341209177,0.96561262315481,7.362238668636605e-07,1.0675246069523078e-08,0.00013486624600923987,0.016142044132751707,0.0
318.0,26.04,216.1,False,2,1093.5200000009982,314.5580922507728,2.644339139643682,0.0005163420174990947,5.910866323952647e-07,8.134039728289118e-06,0.00018778890417648183,0.0007232423439125611,1.8775714477681048e-05,0.26742478730371483,0.25720571447879836,1.8775714477681048e-05,0.0,0.724191647569158,1.2268090637092004,0.3833521909522079,0.11926522518783444,0.0,137.70169497299122,96.7501956183754,0.04095149935461582,313.82205961010305,3.3702498056100034,0.9656189523079455,7.365249179545543e-07,1.0679611310341037e-08,0.00013486653939653783,0.01614202607033916,0.0
319.0,26.04,216.1,False,2,1119.56000000101,314.59895912057027,2.6416643698269504,0.0005162659111123982,6.017683945054052e-07,8.131255892127646e-06,0.00018776471450201207,0.0007231491805617339,1.8772284125746526e-05,0.2667919507390603,0.25663801290065436,1.8772284125746526e-05,0.0,0.7241326922455513,1.2268060854628482,0.3833117634081708,0.11936162980912605,0.0,137.71704693925838,96.93551902249769,0.04078152791676069,313.86165659936677,3.3704331128331346,0.9656252540247334,7.368224929721484e-07,1.0683926148096153e-08,0.00013486683082132144,0.0161420079622503,0.0
320.0,26.04,216.1,False,2,1145.6000000010217,314.63965642866305,2.6389980225657745,0.0005161900951883816,6.12454446694885e-07,8.128477918263111e-06,0.0001877406327971287,0.0007230564330433883,1.8768862298097723e-05,0.2661631751753073,0.2560739837113733,1.8768862298097723e-05,0.0,0.7240735214404703,1.226803123180258,0.38327150349294925,0.11945809824683848,0.0,137.7324550169015,97.12007577704857,0.040612379239852926,313.9010897830119,3.370615659491892,0.965631528447052,7.371166445756553e-07,1.0688191346347002e-08,0.0001348671203178298,0.01614198981338127,0.0
321.0,26.04,216.1,False,2,1171.6400000010335,314.6801849953767,2.636340117473054,0.0005161145678151452,6.231447396955588e-07,8.125706173164858e-06,0.00018771665843716115,0.0007229640989516496,1.876544920141705e-05,0.2655384381877075,0.25551359864842854,1.876544920141705e-05,0.0,0.7240141397383207,1.2268001765926266,0.38323141039961806,0.11955462645468781,0.0,137.74791801214124,97.3038695730905,0.040444048439050743,313.94035994968664,3.3707974492658233,0.9656377757158641,7.374074240128439e-07,1.0692407648186237e-08,0.00013486740791878414,0.0161419716283862,0.0
322.0,26.04,216.1,False,2,1197.6800000010453,314.7205456361793,2.6336906719893918,0.0005160393271130028,6.338392249725465e-07,8.122941000947444e-06,0.00018769279080394212,0.0007228721759056907,1.8762045029596203e-05,0.26491771690015803,0.25495682958882265,1.8762045029596203e-05,0.0,0.7239545516109622,1.22679724544148,0.38319148332584757,0.11965121050467012,0.0,137.7634347605054,97.48690407997327,0.04027653068053212,313.9794678833999,3.3709784858126888,0.9656439959712273,7.376948811791102e-07,1.0696575777097098e-08,0.00013486769365586484,0.016141953411688947,0.0
323.0,26.04,216.1,False,2,1223.720000001057,314.76073916172805,2.6310497014902547,0.0005159643712332789,6.445378547050343e-07,8.120182724486348e-06,0.00018766902928563556,0.0007227806615490698,1.8758649964373673e-05,0.26430098802528923,0.25440364855531716,1.8758649964373673e-05,0.0,0.7238947614223774,1.2267943294781891,0.3831517214738682,0.11974784658194343,0.0,137.7790041256129,97.66918294554284,0.040109821180070046,314.01841436356597,3.371158772768669,0.9656501893523036,7.37979064673488e-07,1.0700696437765576e-08,0.00013486797755945124,0.016141935167494282,0.0
324.0,26.04,216.1,False,2,1249.7600000010689,314.80076637792143,2.62841721938796,0.0005158896983571482,6.55240581767867e-07,8.117431646482956e-06,0.00018764537327657099,0.000722689553549092,1.8755264175943395e-05,0.2636882279023137,0.25385402772212523,1.8755264175943395e-05,0.0,0.723834773433142,1.2267914284635049,0.38311212405042794,0.119844530979935,0.0,137.7946249980098,97.85070979637206,0.03994391520163774,314.0572001650539,3.3713383137485975,0.9656563559973683,7.382600218523677e-07,1.0704770316859332e-08,0.0001348682596588385,0.016141916899798516,0.0
325.0,26.04,216.1,False,2,1275.8000000010807,314.84062808594473,2.625793237228662,0.0005158153066945345,6.659473597139014e-07,8.114688050478674e-06,0.00018762182217708562,0.000722598849596201,1.8751887823533082e-05,0.2630794125328115,0.25330793942020424,1.8751887823533082e-05,0.0,0.7237745918046773,1.226788542167121,0.38307269026675655,0.11994126009568722,0.0,137.810296294062,98.03148823796701,0.03977880805609499,314.0958260582316,3.371517112346172,0.9656624960438194,7.385377988804503e-07,1.070879808376653e-08,0.00013486853998221585,0.016141898612399667,0.0
326.0,26.04,216.1,False,2,1301.8400000010924,314.88032508231703,2.623177764784637,0.0005157411944830568,6.766581427570778e-07,8.111952201820955e-06,0.00018759837539337258,0.0007225085474033947,1.8748521055955067e-05,0.2624745176144838,0.25276535614209905,1.8748521055955067e-05,0.0,0.72371422060331,1.2267856703672535,0.3830334193385278,0.12003803042541558,0.0,137.82601695489802,98.21152185497327,0.039614495099924756,314.1342928090096,3.371695172134155,0.9656686096281858,7.388124407794411e-07,1.0712780391301897e-08,0.00013486881855681847,0.016141880308907106,0.0
327.0,26.04,216.1,False,2,1327.8800000011042,314.91985815893514,2.6205708101420906,0.0005156673599870256,6.873728857561872e-07,8.109224348583659e-06,0.000187575032337336,0.0007224186447056675,1.8745164012130582e-05,0.2618735185730342,0.25222625054640413,1.8745164012130582e-05,0.0,0.7236536638041422,1.2267828128502425,0.3829943104858243,0.12013483856027606,0.0,137.84178594540134,98.39081421137439,0.03945097173402695,314.1726011788839,3.371872496664578,0.9656746968861362,7.390839914743775e-07,1.0716717876378475e-08,0.00013486909540877563,0.016141861992750754,0.0
328.0,26.04,216.1,False,2,1353.920000001116,314.9592281031205,2.6179723797846557,0.000515593801496475,6.980915441992882e-07,8.106504722445004e-06,0.00018755179242645138,0.0007223291392594713,1.8741816821589722e-05,0.26127639059223606,0.2516905954618097,1.8741816821589722e-05,0.0,0.7235929252947464,1.2267799694101709,0.38295536293309906,0.12023168118232545,0.0,137.857602253248,98.56936885069985,0.039288233402548146,314.2107519249801,3.372049089468951,0.9656807579524879,7.393524938379684e-07,1.0720611160650542e-08,0.0001348693705633926,0.01614184366718986,0.0
329.0,26.04,216.1,False,2,1379.9600000011278,314.99843569765756,2.6153824786728204,0.0005155205173262542,7.08814074188759e-07,8.103793539521496e-06,0.00018752865508363253,0.0007222400288422044,1.8738479604945194e-05,0.2606831086423105,0.2511583638908567,1.8738479604945194e-05,0.0,0.7235320088786741,1.2267771398485006,0.3829165759091447,0.12032855506068188,0.0,137.87346488799324,98.74718929619647,0.039126275591796766,314.2487458000902,3.3722249540584297,0.9656867929612141,7.396179897325308e-07,1.0724460851121698e-08,0.00013486964404506394,0.016141825335321307,0.0
330.0,26.04,216.1,False,2,1406.0000000011396,315.0374817208386,2.6128011103195004,0.0005154475058151458,7.195404324269321e-07,8.101091001163552e-06,0.00018750561973710352,0.0007221513112517175,1.8735152474345262e-05,0.2600936475066343,0.25062952901328706,1.8735152474345262e-05,0.0,0.7234709182788206,1.22677432397373,0.3828779486470566,0.12042545704785286,0.0,137.88937288019508,98.92427905102899,0.038965093829166096,314.2865835527153,3.372400093924025,0.9656928020454525,7.398805200502786e-07,1.072826754072904e-08,0.0001348699158772301,0.016141807000087573,0.0
331.0,26.04,216.1,False,2,1432.0400000011514,315.0763669465037,2.610228276861868,0.0005153747653250303,7.302705762023107e-07,8.098397294712968e-06,0.00018748268582027602,0.0007220629843058412,1.873183553390364e-05,0.2595079818069493,0.25010406418911085,1.873183553390364e-05,0.0,0.7234096571406169,1.2267715216010608,0.3828394803841999,0.12052238407624402,0.0,137.90532528058333,99.10064159845587,0.03880468368212746,314.3242659271032,3.3725745125367754,0.9656987853375132,7.401401247515415e-07,1.0732031808897353e-08,0.00013487018608259425,0.016141788664284295,0.0
332.0,26.04,216.1,False,2,1458.0800000011632,315.11509214407914,2.6076639791297245,0.0005153022942400891,7.410044633763215e-07,8.09571259422333e-06,0.0001874598527716317,0.0007219750458419336,1.8728528880108624e-05,0.2589260860270897,0.24958194296137826,1.8728528880108624e-05,0.0,0.7233482290350841,1.2267687325520915,0.3828011703621783,0.12061933315482903,0.0,137.92132115926407,99.27628040200337,0.038645040757260704,314.3617936632858,3.37274821334792,0.9657047429688856,7.403968429011975e-07,1.0735754222067364e-08,0.00013487045468312236,0.01614177033056743,0.0
333.0,26.04,216.1,False,2,1484.120000001175,315.15365807861684,2.6051082167104744,0.0005152300909660413,7.517420523705808e-07,8.093037061146216e-06,0.00018743712003460992,0.0007218874937164469,1.87252326022124e-05,0.2583479345353121,0.24906313905864846,1.87252326022124e-05,0.0,0.7232866374617356,1.2267659566545135,0.38276301782680094,0.12071630136597702,0.0,137.937359604964,99.45119890563944,0.038486160699324555,314.39916749711597,3.372921199789079,0.9657106750702468,7.406507127034368e-07,1.0739435334199835e-08,0.00013487072169993466,0.016141752001460143,0.0
334.0,26.04,216.1,False,2,1510.1600000011867,315.19206551083374,2.6025609880109464,0.0005151581539294118,7.62483302154658e-07,8.090370844984687e-06,0.0001874144870574988,0.0007218003258045087,1.872194678260209e-05,0.257773501605305,0.24854762639718636,1.872194678260209e-05,0.0,0.7232248858513524,1.2267631937418273,0.38272502202804937,0.12081328586242557,0.0,137.9534397243078,99.62540053394916,0.03832803919035864,314.4363881603051,3.3730934752724266,0.9657165817714681,7.409017715349489e-07,1.074307568725676e-08,0.0001348709871535226,0.016141733679359282,0.0
335.0,26.04,216.1,False,2,1536.2000000011985,315.23031519714436,2.6000222903161627,0.0005150864815768448,7.73228172234304e-07,8.087714083913801e-06,0.00018739195329333175,0.0007217135399995229,1.8718671497150764e-05,0.2572027614359792,0.24803537908296022,1.8718671497150764e-05,0.0,0.7231629775686197,1.2267604436530772,0.3826871822200509,0.12091028386440675,0.0,137.96956064113138,99.79888869228068,0.038170671948850696,314.4734563804545,3.3732650431908406,0.965722463201623,7.411500559762947e-07,1.0746675811656273e-08,0.00013487125106359694,0.016141715366541607,0.0
336.0,26.04,216.1,False,2,1562.2400000012103,315.26840788970173,2.5974921198452474,0.0005150150723744303,7.839766226401277e-07,8.085066905372694e-06,0.00018736951819978777,0.0007216271342127863,1.8715406815553937e-05,0.2566356881700072,0.24752637141331688,1.8715406815553937e-05,0.0,0.723100915914653,1.2267577062325898,0.38264949766104356,0.12100729265689339,0.0,137.98572149582432,99.97166676692645,0.03801405472889788,314.51037288109376,3.373435906918082,0.9657283194889932,7.413956018421918e-07,1.075023622671178e-08,0.00013487151344930472,0.016141697065169696,0.0
337.0,26.04,216.1,False,2,1588.280000001222,315.3063443364299,2.594970471804552,0.0005149439248070748,7.947286139166983e-07,8.082429426627273e-06,0.00018734718123909535,0.0007215411063731176,1.8712152801647566e-05,0.25607225591131233,0.24702057787850615,1.8712152801647566e-05,0.0,0.7230387041293882,1.2267549813297274,0.38261196761334915,0.12110430958698999,0.0,138.00192144470728,100.14373812526821,0.03785818331943906,314.5471383817121,3.3736060698089436,0.9657341507610765,7.416384442100364e-07,1.0753757441045528e-08,0.00013487177432920747,0.01614167877729752,0.0
338.0,26.04,216.1,False,2,1614.320000001234,315.344125281058,2.5924573404382087,0.0005148730373778977,8.054841071120546e-07,8.079801755304554e-06,0.00018732494187794128,0.0007214554544265069,1.870890951371093e-05,0.25551243874143237,0.24651797316297075,1.870890951371093e-05,0.0,0.7229763453938772,1.2267522687986607,0.3825745913433436,0.1212013320614399,0.0,138.01815965943433,100.31510611592917,0.037703053543505165,314.58375359779063,3.3737755351994028,0.9657399571445928,7.418786174472147e-07,1.0757239952984614e-08,0.00013487203372119453,0.01614166050487582,0.0
339.0,26.04,216.1,False,2,1640.3600000012457,315.38175146315496,2.5899527190761753,0.0005148024086076508,8.162430637675957e-07,8.077183989901977e-06,0.00018730279958738207,0.0007213701763357739,1.87056770047551e-05,0.25495621073488645,0.24601853214642536,1.87056770047551e-05,0.0,0.7229138428324606,1.2267495684981398,0.38253736812142825,0.12129835754425092,0.0,138.0344353264272,100.48577406892802,0.03754866125749918,314.62021924083535,3.3739443064067745,0.9657457387654909,7.421161552371587e-07,1.0760684250938803e-08,0.00013487229164256976,0.016141642249757192,0.0
340.0,26.04,216.1,False,2,1666.4000000012575,315.41922361816324,2.5874566001799337,0.000514732037034165,8.270054459083489e-07,8.074576220272134e-06,0.00018728075384275846,0.0007212852700802395,1.8702455322797154e-05,0.25440354597359954,0.24552222990475572,1.8702455322797154e-05,0.0,0.7228511995148561,1.2267468802912886,0.3825002972220002,0.12139538355443241,0.0,138.05074764633144,100.6557452958285,0.03739500235050295,314.6565360184091,3.374112386729867,0.965751495748955,7.423510906041897e-07,1.076409081376075e-08,0.00013487254811022503,0.016141624013700888,0.0
341.0,26.04,216.1,False,2,1692.4400000012693,315.45654247742976,2.5849689753859137,0.0005146619212118255,8.377712160335795e-07,8.071978528082511e-06,0.0001872588041236148,0.0007212007336554144,1.8699244511120313e-05,0.2538544185604034,0.24502904171075826,1.8699244511120313e-05,0.0,0.72278841845813,1.2267442040454002,0.3824633779234258,0.12149240766384437,0.0,138.0670958335029,100.82502308987792,0.037242072743624975,314.69270463416115,3.3742797794491146,0.9657572282194115,7.425834559370867e-07,1.0767460111087758e-08,0.00013487280314035833,0.016141605798377447,0.0
342.0,26.04,216.1,False,2,1718.480000001281,315.4937087682386,2.582489835546798,0.0005145920597110657,8.485403371077432e-07,8.069390987253609e-06,0.00018723694991362014,0.0007211165650726958,1.869604460852186e-05,0.2533088026316796,0.24453894303469476,1.869604460852186e-05,0.0,0.722725502628589,1.2267415396317454,0.38242660950801255,0.12158942749514383,0.0,138.0834791155154,100.99361072615197,0.037089868389363415,314.72872578785814,3.3744464878267335,0.9657629363005344,7.42813283011663e-07,1.0770792603669114e-08,0.00013487305674884237,0.016141587605373063,0.0
343.0,26.04,216.1,False,2,1744.5200000012928,315.5307232138417,2.580019170770789,0.0005145224511178881,8.593127725517519e-07,8.066813664374713e-06,0.0001872151907004928,0.0007210327623590756,1.8692855649548292e-05,0.25276667236917916,0.24405190954470388,1.8692855649548292e-05,0.0,0.7226624549435798,1.2267388869253943,0.3823899912619828,0.12168644071983174,0.0,138.09989673269178,101.16151146169143,0.036938385271000344,314.7646001754133,3.3746125151068465,0.9657686201152523,7.430406030122206e-07,1.0774088743677199e-08,0.00013487330895100777,0.016141569436193732,0.0
344.0,26.04,216.1,False,2,1770.5600000013046,315.5675865334888,2.577556970458946,0.0005144530940334052,8.700884862345479e-07,8.064246619099531e-06,0.00018719352597592798,0.0007209493235568645,1.8689677664719092e-05,0.25222800201108775,0.2435679171070734,1.8689677664719092e-05,0.0,0.7225992782731993,1.2267362458050375,0.3823535224754467,0.12178344505639165,0.0,138.11634793765887,101.32872853563546,0.03678761940202341,314.80032848891494,3.3747778645156323,0.9657742797857538,7.43265446552004e-07,1.077734897500406e-08,0.0001348735597617298,0.01614155129226921,0.0
345.0,26.04,216.1,False,2,1796.6000000013164,315.6042994424584,2.5751032233406597,0.0005143839870733977,8.808674424649612e-07,8.061689904522602e-06,0.00018717195523552786,0.0007208662467234191,1.868651068073949e-05,0.25169276586234546,0.24308694178635362,1.868651068073949e-05,0.0,0.7225359754419329,1.2267336161528255,0.3823172024423759,0.12188043826851672,0.0,138.13283199492062,101.49526516935913,0.03663756682556149,314.8359114166558,3.3749425392614505,0.9657799154334933,7.434878436927472e-07,1.0780573733544835e-08,0.00013487380919545,0.01614153317495679,0.0
346.0,26.04,216.1,False,2,1822.6400000013282,315.6408626520873,2.5726579175074162,0.0005143151288678957,8.91649605983854e-07,8.059143567536544e-06,0.0001871504779787345,0.0007207835299308861,1.8683354720702742e-05,0.251160938304277,0.24260895984536235,1.8683354720702742e-05,0.0,0.7224725492302103,1.2267309978542076,0.38228103046057715,0.12197741816342013,0.0,138.1493481804532,101.66112456660458,0.036488223613848604,314.87134964316107,3.3751065425349833,0.9657855271791979,7.437078239632888e-07,1.0783763447467688e-08,0.00013487405726624133,0.016141515085544875,0.0
347.0,26.04,216.1,False,2,1848.68000000134,315.67727686979646,2.5702210404448538,0.0005142465180607831,9.024349419565162e-07,8.056607649170737e-06,0.00018712909370876483,0.0007207011712659508,1.868020980428099e-05,0.2506324938035777,0.24213394774508956,1.868020980428099e-05,0.0,0.722409002375884,1.226728390797787,0.38224500583167004,0.12207438259023302,0.0,138.16589578131976,101.82630991359574,0.036339585867724025,314.90664384921297,3.375269877509348,0.9657911151428716,7.439254163771686e-07,1.0786918537468946e-08,0.00013487430398774307,0.01614149702525635,0.0
348.0,26.04,216.1,False,2,1874.7200000013518,315.71354279912464,2.5677925790632674,0.0005141781533094035,9.132234159653209e-07,8.05408218491562e-06,0.0001871078019325485,0.0007206191688295978,1.8677075947909614e-05,0.25010740692065403,0.24166188214442177,1.8677075947909614e-05,0.0,0.7223453375756553,1.2267257948751762,0.38220912786105626,0.12217132943846466,0.0,138.1824740952993,101.99082437918827,0.036191649716111045,314.9417947118827,3.375432547340251,0.9657966794438024,7.441406494497778e-07,1.079003941702178e-08,0.00013487454937320415,0.016141478995251875,0.0
349.0,26.04,216.1,False,2,1900.7600000013636,315.7496611397517,2.5653725197266066,0.0005141100332842044,9.240149940026174e-07,8.051567205028002e-06,0.00018708660216066794,0.0007205375207368802,1.8673953164958846e-05,0.2495856523174155,0.2411927398998454,1.8673953164958846e-05,0.0,0.7222815574864108,1.2267232099808618,0.38217339585789967,0.12226825663655141,0.0,138.1990824305386,102.15467111497317,0.036044411315565426,314.9768029045527,3.375594555166083,0.9658022202005669,7.443535512142725e-07,1.0793126492606953e-08,0.00013487479343554827,0.016141460996632887,0.0
350.0,26.04,216.1,False,2,1926.8000000013753,315.7856325875274,2.5629608482800355,0.0005140421566683825,9.348096424638495e-07,8.049062734822427e-06,0.0001870654939072997,0.0007204562251166949,1.867084146589902e-05,0.24906720476448063,0.24072649806500568,1.867084146589902e-05,0.0,0.7222176647265095,1.2267206360120764,0.3821378091351004,0.12236516215046639,0.0,138.2157201052169,102.31785325540409,0.0358978668498128,315.01166909694365,3.37575590410806,0.9658077375310359,7.44564149237022e-07,1.0796180163936819e-08,0.0001348750361874606,0.016141443030444593,0.0
351.0,26.04,216.1,False,2,1952.8400000013871,315.82145783449903,2.5605575500761284,0.0005139745221575491,9.456073281408951e-07,8.046568794948116e-06,0.00018704447669015968,0.0007203752801115689,1.8667740858457142e-05,0.2485520391478713,0.24026313389017445,1.8667740858457142e-05,0.0,0.7221536618770077,1.2267180728686742,0.38210236700926986,0.12246204398239663,0.0,138.23238644722716,102.48037391792063,0.03575201252930653,315.046393955141,3.3759165972703435,0.96581323155238,7.447724706322896e-07,1.07992008241682e-08,0.00013487527764110586,0.016141425097678696,0.0
352.0,26.04,216.1,False,2,1978.880000001399,315.8571375689382,2.5581626099997927,0.0005139071284594093,9.564080182156134e-07,8.044085401651606e-06,0.00018702355003044835,0.0007202946838774504,1.8664651347765342e-05,0.24804013047520795,0.2398026248216398,1.8664651347765342e-05,0.0,0.722089551482829,1.2267155204530193,0.3820670688007068,0.12255890016948344,0.0,138.2490807938713,102.6422362030677,0.03560684459080359,315.08097814162045,3.3760766377401543,0.9658187023810749,7.44978542076248e-07,1.0802188860105597e-08,0.0001348755178084103,0.016141407199276057,0.0
353.0,26.04,216.1,False,2,2004.9200000014107,315.89267247536503,2.555776012491946,0.0005138399742934587,9.672116802535852e-07,8.04161256702582e-06,0.00018700271345279895,0.0007202144345835095,1.8661572936501542e-05,0.24753145388145248,0.23934494850103724,1.8661572936501542e-05,0.0,0.7220253360538688,1.2267129786698712,0.38203191383337554,0.12265572878262686,0.0,138.26580249157254,102.80344319460171,0.03546235929697083,315.1154223152705,3.376236028587891,0.9658241501329068,7.451823898202309e-07,1.0805144652393348e-08,0.00013487575670101826,0.0161413893361292,0.0
354.0,26.04,216.1,False,2,2030.9600000014225,315.9280632345748,2.553397741572047,0.0005137730583906894,9.780182821980493e-07,8.03915029924701e-06,0.00018698196648522707,0.0007201345304119427,1.8658505625023604e-05,0.24702598463418765,0.2388900827645802,1.8658505625023604e-05,0.0,0.721961018066054,1.2267104474262789,0.38199690143488224,0.12275252792534264,0.0,138.2825508955995,102.96399795960949,0.035318552935990025,315.14972713141805,3.3763947728672394,0.9658295749229764,7.453840397035028e-07,1.080806857570079e-08,0.00013487599433029216,0.016141371509084707,0.0
355.0,26.04,216.1,False,2,2057.0000000014343,315.96331052366503,2.5510277808594894,0.0005137063794933066,9.888277923640154e-07,8.036698602800062e-06,0.0001869613086590827,0.0007200549695577885,1.8655449411496986e-05,0.24652369813848005,0.2384380056422128,1.8655449411496986e-05,0.0,0.7218965999623616,1.226707926631483,0.38196203093644904,0.12284929573267248,0.0,138.299325369801,103.12390354862985,0.03517542182117116,315.1838932418542,3.3765528736153043,0.965834976865706,7.455835171655067e-07,1.0810960998899847e-08,0.00013487623070735592,0.01614135371894547,0.0
356.0,26.04,216.1,False,2,2083.040000001446,315.9984150160576,2.548666113593968,0.0005136399363544657,9.9964017943255e-07,8.034257478691227e-06,0.00018694073950900237,0.0007199757502287444,1.8652404292014695e-05,0.24602456994137145,0.23798869535674558,1.8652404292014695e-05,0.0,0.7218320841537704,1.2267054161968203,0.38192730167289546,0.12294603037015445,0.0,138.31612528635813,103.2831629957494,0.03503296229060874,315.2179212948549,3.3767103338527,0.9658403560748424,7.45780847257313e-07,1.0813822285231039e-08,0.0001348764658429865,0.016141335966472842,0.0
357.0,26.04,216.1,False,2,2109.080000001458,316.0333773815254,2.546312722654828,0.0005135737277380121,1.0104554124452271e-06,8.031826924651272e-06,0.0001869202585728646,0.0007198968706449932,1.8649370260712424e-05,0.2455285757359746,0.2375421303228834,1.8649370260712424e-05,0.0,0.7217674730201854,1.2267029160356322,0.3818927129826131,0.12304273003283377,0.0,138.33295002554368,103.4417793187227,0.03489117070682099,315.2518119352064,3.376867156583674,0.9658457126634634,7.459760546527862e-07,1.0816652792465399e-08,0.00013487669974774404,0.016141318252388705,0.0
358.0,26.04,216.1,False,2,2135.1200000014696,316.06819828621536,2.5439675905794745,0.0005135077524182374,1.021273460798729e-06,8.029406935327305e-06,0.00018689986539174579,0.0007198183290390352,1.8646347309877185e-05,0.2450356913652276,0.23709828914623093,1.8646347309877185e-05,0.0,0.7217027689113075,1.2267004260631784,0.3818582642075447,0.12313939294432619,0.0,138.3497989754955,103.59975551907432,0.03475004345642118,315.28556580422725,3.3770233447962106,0.9658510467439819,7.461691636591148e-07,1.0819452873057165e-08,0.00013487693243195015,0.016141300577377386,0.0
359.0,26.04,216.1,False,2,2161.1600000014814,316.1028783926736,2.541630699580872,0.0005134420091796424,1.032094294239615e-06,8.026997502465404e-06,0.00018687955950987743,0.0007197401236555214,1.8643335430050666e-05,0.24454589282531008,0.23665715062222642,1.8643335430050666e-05,0.0,0.7216379741474723,1.2266979461965568,0.3818239546931611,0.12323601735592335,0.0,138.36667153199818,103.75709458220935,0.034609576949788834,315.3191835397919,3.3771789014621416,0.9658563584281508,7.463601982269395e-07,1.0822222874290624e-08,0.0001348771639056879,0.01614128294208753,0.0
360.0,10.0,120.0,False,2,2187.200000001493,316.1374183598667,2.539302031564172,0.0005133764968167163,1.0429178828592104e-06,8.024598615083285e-06,0.00018685934047460562,0.0007196622527510992,1.8640334610126754e-05,0.2440591562687646,0.2362186937350572,1.8640334610126754e-05,0.0,0.8236154522015342,1.226695476354622,0.355717273943508,0.04736275020957992,0.0,42.938454779846566,59.60626458979791,-0.016667809809951344,316.0849249844351,6.08201533802499,0.9977164301527998,7.465491819598951e-07,1.0824963138418479e-08,5.17559515328175e-05,0.008953713790215598,0.0
361.0,10.0,120.0,False,2,2197.2000000015296,316.1206845830028,2.532734998595634,0.0005134335979162386,1.0537117548567737e-06,7.98393616178634e-06,0.00018806574516890958,0.0007197140523441692,1.743110354697098e-05,0.2430217426795847,0.22107606728082282,1.743110354697098e-05,0.0,0.8244774360283177,1.227655432839266,0.3556413128615401,0.047536683949408146,0.0,42.85225639716822,59.562855558940825,-0.016710599161772605,316.0682223295513,6.081880169461372,0.9977161214650816,7.420703226837831e-07,1.0760019678914855e-08,5.189021428260703e-05,0.008962883597064923,0.0
362.0,10.0,120.0,False,2,2207.200000001566,316.10400287720853,2.526168949838966,0.0005135018302873448,1.0644396807905647e-06,7.932548627931992e-06,0.0001880868491422032,0.0007197946000313388,1.7378277879969078e-05,0.2416551426836777,0.22058643839189346,1.7378277879969078e-05,0.0,0.8243302636729548,1.2277003509837547,0.3556583151923884,0.04771177211841148,0.0,42.86697363270451,59.51958162970629,-0.01665260799700178,316.0515716582233,6.081745421506425,0.9977158136963845,7.37649573261488e-07,1.0695918812291577e-08,5.1888603606214424e-05,0.00896235530891787,0.0
363.0,10.0,120.0,False,2,2217.2000000016023,316.08737890805975,2.5198503481180206,0.0005135680364457442,1.0751047010532442e-06,7.883157673771909e-06,0.00018810746185834182,0.0007198734897730479,1.7327437552088517e-05,0.24034636051477604,0.22012048034143086,1.7327437552088517e-05,0.0,0.824186699470936,1.227743754475844,0.35567529169507084,0.04788176330983716,0.0,42.881330052906385,59.4764574989022,-0.016595127445995814,316.03497862539666,6.0816111399243455,0.9977155069516394,7.333931649314742e-07,1.0634200891506376e-08,5.188650941635384e-05,0.008961846667150618,0.0
364.0,10.0,120.0,False,2,2227.2000000016387,316.0708121682257,2.513769982324835,0.0005136321963203455,1.0857091433684435e-06,7.835781851827438e-06,0.00018812764780083235,0.0007199507460595455,1.7278495022354633e-05,0.23909612463110827,0.2196771496830799,1.7278495022354633e-05,0.0,0.8240466888195735,1.2277857014243727,0.3556922378762986,0.04804677472850056,0.0,42.895331118042634,59.43348185022093,-0.016538150732178295,316.01844272459084,6.081477320617118,0.9977152012219064,7.292935734464986e-07,1.0574756814974231e-08,5.188451363134956e-05,0.008961356805409498,0.0
365.0,10.0,120.0,False,2,2237.200000001675,316.0543021573268,2.5079191011238264,0.000513694409254814,1.0962552304086248e-06,7.79032039386896e-06,0.00018814742430887983,0.0007200264352463343,1.723136800927638e-05,0.23790152059016334,0.21925546588059006,1.723136800927638e-05,0.0,0.8239101750500878,1.2278262483649478,0.3557091529237172,0.04820692039114286,0.0,42.90898249499121,59.39065338538997,-0.016481670890398762,316.00196345626466,6.081343959542888,0.9977148964983683,7.253437726661389e-07,1.0517484703659015e-08,5.188261497205988e-05,0.008960884906931503,0.0
366.0,10.0,120.0,False,2,2247.2000000017115,316.0378483819913,2.502289331302847,0.0005137547692787108,1.1067450858036347e-06,7.746677933663798e-06,0.00018816680780842107,0.0007201006202041629,1.7185978609647686e-05,0.23675978820719779,0.2188545003828329,1.7185978609647686e-05,0.0,0.8237771005168839,1.2278654492183005,0.3557260360896271,0.04836231261178961,0.0,42.9222899483116,59.34797082431983,-0.01642568087600823,315.9855403278733,6.0812110527163945,0.9977145927723304,7.215371249032571e-07,1.0462288311097227e-08,5.188080727141272e-05,0.008960430198580465,0.0
367.0,10.0,120.0,False,2,2257.200000001748,316.02145035592326,2.496872657264725,0.0005138133644627734,1.1171807395788003e-06,7.704765146136979e-06,0.00018818581387399066,0.0007201733605449875,1.7142253010488194e-05,0.235668341842061,0.21847337320146776,1.7142253010488194e-05,0.0,0.823647406733759,1.2279033554140888,0.3557428866859862,0.04851306199434354,0.0,42.935259326624085,59.30543290527954,-0.016370173578655455,315.96917285393585,6.081078596209546,0.997714290035223,7.178673545143094e-07,1.0409076640457487e-08,5.187908480230527e-05,0.008959991947987586,0.0
368.0,10.0,120.0,False,2,2267.2000000017842,316.0051075999647,2.491661402352688,0.0005138702773749713,1.1275641332288076e-06,7.664498286129678e-06,0.00018820445728280058,0.0007202447128289676,1.710012122778523e-05,0.23462475708870614,0.21811124981076954,1.710012122778523e-05,0.0,0.8235210345366005,1.2279400160307181,0.3557597040800351,0.04865927741408246,0.0,42.94789654633993,59.2630383850581,-0.01631514183871817,315.95286055609733,6.080946586151898,0.9977139882786018,7.143285238663058e-07,1.0357763596061434e-08,5.1877442281767286e-05,0.008959569460936052,0.0
369.0,10.0,120.0,False,2,2277.2000000018206,315.98881964213484,2.4866482113649924,0.0005139255855045697,1.1378971244568878e-06,7.625798759522214e-06,0.0001882227520647387,0.0007203147307558401,1.7059516864983146e-05,0.23362675838219873,0.21776733828187286,1.7059516864983146e-05,0.0,0.8233979242338908,1.2279754779259693,0.3557764876902735,0.048801066001805,0.0,42.96020757661091,59.220786039066745,-0.016260578462455832,315.9366029631682,6.080815018730984,0.9977136874941492,7.109150111861387e-07,1.0308267662199012e-08,5.187587483108415e-05,0.008959162078944,0.0
370.0,10.0,120.0,False,2,2287.200000001857,315.9725860176575,2.4818260341651297,0.000513979361648169,1.1481814916053776e-06,7.588592732710823e-06,0.00018824071154864886,0.0007203834653420568,1.702037688946998e-05,0.23267220771296318,0.21744088663052877,1.702037688946998e-05,0.0,0.8232780157455362,1.2280097858589478,0.35579323698274773,0.04893853313066394,0.0,42.97219842544637,59.178674661408344,-0.016206476235961973,315.92039961115086,6.080683890192533,0.9977133876736748,7.076214901215325e-07,1.0260511606762223e-08,5.187437793975798e-05,0.008958769177028397,0.0
371.0,10.0,120.0,False,2,2297.2000000018934,315.956406268975,2.4771881103064914,0.0005140316742614192,1.1584189378013342e-06,7.5528107767148704e-06,0.00018825834840520997,0.0007204509650849118,1.6982641425519484e-05,0.23175909434120362,0.21713118036010615,1.6982641425519484e-05,0.0,0.8231612487307873,1.228042982604013,0.3558099514676231,0.04907178240560237,0.0,42.983875126921255,59.13670306491586,-0.0161528279379946,315.90425004325465,6.080553196840585,0.9977130888091158,7.044429108620633e-07,1.021442220749992e-08,5.187294743289484e-05,0.008958390161634307,0.0
371.27999999980943,10.0,120.0,True,3,0.0,315.9518855323804,2.4759216200686454,0.0005215725161966485,1.5716178397861075e-07,1.0208391879012418e-06,0.0001882632305662006,0.0007204696500672563,1.6972319363534885e-05,0.03133155094794257,0.21704737003478988,1.6972319363534885e-05,0.0,0.8233269840372501,1.2282499595360585,0.3558146252237734,0.04910835027503501,0.0,42.96730159627498,59.12497590710098,-0.016157674310826004,315.8997377409553,6.08051668019064,0.9977130052972557,7.059353461994648e-07,1.0236062519892241e-08,0.0,0.008958286356044355,-2.710505431213761e-20
372.0,10.0,120.0,False,3,7.200000001912195,315.9402813704993,2.4696859449748896,0.0005151073474267558,1.6450403688495316e-07,7.497865794210836e-06,0.0001882799433238093,0.0007205336107808545,1.6925646084417633e-05,0.2302552977613233,0.21657383991987364,1.6925646084417633e-05,0.0,0.8230101755372311,1.2281189356517839,0.3558262957825911,0.04928246433196166,0.0,42.99898244627688,59.09487377706792,-0.01609589133079104,315.88815523198696,6.080422946546035,0.9977127909188599,7.021108498391761e-07,1.0180607322668053e-08,5.183819289000975e-05,0.008957822050073314,0.0
373.0,10.0,120.0,False,3,17.200000001912322,315.92421168416405,2.4654916938844935,0.0005151548390529233,1.746634819563125e-07,7.466672992162893e-06,0.0001882968232574946,0.0007205982134430083,1.6891251790906133e-05,0.22947836778446018,0.21630433786044115,1.6891251790906133e-05,0.0,0.8229010567556212,1.2281494356848366,0.3558429468001435,0.04940543212907194,0.0,43.009894324437866,59.05318773652231,-0.016043293412084447,315.87211553851864,6.080293142232436,0.9977124940099854,6.991944224037159e-07,1.0138319124853881e-08,5.186951781300381e-05,0.008957476069255461,0.0
374.0,10.0,120.0,False,3,27.200000001912464,315.90819437801946,2.46146034935765,0.0005152024299972777,1.8478136379120372e-07,7.435471615880623e-06,0.00018831341976174493,0.0007206617312914531,1.6858077020381985e-05,0.2286992375869213,0.21604936936567093,1.6858077020381985e-05,0.0,0.8227949133945633,1.2281789935791045,0.35585956158600895,0.04952451859853229,0.0,43.020508660543655,59.01163759675527,-0.015991128936211615,315.8561281361003,6.080163761024463,0.9977121980305506,6.963776144236207e-07,1.00974754091425e-08,5.18683373396632e-05,0.008957142113974071,0.0
375.0,10.0,120.0,False,3,37.20000000191224,315.8922290259727,2.457585721122516,0.0005152488318875221,1.9485909415483363e-07,7.405416138020745e-06,0.0001883297440909837,0.0007207242074032477,1.6826068644267182e-05,0.22795345219791613,0.21580829541174795,1.6826068644267182e-05,0.0,0.8226916386935362,1.2282076132734425,0.3558761397286779,0.04963983485122846,0.0,43.030836130646364,58.97022225223441,-0.015939386121588045,315.8401925993522,6.0800347994803134,0.9977119029730508,6.936561126647474e-07,1.0058013633638837e-08,5.186716519596599e-05,0.008956819686235436,0.0
376.0,10.0,120.0,False,3,47.20000000191167,315.8763152099132,2.4538624151815087,0.0005152940855243519,2.0489802724548476e-07,7.376465070183227e-06,0.00018834580591456292,0.0007207856787879908,1.6795181163759945e-05,0.22723982482348976,0.2155805725149843,1.6795181163759945e-05,0.0,0.8225911724065854,1.2282353280687721,0.3558926809320203,0.04975147473016643,0.0,43.04088275934145,58.92894061813717,-0.01588805785879572,315.824308510863,6.079906254222662,0.997711608830124,6.910261044567117e-07,1.0019878514622319e-08,5.1866040809292815e-05,0.008956508335672403,0.0
377.0,10.0,120.0,False,3,57.2000000019111,315.860452518789,2.4502852509293573,0.0005153382376043844,2.1489946334064341e-07,7.348571070635479e-06,0.0001883616144507905,0.000720846180728888,1.6765371237429902e-05,0.22655698372783023,0.21536568284028426,1.6765371237429902e-05,0.0,0.8224934549494203,1.2282621700646152,0.3559091849277308,0.04985953018746416,0.0,43.05065450505796,58.88779162795473,-0.01583713712289677,315.80847546026814,6.079778121931201,0.9977113155945335,6.88483962867749e-07,9.983017461582362e-09,5.186496189555495e-05,0.008956207633168331,0.0
378.0,10.0,120.0,False,3,67.20000000191054,315.84464054854294,2.446849247343888,0.0005153813323900196,2.2486465138681507e-07,7.321689271959956e-06,0.00018837717849951323,0.0007209057469074688,1.6736597524093207e-05,0.22590362850298187,0.21516313230224168,1.6736597524093207e-05,0.0,0.8223984271612331,1.228288170034668,0.3559256514728231,0.04996409140061175,0.0,43.06015728387668,58.8467742333257,-0.01578661694944902,315.79269304418574,6.079650399342121,0.9977110232591672,6.860262338266249e-07,9.947380390486062e-09,5.186392604799705e-05,0.008955917169481367,0.0
379.0,10.0,120.0,False,3,77.20000000190997,315.8288789020507,2.4435496137866517,0.000515423411815283,2.3479479143299426e-07,7.295777172873282e-06,0.00018839250646531287,0.0007209644094923683,1.6708820571005367e-05,0.22527852705624848,0.2149724492389188,1.6708820571005367e-05,0.0,0.8223060303624634,1.2283133574911285,0.35594208034785674,0.050065246780808266,0.0,43.06939696375365,58.80588740387606,-0.015736490440122416,315.7769608661549,6.079523083247617,0.9977107318170358,6.836496261303573e-07,9.912919578890182e-09,5.1862931016487604e-05,0.008955636554130583,0.0
380.0,10.0,120.0,False,3,87.2000000019094,315.8131671890507,2.4403817413408846,0.000515464515637933,2.4469103692440766e-07,7.270794483932977e-06,0.0001884076063791241,0.0007210221992220749,1.6682002709681072e-05,0.2246805111547085,0.21479318317636836,1.6682002709681072e-05,0.0,0.8222162064090505,1.228337760746509,0.35595847135529873,0.0501630829821597,0.0,43.078379359094946,58.76513012703696,-0.015686750767942015,315.7612785365658,6.079396170495316,0.9977104412612727,6.813510021484859e-07,9.879589531153046e-09,5.1861974697305774e-05,0.008955365414357055,0.0
381.0,10.0,120.0,False,3,97.20000000190883,315.7975050260706,2.43734119462503,0.000515504681580038,2.545544968660613e-07,7.246702984910985e-06,0.00018842248591844816,0.0007210791454822951,1.665610795852107e-05,0.22410847230613729,0.21462490367388012,1.665610795852107e-05,0.0,0.822128897741434,1.2283614069718383,0.35597482431800087,0.05025768491240332,0.0,43.087110225856584,58.72450140785389,-0.01563739118199731,315.74564567258597,6.079269657987685,0.9977101515851319,6.791273691556161e-07,9.847346852756435e-09,5.186105512164883e-05,0.008955103394153145,0.0
382.0,10.0,120.0,False,3,107.20000000190826,315.78189203634946,2.434423704050775,0.0005155439454576867,2.643862378648475e-07,7.223466393162202e-06,0.00018843715242626333,0.0007211352763783384,1.6631101931733223e-05,0.2235613579577046,0.2144671992438804,1.6631101931733223e-05,0.0,0.8220440474286542,1.228384322251506,0.3559911390777866,0.05034913574506529,0.0,43.09559525713457,58.684000268784814,-0.015588405011650245,315.73006189808297,6.079143542681406,0.9977098627819869,6.769758712432961e-07,9.816150133027795e-09,5.186017044537562e-05,0.008954850153354704,0.0
383.0,10.0,120.0,False,3,117.2000000019077,315.76632784975595,2.431625158497012,0.0005155823413007987,2.7418728605827994e-07,7.201050242013887e-06,0.00018845161292873225,0.0007211906188028905,1.6606951754077503e-05,0.22303816798430584,0.214319676340914,1.6606951754077503e-05,0.0,0.8219615992078716,1.2284065316349626,0.35600741549413567,0.050437516932955284,0.0,43.10384007921283,58.64362574948826,-0.015539785670275428,315.7145268435426,6.079017821586711,0.9977095748453294,6.748937817666977e-07,9.785959835617116e-09,5.185931893940052e-05,0.00895460536679159,0.0
384.0,10.0,120.0,False,3,127.20000000190713,315.7508121027025,2.4289415983733114,0.0005156199014639026,2.8395862893732106e-07,7.179421768299988e-06,0.00018846587415179378,0.0007212451984995216,1.6583625981007346e-05,0.22253795144121147,0.21418195841463772,1.6583625981007346e-05,0.0,0.8218814975196259,1.2284280591854957,0.3560236534429652,0.05052290822290454,0.0,43.1118502480374,58.60337690659985,-0.01549152665856245,315.6990401459831,6.078892491766687,0.9977092877687677,6.728784962853555e-07,9.756738196137656e-09,5.1858498981149914e-05,0.008954368723492114,0.0
385.0,10.0,120.0,False,3,137.2000000019092,315.73534443805494,2.4263692090483597,0.0005156566567286699,2.9370121707018347e-07,7.158549808245467e-06,0.0001884799425367209,0.0007212990401222336,1.656109452381164e-05,0.22205980355806823,0.21405368502214758,1.656109452381164e-05,0.0,0.821803687539122,1.2284489280262734,0.35603985281549505,0.050605387671656205,0.0,43.119631246087785,58.56325281349841,-0.015443621567410623,315.68360144886486,6.0787675503365515,0.9977090015460254,6.70927525960776e-07,9.728449126431253e-09,5.1857709046647556e-05,0.008954139925937505,0.0
386.0,10.0,120.0,False,3,147.20000000191146,315.719924505043,2.4239043146206787,0.000515692636398903,3.034159657334945e-07,7.138404700988336e-06,0.000188493824254718,0.0007213521672913318,1.6539328579399385e-05,0.221602862953602,0.2139345109953303,1.6539328579399385e-05,0.0,0.8217281152038186,1.228469160383825,0.3560560135171907,0.05068503166281565,0.0,43.12718847961813,58.52325256007375,-0.015396064080455624,315.6682104020015,6.0786429944629266,0.9977087161709393,6.69038491377055e-07,9.701058124967298e-09,5.185694770353227e-05,0.00895391868936277,0.0
387.0,10.0,120.0,False,3,157.20000000191374,315.70455195916577,2.421543372010444,0.000515727868388632,3.131037564567121e-07,7.118958199089099e-06,0.00018850752522062874,0.000721404602645895,1.6518300564392185e-05,0.22116630905230086,0.2138241056593485,1.6518300564392185e-05,0.0,0.8216547272375725,1.2284887776291356,0.3560721354667816,0.05076191492478149,0.0,43.13452727624274,58.48337525248084,-0.015348847976238098,315.6528666614648,6.078518821363078,0.9977084316374581,6.672091167530062e-07,9.674532192918592e-09,5.185621360403233e-05,0.008953704741100599,0.0
388.0,10.0,120.0,False,3,167.200000001916,315.68922646209535,2.4192829653528944,0.0005157623793038908,3.2276543848527544e-07,7.100183385443999e-06,0.00018852105110581365,0.0007214563678930619,1.6497984053221096e-05,0.22074935968615694,0.21372215209861542,1.6497984053221096e-05,0.0,0.8215834711715894,1.228507800316507,0.35608821859534784,0.05083611054956993,0.0,43.14165288284105,58.44362001289055,-0.015301967130049497,315.6375698894893,6.078395028304128,0.9977081479396412,6.654372245174128e-07,9.648839755502485e-09,5.185550547926257e-05,0.00895349781996527,0.0
389.0,10.0,120.0,False,3,177.20000000191828,315.6739476815802,2.417119800675012,0.0005157961945186981,3.324018301675537e-07,7.082054596070574e-06,0.00018853440735025915,0.0007215074838543811,1.6478353719946908e-05,0.22035126886610315,0.21362834646692347,1.6478353719946908e-05,0.0,0.821514295362392,1.2285262482203152,0.35610426284546753,0.0509076900124556,0.0,43.14857046376079,58.40398597923813,-0.015255415515477337,315.6223197543751,6.078271612602291,0.9977078650716559,6.637207302210752e-07,9.62395058820559e-09,5.185482213358652e-05,0.008953297675673752,0.0
390.0,10.0,120.0,False,3,187.20000000192056,315.6587152913458,2.4150507008386075,0.0005158293382457237,3.420137202703045e-07,7.064547348284726e-06,0.0001885475991739692,0.0007215579705094129,1.6459385283545508e-05,0.2199713247092612,0.2135423973386859,1.6459385283545508e-05,0.0,0.8214471490070352,1.2285441403698127,0.35612026817042564,0.050976723192351886,0.0,43.15528509929647,58.364472304965936,-0.015209187205669465,315.607115930389,6.078148571622051,0.9977075830277764,6.62057637761541e-07,9.599835747542345e-09,5.18541624394556e-05,0.008953104068301377,0.0
391.0,10.0,120.0,False,3,197.20000000192283,315.6435289709947,2.4130726007339502,0.0005158618336020673,3.516018692270098e-07,7.0476382738323e-06,0.00018856063158768948,0.0007216078470367763,1.644105545641961e-05,0.21960884750934712,0.21346402509843976,1.644105545641961e-05,0.0,0.8213819821557493,1.2285614950820833,0.35613623453347537,0.051043278392858736,0.0,43.16180178442506,58.32507815876407,-0.015163276374339013,315.5919580976648,6.078025902775369,0.9977073018023818,6.604460348983436e-07,9.576467506025984e-09,5.1853525332855484e-05,0.008952916767769745,0.0
392.0,10.0,120.0,False,3,207.2000000019251,315.62838840590445,2.411182542709294,0.0005158937026705475,3.6116701032315763e-07,7.03130505657799e-06,0.00018857350940300875,0.0007216571318528121,1.6423341895917087e-05,0.21926318793877117,0.2133929613660261,1.6423341895917087e-05,0.0,0.8213187457222191,1.2285783299932787,0.35615216190715143,0.05110742236390808,0.0,43.16812542777808,58.28580272430575,-0.015117677296527673,315.57684594210144,6.077903603520858,0.9977070213899547,6.588840890383199e-07,9.553819291055639e-09,5.185290980888255e-05,0.008952735553364623,0.0
393.0,10.0,120.0,False,3,217.20000000192738,315.61329328712765,2.4093776722225586,0.0005159249665568501,3.7070985082224463e-07,7.015526374391503e-06,0.0001885862372418808,0.0007217058426480297,1.6406223158654806e-05,0.21893372537197658,0.21332894845501543,1.6406223158654806e-05,0.0,0.8212573914916542,1.2285946620882207,0.35616805027262777,0.05116922032393868,0.0,43.174260850834564,58.24664519998705,-0.015072384349152486,315.56177915526274,6.077781671362968,0.9977067417850787,6.573700432723587e-07,9.531865627449202e-09,5.185231491779737e-05,0.008952560213281818,0.0
394.0,10.0,120.0,False,3,227.20000000192965,315.5982433112893,2.4076552337023758,0.0005159556454428684,3.8023107303602e-07,7.000281844900647e-06,0.0001885988195456035,0.0007217539964214734,1.6389678657457764e-05,0.21861986632051436,0.21327173886217565,1.6389678657457764e-05,0.0,0.8211978721268304,1.2286105077284915,0.3561838996191208,0.05122873598254033,0.0,43.180212787316954,58.207604798661954,-0.015027392011345,315.5467574342756,6.077660103851154,0.9977064629824373,6.559022126460695e-07,9.51058208336801e-09,5.185173976142519e-05,0.00895239054419916,0.0
395.0,10.0,120.0,False,3,237.20000000193193,315.58323818048416,2.406012566606597,0.0005159857586365289,3.8973133534224446e-07,6.9855519748126275e-06,0.0001886112605832931,0.0007218016095131591,1.6373688620742294e-05,0.21832104297119648,0.21322109478592624,1.6373688620742294e-05,0.0,0.8211401411722463,1.2286258826790832,0.35619970994333233,0.05128603156350459,0.0,43.185985882775356,58.16868074737472,-0.014982694864599367,315.53178048172697,6.077538898579067,0.9977061849768114,6.544789806485237e-07,9.489945219403594e-09,5.185118348966476e-05,0.008952226350872852,0.0
396.0,10.0,120.0,False,3,247.2000000019342,315.568277602174,2.404447101667049,0.0005160153246183717,3.992112731530212e-07,6.97131811252962e-06,0.00018862356445988447,0.0007218486976346958,1.6358234054181802e-05,0.218036711819402,0.21317678767186218,1.6358234054181802e-05,0.0,0.8210841530565491,1.2286408021337076,0.35621548124893165,0.05134116782822679,0.0,43.191584694345075,58.12987228709456,-0.014938287592749483,315.5168480055617,6.077418053183702,0.9977059077630783,6.530987959042752e-07,9.469932540611992e-09,5.18506452976044e-05,0.008952067445756549,0.0
397.0,10.0,120.0,False,3,257.2000000019365,315.55336128908664,2.402956357310187,0.0005160443610851308,4.0867149983654483e-07,6.957562403809398e-06,0.0001886357351236903,0.0007218952758982175,1.634329670450841e-05,0.21776635239032086,0.21313859778359484,1.634329670450841e-05,0.0,0.8210298630933601,1.2286552807388322,0.3562312135460694,0.051394204099402596,0.0,43.19701369066398,58.0911786724523,-0.014894164981788322,315.50195971898137,6.0772975653445895,0.9977056313362094,6.517601690551454e-07,9.450522451299609e-09,5.18501244223344e-05,0.008951913648641775,0.0
398.0,10.0,120.0,False,3,267.20000000193875,315.53848895911284,2.4015379362438223,0.0005160728849905447,4.181126075949274e-07,6.944267750242171e-06,0.00018864777637354557,0.0007219413588437307,1.6328859025310456e-05,0.2175094660415497,0.2131063137972826,1.6328859025310456e-05,0.0,0.8209772274806304,1.228669332616528,0.3562469068509265,0.05144519828497124,0.0,43.20227725193695,58.05259917147428,-0.01485032191953733,315.4871153403417,6.077177432782971,0.9977053556912678,6.504616698190226e-07,9.431694212375828e-09,5.184962014045339e-05,0.008951764786318183,0.0
399.0,10.0,120.0,False,3,277.200000001941,315.52366033520536,2.4001895222008445,0.0005161009125835982,4.2753516830058534e-07,6.931417770334503e-06,0.0001886596918655654,0.000721986960464978,1.6314904144700224e-05,0.2172655748409612,0.21307973241832814,1.6314904144700224e-05,0.0,0.8209262032986385,1.2286829713861864,0.35626256118529287,0.05149420690225506,0.0,43.207379670136135,58.01413306531944,-0.014806753395183307,315.4723145930515,6.077057653260971,0.9977050808234079,6.492019242141523e-07,9.41342790110521e-09,5.184913176574813e-05,0.008951620692252483,0.0
400.0,10.0,120.0,False,3,287.2000000019433,315.5088751452776,2.3989088768313915,0.0005161284594443884,4.369397342935069e-07,6.918996763009982e-06,0.00018867148511953827,0.000722032094233912,1.6301415834732942e-05,0.21703422051436266,0.2130586580188497,1.6301415834732942e-05,0.0,0.8208767485067602,1.2286962101851844,0.35627817657617433,0.051541285102249916,0.0,43.21232514932397,57.97577964801703,-0.014763454498693058,315.45755720547186,6.076938224580786,0.9977048067278724,6.479796119380956e-07,9.395704373102386e-09,5.184865864641796e-05,0.008951481206284789,0.0
401.0,10.0,120.0,False,3,297.20000000194557,315.49413312210305,2.3976938367354297,0.0005161555405177838,4.463268391415676e-07,6.9069896733499705e-06,0.00018868315952498224,0.00072207677312387,1.6288378482466844e-05,0.21681496345782897,0.2130429022946095,1.6288378482466844e-05,0.0,0.8208288219390926,1.2287090616885425,0.35629375305542543,0.05158648669402458,0.0,43.217117806090734,57.937538226204744,-0.01472042042011401,315.4428429108151,6.0768191445838715,0.997704533399991,6.467934638913597e-07,9.378505226424715e-09,5.184820016355691e-05,0.008951346174341328,0.0
402.0,10.0,120.0,False,3,307.20000000194784,315.4794340032153,2.3965423106282833,0.0005161821701450408,4.55696998365929e-07,6.895382060414267e-06,0.00018869471834687715,0.0007221210096315212,1.6275777062562807e-05,0.21660738181008168,0.2130322839402033,1.6275777062562807e-05,0.0,0.8207823832990486,1.228721538127644,0.3563092906594076,0.05162986416918766,0.0,43.22176167009513,57.899408118870866,-0.01467764644877574,315.4281714470458,6.07670041115013,0.9977042608351786,6.456422598364645e-07,9.361812767628736e-09,5.184775572876846e-05,0.00895121544816247,0.0
403.0,10.0,120.0,False,3,317.2000000019501,315.46477753080933,2.395452276632037,0.0005162083620935169,4.650507101334173e-07,6.8841600669939075e-06,0.00018870616473110147,0.0007221648157976709,1.6263597111328447e-05,0.21641107058063874,0.21302662834137104,1.6263597111328447e-05,0.0,0.8207373931530094,1.2287336513080642,0.3563247894286695,0.05167146872638524,0.0,43.22626068469905,57.8613886570967,-0.014635127972397648,315.4135425567817,6.076582022197119,0.9977039890289334,6.445248261838355e-07,9.345609979665615e-09,5.184732478247418e-05,0.008951088885045136,0.0
404.0,10.0,120.0,False,3,327.2000000019524,315.4501634516453,2.394421779686179,0.0005162341295846157,4.743884559176659e-07,6.873310391160244e-06,0.00018871750170958534,0.0007222082032269858,1.625182470211893e-05,0.21622564082978826,0.2130257672833735,1.625182470211893e-05,0.0,0.820693812923113,1.2287454126265531,0.356340249407647,0.05171135029579299,0.0,43.230618707688684,57.823479183807684,-0.014592860476119001,315.39895598719767,6.076463975679274,0.9977037179768352,6.434400338966358e-07,9.32988049150122e-09,5.18469067922224e-05,0.00895096634759872,0.0
405.0,10.0,120.0,False,3,337.20000000195466,315.435591516949,2.393448929071364,0.0005162594853200971,4.837107011306869e-07,6.862820259483747e-06,0.00018872873220519934,0.0007222511831067072,1.624044642200993e-05,0.2160507188967996,0.21302953867450508,1.624044642200993e-05,0.0,0.8206516048792727,1.2287568330872318,0.3563556706443871,0.05174955756357207,0.0,43.23483951207272,57.785679053515004,-0.014550839541442286,315.3844114899266,6.076346269587095,0.997703447674544,6.423867965068779e-07,9.31460854934973e-09,5.184650125106185e-05,0.008950847703513655,0.0
406.0,10.0,120.0,False,3,347.20000000195694,315.42106148231727,2.392531896040377,0.00051628444150685,4.930178957264405e-07,6.852677401810178e-06,0.00018873985903639586,0.0007222937662244137,1.622944934966995e-05,0.21588594567302727,0.2130377862837744,1.622944934966995e-05,0.0,0.8206107321304882,1.2287679233170299,0.35637105319028706,0.05178613799625462,0.0,43.23892678695117,57.74798763207005,-0.014509060845118882,315.3699088209648,6.076228901946395,0.9977031781177975,6.413640682362716e-07,9.299778989425938e-09,5.184610767604552e-05,0.008950732825341926,0.0
407.0,10.0,120.0,False,3,357.2000000019592,315.40657310762407,2.3916689115508447,0.0005163090098802418,5.023104747778768e-07,6.842870027486132e-06,0.00018875088492161535,0.0007223359629848876,1.621882103435797e-05,0.21573097591684473,0.21305035949193935,1.621882103435797e-05,0.0,0.8205711586155325,1.2287786935804157,0.3563863970998505,0.0518211378650327,0.0,43.24288413844673,57.710404296421245,-0.014467520157974511,315.3554477405783,6.076111870817537,0.9977029093024102,6.40370842215191e-07,9.28537721212027e-09,5.184572560697296e-05,0.008950621590288777,0.0
408.0,10.0,120.0,False,3,367.2000000019615,315.39212615692537,2.390858264094542,0.0005163332017261424,5.115888590288145e-07,6.83338680293618e-06,0.00018876181248347228,0.000722377783426137,1.620854947597996e-05,0.2155854776075884,0.21306711305511328,1.620854947597996e-05,0.0,0.820532849093067,1.2287891537934552,0.35640170243046326,0.05185460226992494,0.0,43.246715090693286,57.67292843436647,-0.014426213343673182,315.3410280132079,6.075995174294662,0.9977026412242715,6.394061487937651e-07,9.271389157509594e-09,5.1845354605002496e-05,0.008950513880014926,0.0
409.0,10.0,120.0,False,3,377.20000000196376,315.37772039836796,2.39009829761843,0.0005163570279017052,5.20853455421973e-07,6.824216830502029e-06,0.00018877264425273469,0.0007224192372346267,1.619862310614369e-05,0.21544913133588198,0.21308790688017873,1.619862310614369e-05,0.0,0.8204957691312567,1.2287993135372302,0.3564169692421801,0.0518865751637933,0.0,43.25042308687432,57.63555944431696,-0.01438513635744264,315.326649407378,6.075878810504952,0.9977023738793437,6.384690539397407e-07,9.25780128212624e-09,5.184499425137188e-05,0.008950409580448753,0.0
410.0,10.0,120.0,False,3,387.20000000196603,315.3633556040989,2.389387409532862,0.0005163804988549892,5.301046576043606e-07,6.815349628460366e-06,0.00018878338267210807,0.0007224603337597618,1.6189030770153038e-05,0.21532162972795887,0.21311260581133976,1.6189030770153038e-05,0.0,0.820459885096941,1.2288091820706573,0.35643219759752676,0.05191709937618954,0.0,43.254011490305885,57.59829673506272,-0.014344285244756833,315.3123116956065,6.075762777607907,0.9977021072636608,6.375586577177865e-07,9.244600536907905e-09,5.1844644146617665e-05,0.008950308581607776,0.0
411.0,10.0,120.0,False,3,397.2000000019683,315.3490315501751,2.3887240488026475,0.0005164036246435039,5.393428464111733e-07,6.806775112141139e-06,0.0001887940300998351,0.0007225010820276658,1.6179761709886953e-05,0.2152026769017365,0.21314107942717672,1.6179761709886953e-05,0.0,0.8204251641444036,1.2288187683427318,0.35644738756131716,0.05194621663701104,0.0,43.25748358555963,57.561139725537046,-0.014303656139977413,315.2980146543143,6.075647073794606,0.9977018413733267,6.366740928454114e-07,9.231774346258466e-09,5.184430390901395e-05,0.00895021077742896,0.0
412.0,10.0,120.0,False,3,407.2000000019706,315.33474801647566,2.3881067141169012,0.0005164264149517384,5.485683903292805e-07,6.798483576076035e-06,0.000188804588813121,0.0007225414907542898,1.617080554751354e-05,0.21509198795257417,0.21317320184757746,1.617080554751354e-05,0.0,0.8203915742038085,1.2288280810042331,0.3564625392004798,0.051973967599944756,0.0,43.260842579619144,57.52408784458989,-0.01426324526497075,315.2837580637377,6.075531697287003,0.9977015762045136,6.358145233211229e-07,9.219310588156282e-09,5.184397317416038e-05,0.00895011606560732,0.0
413.0,10.0,120.0,False,3,417.20000000197285,315.32050478661483,2.387533952133873,0.000516448879107747,5.577816459413113e-07,6.7904656771105255e-06,0.00018881506101139564,0.0007225815683579012,1.6162152269991482e-05,0.21498928846682652,0.21320885155001157,1.6162152269991482e-05,0.0,0.8203590839693344,1.228837128418916,0.3564776525838975,0.052000391865683955,0.0,43.26409160306655,57.48714053076185,-0.014223048927695303,315.269541707842,6.075416646337228,0.9977013117534606,6.349791431204858e-07,9.207197575247045e-09,5.18436515935727e-05,0.008950024347442317,0.0
414.0,10.0,120.0,False,3,427.2000000019751,315.30630164785646,2.3870043557971226,0.0005164710260988465,5.669829583513051e-07,6.782712418418414e-06,0.00018882544881942146,0.0007226213229709764,1.6153792214314436e-05,0.2148943140614057,0.2132479111946022,1.6153792214314436e-05,0.0,0.8203276628870511,1.2288459186742093,0.3564927277822579,0.05202552800490049,0.0,43.267233711294885,57.4502972320618,-0.014183063520766915,315.25536537423545,6.0753019192268765,0.9977010480164719,6.341671749562493e-07,9.195424036865615e-09,5.184333883416232e-05,0.00894993552769169,0.0
415.0,10.0,120.0,False,3,437.2000000019774,315.29213839103,2.386516562719649,0.000516492864586485,5.761726615928209e-07,6.7752151343619e-06,0.00018883575429025346,0.0007226607624515314,1.614571605345706e-05,0.21480680994771573,0.2132902674575136,1.614571605345706e-05,0.0,0.8202972811425888,1.2288544595914597,0.3565077648679125,0.05204941358095836,0.0,43.27027188574111,57.41355740574975,-0.014143285520008639,315.241228854086,6.07518751426636,0.9977007849899154,6.333778690988607e-07,9.183979101933481e-09,5.184303457723884e-05,0.00894984951443221,0.0
416.0,10.0,120.0,False,3,447.2000000019797,315.27801481044855,2.386069253632746,0.0005165144029203288,5.853510790203577e-07,6.767965476145113e-06,0.0001888459794080626,0.0007226998943939295,1.6137914782984143e-05,0.21472653051844817,0.21333581087218514,1.6137914782984143e-05,0.0,0.8202679096486272,1.228862758735729,0.35652276391474647,0.05207208517235545,0.0,43.27320903513727,57.376920518123235,-0.014103711482985965,315.2271319420389,6.075073429794227,0.9977005226702217,6.32610502253928e-07,9.172852282681956e-09,5.1842738517816206e-05,0.008949766218927043,0.0
417.0,10.0,120.0,False,3,457.20000000198195,315.26393070382807,2.385661150896533,0.0005165356491516208,5.945185236848955e-07,6.760955398211265e-06,0.00018885612609082847,0.0007227387261391854,1.613037970828604e-05,0.21465323895580635,0.21338443567798993,1.613037970828604e-05,0.0,0.8202395200322405,1.2288708234251773,0.35653772499805486,0.05209357839488195,0.0,43.27604799677594,57.34038604430883,-0.014064338047532892,315.2130744361367,6.074959664176506,0.9977002610538817,6.318643764934441e-07,9.16203345915494e-09,5.1842450364048866e-05,0.008949685555499342,0.0
418.0,10.0,120.0,False,3,467.2000000019842,315.2498858722071,2.3852910170692865,0.0005165566110458551,6.036752986942967e-07,6.754177145338565e-06,0.00018886619619290767,0.0007227772647847971,1.6123102432405953e-05,0.21458670685987263,0.21343603967591177,1.6123102432405953e-05,0.0,0.8202120846221337,1.22887866074005,0.35655264819443055,0.052113927923485716,0.0,43.27879153778662,57.30395346805283,-0.014025161930266214,315.1990561377385,6.074846215806066,0.9977000001374458,6.311388182376967e-07,9.151512864446603e-09,5.184216983625603e-05,0.008949607441411675,0.0
419.0,10.0,120.0,False,3,477.2000000019865,315.23588011986794,2.38495765353289,0.0005165772960948061,6.128216975593109e-07,6.7476232403916824e-06,0.0001888761915074854,0.0007228155171941296,1.611607484442727e-05,0.2145267138958569,0.21349052409085661,1.611607484442727e-05,0.0,0.820185576435794,1.2288862775312859,0.35656753358165805,0.05213316751383384,0.0,43.281442356420584,57.26762228151771,-0.013986179925097125,315.1850768514418,6.074733083101988,0.9976997399175225,6.304331772851332e-07,9.141281070634432e-09,5.184189666657471e-05,0.008949531796751082,0.0
420.0,10.0,120.0,False,3,487.20000000198877,315.22191325426337,2.3846598991717634,0.0005165977115279454,6.219580045258287e-07,6.741286472692081e-06,0.00018888611376891666,0.0007228534900053752,1.6109289108393185e-05,0.21447304745913712,0.2135477934402268,1.6109289108393185e-05,0.0,0.8201599691665953,1.2288936804287671,0.35658238123861125,0.052151330023560524,0.0,43.28400308334046,57.23139198509118,-0.01394738890175072,315.1711363850089,6.074620264508948,0.9976994803907769,6.297468258876643e-07,9.131328975371132e-09,5.184163059826583e-05,0.00894945854431934,0.0
421.0,10.0,120.0,False,3,497.20000000199104,315.20798508593737,2.384396629102885,0.0005166178643233037,6.310844948940429e-07,6.735159886965908e-06,0.00018889596465496337,0.0007228911896401157,1.610273765272488e-05,0.21442550235699806,0.2136077554084735,1.610273765272488e-05,0.0,0.8201352371708605,1.2289008758492257,0.3565971912451643,0.05216844743320094,0.0,43.286476282913945,57.19526208718076,-0.013908785804266813,315.15723454928786,6.0745077584966,0.9976992215539293,6.290791578685355e-07,9.121647789093767e-09,5.184137138510708e-05,0.00894938760952824,0.0
422.0,10.0,120.0,False,3,507.2000000019933,315.1940954284539,2.384166753454589,0.000516637761217782,6.402014353251174e-07,6.729236772840263e-06,0.0001889057457889296,0.0007229286223114966,1.609641316011818e-05,0.21438388050610205,0.213670320727249,1.609641316011818e-05,0.0,0.82011135545493,1.2289078700038294,0.35661196368210357,0.05218455086679582,0.0,43.28886445450699,57.159232104029826,-0.013870367649522833,315.1433711581419,6.074395563558995,0.9976989634037539,6.284295877809601e-07,9.112229022823922e-09,5.184111879104596e-05,0.008949318920299563,0.0
423.0,10.0,120.0,False,3,517.2000000019897,315.1802440983253,2.3839692161919244,0.0005166574087169647,6.493090841359345e-07,6.723510654852855e-06,0.0001889154587417056,0.0007229657940320495,1.609030855788976e-05,0.21434799064475732,0.21373540306090075,1.609030855788976e-05,0.0,0.8200882996622412,1.228914668905455,0.3566266986310463,0.05219967061216773,0.0,43.29117003377587,57.12330155953013,-0.013832131525754257,315.1295460283771,6.074283678213987,0.9976987059370772,6.277975501050148e-07,9.103064476522715e-09,5.184087258948422e-05,0.00894925240696956,0.0
424.0,10.0,120.0,False,3,527.2000000019806,315.16643091494035,2.3838029939865586,0.0005166768131044584,6.58407691582458e-07,6.717975282946053e-06,0.00018892510503372084,0.0007230027106211661,1.6084417008750058e-05,0.21431764805914635,0.21380291889703298,1.6084417008750058e-05,0.0,0.8200660460604374,1.2289212783756664,0.3566413961743661,0.0522138361408629,0.0,43.293395393956246,57.087469985036996,-0.01379407459108075,315.1157589796712,6.074172101002679,0.9976984491507779,6.271824984808005e-07,9.094146227971608e-09,5.184063256303932e-05,0.008949188002197624,0.0
425.0,10.0,120.0,False,3,537.2000000019715,315.15265570049496,2.383667095129215,0.0005166959804507811,6.674975001322306e-07,6.712624623417957e-06,0.0001889346861368118,0.0007230393777122511,1.6078731901981656e-05,0.21429267432269947,0.21387278744185914,1.6078731901981656e-05,0.0,0.8200445715285357,1.2289277040514137,0.3566560563951236,0.05222707612775448,0.0,43.295542847146415,57.05173691918835,-0.013756194072041936,315.1020098345043,6.074060830488839,0.9976981930417838,6.265839049760326e-07,9.085466622152472e-09,5.1840398502893924e-05,0.008949125640879027,0.0
426.0,10.0,120.0,False,3,547.2000000019624,315.1389182799254,2.3835605584827957,0.0005167149166218258,6.765787447264857e-07,6.707452850304449e-06,0.000188944203476011,0.0007230758007595654,1.6073246845002436e-05,0.21427289704786046,0.2139449305200959,1.6073246845002436e-05,0.0,0.8200238535441603,1.2289339513914648,0.356670679377,0.052239418470304395,0.0,43.29761464558396,57.01610190773203,-0.013718487262148067,315.08829841809205,6.073949865258376,0.9976979376070723,6.260012593862463e-07,9.077018261100573e-09,5.184017020857905e-05,0.008949065260061442,0.0
427.0,10.0,120.0,False,3,557.2000000019533,315.12521848084157,2.383482452474427,0.0005167336272869288,6.856516530323427e-07,6.702454337168108e-06,0.00018895365843125747,0.0007231119850447757,1.606795565529323e-05,0.2142581496495732,0.21401927247918567,1.606795565529323e-05,0.0,0.820003870170859,1.228940025682577,0.3566852652042359,0.05225089030748232,0.0,43.29961298291409,56.98056450335202,-0.013680951520437929,315.074624558319,6.073839203918796,0.9976976828436681,6.254340685658758e-07,9.0687939942052e-09,5.183994748741028e-05,0.008949006798865086,0.0
428.0,10.0,120.0,False,3,567.2000000019442,315.1115561334637,2.383431874124735,0.0005167521179265553,6.947164456855106e-07,6.697623649271213e-06,0.00018896305233903683,0.0007231479356832314,1.606285235267265e-05,0.21424827111979922,0.21409574009760524,1.606285235267265e-05,0.0,0.8199846000455211,1.228945932045434,0.3566998139615737,0.052261518038339144,0.0,43.30153999544788,56.94512426550524,-0.01364358427005736,315.0609880856757,6.0737288450986835,0.9976974287486426,6.248818557886898e-07,9.060786908936003e-09,5.1839730154292635e-05,0.008948950198406308,0.0
429.0,10.0,120.0,False,3,577.2000000019351,315.09793107055526,2.3834079481127963,0.0005167703938396415,7.037733365239214e-07,6.692955536110362e-06,0.0001889723864939512,0.0007231836576299724,1.6057931151898892e-05,0.21424310581248893,0.2141742624971004,1.6057931151898892e-05,0.0,0.8199660223658949,1.2289516754403405,0.356714325734208,0.05227132734023752,0.0,43.3033977634105,56.90978076024663,-0.013606382996836131,315.0473888331916,6.073618787447173,0.9976971753191126,6.243441601358671e-07,9.052990321970075e-09,5.1839518031308526e-05,0.008948895401724442,0.0
430.0,10.0,120.0,False,3,587.200000001926,315.0843431529137,2.3834078436731527,0.0005167884656182189,7.128225277399713e-07,6.688439420238556e-06,0.0001889813834092916,0.0007232180889661004,1.6054531840633544e-05,0.21424232666343115,0.21427272704654296,1.6054531840633544e-05,0.0,0.8199468884546107,1.2289561130790332,0.35672882220509666,0.052280402419325904,0.0,43.30531115453892,56.87453362635253,-0.01356922247181361,315.0338266618772,6.073509029839841,0.9976969225527142,6.23818664614278e-07,9.045370636907032e-09,5.1839339028814276e-05,0.008948858868800732,0.0
431.0,10.0,120.0,False,3,597.2000000019169,315.0707924478718,2.383419332277679,0.000516806395632724,7.218641429395375e-07,6.684012680535315e-06,0.0001889899394235293,0.0007232508329963118,1.6053154549457633e-05,0.21424393531096078,0.2143978527838585,1.6053154549457633e-05,0.0,0.8199263995344458,1.228958819286318,0.3567433113335973,0.052289108418274756,0.0,43.30736004655541,56.83938303835388,-0.013532022991798471,315.0203016388875,6.0733995728205805,0.9976966704509248,6.232991433276822e-07,9.037837578251393e-09,5.183921774007134e-05,0.008948838737351684,3.308722450212111e-24
432.0,10.0,120.0,False,3,607.2000000019078,315.05727887851845,2.383440414843384,0.0005168242056508239,7.308982710969568e-07,6.67965357120736e-06,0.00018899846753018902,0.0007232834702167341,1.605180598749596e-05,0.21424724058141978,0.21452305483542625,1.605180598749596e-05,0.0,0.819906228710188,1.228961494847339,0.3567577611603921,0.05229750497675895,0.0,43.30937712898118,56.80432879661237,-0.013494951667631185,315.00681368740686,6.073290415768128,0.9976964190125376,6.227859869628877e-07,9.030396810961871e-09,5.183909844162001e-05,0.008948818898207119,0.0
433.0,10.0,120.0,False,3,617.2000000018987,315.0438023169987,2.383470951956682,0.000516841896888019,7.399250038881183e-07,6.675360982190247e-06,0.0001890069680285849,0.000723316001772937,1.60504850589081e-05,0.21425221228640673,0.21464831992992242,1.60504850589081e-05,0.0,0.8198863727290141,1.2289641407374865,0.35677217180464593,0.0523055962038265,0.0,43.311362727098576,56.769370569342165,-0.013458007842243588,314.9933626797729,6.073181557649727,0.9976961682353964,6.222791099669572e-07,9.02304709452088e-09,5.1838980178169763e-05,0.008948799348988646,0.0
434.0,10.0,120.0,False,3,627.2000000018896,315.03036263616957,2.3835108059193817,0.0005168594703684186,7.48944431750708e-07,6.67113399497766e-06,0.0001890154410703404,0.0007233484282452994,1.604919137883837e-05,0.214258826274228,0.21477364426602014,1.604919137883837e-05,0.0,0.8198668277553401,1.2289667573206962,0.35678654339619315,0.05231338616916284,0.0,43.313317224465976,56.73450802660497,-0.013421190802138995,314.9799484890339,6.07307299743837,0.9976959181173569,6.217784275610026e-07,9.01578719963454e-09,5.183886293072537e-05,0.008948780085823942,0.0
435.0,10.0,120.0,False,3,637.2000000018805,315.01695970959827,2.3835598408681524,0.0005168769271009252,7.579566439025506e-07,6.666971706418751e-06,0.0001890238868054865,0.0007233807502081029,1.6047924568221947e-05,0.21426705878788793,0.2148990241007928,1.6047924568221947e-05,0.0,0.8198475899924138,1.2289693449556407,0.3568008760642029,0.05232087889902387,0.0,43.31524100075861,56.699740840305886,-0.013384499839547275,314.9665709889477,6.072964734112782,0.9976956686562863,6.21283856269751e-07,9.00861591591139e-09,5.183874668504042e-05,0.008948761104898626,0.0
436.0,10.0,120.0,False,3,647.2000000018714,315.0035934115567,2.383617922747514,0.0005168942680803332,7.669617283603397e-07,6.6628732276094865e-06,0.00018903230538248753,0.0007234129682296316,1.6046684253678896e-05,0.21427688643153203,0.2150244557486465,1.6046684253678896e-05,0.0,0.8198286556820947,1.2289719039958444,0.35681516993718415,0.05232807837656546,0.0,43.317134431790514,56.66506868417909,-0.013347934252388576,314.9532300539757,6.072856766657385,0.9976954198500635,6.207953138977107e-07,9.001532051516805e-09,5.183863142715038e-05,0.008948742402455242,0.0
437.0,10.0,120.0,False,3,657.2000000018623,314.9902636170169,2.38368491928295,0.0005169114942875964,7.759597719580232e-07,6.658837683613718e-06,0.0001890406969482639,0.0007234450828722603,1.604547006741252e-05,0.2142882861634293,0.21514993558029505,1.604547006741252e-05,0.0,0.8198100211046014,1.2289744347897735,0.3568294251429887,0.05233498854218342,0.0,43.318997889539844,56.63049123377497,-0.013311493344235124,314.9399255592782,6.072749094062254,0.9976951716965786,6.203127195057419e-07,8.994534432833258e-09,5.183851714337263e-05,0.008948723974792244,0.0
438.0,10.0,120.0,False,3,667.2000000018533,314.9769702016435,2.3837606999544736,0.0005169286066900901,7.84950860364859e-07,6.654864213194157e-06,0.00018904906164821756,0.0007234770946925504,1.6044281647109664e-05,0.2143012352892567,0.21527546002178216,1.6044281647109664e-05,0.0,0.8197916825782459,1.2289769376809192,0.3568436418088173,0.05234161329385616,0.0,43.3208317421754,56.59600816644241,-0.013275176424267008,314.9266573807076,6.07264171532306,0.9976949241937334,6.198359933880241e-07,8.98762190412635e-09,5.1838403820176314e-05,0.008948705818262993,0.0
439.0,10.0,120.0,False,3,677.2000000018442,314.9637130417901,2.3838451359706805,0.0005169456062418606,7.939350781031314e-07,6.650951968550139e-06,0.0001890573996262537,0.0007235090042413333,1.6043118635843423e-05,0.21431571145551898,0.2154010255534903,1.6043118635843423e-05,0.0,0.8197736364591813,1.228979413007888,0.3568578200612222,0.052347956487484366,0.0,43.32263635408186,56.5616191613177,-0.013238982807235842,314.9134253948039,6.072534629441038,0.9976946773394404,6.193650570496643e-07,8.980793327220133e-09,5.183829144446428e-05,0.008948687929274784,0.0
440.0,10.0,120.0,False,3,687.2000000018351,314.950492014492,2.3839381002432565,0.0005169624938838767,8.029125085655509e-07,6.6471001150609575e-06,0.0001890657110248047,0.0007235408120638021,1.6041980681977578e-05,0.2143316926431427,0.21552662870920508,1.6041980681977578e-05,0.0,0.8197558791411356,1.228981861104482,0.3568719600261133,0.05235402193723314,0.0,43.32441208588643,56.52732389930682,-0.013202911813420393,314.9002294787881,6.072427835422929,0.9976944311316239,6.188998331846699e-07,8.974047581177714e-09,5.1838180003204413e-05,0.008948670304287889,0.0
441.0,10.0,120.0,False,3,697.200000001826,314.93730699746214,2.384039467361916,0.000516979270544267,8.118832340323399e-07,6.643307831035542e-06,0.0001890739959848517,0.0007235725186995951,1.604086743907328e-05,0.21434915716120145,0.2156522660751699,1.604086743907328e-05,0.0,0.819738407055147,1.2289842822997807,0.35688606182876104,0.0523598134158727,0.0,43.32615929448529,56.49312206307391,-0.013166962768588626,314.88706951055775,6.072321332280949,0.997694185568219,6.184402456544907e-07,8.967383561990115e-09,5.183806948371155e-05,0.008948652939814625,0.0
442.0,10.0,120.0,False,3,707.2000000018169,314.9241578690848,2.38414911356982,0.0005169959371385594,8.208473356880061e-07,6.639574307467945e-06,0.00018908225464594686,0.0007236041246828801,1.603977856579769e-05,0.21436808364080534,0.21577793428918132,1.603977856579769e-05,0.0,0.8197212166693046,1.2289866769182245,0.35690012559380124,0.052365334655118556,0.0,43.32787833306953,56.45901333702574,-0.01313113500395621,314.87394536868084,6.072215119032734,0.9976939406471718,6.179862194669898e-07,8.960800182271353e-09,5.1837959873517366e-05,0.008948635832418433,0.0
443.0,10.0,120.0,False,3,717.2000000018078,314.9110445084103,2.384266916739387,0.0005170124945699103,8.298048936378162e-07,6.635898747798173e-06,0.0001890904871462351,0.0007236356305424374,1.6038713725834447e-05,0.21438845102911852,0.21590363003969607,1.6038713725834447e-05,0.0,0.8197043044884772,1.2289890452796892,0.35691415144523964,0.052370589345972336,0.0,43.32956955115227,56.42499740729771,-0.01309542785614544,314.8608569323905,6.072109194701306,0.9976936963664391,6.17537680755855e-07,8.9542963709599e-09,5.183785116030532e-05,0.008948618978712986,0.0
444.0,10.0,120.0,False,3,727.2000000017987,314.8979667951498,2.3843927563485594,0.0005170289437293296,8.387559869239777e-07,6.632280367678706e-06,0.00018909869362247476,0.0007236670368017401,1.6037672587796044e-05,0.21441023858351793,0.21602935006495577,1.6037672587796044e-05,0.0,0.819687667054047,1.2289913876995644,0.35692813950645624,0.05237558113906106,0.0,43.331233294595286,56.391073961739934,-0.013059840667144648,314.8478040815797,6.072003558315019,0.9976934527239891,6.170945567604853e-07,8.947871073027037e-09,5.183774333210583e-05,0.008948602375361318,0.0
445.0,10.0,120.0,False,3,737.2000000017896,314.8849246096696,2.3845265134574487,0.0005170452854959022,8.477006935415251e-07,6.628718394746487e-06,0.00018910687421005892,0.0007236983439790337,1.6036654825138114e-05,0.21443342586589328,0.21615509115213347,1.6036654825138114e-05,0.0,0.8196713009436446,1.2289937044888306,0.35694208990020904,0.05238031364497698,0.0,43.332869905635526,56.35724268990324,-0.013024372784267711,314.8347866967957,6.071898208907523,0.9976932097178002,6.166567758062905e-07,8.941523249191214e-09,5.183763637701434e-05,0.00894858601907495,0.0
446.0,10.0,120.0,False,3,747.2000000017805,314.8719178329858,2.384668070685416,0.000517061520737004,8.566390904539302e-07,6.6252120683994496e-06,0.00018911502904303518,0.0007237295525874144,1.6035660116075227e-05,0.2144579927370606,0.21628085013649934,1.6035660116075227e-05,0.0,0.8196552027708747,1.2289959959541306,0.3569560027486395,0.052384790434616364,0.0,43.33447972291252,56.323503283024635,-0.012989023560112117,314.8218046592346,6.071793145517711,0.9976929673458615,6.162242672853912e-07,8.935251875638172e-09,5.183753028351664e-05,0.008948569906613064,0.0
447.0,10.0,120.0,False,3,757.2000000017714,314.85894634675924,2.384817312188532,0.0005170776503085102,8.655712536084338e-07,6.621760639579065e-06,0.00018912315825412576,0.0007237606631349039,1.6034688143498824e-05,0.2144839193513218,0.21640662390059667,1.6034688143498824e-05,0.0,0.8196393691850504,1.2289982623978433,0.3569698781732755,0.052389015039517275,0.0,43.33606308149495,56.28985543401437,-0.012953792352519422,314.8088578507364,6.071688367189693,0.9976927256061731,6.157969616377859e-07,8.929055943747897e-09,5.183742504018523e-05,0.008948554034781666,0.0
448.0,10.0,120.0,False,3,767.2000000017623,314.84601003329067,2.3849741236374262,0.0005170936750550023,8.74497257951102e-07,6.618363370557167e-06,0.00018913126197474744,0.0007237916761245264,1.60337385948967e-05,0.21451118615113274,0.21653240937343804,1.60337385948967e-05,0.0,0.8196237968709223,1.229000504118156,0.3569837162950367,0.052392990952197,0.0,43.33762031290775,56.25629883744364,-0.012918678524535885,314.79594615378005,6.07158387297274,0.9976924844967449,6.153747903328761e-07,8.922934459826704e-09,5.183732063585283e-05,0.00894853840043279,0.0
449.0,10.0,120.0,False,3,777.2000000017532,314.8331087755163,2.3851383921955303,0.0005171095958099671,8.83417177441627e-07,6.615019534728061e-06,0.00018913934033502989,0.0007238225920543799,1.6032811162274108e-05,0.21453977386189935,0.21665820352971082,1.6032811162274108e-05,0.0,0.8196084825484056,1.2290027214091295,0.35699751723423606,0.05239672162648774,0.0,43.339151745159434,56.222833189532764,-0.01288368144437333,314.78306945147915,6.071479661921258,0.9976922440155979,6.149576858514429e-07,8.916886444845923e-09,5.183721705946057e-05,0.008948523000463704,0.0
450.0,10.0,120.0,False,3,787.2000000017441,314.82024245699995,2.385310006497673,0.0005171254133959984,8.923310850678591e-07,6.611728416404099e-06,0.00018914739346383562,0.0007238534114177106,1.6031905542076182e-05,0.21456966348688936,0.2167840033890328,1.6031905542076182e-05,0.0,0.8195934229723076,1.2290049145607704,0.3570112811105882,0.052400210477874604,0.0,43.34065770276923,56.18945818813081,-0.01284880048536158,314.77022762757395,6.071375733094728,0.9976920041607628,6.14545581667836e-07,8.910910934183622e-09,5.183711430025318e-05,0.008948507831816135,0.0
451.0,10.0,120.0,False,3,797.200000001735,314.80741096192986,2.385488856629053,0.0005171411286249865,9.012390528600907e-07,6.608489310617288e-06,0.00018915542148877735,0.0007238841347029808,1.603102143511253e-05,0.2146008363022605,0.21690980601518478,1.603102143511253e-05,0.0,0.819578614932057,1.2290070838590976,0.35702500804321163,0.05240346088382913,0.0,43.34213850679429,56.15617353270732,-0.012814035025913028,314.7574205664282,6.0712720855576645,0.9976917649302809,6.141384122327255e-07,8.905006977374519e-09,5.183701234767052e-05,0.008948492891475514,0.0
452.0,10.0,120.0,False,3,807.2000000017259,314.79461417511385,2.385674834104564,0.0005171567422983055,9.101411519050903e-07,6.6053015229244944e-06,0.00018916342453623698,0.0007239147623939416,1.6030158546482997e-05,0.2146332738521855,0.21703560851536474,1.6030158546482997e-05,0.0,0.8195640552514317,1.2290092295862067,0.35703869815063194,0.052406476184143035,0.0,43.343594474856815,56.12297892434005,-0.012779384449483238,314.7446481530245,6.071168718379596,0.9976915263222035,6.1373611295615e-07,8.899173637864176e-09,5.1836911191174145e-05,0.008948478176470225,0.0
453.0,10.0,120.0,False,3,817.2000000017168,314.7818519819733,2.385867831848479,0.0005171722552069992,9.190374523598928e-07,6.602164369217027e-06,0.00018917140273138329,0.0007239452949696989,1.6029316585505012e-05,0.2146669579441044,0.21716140803947886,1.6029316585505012e-05,0.0,0.8195497407882835,1.2290113520203327,0.3570523515507876,0.052409259681261755,0.0,43.34502592117164,56.08987406569917,-0.01274484814452753,314.73191027295815,6.071065630635004,0.997691288334592,6.133386201908781e-07,8.893409992767732e-09,5.1836810820659295e-05,0.008948463683870894,0.0
454.0,10.0,120.0,False,3,827.2000000017077,314.76912426853926,2.386067744174464,0.0005171876681319599,9.279280234653507e-07,6.599077175534692e-06,0.00018917935619818893,0.0007239757329047808,1.6028495265642475e-05,0.21470187064406807,0.217287201779422,1.6028495265642475e-05,0.0,0.8195356684342681,1.2290134514359166,0.35706596836103277,0.05241181464061568,0.0,43.346433156573184,56.056858661036735,-0.01271042550446355,314.7192068124331,6.07096282140329,0.9976910509655177,6.129458712161747e-07,8.887715132634533e-09,5.183671122595615e-05,0.008948449410789663,0.0
455.0,10.0,120.0,False,3,837.2000000016986,314.7564309214463,2.386274466765936,0.000517202981844106,9.368129335594522e-07,6.596039277883587e-06,0.00018918728505944873,0.0007240060766692068,1.6027694304436e-05,0.21473799427219523,0.21741298696839492,1.6027694304436e-05,0.0,0.8195218351145691,1.2290155281036637,0.35707954869814285,0.052414144290951654,0.0,43.34781648854308,56.023932416171384,-0.012676115927628302,314.706537658256,6.070860289768739,0.997690814213062,6.125578042218459e-07,8.882088161216765e-09,5.183661239719847e-05,0.008948435354379492,0.0
456.0,10.0,120.0,False,3,847.2000000016895,314.7437718279279,2.386487896656756,0.000517218197104554,9.456922500904135e-07,6.593050022057853e-06,0.0001891951894367948,0.0007240363267285441,1.602691342343444e-05,0.21477531139821587,0.21753876088022375,1.602691342343444e-05,0.0,0.8195082377876272,1.2290175822906073,0.35709309267831807,0.052416251824662134,0.0,43.34917622123727,55.99109503847617,-0.012641918817238895,314.69390269783185,6.070758034820469,0.9976905780753159,6.121743582926393e-07,8.87652819524327e-09,5.183651432471518e-05,0.00894842151183348,0.0
457.0,10.0,120.0,False,3,857.2000000016805,314.73114687581386,2.3867079322122273,0.0005172333146647834,9.545660396295442e-07,6.590108763466121e-06,0.00018920306945071475,0.0007240664835439803,1.6026152348128337e-05,0.21481380483711607,0.21766452082867177,1.6026152348128337e-05,0.0,0.8194948734448674,1.229019614260165,0.3571066004171853,0.05241814039811244,0.0,43.35051265551325,55.958346236871655,-0.012607833581358406,314.6813018191608,6.070656055652413,0.9976903425503802,6.117954733930573e-07,8.87103436419933e-09,5.1836416998943605e-05,0.008948407880384196,0.0
458.0,10.0,120.0,False,3,867.2000000016714,314.7185559535216,2.3869344731104247,0.0005172483352668086,9.634343678838941e-07,6.587214866960297e-06,0.00018921092522056695,0.0007240965475723791,1.6025410807883838e-05,0.21485345764489464,0.21779026416682581,1.6025410807883838e-05,0.0,0.8194817391104213,1.2290216242721976,0.3571200720298061,0.05241981313197016,0.0,43.35182608895786,55.92568572180327,-0.012573859632845413,314.6687349108299,6.070554351363255,0.9976901076363655,6.114210903522479e-07,8.865605810107594e-09,5.183632041045119e-05,0.008948394457303017,0.0
459.0,10.0,120.0,False,3,877.2000000016623,314.7059989500536,2.387167420323828,0.0005172632596433367,9.722972997086852e-07,6.584367706668995e-06,0.00018921875686459696,0.0007241265192663447,1.6024688535878585e-05,0.21489425311438098,0.2179159882864351,1.6024688535878585e-05,0.0,0.8194688318408616,1.2290236125830702,0.35713350763067897,0.052421273111529616,0.0,43.35311681591383,55.89311320523516,-0.012539996389321332,314.65620186201056,6.070452921056403,0.9976898733313916,6.110511508494257e-07,8.860241687316673e-09,5.1836224550043906e-05,0.008948381239899484,0.0
460.0,10.0,120.0,False,3,887.2000000016532,314.6934757549922,2.3874066761012718,0.0005172780885179256,9.811548991195335e-07,6.581566665834442e-06,0.00018922656449995323,0.0007241563990742809,1.6023985269038694e-05,0.2149361747711644,0.21804169061728862,1.6023985269038694e-05,0.0,0.8194561487249226,1.2290255794457012,0.35714690733374266,0.052422523387035985,0.0,43.35438512750773,55.8606284006364,-0.012506243273128667,314.64370256245314,6.0703517638399465,0.9976896396335883,6.106855973995091e-07,8.854941162292882e-09,5.1836129408701186e-05,0.008948368225520678,0.0
461.0,10.0,120.0,False,3,897.2000000016441,314.6809862584966,2.3876521439501524,0.000517292822605137,9.900072293044693e-07,6.578811136653172e-06,0.00018923434824270213,0.0007241861874404502,1.6023300747977167e-05,0.21497920636960346,0.21816736862658886,1.6023300747977167e-05,0.0,0.8194436868832332,1.2290275251096217,0.35716027125237987,0.052423566974008615,0.0,43.35563131167667,55.82823102297259,-0.01247259971129592,314.6312369024839,6.070250878826636,0.9976894065410944,6.103243733390775e-07,8.849703413416624e-09,5.183603497742415e-05,0.00894835541155059,0.0
462.0,10.0,120.0,False,3,907.200000001635,314.6685303512954,2.3879037286189835,0.0005173074626106922,9.988543526357398e-07,6.576100520118997e-06,0.00018924210820784321,0.0007242158848050312,1.6022634716932953e-05,0.21502333188892417,0.21829301981837396,1.6022634716932953e-05,0.0,0.8194314434680443,1.2290294498210306,0.3571735994994232,0.052424406853563144,0.0,43.35685565319556,55.79592078868783,-0.012439065135492271,314.61880477299803,6.070150265133825,0.9976891740520583,6.099674228125197e-07,8.844527630781537e-09,5.183594124743077e-05,0.008948342795409526,0.0
463.0,10.0,120.0,False,3,917.2000000016259,314.65610792468254,2.388161336080206,0.0005173220092316188,1.0076963306814381e-06,6.573434225870527e-06,0.00018924984450932424,0.000724245491604175,1.602198692371182e-05,0.2150685355294101,0.21841864173292597,1.602198692371182e-05,0.0,0.8194194156629524,1.2290313538228423,0.35718689218715843,0.052425045972731614,0.0,43.35805843370475,55.763697415693215,-0.012405638981988466,314.6064060654551,6.07004992188343,0.9976889421646375,6.096146907585321e-07,8.839413015998715e-09,5.183584821013415e-05,0.008948330374553507,0.0
464.0,10.0,120.0,False,3,927.2000000016168,314.643718870515,2.3884248735132707,0.0005173364631563931,1.016533224216915e-06,6.570811672041191e-06,0.0001892575572600558,0.0007242750082700637,1.6021357119628182e-05,0.21511480170863279,0.2185442319461696,1.6021357119628182e-05,0.0,0.8194076006826367,1.229033237354744,0.35720014942732703,0.052425487244780106,0.0,43.35923993173631,55.7315606233606,-0.012372320691624288,314.5940406718767,6.069949848201917,0.9976887108769991,6.0926612289695e-07,8.834358782005776e-09,5.1835755857142576e-05,0.008948318146473682,0.0
465.0,10.0,120.0,False,3,937.2000000016077,314.63136308120636,2.3886942492880086,0.000517350825065085,1.0253650932360203e-06,6.568232285113091e-06,0.0001892652465719254,0.0007243044352309624,1.602074505944801e-05,0.21516211505782218,0.2186697880691249,1.602074505944801e-05,0.0,0.8193959957725847,1.2290351006532425,0.357213371331131,0.05242573354952681,0.0,43.36040042274152,55.69951013250725,-0.01233910970976573,314.58170848484076,6.069850043220243,0.9976884801873187,6.089216657157213e-07,8.829364152877959e-09,5.183566417999927e-05,0.00894830610869577,0.0
466.0,10.0,120.0,False,3,947.2000000015986,314.61904044972107,2.388969372948296,0.0005173650956294998,1.0341919969621409e-06,6.56569549977269e-06,0.00018927291255581158,0.000724333772911274,1.6020150501332706e-05,0.21521046041827177,0.21879530774736614,1.6020150501332706e-05,0.0,0.8193845982088205,1.2290369439517168,0.3572265580092387,0.05242578773365767,0.0,43.36154017911794,55.66754566537931,-0.01230600548626137,314.56940939747483,6.069750506073822,0.9976882500937815,6.0858126645815e-07,8.824428363643175e-09,5.183557317057271e-05,0.008948294258779488,0.0
467.0,10.0,120.0,False,3,957.2000000015895,314.6067508695733,2.389250155195913,0.0005173792755133085,1.0430139938590632e-06,6.563200758770961e-06,0.00018928055532159798,0.0007243630217315924,1.6019573206784494e-05,0.21525982283781495,0.21892078866044212,1.6019573206784494e-05,0.0,0.819373405297641,1.2290387674804657,0.3572397095717849,0.05242565261103968,0.0,43.36265947023589,55.63566694565,-0.012273007475414112,314.55714330345563,6.069651235902507,0.9976880205945812,6.082448731105306e-07,8.819550660102695e-09,5.1835482820774756e-05,0.008948282594318,0.0
468.0,10.0,120.0,False,3,967.2000000015804,314.59449423482005,2.3895365078747504,0.0005173933653721854,1.0518311416416626e-06,6.560747512785704e-06,0.00018928817497818683,0.0007243921821087555,1.6019012940592584e-05,0.21531018756741319,0.2190462285213713,1.6019012940592584e-05,0.0,0.8193624143753439,1.2290405714667547,0.35725282612837755,0.05242533096303323,0.0,43.363758562465605,55.60387369840132,-0.012240115135935717,314.54491009700195,6.06955223185053,0.9976877916879208,6.079124343898626e-07,8.814730298653009e-09,5.183539312266904e-05,0.008948271112937388,0.0
469.0,10.0,120.0,False,3,977.2000000015713,314.5822704400574,2.3898283439551964,0.0005174073658539387,1.060643497286412e-06,6.558335220286638e-06,0.00018929577163351235,0.000724421254455895,1.6018469470780317e-05,0.21536154005777716,0.2191716250761084,1.6018469470780317e-05,0.0,0.8193516228079629,1.2290423561348667,0.3572659077881005,0.052424825538803246,0.0,43.3648377192037,55.57216565011429,-0.012207327930910594,314.53270967287085,6.069453493066485,0.997687563372012,6.075838997318898e-07,8.809966546112403e-09,5.183530406842763e-05,0.008948259812296123,0.0
470.0,10.0,120.0,False,3,987.2000000015622,314.5700793804161,2.390125577518815,0.000517421277598638,1.0694511170417171e-06,6.555963347403469e-06,0.00018930334539455357,0.0007244502391824857,1.601794256855345e-05,0.2154138659560762,0.21929697610303686,1.601794256855345e-05,0.0,0.8193410279909995,1.2290441217061454,0.35727895465951776,0.05242413905562814,0.0,43.36589720090004,55.54054252865745,-0.012174645327757411,314.5205419263533,6.069355018703279,0.9976873356450752,6.072592192793471e-07,8.805258679550533e-09,5.1835215650461106e-05,0.008948248690084534,0.0
471.0,10.0,120.0,False,3,997.2000000015531,314.5579209515572,2.390428123743263,0.0005174351012387402,1.0782540564380794e-06,6.553631367796749e-06,0.0001893108963673474,0.0007244791366943974,1.6017432008249465e-05,0.21546715110271175,0.21942227941246253,1.6017432008249465e-05,0.0,0.8193306273491561,1.2290458683990395,0.35729196685067716,0.052423274199206386,0.0,43.36693726508438,55.509004063276,-0.01214206679819162,314.50840675327,6.069256807918106,0.9976871085053394,6.069383438704688e-07,8.800605986121798e-09,5.183512786115837e-05,0.00894823774402432,0.0
472.0,10.0,120.0,False,3,1007.200000001544,314.54579504966915,2.3907358988874194,0.0005174488373992108,1.087052370298107e-06,6.55133876253135e-06,0.00018931842465700198,0.0007245079473939431,1.6016937567287865e-05,0.21552138152814693,0.2195475328461099,1.6016937567287865e-05,0.0,0.8193204183360766,1.2290475964291514,0.3573049444691126,0.05242223362396223,0.0,43.36795816639233,55.47754998458336,-0.012109591818191035,314.496304049968,6.069158859872419,0.9976868819510425,6.066212250277207e-07,8.796007762901951e-09,5.1835040693038424e-05,0.008948226971868032,0.0
473.0,10.0,120.0,False,3,1017.2000000015349,314.53370157146,2.3910488202768025,0.0005174624866976494,1.0958461127463548e-06,6.549085019951948e-06,0.00018932593036770777,0.0007245366716799236,1.6016459026120978e-05,0.21557654344982968,0.2196727342766727,1.6016459026120978e-05,0.0,0.8193103984340767,1.2290493060092786,0.3573178876218515,0.05242101995335045,0.0,43.368960156592316,55.44618002454169,-0.012077219867949374,314.4842337133134,6.069061173731869,0.9976866559804307,6.063078149466342e-07,8.791463316726195e-09,5.183495413894554e-05,0.0089482163713986,0.0
474.0,10.0,120.0,False,3,1027.200000001526,314.5216404141581,2.3913668062891538,0.0005174760497444009,1.104635337219001e-06,6.546869635562437e-06,0.000189333413602751,0.0007245653099476786,1.6015996168186716e-05,0.2156326232691376,0.219797881607293,1.6015996168186716e-05,0.0,0.8193005651538852,1.2290509973494554,0.3573307964154137,0.05241963578015649,0.0,43.369943484611476,55.41489391646373,-0.012044950431852258,314.472195640692,6.068963748666306,0.9976864305917589,6.059980664850973e-07,8.786971964033911e-09,5.183486819152882e-05,0.00894820594042884,0.0
475.0,10.0,120.0,False,3,1037.2000000015169,314.50961147550333,2.391689776340305,0.0005174895271426777,1.113420096473375e-06,6.544692111906057e-06,0.00018934087446452564,0.000724593862589131,1.6015548779860938e-05,0.21568960756842703,0.21992297277113942,1.6015548779860938e-05,0.0,0.819290916034378,1.229052670656996,0.35734367095581954,0.05241808366679842,0.0,43.37090839656219,55.38369139498931,-0.01201278299842712,314.46018973000014,6.068866583849717,0.9976862057832901,6.056919331525688e-07,8.782533030712248e-09,5.183478284380601e-05,0.008948195676800991,0.0
476.0,10.0,120.0,False,3,1047.2000000015078,314.4976146537457,2.392017650870235,0.00051750291948867,1.1222004425973352e-06,6.542551958449116e-06,0.00018934831305454414,0.0007246223299928304,1.6015116650411662e-05,0.21574748310810293,0.22004800573092487,1.6015116650411662e-05,0.0,0.8192814486423228,1.2290543261365374,0.35735651134859064,0.05241636614562411,0.0,43.37185513576771,55.35257219608267,-0.011980717060314958,314.4482158796438,6.068769678460208,0.9976859815532959,6.053893690997254e-07,8.778145851946019e-09,5.183469808879484e-05,0.008948185578386256,0.0
477.0,10.0,120.0,False,3,1057.2000000014987,314.48564984764084,2.392350351329349,0.0005175162273716563,1.1309764270184888e-06,6.540448691466906e-06,0.0001893557294734504,0.0007246507125440011,1.601469957195391e-05,0.2158062368237781,0.22017297847846443,1.601469957195391e-05,0.0,0.8192721605721168,1.2290559639900793,0.3573693176987546,0.05241448571920797,0.0,43.37278394278831,55.3215360570202,-0.011948752114231886,314.4362739885338,6.068673031679967,0.9976857579000561,6.050903291081989e-07,8.773809772068885e-09,5.18346139195781e-05,0.008948175643084342,0.0
478.0,10.0,120.0,False,3,1067.2000000014896,314.47371695644546,2.3926878001649823,0.0005175294513741146,1.1397481005132635e-06,6.538381833931305e-06,0.0001893631238210305,0.0007246790106245838,1.6014297339405098e-05,0.21586585582346726,0.22029788903423936,1.6014297339405098e-05,0.0,0.8192630494455267,1.2290575844170208,0.3573820901108484,0.05241244486064566,0.0,43.373695055447314,55.29058271637819,-0.011916887660930875,314.4243639560812,6.068576642695231,0.9976855348218587,6.047947685805239e-07,8.769524144417596e-09,5.18345303294988e-05,0.00894816586882302,0.0
479.0,10.0,120.0,False,3,1077.2000000014805,314.4618158799134,2.393029920808112,0.000517542592071828,1.148515513215845e-06,6.5363509154013875e-06,0.00018937049619622393,0.0007247072246132778,1.6013909750441647e-05,0.2159263273848592,0.22042273544696786,1.6013909750441647e-05,0.0,0.8192541129114368,1.2290591876142054,0.35739482868892203,0.05241024601384656,0.0,43.37458870885631,55.25971191402396,-0.011885123205167651,314.4124856821938,6.068480510696256,0.9976853123169999,6.045026435302889e-07,8.76528833118919e-09,5.1834447311878244e-05,0.008948156253557691,0.0
480.0,10.0,120.0,False,3,1087.2000000014714,314.4499465182923,2.3933766376602583,0.0005175556500339896,1.1572787146269674e-06,6.534355471915672e-06,0.00018937784669713486,0.0007247353548855869,1.6013536605456224e-05,0.21598763895261688,0.22054751579317372,1.6013536605456224e-05,0.0,0.8192453486455875,1.2290607737759542,0.35740753353654187,0.05240789159382481,0.0,43.37546513544124,55.228923391105816,-0.011853458255664577,314.4006390672722,6.068384634877279,0.9976850903837837,6.04213910572478e-07,8.761101703300933e-09,5.1834364860167854e-05,0.008948146795270947,0.0
