current_a,inlet_temperature_c,ntu,streamwise_fraction,oxygen_mole_fraction,air_temperature_c,oxygen_concentration_mol_m3,isothermal_oxygen_concentration_mol_m3
7.3,10.0,1.0,0.00015059065189787502,0.20949960686211327,10.002993366176895,9.016634855723051,8.425223821772136
7.3,10.0,1.0,0.0013547716606548965,0.20949646316568124,10.026913271057253,9.015737932295579,8.425097395062012
7.3,10.0,1.0,0.0037602327006450165,0.2094901832713952,10.07460930377357,9.013949438458251,8.42484484320414
7.3,10.0,1.0,0.007361178805529389,0.20948078215906316,10.145795601378666,9.011280012153557,8.424466768625587
7.3,10.0,1.0,0.012148934980735715,0.2094682822550613,10.240047564842996,9.007745441593043,8.42396407322418
7.3,10.0,1.0,0.01811196710228008,0.20945271338042964,10.356806803527434,9.003366467045074,8.423337956281099
7.3,10.0,1.0,0.025235909703481663,0.2094341126818289,10.495387580471288,8.998168523447879,8.422589911684263
7.3,10.0,1.0,0.03350360058263058,0.20941252454549858,10.654984637411303,8.9921814294569,8.421721724468057
7.3,10.0,1.0,0.04289512214823471,0.20938800049439127,10.834682254458016,8.985439029578,8.4207354666765
7.3,10.0,1.0,0.05338784940224234,0.20936059906869195,11.033464379213342,8.97797879686573,8.41963349255822
7.3,10.0,1.0,0.06495650444564433,0.2093303856899656,11.250225644274337,8.96984140425955,8.418418433103003
7.3,10.0,1.0,0.0775732173751465,0.20929743250921234,11.483783080824935,8.961070272980878,8.41709318993122
7.3,10.0,1.0,0.0912075934242082,0.2092618182391407,11.732888329521927,8.951711106520866,8.415660928548505
7.3,10.0,1.0,0.10582678618669689,0.20922362797100647,11.996240148125366,8.941811418623027,8.414125070979779
7.3,10.0,1.0,0.12139557674675777,0.20918295297639594,12.272497018147533,8.931420063324534,8.412489287797767
7.3,10.0,1.0,0.13787645852426655,0.20913989049436665,12.56028965991004,8.92058677459075,8.410757489562668
7.3,10.0,1.0,0.15522972763146659,0.20909454350439155,12.858233276396504,8.909361722389772,8.408933817690885
7.3,10.0,1.0,0.17341357852311168,0.20904702048558488,13.16493936066189,8.897795091241296,8.407022634772074
7.3,10.0,1.0,0.1923842047096866,0.2089974351627194,13.479026918732245,8.885936686372718,8.405028514354983
7.3,10.0,1.0,0.2120959042910774,0.20894590623957707,13.799132979273509,8.873835571660155,8.402956230223896
7.3,10.0,1.0,0.23250119005645142,0.20889255712020527,14.123922282178455,8.861539742557111,8.400810745188702
7.3,10.0,1.0,0.25355090388510804,0.20883751561868064,14.452096059966493,8.849095836249399,8.398597199412759
7.3,10.0,1.0,0.27519433517269676,0.20878091365801213,14.782399847897409,8.836548880349092,8.396320898304007
7.3,10.0,1.0,0.2973793429975051,0.2087228869588432,15.11363028037664,8.823942080575373,8.393987299995832
7.3,10.0,1.0,0.320052481732506,0.20866357471864014,15.444640852066698,8.811316647083858,8.39160200244532
7.3,10.0,1.0,0.3431591298005543,0.20860311928208053,15.774346641660998,8.798711658411797,8.38917073017762
7.3,10.0,1.0,0.36664362126255085,0.20854166580337993,16.10172801415962,8.786163961412324,8.3866993207061
7.3,10.0,1.0,0.39044937992156514,0.20847936190132024,16.425833333417813,8.773708105061266,8.384193710658973
7.3,10.0,1.0,0.4145190556198494,0.2084163573077644,16.745780730527372,8.761376305634512,8.381659921644003
7.3,10.0,1.0,0.43879466240039194,0.20835280351046415,17.060758985110567,8.749198440469787,8.37910404588367
7.3,10.0,1.0,0.46321771820016633,0.2082888533909871,17.3700275858219,8.737202067337881,8.376532231654071
7.3,10.0,1.0,0.4877293857385439,0.20822466085860702,17.672916043284772,8.725412466347178,8.373950668561475
7.3,10.0,1.0,0.5122706142614561,0.20816038048101732,17.96882253344029,8.713852701281871,8.371365572691117
7.3,10.0,1.0,0.5367822817998338,0.20809616711274265,18.25721195197201,8.702543697319195,8.368783171663415
7.3,10.0,1.0,0.5612053375996081,0.20803217552213576,18.53761346129005,8.691504332172608,8.366209689633306
7.3,10.0,1.0,0.5854809443801506,0.207968560017857,18.80961761070847,8.680751537856223,8.363651332268768
7.3,10.0,1.0,0.609550620078435,0.20790547407574111,19.07287310815667,8.670300410450203,8.36111427174491
7.3,10.0,1.0,0.6333563787374492,0.20784306996696517,19.327083318263874,8.660164325457922,8.3586046317904
7.3,10.0,1.0,0.6568408701994457,0.20778149838843052,19.57200255718402,8.650355056574183,8.356128472822922
7.3,10.0,1.0,0.6799475182674941,0.20772090809627736,19.807432249309784,8.640882895922248,8.353691777210635
7.3,10.0,1.0,0.702620657002495,0.2076614455434461,20.033217005281074,8.631756774058498,8.351300434696341
7.3,10.0,1.0,0.7248056648273034,0.20760325452219872,20.24924067462257,8.622984378281839,8.34896022802116
7.3,10.0,1.0,0.7464490961148921,0.20754647581250477,20.455422420123796,8.61457226801527,8.346676818784035
7.3,10.0,1.0,0.7674988099435487,0.20749124683718972,20.651712854868208,8.606525986245815,8.344455733573204
7.3,10.0,1.0,0.7879040957089227,0.20743770132473066,20.838090276752894,8.598850166213136,8.342302350405205
7.3,10.0,1.0,0.8076157952903134,0.2073859689805711,21.014557029526088,8.591548632724894,8.3402218855065
7.3,10.0,1.0,0.8265864214768883,0.20733617516780933,21.181136013911043,8.584624497646226,8.338219380472047
7.3,10.0,1.0,0.8447702723685335,0.20728844059809584,21.33786736731986,8.578080249261836,8.336299689834457
7.3,10.0,1.0,0.8621235414757334,0.20724288103355262,21.484805326065043,8.5719178353411,8.33446746907639
7.3,10.0,1.0,0.8786044232532423,0.2071996070005032,21.622015279862808,8.56613873984994,8.332727163117955
7.3,10.0,1.0,0.8941732138133032,0.20715872351577413,21.74957102480937,8.56074405334859,8.331082995309645
7.3,10.0,1.0,0.9087924065757919,0.20712032982629996,21.867552217899174,8.555734537192695,8.32953895696032
7.3,10.0,1.0,0.9224267826248536,0.20708451916273035,21.97604203353717,8.55111068171719,8.328098797428286
7.3,10.0,1.0,0.9350434955543557,0.20705137850770372,22.075125020349333,8.546872758629775,8.32676601480219
7.3,10.0,1.0,0.9466121505977576,0.20702098837941532,22.16488515489823,8.543020867874533,8.325543847197023
7.3,10.0,1.0,0.9571048778517653,0.20699342263106787,22.245404087632096,8.539554979247582,8.324435264688825
7.3,10.0,1.0,0.9664963994173694,0.20696874826675155,22.31675957549851,8.53647496905713,8.323442961910127
7.3,10.0,1.0,0.9747640902965183,0.20694702527425796,22.379024095109287,8.533780652121168,8.322569351326422
7.3,10.0,1.0,0.98188803289772,0.20692830647528654,22.432263630109276,8.53147180938814,8.32181655721205
7.3,10.0,1.0,0.9878510650192642,0.20691263739345567,22.476536626446716,8.529548211451045,8.321186410342163
7.3,10.0,1.0,0.9926388211944706,0.2069000561404831,22.51189310952651,8.528009638204093,8.320680443415352
7.3,10.0,1.0,0.996239767299355,0.2068905933208498,22.538373957720125,8.526855894864461,8.320299887219615
7.3,10.0,1.0,0.9986452283393451,0.2068842719552117,22.556010327369847,8.526086824550912,8.320045667552295
7.3,10.0,1.0,0.9998494093481021,0.20688110742277174,22.564823225233965,8.52570231757664,8.319918402902507
7.3,10.0,3.0,0.00015059065189787502,0.20949960686211327,10.008978746381615,9.016444263187305,8.425223821772136
7.3,10.0,3.0,0.0013547716606548965,0.20949646316568124,10.080630552552748,9.014028015075633,8.425097395062012
7.3,10.0,3.0,0.0037602327006450165,0.2094901832713952,10.222988897667506,9.009229559678477,8.42484484320414
7.3,10.0,3.0,0.007361178805529389,0.20948078215906316,10.434186785282293,9.002115983155143,8.424466768625587
7.3,10.0,3.0,0.012148934980735715,0.2094682822550613,10.711481661308028,8.992785474821252,8.42396407322418
7.3,10.0,3.0,0.01811196710228008,0.20945271338042964,11.051322458621087,8.981364532269355,8.423337956281099
7.3,10.0,3.0,0.025235909703481663,0.2094341126818289,11.449434991517876,8.968004446051829,8.422589911684263
7.3,10.0,3.0,0.03350360058263058,0.20941252454549858,11.900922546055597,8.95287722505617,8.421721724468057
7.3,10.0,3.0,0.04289512214823471,0.20938800049439127,12.400378043002377,8.93617114156731,8.4207354666765
7.3,10.0,3.0,0.05338784940224234,0.20936059906869195,12.94200386101437,8.918086081342947,8.41963349255822
7.3,10.0,3.0,0.06495650444564433,0.2093303856899656,13.519735305910842,8.898828879311315,8.418418433103003
7.3,10.0,3.0,0.0775732173751465,0.20929743250921234,14.12736379312014,8.878608807091648,8.41709318993122
7.3,10.0,3.0,0.0912075934242082,0.2092618182391407,14.758656059507075,8.857633356428275,8.415660928548505
7.3,10.0,3.0,0.10582678618669689,0.20922362797100647,15.407466113915632,8.83610443518159,8.414125070979779
7.3,10.0,3.0,0.12139557674675777,0.20918295297639594,16.067837142264523,8.81421506218553,8.412489287797767
7.3,10.0,3.0,0.13787645852426655,0.20913989049436665,16.73409116817544,8.792146616373172,8.410757489562668
7.3,10.0,3.0,0.15522972763146659,0.20909454350439155,17.400904897694602,8.770066666074491,8.408933817690885
7.3,10.0,3.0,0.17341357852311168,0.20904702048558488,18.063370811526738,8.748127377850158,8.407022634772074
7.3,10.0,3.0,0.1923842047096866,0.2089974351627194,18.717043178359972,8.726464481705884,8.405028514354983
7.3,10.0,3.0,0.2120959042910774,0.20894590623957707,19.357969221263772,8.705196751622083,8.402956230223896
7.3,10.0,3.0,0.23250119005645142,0.20889255712020527,19.982706154769687,8.6844259472012,8.400810745188702
7.3,10.0,3.0,0.25355090388510804,0.20883751561868064,20.588325208687365,8.66423715370724,8.398597199412759
7.3,10.0,3.0,0.27519433517269676,0.20878091365801213,21.17240405822065,8.644699453422733,8.396320898304007
7.3,10.0,3.0,0.2973793429975051,0.2087228869588432,21.73300928697506,8.6258668604912,8.393987299995832
7.3,10.0,3.0,0.320052481732506,0.20866357471864014,22.268670623843605,8.607779453577171,8.39160200244532
7.3,10.0,3.0,0.3431591298005543,0.20860311928208053,22.778348724736816,8.590464645074045,8.38917073017762
7.3,10.0,3.0,0.36664362126255085,0.20854166580337993,23.26139822705943,8.573938531565696,8.3866993207061
7.3,10.0,3.0,0.39044937992156514,0.20847936190132024,23.717527702093093,8.558207277209608,8.384193710658973
7.3,10.0,3.0,0.4145190556198494,0.2084163573077644,24.146757982244935,8.54326848914897,8.381659921644003
7.3,10.0,3.0,0.43879466240039194,0.20835280351046415,24.549380160559394,8.529112551563438,8.37910404588367
7.3,10.0,3.0,0.46321771820016633,0.2082888533909871,24.92591436215821,8.515723892209092,8.376532231654071
7.3,10.0,3.0,0.4877293857385439,0.20822466085860702,25.277070183077683,8.50308216203976,8.373950668561475
7.3,10.0,3.0,0.5122706142614561,0.20816038048101732,25.603709491143093,8.491163314583787,8.371365572691117
7.3,10.0,3.0,0.5367822817998338,0.20809616711274265,25.90681209385957,8.479940577076938,8.368783171663415
7.3,10.0,3.0,0.5612053375996081,0.20803217552213576,26.187444605538985,8.469385309882409,8.366209689633306
7.3,10.0,3.0,0.5854809443801506,0.207968560017857,26.44673269380928,8.459467754464075,8.363651332268768
7.3,10.0,3.0,0.609550620078435,0.20790547407574111,26.685836756306344,8.45015767315312,8.36111427174491
7.3,10.0,3.0,0.6333563787374492,0.20784306996696517,26.905930972310387,8.441424886217472,8.3586046317904
7.3,10.0,3.0,0.6568408701994457,0.20778149838843052,27.10818559072817,8.433239713379688,8.356128472822922
7.3,10.0,3.0,0.6799475182674941,0.20772090809627736,27.293752253646858,8.42557332801263,8.353691777210635
7.3,10.0,3.0,0.702620657002495,0.2076614455434461,27.46375211158113,8.418398032856006,8.351300434696341
7.3,10.0,3.0,0.7248056648273034,0.20760325452219872,27.619266460017627,8.411687466323436,8.34896022802116
7.3,10.0,3.0,0.7464490961148921,0.20754647581250477,27.761329614302042,8.405416748386507,8.346676818784035
7.3,10.0,3.0,0.7674988099435487,0.20749124683718972,27.890923738683625,8.399562574701298,8.344455733573204
7.3,10.0,3.0,0.7879040957089227,0.20743770132473066,28.008975352940013,8.394103267147605,8.342302350405205
7.3,10.0,3.0,0.8076157952903134,0.2073859689805711,28.116353254174044,8.38901878833737,8.3402218855065
7.3,10.0,3.0,0.8265864214768883,0.20733617516780933,28.213867610105183,8.384290726962847,8.338219380472047
7.3,10.0,3.0,0.8447702723685335,0.20728844059809584,28.302270001758643,8.379902260135935,8.336299689834457
7.3,10.0,3.0,0.8621235414757334,0.20724288103355262,28.38225421648565,8.37583809814754,8.33446746907639
7.3,10.0,3.0,0.8786044232532423,0.2071996070005032,28.4544576155987,8.37208441637395,8.332727163117955
7.3,10.0,3.0,0.8941732138133032,0.20715872351577413,28.519462923724177,8.368628778392496,8.331082995309645
7.3,10.0,3.0,0.9087924065757919,0.20712032982629996,28.57780030863421,8.36546005375329,8.32953895696032
7.3,10.0,3.0,0.9224267826248536,0.20708451916273035,28.629949640385917,8.362568333294487,8.328098797428286
7.3,10.0,3.0,0.9350434955543557,0.20705137850770372,28.676342836819344,8.359944844389126,8.32676601480219
7.3,10.0,3.0,0.9466121505977576,0.20702098837941532,28.717366218704683,8.357581868072565,8.325543847197023
7.3,10.0,3.0,0.9571048778517653,0.20699342263106787,28.753362812061596,8.355472659619576,8.324435264688825
7.3,10.0,3.0,0.9664963994173694,0.20696874826675155,28.78463454745838,8.353611373816127,8.323442961910127
7.3,10.0,3.0,0.9747640902965183,0.20694702527425796,28.811444316528366,8.35199299589868,8.322569351326422
7.3,10.0,3.0,0.98188803289772,0.20692830647528654,28.83401785467305,8.35061327890862,8.32181655721205
7.3,10.0,3.0,0.9878510650192642,0.20691263739345567,28.852545426118127,8.349468688026173,8.321186410342163
7.3,10.0,3.0,0.9926388211944706,0.2069000561404831,28.867183293330754,8.348556352301392,8.320680443415352
7.3,10.0,3.0,0.996239767299355,0.2068905933208498,28.878054957474035,8.34787402408453,8.320299887219615
7.3,10.0,3.0,0.9986452283393451,0.2068842719552117,28.885252160263065,8.347420046369027,8.320045667552295
7.3,10.0,3.0,0.9998494093481021,0.20688110742277174,28.888835640455966,8.347193328192827,8.319918402902507
7.3,10.0,5.0,0.00015059065189787502,0.20949960686211327,10.014962324173041,9.016253736099461,8.425223821772136
7.3,10.0,5.0,0.0013547716606548965,0.20949646316568124,10.134202481754983,9.012323370529908,8.425097395062012
7.3,10.0,5.0,0.0037602327006450165,0.2094901832713952,10.370256793442309,9.004549928336395,8.42484484320414
7.3,10.0,5.0,0.007361178805529389,0.20948078215906316,10.718363272308693,8.993104095862007,8.424466768625587
7.3,10.0,5.0,0.012148934980735715,0.2094682822550613,11.17159895724376,8.978232461083358,8.42396407322418
7.3,10.0,5.0,0.01811196710228008,0.20945271338042964,11.721130234312113,8.96024695606891,8.423337956281099
7.3,10.0,5.0,0.025235909703481663,0.2094341126818289,12.356524877680727,8.93951197592155,8.422589911684263
7.3,10.0,5.0,0.03350360058263058,0.20941252454549858,13.066109308650539,8.916430031168407,8.421721724468057
7.3,10.0,5.0,0.04289512214823471,0.20938800049439127,13.837352848468072,8.89142682562339,8.4207354666765
7.3,10.0,5.0,0.05338784940224234,0.20936059906869195,14.657260274247449,8.864936607871664,8.41963349255822
7.3,10.0,5.0,0.06495650444564433,0.2093303856899656,15.51275473765321,8.83738853557062,8.418418433103003
7.3,10.0,5.0,0.0775732173751465,0.20929743250921234,16.391034933643425,8.809194637424072,8.41709318993122
7.3,10.0,5.0,0.0912075934242082,0.2092618182391407,17.279893093215776,8.780739779767165,8.415660928548505
7.3,10.0,5.0,0.10582678618669689,0.20922362797100647,18.167983649571624,8.752373863746811,8.414125070979779
7.3,10.0,5.0,0.12139557674675777,0.20918295297639594,19.045035999340712,8.724406311946455,8.412489287797767
7.3,10.0,5.0,0.13787645852426655,0.20913989049436665,19.90200836471638,8.697102761816634,8.410757489562668
7.3,10.0,5.0,0.15522972763146659,0.20909454350439155,20.73118310604923,8.670683773998324,8.408933817690885
7.3,10.0,5.0,0.17341357852311168,0.20904702048558488,21.526206736170707,8.645325288421528,8.407022634772074
7.3,10.0,5.0,0.1923842047096866,0.2089974351627194,22.282080208073012,8.62116051812195,8.405028514354983
7.3,10.0,5.0,0.2120959042910774,0.20894590623957707,22.995106712547226,8.598282955794767,8.402956230223896
7.3,10.0,5.0,0.23250119005645142,0.20889255712020527,23.662805219801726,8.576750175648934,8.400810745188702
7.3,10.0,5.0,0.25355090388510804,0.20883751561868064,24.28379836955918,8.556588137232083,8.398597199412759
7.3,10.0,5.0,0.27519433517269676,0.20878091365801213,24.85768313861064,8.537795732966842,8.396320898304007
7.3,10.0,5.0,0.2973793429975051,0.2087228869588432,25.384892100453328,8.520349362293436,8.393987299995832
7.3,10.0,5.0,0.320052481732506,0.20866357471864014,25.86655215801312,8.504207358578686,8.39160200244532
7.3,10.0,5.0,0.3431591298005543,0.20860311928208053,26.30434649721923,8.48931413730073,8.38917073017762
7.3,10.0,5.0,0.36664362126255085,0.20854166580337993,26.70038428636434,8.475603973304025,8.3866993207061
7.3,10.0,5.0,0.39044937992156514,0.20847936190132024,27.05708142731362,8.46300434975723,8.384193710658973
7.3,10.0,5.0,0.4145190556198494,0.2084163573077644,27.37705452296882,8.451438851079349,8.381659921644003
7.3,10.0,5.0,0.43879466240039194,0.20835280351046415,27.66302921274729,8.440829596261667,8.37910404588367
7.3,10.0,5.0,0.46321771820016633,0.2082888533909871,27.917763175463676,8.4310992278059,8.376532231654071
7.3,10.0,5.0,0.4877293857385439,0.20822466085860702,28.14398342015511,8.422172485286229,8.373950668561475
7.3,10.0,5.0,0.5122706142614561,0.20816038048101732,28.344336978693832,8.413977401858418,8.371365572691117
7.3,10.0,5.0,0.5367822817998338,0.20809616711274265,28.52135376721003,8.406446167516883,8.368783171663415
7.3,10.0,5.0,0.5612053375996081,0.20803217552213576,28.67742017694559,8.39951570521205,8.366209689633306
7.3,10.0,5.0,0.5854809443801506,0.207968560017857,28.81476186576208,8.39312800575303,8.363651332268768
7.3,10.0,5.0,0.609550620078435,0.20790547407574111,28.93543422449784,8.38723026536153,8.36111427174491
7.3,10.0,5.0,0.6333563787374492,0.20784306996696517,29.041319063918763,8.381774866375496,8.3586046317904
7.3,10.0,5.0,0.6568408701994457,0.20778149838843052,29.134126186532626,8.376719237412177,8.356128472822922
7.3,10.0,5.0,0.6799475182674941,0.20772090809627736,29.215398654562307,8.37202562469251,8.353691777210635
7.3,10.0,5.0,0.702620657002495,0.2076614455434461,29.28652072581309,8.367660801520397,8.351300434696341
7.3,10.0,5.0,0.7248056648273034,0.20760325452219872,29.348727591398358,8.363595738341097,8.34896022802116
7.3,10.0,5.0,0.7464490961148921,0.20754647581250477,29.403116204864716,8.359805251540289,8.346676818784035
7.3,10.0,5.0,0.7674988099435487,0.20749124683718972,29.450656635515543,8.356267645296896,8.344455733573204
7.3,10.0,5.0,0.7879040957089227,0.20743770132473066,29.492203506321857,8.352964357425229,8.342302350405205
7.3,10.0,5.0,0.8076157952903134,0.2073859689805711,29.52850718720623,8.34987961725343,8.3402218855065
7.3,10.0,5.0,0.8265864214768883,0.20733617516780933,29.56022450749839,8.34700012117521,8.338219380472047
7.3,10.0,5.0,0.8447702723685335,0.20728844059809584,29.58792882779477,8.344314729548739,8.336299689834457
7.3,10.0,5.0,0.8621235414757334,0.20724288103355262,29.612119372674954,8.341814187058073,8.33446746907639
7.3,10.0,5.0,0.8786044232532423,0.2071996070005032,29.633229773490086,8.339490867448134,8.332727163117955
7.3,10.0,5.0,0.8941732138133032,0.20715872351577413,29.6516358065972,8.337338542642984,8.331082995309645
7.3,10.0,5.0,0.9087924065757919,0.20712032982629996,29.6676623388355,8.33535217560862,8.32953895696032
7.3,10.0,5.0,0.9224267826248536,0.20708451916273035,29.681589510475305,8.333527735879086,8.328098797428286
7.3,10.0,5.0,0.9350434955543557,0.20705137850770372,29.69365819789249,8.331862036386708,8.32676601480219
7.3,10.0,5.0,0.9466121505977576,0.20702098837941532,29.704074805218454,8.330352590087704,8.325543847197023
7.3,10.0,5.0,0.9571048778517653,0.20699342263106787,29.71301543736189,8.328997484821988,8.324435264688825
7.3,10.0,5.0,0.9664963994173694,0.20696874826675155,29.720629507065553,8.327795274866109,8.323442961910127
7.3,10.0,5.0,0.9747640902965183,0.20694702527425796,29.727042826834918,8.32674488771008,8.322569351326422
7.3,10.0,5.0,0.98188803289772,0.20692830647528654,29.73236023328718,8.32584554469629,8.32181655721205
7.3,10.0,5.0,0.9878510650192642,0.20691263739345567,29.7366677871845,8.325096694289908,8.321186410342163
7.3,10.0,5.0,0.9926388211944706,0.2069000561404831,29.740034587509626,8.324497956895433,8.320680443415352
7.3,10.0,5.0,0.996239767299355,0.2068905933208498,29.74251423265713,8.32404908028735,8.320299887219615
7.3,10.0,5.0,0.9986452283393451,0.2068842719552117,29.744145956347154,8.323749904879506,8.320045667552295
7.3,10.0,5.0,0.9998494093481021,0.20688110742277174,29.74495546032,8.323600338215023,8.319918402902507
7.3,20.0,1.0,0.00015059065189787502,0.20949980462758633,20.00148757303998,8.70911343726227,8.425231775096725
7.3,20.0,1.0,0.0013547716606548965,0.20949824235084288,20.013374727339112,8.708695358396007,8.425168946667439
7.3,20.0,1.0,0.0037602327006450165,0.20949512154252922,20.03707758498814,8.707861580182849,8.425043440424535
7.3,20.0,1.0,0.007361178805529389,0.2094904496841472,20.072454084512287,8.706616833375826,8.424855557243646
7.3,20.0,1.0,0.012148934980735715,0.20948423797585644,20.11929321862692,8.704968143975126,8.424605747549732
7.3,20.0,1.0,0.01811196710228008,0.20947650131001846,20.177317491425526,8.702924750692603,8.424294610253124
7.3,20.0,1.0,0.025235909703481663,0.20946725823601253,20.246186121408357,8.700497997550348,8.423922891334566
7.3,20.0,1.0,0.03350360058263058,0.2094565309164026,20.325498930176934,8.697701203776653,8.42349148208242
7.3,20.0,1.0,0.04289512214823471,0.20944434507455215,20.414800844699982,8.694549513577753,8.423001416985953
7.3,20.0,1.0,0.05338784940224234,0.20943072993380393,20.51358693104521,8.691059728703252,8.422453871289392
7.3,20.0,1.0,0.06495650444564433,0.20941571814835994,20.6213078696004,8.687250126978695,8.421850158212196
7.3,20.0,1.0,0.0775732173751465,0.20939934572601543,20.737375776219608,8.683140270146247,8.421191725841734
7.3,20.0,1.0,0.0912075934242082,0.20938165194292072,20.86117027050392,8.678750804432164,8.420480153705348
7.3,20.0,1.0,0.10582678618669689,0.20936267925056057,20.992044691550348,8.67410325725031,8.419717149029443
7.3,20.0,1.0,0.12139557674675777,0.20934247317516075,21.129332362909565,8.669219833358484,8.418904542694028
7.3,20.0,1.0,0.13787645852426655,0.20932108220974763,21.272352812025247,8.664123213617245,8.418044284891788
7.3,20.0,1.0,0.15522972763146659,0.20929855769910438,21.42041785489812,8.65883635926789,8.417138440501493
7.3,20.0,1.0,0.17341357852311168,0.20927495371788365,21.572837463855194,8.653382324359336,8.41618918418618
7.3,20.0,1.0,0.1923842047096866,0.20925032694215323,21.728925344844015,8.647784078624065,8.415198795227244
7.3,20.0,1.0,0.2120959042910774,0.20922473651466675,21.88800416028181,8.642064342744527,8.414169652106178
7.3,20.0,1.0,0.23250119005645142,0.20919824390416636,22.04941034386235,8.63624543757497,8.413104226846283
7.3,20.0,1.0,0.25355090388510804,0.20917091275903962,22.212498464530768,8.630349148502333,8.41200507912736
7.3,20.0,1.0,0.27519433517269676,0.20914280875566585,22.376645107770855,8.62439660575376,8.410874850186797
7.3,20.0,1.0,0.2973793429975051,0.20911399944180162,22.54125225312339,8.618408181097758,8.409716256521188
7.3,20.0,1.0,0.320052481732506,0.20908455407536716,22.705750137208383,8.612403401048732,8.408532083402966
7.3,20.0,1.0,0.3431591298005543,0.20905454345900723,22.869599601235848,8.606400876377467,8.40732517822711
7.3,20.0,1.0,0.36664362126255085,0.2090240397708114,23.032293930875824,8.600418247457755,8.40609844370341
7.3,20.0,1.0,0.39044937992156514,0.2089931163915896,23.193360204277496,8.59447214474529,8.404854830910184
7.3,20.0,1.0,0.4145190556198494,0.20896184772910695,23.35236017087766,8.588578163490617,8.403597332225726
7.3,20.0,1.0,0.43879466240039194,0.2089303090396926,23.508890689366012,8.582750851633985,8.402328974154122
7.3,20.0,1.0,0.46321771820016633,0.20889857624764302,23.662583757751122,8.577003709715248,8.4010528100624
7.3,20.0,1.0,0.4877293857385439,0.20886672576284823,23.81310617192065,8.5713492015546,8.399771912846184
7.3,20.0,1.0,0.5122706142614561,0.20883483429707558,23.960158851444078,8.56579877441753,8.398489367541382
7.3,20.0,1.0,0.5367822817998338,0.20880297867934933,24.103475872706497,8.560362887365796,8.397208263899497
7.3,20.0,1.0,0.5612053375996081,0.20877123567086966,24.24282324986592,8.555051046512729,8.395931688944424
7.3,20.0,1.0,0.5854809443801506,0.2087396817799162,24.377997503706865,8.549871845940634,8.394662719528622
7.3,20.0,1.0,0.609550620078435,0.20870839307718428,24.508824057320794,8.54483301309744,8.393404414906682
7.3,20.0,1.0,0.6333563787374492,0.20867744501200122,24.63515549580609,8.539941457564055,8.392159809344298
7.3,20.0,1.0,0.6568408701994457,0.2086469122298711,24.756869724957028,8.535203322170194,8.390931904780652
7.3,20.0,1.0,0.6799475182674941,0.20861686839179377,24.873868061317523,8.530624035530282,8.38972366356217
7.3,20.0,1.0,0.702620657002495,0.20858738599580168,24.98607328312147,8.52620836516993,8.388538001265443
7.3,20.0,1.0,0.7248056648273034,0.20855853620115392,25.09342766862494,8.521960470513925,8.387377779627034
7.3,20.0,1.0,0.7464490961148921,0.2085303886556223,25.195891045243798,8.517883955106614,8.386245799597623
7.3,20.0,1.0,0.7674988099435487,0.20850301132629767,25.293438869824627,8.51398191753273,8.385144794537723
7.3,20.0,1.0,0.7879040957089227,0.20847647033433808,25.38606035736416,8.51025700059924,8.384077423571922
7.3,20.0,1.0,0.8076157952903134,0.2084508297940706,25.473756672603713,8.506711438425754,8.383046265118212
7.3,20.0,1.0,0.8265864214768883,0.20842615165685052,25.55653919620852,8.503347101171082,8.382053810608642
7.3,20.0,1.0,0.8447702723685335,0.2084024955600706,25.634427874729738,8.500165537196223,8.381102458417075
7.3,20.0,1.0,0.8621235414757334,0.20837991868169975,25.707449661260455,8.497168012528677,8.380194508009337
7.3,20.0,1.0,0.8786044232532423,0.20835847560072052,25.77563705165079,8.4943555475501,8.379332154330568
7.3,20.0,1.0,0.8941732138133032,0.20833821816381756,25.839026719356696,8.491728950877727,8.378517482443977
7.3,20.0,1.0,0.9087924065757919,0.20831919535865678,25.89765825044651,8.489288850451366,8.37775246243464
7.3,20.0,1.0,0.9224267826248536,0.20830145319407795,25.951572978988565,8.487035721871298,8.377038944591344
7.3,20.0,1.0,0.9350434955543557,0.20828503458750625,26.000812921979502,8.48496991405886,8.376378654878728
7.3,20.0,1.0,0.9466121505977576,0.20826997925987178,26.045419812125317,8.483091672331863,8.37577319071137
7.3,20.0,1.0,0.9571048778517653,0.20825632363830543,26.085434226154064,8.481401159000768,8.375224017040617
7.3,20.0,1.0,0.9664963994173694,0.20824410076686206,26.1208948058931,8.479898471600412,8.374732462764227
7.3,20.0,1.0,0.9747640902965183,0.20823334022550014,26.151837569072086,8.478583658875788,8.374299717468064
7.3,20.0,1.0,0.98188803289772,0.20822406805752727,26.17829530669792,8.47745673463983,8.373926828508248
7.3,20.0,1.0,0.9878510650192642,0.20821630670569874,26.200297063869698,8.476517689616914,8.373614698441303
7.3,20.0,1.0,0.9926388211944706,0.20821007495713376,26.217867701041882,8.47576650137816,8.373364082808905
7.3,20.0,1.0,0.996239767299355,0.20820538789719303,26.231027532990367,8.47520314246439,8.373175588283027
7.3,20.0,1.0,0.9986452283393451,0.20820225687243582,26.239792043064824,8.474827586779897,8.373049671176233
7.3,20.0,1.0,0.9998494093481021,0.208200689462754,26.244171670712035,8.474639814325823,8.372986636321
7.3,20.0,3.0,0.00015059065189787502,0.20949980462758633,20.004462047160416,8.709025070766495,8.425231775096725
7.3,20.0,3.0,0.0013547716606548965,0.20949824235084288,20.04006988423299,8.707902425712357,8.425168946667439
7.3,20.0,3.0,0.0037602327006450165,0.20949512154252922,20.11081580160254,8.70567205417443,8.425043440424535
7.3,20.0,3.0,0.007361178805529389,0.2094904496841472,20.21577198308779,8.70236339228818,8.424855557243646
7.3,20.0,3.0,0.012148934980735715,0.20948423797585644,20.353575498368116,8.698019609265176,8.424605747549732
7.3,20.0,3.0,0.01811196710228008,0.20947650131001846,20.522461621244304,8.692696473334305,8.424294610253124
7.3,20.0,3.0,0.025235909703481663,0.20946725823601253,20.720306266975342,8.686460916262671,8.423922891334566
7.3,20.0,3.0,0.03350360058263058,0.2094565309164026,20.94467598131098,8.67938935584867,8.42349148208242
7.3,20.0,3.0,0.04289512214823471,0.20944434507455215,21.19288368060859,8.67156584345168,8.423001416985953
7.3,20.0,3.0,0.05338784940224234,0.20943072993380393,21.462048198750438,8.663080107440692,8.422453871289392
7.3,20.0,3.0,0.06495650444564433,0.20941571814835994,21.74915564601298,8.654025563424455,8.421850158212196
7.3,20.0,3.0,0.0775732173751465,0.20939934572601543,22.0511206253953,8.644497358559706,8.421191725841734
7.3,20.0,3.0,0.0912075934242082,0.20938165194292072,22.364845475721665,8.634590510637516,8.420480153705348
7.3,20.0,3.0,0.10582678618669689,0.20936267925056057,22.687275906201137,8.624398193695518,8.419717149029443
7.3,20.0,3.0,0.12139557674675777,0.20934247317516075,23.01545163883651,8.614010211356776,8.418904542694028
7.3,20.0,3.0,0.13787645852426655,0.20932108220974763,23.346550965863855,8.603511687730103,8.418044284891788
7.3,20.0,3.0,0.15522972763146659,0.20929855769910438,23.677928441286156,8.592981994250767,8.417138440501493
7.3,20.0,3.0,0.17341357852311168,0.20927495371788365,24.007145241062176,8.582493919928593,8.41618918418618
7.3,20.0,3.0,0.1923842047096866,0.20925032694215323,24.331992029730827,8.572113082609924,8.415198795227244
7.3,20.0,3.0,0.2120959042910774,0.20922473651466675,24.65050444875834,8.561897570414656,8.414169652106178
7.3,20.0,3.0,0.23250119005645142,0.20919824390416636,24.96097158322715,8.551897795701398,8.413104226846283
7.3,20.0,3.0,0.25355090388510804,0.20917091275903962,25.26193796149829,8.542156538830469,8.41200507912736
7.3,20.0,3.0,0.27519433517269676,0.20914280875566585,25.552199793307693,8.53270915561017,8.410874850186797
7.3,20.0,3.0,0.2973793429975051,0.20911399944180162,25.830796254641996,8.523583920510054,8.409716256521188
7.3,20.0,3.0,0.320052481732506,0.20908455407536716,26.096996684589385,8.51480247732336,8.408532083402966
7.3,20.0,3.0,0.3431591298005543,0.20905454345900723,26.35028457425807,8.506380369736561,8.40732517822711
7.3,20.0,3.0,0.36664362126255085,0.2090240397708114,26.5903392064551,8.498327625973886,8.40609844370341
7.3,20.0,3.0,0.39044937992156514,0.2089931163915896,26.817015753759165,8.490649374085272,8.404854830910184
7.3,20.0,3.0,0.4145190556198494,0.20896184772910695,27.03032456897222,8.483346467306236,8.403597332225726
7.3,20.0,3.0,0.43879466240039194,0.2089303090396926,27.2304103127002,8.476416102029999,8.402328974154122
7.3,20.0,3.0,0.46321771820016633,0.20889857624764302,27.417531464548574,8.469852414117682,8.4010528100624
7.3,20.0,3.0,0.4877293857385439,0.20886672576284823,27.592040662941997,8.463647042385425,8.399771912846184
7.3,20.0,3.0,0.5122706142614561,0.20883483429707558,27.75436621877367,8.457789651036023,8.398489367541382
7.3,20.0,3.0,0.5367822817998338,0.20880297867934933,27.904995053837638,8.452268405465754,8.397208263899497
7.3,20.0,3.0,0.5612053375996081,0.20877123567086966,28.044457229142267,8.44707039822303,8.395931688944424
7.3,20.0,3.0,0.5854809443801506,0.2087396817799162,28.173312152630444,8.442182023896992,8.394662719528622
7.3,20.0,3.0,0.609550620078435,0.20870839307718428,28.292136491551275,8.437589303365503,8.393404414906682
7.3,20.0,3.0,0.6333563787374492,0.20867744501200122,28.40151376203289,8.433278159142771,8.392159809344298
7.3,20.0,3.0,0.6568408701994457,0.2086469122298711,28.502025526978287,8.429234644560244,8.390931904780652
7.3,20.0,3.0,0.6799475182674941,0.20861686839179377,28.59424410250898,8.425445130220602,8.38972366356217
7.3,20.0,3.0,0.702620657002495,0.20858738599580168,28.678726651758495,8.421896451620126,8.388538001265443
7.3,20.0,3.0,0.7248056648273034,0.20855853620115392,28.756010531642062,8.418576022076977,8.387377779627034
7.3,20.0,3.0,0.7464490961148921,0.2085303886556223,28.82660975198388,8.415471915170652,8.386245799597623
7.3,20.0,3.0,0.7674988099435487,0.20850301132629767,28.891012405777644,8.41257292082685,8.385144794537723
7.3,20.0,3.0,0.7879040957089227,0.20847647033433808,28.949678933130087,8.409868579006147,8.384077423571922
7.3,20.0,3.0,0.8076157952903134,0.2084508297940706,29.003041088484565,8.407349194703574,8.383046265118212
7.3,20.0,3.0,0.8265864214768883,0.20842615165685052,29.051501490026112,8.405005837665424,8.382053810608642
7.3,20.0,3.0,0.8447702723685335,0.2084024955600706,29.09543364089609,8.402830329900558,8.381102458417075
7.3,20.0,3.0,0.8621235414757334,0.20837991868169975,29.135182323288973,8.400815223723638,8.380194508009337
7.3,20.0,3.0,0.8786044232532423,0.20835847560072052,29.17106427810745,8.398953772730922,8.379332154330568
7.3,20.0,3.0,0.8941732138133032,0.20833821816381756,29.203369094193363,8.397239897785136,8.378517482443977
7.3,20.0,3.0,0.9087924065757919,0.20831919535865678,29.232360241913398,8.395668149782553,8.37775246243464
7.3,20.0,3.0,0.9224267826248536,0.20830145319407795,29.258276195853455,8.394233670696668,8.377038944591344
7.3,20.0,3.0,0.9350434955543557,0.20828503458750625,29.281331600429496,8.392932154142066,8.376378654878728
7.3,20.0,3.0,0.9466121505977576,0.20826997925987178,29.301718440292973,8.391759806480065,8.37577319071137
7.3,20.0,3.0,0.9571048778517653,0.20825632363830543,29.31960718448397,8.390713309294076,8.375224017040617
7.3,20.0,3.0,0.9664963994173694,0.20824410076686206,29.335147879387364,8.389789783896747,8.374732462764227
7.3,20.0,3.0,0.9747640902965183,0.20823334022550014,29.348471170732182,8.388986758390459,8.374299717468064
7.3,20.0,3.0,0.98188803289772,0.20822406805752727,29.359689239213026,8.388302137686026,8.373926828508248
7.3,20.0,3.0,0.9878510650192642,0.20821630670569874,29.368896637890373,8.387734176788463,8.373614698441303
7.3,20.0,3.0,0.9926388211944706,0.20821007495713376,29.37617102242649,8.387281457581409,8.373364082808905
7.3,20.0,3.0,0.996239767299355,0.20820538789719303,29.381573767537986,8.38694286928036,8.373175588283027
7.3,20.0,3.0,0.9986452283393451,0.20820225687243582,29.38515046487447,8.386717592676725,8.373049671176233
7.3,20.0,3.0,0.9998494093481021,0.208200689462754,29.386931298961997,8.386605088257605,8.372986636321
7.3,20.0,5.0,0.00015059065189787502,0.20949980462758633,20.00743562555988,8.70893673267343,8.425231775096725
7.3,20.0,5.0,0.0013547716606548965,0.20949824235084288,20.066692807347238,8.707111782401615,8.425168946667439
7.3,20.0,5.0,0.0037602327006450165,0.20949512154252922,20.184001552513507,8.703500021123038,8.425043440424535
7.3,20.0,5.0,0.007361178805529389,0.2094904496841472,20.356995360286533,8.69817617642179,8.424855557243646
7.3,20.0,5.0,0.012148934980735715,0.20948423797585644,20.582233819538715,8.691248562943493,8.424605747549732
7.3,20.0,5.0,0.01811196710228008,0.20947650131001846,20.855327007634628,8.68285482250498,8.424294610253124
7.3,20.0,5.0,0.025235909703481663,0.20946725823601253,21.17109056122581,8.673156670392268,8.423922891334566
7.3,20.0,5.0,0.03350360058263058,0.2094565309164026,21.523723218479688,8.662333961930532,8.42349148208242
7.3,20.0,5.0,0.04289512214823471,0.20944434507455215,21.9069977760459,8.650578415785173,8.423001416985953
7.3,20.0,5.0,0.05338784940224234,0.20943072993380393,22.314456172306905,8.638087326059116,8.422453871289392
7.3,20.0,5.0,0.06495650444564433,0.20941571814835994,22.73959978134087,8.625057567007529,8.421850158212196
7.3,20.0,5.0,0.0775732173751465,0.20939934572601543,23.17606691028027,8.611680147135798,8.421191725841734
7.3,20.0,5.0,0.0912075934242082,0.20938165194292072,23.617790827902695,8.598135509850172,8.420480153705348
7.3,20.0,5.0,0.10582678618669689,0.20936267925056057,24.059133280050105,8.584589712285618,8.419717149029443
7.3,20.0,5.0,0.12139557674675777,0.20934247317516075,24.494990222721754,8.57119154855937,8.418904542694028
7.3,20.0,5.0,0.13787645852426655,0.20932108220974763,24.92086828487504,8.558070623555516,8.418044284891788
7.3,20.0,5.0,0.15522972763146659,0.20929855769910438,25.332932134647535,8.54533633211603,8.417138440501493
7.3,20.0,5.0,0.17341357852311168,0.20927495371788365,25.728024364738076,8.53307765840427,8.41618918418618
7.3,20.0,5.0,0.1923842047096866,0.20925032694215323,26.103660665805705,8.52136368205269,8.415198795227244
7.3,20.0,5.0,0.2120959042910774,0.20922473651466675,26.45800388416177,8.510244661200355,8.414169652106178
7.3,20.0,5.0,0.23250119005645142,0.20919824390416636,26.789821055708046,8.49975355650925,8.413104226846283
7.3,20.0,5.0,0.25355090388510804,0.20917091275903962,27.098427692181417,8.489907863018805,8.41200507912736
7.3,20.0,5.0,0.27519433517269676,0.20914280875566585,27.383623508543337,8.480711626280982,8.410874850186797
7.3,20.0,5.0,0.2973793429975051,0.20911399944180162,27.64562347504284,8.472157533597892,8.409716256521188
7.3,20.0,5.0,0.320052481732506,0.20908455407536716,27.884987613512294,8.464228988468403,8.408532083402966
7.3,20.0,5.0,0.3431591298005543,0.20905454345900723,28.102552394286818,8.456902094885947,8.40732517822711
7.3,20.0,5.0,0.36664362126255085,0.2090240397708114,28.29936598244342,8.450147496562844,8.40609844370341
7.3,20.0,5.0,0.39044937992156514,0.2089931163915896,28.4766289763283,8.443932033453732,8.404854830910184
7.3,20.0,5.0,0.4145190556198494,0.20896184772910695,28.635641713990083,8.438220193392912,8.403597332225726
7.3,20.0,5.0,0.43879466240039194,0.2089303090396926,28.777758719891835,8.432975349812386,8.402328974154122
7.3,20.0,5.0,0.46321771820016633,0.20889857624764302,28.904350440686358,8.428160787176957,8.4010528100624
7.3,20.0,5.0,0.4877293857385439,0.20886672576284823,29.016772081478564,8.423740523963078,8.399771912846184
7.3,20.0,5.0,0.5122706142614561,0.20883483429707558,29.116339102194104,8.41967994886872,8.398489367541382
7.3,20.0,5.0,0.5367822817998338,0.20880297867934933,29.20430876131934,8.415946289721719,8.397208263899497
7.3,20.0,5.0,0.5612053375996081,0.20877123567086966,29.28186699170203,8.412508936563047,8.395931688944424
7.3,20.0,5.0,0.5854809443801506,0.2087396817799162,29.350119848677707,8.409339640951412,8.394662719528622
7.3,20.0,5.0,0.609550620078435,0.20870839307718428,29.410088772262895,8.406412612997379,8.393404414906682
7.3,20.0,5.0,0.6333563787374492,0.20867744501200122,29.46270894071398,8.403704536295649,8.392159809344298
7.3,20.0,5.0,0.6568408701994457,0.2086469122298711,29.50883005165025,8.401194519055839,8.390931904780652
7.3,20.0,5.0,0.6799475182674941,0.20861686839179377,29.54921894000813,8.39886399756269,8.38972366356217
7.3,20.0,5.0,0.702620657002495,0.20858738599580168,29.584563521822474,8.396696605811345,8.388538001265443
7.3,20.0,5.0,0.7248056648273034,0.20855853620115392,29.61547763345368,8.394678022900745,8.387377779627034
7.3,20.0,5.0,0.7464490961148921,0.2085303886556223,29.64250641319279,8.392795807629485,8.386245799597623
7.3,20.0,5.0,0.7674988099435487,0.20850301132629767,29.66613194337026,8.391039227788413,8.385144794537723
7.3,20.0,5.0,0.7879040957089227,0.20847647033433808,29.686778934501376,8.389399089920547,8.384077423571922
7.3,20.0,5.0,0.8076157952903134,0.2084508297940706,29.704820287862105,8.387867573836063,8.383046265118212
7.3,20.0,5.0,0.8265864214768883,0.20842615165685052,29.720582419114464,8.386438074926831,8.382053810608642
7.3,20.0,5.0,0.8447702723685335,0.2084024955600706,29.73435026358385,8.385105056307761,8.381102458417075
7.3,20.0,5.0,0.8621235414757334,0.20837991868169975,29.74637191421374,8.383863912000843,8.380194508009337
7.3,20.0,5.0,0.8786044232532423,0.20835847560072052,29.756862866960546,8.382710841747647,8.379332154330568
7.3,20.0,5.0,0.8941732138133032,0.20833821816381756,29.76600986636015,8.3816427375616,8.378517482443977
7.3,20.0,5.0,0.9087924065757919,0.20831919535865678,29.773974357128395,8.380657081786916,8.37775246243464
7.3,20.0,5.0,0.9224267826248536,0.20830145319407795,29.780895556817995,8.379751856193387,8.377038944591344
7.3,20.0,5.0,0.9350434955543557,0.20828503458750625,29.786893170530732,8.378925461483432,8.376378654878728
7.3,20.0,5.0,0.9466121505977576,0.20826997925987178,29.79206977215921,8.378176646501974,8.37577319071137
7.3,20.0,5.0,0.9571048778517653,0.20825632363830543,29.79651287819803,8.377504446404366,8.375224017040617
7.3,20.0,5.0,0.9664963994173694,0.20824410076686206,29.800296740293845,8.376908129040439,8.374732462764227
7.3,20.0,5.0,0.9747640902965183,0.20823334022550014,29.80348388179999,8.376387148842689,8.374299717468064
7.3,20.0,5.0,0.98188803289772,0.20822406805752727,29.806126401964036,8.375941107555617,8.373926828508248
7.3,20.0,5.0,0.9878510650192642,0.20821630670569874,29.8082670692487,8.375569721205107,8.373614698441303
7.3,20.0,5.0,0.9926388211944706,0.20821007495713376,29.80994022284858,8.375272792776107,8.373364082808905
7.3,20.0,5.0,0.996239767299355,0.20820538789719303,29.81117249883897,8.375050190141252,8.373175588283027
7.3,20.0,5.0,0.9986452283393451,0.20820225687243582,29.81198339467545,8.374901828859148,8.373049671176233
7.3,20.0,5.0,0.9998494093481021,0.208200689462754,29.812385683007278,8.374827659538157,8.372986636321
14.5,10.0,1.0,0.00015059065189787502,0.20949956242825796,10.003567976837985,9.016614645658187,8.320443898353659
14.5,10.0,1.0,0.0013547716606548965,0.20949606341819996,10.03207957934012,9.015556248331546,8.320304932350341
14.5,10.0,1.0,0.0037602327006450165,0.20948907373476466,10.08893140766213,9.013445905293956,8.320027331441697
14.5,10.0,1.0,0.007361178805529389,0.2094786100321172,10.173782724214902,9.010296435581562,8.319611757061312
14.5,10.0,1.0,0.012148934980735715,0.20946469724355085,10.286127423359176,9.00612685920573,8.319059199455012
14.5,10.0,1.0,0.01811196710228008,0.20944736852404838,10.425299925025683,9.00096215227965,8.318370975399652
14.5,10.0,1.0,0.025235909703481663,0.2094266651738731,10.590482857249754,8.994832929280419,8.31754872516846
14.5,10.0,1.0,0.03350360058263058,0.20940263654334154,10.780716383292031,8.987775059559418,8.316594408749014
14.5,10.0,1.0,0.04289512214823471,0.20937533991896626,10.994909000421728,8.979829226520298,8.31551030132131
14.5,10.0,1.0,0.05338784940224234,0.20934484039119547,11.231849613434292,8.971040438910824,8.31429898800494
14.5,10.0,1.0,0.06495650444564433,0.20931121070401387,11.490220667089943,8.961457504397615,8.312963357885858
14.5,10.0,1.0,0.0775732173751465,0.20927453108670513,11.768612108262289,8.951132476000184,8.3115065973347
14.5,10.0,1.0,0.0912075934242082,0.20923488906811594,12.065535940843176,8.940120082056154,8.309932182630126
14.5,10.0,1.0,0.10582678618669689,0.2091923792737965,12.379441134354352,8.92847715018718,8.308243871902095
14.5,10.0,1.0,0.12139557674675777,0.20914710320642999,12.708728650586295,8.916262035261596,8.306445696411442
14.5,10.0,1.0,0.13787645852426655,0.20909916901000083,13.051766361062846,8.903534060639602,8.30454195118363
14.5,10.0,1.0,0.15522972763146659,0.2090486912181856,13.406903641240206,8.890352981080865,8.302537185015893
14.5,10.0,1.0,0.17341357852311168,0.20899579048748934,13.772485444483266,8.876778474638193,8.300436189878537
14.5,10.0,1.0,0.1923842047096866,0.20894059331568185,14.14686567932796,8.862869669700856,8.298243989732395
14.5,10.0,1.0,0.2120959042910774,0.2088832317461272,14.528419736600767,8.848684712133053,8.295965828786048
14.5,10.0,1.0,0.23250119005645142,0.20882384305862964,14.915556037839906,8.83428037622037,8.293607159217515
14.5,10.0,1.0,0.25355090388510804,0.20876256944745708,15.30672650238472,8.81971172192889,8.291173628386703
14.5,10.0,1.0,0.27519433517269676,0.20869955768723267,15.700435856729598,8.805031799831191,8.288671065566014
14.5,10.0,1.0,0.2973793429975051,0.2086349587874181,16.09524973557643,8.790291403989084,8.286105468217874
14.5,10.0,1.0,0.320052481732506,0.20856892763614418,16.489801548856576,8.775538872125068,8.28348298784918
14.5,10.0,1.0,0.3431591298005543,0.2085016226341728,16.88279811228722,8.760819931578322,8.280809915473796
14.5,10.0,1.0,0.36664362126255085,0.20843320531980236,17.273024060340617,8.74617758883515,8.278092666715388
14.5,10.0,1.0,0.39044937992156514,0.2083638399855599,17.659345079497598,8.731652059851545,8.275337766584022
14.5,10.0,1.0,0.4145190556198494,0.20829369328754338,18.04071001608952,8.717280737944806,8.272551833960888
14.5,10.0,1.0,0.43879466240039194,0.20822293384830823,18.41615192676676,8.703098195717262,8.26974156582662
14.5,10.0,1.0,0.46321771820016633,0.20815173185420913,18.784788150613792,8.689136217278104,8.266913721269402
14.5,10.0,1.0,0.4877293857385439,0.20808025864813504,19.145819490197255,8.675423856939293,8.264075105310104
14.5,10.0,1.0,0.5122706142614561,0.2080086863185881,19.49852859449004,8.661987520564693,8.261232552582225
14.5,10.0,1.0,0.5367822817998338,0.2079371872860811,19.84227763981977,8.648851065835574,8.258392910905336
14.5,10.0,1.0,0.5612053375996081,0.20786593388783633,20.17650540596952,8.636035917845357,8.25556302479106
14.5,10.0,1.0,0.5854809443801506,0.20779509796178786,20.5007238435403,8.623561196640098,8.252749718921383
14.5,10.0,1.0,0.609550620078435,0.20772485043089306,20.814514225955577,8.611443853564221,8.249959781639255
14.5,10.0,1.0,0.6333563787374492,0.20765536088877407,21.117522975313705,8.599698813542958,8.247199948492009
14.5,10.0,1.0,0.6568408701994457,0.2075867971877078,21.40945724596179,8.588339120722157,8.244476885868043
14.5,10.0,1.0,0.6799475182674941,0.20751932502999337,21.69008034344762,8.577376085183888,8.241797174767663
14.5,10.0,1.0,0.702620657002495,0.2074531075637178,21.95920704965721,8.566819428753787,8.239167294748578
14.5,10.0,1.0,0.7248056648273034,0.20738830498394545,22.2166989177112,8.556677428207712,8.236593608086826
14.5,10.0,1.0,0.7464490961148921,0.20732507414034376,22.46245959277786,8.546957054464167,8.234082344193311
14.5,10.0,1.0,0.7674988099435487,0.2072635681522554,22.696430207560923,8.537664106612512,8.231639584326082
14.5,10.0,1.0,0.7879040957089227,0.20720393603220943,22.918584893991635,8.528803339870363,8.229271246637776
14.5,10.0,1.0,0.8076157952903134,0.20714632231885324,23.1289264457277,8.520378586786425,8.22698307159722
14.5,10.0,1.0,0.8265864214768883,0.20709086672026666,23.327482159546378,8.512392871204412,8.22478060782335
14.5,10.0,1.0,0.8447702723685335,0.2070377037685999,23.51429987769228,8.504848514680445,8.2226691983689
14.5,10.0,1.0,0.8621235414757334,0.20698696248695153,23.689444247754466,8.497747235199531,8.22065396749017
14.5,10.0,1.0,0.8786044232532423,0.2069387660693778,23.852993211748583,8.491090238167626,8.218739807938354
14.5,10.0,1.0,0.8941732138133032,0.20689323157489073,24.00503473177008,8.484878299764638,8.216931368806412
14.5,10.0,1.0,0.9087924065757919,0.20685046963627404,24.14566375587907,8.4791118428327,8.215233043964485
14.5,10.0,1.0,0.9224267826248536,0.20681058418450557,24.274979424752985,8.473791005543246,8.213648961115082
14.5,10.0,1.0,0.9350434955543557,0.20677367218953915,24.393082517087294,8.468915703138908,8.212182971498041
14.5,10.0,1.0,0.9466121505977576,0.206739823418156,24.50007312970041,8.464485683082103,8.210838640273396
14.5,10.0,1.0,0.9571048778517653,0.20670912020955234,24.596048586772042,8.460500573964442,8.20961923760866
14.5,10.0,1.0,0.9664963994173694,0.20668163726928318,24.681101571579973,8.45695992854,8.208527730495131
14.5,10.0,1.0,0.9747640902965183,0.20665744148213347,24.755318473445072,8.453863261243887,8.207566775315932
14.5,10.0,1.0,0.98188803289772,0.20663659174443805,24.81877794232298,8.45121008054557,8.206738711186444
14.5,10.0,1.0,0.9878510650192642,0.2066191388163172,24.871549643526066,8.448999916466734,8.206045554085739
14.5,10.0,1.0,0.9926388211944706,0.2066051251942416,24.913693205404286,8.447232343566105,8.205488991795388
14.5,10.0,1.0,0.996239767299355,0.20659458500428515,24.94525735339687,8.445906999660806,8.205070379659906
14.5,10.0,1.0,0.9986452283393451,0.20658754391636278,24.96627922466064,8.445023600515725,8.204790737180646
14.5,10.0,1.0,0.9998494093481021,0.20658401907969776,24.97678385843949,8.444581950690788,8.204650745452824
14.5,10.0,3.0,0.00015059065189787502,0.20949956242825796,10.010702318804306,9.0163874686109,8.320443898353659
14.5,10.0,3.0,0.0013547716606548965,0.20949606341819996,10.09610850358348,9.013518245511008,8.320304932350341
14.5,10.0,3.0,0.0037602327006450165,0.20948907373476466,10.265794151125817,9.0078211560606,8.320027331441697
14.5,10.0,3.0,0.007361178805529389,0.2094786100321172,10.51753387379955,8.999377668405309,8.319611757061312
14.5,10.0,3.0,0.012148934980735715,0.20946469724355085,10.84805865308573,8.988306934784175,8.319059199455012
14.5,10.0,3.0,0.01811196710228008,0.20944736852404838,11.253135754163907,8.974762304142901,8.318370975399652
14.5,10.0,3.0,0.025235909703481663,0.2094266651738731,11.727670512803172,8.958926945661096,8.31754872516846
14.5,10.0,3.0,0.03350360058263058,0.20940263654334154,12.265826235162024,8.941008790626785,8.316594408749014
14.5,10.0,3.0,0.04289512214823471,0.20937533991896626,12.861157891691676,8.921235021800028,8.31551030132131
14.5,10.0,3.0,0.05338784940224234,0.20934484039119547,13.506754941734243,8.899846345825452,8.31429898800494
14.5,10.0,3.0,0.06495650444564433,0.20931121070401387,14.19538850412789,8.87709127621459,8.312963357885858
14.5,10.0,3.0,0.0775732173751465,0.20927453108670513,14.91965818592405,8.85322063392438,8.3115065973347
14.5,10.0,3.0,0.0912075934242082,0.20923488906811594,15.672134178279748,8.828482442433588,8.309932182630126
14.5,10.0,3.0,0.10582678618669689,0.2091923792737965,16.445490697179594,8.803117357720055,8.308243871902095
14.5,10.0,3.0,0.12139557674675777,0.20914710320642999,17.232627450372775,8.777354733974105,8.306445696411442
14.5,10.0,3.0,0.13787645852426655,0.20909916901000083,18.026776509377783,8.751409386280063,8.30454195118363
14.5,10.0,3.0,0.15522972763146659,0.2090486912181856,18.82159271346029,8.72547907438515,8.302537185015893
14.5,10.0,3.0,0.17341357852311168,0.20899579048748934,19.61122648921628,8.699742698943417,8.300436189878537
14.5,10.0,3.0,0.1923842047096866,0.20894059331568185,20.39037869667709,8.674359174485389,8.298243989732395
14.5,10.0,3.0,0.2120959042910774,0.2088832317461272,21.154337778452145,8.649466922401007,8.295965828786048
14.5,10.0,3.0,0.23250119005645142,0.20882384305862964,21.899000067270663,8.625183912468358,8.293607159217515
14.5,10.0,3.0,0.25355090388510804,0.20876256944745708,22.620874582214924,8.601608172528623,8.291173628386703
14.5,10.0,3.0,0.27519433517269676,0.20869955768723267,23.317074005711675,8.578818682119836,8.288671065566014
14.5,10.0,3.0,0.2973793429975051,0.2086349587874181,23.98529378011358,8.556876566392866,8.286105468217874
14.5,10.0,3.0,0.320052481732506,0.20856892763614418,24.623781399063205,8.535826510528969,8.28348298784918
14.5,10.0,3.0,0.3431591298005543,0.2085016226341728,25.231298004559733,8.515698321262507,8.280809915473796
14.5,10.0,3.0,0.36664362126255085,0.20843320531980236,25.80707434932225,8.49650857015768,8.278092666715388
14.5,10.0,3.0,0.39044937992156514,0.2083638399855599,26.350763061577425,8.478262262274786,8.275337766584022
14.5,10.0,3.0,0.4145190556198494,0.20829369328754338,26.862388972749898,8.460954483190662,8.272551833960888
14.5,10.0,3.0,0.43879466240039194,0.20822293384830823,27.34229905450252,8.44457198653806,8.26974156582662
14.5,10.0,3.0,0.46321771820016633,0.20815173185420913,27.791113275886005,8.429094692945593,8.266913721269402
14.5,10.0,3.0,0.4877293857385439,0.20808025864813504,28.20967744796144,8.414497079247626,8.264075105310104
14.5,10.0,3.0,0.5122706142614561,0.2080086863185881,28.59901888387924,8.400749443936366,8.261232552582225
14.5,10.0,3.0,0.5367822817998338,0.2079371872860811,28.960305476331882,8.387819040967047,8.258392910905336
14.5,10.0,3.0,0.5612053375996081,0.20786593388783633,29.294808588372007,8.375671079180842,8.25556302479106
14.5,10.0,3.0,0.5854809443801506,0.20779509796178786,29.60386997232297,8.364269588804694,8.252749718921383
14.5,10.0,3.0,0.609550620078435,0.20772485043089306,29.888872777336587,8.353578159779962,8.249959781639255
14.5,10.0,3.0,0.6333563787374492,0.20765536088877407,30.151216579752145,8.3435605591434,8.247199948492009
14.5,10.0,3.0,0.6568408701994457,0.2075867971877078,30.392296271054988,8.334181236426959,8.244476885868043
14.5,10.0,3.0,0.6799475182674941,0.20751932502999337,30.613484564120995,8.325405727157934,8.241797174767663
14.5,10.0,3.0,0.702620657002495,0.2074531075637178,30.81611782704931,8.317200965127283,8.239167294748578
14.5,10.0,3.0,0.7248056648273034,0.20738830498394545,31.001484922285556,8.309535514249331,8.236593608086826
14.5,10.0,3.0,0.7464490961148921,0.20732507414034376,31.170818713762458,8.302379730650138,8.234082344193311
14.5,10.0,3.0,0.7674988099435487,0.2072635681522554,31.325289903320424,8.29570586517731,8.231639584326082
14.5,10.0,3.0,0.7879040957089227,0.20720393603220943,31.466002866739302,8.289488115892688,8.229271246637776
14.5,10.0,3.0,0.8076157952903134,0.20714632231885324,31.593993176601032,8.283702639353873,8.22698307159722
14.5,10.0,3.0,0.8265864214768883,0.20709086672026666,31.710226521527204,8.278327528662867,8.22478060782335
14.5,10.0,3.0,0.8447702723685335,0.2070377037685999,31.815598757063697,8.273342765402862,8.2226691983689
14.5,10.0,3.0,0.8621235414757334,0.20698696248695153,31.91093685092943,8.268730151730786,8.22065396749017
14.5,10.0,3.0,0.8786044232532423,0.2069387660693778,31.99700051318524,8.26447322806922,8.218739807938354
14.5,10.0,3.0,0.8941732138133032,0.20689323157489073,32.07448432907307,8.260557181065057,8.216931368806412
14.5,10.0,3.0,0.9087924065757919,0.20685046963627404,32.14402023809487,8.256968745766263,8.215233043964485
14.5,10.0,3.0,0.9224267826248536,0.20681058418450557,32.20618022681947,8.253696105319559,8.213648961115082
14.5,10.0,3.0,0.9350434955543557,0.20677367218953915,32.261479124625794,8.250728790914446,8.212182971498041
14.5,10.0,3.0,0.9466121505977576,0.206739823418156,32.31037741094667,8.248057584192592,8.210838640273396
14.5,10.0,3.0,0.9571048778517653,0.20670912020955234,32.35328395954525,8.245674423904411,8.20961923760866
14.5,10.0,3.0,0.9664963994173694,0.20668163726928318,32.390558659994326,8.243572318222537,8.208527730495131
14.5,10.0,3.0,0.9747640902965183,0.20665744148213347,32.4225148689643,8.241745263810063,8.207566775315932
14.5,10.0,3.0,0.98188803289772,0.20663659174443805,32.449421654332696,8.24018817248407,8.206738711186444
14.5,10.0,3.0,0.9878510650192642,0.2066191388163172,32.47150580370601,8.238896806105931,8.206045554085739
14.5,10.0,3.0,0.9926388211944706,0.2066051251942416,32.488953575908,8.23786772016328,8.205488991795388
14.5,10.0,3.0,0.996239767299355,0.20659458500428515,32.50191217955381,8.237098216378053,8.205070379659906
14.5,10.0,3.0,0.9986452283393451,0.20658754391636278,32.51049096722346,8.236586304574647,8.204790737180646
14.5,10.0,3.0,0.9998494093481021,0.20658401907969776,32.51476233717028,8.236330673967009,8.204650745452824
14.5,10.0,5.0,0.00015059065189787502,0.20949956242825796,10.017834512363777,9.016160371416953,8.320443898353659
14.5,10.0,5.0,0.0013547716606548965,0.20949606341819996,10.159964173508854,9.011486674727287,8.320304932350341
14.5,10.0,5.0,0.0037602327006450165,0.20948907373476466,10.441331793380698,9.00224548603716,8.320027331441697
14.5,10.0,5.0,0.007361178805529389,0.2094786100321172,10.856261267536297,8.988644328480806,8.319611757061312
14.5,10.0,5.0,0.012148934980735715,0.20946469724355085,11.39650069379195,8.970982647239651,8.319059199455012
14.5,10.0,5.0,0.01811196710228008,0.20944736852404838,12.051520745612265,8.949638610879585,8.318370975399652
14.5,10.0,5.0,0.025235909703481663,0.2094266651738731,12.808886612839956,8.925053069008973,8.31754872516846
14.5,10.0,5.0,0.03350360058263058,0.20940263654334154,13.654683840659743,8.897711770880125,8.316594408749014
14.5,10.0,5.0,0.04289512214823471,0.20937533991896626,14.573976344104437,8.868126983471742,8.31551030132131
14.5,10.0,5.0,0.05338784940224234,0.20934484039119547,15.551274319547986,8.836819577563027,8.31429898800494
14.5,10.0,5.0,0.06495650444564433,0.20931121070401387,16.570990668982006,8.804302496897328,8.312963357885858
14.5,10.0,5.0,0.0775732173751465,0.20927453108670513,17.61786673135873,8.771066316676032,8.3115065973347
14.5,10.0,5.0,0.0912075934242082,0.20923488906811594,18.67735131765926,8.737567363257776,8.309932182630126
14.5,10.0,5.0,0.10582678618669689,0.2091923792737965,19.735920950581033,8.704218634339721,8.308243871902095
14.5,10.0,5.0,0.12139557674675777,0.20914710320642999,20.781333467698516,8.671383549503297,8.306445696411442
14.5,10.0,5.0,0.13787645852426655,0.20909916901000083,21.802811419183854,8.639372388925818,8.30454195118363
14.5,10.0,5.0,0.15522972763146659,0.2090486912181856,22.79115567673614,8.608441150101473,8.302537185015893
14.5,10.0,5.0,0.17341357852311168,0.20899579048748934,23.738793129109354,8.57879246919124,8.300436189878537
14.5,10.0,5.0,0.1923842047096866,0.20894059331568185,24.639765105402148,8.55057821120275,8.298243989732395
14.5,10.0,5.0,0.2120959042910774,0.2088832317461272,25.489665151859185,8.523903324896315,8.295965828786048
14.5,10.0,5.0,0.23250119005645142,0.20882384305862964,26.28553597682003,8.498830576231612,8.293607159217515
14.5,10.0,5.0,0.25355090388510804,0.20876256944745708,27.02573582004652,8.475385810422377,8.291173628386703
14.5,10.0,5.0,0.27519433517269676,0.20869955768723267,27.709784293444272,8.453563440147102,8.288671065566014
14.5,10.0,5.0,0.2973793429975051,0.2086349587874181,28.338197007909912,8.433331910265816,8.286105468217874
14.5,10.0,5.0,0.320052481732506,0.20856892763614418,28.912317188194606,8.414638942940345,8.28348298784918
14.5,10.0,5.0,0.3431591298005543,0.2085016226341728,29.434151126898257,8.397416418046097,8.280809915473796
14.5,10.0,5.0,0.36664362126255085,0.20843320531980236,29.906212871140553,8.381584790008345,8.278092666715388
14.5,10.0,5.0,0.39044937992156514,0.2083638399855599,30.331382082609593,8.367056982415727,8.275337766584022
14.5,10.0,5.0,0.4145190556198494,0.20829369328754338,30.71277765087507,8.353741735383686,8.272551833960888
14.5,10.0,5.0,0.43879466240039194,0.20822293384830823,31.05364843282092,8.341546407608082,8.26974156582662
14.5,10.0,5.0,0.46321771820016633,0.20815173185420913,31.357281475054663,8.330379255678697,8.266913721269402
14.5,10.0,5.0,0.4877293857385439,0.20808025864813504,31.62692726699413,8.320151228073268,8.264075105310104
14.5,10.0,5.0,0.5122706142614561,0.2080086863185881,31.865740968366254,8.310777321030109,8.261232552582225
14.5,10.0,5.0,0.5367822817998338,0.2079371872860811,32.076738141457895,8.30217754898111,8.258392910905336
14.5,10.0,5.0,0.5612053375996081,0.20786593388783633,32.26276327243454,8.294277584209423,8.25556302479106
14.5,10.0,5.0,0.5854809443801506,0.20779509796178786,32.42646925948134,8.28700911964562,8.252749718921383
14.5,10.0,5.0,0.609550620078435,0.20772485043089306,32.57030604907061,8.2803100059398,8.249959781639255
14.5,10.0,5.0,0.6333563787374492,0.20765536088877407,32.69651668693365,8.274124209776042,8.247199948492009
14.5,10.0,5.0,0.6568408701994457,0.2075867971877078,32.80713919160365,8.268401635367375,8.244476885868043
14.5,10.0,5.0,0.6799475182674941,0.20751932502999337,32.90401283363616,8.263097845628524,8.241797174767663
14.5,10.0,5.0,0.702620657002495,0.2074531075637178,32.988787594855864,8.258173714017833,8.239167294748578
14.5,10.0,5.0,0.7248056648273034,0.20738830498394545,33.062935775349956,8.25359503273099,8.236593608086826
14.5,10.0,5.0,0.7464490961148921,0.20732507414034376,33.12776490136673,8.249332097998218,8.234082344193311
14.5,10.0,5.0,0.7674988099435487,0.2072635681522554,33.1844312580381,8.24535928879937,8.231639584326082
14.5,10.0,5.0,0.7879040957089227,0.20720393603220943,33.23395352292857,8.24165465142612,8.229271246637776
14.5,10.0,5.0,0.8076157952903134,0.20714632231885324,33.27722610799589,8.23819949900456,8.22698307159722
14.5,10.0,5.0,0.8265864214768883,0.20709086672026666,33.31503192842564,8.234978032328886,8.22478060782335
14.5,10.0,5.0,0.8447702723685335,0.2070377037685999,33.34805440789751,8.231976986110661,8.2226691983689
14.5,10.0,5.0,0.8621235414757334,0.20698696248695153,33.37688860282367,8.229185302966876,8.22065396749017
14.5,10.0,5.0,0.8786044232532423,0.2069387660693778,33.40205138502182,8.22659383609678,8.218739807938354
14.5,10.0,5.0,0.8941732138133032,0.20689323157489073,33.42399066539173,8.224195080571224,8.216931368806412
14.5,10.0,5.0,0.9087924065757919,0.20685046963627404,33.443093672654925,8.22198293242283,8.215233043964485
14.5,10.0,5.0,0.9224267826248536,0.20681058418450557,33.459694323190945,8.219952474225236,8.213648961115082
14.5,10.0,5.0,0.9350434955543557,0.20677367218953915,33.47407973233379,8.218099785538774,8.212182971498041
14.5,10.0,5.0,0.9466121505977576,0.206739823418156,33.48649592583382,8.216421776434826,8.210838640273396
14.5,10.0,5.0,0.9571048778517653,0.20670912020955234,33.49715281393884,8.214916042258203,8.20961923760866
14.5,10.0,5.0,0.9664963994173694,0.20668163726928318,33.50622849086568,8.21358073781568,8.208527730495131
14.5,10.0,5.0,0.9747640902965183,0.20665744148213347,33.51387292026038,8.212414469267046,8.207566775315932
14.5,10.0,5.0,0.98188803289772,0.20663659174443805,33.520211063320176,8.211416202123578,8.206738711186444
14.5,10.0,5.0,0.9878510650192642,0.2066191388163172,33.52534550114888,8.210585183913995,8.206045554085739
14.5,10.0,5.0,0.9926388211944706,0.2066051251942416,33.52935859706429,8.209920880249154,8.205488991795388
14.5,10.0,5.0,0.996239767299355,0.20659458500428515,33.53231423828214,8.209422923196625,8.205070379659906
14.5,10.0,5.0,0.9986452283393451,0.20658754391636278,33.534259189881084,8.209091071059646,8.204790737180646
14.5,10.0,5.0,0.9998494093481021,0.20658401907969776,33.535224087342556,8.208925178839014,8.204650745452824
14.5,20.0,1.0,0.00015059065189787502,0.20949974709670366,20.002062183701014,8.709093974820037,8.320451232609752
14.5,20.0,1.0,0.0013547716606548965,0.2094977247784575,20.01854103562198,8.708520376283202,8.32037091461139
14.5,20.0,1.0,0.0037602327006450165,0.2094936849829273,20.0513996888767,8.707376515410353,8.32021047087738
14.5,20.0,1.0,0.007361178805529389,0.20948763738067186,20.100441207348467,8.705669023848255,8.31997028548175
14.5,20.0,1.0,0.012148934980735715,0.20947959644914133,20.16537307714293,8.703407748049408,8.319650933408099
14.5,20.0,1.0,0.01811196710228008,0.20946958143867972,20.245810612923663,8.700605630457426,8.319253179199348
14.5,20.0,1.0,0.025235909703481663,0.2094576163273096,20.34128139818671,8.697278555015872,8.318777975161982
14.5,20.0,1.0,0.03350360058263058,0.20944372976439682,20.45123067605755,8.693445160206103,8.318226459128644
14.5,20.0,1.0,0.04289512214823471,0.20942795500331673,20.57502759066358,8.689126623427928,8.317599951783924
14.5,20.0,1.0,0.05338784940224234,0.20941032982326863,20.711972165266104,8.684346421028687,8.31689995355916
14.5,20.0,1.0,0.06495650444564433,0.2093908964404081,20.861302892415836,8.67913006865073,8.316128141102979
14.5,20.0,1.0,0.0775732173751465,0.20936970140849104,21.022204803656848,8.67350484679749,8.315286363335305
14.5,20.0,1.0,0.0912075934242082,0.209346795509246,21.193817881825055,8.667499516613608,8.314376637093394
14.5,20.0,1.0,0.10582678618669689,0.20932223363271485,21.37524567777922,8.661144030838813,8.313401142379483
14.5,20.0,1.0,0.12139557674675777,0.20929607464782515,21.565563995348214,8.654469244736827,8.312362217220452
14.5,20.0,1.0,0.13787645852426655,0.20926838126347763,21.76382951317794,8.647506631532043,8.311262352150814
14.5,20.0,1.0,0.15522972763146659,0.20923921988045732,21.969088219741707,8.64028800652328,8.310104184331243
14.5,20.0,1.0,0.17341357852311168,0.20920866043449532,22.180383547676456,8.63284526360344,8.308890491315635
14.5,20.0,1.0,0.1923842047096866,0.20917677623083072,22.396764105439615,8.625210127414958,8.307624184480625
14.5,20.0,1.0,0.2120959042910774,0.20914364377064218,22.617290917608898,8.617413923832899,8.306308302132146
14.5,20.0,1.0,0.23250119005645142,0.20910934256973762,22.84104409952363,8.609487370909438,8.304946002304574
14.5,20.0,1.0,0.25355090388510804,0.20907395496991116,23.06712890694888,8.601460391852518,8.303540555268597
14.5,20.0,1.0,0.27519433517269676,0.20903756594339246,23.29468111660293,8.59336195106408,8.302095335764768
14.5,20.0,1.0,0.2973793429975051,0.20900026289083376,23.522871708323066,8.585219913743154,8.300613814980409
14.5,20.0,1.0,0.320052481732506,0.20896213543329412,23.750910833998148,8.577060929077588,8.299099552288073
14.5,20.0,1.0,0.3431591298005543,0.20892327519869847,23.978051071861955,8.56891033661447,8.297556186764622
14.5,20.0,1.0,0.36664362126255085,0.20888377560326285,24.203589977056822,8.560792095019483,8.295987428510331
14.5,20.0,1.0,0.39044937992156514,0.2088437316283909,24.426871950357338,8.552728732113392,8.294397049788163
14.5,20.0,1.0,0.4145190556198494,0.20880323959356112,24.647289456439864,8.544741314811727,8.292788876003806
14.5,20.0,1.0,0.43879466240039194,0.20876239692573517,24.86428363102209,8.536849437390176,8.291166776547533
14.5,20.0,1.0,0.46321771820016633,0.20872130192582813,25.0773443225429,8.529071226352237,8.289534655519372
14.5,20.0,1.0,0.4877293857385439,0.20868005353279287,25.286009618833134,8.521423360082787,8.28789644235955
14.5,20.0,1.0,0.5122706142614561,0.20863875108587696,25.48986491249383,8.513921101427583,8.28625608240631
14.5,20.0,1.0,0.5367822817998338,0.20859749408561926,25.688541560554256,8.506578341338487,8.284617527403713
14.5,20.0,1.0,0.5612053375996081,0.20855638195415932,25.881715194545393,8.49940765176184,8.282984725982129
14.5,20.0,1.0,0.5854809443801506,0.20851551379543568,26.06910373653875,8.492420346016635,8.281361614134314
14.5,20.0,1.0,0.609550620078435,0.20847498815585394,26.250465175119757,8.48562654500431,8.27975210571016
14.5,20.0,1.0,0.6333563787374492,0.20843490278600682,26.425595152855976,8.479035247706696,8.278160082953207
14.5,20.0,1.0,0.6568408701994457,0.20839535440402793,26.594324413734853,8.472654404558117,8.276589387102048
14.5,20.0,1.0,0.6799475182674941,0.20835643846116067,26.756516155455472,8.46649099241612,8.27504380907971
14.5,20.0,1.0,0.702620657002495,0.2083182489101207,26.91206332749772,8.460551089998996,8.273527080293986
14.5,20.0,1.0,0.7248056648273034,0.208280877976826,27.060885911713683,8.45483995280253,8.272042863571508
14.5,20.0,1.0,0.7464490961148921,0.20824441593606274,27.202928217897977,8.449362086650677,8.270594744248136
14.5,20.0,1.0,0.7674988099435487,0.20820895089164898,27.33815622251734,8.444121319171643,8.269186221437984
14.5,20.0,1.0,0.7879040957089227,0.20817456856164684,27.466554974603014,8.439120868620519,8.267820699502941
14.5,20.0,1.0,0.8076157952903134,0.20814135206916703,27.588126088805325,8.434363409590205,8.266501479744317
14.5,20.0,1.0,0.8265864214768883,0.2081093817392936,27.702885341843853,8.429851135262734,8.265231752337538
14.5,20.0,1.0,0.8447702723685335,0.2080787349026471,27.81086038510216,8.425585815952704,8.264014588530493
14.5,20.0,1.0,0.8621235414757334,0.20804948570608645,27.912088582949877,8.421568853782473,8.262852933125423
14.5,20.0,1.0,0.8786044232532423,0.2080217049310351,28.006614983536508,8.417801333405642,8.26174959726358
14.5,20.0,1.0,0.8941732138133032,0.20799545981989856,28.094490426317464,8.414284068760749,8.26070725153127
14.5,20.0,1.0,0.9087924065757919,0.20797081391102112,28.175769788426464,8.411017645891635,8.259728419405027
14.5,20.0,1.0,0.9224267826248536,0.20794782688260835,28.250510370204324,8.40800246191533,8.258815471052861
14.5,20.0,1.0,0.9350434955543557,0.20792655440602154,28.31877041871735,8.40523876025282,8.257970617507738
14.5,20.0,1.0,0.9466121505977576,0.2079070480088248,28.380607786927385,8.402726662263724,8.257195905228373
14.5,20.0,1.0,0.9571048778517653,0.2078893549479434,28.436078725293953,8.400466195443538,8.256493211061628
14.5,20.0,1.0,0.9664963994173694,0.20787351809326385,28.485236801974395,8.398457318352001,8.255864237619583
14.5,20.0,1.0,0.9747640902965183,0.2078595758219822,28.528131947407758,8.396699942445036,8.255310509083493
14.5,20.0,1.0,0.98188803289772,0.20784756192397716,28.56480961891151,8.395193950980273,8.254833367445617
14.5,20.0,1.0,0.9878510650192642,0.20783750551845792,28.595310080948877,8.393939215159058,8.254433969198805
14.5,20.0,1.0,0.9926388211944706,0.2078294309821053,28.619667796919373,8.39293560765626,8.254113282482573
14.5,20.0,1.0,0.996239767299355,0.2078233578888971,28.637910928667054,8.392183013673897,8.253872084693219
14.5,20.0,1.0,0.9986452283393451,0.20781930096177606,28.650060940355445,8.391681339636518,8.253710960564275
14.5,20.0,1.0,0.9998494093481021,0.20781727003628814,28.65613230391739,8.391430519625276,8.253630300722373
14.5,20.0,3.0,0.00015059065189787502,0.20949974709670366,20.00618561958322,8.708971475646017,8.320451232609752
14.5,20.0,3.0,0.0013547716606548965,0.2094977247784575,20.05554783526378,8.707421234499831,8.32037091461139
14.5,20.0,3.0,0.0037602327006450165,0.2094936849829273,20.15362105506091,8.704341844648077,8.32021047087738
14.5,20.0,3.0,0.007361178805529389,0.20948763738067186,20.29911907160522,8.69977490586945,8.31997028548175
14.5,20.0,3.0,0.012148934980735715,0.20947959644914133,20.490152490145988,8.693781381779102,8.319650933408099
14.5,20.0,3.0,0.01811196710228008,0.20946958143867972,20.724274916787238,8.686439949513263,8.319253179199348
14.5,20.0,3.0,0.025235909703481663,0.2094576163273096,20.998541788260752,8.677844915600561,8.318777975161982
14.5,20.0,3.0,0.03350360058263058,0.20944372976439682,21.30957967041752,8.668103787651207,8.318226459128644
14.5,20.0,3.0,0.04289512214823471,0.20942795500331673,21.653663529298,8.657334602463294,8.317599951783924
14.5,20.0,3.0,0.05338784940224234,0.20941032982326863,22.026799279470367,8.645663116069137,8.31689995355916
14.5,20.0,3.0,0.06495650444564433,0.2093908964404081,22.424808844229972,8.633219960235314,8.316128141102979
14.5,20.0,3.0,0.0775732173751465,0.20936970140849104,22.843415018199096,8.62013786354248,8.315286363335305
14.5,20.0,3.0,0.0912075934242082,0.209346795509246,23.27832359449411,8.606549024306222,8.314376637093394
14.5,20.0,3.0,0.10582678618669689,0.20932223363271485,23.725300489464985,8.592582708388552,8.313401142379483
14.5,20.0,3.0,0.12139557674675777,0.20929607464782515,24.180241946944648,8.578363128625636,8.312362217220452
14.5,20.0,3.0,0.13787645852426655,0.20926838126347763,24.639236307065914,8.564007645380444,8.311262352150814
14.5,20.0,3.0,0.15522972763146659,0.20923921988045732,25.09861625705156,8.54962531072877,8.310104184331243
14.5,20.0,3.0,0.17341357852311168,0.20920866043449532,25.55500091875149,8.535315762929686,8.308890491315635
14.5,20.0,3.0,0.1923842047096866,0.20917677623083072,26.005327548047717,8.521168463822642,8.307624184480625
14.5,20.0,3.0,0.2120959042910774,0.20914364377064218,26.446873005946372,8.507262260100928,8.306308302132146
14.5,20.0,3.0,0.23250119005645142,0.20910934256973762,26.877265495727784,8.493665240279416,8.304946002304574
14.5,20.0,3.0,0.25355090388510804,0.20907395496991116,27.29448733502562,8.48043485264627,8.303540555268597
14.5,20.0,3.0,0.27519433517269676,0.20903756594339246,27.69686974079849,8.467618245446795,8.302095335764768
14.5,20.0,3.0,0.2973793429975051,0.20900026289083376,28.08308074778023,8.455252788754118,8.300613814980409
14.5,20.0,3.0,0.320052481732506,0.20896213543329412,28.4521074598087,8.443366737618648,8.299099552288073
14.5,20.0,3.0,0.3431591298005543,0.20892327519869847,28.80323385408076,8.431979997797203,8.297556186764622
14.5,20.0,3.0,0.36664362126255085,0.20888377560326285,29.13601532871769,8.421104958273,8.295987428510331
14.5,20.0,3.0,0.39044937992156514,0.2088437316283909,29.450251113243382,8.410747358533378,8.294397049788163
14.5,20.0,3.0,0.4145190556198494,0.20880323959356112,29.745955559477068,8.40090716284829,8.292788876003806
14.5,20.0,3.0,0.43879466240039194,0.20876239692573517,30.02332920664321,8.391579418305838,8.291166776547533
14.5,20.0,3.0,0.46321771820016633,0.20872130192582813,30.28273037827637,8.382755077877865,8.289534655519372
14.5,20.0,3.0,0.4877293857385439,0.20868005353279287,30.52464792782581,8.374421774122656,8.28789644235955
14.5,20.0,3.0,0.5122706142614561,0.20863875108587696,30.749675611509872,8.36656453314643,8.28625608240631
14.5,20.0,3.0,0.5367822817998338,0.20859749408561926,30.95848843630995,8.359166422046743,8.284617527403713
14.5,20.0,3.0,0.5612053375996081,0.20855638195415932,31.151821211975175,8.35220912619358,8.282984725982129
14.5,20.0,3.0,0.5854809443801506,0.20851551379543568,31.330449431144302,8.34567345534509,8.281361614134314
14.5,20.0,3.0,0.609550620078435,0.20847498815585394,31.495172512581803,8.339539779747234,8.27975210571016
14.5,20.0,3.0,0.6333563787374492,0.20843490278600682,31.646799369474763,8.33378839905288,8.278160082953207
14.5,20.0,3.0,0.6568408701994457,0.20839535440402793,31.78613620730522,8.328399848153145,8.276589387102048
14.5,20.0,3.0,0.6799475182674941,0.20835643846116067,31.913976412983118,8.323355144888225,8.27504380907971
14.5,20.0,3.0,0.702620657002495,0.2083182489101207,32.03109236722679,8.318635985148065,8.273527080293986
14.5,20.0,3.0,0.7248056648273034,0.208280877976826,32.138228993910104,8.314224891137982,8.272042863571508
14.5,20.0,3.0,0.7464490961148921,0.20824441593606274,32.23609885144441,8.310105318622679,8.270594744248136
14.5,20.0,3.0,0.7674988099435487,0.20820895089164898,32.32537857041456,8.306261728822953,8.269186221437984
14.5,20.0,3.0,0.7879040957089227,0.20817456856164684,32.40670644692949,8.302679630367097,8.267820699502941
14.5,20.0,3.0,0.8076157952903134,0.20814135206916703,32.48068101091167,8.299345596332932,8.266501479744317
14.5,20.0,3.0,0.8265864214768883,0.2081093817392936,32.54786040144825,8.296247260989977,8.265231752337538
14.5,20.0,3.0,0.8447702723685335,0.2080787349026471,32.6087623962012,8.29337330039227,8.264014588530493
14.5,20.0,3.0,0.8621235414757334,0.20804948570608645,32.66386495773281,8.290713400503588,8.262852933125423
14.5,20.0,3.0,0.8786044232532423,0.2080217049310351,32.713607175693994,8.2882582160752,8.26174959726358
14.5,20.0,3.0,0.8941732138133032,0.20799545981989856,32.75839049954226,8.2859993230552,8.26070725153127
14.5,20.0,3.0,0.9087924065757919,0.20797081391102112,32.798580171374,8.283929166896886,8.259728419405027
14.5,20.0,3.0,0.9224267826248536,0.20794782688260835,32.83450678228695,8.282041008757098,8.258815471052861
14.5,20.0,3.0,0.9350434955543557,0.20792655440602154,32.86646788823583,8.280328871237758,8.257970617507738
14.5,20.0,3.0,0.9466121505977576,0.2079070480088248,32.89472963253485,8.278787485025362,8.257195905228373
14.5,20.0,3.0,0.9571048778517653,0.2078893549479434,32.91952833196751,8.27741223752393,8.256493211061628
14.5,20.0,3.0,0.9664963994173694,0.20787351809326385,32.941071991923195,8.276199124354813,8.255864237619583
14.5,20.0,3.0,0.9747640902965183,0.2078595758219822,32.95954172316789,8.275144704409607,8.255310509083493
14.5,20.0,3.0,0.98188803289772,0.20784756192397716,32.975093038872444,8.274246058986776,8.254833367445617
14.5,20.0,3.0,0.9878510650192642,0.20783750551845792,32.98785701547797,8.273500755415395,8.254433969198805
14.5,20.0,3.0,0.9926388211944706,0.2078294309821053,32.99794130500345,8.272906815467035,8.254113282482573
14.5,20.0,3.0,0.996239767299355,0.2078233578888971,33.00543098961754,8.272462688775818,8.253872084693219
14.5,20.0,3.0,0.9986452283393451,0.20781930096177606,33.010389271834754,8.272167231423536,8.253710960564275
14.5,20.0,3.0,0.9998494093481021,0.20781727003628814,33.012857995676086,8.27201968979831,8.253630300722373
14.5,20.0,5.0,0.00015059065189787502,0.20949974709670366,20.010307813750558,8.708849016805363,8.320451232609752
14.5,20.0,5.0,0.0013547716606548965,0.2094977247784575,20.092454499101166,8.706325343153058,8.32037091461139
14.5,20.0,5.0,0.0037602327006450165,0.2094936849829273,20.25507655245184,8.701332001254478,8.32021047087738
14.5,20.0,5.0,0.007361178805529389,0.20948763738067186,20.494893355514137,8.69397472939472,8.31997028548175
14.5,20.0,5.0,0.012148934980735715,0.20947959644914133,20.807135556086905,8.68440660857687,8.319650933408099
14.5,20.0,5.0,0.01811196710228008,0.20946958143867972,21.185717518934723,8.672821848769363,8.319253179199348
14.5,20.0,5.0,0.025235909703481663,0.2094576163273096,21.623452296384983,8.659448155534875,8.318777975161982
14.5,20.0,5.0,0.03350360058263058,0.20944372976439682,22.112297750488835,8.64453815233883,8.318226459128644
14.5,20.0,5.0,0.04289512214823471,0.20942795500331673,22.643621271682207,8.628360362311417,8.317599951783924
14.5,20.0,5.0,0.05338784940224234,0.20941032982326863,23.20847021760744,8.611190239901026,8.31689995355916
14.5,20.0,5.0,0.06495650444564433,0.2093908964404081,23.797835712669666,8.59330169331781,8.316128141102979
14.5,20.0,5.0,0.0775732173751465,0.20936970140849104,24.402898707995632,8.5749594617848,8.315286363335305
14.5,20.0,5.0,0.0912075934242082,0.209346795509246,25.01524905234612,8.556412617893736,8.314376637093394
14.5,20.0,5.0,0.10582678618669689,0.20932223363271485,25.627070581059513,8.537889365380048,8.313401142379483
14.5,20.0,5.0,0.12139557674675777,0.20929607464782515,26.231287691079558,8.519593205754683,8.312362217220452
14.5,20.0,5.0,0.13787645852426655,0.20926838126347763,26.821671339342515,8.501700460776938,8.311262352150814
14.5,20.0,5.0,0.15522972763146659,0.20923921988045732,27.392904705334445,8.484359066607041,8.310104184331243
14.5,20.0,5.0,0.17341357852311168,0.20920866043449532,27.940610757676836,8.467688502115609,8.308890491315635
14.5,20.0,5.0,0.1923842047096866,0.20917677623083072,28.461345563134955,8.45178067863284,8.307624184480625
14.5,20.0,5.0,0.2120959042910774,0.20914364377064218,28.952562323473728,8.436701600162818,8.306308302132146
14.5,20.0,5.0,0.23250119005645142,0.20910934256973762,29.412551812726235,8.42249359945397,8.304946002304574
14.5,20.0,5.0,0.25355090388510804,0.20907395496991116,29.84036514266876,8.409177963403772,8.303540555268597
14.5,20.0,5.0,0.27519433517269676,0.20903756594339246,30.235724663377084,8.39675777800449,8.302095335764768
14.5,20.0,5.0,0.2973793429975051,0.20900026289083376,30.598928382499537,8.385220845455363,8.300613814980409
14.5,20.0,5.0,0.320052481732506,0.20896213543329412,30.930752643693893,8.37454255154957,8.299099552288073
14.5,20.0,5.0,0.3431591298005543,0.20892327519869847,31.232357023965903,8.364688587805773,8.297556186764622
14.5,20.0,5.0,0.36664362126255085,0.20888377560326285,31.50519456721969,8.355617458344668,8.295987428510331
14.5,20.0,5.0,0.39044937992156514,0.2088437316283909,31.750929631624274,8.347282724972946,8.294397049788163
14.5,20.0,5.0,0.4145190556198494,0.20880323959356112,31.97136484189633,8.339634964519494,8.292788876003806
14.5,20.0,5.0,0.43879466240039194,0.20876239692573517,32.16837793996547,8.332623429730038,8.291166776547533
14.5,20.0,5.0,0.46321771820016633,0.20872130192582813,32.343868740277344,8.32619741882723,8.289534655519372
14.5,20.0,5.0,0.4877293857385439,0.20868005353279287,32.49971592831753,8.320307369277046,8.28789644235955
14.5,20.0,5.0,0.5122706142614561,0.20863875108587696,32.63774309186647,8.314905698630644,8.28625608240631
14.5,20.0,5.0,0.5367822817998338,0.20859749408561926,32.759693135567204,8.30994741990616,8.284617527403713
14.5,20.0,5.0,0.5612053375996081,0.20855638195415932,32.86721008719098,8.305390561268862,8.282984725982129
14.5,20.0,5.0,0.5854809443801506,0.20851551379543568,32.961827242396964,8.301196420211685,8.281361614134314
14.5,20.0,5.0,0.609550620078435,0.20847498815585394,33.044960596835665,8.297329681469911,8.27975210571016
14.5,20.0,5.0,0.6333563787374492,0.20843490278600682,33.11790656372892,8.293758425926436,8.278160082953207
14.5,20.0,5.0,0.6568408701994457,0.20839535440402793,33.181843056721334,8.290454055130931,8.276589387102048
14.5,20.0,5.0,0.6799475182674941,0.20835643846116067,33.237833119081984,8.28739115306248,8.27504380907971
14.5,20.0,5.0,0.702620657002495,0.2083182489101207,33.28683039086525,8.284547303647106,8.273527080293986
14.5,20.0,5.0,0.7248056648273034,0.208280877976826,33.32968581740522,8.281902879477734,8.272042863571508
14.5,20.0,5.0,0.7464490961148921,0.20824441593606274,33.36715510969475,8.279440814301594,8.270594744248136
14.5,20.0,5.0,0.7674988099435487,0.20820895089164898,33.399906565892934,8.277146369221718,8.269186221437984
14.5,20.0,5.0,0.7879040957089227,0.20817456856164684,33.42852895110809,8.275006900250215,8.267820699502941
14.5,20.0,5.0,0.8076157952903134,0.20814135206916703,33.45353920865176,8.273011632869531,8.266501479744317
14.5,20.0,5.0,0.8265864214768883,0.2081093817392936,33.475389840041714,8.271151447598813,8.265231752337538
14.5,20.0,5.0,0.8447702723685335,0.2080787349026471,33.49447584368676,8.269418679207705,8.264014588530493
14.5,20.0,5.0,0.8621235414757334,0.20804948570608645,33.51114114436251,8.26780693114068,8.262852933125423
14.5,20.0,5.0,0.8786044232532423,0.2080217049310351,33.52568447849217,8.266310905878598,8.26174959726358
14.5,20.0,5.0,0.8941732138133032,0.20799545981989856,33.538364725154565,8.264926251335586,8.26070725153127
14.5,20.0,5.0,0.9087924065757919,0.20797081391102112,33.54940569094782,8.263649422934437,8.259728419405027
14.5,20.0,5.0,0.9224267826248536,0.20794782688260835,33.559000369533635,8.262477560690922,8.258815471052861
14.5,20.0,5.0,0.9350434955543557,0.20792655440602154,33.56731470497198,8.261408380438217,8.257970617507738
14.5,20.0,5.0,0.9466121505977576,0.2079070480088248,33.574490892774634,8.260440078211847,8.257195905228373
14.5,20.0,5.0,0.9571048778517653,0.2078893549479434,33.58065025477492,8.25957124677261,8.256493211061628
14.5,20.0,5.0,0.9664963994173694,0.20787351809326385,33.585895724093916,8.25880080325204,8.255864237619583
14.5,20.0,5.0,0.9747640902965183,0.2078595758219822,33.5903139752254,8.258127926948385,8.255310509083493
14.5,20.0,5.0,0.98188803289772,0.20784756192397716,33.59397723199697,8.257552006369544,8.254833367445617
14.5,20.0,5.0,0.9878510650192642,0.20783750551845792,33.596944783213075,8.257072594704512,8.254433969198805
14.5,20.0,5.0,0.9926388211944706,0.2078294309821053,33.59926423240324,8.256689373000365,8.254113282482573
14.5,20.0,5.0,0.996239767299355,0.2078233578888971,33.60097250446398,8.256402120423054,8.253872084693219
14.5,20.0,5.0,0.9986452283393451,0.20781930096177606,33.60209662820938,8.256210691084295,8.253710960564275
14.5,20.0,5.0,0.9998494093481021,0.20781727003628814,33.60265431002978,8.256114997021395,8.253630300722373
14.5,30.0,1.0,0.00015059065189787502,0.20949993176506299,30.000556390564043,8.421858562118627,8.320458566862415
14.5,30.0,1.0,0.0013547716606548965,0.20949938613173189,30.00500249190378,8.421713112268062,8.320436896595098
14.5,30.0,1.0,0.0037602327006450165,0.20949829617729301,30.013867970091212,8.42142302047942,8.320393608176472
14.5,30.0,1.0,0.007361178805529389,0.20949666452305343,30.02709969048209,8.420989893351825,8.320328805713858
14.5,30.0,1.0,0.012148934980735715,0.20949449509313214,30.044618730926857,8.420416117900043,8.320242645056803
14.5,30.0,1.0,0.01811196710228008,0.20949179310507093,30.066321300821585,8.419704834594688,8.320135333424183
14.5,30.0,1.0,0.025235909703481663,0.20948856505734936,30.09207993912372,8.418859902235175,8.32000712890835
14.5,30.0,1.0,0.03350360058263058,0.20948481871383387,30.121744968823066,8.417885855327611,8.319858339857511
14.5,30.0,1.0,0.04289512214823471,0.2094805630851968,30.155146180905547,8.416787854771227,8.319689324137782
14.5,30.0,1.0,0.05338784940224234,0.2094758084073495,30.192094717097973,8.415571632766705,8.319500488276624
14.5,30.0,1.0,0.06495650444564433,0.20947056611693957,30.2323851177419,8.414243432944293,8.319292286489713
14.5,30.0,1.0,0.0775732173751465,0.20946484882396998,30.27579749905152,8.412809946768416,8.319065219593474
14.5,30.0,1.0,0.0912075934242082,0.209458670281605,30.322099822807047,8.411278247307061,8.318819833805907
14.5,30.0,1.0,0.10582678618669689,0.20945204535323245,30.371050221204314,8.409655721459298,8.318556719438433
14.5,30.0,1.0,0.12139557674675777,0.20944498997686137,30.422399340110246,8.407950001713925,8.318276509481922
14.5,30.0,1.0,0.13787645852426655,0.20943752112693795,30.475892665293202,8.40616889846803,8.317979878090176
14.5,30.0,1.0,0.15522972763146659,0.20942965677366954,30.53127279824338,8.40432033386918,8.31766753896446
14.5,30.0,1.0,0.17341357852311168,0.20942141583995377,30.588281650869817,8.402412278061615,8.3173402436429
14.5,30.0,1.0,0.1923842047096866,0.2094128181560129,30.646662531551442,8.400452688619033,8.316998779698743
14.5,30.0,1.0,0.2120959042910774,0.20940388441184155,30.706162098617256,8.398449453837626,8.316643968851796
14.5,30.0,1.0,0.23250119005645142,0.20939463610758038,30.76653216120758,8.396410340446971,8.316276664997469
14.5,30.0,1.0,0.25355090388510804,0.20938509550193218,30.82753131151327,8.394342946176486,8.31589775215807
14.5,30.0,1.0,0.27519433517269676,0.20937528555874368,30.88892637647649,8.39225465749527,8.315508142361278
14.5,30.0,1.0,0.2973793429975051,0.20936522989187925,30.95049368106993,8.390152612725984,8.315108773450735
14.5,30.0,1.0,0.320052481732506,0.20935495270851728,31.012020119139947,8.388043670622121,8.314700606834036
14.5,30.0,1.0,0.3431591298005543,0.20934447875100465,31.073304031436976,8.385934384394528,8.31428462517342
14.5,30.0,1.0,0.36664362126255085,0.20933383323740698,31.134155893773197,8.383830981079766,8.313861830024674
14.5,30.0,1.0,0.39044937992156514,0.20932304180089722,31.194398821217135,8.381739346060332,8.31343323942992
14.5,30.0,1.0,0.4145190556198494,0.20931213042812621,31.25386889679038,8.379665012476833,8.312999885469925
14.5,30.0,1.0,0.43879466240039194,0.2093011253967234,31.31241533527748,8.377613155214569,8.312562811781918
14.5,30.0,1.0,0.46321771820016633,0.20929005321207692,31.369900494472063,8.375588589101909,8.312123071048736
14.5,30.0,1.0,0.4877293857385439,0.20927894054354423,31.426199747468957,8.373595770925267,8.3116817224654
14.5,30.0,1.0,0.5122706142614561,0.20926781416024706,31.48120123049756,8.371638804844224,8.311239829189145
14.5,30.0,1.0,0.5367822817998338,0.20925670086660417,31.534805481288515,8.369721450780167,8.310798455779052
14.5,30.0,1.0,0.5612053375996081,0.20924562743775743,31.58692498312115,8.367847135351004,8.310358665631457
14.5,30.0,1.0,0.5854809443801506,0.20923462055504669,31.637483629537087,8.366018964932445,8.30992151841726
14.5,30.0,1.0,0.609550620078435,0.2092237067416891,31.686416124283824,8.364239740441336,8.309488067527406
14.5,30.0,1.0,0.6333563787374492,0.20921291229881836,31.73366733039819,8.36251197345751,8.309059357532602
14.5,30.0,1.0,0.6568408701994457,0.20920226324203817,31.779191581507973,8.360837903326368,8.308636421663511
14.5,30.0,1.0,0.6799475182674941,0.20919178523864423,31.822951967463155,8.3592195149134,8.308220279317458
14.5,30.0,1.0,0.702620657002495,0.20918150354566625,31.864919605337946,8.357658556713371,8.307811933597725
14.5,30.0,1.0,0.7248056648273034,0.2091714429488811,31.90507290571611,8.356156559049703,8.307412368891411
14.5,30.0,1.0,0.7464490961148921,0.2091616277029451,31.94339684301815,8.354714852132584,8.307022548491728
14.5,30.0,1.0,0.7674988099435487,0.20915208147279088,31.97988223747359,8.353334583777206,8.306643412270542
14.5,30.0,1.0,0.7879040957089227,0.20914282727643227,32.01452505521411,8.352016736615145,8.306275874406818
14.5,30.0,1.0,0.8076157952903134,0.20913388742931616,32.047325731882836,8.350762144662063,8.305920821176505
14.5,30.0,1.0,0.8265864214768883,0.20912528349035792,32.0782885241411,8.349571509132975,8.305579108809294
14.5,30.0,1.0,0.8447702723685335,0.20911703620979138,32.10742089251198,8.348445413422045,8.30525156141744
14.5,30.0,1.0,0.8621235414757334,0.20910916547896247,32.13473291814523,8.34738433718735,8.304938969001771
14.5,30.0,1.0,0.8786044232532423,0.20910169028218817,32.16023675532426,8.346388669501433,8.304642085539731
14.5,30.0,1.0,0.8941732138133032,0.20909462865079953,32.183946120864675,8.34545872104665,8.304361627160157
14.5,30.0,1.0,0.9087924065757919,0.20908799761948194,32.20587582097369,8.344594735349533,8.304098270409304
14.5,30.0,1.0,0.9224267826248536,0.20908181318501914,32.22604131565561,8.343796899061157,8.303852650612326
14.5,30.0,1.0,0.9350434955543557,0.20907609026754312,32.24445832034752,8.343065351300817,8.303625360334284
14.5,30.0,1.0,0.9466121505977576,0.20907084267438517,32.26114244415447,8.34240019208829,8.303416947944461
14.5,30.0,1.0,0.9571048778517653,0.20906608306661664,32.27610886381598,8.341801489895747,8.303227916287511
14.5,30.0,1.0,0.9664963994173694,0.20906182292836303,32.289372032369045,8.341269288354367,8.303058721464726
14.5,30.0,1.0,0.9747640902965183,0.20905807253896572,32.30094542137061,8.340803612152653,8.302909771728434
14.5,30.0,1.0,0.98188803289772,0.20905484094806115,32.310841295500325,8.340404472164131,8.302781426492231
14.5,30.0,1.0,0.9878510650192642,0.2090521359536385,32.31907051837197,8.34007186984111,8.302673995459546
14.5,30.0,1.0,0.9926388211944706,0.20904996408313029,32.32564238843486,8.339805800909165,8.302587737872615
14.5,30.0,1.0,0.996239767299355,0.20904833057758246,32.33056450393735,8.339606258393893,8.302522861883803
14.5,30.0,1.0,0.9986452283393451,0.20904723937894315,32.33384265605048,8.339473235007429,8.302479524050753
14.5,30.0,1.0,0.9998494093481021,0.20904669312050178,32.33548074939563,8.339406724917653,8.30245782895668
14.5,30.0,3.0,0.00015059065189787502,0.20949993176506299,30.001668920362135,8.421827654920792,8.320458566862415
14.5,30.0,3.0,0.0013547716606548965,0.20949938613173189,30.014987166944138,8.421435744919362,8.320436896595098
14.5,30.0,3.0,0.0037602327006450165,0.20949829617729301,30.041447958995946,8.420656960766884,8.320393608176472
14.5,30.0,3.0,0.007361178805529389,0.20949666452305343,30.080704269410717,8.419501245892846,8.320328805713858
14.5,30.0,3.0,0.012148934980735715,0.20949449509313214,30.13224632720619,8.417983199939895,8.320242645056803
14.5,30.0,3.0,0.01811196710228008,0.20949179310507093,30.19541407941051,8.416121714357663,8.320135333424183
14.5,30.0,3.0,0.025235909703481663,0.20948856505734936,30.269413063718275,8.413939509314655,8.32000712890835
14.5,30.0,3.0,0.03350360058263058,0.20948481871383387,30.35333310567296,8.41146258978551,8.319858339857511
14.5,30.0,3.0,0.04289512214823471,0.2094805630851968,30.446169166904383,8.408719641194173,8.319689324137782
14.5,30.0,3.0,0.05338784940224234,0.2094758084073495,30.546843617206434,8.405741386442937,8.319500488276624
14.5,30.0,3.0,0.06495650444564433,0.20947056611693957,30.654229184332223,8.402559926508046,8.319292286489713
14.5,30.0,3.0,0.0775732173751465,0.20946484882396998,30.767171850474256,8.399208086083592,8.319065219593474
14.5,30.0,3.0,0.0912075934242082,0.209458670281605,30.8845130107087,8.395718784117992,8.318819833805907
14.5,30.0,3.0,0.10582678618669689,0.20945204535323245,31.00511028175049,8.39212444667328,8.318556719438433
14.5,30.0,3.0,0.12139557674675777,0.20944498997686137,31.127856443516634,8.388456476542153,8.318276509481922
14.5,30.0,3.0,0.13787645852426655,0.20943752112693795,31.25169610475416,8.384744790693423,8.317979878090176
14.5,30.0,3.0,0.15522972763146659,0.20942965677366954,31.375639800642944,8.381017433094845,8.31766753896446
14.5,30.0,3.0,0.17341357852311168,0.20942141583995377,31.498775348286756,8.377300266980896,8.3173402436429
14.5,30.0,3.0,0.1923842047096866,0.2094128181560129,31.620276399418515,8.373616747363128,8.316998779698743
14.5,30.0,3.0,0.2120959042910774,0.20940388441184155,31.739408233440827,8.369987771659263,8.316643968851796
14.5,30.0,3.0,0.23250119005645142,0.20939463610758038,31.855530924185018,8.366431603843436,8.316276664997469
14.5,30.0,3.0,0.25355090388510804,0.20938509550193218,31.968100087836376,8.362963865553603,8.31589775215807
14.5,30.0,3.0,0.27519433517269676,0.20937528555874368,32.07666547588536,8.359597586156623,8.315508142361278
14.5,30.0,3.0,0.2973793429975051,0.20936522989187925,32.18086771544711,8.356343302856992,8.315108773450735
14.5,30.0,3.0,0.320052481732506,0.20935495270851728,32.280433520554425,8.35320920150642,8.314700606834036
14.5,30.0,3.0,0.3431591298005543,0.20934447875100465,32.3751697036019,8.350201288772121,8.31428462517342
14.5,30.0,3.0,0.36664362126255085,0.20933383323740698,32.464956308113244,8.34732358668337,8.313861830024674
14.5,30.0,3.0,0.39044937992156514,0.20932304180089722,32.5497391649094,8.34457834122251,8.31343323942992
14.5,30.0,3.0,0.4145190556198494,0.20931213042812621,32.629522146204295,8.34196623748201,8.312999885469925
14.5,30.0,3.0,0.43879466240039194,0.2093011253967234,32.70435935878396,8.339486614899442,8.312562811781918
14.5,30.0,3.0,0.46321771820016633,0.20929005321207692,32.77434748066668,8.337137677141351,8.312123071048736
14.5,30.0,3.0,0.4877293857385439,0.20927894054354423,32.839618407690125,8.334916692277554,8.3116817224654
14.5,30.0,3.0,0.5122706142614561,0.20926781416024706,32.90033233914045,8.332820179922388,8.311239829189145
14.5,30.0,3.0,0.5367822817998338,0.20925670086660417,32.95667139628807,8.330844082983441,8.310798455779052
14.5,30.0,3.0,0.5612053375996081,0.20924562743775743,33.008833835578514,8.328983922525481,8.310358665631457
14.5,30.0,3.0,0.5854809443801506,0.20923462055504669,33.057028889965466,8.327234935011985,8.30992151841726
14.5,30.0,3.0,0.609550620078435,0.2092237067416891,33.10147224782685,8.325592191821828,8.309488067527406
14.5,30.0,3.0,0.6333563787374492,0.20921291229881836,33.14238215919738,8.324050701453372,8.309059357532602
14.5,30.0,3.0,0.6568408701994457,0.20920226324203817,33.17997614355545,8.32260549522775,8.308636421663511
14.5,30.0,3.0,0.6799475182674941,0.20919178523864423,33.214468261845354,8.321251697596617,8.308220279317458
14.5,30.0,3.0,0.702620657002495,0.20918150354566625,33.24606690740438,8.319984582358193,8.307811933597725
14.5,30.0,3.0,0.7248056648273034,0.2091714429488811,33.27497306553465,8.318799616202675,8.307412368891411
14.5,30.0,3.0,0.7464490961148921,0.2091616277029451,33.301378989126476,8.317692491057079,8.307022548491728
14.5,30.0,3.0,0.7674988099435487,0.20915208147279088,33.32546723750863,8.316659146694036,8.306643412270542
14.5,30.0,3.0,0.7879040957089227,0.20914282727643227,33.34741002711962,8.315695785020962,8.306275874406818
14.5,30.0,3.0,0.8076157952903134,0.20913388742931616,33.36736884522219,8.31479887738711,8.305920821176505
14.5,30.0,3.0,0.8265864214768883,0.20912528349035792,33.385494281369176,8.313965166145797,8.305579108809294
14.5,30.0,3.0,0.8447702723685335,0.20911703620979138,33.40192603533859,8.313191661595882,8.30525156141744
14.5,30.0,3.0,0.8621235414757334,0.20910916547896247,33.41679306453608,8.312475635307617,8.304938969001771
14.5,30.0,3.0,0.8786044232532423,0.20910169028218817,33.43021383820292,8.311814610718049,8.304642085539731
14.5,30.0,3.0,0.8941732138133032,0.20909462865079953,33.4422966700115,8.3112063517648,8.304361627160157
14.5,30.0,3.0,0.9087924065757919,0.20908799761948194,33.453140104653244,8.310648850217275,8.304098270409304
14.5,30.0,3.0,0.9224267826248536,0.20908181318501914,33.46283333775466,8.31014031226263,8.303852650612326
14.5,30.0,3.0,0.9350434955543557,0.20907609026754312,33.47145665184598,8.309679144812169,8.303625360334284
14.5,30.0,3.0,0.9466121505977576,0.20907084267438517,33.479081854123024,8.309263941911905,8.303416947944461
14.5,30.0,3.0,0.9571048778517653,0.20906608306661664,33.48577270438989,8.308893471569718,8.303227916287511
14.5,30.0,3.0,0.9664963994173694,0.20906182292836303,33.49158532385218,8.308566663249854,8.303058721464726
14.5,30.0,3.0,0.9747640902965183,0.20905807253896572,33.49656857737165,8.308282596233212,8.302909771728434
14.5,30.0,3.0,0.98188803289772,0.20905484094806115,33.50076442341236,8.308040488998364,8.302781426492231
14.5,30.0,3.0,0.9878510650192642,0.2090521359536385,33.50420822725016,8.307839689742089,8.302673995459546
14.5,30.0,3.0,0.9926388211944706,0.20904996408313029,33.50692903409913,8.307679668129195,8.302587737872615
14.5,30.0,3.0,0.996239767299355,0.20904833057758246,33.50894979968143,8.307560008337907,8.302522861883803
14.5,30.0,3.0,0.9986452283393451,0.20904723937894315,33.5102875764461,8.307480403448976,8.302479524050753
14.5,30.0,3.0,0.9998494093481021,0.20904669312050178,33.510953654182,8.30744065121207,8.30245782895668
14.5,30.0,5.0,0.00015059065189787502,0.20949993176506299,30.00278111513751,8.42179675725697,8.320458566862415
14.5,30.0,5.0,0.0013547716606548965,0.20949938613173189,30.024944824693534,8.421159146287655,8.320436896595098
14.5,30.0,5.0,0.0037602327006450165,0.20949829617729301,30.068821311523152,8.419896778366265,8.320393608176472
14.5,30.0,5.0,0.007361178805529389,0.20949666452305343,30.133525443492033,8.418034869041888,8.320328805713858
14.5,30.0,5.0,0.012148934980735715,0.20949449509313214,30.217770418381917,8.415610039594897,8.320242645056803
14.5,30.0,5.0,0.01811196710228008,0.20949179310507093,30.31991429225718,8.412668953818864,8.320135333424183
14.5,30.0,5.0,0.025235909703481663,0.20948856505734936,30.43801797993001,8.409266625399741,8.32000712890835
14.5,30.0,5.0,0.03350360058263058,0.20948481871383387,30.56991166031804,8.405464489759114,8.319858339857511
14.5,30.0,5.0,0.04289512214823471,0.2094805630851968,30.713266199259976,8.401328342831047,8.319689324137782
14.5,30.0,5.0,0.05338784940224234,0.2094758084073495,30.865666115666897,8.396926250353145,8.319500488276624
14.5,30.0,5.0,0.06495650444564433,0.20947056611693957,31.024680756357327,8.39232652533846,8.319292286489713
14.5,30.0,5.0,0.0775732173751465,0.20946484882396998,31.187930684632533,8.387595859522795,8.319065219593474
14.5,30.0,5.0,0.0912075934242082,0.209458670281605,31.353146787033097,8.382797678243476,8.318819833805907
14.5,30.0,5.0,0.10582678618669689,0.20945204535323245,31.518220211538164,8.377990769118687,8.318556719438433
14.5,30.0,5.0,0.12139557674675777,0.20944498997686137,31.681241914460657,8.373228214804245,8.318276509481922
14.5,30.0,5.0,0.13787645852426655,0.20943752112693795,31.840531259501347,8.368556640602485,8.317979878090176
14.5,30.0,5.0,0.15522972763146659,0.20942965677366954,31.99465373393292,8.364015770104036,8.31766753896446
14.5,30.0,5.0,0.17341357852311168,0.20942141583995377,32.14242838624432,8.359638267319694,8.3173402436429
14.5,30.0,5.0,0.1923842047096866,0.2094128181560129,32.28292602086776,8.355449832485647,8.316998779698743
14.5,30.0,5.0,0.2120959042910774,0.20940388441184155,32.415459495088385,8.351469511112555,8.316643968851796
14.5,30.0,5.0,0.23250119005645142,0.20939463610758038,32.539567648632556,8.347710171791867,8.316276664997469
14.5,30.0,5.0,0.25355090388510804,0.20938509550193218,32.654994465291,8.344179107416643,8.31589775215807
14.5,30.0,5.0,0.27519433517269676,0.20937528555874368,32.76166503330978,8.340878716295482,8.315508142361278
14.5,30.0,5.0,0.2973793429975051,0.20936522989187925,32.859659757089105,8.33780722351979,8.315108773450735
14.5,30.0,5.0,0.320052481732506,0.20935495270851728,32.94918809919301,8.334959408246519,8.314700606834036
14.5,30.0,5.0,0.3431591298005543,0.20934447875100465,33.030562921033436,8.332327308671495,8.31428462517342
14.5,30.0,5.0,0.36664362126255085,0.20933383323740698,33.10417626329871,8.329900882855778,8.313861830024674
14.5,30.0,5.0,0.39044937992156514,0.20932304180089722,33.17047718063901,8.327668609789255,8.31343323942992
14.5,30.0,5.0,0.4145190556198494,0.20931213042812621,33.22995203291754,8.325618020799743,8.312999885469925
14.5,30.0,5.0,0.43879466240039194,0.2093011253967234,33.28310744711001,8.323736156418622,8.312562811781918
14.5,30.0,5.0,0.46321771820016633,0.20929005321207692,33.33045600550014,8.322009947969331,8.312123071048736
14.5,30.0,5.0,0.4877293857385439,0.20927894054354423,33.37250458964098,8.320426526412009,8.3116817224654
14.5,30.0,5.0,0.5122706142614561,0.20926781416024706,33.40974521536663,8.318973463381221,8.311239829189145
14.5,30.0,5.0,0.5367822817998338,0.20925670086660417,33.44264812967657,8.317638950967018,8.310798455779052
14.5,30.0,5.0,0.5612053375996081,0.20924562743775743,33.47165690194748,8.31641192771693,8.310358665631457
14.5,30.0,5.0,0.5854809443801506,0.20923462055504669,33.49718522531259,8.315282158697157,8.30992151841726
14.5,30.0,5.0,0.609550620078435,0.2092237067416891,33.51961514460072,8.31424027736886,8.309488067527406
14.5,30.0,5.0,0.6333563787374492,0.20921291229881836,33.53929644052408,8.31327779662676,8.309059357532602
14.5,30.0,5.0,0.6568408701994457,0.20920226324203817,33.5565469218389,8.312387095718062,8.308636421663511
14.5,30.0,5.0,0.6799475182674941,0.20919178523864423,33.571653404527694,8.31156138899952,8.308220279317458
14.5,30.0,5.0,0.702620657002495,0.20918150354566625,33.58487318687452,8.31079468167194,8.307811933597725
14.5,30.0,5.0,0.7248056648273034,0.2091714429488811,33.596435859460485,8.310081716810492,8.307412368891411
14.5,30.0,5.0,0.7464490961148921,0.2091616277029451,33.606545318022654,8.309417917226057,8.307022548491728
14.5,30.0,5.0,0.7674988099435487,0.20915208147279088,33.615381873747594,8.30879932497455,8.306643412270542
14.5,30.0,5.0,0.7879040957089227,0.20914282727643227,33.623104379287554,8.308222540692988,8.306275874406818
14.5,30.0,5.0,0.8076157952903134,0.20913388742931616,33.62985230930764,8.307684664390132,8.305920821176505
14.5,30.0,5.0,0.8265864214768883,0.20912528349035792,33.63574775165779,8.307183238856362,8.305579108809294
14.5,30.0,5.0,0.8447702723685335,0.20911703620979138,33.640897279475894,8.306716196477002,8.30525156141744
14.5,30.0,5.0,0.8621235414757334,0.20910916547896247,33.645393685901354,8.306281809929455,8.304938969001771
14.5,30.0,5.0,0.8786044232532423,0.20910169028218817,33.64931757196263,8.305878647007503,8.304642085539731
14.5,30.0,5.0,0.8941732138133032,0.20909462865079953,33.65273878491752,8.305505529637161,8.304361627160157
14.5,30.0,5.0,0.9087924065757919,0.20908799761948194,33.65571770924066,8.305161497017947,8.304098270409304
14.5,30.0,5.0,0.9224267826248536,0.20908181318501914,33.65830641587627,8.304845772732602,8.303852650612326
14.5,30.0,5.0,0.9350434955543557,0.20907609026754312,33.660549677610106,8.30455773560941,8.303625360334284
14.5,30.0,5.0,0.9466121505977576,0.20907084267438517,33.662485859715275,8.304296894087237,8.303416947944461
14.5,30.0,5.0,0.9571048778517653,0.20906608306661664,33.66414769561095,8.30406286381848,8.303227916287511
14.5,30.0,5.0,0.9664963994173694,0.20906182292836303,33.665562957322095,8.303855348244623,8.303058721464726
14.5,30.0,5.0,0.9747640902965183,0.20905807253896572,33.66675503019036,8.303674121888552,8.302909771728434
14.5,30.0,5.0,0.98188803289772,0.20905484094806115,33.66774340067383,8.303519016124847,8.302781426492231
14.5,30.0,5.0,0.9878510650192642,0.2090521359536385,33.66854406527722,8.303389907210962,8.302673995459546
14.5,30.0,5.0,0.9926388211944706,0.20904996408313029,33.66916986774214,8.303286706387015,8.302587737872615
14.5,30.0,5.0,0.996239767299355,0.20904833057758246,33.669630770645824,8.303209351878502,8.302522861883803
14.5,30.0,5.0,0.9986452283393451,0.20904723937894315,33.66993406653768,8.303157802663762,8.302479524050753
14.5,30.0,5.0,0.9998494093481021,0.20904669312050178,33.670084532717055,8.303132033895773,8.30245782895668
26.04,10.0,1.0,0.00015059065189787502,0.20949950022859903,10.004488950036375,9.016582641706563,8.157835060666276
26.04,10.0,1.0,0.0013547716606548965,0.2094955038407412,10.040360023449011,9.01526855437809,8.157679442762907
26.04,10.0,1.0,0.0037602327006450165,0.2094875205716932,10.111886557505727,9.012648647408103,8.15736857714238
26.04,10.0,1.0,0.007361178805529389,0.2094755694130438,10.21863986276071,9.008739344037698,8.156903203330321
26.04,10.0,1.0,0.012148934980735715,0.2094596787978516,10.359983196591884,9.00356500149972,8.15628442849979
26.04,10.0,1.0,0.01811196710228008,0.20943988653557175,10.535079178093497,8.997157585332594,8.155513724937345
26.04,10.0,1.0,0.025235909703481663,0.20941623972548445,10.74289945364194,8.989556247283023,8.15459292667199
26.04,10.0,1.0,0.03350360058263058,0.2093887946487927,10.982236431550689,8.980806816636568,8.153524225273495
26.04,10.0,1.0,0.04289512214823471,0.20935761663959376,11.251716868257915,8.970961216590132,8.152310164828066
26.04,10.0,1.0,0.05338784940224234,0.20932277993497675,11.549817058282827,8.960076818652741,8.150953636101205
26.04,10.0,1.0,0.06495650444564433,0.2092843675045324,11.874879356435997,8.94821574899619,8.149457869898887
26.04,10.0,1.0,0.0775732173751465,0.20924247085961054,12.225129743904972,8.935444161165009,8.147826429640105
26.04,10.0,1.0,0.0912075934242082,0.2091971898426943,12.598696140099719,8.921831489601416,8.146063203155178
26.04,10.0,1.0,0.10582678618669689,0.20914863239730846,12.993627159504683,8.907449698072794,8.144172393726073
26.04,10.0,1.0,0.12139557674675777,0.2090969143189144,13.407911017022855,8.892372536346928,8.142158510386338
26.04,10.0,1.0,0.13787645852426655,0.20904215898728973,13.839494295966006,8.876674817398206,8.140026357500059
26.04,10.0,1.0,0.15522972763146659,0.20898449708092773,14.28630030933698,8.86043172610752,8.137781023640688
26.04,10.0,1.0,0.17341357852311168,0.2089240662740354,14.746246806608042,8.843718168906618,8.13542786979224
26.04,10.0,1.0,0.1923842047096866,0.2088610109167456,15.217262803949325,8.826608172181919,8.132972516896888
26.04,10.0,1.0,0.2120959042910774,0.20879548169920245,15.697304344872407,8.809174335558556,8.130420832774547
26.04,10.0,1.0,0.23250119005645142,0.20872763530021318,16.18436902955267,8.79148734449294,8.127778918441525
26.04,10.0,1.0,0.25355090388510804,0.20865763402120444,16.676509183704923,8.773615544965258,8.125053093856906
26.04,10.0,1.0,0.27519433517269676,0.20858564540625193,17.171843570885642,8.75562458152592,8.122249883126628
26.04,10.0,1.0,0.2973793429975051,0.2085118418489961,17.668567584604943,8.737577098548334,8.119375999196945
26.04,10.0,1.0,0.320052481732506,0.20843640018728665,18.16496188787812,8.71953250329942,8.116438328070013
26.04,10.0,1.0,0.3431591298005543,0.2083595012864387,18.65939949715198,8.701546788376413,8.11344391257604
26.04,10.0,1.0,0.36664362126255085,0.20828132961201276,19.15035133435856,8.683672410180817,8.110399935737494
26.04,10.0,1.0,0.39044937992156514,0.20820207279306763,19.636390294742284,8.665958219409303,8.107313703762324
26.04,10.0,1.0,0.4145190556198494,0.20812192117686182,20.116193898782342,8.648449439030115,8.104192628704201
26.04,10.0,1.0,0.43879466240039194,0.2080410673760129,20.588545613810084,8.631187684871948,8.101044210829057
26.04,10.0,1.0,0.46321771820016633,0.20795970580914716,21.05233494473839,8.614211023764797,8.097876020728156
26.04,10.0,1.0,0.4877293857385439,0.20787803223610318,21.50655640372105,8.597554064122463,8.094695681219083
26.04,10.0,1.0,0.5122706142614561,0.2077962432887698,21.950307475672673,8.581248073924275,8.091510849076746
26.04,10.0,1.0,0.5367822817998338,0.20771453599866754,22.382785700620218,8.565321121220759,8.088329196637574
26.04,10.0,1.0,0.5612053375996081,0.20763310732239468,22.803284995080787,8.549798232534318,8.085158393320535
26.04,10.0,1.0,0.5854809443801506,0.20755215366608168,23.211191333384647,8.534701564834059,8.082006087109596
26.04,10.0,1.0,0.609550620078435,0.2074718704100054,23.60597790642788,8.520050587115431,8.078879886042342
26.04,10.0,1.0,0.6333563787374492,0.20739245143453186,23.98719987008542,8.505862267996475,8.07578733975038
26.04,10.0,1.0,0.6568408701994457,0.20731408864855724,24.354488788808567,8.492151266137991,8.072735921096982
26.04,10.0,1.0,0.6799475182674941,0.207236971521629,24.707546872107457,8.478930120694768,8.069733007958064
26.04,10.0,1.0,0.702620657002495,0.2071612866209225,25.04614109300445,8.46620943939781,8.06678586519222
26.04,10.0,1.0,0.7248056648273034,0.20708721715425557,25.370097268439395,8.453998082247205,8.06390162684587
26.04,10.0,1.0,0.7464490961148921,0.2070149425203093,25.679294172281857,8.442303339153716,8.061087278639024
26.04,10.0,1.0,0.7674988099435487,0.2069446378672233,25.973657742293426,8.43113110020184,8.058349640777134
26.04,10.0,1.0,0.7879040957089227,0.20687647366071324,26.25315543328827,8.420486017512886,8.055695351133753
26.04,10.0,1.0,0.8076157952903134,0.20681061526285038,26.517790760028674,8.410371657963232,8.05313084884836
26.04,10.0,1.0,0.8265864214768883,0.2067472225226163,26.76759806518976,8.400790646258232,8.050662358382707
26.04,10.0,1.0,0.8447702723685335,0.20668644937932887,27.002637540150317,8.391744798076894,8.048295874078372
26.04,10.0,1.0,0.8621235414757334,0.20662844348000337,27.222990519462314,8.383235243186844,8.046037145256934
26.04,10.0,1.0,0.8786044232532423,0.206573345811687,27.428755063687618,8.375262538584355,8.043891661903217
26.04,10.0,1.0,0.8941732138133032,0.20652129034976685,27.620041839871078,8.367826771841981,8.041864640970529
26.04,10.0,1.0,0.9087924065757919,0.20647240372321665,27.79697030425251,8.360927654948593,8.039961013345481
26.04,10.0,1.0,0.9224267826248536,0.20642680489770457,27.95966518789595,8.354564609005003,8.038185411508332
26.04,10.0,1.0,0.9350434955543557,0.20638460487744134,28.108253282692147,8.3487368401956,8.036542157923057
26.04,10.0,1.0,0.9466121505977576,0.2063459064265987,28.24286052264705,8.343443407494018,8.035035254189477
26.04,10.0,1.0,0.9571048778517653,0.20631080381107939,28.363609353449192,8.338683282581492,8.033668370987884
26.04,10.0,1.0,0.9664963994173694,0.20627938256136313,28.470616381965897,8.334455402461796,8.032444838844343
26.04,10.0,1.0,0.9747640902965183,0.20625171925709992,28.563990296499867,8.330758715248892,8.031367639742836
26.04,10.0,1.0,0.98188803289772,0.20622788133405945,28.643830048287725,8.32759221958401,8.03043939960794
26.04,10.0,1.0,0.9878510650192642,0.20620792691398704,28.710223284789265,8.324954998109867,8.029662381679476
26.04,10.0,1.0,0.9926388211944706,0.20619190465784937,28.76324502574147,8.322846245392324,8.029038480797954
26.04,10.0,1.0,0.996239767299355,0.2061798536428912,28.802956573689983,8.321265290635795,8.028569218617209
26.04,10.0,1.0,0.9986452283393451,0.2061718032638543,28.829404651707193,8.320211615488772,8.028255739757892
26.04,10.0,1.0,0.9998494093481021,0.20616777315864163,28.84262076221603,8.319684867181676,8.028098808912874
26.04,10.0,3.0,0.00015059065189787502,0.20949950022859903,10.013464822381934,9.01629682907591,8.157835060666276
26.04,10.0,3.0,0.0013547716606548965,0.2094955038407412,10.120916219541186,9.012704804625091,8.157679442762907
26.04,10.0,3.0,0.0037602327006450165,0.2094875205716932,10.334401460141066,9.005574365274995,8.15736857714238
26.04,10.0,3.0,0.007361178805529389,0.2094755694130438,10.651120735117729,8.995011042189367,8.156903203330321
26.04,10.0,3.0,0.012148934980735715,0.2094596787978516,11.066961220462986,8.981169003156687,8.15628442849979
26.04,10.0,3.0,0.01811196710228008,0.20943988653557175,11.576597619520328,8.964246344781511,8.155513724937345
26.04,10.0,3.0,0.025235909703481663,0.20941623972548445,12.173620223307864,8.94447920521058,8.15459292667199
26.04,10.0,3.0,0.03350360058263058,0.2093887946487927,12.850685759090993,8.922134990683505,8.153524225273495
26.04,10.0,3.0,0.04289512214823471,0.20935761663959376,13.599685593618915,8.897505037102523,8.152310164828066
26.04,10.0,3.0,0.05338784940224234,0.20932277993497675,14.411925423888079,8.87089703318104,8.150953636101205
26.04,10.0,3.0,0.06495650444564433,0.2092843675045324,15.278310435714502,8.842627516210662,8.149457869898887
26.04,10.0,3.0,0.0775732173751465,0.20924247085961054,16.189530032167852,8.813014718481043,8.147826429640105
26.04,10.0,3.0,0.0912075934242082,0.2091971898426943,17.1362366075345,8.782371996444551,8.146063203155178
26.04,10.0,3.0,0.10582678618669689,0.20914863239730846,18.10921343202176,8.751002020893193,8.144172393726073
26.04,10.0,3.0,0.12139557674675777,0.2090969143189144,19.099527471979286,8.71919184966018,8.142158510386338
26.04,10.0,3.0,0.13787645852426655,0.20904215898728973,20.09866384791553,8.687208949044138,8.140026357500059
26.04,10.0,3.0,0.15522972763146659,0.20898449708092773,21.09863957372886,8.65529817974799,8.137781023640688
26.04,10.0,3.0,0.17341357852311168,0.2089240662740354,22.09209517262383,8.623679720044564,8.13542786979224
26.04,10.0,3.0,0.1923842047096866,0.2088610109167456,23.07236368020159,8.592547864491937,8.132972516896888
26.04,10.0,3.0,0.2120959042910774,0.20879548169920245,24.03351738261182,8.562070611251874,8.130420832774547
26.04,10.0,3.0,0.23250119005645142,0.20872763530021318,24.97039336591746,8.532389934585963,8.127778918441525
26.04,10.0,3.0,0.25355090388510804,0.20865763402120444,25.87859955034071,8.503622630547387,8.125053093856906
26.04,10.0,3.0,0.27519433517269676,0.20858564540625193,26.75450333821766,8.475861622046013,8.122249883126628
26.04,10.0,3.0,0.2973793429975051,0.2085118418489961,27.595205314949055,8.449177612985766,8.119375999196945
26.04,10.0,3.0,0.320052481732506,0.20843640018728665,28.398500613789736,8.423620988691548,8.116438328070013
26.04,10.0,3.0,0.3431591298005543,0.2083595012864387,29.16283060027547,8.39922387009061,8.11344391257604
26.04,10.0,3.0,0.36664362126255085,0.20828132961201276,29.887227467504204,8.376002240980489,8.110399935737494
26.04,10.0,3.0,0.39044937992156514,0.20820207279306763,30.571254179417338,8.353958080283235,8.107313703762324
26.04,10.0,3.0,0.4145190556198494,0.20812192117686182,31.21494197697575,8.333081443730416,8.104192628704201
26.04,10.0,3.0,0.43879466240039194,0.2080410673760129,31.81872739285012,8.313352451407955,8.101044210829057
26.04,10.0,3.0,0.46321771820016633,0.20795970580914716,32.383390423722005,8.294743148641277,8.097876020728156
26.04,10.0,3.0,0.4877293857385439,0.20787803223610318,32.909995203066785,8.277219217586124,8.094695681219083
26.04,10.0,3.0,0.5122706142614561,0.2077962432887698,33.39983421612584,8.260741525486255,8.091510849076746
26.04,10.0,3.0,0.5367822817998338,0.20771453599866754,33.85437681435002,8.245267502832588,8.088329196637574
26.04,10.0,3.0,0.5612053375996081,0.20763310732239468,34.27522252752368,8.230752350637482,8.085158393320535
26.04,10.0,3.0,0.5854809443801506,0.20755215366608168,34.66405944371877,8.217150080799332,8.082006087109596
26.04,10.0,3.0,0.609550620078435,0.2074718704100054,35.02262773326606,8.20441439718024,8.078879886042342
26.04,10.0,3.0,0.6333563787374492,0.20739245143453186,35.35268823390203,8.192499427677092,8.07578733975038
26.04,10.0,3.0,0.6568408701994457,0.20731408864855724,35.65599588924573,8.181360319362895,8.072735921096982
26.04,10.0,3.0,0.6799475182674941,0.207236971521629,35.93427773951987,8.170953709843943,8.069733007958064
26.04,10.0,3.0,0.702620657002495,0.2071612866209225,36.189215098785894,8.16123808844404,8.06678586519222
26.04,10.0,3.0,0.7248056648273034,0.20708721715425557,36.42242951319855,8.152174060810667,8.06390162684587
26.04,10.0,3.0,0.7464490961148921,0.2070149425203093,36.63547207595337,8.143724530145363,8.061087278639024
26.04,10.0,3.0,0.7674988099435487,0.2069446378672233,36.82981567275232,8.135854807590507,8.058349640777134
26.04,10.0,3.0,0.7879040957089227,0.20687647366071324,37.00684974302345,8.128532663438138,8.055695351133753
26.04,10.0,3.0,0.8076157952903134,0.20681061526285038,37.16787716338001,8.121728329836676,8.05313084884836
26.04,10.0,3.0,0.8265864214768883,0.2067472225226163,37.31411288789002,8.115414464615112,8.050662358382707
26.04,10.0,3.0,0.8447702723685335,0.20668644937932887,37.44668401209452,8.109566084770353,8.048295874078372
26.04,10.0,3.0,0.8621235414757334,0.20662844348000337,37.566630962246506,8.104160477107339,8.046037145256934
26.04,10.0,3.0,0.8786044232532423,0.206573345811687,37.67490954626152,8.099177092512095,8.043891661903217
26.04,10.0,3.0,0.8941732138133032,0.20652129034976685,37.7723936370906,8.094597429393623,8.041864640970529
26.04,10.0,3.0,0.9087924065757919,0.20647240372321665,37.85987829170256,8.090404910965002,8.039961013345481
26.04,10.0,3.0,0.9224267826248536,0.20642680489770457,37.938083138964316,8.086584760253881,8.038185411508332
26.04,10.0,3.0,0.9350434955543557,0.20638460487744134,38.00765589702655,8.08312387604095,8.036542157923057
26.04,10.0,3.0,0.9466121505977576,0.2063459064265987,38.06917590517878,8.08001071232063,8.035035254189477
26.04,10.0,3.0,0.9571048778517653,0.20631080381107939,38.123157576484175,8.077235163358512,8.033668370987884
26.04,10.0,3.0,0.9664963994173694,0.20627938256136313,38.170053695919876,8.074788455978858,8.032444838844343
26.04,10.0,3.0,0.9747640902965183,0.20625171925709992,38.210258504396165,8.072663050347503,8.031367639742836
26.04,10.0,3.0,0.98188803289772,0.20622788133405945,38.24411052212031,8.070852550212413,8.03043939960794
26.04,10.0,3.0,0.9878510650192642,0.20620792691398704,38.27189507556187,8.06935162331965,8.029662381679476
26.04,10.0,3.0,0.9926388211944706,0.20619190465784937,38.293846501038445,8.068155932528038,8.029038480797954
26.04,10.0,3.0,0.996239767299355,0.2061798536428912,38.31015000494244,8.067262077994993,8.028569218617209
26.04,10.0,3.0,0.9986452283393451,0.2061718032638543,38.32094316615701,8.066667550690866,8.028255739757892
26.04,10.0,3.0,0.9998494093481021,0.20616777315864163,38.32631707051473,8.066370697413715,8.028098808912874
26.04,10.0,5.0,0.00015059065189787502,0.20949950022859903,10.022437991769607,9.016011120624656,8.157835060666276
26.04,10.0,5.0,0.0013547716606548965,0.2094955038407412,10.201254440570153,9.010149443887082,8.157679442762907
26.04,10.0,5.0,0.0037602327006450165,0.2094875205716932,10.55524922383762,8.998564058046577,8.15736857714238
26.04,10.0,5.0,0.007361178805529389,0.2094755694130438,11.07728110988728,8.981524239438318,8.156903203330321
26.04,10.0,5.0,0.012148934980735715,0.2094596787978516,11.75696819931511,8.959417800195258,8.15628442849979
26.04,10.0,5.0,0.01811196710228008,0.20943988653557175,12.581063315112658,8.932733222491963,8.155513724937345
26.04,10.0,5.0,0.025235909703481663,0.20941623972548445,13.533921949470084,8.9020380720639,8.15459292667199
26.04,10.0,5.0,0.03350360058263058,0.2093887946487927,14.59803802112998,8.867955254601192,8.153524225273495
26.04,10.0,5.0,0.04289512214823471,0.20935761663959376,15.754620113499357,8.831138702297181,8.152310164828066
26.04,10.0,5.0,0.05338784940224234,0.20932277993497675,16.984180164376767,8.792249950189788,8.150953636101205
26.04,10.0,5.0,0.06495650444564433,0.2092843675045324,18.267107703361717,8.751936818030462,8.149457869898887
26.04,10.0,5.0,0.0775732173751465,0.20924247085961054,19.58420547380797,8.710815098237767,8.147826429640105
26.04,10.0,5.0,0.0912075934242082,0.2091971898426943,20.917166305169985,8.669453810051108,8.146063203155178
26.04,10.0,5.0,0.10582678618669689,0.20914863239730846,22.248976013587765,8.628364254147396,8.144172393726073
26.04,10.0,5.0,0.12139557674675777,0.2090969143189144,23.564232465594216,8.587992819981082,8.142158510386338
26.04,10.0,5.0,0.13787645852426655,0.20904215898728973,24.84937631481631,8.548717277124675,8.140026357500059
26.04,10.0,5.0,0.15522972763146659,0.20898449708092773,26.09283393586469,8.510846127869728,8.137781023640688
26.04,10.0,5.0,0.17341357852311168,0.2089240662740354,27.285077431124932,8.474620508410219,8.13542786979224
26.04,10.0,5.0,0.1923842047096866,0.2088610109167456,28.41861006584361,8.440218091330314,8.132972516896888
26.04,10.0,5.0,0.2120959042910774,0.20879548169920245,29.48788798375608,8.407758451138465,8.130420832774547
26.04,10.0,5.0,0.23250119005645142,0.20872763530021318,30.489190551262823,8.377309394851379,8.127778918441525
26.04,10.0,5.0,0.25355090388510804,0.20865763402120444,31.420452233744186,8.34889381969878,8.125053093856906
26.04,10.0,5.0,0.27519433517269676,0.20858564540625193,32.28106864438587,8.322496730294215,8.122249883126628
26.04,10.0,5.0,0.2973793429975051,0.2085118418489961,33.07168848458343,8.298072120674767,8.119375999196945
26.04,10.0,5.0,0.320052481732506,0.20843640018728665,33.79400169490225,8.275549497147809,8.116438328070013
26.04,10.0,5.0,0.3431591298005543,0.2083595012864387,34.450532436133585,8.254839882436483,8.11344391257604
26.04,10.0,5.0,0.36664362126255085,0.20828132961201276,35.044443686184536,8.235841198204286,8.110399935737494
26.04,10.0,5.0,0.39044937992156514,0.20820207279306763,35.579358410681266,8.218442970787187,8.107313703762324
26.04,10.0,5.0,0.4145190556198494,0.20812192117686182,36.05920055310264,8.202530343772372,8.104192628704201
26.04,10.0,5.0,0.43879466240039194,0.2080410673760129,36.4880575716611,8.187987411358034,8.101044210829057
26.04,10.0,5.0,0.46321771820016633,0.20795970580914716,36.87006497189907,8.174699908949524,8.097876020728156
26.04,10.0,5.0,0.4877293857385439,0.20787803223610318,37.209312265955475,8.162557313112824,8.094695681219083
26.04,10.0,5.0,0.5122706142614561,0.2077962432887698,37.50976902959104,8.151454412814129,8.091510849076746
26.04,10.0,5.0,0.5367822817998338,0.20771453599866754,37.775229207960706,8.141292418833151,8.088329196637574
26.04,10.0,5.0,0.5612053375996081,0.20763310732239468,38.00927151159317,8.131979679317997,8.085158393320535
26.04,10.0,5.0,0.5854809443801506,0.20755215366608168,38.215233609970596,8.123432067555433,8.082006087109596
26.04,10.0,5.0,0.609550620078435,0.2074718704100054,38.39619783456658,8.115573103974333,8.078879886042342
26.04,10.0,5.0,0.6333563787374492,0.20739245143453186,38.55498621048821,8.10833386889223,8.07578733975038
26.04,10.0,5.0,0.6568408701994457,0.20731408864855724,38.69416281362044,8.101652756154358,8.072735921096982
26.04,10.0,5.0,0.6799475182674941,0.207236971521629,38.816041670651884,8.095475111090439,8.069733007958064
26.04,10.0,5.0,0.702620657002495,0.2071612866209225,38.922698659960815,8.08975278950764,8.06678586519222
26.04,10.0,5.0,0.7248056648273034,0.20708721715425557,39.01598611462822,8.084443668032847,8.06390162684587
26.04,10.0,5.0,0.7464490961148921,0.2070149425203093,39.0975490621492,8.07951113020736,8.061087278639024
26.04,10.0,5.0,0.7674988099435487,0.2069446378672233,39.16884225024796,8.074923547444657,8.058349640777134
26.04,10.0,5.0,0.7879040957089227,0.20687647366071324,39.23114729954534,8.070653769344519,8.055695351133753
26.04,10.0,5.0,0.8076157952903134,0.20681061526285038,39.28558948937285,8.066678633927928,8.05313084884836
26.04,10.0,5.0,0.8265864214768883,0.2067472225226163,39.333153822523116,8.062978505091747,8.050662358382707
26.04,10.0,5.0,0.8447702723685335,0.20668644937932887,39.374700129340226,8.059536841933435,8.048295874078372
26.04,10.0,5.0,0.8621235414757334,0.20662844348000337,39.41097706336768,8.056339802500915,8.046037145256934
26.04,10.0,5.0,0.8786044232532423,0.206573345811687,39.44263491239349,8.053375882911487,8.043891661903217
26.04,10.0,5.0,0.8941732138133032,0.20652129034976685,39.47023720295954,8.050635591584406,8.041864640970529
26.04,10.0,5.0,0.9087924065757919,0.20647240372321665,39.49427111602654,8.048111157475914,8.039961013345481
26.04,10.0,5.0,0.9224267826248536,0.20642680489770457,39.51515675912674,8.045796270628768,8.038185411508332
26.04,10.0,5.0,0.9350434955543557,0.20638460487744134,39.53325535836882,8.043685852993896,8.036542157923057
26.04,10.0,5.0,0.9466121505977576,0.2063459064265987,39.54887644415351,8.041775857300046,8.035035254189477
26.04,10.0,5.0,0.9571048778517653,0.20631080381107939,39.56228410917464,8.04006309169691,8.033668370987884
26.04,10.0,5.0,0.9664963994173694,0.20627938256136313,39.57370241767859,8.038545067943089,8.032444838844343
26.04,10.0,5.0,0.9747640902965183,0.20625171925709992,39.58332004222257,8.037219871025364,8.031367639742836
26.04,10.0,5.0,0.98188803289772,0.20622788133405945,39.59129419923386,8.036086048257893,8.03043939960794
26.04,10.0,5.0,0.9878510650192642,0.20620792691398704,39.59775394825266,8.035142516102814,8.029662381679476
26.04,10.0,5.0,0.9926388211944706,0.20619190465784937,39.602802912378195,8.034388483164745,8.029038480797954
26.04,10.0,5.0,0.996239767299355,0.2061798536428912,39.60652146952003,8.033823388032454,8.028569218617209
26.04,10.0,5.0,0.9986452283393451,0.2061718032638543,39.60896845585074,8.033446850865248,8.028255739757892
26.04,10.0,5.0,0.9998494093481021,0.20616777315864163,39.61018241454258,8.033258637846092,8.028098808912874
26.04,20.0,1.0,0.00015059065189787502,0.20949965817172286,20.00298315689946,8.709062917537644,8.157841210914613
26.04,20.0,1.0,0.0013547716606548965,0.2094969247701757,20.02682147973087,8.708241159823114,8.157734773243154
26.04,20.0,1.0,0.0037602327006450165,0.20949146449548897,20.074354838720296,8.706602571114537,8.157522152114074
26.04,20.0,1.0,0.007361178805529389,0.20948329038929261,20.145298345894275,8.704156942224644,8.157203855363745
26.04,20.0,1.0,0.012148934980735715,0.2094724219760993,20.23922885037564,8.700918804201613,8.156780643269657
26.04,20.0,1.0,0.01811196710228008,0.20945888521787437,20.35558986599142,8.696907245995536,8.156253526781386
26.04,20.0,1.0,0.025235909703481663,0.20944271245360807,20.493697994578838,8.692145677658914,8.15562376516756
26.04,20.0,1.0,0.03350360058263058,0.2094239423240169,20.652750724316206,8.68666154421713,8.154892863083761
26.04,20.0,1.0,0.04289512214823471,0.20940261968152946,20.831835458499768,8.680485996301412,8.154062567067397
26.04,20.0,1.0,0.05338784940224234,0.20937879548574523,21.02993961011464,8.673653524398196,8.153134861466913
26.04,20.0,1.0,0.06495650444564433,0.20935252668458426,21.24596158176189,8.666201564116761,8.152111963813798
26.04,20.0,1.0,0.0775732173751465,0.20932387608137693,21.478722439299588,8.658170080202881,8.15099631964711
26.04,20.0,1.0,0.0912075934242082,0.2092929121881727,21.726978081081654,8.64960113713031,8.149790596801372
26.04,20.0,1.0,0.10582678618669689,0.20925970906557828,21.989431702929608,8.640538463993126,8.148497679169928
26.04,20.0,1.0,0.12139557674675777,0.20922434614946328,22.26474636178483,8.631027021116727,8.14712065995692
26.04,20.0,1.0,0.13787645852426655,0.20918690806490284,22.551557448081155,8.621112575326652,8.145662834432285
26.04,20.0,1.0,0.15522972763146659,0.20914748442775374,22.848484887838538,8.610841290189628,8.144127692205203
26.04,20.0,1.0,0.17341357852311168,0.2091061696342913,23.154144909801346,8.60025933680162,8.142518909032619
26.04,20.0,1.0,0.1923842047096866,0.20906306263935928,23.467161230061095,8.589412529874787,8.140840338180505
26.04,20.0,1.0,0.2120959042910774,0.2090182667235157,23.78617552588065,8.578345993001928,8.139096001356576
26.04,20.0,1.0,0.23250119005645142,0.208971889249681,24.109857091236506,8.567103856083806,8.137290079234274
26.04,20.0,1.0,0.25355090388510804,0.20892404140982382,24.436911588269197,8.55572898702,8.1354269015888
26.04,20.0,1.0,0.27519433517269676,0.20887483796224166,24.766088830759088,8.544262758912708,8.133510937066912
26.04,20.0,1.0,0.2973793429975051,0.20882439696002242,25.096189557351636,8.532744853236212,8.13154678261332
26.04,20.0,1.0,0.320052481732506,0.20877283947129002,25.42607117301975,8.521213098698693,8.129539152577152
26.04,20.0,1.0,0.3431591298005543,0.20872028929186762,25.75465245672666,8.509703344880966,8.127492867523161
26.04,20.0,1.0,0.36664362126255085,0.20866687265100406,26.08091725107471,8.498249369184993,8.12541284277282
26.04,20.0,1.0,0.39044937992156514,0.20861271791083902,26.403917165601968,8.486882815169396,8.123304076701599
26.04,20.0,1.0,0.4145190556198494,0.2085579552602919,26.72277333913263,8.475633159988266,8.121171638819117
26.04,20.0,1.0,0.43879466240039194,0.20850271640408527,27.036677318065358,8.464527708382388,8.119020657659823
26.04,20.0,1.0,0.46321771820016633,0.20844713424762318,27.344891116667554,8.453591610492001,8.116856308512263
26.04,20.0,1.0,0.4877293857385439,0.20839134257846456,27.646746532356815,8.44284790066131,8.114683801015785
26.04,20.0,1.0,0.5122706142614561,0.20833547574514075,27.94164379367635,8.43231755437822,8.112508366653792
26.04,20.0,1.0,0.5367822817998338,0.20827966833408165,28.22904962135459,8.422019560529092,8.11033524617338
26.04,20.0,1.0,0.5612053375996081,0.20822405484542078,28.508494783656545,8.411971006237673,8.108169676961289
26.04,20.0,1.0,0.5854809443801506,0.20816876936846146,28.779571226382927,8.40218717169051,8.10601688040668
26.04,20.0,1.0,0.609550620078435,0.2081139452575884,29.04192885559189,8.39268163251802,8.103882049281248
26.04,20.0,1.0,0.6333563787374492,0.20805971480941732,29.29527204762752,8.38346636749261,8.101770335167549
26.04,20.0,1.0,0.6568408701994457,0.20800620894197316,29.53935595658146,8.374551869514134,8.099686835966306
26.04,20.0,1.0,0.6799475182674941,0.2079535568766919,29.77398268411514,8.36594725807173,8.097636583513678
26.04,20.0,1.0,0.702620657002495,0.20790188582403427,29.99899737084479,8.35766039159269,8.095624531339176
26.04,20.0,1.0,0.7248056648273034,0.20785132067350126,30.21428426244188,8.349697978308692,8.093655542594975
26.04,20.0,1.0,0.7464490961148921,0.20780198368882832,30.419762797401972,8.34206568448224,8.091734378186882
26.04,20.0,1.0,0.7674988099435487,0.20775399420913407,30.61538375724973,8.33476823903879,8.08986568513718
26.04,20.0,1.0,0.7879040957089227,0.20770746835678108,30.801125513899535,8.327809533838975,8.088053985208836
26.04,20.0,1.0,0.8076157952903134,0.20766251875270092,30.976990403106186,8.321192718999676,8.086303663820344
26.04,20.0,1.0,0.8265864214768883,0.2076192542399131,31.14300124748712,8.314920292830141,8.084618959279675
26.04,20.0,1.0,0.8447702723685335,0.2075777796159568,31.29919804756014,8.308994186090098,8.083003952365246
26.04,20.0,1.0,0.8621235414757334,0.2075381953749299,31.44563485465767,8.30341584039973,8.081462556281023
26.04,20.0,1.0,0.8786044232532423,0.20750059745981095,31.582376835475543,8.298186280737559,8.079998507012023
26.04,20.0,1.0,0.8941732138133032,0.20746507702571318,31.709497534418347,8.293306182051442,8.078615354105517
26.04,20.0,1.0,0.9087924065757919,0.20743172021469797,31.82707633679979,8.288775930081512,8.077316451902337
26.04,20.0,1.0,0.9224267826248536,0.20740060794274093,31.93519613334729,8.284595676552359,8.076104951241424
26.04,20.0,1.0,0.9350434955543557,0.20737181569942081,32.033941184322316,8.28076538893658,8.074983791659774
26.04,20.0,1.0,0.9466121505977576,0.20734541336086268,32.12339517987414,8.277284895023909,8.073955694108525
26.04,20.0,1.0,0.9571048778517653,0.2073214650164395,32.20363949197116,8.274153922550973,8.073023154204767
26.04,20.0,1.0,0.9664963994173694,0.20730002880969514,32.27475161236049,8.27137213415703,8.072188436037154
26.04,20.0,1.0,0.9747640902965183,0.2072811567939199,32.33680377046261,8.2689391579327,8.071453566542054
26.04,20.0,1.0,0.98188803289772,0.2072648948027666,32.38986172487631,8.266854613822055,8.070820330465395
26.04,20.0,1.0,0.9878510650192642,0.20725128233625992,32.43398372221225,8.265118136125269,8.070290265923909
26.04,20.0,1.0,0.9926388211944706,0.20724035246250616,32.46921961725684,8.263729392329735,8.069864660577739
26.04,20.0,1.0,0.996239767299355,0.20723213173537286,32.49561014896028,8.26268809847362,8.069544548424922
26.04,20.0,1.0,0.9986452283393451,0.20722664012836045,32.51318636740211,8.261994031217547,8.069330707226369
26.04,20.0,1.0,0.9998494093481021,0.2072238909848481,32.5219692076941,8.261647036768872,8.069223656568456
26.04,20.0,3.0,0.00015059065189787502,0.20949965817172286,20.00894812316085,8.708885712418018,8.157841210914613
26.04,20.0,3.0,0.0013547716606548965,0.2094969247701757,20.080355551221487,8.706651325769505,8.157734773243154
26.04,20.0,3.0,0.0037602327006450165,0.20949146449548897,20.22222836407616,8.702214030238522,8.157522152114074
26.04,20.0,3.0,0.007361178805529389,0.20948329038929261,20.432705932923284,8.695635865562663,8.157203855363745
26.04,20.0,3.0,0.012148934980735715,0.2094724219760993,20.709055057523244,8.687007646419945,8.156780643269657
26.04,20.0,3.0,0.01811196710228008,0.20945888521787437,21.047736782143602,8.676446389986861,8.156253526781386
26.04,20.0,3.0,0.025235909703481663,0.20944271245360807,21.444491498765387,8.664092078945252,8.15562376516756
26.04,20.0,3.0,0.03350360058263058,0.2094239423240169,21.894439194346546,8.650103907299915,8.154892863083761
26.04,20.0,3.0,0.04289512214823471,0.20940261968152946,22.392191231225297,8.634656172891207,8.154062567067397
26.04,20.0,3.0,0.05338784940224234,0.20937879548574523,22.931969761624202,8.61793398652686,8.153134861466913
26.04,20.0,3.0,0.06495650444564433,0.20935252668458426,23.507730775816697,8.60012896362889,8.152111963813798
26.04,20.0,3.0,0.0775732173751465,0.20932387608137693,24.113286864442955,8.581435051398111,8.15099631964711
26.04,20.0,3.0,0.0912075934242082,0.2092929121881727,24.742426023749033,8.56204462452608,8.149790596801372
26.04,20.0,3.0,0.10582678618669689,0.20925970906557828,25.389023224307266,8.542144957559437,8.148497679169928
26.04,20.0,3.0,0.12139557674675777,0.20922434614946328,26.047141968551273,8.52191515436639,8.14712065995692
26.04,20.0,3.0,0.13787645852426655,0.20918690806490284,26.711123645603834,8.501523586872958,8.145662834432285
26.04,20.0,3.0,0.15522972763146659,0.20914748442775374,27.375663117320187,8.481125868145122,8.144127692205203
26.04,20.0,3.0,0.17341357852311168,0.2091061696342913,28.035869602159096,8.460863360421314,8.142518909032619
26.04,20.0,3.0,0.1923842047096866,0.20906306263935928,28.68731253157239,8.440862197840032,8.140840338180505
26.04,20.0,3.0,0.2120959042910774,0.2090182667235157,29.32605261010633,8.421232786924593,8.139096001356576
26.04,20.0,3.0,0.23250119005645142,0.208971889249681,29.94865879437475,8.402069735560696,8.137290079234274
26.04,20.0,3.0,0.25355090388510804,0.20892404140982382,30.552212303151464,8.383452153098105,8.1354269015888
26.04,20.0,3.0,0.27519433517269676,0.20887483796224166,31.134299073304646,8.365444259956243,8.133510937066912
26.04,20.0,3.0,0.2973793429975051,0.20882439696002242,31.69299228261599,8.348096244192151,8.13154678261332
26.04,20.0,3.0,0.320052481732506,0.20877283947129002,32.226826674535516,8.331445304293236,8.129539152577152
26.04,20.0,3.0,0.3431591298005543,0.20872028929186762,32.734766449796666,8.315516821361406,8.127492867523161
26.04,20.0,3.0,0.36664362126255085,0.20866687265100406,33.216168446899815,8.300325609256499,8.12541284277282
26.04,20.0,3.0,0.39044937992156514,0.20861271791083902,33.67074223108341,8.28587719762015,8.123304076701599
26.04,20.0,3.0,0.4145190556198494,0.2085579552602919,34.09850856370292,8.27216910953316,8.121171638819117
26.04,20.0,3.0,0.43879466240039194,0.20850271640408527,34.49975754499087,8.259192102481729,8.119020657659823
26.04,20.0,3.0,0.46321771820016633,0.20844713424762318,34.87500752611231,8.246931348014728,8.116856308512263
26.04,20.0,3.0,0.4877293857385439,0.20839134257846456,35.2249656829311,8.235367531739394,8.114683801015785
26.04,20.0,3.0,0.5122706142614561,0.20833547574514075,35.550490943756415,8.224477860971671,8.112508366653792
26.04,20.0,3.0,0.5367822817998338,0.20827966833408165,35.85255977432814,8.214236972335888,8.11033524617338
26.04,20.0,3.0,0.5612053375996081,0.20822405484542078,36.13223515112702,8.20461773585372,8.108169676961289
26.04,20.0,3.0,0.5854809443801506,0.20816876936846146,36.39063890253993,8.195591955572185,8.10601688040668
26.04,20.0,3.0,0.609550620078435,0.2081139452575884,36.62892746851111,8.187130969582565,8.103882049281248
26.04,20.0,3.0,0.6333563787374492,0.20805971480941732,36.84827102362459,8.1792061544279,8.101770335167549
26.04,20.0,3.0,0.6568408701994457,0.20800620894197316,37.049835825495904,8.171789340450292,8.099686835966306
26.04,20.0,3.0,0.6799475182674941,0.2079535568766919,37.23476958838205,8.16485314566543,8.097636583513678
26.04,20.0,3.0,0.702620657002495,0.20790188582403427,37.40418963896343,8.158371236346277,8.095624531339176
26.04,20.0,3.0,0.7248056648273034,0.20785132067350126,37.55917358482304,8.152318522728361,8.093655542594975
26.04,20.0,3.0,0.7464490961148921,0.20780198368882832,37.70075221363538,8.146671298186863,8.091734378186882
26.04,20.0,3.0,0.7674988099435487,0.20775399420913407,37.82990433984645,8.141407329949288,8.08986568513718
26.04,20.0,3.0,0.7879040957089227,0.20770746835678108,37.94755332321364,8.136505908954899,8.088053985208836
26.04,20.0,3.0,0.8076157952903134,0.20766251875270092,38.054564997690534,8.131947865907405,8.086303663820344
26.04,20.0,3.0,0.8265864214768883,0.2076192542399131,38.15174676781095,8.127715559932545,8.084618959279675
26.04,20.0,3.0,0.8447702723685335,0.2075777796159568,38.23984765123191,8.123792845585287,8.083003952365246
26.04,20.0,3.0,0.8621235414757334,0.2075381953749299,38.319559069049774,8.120165023279469,8.081462556281023
26.04,20.0,3.0,0.8786044232532423,0.20750059745981095,38.39151620877038,8.116818777559457,8.079998507012023
26.04,20.0,3.0,0.8941732138133032,0.20746507702571318,38.4562998075599,8.113742107013552,8.078615354105517
26.04,20.0,3.0,0.9087924065757919,0.20743172021469797,38.5144382249818,8.110924249054966,8.077316451902337
26.04,20.0,3.0,0.9224267826248536,0.20740060794274093,38.56640969443191,8.108355602273592,8.076104951241424
26.04,20.0,3.0,0.9350434955543557,0.20737181569942081,38.61264466063665,8.106027648595557,8.074983791659774
26.04,20.0,3.0,0.9466121505977576,0.20734541336086268,38.653528126767014,8.103932877076765,8.073955694108525
26.04,20.0,3.0,0.9571048778517653,0.2073214650164395,38.68940194890649,8.102064710801592,8.073023154204767
26.04,20.0,3.0,0.9664963994173694,0.20730002880969514,38.7205670278488,8.100417438054434,8.072188436037154
26.04,20.0,3.0,0.9747640902965183,0.2072811567939199,38.747285358599925,8.098986148677072,8.071453566542054
26.04,20.0,3.0,0.98188803289772,0.2072648948027666,38.76978190666023,8.097766676313881,8.070820330465395
26.04,20.0,3.0,0.9878510650192642,0.20725128233625992,38.788246287334005,8.096755547075148,8.070290265923909
26.04,20.0,3.0,0.9926388211944706,0.20724035246250616,38.80283423013407,8.095949935011163,8.069864660577739
26.04,20.0,3.0,0.996239767299355,0.20723213173537286,38.81366881500634,8.095347624681608,8.069544548424922
26.04,20.0,3.0,0.9986452283393451,0.20722664012836045,38.82084147076836,8.094946981021115,8.069330707226369
26.04,20.0,3.0,0.9998494093481021,0.2072238909848481,38.82441272902065,8.094746926638376,8.069223656568456
26.04,20.0,5.0,0.00015059065189787502,0.20949965817172286,20.0149112931565,8.70870856786908,8.157841210914613
26.04,20.0,5.0,0.0013547716606548965,0.2094969247701757,20.13374476616241,8.705066371651375,8.157734773243154
26.04,20.0,5.0,0.0037602327006450165,0.20949146449548897,20.36899398290882,8.697862741723828,8.157522152114074
26.04,20.0,5.0,0.007361178805529389,0.20948329038929261,20.71591319786512,8.687255624303589,8.157203855363745
26.04,20.0,5.0,0.012148934980735715,0.2094724219760993,21.167603061610066,8.673473253722003,8.156780643269657
26.04,20.0,5.0,0.01811196710228008,0.20945888521787437,21.71526008843523,8.656804434948247,8.156253526781386
26.04,20.0,5.0,0.025235909703481663,0.20944271245360807,22.34848763301511,8.637586678498407,8.15562376516756
26.04,20.0,5.0,0.03350360058263058,0.2094239423240169,23.05565193095913,8.616192971554097,8.154892863083761
26.04,20.0,5.0,0.04289512214823471,0.20940261968152946,23.82426504107707,8.593018002794002,8.154062567067397
26.04,20.0,5.0,0.05338784940224234,0.20937879548574523,24.64137606243628,8.568464620249902,8.153134861466913
26.04,20.0,5.0,0.06495650444564433,0.20935252668458426,25.493952747049434,8.542931203734977,8.152111963813798
26.04,20.0,5.0,0.0775732173751465,0.20932387608137693,26.36923745044487,8.516800493705832,8.15099631964711
26.04,20.0,5.0,0.0912075934242082,0.2092929121881727,27.255064039856848,8.490430256479536,8.149790596801372
26.04,20.0,5.0,0.10582678618669689,0.20925970906557828,28.140125644066302,8.464146000200852,8.148497679169928
26.04,20.0,5.0,0.12139557674675777,0.20922434614946328,29.0141866889752,8.43823580227729,8.14712065995692
26.04,20.0,5.0,0.13787645852426655,0.20918690806490284,29.868236234975086,8.412947178144409,8.145662834432285
26.04,20.0,5.0,0.15522972763146659,0.20914748442775374,30.69458296446311,8.388485819422595,8.144127692205203
26.04,20.0,5.0,0.17341357852311168,0.2091061696342913,31.48689505969236,8.365015958734125,8.142518909032619
26.04,20.0,5.0,0.1923842047096866,0.20906306263935928,32.24019052357636,8.342662077250601,8.140840338180505
26.04,20.0,5.0,0.2120959042910774,0.2090182667235157,32.95078515537068,8.32151165573403,8.139096001356576
26.04,20.0,5.0,0.23250119005645142,0.208971889249681,33.616206387169086,8.301618675464935,8.137290079234274
26.04,20.0,5.0,0.25355090388510804,0.20892404140982382,34.235081556366424,8.28300759666708,8.1354269015888
26.04,20.0,5.0,0.27519433517269676,0.20887483796224166,34.80700901431868,8.265677573713646,8.133510937066912
26.04,20.0,5.0,0.2973793429975051,0.20882439696002242,35.332419859173,8.249606704020835,8.13154678261332
26.04,20.0,5.0,0.320052481732506,0.20877283947129002,35.812437150401365,8.234756147392151,8.129539152577152
26.04,20.0,5.0,0.3431591298005543,0.20872028929186762,36.248738333201175,8.22107399181511,8.127492867523161
26.04,20.0,5.0,0.36664362126255085,0.20866687265100406,36.643425382263615,8.20849877828034,8.12541284277282
26.04,20.0,5.0,0.39044937992156514,0.20861271791083902,36.998905959695946,8.196962629749837,8.123304076701599
26.04,20.0,5.0,0.4145190556198494,0.2085579552602919,37.317787744123905,8.186393957190496,8.121171638819117
26.04,20.0,5.0,0.43879466240039194,0.20850271640408527,37.602787078805704,8.176719738322523,8.119020657659823
26.04,20.0,5.0,0.46321771820016633,0.20844713424762318,37.85665223712181,8.167867382472542,8.116856308512263
26.04,20.0,5.0,0.4877293857385439,0.20839134257846456,38.08210092727899,8.15976620798459,8.114683801015785
26.04,20.0,5.0,0.5122706142614561,0.20833547574514075,38.281771153091256,8.152348567513227,8.112508366653792
26.04,20.0,5.0,0.5367822817998338,0.20827966833408165,38.45818420207007,8.14555066178475,8.11033524617338
26.04,20.0,5.0,0.5612053375996081,0.20822405484542078,38.61371832634967,8.139313084690487,8.108169676961289
26.04,20.0,5.0,0.5854809443801506,0.20816876936846146,38.75059159288617,8.13358114249307,8.10601688040668
26.04,20.0,5.0,0.609550620078435,0.2081139452575884,38.87085238233169,8.12830498807115,8.103882049281248
26.04,20.0,5.0,0.6333563787374492,0.20805971480941732,38.97637608728343,8.123439608030424,8.101770335167549
26.04,20.0,5.0,0.6568408701994457,0.20800620894197316,39.06886667873806,8.118944696626953,8.099686835966306
26.04,20.0,5.0,0.6799475182674941,0.2079535568766919,39.14986195609765,8.114784446163473,8.097636583513678
26.04,20.0,5.0,0.702620657002495,0.20790188582403427,39.22074145597003,8.110927279130173,8.095624531339176
26.04,20.0,5.0,0.7248056648273034,0.20785132067350126,39.282736156683484,8.107345543095994,8.093655542594975
26.04,20.0,5.0,0.7464490961148921,0.20780198368882832,39.33693927047722,8.104015185372816,8.091734378186882
26.04,20.0,5.0,0.7674988099435487,0.20775399420913407,39.38431755810268,8.100915420875884,8.08986568513718
26.04,20.0,5.0,0.7879040957089227,0.20770746835678108,39.42572272772486,8.09802840344268,8.088053985208836
26.04,20.0,5.0,0.8076157952903134,0.20766251875270092,39.46190259002867,8.095338908168408,8.086303663820344
26.04,20.0,5.0,0.8265864214768883,0.2076192542399131,39.49351173413913,8.092834030058125,8.084618959279675
26.04,20.0,5.0,0.8447702723685335,0.2075777796159568,39.52112156512942,8.090502902456377,8.083003952365246
26.04,20.0,5.0,0.8621235414757334,0.2075381953749299,39.54522960490658,8.088336437253696,8.081462556281023
26.04,20.0,5.0,0.8786044232532423,0.20750059745981095,39.56626800586395,8.086327087739718,8.079998507012023
26.04,20.0,5.0,0.8941732138133032,0.20746507702571318,39.58461126272249,8.084468634126704,8.078615354105517
26.04,20.0,5.0,0.9087924065757919,0.20743172021469797,39.600583134319436,8.082755991158063,8.077316451902337
26.04,20.0,5.0,0.9224267826248536,0.20740060794274093,39.61446280546943,8.081185036800344,8.076104951241424
26.04,20.0,5.0,0.9350434955543557,0.20737181569942081,39.62649033100695,8.079752460755406,8.074983791659774
26.04,20.0,5.0,0.9466121505977576,0.20734541336086268,39.63687141109426,8.078455631387515,8.073955694108525
26.04,20.0,5.0,0.9571048778517653,0.2073214650164395,39.645781550010724,8.07729247961024,8.073023154204767
26.04,20.0,5.0,0.9664963994173694,0.20730002880969514,39.653369650906825,8.076261398295289,8.072188436037154
26.04,20.0,5.0,0.9747640902965183,0.2072811567939199,39.659761097187584,8.075361155831885,8.071453566542054
26.04,20.0,5.0,0.98188803289772,0.2072648948027666,39.66506036791077,8.074590822564993,8.070820330465395
26.04,20.0,5.0,0.9878510650192642,0.20725128233625992,39.66935323031686,8.073949708962855,8.070290265923909
26.04,20.0,5.0,0.9926388211944706,0.20724035246250616,39.67270854771715,8.073437314499692,8.069864660577739
26.04,20.0,5.0,0.996239767299355,0.20723213173537286,39.67517973570176,8.073053286382558,8.069544548424922
26.04,20.0,5.0,0.9986452283393451,0.20722664012836045,39.676805894178926,8.072797387397438,8.069330707226369
26.04,20.0,5.0,0.9998494093481021,0.2072238909848481,39.6776126372298,8.072669472296795,8.069223656568456
26.04,30.0,1.0,0.00015059065189787502,0.20949983071470374,30.001477363762547,8.421828914346374,8.157847929676125
26.04,30.0,1.0,0.0013547716606548965,0.20949847704149138,30.013282936012672,8.421446542254127,8.157795218128937
26.04,30.0,1.0,0.0037602327006450165,0.20949577294230348,30.036823119934695,8.420683988778105,8.157689921480788
26.04,30.0,1.0,0.007361178805529389,0.209491724903924,30.071956829027897,8.41954560923898,8.157532292324715
26.04,30.0,1.0,0.012148934980735715,0.20948634263732246,30.118474504159565,8.418037871915447,8.157322708802369
26.04,30.0,1.0,0.01811196710228008,0.20947963905465403,30.176100553889455,8.416169281892218,8.157061673708418
26.04,30.0,1.0,0.025235909703481663,0.20947163023867355,30.24449653551585,8.413950281959622,8.156749813299545
26.04,30.0,1.0,0.03350360058263058,0.20946233540463227,30.32326501708178,8.411393132556467,8.15638787581071
26.04,30.0,1.0,0.04289512214823471,0.20945177685474248,30.41195404874179,8.408511773130552,8.155976729682022
26.04,30.0,1.0,0.05338784940224234,0.2094399799253129,30.51006216194662,8.405321667604511,8.15551736150022
26.04,30.0,1.0,0.06495650444564433,0.20942697292667362,30.617043807088066,8.401839636870859,8.155010873659352
26.04,30.0,1.0,0.0775732173751465,0.20941278707602629,30.732315134694318,8.398083681395654,8.154458481746007
26.04,30.0,1.0,0.0912075934242082,0.20939745642337115,30.855260022063703,8.394072797082968,8.153861511654926
26.04,30.0,1.0,0.10582678618669689,0.2093810177706788,30.985236246354702,8.38982678754513,8.153221396441584
26.04,30.0,1.0,0.12139557674675777,0.20936351058448902,31.121581706546976,8.38536607584008,8.152539672918822
26.04,30.0,1.0,0.13787645852426655,0.20934497690213683,31.263620600196532,8.380711518584631,8.15181797800532
26.04,30.0,1.0,0.15522972763146659,0.20932546123181658,31.410669466340323,8.375884225139169,8.151058044834134
26.04,30.0,1.0,0.17341357852311168,0.20930501044671543,31.56204301299482,8.37090538429619,8.15026169863028
26.04,30.0,1.0,0.1923842047096866,0.2092836736734545,31.717059656173035,8.365796100602301,8.149430852366686
26.04,30.0,1.0,0.2120959042910774,0.2092615021750967,31.87504670688901,8.360577242113397,8.148567502208556
26.04,30.0,1.0,0.23250119005645142,0.20923854922898746,32.03534515292057,8.355269301036248,8.147673722756524
26.04,30.0,1.0,0.25355090388510804,0.2092148699997119,32.197313992833756,8.34989226835819,8.146751662099657
26.04,30.0,1.0,0.27519433517269676,0.20919052140745945,32.36033409063282,8.34446552321974,8.145803536689629
26.04,30.0,1.0,0.2973793429975051,0.20916556199210432,32.52381153009861,8.33900773745204,8.144831626048049
26.04,30.0,1.0,0.320052481732506,0.2091400517733136,32.68718045816166,8.333536795389001,8.143838267319131
26.04,30.0,1.0,0.3431591298005543,0.2091140521070131,32.849905416301795,8.328069728779964,8.142825849680518
26.04,30.0,1.0,0.36664362126255085,0.20908762553854268,33.0114831677912,8.322622666375883,8.141796808625214
26.04,30.0,1.0,0.39044937992156514,0.2090608356528493,33.171444036461935,8.317210797545032,8.140753620128143
26.04,30.0,1.0,0.4145190556198494,0.20903374692206647,33.329352779483315,8.311848349093179,8.139698794710956
26.04,30.0,1.0,0.43879466240039194,0.20900642455084353,33.48480902232086,8.306548574319857,8.138634871419207
26.04,30.0,1.0,0.46321771820016633,0.20897893431978784,33.63744728859672,8.301323753234735,8.137564411726045
26.04,30.0,1.0,0.4877293857385439,0.20895134242739488,33.78693666099275,8.296185202785603,8.136489993377038
26.04,30.0,1.0,0.5122706142614561,0.2089237153308406,33.93298011168008,8.291143295908494,8.135414204190672
26.04,30.0,1.0,0.5367822817998338,0.20889611958601886,34.07531354208902,8.286207488199041,8.134339635829477
26.04,30.0,1.0,0.5612053375996081,0.20886862168720657,34.21370457223247,8.281386351017881,8.133268877556638
26.04,30.0,1.0,0.5854809443801506,0.20884128790674378,34.34795111938132,8.276687609878746,8.1322045099932
26.04,30.0,1.0,0.609550620078435,0.2088141841351149,34.477879804756014,8.272118187021578,8.131149098890885
26.04,30.0,1.0,0.6333563787374492,0.20878737572182063,34.60334422516979,8.267684247141483,8.13010518893571
26.04,30.0,1.0,0.6568408701994457,0.20876092731742518,34.72422312435452,8.263391245323042,8.129075297597351
26.04,30.0,1.0,0.6799475182674941,0.2087349027171671,34.84041849612288,8.259243976316387,8.128061909039415
26.04,30.0,1.0,0.702620657002495,0.20870936470651372,34.95185364868519,8.255246624382243,8.127067468105377
26.04,30.0,1.0,0.7248056648273034,0.2086843749090413,35.05847125644425,8.25140281302623,8.126094374395095
26.04,30.0,1.0,0.7464490961148921,0.20865999363701304,35.16023142252209,8.247715654034804,8.125144976446371
26.04,30.0,1.0,0.7674988099435487,0.20863627974502702,35.257109772206036,8.244187795315412,8.12422156603605
26.04,30.0,1.0,0.7879040957089227,0.20861329048709334,35.349095594510686,8.240821467129015,8.123326372614656
26.04,30.0,1.0,0.8076157952903134,0.20859108137749954,35.4361900461837,8.237618526383908,8.122461557888544
26.04,30.0,1.0,0.8265864214768883,0.20856970605580769,35.51840442978437,8.234580498733962,8.12162921056294
26.04,30.0,1.0,0.8447702723685335,0.20854921615632308,35.59575855496996,8.23170861829202,8.120831341259088
26.04,30.0,1.0,0.8621235414757334,0.2085296611823596,35.668279189853024,8.229003864829325,8.120069877618192
26.04,30.0,1.0,0.8786044232532423,0.20851108838562007,35.735998607263355,8.22646699838494,8.11934665960454
26.04,30.0,1.0,0.8941732138133032,0.2084935426509918,35.798953228965615,8.224098591254265,8.11866343501947
26.04,30.0,1.0,0.9087924065757919,0.20847706638705243,35.85718236934707,8.221899057364594,8.118021855237721
26.04,30.0,1.0,0.9224267826248536,0.2084616994225587,35.91072707879863,8.219868679076525,8.117423471176728
26.04,30.0,1.0,0.9350434955543557,0.20844747890918447,35.959629085952486,8.218007631475444,8.116869729509284
26.04,30.0,1.0,0.9466121505977576,0.20843443923075097,36.003929837101225,8.216316004235832,8.116361969129006
26.04,30.0,1.0,0.9571048778517653,0.20842261191918465,36.04366963049313,8.214793821154691,8.115901417877742
26.04,30.0,1.0,0.9664963994173694,0.20841202557741226,36.07888684275508,8.213441057458441,8.11548918954316
26.04,30.0,1.0,0.9747640902965183,0.208402705809394,36.10961724442552,8.212257654991616,8.115126281134245
26.04,30.0,1.0,0.98188803289772,0.20839467515747007,36.13589340146518,8.211243535395129,8.114813570441601
26.04,30.0,1.0,0.9878510650192642,0.20838795304718422,36.1577441596354,8.210398611378375,8.114551813888903
26.04,30.0,1.0,0.9926388211944706,0.2083825557397226,36.17519420877227,8.209722796182392,8.114341644680884
26.04,30.0,1.0,0.996239767299355,0.20837849629209224,36.18826372423064,8.209216011322084,8.11418357125269
26.04,30.0,1.0,0.9986452283393451,0.2083757845251401,36.196968083097204,8.208878192683901,8.114077976024568
26.04,30.0,1.0,0.9998494093481021,0.20837442699949507,36.201317653172396,8.208709295042093,8.114025114465036
26.04,30.0,3.0,0.00015059065189787502,0.20949983071470374,30.004431423939707,8.421746848617373,8.157847929676125
26.04,30.0,3.0,0.0013547716606548965,0.20949847704149138,30.039794882901845,8.420710142325019,8.157795218128937
26.04,30.0,3.0,0.0037602327006450165,0.20949577294230348,30.110055268011195,8.418650536742271,8.157689921480788
26.04,30.0,3.0,0.007361178805529389,0.209491724903924,30.21429113072884,8.415595275663254,8.157532292324715
26.04,30.0,3.0,0.012148934980735715,0.20948634263732246,30.35114889458339,8.411584315355459,8.157322708802369
26.04,30.0,3.0,0.01811196710228008,0.20947963905465403,30.518875944766933,8.406669277302296,8.157061673708418
26.04,30.0,3.0,0.025235909703481663,0.20947163023867355,30.715362774222967,8.400912122276779,8.156749813299545
26.04,30.0,3.0,0.03350360058263058,0.20946233540463227,30.9381926296021,8.394383600380145,8.15638787581071
26.04,30.0,3.0,0.04289512214823471,0.20945177685474248,31.18469686883168,8.387161538776143,8.155976729682022
26.04,30.0,3.0,0.05338784940224234,0.2094399799253129,31.452014099360326,8.379329032418577,8.15551736150022
26.04,30.0,3.0,0.06495650444564433,0.20942697292667362,31.73715111591889,8.370972603116114,8.155010873659352
26.04,30.0,3.0,0.0775732173751465,0.20941278707602629,32.03704369671817,8.36218038906496,8.154458481746007
26.04,30.0,3.0,0.0912075934242082,0.20939745642337115,32.34861543996357,8.353040420973121,8.153861511654926
26.04,30.0,3.0,0.10582678618669689,0.2093810177706788,32.66883301659277,8.343639032713167,8.153221396441584
26.04,30.0,3.0,0.12139557674675777,0.20936351058448902,32.99475646512326,8.334059444767746,8.152539672918822
26.04,30.0,3.0,0.13787645852426655,0.20934497690213683,33.32358344329208,8.324380548283624,8.15181797800532
26.04,30.0,3.0,0.15522972763146659,0.20932546123181658,33.65268666091157,8.314675906995413,8.151058044834134
26.04,30.0,3.0,0.17341357852311168,0.20930501044671543,33.97964403169436,8.30501298420464,8.15026169863028
26.04,30.0,3.0,0.1923842047096866,0.2092836736734545,34.30226138294307,8.295452592872671,8.149430852366686
26.04,30.0,3.0,0.2120959042910774,0.2092615021750967,34.61858783760073,8.286048559048659,8.148567502208556
26.04,30.0,3.0,0.23250119005645142,0.20923854922898746,34.92692422283204,8.276847582514819,8.147673722756524
26.04,30.0,3.0,0.25355090388510804,0.2092148699997119,35.22582505596222,8.267889273778234,8.146751662099657
26.04,30.0,3.0,0.27519433517269676,0.20919052140745945,35.51409480839152,8.259206343352519,8.145803536689629
26.04,30.0,3.0,0.2973793429975051,0.20916556199210432,35.79077925028275,8.2508249175513,8.144831626048049
26.04,30.0,3.0,0.320052481732506,0.2091400517733136,36.05515273528124,8.242764954593529,8.143838267319131
26.04,30.0,3.0,0.3431591298005543,0.2091140521070131,36.306702299317806,8.235040735495659,8.142825849680518
26.04,30.0,3.0,0.36664362126255085,0.20908762553854268,36.54510942629537,8.227661405773455,8.141796808625214
26.04,30.0,3.0,0.39044937992156514,0.2090608356528493,36.770230282749424,8.220631546173248,8.140753620128143
26.04,30.0,3.0,0.4145190556198494,0.20903374692206647,36.98207515043015,8.213951753283398,8.139698794710956
26.04,30.0,3.0,0.43879466240039194,0.20900642455084353,37.18078769713162,8.207619213750165,8.138634871419207
26.04,30.0,3.0,0.46321771820016633,0.20897893431978784,37.366624628502734,8.201628258770233,8.137564411726045
26.04,30.0,3.0,0.4877293857385439,0.20895134242739488,37.539936162795414,8.195970888419776,8.136489993377038
26.04,30.0,3.0,0.5122706142614561,0.2089237153308406,37.70114767138699,8.190637258100484,8.135414204190672
26.04,30.0,3.0,0.5367822817998338,0.20889611958601886,37.85074273430621,8.185616121861239,8.134339635829477
26.04,30.0,3.0,0.5612053375996081,0.20886862168720657,37.9892477747303,8.180895229539432,8.133268877556638
26.04,30.0,3.0,0.5854809443801506,0.20884128790674378,38.11721836136121,8.176461676533593,8.1322045099932
26.04,30.0,3.0,0.609550620078435,0.2088141841351149,38.23522720375627,8.172302206561177,8.131149098890885
26.04,30.0,3.0,0.6333563787374492,0.20878737572182063,38.343853813347266,8.168403468982092,8.13010518893571
26.04,30.0,3.0,0.6568408701994457,0.20876092731742518,38.44367576174608,8.164752233199074,8.129075297597351
26.04,30.0,3.0,0.6799475182674941,0.2087349027171671,38.53526143724423,8.161335563309711,8.128061909039415
26.04,30.0,3.0,0.702620657002495,0.20870936470651372,38.61916417914097,8.158140956614181,8.127067468105377
26.04,30.0,3.0,0.7248056648273034,0.2086843749090413,38.69591765644765,8.155156449813338,8.126094374395095
26.04,30.0,3.0,0.7464490961148921,0.20865999363701304,38.76603235131739,8.152370696798805,8.125144976446371
26.04,30.0,3.0,0.7674988099435487,0.20863627974502702,38.829993006940526,8.14977302187438,8.12422156603605
26.04,30.0,3.0,0.7879040957089227,0.20861329048709334,38.88825690340377,8.147353452086913,8.123326372614656
26.04,30.0,3.0,0.8076157952903134,0.20859108137749954,38.94125283200117,8.145102732113534,8.122461557888544
26.04,30.0,3.0,0.8265864214768883,0.20856970605580769,38.98938064773188,8.1430123248734,8.12162921056294
26.04,30.0,3.0,0.8447702723685335,0.20854921615632308,39.03301129036936,8.141074400727511,8.120831341259088
26.04,30.0,3.0,0.8621235414757334,0.2085296611823596,39.072487175852984,8.139281817814505,8.120069877618192
26.04,30.0,3.0,0.8786044232532423,0.20851108838562007,39.108122871279306,8.137628095757526,8.11934665960454
26.04,30.0,3.0,0.8941732138133032,0.2084935426509918,39.140205978029144,8.136107384675947,8.11866343501947
26.04,30.0,3.0,0.9087924065757919,0.20847706638705243,39.16899815826105,8.134714431153546,8.118021855237721
26.04,30.0,3.0,0.9224267826248536,0.2084616994225587,39.19473624989962,8.133444542555345,8.117423471176728
26.04,30.0,3.0,0.9350434955543557,0.20844747890918447,39.21763342424674,8.132293550851992,8.116869729509284
26.04,30.0,3.0,0.9466121505977576,0.20843443923075097,39.23788034835525,8.131257776903542,8.116361969129006
26.04,30.0,3.0,0.9571048778517653,0.20842261191918465,39.255646321328925,8.130333995974606,8.115901417877742
26.04,30.0,3.0,0.9664963994173694,0.20841202557741226,39.27108035977784,8.129519405097868,8.11548918954316
26.04,30.0,3.0,0.9747640902965183,0.208402705809394,39.28431221280357,8.128811592772404,8.115126281134245
26.04,30.0,3.0,0.98188803289772,0.20839467515747007,39.29545329120015,8.128208511374151,8.114813570441601
26.04,30.0,3.0,0.9878510650192642,0.20838795304718422,39.30459749910608,8.127708452566818,8.114551813888903
26.04,30.0,3.0,0.9926388211944706,0.2083825557397226,39.31182195922963,8.127310025929045,8.114341644680884
26.04,30.0,3.0,0.996239767299355,0.20837849629209224,39.317187625070176,8.127012140956658,8.11418357125269
26.04,30.0,3.0,0.9986452283393451,0.2083757845251401,39.320739775379764,8.126813992553883,8.114077976024568
26.04,30.0,3.0,0.9998494093481021,0.20837442699949507,39.322508387526625,8.126715050092653,8.114025114465036
26.04,30.0,5.0,0.00015059065189787502,0.20949983071470374,30.007384594543282,8.421664809199935,8.157847929676125
26.04,30.0,5.0,0.0013547716606548965,0.20949847704149138,30.06623509175472,8.419975863255875,8.157795218128937
26.04,30.0,5.0,0.0037602327006450165,0.20949577294230348,30.18273874197996,8.416633290698613,8.157689921480788
26.04,30.0,5.0,0.007361178805529389,0.209491724903924,30.354545285843017,8.411706298633076,8.157532292324715
26.04,30.0,5.0,0.012148934980735715,0.20948634263732246,30.57823792390508,8.40529521121984,8.157322708802369
26.04,30.0,5.0,0.01811196710228008,0.20947963905465403,30.849456861757744,8.397527535842565,8.157061673708418
26.04,30.0,5.0,0.025235909703481663,0.20947163023867355,31.163053316560195,8.388553109532634,8.156749813299545
26.04,30.0,5.0,0.03350360058263058,0.20946233540463227,31.513265840788335,8.378538614540854,8.15638787581071
26.04,30.0,5.0,0.04289512214823471,0.20945177685474248,31.89390996865484,8.367661772876065,8.155976729682022
26.04,30.0,5.0,0.05338784940224234,0.2094399799253129,32.29857196049579,8.356105526026305,8.15551736150022
26.04,30.0,5.0,0.06495650444564433,0.20942697292667362,32.72079779073704,8.344052480549582,8.155010873659352
26.04,30.0,5.0,0.0775732173751465,0.20941278707602629,33.15426942708194,8.331679857322193,8.154458481746007
26.04,30.0,5.0,0.0912075934242082,0.20939745642337115,33.59296177454388,8.319155127663349,8.153861511654926
26.04,30.0,5.0,0.10582678618669689,0.2093810177706788,34.03127527454484,8.306632459336887,8.153221396441584
26.04,30.0,5.0,0.12139557674675777,0.20936351058448902,34.4641409123563,8.294250035180342,8.152539672918822
26.04,30.0,5.0,0.13787645852426655,0.20934497690213683,34.887096155133804,8.282128251505398,8.15181797800532
26.04,30.0,5.0,0.15522972763146659,0.20932546123181658,35.29633199306147,8.270368755879154,8.151058044834134
26.04,30.0,5.0,0.17341357852311168,0.20930501044671543,35.6887126882599,8.259054246518794,8.15026169863028
26.04,30.0,5.0,0.1923842047096866,0.2092836736734545,36.06177098130922,8.248248929138818,8.149430852366686
26.04,30.0,5.0,0.2120959042910774,0.2092615021750967,36.41368232698545,8.237999511449429,8.148567502208556
26.04,30.0,5.0,0.23250119005645142,0.20923854922898746,36.74322222307552,8.228336609591315,8.147673722756524
26.04,30.0,5.0,0.25355090388510804,0.2092148699997119,37.049710878988776,8.21927644306325,8.146751662099657
26.04,30.0,5.0,0.27519433517269676,0.20919052140745945,37.33294938425149,8.210822703347903,8.145803536689629
26.04,30.0,5.0,0.2973793429975051,0.20916556199210432,37.59315123376251,8.202968494608598,8.144831626048049
26.04,30.0,5.0,0.320052481732506,0.2091400517733136,37.83087260590054,8.195698260760997,8.143838267319131
26.04,30.0,5.0,0.3431591298005543,0.2091140521070131,38.04694423026882,8.188989630378137,8.142825849680518
26.04,30.0,5.0,0.36664362126255085,0.20908762553854268,38.24240707834275,8.182815127995248,8.141796808625214
26.04,30.0,5.0,0.39044937992156514,0.2090608356528493,38.41845350871057,8.17714371647199,8.140753620128143
26.04,30.0,5.0,0.4145190556198494,0.20903374692206647,38.57637493514511,8.171942149461318,8.139698794710956
26.04,30.0,5.0,0.43879466240039194,0.20900642455084353,38.71751658595025,8.167176125312267,8.138634871419207
26.04,30.0,5.0,0.46321771820016633,0.20897893431978784,38.8432395023446,8.16281124370946,8.137564411726045
26.04,30.0,5.0,0.4877293857385439,0.20895134242739488,38.95488958860227,8.158813774022533,8.136489993377038
26.04,30.0,5.0,0.5122706142614561,0.2089237153308406,39.05377327659136,8.155151249837438,8.135414204190672
26.04,30.0,5.0,0.5367822817998338,0.20889611958601886,39.141139196179324,8.15179290769932,8.134339635829477
26.04,30.0,5.0,0.5612053375996081,0.20886862168720657,39.218165141106056,8.148709989998327,8.133268877556638
26.04,30.0,5.0,0.5854809443801506,0.20884128790674378,39.28594957580174,8.145875932485843,8.1322045099932
26.04,30.0,5.0,0.609550620078435,0.2088141841351149,39.34550693009669,8.14326645642637,8.131149098890885
26.04,30.0,5.0,0.6333563787374492,0.20878737572182063,39.39776596407853,8.140859584157061,8.13010518893571
26.04,30.0,5.0,0.6568408701994457,0.20876092731742518,39.443570543855685,8.138635595096153,8.129075297597351
26.04,30.0,5.0,0.6799475182674941,0.2087349027171671,39.48368224154336,8.136576937228183,8.128061909039415
26.04,30.0,5.0,0.702620657002495,0.20870936470651372,39.5187842519793,8.134668106968595,8.127067468105377
26.04,30.0,5.0,0.7248056648273034,0.2086843749090413,39.54948619873869,8.132895508205657,8.126094374395095
26.04,30.0,5.0,0.7464490961148921,0.20865999363701304,39.57632947880518,8.131247299325874,8.125144976446371
26.04,30.0,5.0,0.7674988099435487,0.20863627974502702,39.599792865957454,8.129713235213073,8.12422156603605
26.04,30.0,5.0,0.7879040957089227,0.20861329048709334,39.620298155904436,8.128284509604853,8.123326372614656
26.04,30.0,5.0,0.8076157952903134,0.20859108137749954,39.63821569068449,8.12695360180852,8.122461557888544
26.04,30.0,5.0,0.8265864214768883,0.20856970605580769,39.65386964575515,8.125714130619045,8.12162921056294
26.04,30.0,5.0,0.8447702723685335,0.20854921615632308,39.66754300091844,8.124560717333527,8.120831341259088
26.04,30.0,5.0,0.8621235414757334,0.2085296611823596,39.67948214644531,8.123488858999535,8.120069877618192
26.04,30.0,5.0,0.8786044232532423,0.20851108838562007,39.689901099334236,8.122494812447172,8.11934665960454
26.04,30.0,5.0,0.8941732138133032,0.2084935426509918,39.69898532248527,8.1215754892116,8.11866343501947
26.04,30.0,5.0,0.9087924065757919,0.20847706638705243,39.70689515261239,8.120728361131693,8.118021855237721
26.04,30.0,5.0,0.9224267826248536,0.2084616994225587,39.713768851812176,8.119951376187993,8.117423471176728
26.04,30.0,5.0,0.9350434955543557,0.20844747890918447,39.71972530364519,8.119242884000784,8.116869729509284
26.04,30.0,5.0,0.9466121505977576,0.20843443923075097,39.72486637803502,8.118601570328314,8.116361969129006
26.04,30.0,5.0,0.9571048778517653,0.20842261191918465,39.72927899084675,8.118026399872349,8.115901417877742
26.04,30.0,5.0,0.9664963994173694,0.20841202557741226,39.733036884135004,8.117516566700262,8.11548918954316
26.04,30.0,5.0,0.9747640902965183,0.208402705809394,39.7362021521526,8.117071451620857,8.115126281134245
26.04,30.0,5.0,0.98188803289772,0.20839467515747007,39.73882653658768,8.116690585896384,8.114813570441601
26.04,30.0,5.0,0.9878510650192642,0.20838795304718422,39.740952512381114,8.116373620730878,8.114551813888903
26.04,30.0,5.0,0.9926388211944706,0.2083825557397226,39.74261418305616,8.116120302039462,8.114341644680884
26.04,30.0,5.0,0.996239767299355,0.20837849629209224,39.7438380018836,8.115930450072462,8.11418357125269
26.04,30.0,5.0,0.9986452283393451,0.2083757845251401,39.74464333250722,8.115803943539092,8.114077976024568
26.04,30.0,5.0,0.9998494093481021,0.20837442699949507,39.74504285991702,8.115740707947209,8.114025114465036
