regime,time_s,anode_relative_humidity,current_a,water_flux_lambda_m_s,water_source_mol_s,hydrogen_mol,water_vapor_mol,liquid_water_mol,hydrogen_partial_pressure_pa,water_vapor_partial_pressure_pa,total_pressure_pa
dry_high_load,0.0,0.0,0.0029781041174676776,3.3503839621021375e-06,1.2183214407644134e-08,0.001055491936779534,0.0,0.0,137324.99999999997,0.0,137324.99999999997
dry_high_load,10.0,0.002156604611797221,0.002984243898783747,3.3083195591102727e-06,1.2030252942219173e-08,0.001055370794556446,1.211422230880663e-07,0.0,137309.23876563538,15.761234364638755,137324.99999999997
dry_high_load,20.0,0.004286132838764855,0.002990306594536345,3.266783278870629e-06,1.1879211923165922e-08,0.0010552511732859857,2.4076349354833e-07,0.0,137293.67541513164,31.324584868364017,137325.00000000003
dry_high_load,30.0,0.006388924627600333,0.0029962931725423694,3.2257684907496635e-06,1.1730067239089684e-08,0.001055133053872442,3.588829070919071e-07,0.0,137278.30746403732,46.692535962679045,137324.99999999997
dry_high_load,40.0,0.008465315656936572,0.003002204588467678,3.1852686473620965e-06,1.1582795081316712e-08,0.0010550164174598525,4.75519319681366e-07,0.0,137263.1324590934,61.867540906551966,137324.99999999997
dry_high_load,50.0,0.010515637390927963,0.0030080417859796498,3.1452772835257187e-06,1.143737194009352e-08,0.0010549012454289931,5.906913505407947e-07,0.0,137248.14797784193,76.85202215804127,137324.99999999997
dry_high_load,60.0,0.012540217132163547,0.0030138056968978272,3.105788015229326e-06,1.1293774600833912e-08,0.001054787519394406,7.044173851280759e-07,0.0,137233.35162823898,91.64837176100416,137324.99999999997
dry_high_load,70.0,0.014539378073915903,0.0030194972413426654,3.0667945386136067e-06,1.1151980140413113e-08,0.001054675221201464,8.167155780698447e-07,0.0,137218.74104827302,106.25895172694996,137324.99999999997
dry_high_load,80.0,0.016513439351734008,0.0030251173278824147,3.0282906289648296e-06,1.101196592350847e-08,0.0010545643329234744,9.276038560595979e-07,0.0,137204.31390558791,120.68609441209921,137324.99999999997
dry_high_load,90.0,0.018462716094388366,0.0030306668536781625,2.990270139721161e-06,1.0873709598986039e-08,0.0010544548368588147,1.0370999207194174e-06,0.0,137190.0678971103,134.93210288970872,137325.00000000003
dry_high_load,100.0,0.02038751947417651,0.0030361467046270485,2.952727001491461e-06,1.0737189096332583e-08,0.0010543467155281082,1.1452212514257638e-06,0.0,137176.00074868227,148.9992513177221,137324.99999999997
dry_high_load,110.0,0.022288156756596893,0.0030415577555036877,2.9156552210863973e-06,1.0602382622132351e-08,0.0010542399516714341,1.2519851080997917e-06,0.0,137162.1102146982,162.8897853018043,137324.99999999997
dry_high_load,120.0,0.024164931349399177,0.0030469008700998107,2.879048880561725e-06,1.0469268656588088e-08,0.0010541345282455712,1.3574085339626346e-06,0.0,137148.39407774617,176.6059222538186,137324.99999999994
dry_high_load,130.0,0.02601814285101863,0.003052176901362159,2.8429021362735747e-06,1.0337825950085725e-08,0.0010540304284212777,1.4615083582560936e-06,0.0,137134.8501482542,190.14985174580224,137324.99999999994
dry_high_load,140.0,0.02784808709840243,0.0030573866915286434,2.807209217945607e-06,1.0208033519802206e-08,0.001053927635580605,1.5643011989291692e-06,0.0,137121.4762641405,203.52373585949832,137325.00000000003
dry_high_load,150.0,0.029655056214235555,0.003062531072262792,2.7719644277478735e-06,1.0079870646355903e-08,0.001053826133314243,1.6658034652908647e-06,0.0,137108.27029046847,216.72970953149925,137324.99999999997
dry_high_load,160.0,0.03143933865357367,0.003067610864786517,2.737162139387246e-06,9.953316870499075e-09,0.0010537259054189043,1.7660313606296796e-06,0.0,137095.23011910592,229.7698808940567,137324.99999999997
dry_high_load,170.0,0.033201219249890626,0.003072626880011207,2.702796797209265e-06,9.82835198985187e-09,0.0010536269358947337,1.86500088480022e-06,0.0,137082.35366838836,242.64633161161277,137324.99999999997
dry_high_load,180.0,0.034940979260547754,0.0030775799186671775,2.6688629153112637e-06,9.704956055677321e-09,0.0010535292089427566,1.9627278367773306e-06,0.0,137069.6388827869,255.36111721310607,137324.99999999997
dry_high_load,190.0,0.03665889641169229,0.0030824707714314967,2.635355076666627e-06,9.583109369696825e-09,0.0010534327089623558,2.0592278171781583e-06,0.0,137057.0837325799,267.9162674201054,137324.99999999997
dry_high_load,200.0,0.03835524494259216,0.003087300219054202,2.6022679322600474e-06,9.462792480945625e-09,0.0010533374205487815,2.1545162307525554e-06,0.0,137044.68621352917,280.3137864708239,137324.99999999997
dry_high_load,210.0,0.040030295649414085,0.003092069032482939,2.5695962002336347e-06,9.343986182667762e-09,0.0010532433284906918,2.2486082888422116e-06,0.0,137032.44434655993,292.5556534400653,137325.00000000003
dry_high_load,220.0,0.04168431592845204,0.0030967779729860257,2.5373346650437472e-06,9.226671509249989e-09,0.0010531504177677252,2.3415190118089126e-06,0.0,137020.35617744486,304.64382255515284,137325.00000000003
dry_high_load,230.0,0.043317569818813,0.0031014277922739846,2.5054781766284133e-06,9.11082973319423e-09,0.0010530586735481016,2.433263231432312e-06,0.0,137008.41977649208,316.58022350789156,137324.99999999997
dry_high_load,240.0,0.04493031804456677,0.003106019232619535,2.474021649585198e-06,8.996442362127993e-09,0.0010529680811862563,2.523855593277598e-06,0.0,136996.63323823738,328.36676176261483,137324.99999999997
dry_high_load,250.0,0.0465228180563666,0.003110553026976091,2.4429600623594002e-06,8.883491135852364e-09,0.0010528786262205007,2.613310559033436e-06,0.0,136984.99468113965,340.0053188603621,137325.00000000003
dry_high_load,260.0,0.04809532407254722,0.003115029899094762,2.4122884564424356e-06,8.771958023427038e-09,0.0010527902943707134,2.7016424088205545e-06,0.0,136973.50224728076,351.4977527192384,137324.99999999997
dry_high_load,270.0,0.04964808711970699,0.0031194505636398906,2.382001935580286e-06,8.661825220291949e-09,0.0010527030715360628,2.7888652434713513e-06,0.0,136962.15410206903,362.84589793100287,137325.00000000003
dry_high_load,280.0,0.05118135507278041,0.0031238157263031394,2.3520956649918894e-06,8.553075145425051e-09,0.001052616943792753,2.8749929867808735e-06,0.0,136950.94843394606,374.05156605393296,137324.99999999997
dry_high_load,290.0,0.05269537269460757,0.0031281260839161407,2.322564870597339e-06,8.445690438535778e-09,0.0010525318973918045,2.96003938772954e-06,0.0,136939.883454098,385.11654590201215,137325.00000000003
dry_high_load,300.0,0.05419038167500686,0.003132382324561737,2.293404838255775e-06,8.339653957293725e-09,0.001052447918756856,3.044018022677958e-06,0.0,136928.95739616948,396.04260383048717,137324.99999999997
dry_high_load,310.0,0.05566662066935699,0.0031365851276838213,2.2646109130128444e-06,8.23494877459216e-09,0.0010523649944819999,3.126942297534179e-06,0.0,136918.16851598216,406.83148401783916,137325.00000000003
dry_high_load,320.0,0.05712432533669473,0.003140735164195803,2.2361784983576067e-06,8.13155817584584e-09,0.0010522831113296402,3.208825449893749e-06,0.0,136907.51509125577,417.48490874421555,137324.99999999997
dry_high_load,330.0,0.058563728377334284,0.0031448330965877062,2.2081030554887726e-06,8.029465656322807e-09,0.0010522022562283813,3.2896805511528915e-06,0.0,136896.99542133365,428.00457866636583,137325.00000000003
dry_high_load,340.0,0.059985059570014314,0.003148879579031927,2.1803801025901528e-06,7.928654918509645e-09,0.001052122416270939,3.369520508595151e-06,0.0,136886.60782691088,438.39217308912487,137325.00000000003
dry_high_load,350.0,0.06138854580857861,0.003152875257487662,2.153005214115206e-06,7.829109869509839e-09,0.001052043578712082,3.448358067451848e-06,0.0,136876.3506497665,448.64935023348926,137324.99999999997
dry_high_load,360.0,0.06277441113819625,0.0031568207698040264,2.125974020080566e-06,7.730814618474785e-09,0.0010519657309665973,3.526205812936657e-06,0.0,136866.22225249867,458.77774750132585,137324.99999999997
dry_high_load,370.0,0.06414287679112698,0.003160716745821876,2.0992822053684416e-06,7.63375347406706e-09,0.0010518888606072794,3.60307617225465e-06,0.0,136856.22101826323,468.7789817367593,137325.00000000003
dry_high_load,380.0,0.06549416122203766,0.0031645638074743535,2.0729255090377728e-06,7.537910941955536e-09,0.0010518129553629479,3.6789814165861055e-06,0.0,136846.3453505157,478.65464948427547,137324.99999999997
dry_high_load,390.0,0.06682848014287504,0.003168362568886167,2.046899723644038e-06,7.4432717223419546e-09,0.0010517380031164888,3.7539336630454154e-06,0.0,136836.59367275643,488.4063272435862,137325.00000000003
dry_high_load,400.0,0.06814604655730101,0.00317211363647163,2.0212006945675985e-06,7.349820707518539e-09,0.0010516639919029185,3.827944876615398e-06,0.0,136826.9644282787,498.03557172129246,137324.99999999997
dry_high_load,410.0,0.06944707079469535,0.0031758176090314633,1.995824319350478e-06,7.257542979456282e-09,0.0010515909099074767,3.901026872057327e-06,0.0,136817.45607992058,507.54392007939003,137324.99999999997
dry_high_load,420.0,0.07073176054373168,0.0031794750778483855,1.9707665470414654e-06,7.16642380742351e-09,0.0010515187454637372,3.973191315796977e-06,0.0,136808.06710981939,516.9328901806533,137325.00000000003
dry_high_load,430.0,0.07200032088553163,0.003183086626781501,1.946023377549445e-06,7.076448645634344e-09,0.0010514474870517469,4.044449727786988e-06,0.0,136798.79601916904,526.2039808309386,137324.99999999997
dry_high_load,440.0,0.07325295432640302,0.0031866528323595076,1.921590861004843e-06,6.987603130926701e-09,0.001051377123296188,4.11481348334585e-06,0.0,136789.64132798155,535.3586720184461,137324.99999999997
dry_high_load,450.0,0.07448986083016691,0.0031901742638727254,1.8974650971290886e-06,6.899873080469413e-09,0.0010513076429645603,4.184293814973804e-06,0.0,136780.60157485004,544.3984251499771,137325.00000000003
dry_high_load,460.0,0.07571123785007881,0.0031936514834639803,1.8736422346119943e-06,6.813244489498161e-09,0.0010512390349653878,4.252901814145938e-06,0.0,136771.67531671573,553.324683284227,137324.99999999994
dry_high_load,470.0,0.0769172803603489,0.003197085046218337,1.8501184704969563e-06,6.727703529079839e-09,0.0010511712883464511,4.320648433082765e-06,0.0,136762.86112863783,562.138871362144,137324.99999999997
dry_high_load,480.0,0.07810818088726686,0.003200475500251714,1.826890049573867e-06,6.64323654390497e-09,0.0010511043922930355,4.387544486498585e-06,0.0,136754.1576035656,570.8423964344026,137325.00000000003
dry_high_load,490.0,0.07928412953993577,0.0032038233867983795,1.8039532637796536e-06,6.5598300501078305e-09,0.001051038336126206,4.453600653327891e-06,0.0,136745.56335211397,579.4366478860167,137324.99999999997
dry_high_load,500.0,0.08044531404061994,0.003207129240297352,1.781304451606345e-06,6.4774707331139815e-09,0.001050973109301104,4.5188274784300875e-06,0.0,136737.0770023419,587.9229976581325,137325.00000000003
dry_high_load,510.0,0.08159191975471214,0.0032103935884777142,1.758939997516564e-06,6.396145445514777e-09,0.0010509087014052613,4.583235374272828e-06,0.0,136728.69719953297,596.30280046704,137325.00000000003
dry_high_load,520.0,0.0827241297203242,0.003213616952442859,1.7368563313663643e-06,6.315841204968597e-09,0.00105084510215694,4.6468346225942e-06,0.0,136720.42260597958,604.5773940204314,137325.00000000003
dry_high_load,530.0,0.0838421246775063,0.0032167998467536735,1.715049927835311e-06,6.2365451921284025e-09,0.00105078230140349,4.70963537604405e-06,0.0,136712.25190076907,612.748099230946,137324.99999999997
dry_high_load,540.0,0.08494608309709935,0.003219942779510683,1.693517305863718e-06,6.158244748595337e-09,0.0010507202891197292,4.771647659804698e-06,0.0,136704.18377957295,620.816220427034,137324.99999999997
dry_high_load,550.0,0.08603618120922514,0.0032230462524351585,1.6722550280969476e-06,6.08092737489799e-09,0.0010506590554063427,4.832881373191303e-06,0.0,136696.21695443883,628.7830455611722,137324.99999999997
dry_high_load,560.0,0.08711259303141887,0.0032261107609492124,1.6512597003366906e-06,6.004580728497056e-09,0.0010505985904883017,4.893346291232147e-06,0.0,136688.35015358453,636.6498464154674,137324.99999999997
dry_high_load,570.0,0.08817549039640823,0.003229136794254883,1.6305279709991352e-06,5.9291926218150365e-09,0.001050538884713305,4.953052066229055e-06,0.0,136680.58212119533,644.4178788046746,137324.99999999997
dry_high_load,580.0,0.08922504297954403,0.0032321248354122275,1.610056530579936e-06,5.854751020290676e-09,0.0010504799285502356,5.012008229298249e-06,0.0,136672.9116172233,652.0883827766705,137324.99999999997
dry_high_load,590.0,0.09026141832588622,0.003235075361416437,1.5898421111259032e-06,5.7812440404578296e-09,0.001050421712587642,5.070224191891842e-06,0.0,136665.33741718956,659.6625828104079,137324.99999999997
dry_high_load,600.0,0.09128478187694987,0.003237988843273981,1.569881485713323e-06,5.708659948048446e-09,0.0010503642275322338,5.12770924730023e-06,0.0,136657.85831198862,667.1416880113848,137324.99999999997
dry_high_load,610.0,0.09229529699711544,0.003240865746077795,1.5501714679328295e-06,5.636987156119379e-09,0.0010503074642073983,5.184472572135628e-06,0.0,136650.47310769532,674.5268923046594,137324.99999999997
dry_high_load,620.0,0.09329312499970736,0.0032437065290815276,1.530708911380743e-06,5.566214223202701e-09,0.0010502514135517368,5.2405232277969705e-06,0.0,136643.18062537452,681.8193746254425,137324.99999999994
dry_high_load,630.0,0.09427842517274532,0.003246511645772851,1.5114907091567927e-06,5.4963298514792456e-09,0.0010501960666176177,5.2958701619164355e-06,0.0,136635.97970089273,689.0202991072968,137325.00000000003
dry_high_load,640.0,0.09525135480437207,0.0032492815439458564,1.4925137933681502e-06,5.427322884975091e-09,0.0010501414145697462,5.350522209787786e-06,0.0,136628.86918473203,696.1308152679719,137325.00000000003
dry_high_load,650.0,0.09621206920796213,0.0032520166657725343,1.4737751346396854e-06,5.359182307780674e-09,0.0010500874486837571,5.404488095776798e-06,0.0,136621.8479418071,703.1520581929087,137324.99999999997
dry_high_load,660.0,0.09716072174691523,0.0032547174478733624,1.4552717416303733e-06,5.2918972422922655e-09,0.0010500341603448201,5.4577764347139695e-06,0.0,136614.91485128357,710.0851487164373,137325.00000000003
dry_high_load,670.0,0.09809746385913841,0.003257384321387006,1.437000660555772e-06,5.225456947475534e-09,0.0010499815410462642,5.510395733269748e-06,0.0,136608.06880639927,716.9311936007022,137324.99999999997
dry_high_load,680.0,0.09902244508122071,0.0032600177120391395,1.4189589747164966e-06,5.159850817150896e-09,0.0010499295823882216,5.562354391312487e-06,0.0,136601.30871428768,723.6912857123384,137325.00000000003
dry_high_load,690.0,0.09993581307230451,0.0032626180402104115,1.401143804032613e-06,5.09506837830041e-09,0.0010498782760762848,5.613660703249363e-06,0.0,136594.63349580308,730.3665041969333,137325.00000000003
dry_high_load,700.0,0.10084008283676629,0.003263705224261015,1.3923275881968959e-06,5.063009411625076e-09,0.0010498274808359617,5.664455943572498e-06,0.0,136588.0247703981,736.97522960194,137325.00000000003
dry_high_load,710.0,0.10173905210651796,0.0032646730683048054,1.3842331094399158e-06,5.033574943417876e-09,0.0010497769833385392,5.7149534409949935e-06,0.0,136581.45478289566,743.5452171043576,137325.00000000003
dry_high_load,720.0,0.10263279510070138,0.0032656352856605094,1.376185688995148e-06,5.004311596345992e-09,0.0010497267794149303,5.7651573646036594e-06,0.0,136574.9229908759,750.077009124101,137324.99999999997
dry_high_load,730.0,0.10352134220295396,0.0032665919090396154,1.368185053282932e-06,4.975218375574298e-09,0.0010496768673584054,5.815069421128306e-06,0.0,136568.42917228438,756.5708277156103,137324.99999999994
dry_high_load,740.0,0.1044047236202738,0.0032675429709634386,1.3602309303140994e-06,4.9462942920512695e-09,0.0010496272454721576,5.864691307376445e-06,0.0,136561.97310635765,763.026893642383,137325.00000000003
dry_high_load,750.0,0.10528296938404672,0.0032684885037642278,1.3523230496807253e-06,4.917538362475364e-09,0.001049577912069243,5.914024710290976e-06,0.0,136555.55457361552,769.4454263844791,137324.99999999997
dry_high_load,760.0,0.1061561093510671,0.0032694285395862637,1.3444611425469373e-06,4.888949609261589e-09,0.0010495288654725264,5.963071307007535e-06,0.0,136549.173355854,775.8266441459828,137324.99999999997
dry_high_load,770.0,0.10702417320455301,0.003270363110386952,1.336644941639775e-06,4.860527060508272e-09,0.0010494801040146226,6.011832764911514e-06,0.0,136542.8292361376,782.1707638624204,137325.00000000003
dry_high_load,780.0,0.10788719045515514,0.00327129224793791,1.3288741812401052e-06,4.832269749964018e-09,0.0010494316260378392,6.060310741694735e-06,0.0,136536.52199879187,788.4780012081343,137324.99999999997
dry_high_load,790.0,0.1087451904419602,0.0032722159838260464,1.3211485971735873e-06,4.804176716994862e-09,0.0010493834298941223,6.108506885411815e-06,0.0,136530.2514293964,794.7485706036165,137325.00000000003
dry_high_load,800.0,0.10959820233348828,0.0032731343494546354,1.3134679268016925e-06,4.776247006551608e-09,0.0010493355139449979,6.15642283453619e-06,0.0,136524.01731477721,800.9826852227975,137325.00000000003
dry_high_load,810.0,0.11044625512868446,0.003274047376044384,1.3058319090127759e-06,4.748479669137366e-09,0.0010492878765615181,6.204060218015816e-06,0.0,136517.8194429997,807.1805570002925,137324.99999999997
dry_high_load,820.0,0.11128937765790468,0.0032749550946344942,1.2982402842131988e-06,4.7208737607752674e-09,0.0010492405161242053,6.251420655328548e-06,0.0,136511.65760336135,813.3423966386084,137324.99999999997
dry_high_load,830.0,0.11212759858389576,0.003275857536083716,1.2906927943185048e-06,4.693428342976381e-09,0.0010491934310229967,6.29850575653719e-06,0.0,136505.5315863847,819.4684136153041,137324.99999999997
dry_high_load,840.0,0.11296094640276995,0.0032767547310714,1.283189182744645e-06,4.666142482707799e-09,0.0010491466196571899,6.345317122344239e-06,0.0,136499.4411838099,825.558816190114,137325.00000000003
dry_high_load,850.0,0.11378944944497357,0.0032776467100985368,1.2757291943992557e-06,4.639015252360929e-09,0.0010491000804353876,6.3918563441462985e-06,0.0,136493.38618858796,831.6138114120268,137324.99999999997
dry_high_load,860.0,0.11461313587625029,0.003278533503488796,1.268312575672985e-06,4.612045729719945e-09,0.0010490538117754458,6.4381250040881786e-06,0.0,136487.36639487368,837.6336051263258,137324.99999999997
dry_high_load,870.0,0.11543203369859838,0.003279415141389557,1.2609390744308735e-06,4.585232997930449e-09,0.0010490078121044172,6.4841246751166815e-06,0.0,136481.38159801837,843.6184019815847,137324.99999999997
dry_high_load,880.0,0.11624617075122294,0.0032802916537729328,1.2536084400037808e-06,4.558576145468293e-09,0.0010489620798584999,6.529856921034079e-06,0.0,136475.43159456336,849.5684054366262,137324.99999999997
dry_high_load,890.0,0.11705557471148215,0.0032811630704367898,1.2463204231798648e-06,4.532074266108599e-09,0.0010489166134829827,6.575323296551274e-06,0.0,136469.51618223253,855.4838177674385,137324.99999999997
dry_high_load,900.0,0.11786027309582829,0.003282029421005761,1.2390747761961081e-06,4.505726458894938e-09,0.0010488714114321933,6.620525347340653e-06,0.0,136463.63515992594,861.3648400740523,137324.99999999997
dry_high_load,910.0,0.1186602932607431,0.0032828907349322528,1.231871252729897e-06,4.4795318281087155e-09,0.0010488264721694454,6.665464610088633e-06,0.0,136457.78832771262,867.2116722873764,137324.99999999997
dry_high_load,920.0,0.11945566240366784,0.003283747041497445,1.2247096078906466e-06,4.453489483238714e-09,0.001048781794166986,6.710142612547905e-06,0.0,136451.975486824,873.0245131759954,137324.99999999997
dry_high_load,930.0,0.12024640756392795,0.003284598369812288,1.2175895982114742e-06,4.4275985389508145e-09,0.0010487373759059447,6.754560873589371e-06,0.0,136446.1964396471,878.8035603529264,137325.00000000003
dry_high_load,940.0,0.12103255562365209,0.003285444748818493,1.2105109816409257e-06,4.401858115057911e-09,0.0010486932158762802,6.7987209032537735e-06,0.0,136440.45098971765,884.5490102823377,137324.99999999997
dry_high_load,950.0,0.12181413330868623,0.0032862862072895135,1.2034735175347429e-06,4.376267336489973e-09,0.0010486493125767308,6.842624202803039e-06,0.0,136434.73894171376,890.261058286227,137324.99999999997
dry_high_load,960.0,0.12259116718950214,0.0032871227738315253,1.1964769666476858e-06,4.3508253332643116e-09,0.0010486056645147626,6.8862722647713105e-06,0.0,136429.0601014489,895.9398985510626,137324.99999999997
dry_high_load,970.0,0.12336368368210063,0.003287954476884398,1.189521091125397e-06,4.325531240455988e-09,0.0010485622702065185,6.929666573015689e-06,0.0,136423.41427586565,901.5857241343839,137325.00000000003
dry_high_load,980.0,0.12413170904890962,0.0032887813447226625,1.182605654496318e-06,4.300384198168429e-09,0.0010485191281767673,6.972808602766675e-06,0.0,136417.80127302863,907.1987269713649,137324.99999999997
dry_high_load,990.0,0.124895269399677,0.0032896034054564725,1.175730421663647e-06,4.275383351504171e-09,0.0010484762369588555,7.015699820678325e-06,0.0,136412.22090211866,912.7790978813396,137324.99999999997
dry_high_load,1000.0,0.12565439069235826,0.003290420687032559,1.168895158897349e-06,4.250527850535814e-09,0.001048433595094656,7.058341684878113e-06,0.0,136406.6729734257,918.3270265742891,137325.00000000003
dry_high_load,1010.0,0.12640909873399883,0.003291233217235181,1.1620996338262092e-06,4.225816850277123e-09,0.0010483912011345175,7.100735645016494e-06,0.0,136401.1572983427,923.8427016572899,137325.00000000003
dry_high_load,1020.0,0.12715941918161153,0.003292041023687071,1.1553436154299335e-06,4.201249510654303e-09,0.0010483490536372178,7.1428831423161905e-06,0.0,136395.67368935907,929.3263106409269,137324.99999999997
dry_high_load,1030.0,0.12790537754304884,0.003292844133850372,1.1486268740312936e-06,4.17682499647743e-09,0.0010483071511699128,7.184785609621192e-06,0.0,136390.2219600543,934.7780399456684,137324.99999999997
dry_high_load,1040.0,0.1286469991778699,0.0032936425750275723,1.1419491812883211e-06,4.152542477412076e-09,0.0010482654923080887,7.226444471445454e-06,0.0,136384.8019250918,940.1980749082015,137325.00000000003
dry_high_load,1050.0,0.1293843092982028,0.0032944363743624343,1.1353103101865428e-06,4.128401127951064e-09,0.0010482240756355128,7.267861144021343e-06,0.0,136379.41340021227,945.5865997877354,137325.00000000003
dry_high_load,1060.0,0.13011733296960157,0.003295225558840917,1.1287100350312642e-06,4.104400127386414e-09,0.0010481828997441862,7.309037035347766e-06,0.0,136374.05620222772,950.9437977722636,137324.99999999997
dry_high_load,1070.0,0.13084609511189846,0.003296010155292091,1.1221481314398956e-06,4.080538659781438e-09,0.0010481419632342958,7.3499735452380484e-06,0.0,136368.73014901517,956.2698509847925,137324.99999999994
dry_high_load,1080.0,0.1315706205000509,0.0032967901903890547,1.1156243763343259e-06,4.056815913943003e-09,0.0010481012647141665,7.390672065367516e-06,0.0,136363.43505951046,961.5649404895325,137324.99999999997
dry_high_load,1090.0,0.1322909337649839,0.003297565690649838,1.1091385479333372e-06,4.033231083393953e-09,0.0010480608028002132,7.431133979320806e-06,0.0,136358.17075370194,966.8292462980535,137324.99999999997
dry_high_load,1100.0,0.13300705939442742,0.0032983366824383045,1.1026904257450662e-06,4.009783366345695e-09,0.001048020576116895,7.471360662638909e-06,0.0,136352.9370526246,972.0629473754047,137324.99999999997
dry_high_load,1110.0,0.1337190217337487,0.003299103191965049,1.0962797905595076e-06,3.986471965670936e-09,0.0010479805832966681,7.5113534828659246e-06,0.0,136347.7337783538,977.2662216461982,137325.00000000003
dry_high_load,1120.0,0.13442684498678004,0.0032998652452882866,1.0899064244410623e-06,3.96329608887659e-09,0.0010479408229799383,7.5511137995955575e-06,0.0,136342.5607539993,982.4392460006584,137324.99999999997
dry_high_load,1130.0,0.13513055321664158,0.0033006228683147396,1.0835701107211286e-06,3.940254948076831e-09,0.0010479012938150165,7.590642964517333e-06,0.0,136337.41780369933,987.5821963006348,137324.99999999997
dry_high_load,1140.0,0.13583017034655942,0.003301376086800519,1.0772706339907352e-06,3.917347759966309e-09,0.0010478619944580714,7.629942321462559e-06,0.0,136332.3047526144,992.6952473855813,137324.99999999997
dry_high_load,1150.0,0.13652572016067874,0.0033021249263519986,1.0710077800932203e-06,3.894573745793528e-09,0.001047822923573084,7.669013206449996e-06,0.0,136327.2214269215,997.7785730784999,137324.99999999997
dry_high_load,1160.0,0.1372172263048726,0.0033028694124266865,1.0647813361169488e-06,3.871932131334359e-09,0.0010477840798318026,7.707856947731293e-06,0.0,136322.16765380814,1002.8323461918498,137324.99999999997
dry_high_load,1170.0,0.1379047122875456,0.00330360957033409,1.0585910903880758e-06,3.84942214686573e-09,0.001047745461913698,7.746474865836127e-06,0.0,136317.14326146655,1007.8567385334222,137325.00000000003
dry_high_load,1180.0,0.13858820148043316,0.003304345425236576,1.0524368324633504e-06,3.827043027139455e-09,0.0010477070685059168,7.784868273617104e-06,0.0,136312.1480790878,1012.8519209121805,137324.99999999997
dry_high_load,1190.0,0.13926771711939614,0.003305077002150228,1.0463183531229598e-06,3.804794011356217e-09,0.0010476688983032396,7.823038476294395e-06,0.0,136307.18193685592,1017.8180631440695,137324.99999999997
dry_high_load,1200.0,0.1399432823052105,0.0033058043259456935,1.04023544436342e-06,3.782674343139708e-09,0.001047630950008034,7.860986771500095e-06,0.0,136302.2446659422,1022.7553340577848,137325.00000000003
dry_high_load,1210.0,0.14061492000435297,0.0033065274213490317,1.0341878993905004e-06,3.76068327051091e-09,0.0010475932223302116,7.89871444932235e-06,0.0,136297.33609849948,1027.6639015005157,137324.99999999997
dry_high_load,1220.0,0.14128265304978163,0.003307246312942555,1.028175512612197e-06,3.738820045862534e-09,0.0010475557139871846,7.936222792349207e-06,0.0,136292.45606765634,1032.5439323436499,137324.99999999997
dry_high_load,1230.0,0.1419465041417122,0.0033079610251656615,1.022198079631741e-06,3.7170839259336025e-09,0.001047518423703822,7.973513075712224e-06,0.0,136287.60440751156,1037.3955924884451,137325.00000000003
dry_high_load,1240.0,0.14260649584838958,0.0033086715823156683,1.0162553972406522e-06,3.6954741717841897e-09,0.001047481350212404,8.010586567129808e-06,0.0,136282.7809531283,1042.219046871672,137324.99999999997
dry_high_load,1250.0,0.14326265060685536,0.003309378008548638,1.0103472634118286e-06,3.6739900487702852e-09,0.0010474444922525836,8.047444526950322e-06,0.0,136277.98554052878,1047.0144594712183,137324.99999999997
dry_high_load,1260.0,0.1439149907237105,0.0033100803278801965,1.0044734772926786e-06,3.652630826518831e-09,0.001047407848571339,8.084088208194935e-06,0.0,136273.21800668832,1051.7819933116662,137324.99999999997
dry_high_load,1270.0,0.14456353837587338,0.0033107785641863533,9.986338391982952e-07,3.631395778902891e-09,0.0010473714179229337,8.1205188566002e-06,0.0,136268.47818953014,1056.5218104698317,137324.99999999997
dry_high_load,1280.0,0.1452083156113342,0.0033114727412043117,9.92828150604664e-07,3.61028418401696e-09,0.0010473351990688733,8.15673771066043e-06,0.0,136263.7659279197,1061.2340720802774,137324.99999999994
dry_high_load,1290.0,0.14584934434990415,0.0033121628825332743,9.870562141419179e-07,3.5892953241524283e-09,0.0010472991907778642,8.192746001669781e-06,0.0,136259.0810616592,1065.9189383407875,137324.99999999997
dry_high_load,1300.0,0.14648664638396075,0.003312849011635249,9.813178335876232e-07,3.568428485773175e-09,0.0010472633918257698,8.228544953764121e-06,0.0,136254.4234314822,1070.5765685178167,137324.99999999997
dry_high_load,1310.0,0.1471202433791887,0.003313531151835841,9.756128138601126e-07,3.5476829594913185e-09,0.0010472278009955713,8.264135783962647e-06,0.0,136249.79287904807,1075.2071209519029,137324.99999999997
dry_high_load,1320.0,0.1477501568753164,0.0033142093263250523,9.69940961011851e-07,3.527058040043094e-09,0.001047192417077325,8.299519702209252e-06,0.0,136245.18924693696,1079.8107530630498,137325.00000000003
dry_high_load,1330.0,0.14837640828684823,0.0033148835581580643,9.643020822228423e-07,3.5065530262648805e-09,0.0010471572388681203,8.334697911413667e-06,0.0,136240.6123786439,1084.387621356081,137324.99999999997
dry_high_load,1340.0,0.14899901890379252,0.003315553870256026,9.586959857940756e-07,3.4861672210693652e-09,0.0010471222651720418,8.369671607492341e-06,0.0,136236.06211857405,1088.9378814259567,137325.00000000003
dry_high_load,1350.0,0.14961800989238536,0.0033162202854068296,9.531224811410066e-07,3.4658999314218417e-09,0.0010470874948001248,8.404441979409114e-06,0.0,136231.53831203692,1093.4616879630673,137324.99999999997
dry_high_load,1360.0,0.15023340229581023,0.003316882826265888,9.475813787870789e-07,3.44575046831665e-09,0.0010470529265703182,8.43901020921563e-06,0.0,136227.0408052415,1097.95919475849,137324.99999999997
dry_high_load,1370.0,0.15084521703491321,0.003317541515356904,9.420724903572837e-07,3.4257181467537585e-09,0.0010470185593074424,8.473377472091514e-06,0.0,136222.56944529078,1102.4305547092167,137324.99999999997
dry_high_load,1380.0,0.15145347490891425,0.0033181963750726347,9.365956285717552e-07,3.405802285715473e-09,0.0010469843918431497,8.507544936384332e-06,0.0,136218.12408017664,1106.8759198233524,137324.99999999997
dry_high_load,1390.0,0.15205819659611444,0.0033188474276756555,9.311506072394028e-07,3.3860022081432825e-09,0.0010469504230158847,8.54151376364931e-06,0.0,136213.7045587747,1111.2954412252836,137325.00000000003
dry_high_load,1400.0,0.15265940265459874,0.0033194946952991144,9.25737241251583e-07,3.366317240914846e-09,0.001046916651670845,8.57528510868882e-06,0.0,136209.31073083915,1115.6892691608157,137324.99999999997
dry_high_load,1410.0,0.15325711352293508,0.0033201381999474855,9.203553465758048e-07,3.346746714821108e-09,0.0010468830766599423,8.60886011959164e-06,0.0,136204.9424469977,1120.05755300228,137324.99999999997
dry_high_load,1420.0,0.15385134952086912,0.0033207779634973175,9.150047402494742e-07,3.327289964543542e-09,0.001046849696841762,8.642239937771985e-06,0.0,136200.59955874635,1124.4004412536124,137324.99999999997
dry_high_load,1430.0,0.154442130850015,0.0033214140076979768,9.096852403736744e-07,3.307946328631543e-09,0.0010468165110815257,8.67542569800831e-06,0.0,136196.2819184446,1128.7180815554018,137325.00000000003
dry_high_load,1440.0,0.15502947759454205,0.0033220463541723862,9.043966661069824e-07,3.2887151494799357e-09,0.001046783518251052,8.70841852848188e-06,0.0,136191.98937931008,1133.010620689909,137324.99999999997
dry_high_load,1450.0,0.15561340972185764,0.0033226750244177623,8.991388376593204e-07,3.2695957733066193e-09,0.0010467507172287188,8.741219550815131e-06,0.0,136187.72179541393,1137.2782045860565,137324.99999999997
dry_high_load,1460.0,0.15619394708328616,0.0033233000398063435,8.939115762858426e-07,3.250587550130336e-09,0.0010467181068994243,8.77382988010981e-06,0.0,136183.47902167562,1141.5209783243909,137325.00000000003
dry_high_load,1470.0,0.15677110941474362,0.003323921421586118,8.887147042808606e-07,3.2316898337485835e-09,0.001046685686154549,8.806250624984867e-06,0.0,136179.260913858,1145.739086142013,137324.99999999997
dry_high_load,1480.0,0.15734491633740869,0.0033245391908815476,8.835480449718014e-07,3.2129019817156413e-09,0.0010466534538919197,8.83848288761415e-06,0.0,136175.0673285625,1149.9326714374836,137324.99999999997
dry_high_load,1490.0,0.15791538735838978,0.0033251533686942817,8.78411422713201e-07,3.1942233553207305e-09,0.00104662140901577,8.870527763763874e-06,0.0,136170.8981232243,1154.1018767756955,137324.99999999997
dry_high_load,1500.0,0.15848254187138813,0.003325763975903876,8.733046628807334e-07,3.1756533195663028e-09,0.0010465895504367041,8.902386342829878e-06,0.0,136166.75315610727,1158.246843892723,137324.99999999997
dry_high_load,1510.0,0.15904639915735727,0.0033263710332684998,8.682275918652731e-07,3.157191243146447e-09,0.0010465578770716595,8.934059707874656e-06,0.0,136162.63228629937,1162.3677137006398,137325.00000000003
dry_high_load,1520.0,0.15960697838515825,0.003326974561425641,8.631800370669953e-07,3.138836498425437e-09,0.0010465263878438697,8.965548935664171e-06,0.0,136158.53537370768,1166.4646262923068,137324.99999999997
dry_high_load,1530.0,0.1601642986122115,0.0033275745808928094,8.581618268895062e-07,3.1205884614163855e-09,0.0010464950816828295,8.99685509670447e-06,0.0,136154.46227905387,1170.5377209461383,137324.99999999997
dry_high_load,1540.0,0.16071837878514456,0.003328171112068234,8.531727907340104e-07,3.1024465117600374e-09,0.001046463957524256,9.02797925527807e-06,0.0,136150.41286386916,1174.5871361308348,137324.99999999997
dry_high_load,1550.0,0.1612692377404364,0.0033287641752315555,8.482127589935109e-07,3.0844100327036754e-09,0.0010464330143100538,9.058922469480143e-06,0.0,136146.3869904899,1178.6130095100905,137324.99999999997
dry_high_load,1560.0,0.16181689420505754,0.0033293537905445163,8.432815630470428e-07,3.0664784110801553e-09,0.0010464022509882793,9.08968579125449e-06,0.0,136142.38452205271,1182.6154779472745,137324.99999999994
dry_high_load,1570.0,0.16236136679710694,0.0033299399780516463,8.383790352539412e-07,3.0486510372870584e-09,0.0010463716665131046,9.120270266429297e-06,0.0,136138.4053224899,1186.5946775100822,137324.99999999997
dry_high_load,1580.0,0.16290267402644468,0.003330522757680943,8.335050089481427e-07,3.030927305265973e-09,0.0010463412598447814,9.150676934752689e-06,0.0,136134.44925652485,1190.550743475162,137325.00000000003
dry_high_load,1590.0,0.1634408342953213,0.003331102149244551,8.286593184325193e-07,3.0133066124818882e-09,0.0010463110299496058,9.180906829928076e-06,0.0,136130.51618966728,1194.4838103327133,137324.99999999997
dry_high_load,1600.0,0.16397586589900365,0.003331678172439433,8.238417989732434e-07,2.995788359902703e-09,0.0010462809757998846,9.210960979649307e-06,0.0,136126.60598820893,1198.3940117910595,137324.99999999997
dry_high_load,1610.0,0.16450778702639657,0.0033322508468480432,8.190522867941893e-07,2.9783719519788697e-09,0.0010462510963738984,9.240840405635599e-06,0.0,136122.71851921882,1202.2814807811942,137325.00000000003
dry_high_load,1620.0,0.16503661576066114,0.003332820191938988,8.142906190713673e-07,2.9610567966231534e-09,0.0010462213906558679,9.270546123666254e-06,0.0,136118.85365053875,1206.1463494612963,137325.00000000003
dry_high_load,1630.0,0.16556237007982982,0.0033333862270676913,8.095566339273846e-07,2.943842305190489e-09,0.0010461918576359188,9.300079143615222e-06,0.0,136115.01125077877,1209.9887492212285,137324.99999999997
dry_high_load,1640.0,0.16608506785741733,0.0033339489714770527,8.048501704259441e-07,2.9267278924579777e-09,0.0010461624963100486,9.329440469485418e-06,0.0,136111.191189313,1213.8088106870007,137325.00000000003
dry_high_load,1650.0,0.16660472686302844,0.0033345084442981,8.001710685663728e-07,2.9097129766049914e-09,0.0010461333056800911,9.358631099442849e-06,0.0,136107.39333627478,1217.6066637252106,137324.99999999997
dry_high_load,1660.0,0.16712136476296194,0.0033350646645506398,7.955191692781827e-07,2.8927969791933913e-09,0.0010461042847536833,9.387652025850558e-06,0.0,136103.61756255254,1221.3824374474602,137324.99999999997
dry_high_load,1670.0,0.16763499912081126,0.0033356176511439056,7.908943144156634e-07,2.8759793251478664e-09,0.0010460754325442316,9.416504235302352e-06,0.0,136099.86373978524,1225.1362602147442,137324.99999999997
dry_high_load,1680.0,0.1681456473980617,0.0033361674228771987,7.862963467525038e-07,2.859259442736377e-09,0.0010460467480708777,9.445188708656352e-06,0.0,136096.1317403582,1228.8682596418141,137325.00000000003
dry_high_load,1690.0,0.1686533269546838,0.0033367139984405284,7.817251099764506e-07,2.842636763550729e-09,0.0010460182303584655,9.473706421068323e-06,0.0,136092.42143739847,1232.5785626015152,137324.99999999997
dry_high_load,1700.0,0.1691580550497237,0.003337257396415248,7.771804486839904e-07,2.8261107224872376e-09,0.0010459898784375091,9.502058342024842e-06,0.0,136088.7327047709,1236.2672952291025,137324.99999999997
dry_high_load,1710.0,0.1696598488418897,0.003337797635274684,7.726622083750706e-07,2.809680757727529e-09,0.0010459616913441577,9.530245435376238e-06,0.0,136085.06541707343,1239.9345829265253,137324.99999999997
dry_high_load,1720.0,0.1701587253901359,0.0033383347333847675,7.681702354478424e-07,2.7933463107194267e-09,0.0010459336681201646,9.558268659369385e-06,0.0,136081.4194496333,1243.580550366694,137324.99999999997
dry_high_load,1730.0,0.17065470165424185,0.003338868709004656,7.63704377193443e-07,2.7771068261579742e-09,0.0010459058078128537,9.586128966680254e-06,0.0,136077.79467850228,1247.205321497716,137324.99999999997
dry_high_load,1740.0,0.17114779449538908,0.003339399580287355,7.592644817908029e-07,2.7609617519665554e-09,0.0010458781094750877,9.613827304446308e-06,0.0,136074.1909804529,1250.8090195471102,137325.00000000003
dry_high_load,1750.0,0.17163802067673467,0.003339927365280335,7.548503983014823e-07,2.7449105392781175e-09,0.0010458505721652354,9.641364614298709e-06,0.0,136070.60823297402,1254.3917670259957,137325.00000000003
dry_high_load,1760.0,0.17212539686398073,0.0033404520819261463,7.504619766645436e-07,2.728952642416522e-09,0.0010458231949471398,9.66874183239432e-06,0.0,136067.04631426674,1257.9536857332582,137325.00000000003
dry_high_load,1770.0,0.1726099396259411,0.003340973748063026,7.460990676914481e-07,2.7130875188779927e-09,0.0010457959768900864,9.695959889447529e-06,0.0,136063.50510324028,1261.4948967596883,137324.99999999997
dry_high_load,1780.0,0.17309166543510474,0.0033414923814255077,7.417615230609833e-07,2.697314629312666e-09,0.0010457689170687721,9.723019710761899e-06,0.0,136059.9844795079,1265.015520492101,137325.00000000003
dry_high_load,1790.0,0.1735705906681956,0.0033420079996450223,7.374491953142221e-07,2.6816334375062618e-09,0.0010457420145632724,9.749922216261621e-06,0.0,136056.48432338255,1268.515676617425,137324.99999999997
dry_high_load,1800.0,0.17404673160672945,0.003342520620250499,7.331619378495086e-07,2.6660434103618495e-09,0.0010457152684590113,9.776668320522781e-06,0.0,136053.00451587324,1271.9954841267752,137325.00000000003
dry_high_load,1810.0,0.1745201044375672,0.003343030260668958,7.288996049174763e-07,2.650544017881732e-09,0.0010456886778467296,9.803258932804457e-06,0.0,136049.5449386805,1275.455061319494,137325.00000000003
dry_high_load,1820.0,0.17499072525346548,0.0033435369382261086,7.246620516160895e-07,2.635134733149416e-09,0.0010456622418224544,9.82969495707964e-06,0.0,136046.10547419282,1278.8945258071774,137324.99999999997
dry_high_load,1830.0,0.1754586100536236,0.003344040670146932,7.204491338857205e-07,2.6198150323117106e-09,0.001045635959487468,9.855977292065946e-06,0.0,136042.6860054823,1282.31399451767,137324.99999999997
dry_high_load,1840.0,0.17592377474422724,0.00334454147355627,7.162607085042515e-07,2.6045843945609143e-09,0.0010456098299482777,9.88210683125618e-06,0.0,136039.28641630095,1285.7135836990399,137324.99999999997
dry_high_load,1850.0,0.17638623513898943,0.003345039365479409,7.120966330822059e-07,2.589442302117112e-09,0.0010455838523165853,9.908084462948709e-06,0.0,136035.9065910765,1289.0934089235327,137324.99999999997
dry_high_load,1860.0,0.1768460069596883,0.003345534362842655,7.079567660579048e-07,2.5743882402105624e-09,0.0010455580257092562,9.933911070277668e-06,0.0,136032.5464149085,1292.4535850915013,137324.99999999997
dry_high_load,1870.0,0.17730310583670114,0.0033460264824739104,7.038409666926583e-07,2.559421697064212e-09,0.001045532349248291,9.959587531242967e-06,0.0,136029.2057735647,1295.7942264353073,137324.99999999997
dry_high_load,1880.0,0.1777575473095361,0.003346515741103247,6.997490950659792e-07,2.5445421638762876e-09,0.0010455068220607939,9.985114718740153e-06,0.0,136025.88455347682,1299.1154465232094,137324.99999999997
dry_high_load,1890.0,0.17820934682736045,0.0033470021553634747,6.956810120708249e-07,2.5297491348029993e-09,0.001045481443278944,1.0010493500590084e-05,0.0,136022.58264173678,1302.4173582632227,137325.00000000003
dry_high_load,1900.0,0.17865851974952557,0.0033474857417907056,6.916365794088712e-07,2.5150421069413493e-09,0.0010454562120399656,1.0035724739568424e-05,0.0,136019.29992609305,1305.700073906956,137325.00000000003
dry_high_load,1910.0,0.17910508134608918,0.0033479665168249166,6.8761565958581e-07,2.500420580312036e-09,0.001045431127486099,1.0060809293434971e-05,0.0,136016.03629494656,1308.963705053428,137324.99999999997
dry_high_load,1920.0,0.17954904679833464,0.0033484444968105093,6.836181159066734e-07,2.4858840578424483e-09,0.001045406188764571,1.0085748014962832e-05,0.0,136012.79163734714,1312.2083626528624,137324.99999999997
dry_high_load,1930.0,0.17999043119928693,0.0033489196979968653,6.79643812471187e-07,2.4714320453497703e-09,0.0010453813950275666,1.0110541751967409e-05,0.0,136009.56584298954,1315.4341570104602,137324.99999999997
dry_high_load,1940.0,0.1804292495542257,0.003349392136538898,6.756926141691515e-07,2.457064051524187e-09,0.0010453567454321987,1.0135191347335207e-05,0.0,136006.35880220984,1318.6411977901475,137324.99999999997
dry_high_load,1950.0,0.1808655167811955,0.003349861828497601,6.717643866758478e-07,2.442779587912173e-09,0.0010453322391404812,1.0159697639052512e-05,0.0,136003.17040598168,1321.8295940183054,137324.99999999994
dry_high_load,1960.0,0.18129924771151285,0.0033503287898405966,6.678589964474712e-07,2.428578168899895e-09,0.0010453078753193002,1.018406146023386e-05,0.0,136000.00054591254,1324.9994540874757,137325.00000000003
dry_high_load,1970.0,0.18173045709027041,0.0033507930364426773,6.639763107165919e-07,2.4144593116966976e-09,0.0010452836531403835,1.0208283639150368e-05,0.0,135996.84911423994,1328.1508857600456,137324.99999999997
dry_high_load,1980.0,0.18215915957683848,0.0033512545840863445,6.601161974876399e-07,2.40042253631869e-09,0.0010452595717802761,1.0232364999257892e-05,0.0,135993.7160038281,1331.2839961719128,137324.99999999997
dry_high_load,1990.0,0.182585369745363,0.003351713448462346,6.562785255324198e-07,2.386467365572435e-09,0.001045235630420309,1.0256306359225016e-05,0.0,135990.60110816386,1334.398891836125,137325.00000000003
dry_high_load,2000.0,0.18300910208526125,0.00335216964517021,6.524631643856485e-07,2.3725933250387214e-09,0.0010452118282465732,1.028010853296089e-05,0.0,135987.5043213535,1337.4956786465025,137325.00000000003
dry_high_load,2010.0,0.18343037100171444,0.0033526231897187753,6.486699843405192e-07,2.358799943056433e-09,0.001045188164449891,1.0303772329642893e-05,0.0,135984.42553811875,1340.574461881239,137324.99999999997
dry_high_load,2020.0,0.18384919081615742,0.003353074097526716,6.448988564442926e-07,2.345086750706518e-09,0.0010451646382257898,1.0327298553744154e-05,0.0,135981.3646537935,1343.6353462064785,137324.99999999997
dry_high_load,2030.0,0.1842655757667653,0.00335352238392307,6.411496524939141e-07,2.331453281796051e-09,0.0010451412487744731,1.0350688005060879e-05,0.0,135978.32156432013,1346.6784356798757,137324.99999999997
dry_high_load,2040.0,0.18467954000893796,0.0033539680641477563,6.374222450316528e-07,2.3178990728423736e-09,0.0010451179953007944,1.0373941478739565e-05,0.0,135975.29616624588,1349.703833754132,137324.99999999997
dry_high_load,2050.0,0.1850910976157808,0.003354411153352095,6.337165073407714e-07,2.30442366305735e-09,0.0010450948770142298,1.0397059765304017e-05,0.0,135972.28835671948,1352.7116432805124,137324.99999999994
dry_high_load,2060.0,0.18550026257858349,0.003354851666599323,6.30032313441216e-07,2.2910265943316942e-09,0.0010450718931288518,1.0420043650682226e-05,0.0,135969.29803348766,1355.7019665123437,137324.99999999997
dry_high_load,2070.0,0.18590704880729544,0.0033552896188651033,6.263695380853346e-07,2.2777074112193985e-09,0.001045049042863301,1.0442893916233086e-05,0.0,135966.32509489148,1358.674905108489,137325.00000000003
dry_high_load,2080.0,0.1863114701309988,0.0033557250250380376,6.227280567536191e-07,2.2644656609222512e-09,0.001045026325440761,1.0465611338772962e-05,0.0,135963.36943986322,1361.6305601368042,137324.99999999997
dry_high_load,2090.0,0.18671354029837853,0.00335615789992017,6.191077456504713e-07,2.2513008932744407e-09,0.001045003740088932,1.0488196690602096e-05,0.0,135960.43096792244,1364.569032077574,137325.00000000003
dry_high_load,2100.0,0.18711327297818972,0.0033565882582274904,6.155084816999958e-07,2.238212660727257e-09,0.0010449812860400033,1.0510650739530853e-05,0.0,135957.5095791731,1367.4904208269284,137325.00000000003
dry_high_load,2110.0,0.1875106817597225,0.0033570161145904365,6.119301425418141e-07,2.225200518333869e-09,0.0010449589625306282,1.0532974248905842e-05,0.0,135954.6051742998,1370.3948257002369,137325.00000000003
dry_high_load,2120.0,0.18790578015326384,0.0033574414835543897,6.083726065269058e-07,2.2122640237342023e-09,0.001044936768801898,1.0555167977635854e-05,0.0,135951.7176545645,1373.2823454354875,137324.99999999997
dry_high_load,2130.0,0.1882985815905568,0.0033578643795801697,6.048357527134742e-07,2.199402737139906e-09,0.0010449147040993165,1.057723268021766e-05,0.0,135948.84692180337,1376.153078196641,137325.00000000003
dry_high_load,2140.0,0.18868909942525736,0.0033582848170445262,6.013194608628318e-07,2.1866162213193884e-09,0.0010448927676727725,1.0599169106761671e-05,0.0,135945.99287842307,1379.0071215769701,137325.00000000003
dry_high_load,2150.0,0.18907734693338824,0.0033587028102406284,5.978236114353159e-07,2.1739040415829664e-09,0.0010448709587765168,1.062097800301743e-05,0.0,135943.15542739767,1381.8445726023754,137325.00000000003
dry_high_load,2160.0,0.1894633373137902,0.003359118373378549,5.943480855862226e-07,2.1612657657680823e-09,0.0010448492766691351,1.0642660110398965e-05,0.0,135940.3344722653,1384.6655277346847,137325.00000000003
dry_high_load,2170.0,0.18984708368857095,0.00335953152058575,5.908927651617669e-07,2.148700964224607e-09,0.001044827720613524,1.0664216166010005e-05,0.0,135937.52991712507,1387.4700828749333,137325.00000000003
dry_high_load,2180.0,0.19022859910355094,0.0033599422659075615,5.874575326950675e-07,2.136209209800245e-09,0.0010448062898768648,1.068564690266902e-05,0.0,135934.74166663337,1390.2583333666223,137324.99999999997
dry_high_load,2190.0,0.1906078965287071,0.003360350623307658,5.840422714021515e-07,2.1237900778260053e-09,0.0010447849837306,1.0706953048934146e-05,0.0,135931.96962600105,1393.0303739989606,137325.00000000003
dry_high_load,2200.0,0.19098498885861376,0.003360756606668535,5.806468651779847e-07,2.111443146101762e-09,0.001044763801450406,1.0728135329127956e-05,0.0,135929.21370098993,1395.7862990100891,137324.99999999997
dry_high_load,2210.0,0.19135988891288086,0.003361160229791981,5.77271198592525e-07,2.099167994881909e-09,0.0010447427423161718,1.0749194463362073e-05,0.0,135926.4737979097,1398.526202090281,137324.99999999997
dry_high_load,2220.0,0.19173260943658998,0.003361561506399545,5.739151568867975e-07,2.0869642068610815e-09,0.0010447218056119723,1.0770131167561664e-05,0.0,135923.74982361487,1401.2501763851308,137324.99999999997
dry_high_load,2230.0,0.19210316310072745,0.0033619604501330044,5.705786259689938e-07,2.0748313671599768e-09,0.0010447009906260443,1.0790946153489766e-05,0.0,135921.0416855013,1403.9583144987182,137325.00000000003
dry_high_load,2240.0,0.19247156250261496,0.0033623570745548283,5.672614924105948e-07,2.0627690633112535e-09,0.0010446802966507626,1.0811640128771483e-05,0.0,135918.34929150328,1406.6507084967552,137325.00000000003
dry_high_load,2250.0,0.1928378201663383,0.003362751393148639,5.639636434425108e-07,2.0507768852454935e-09,0.0010446597229826157,1.0832213796918057e-05,0.0,135915.67255009027,1409.3274499097201,137324.99999999994
dry_high_load,2260.0,0.19320194854317274,0.0033631434193196687,5.606849669512507e-07,2.038854425277275e-09,0.0010446392689221831,1.0852667857350772e-05,0.0,135913.01137026402,1411.9886297359658,137324.99999999997
dry_high_load,2270.0,0.19356396001200646,0.003363533166395218,5.574253514751097e-07,2.0270012780913077e-09,0.0010446189337741092,1.0873003005424737e-05,0.0,135910.36566155517,1414.6343384448144,137324.99999999997
dry_high_load,2280.0,0.1939238668797613,0.003363920647625107,5.541846862003806e-07,2.0152170407286564e-09,0.0010445987168470816,1.089321993245252e-05,0.0,135907.73533402037,1417.264665979633,137325.00000000003
dry_high_load,2290.0,0.1942816813818113,0.003364305876182126,5.509628609575854e-07,2.0035013125730377e-09,0.0010445786174538062,1.0913319325727656e-05,0.0,135905.12029823908,1419.8797017608913,137324.99999999997
dry_high_load,2300.0,0.1946374156823983,0.0033646888651624835,5.477597662177327e-07,1.9918536953372096e-09,0.001044558634910986,1.0933301868548001e-05,0.0,135902.5204653108,1422.4795346892001,137325.00000000003
dry_high_load,2310.0,0.19499108187504613,0.003365069627586252,5.445752930885893e-07,1.9802737930494153e-09,0.0010445387685392952,1.0953168240238982e-05,0.0,135899.93574685167,1425.064253148337,137325.00000000003
dry_high_load,2320.0,0.19534269198297094,0.00336544817639781,5.414093333109841e-07,1.9687612120399423e-09,0.0010445190176633574,1.0972919116176667e-05,0.0,135897.36605499178,1427.6339450082464,137325.00000000003
dry_high_load,2330.0,0.19569225795949058,0.0033658245244662815,5.382617792551232e-07,1.9573155609277204e-09,0.0010444993816117233,1.0992555167810744e-05,0.0,135894.81130237196,1430.1886976280318,137325.00000000003
dry_high_load,2340.0,0.19603979168843064,0.0033661986845859746,5.35132523916933e-07,1.9459364506070287e-09,0.0010444798597168466,1.101207706268734e-05,0.0,135892.27140214108,1432.7285978589211,137324.99999999997
dry_high_load,2350.0,0.19638530498452858,0.0033665706694768166,5.320214609144216e-07,1.9346234942342603e-09,0.0010444604513150622,1.1031485464471711e-05,0.0,135889.74626795278,1435.253732047223,137324.99999999997
dry_high_load,2360.0,0.1967288095938352,0.003366940491784785,5.289284844840645e-07,1.92337630721478e-09,0.0010444411557465631,1.1050781032970809e-05,0.0,135887.23581396276,1437.7641860372587,137324.99999999997
dry_high_load,2370.0,0.1970703171941143,0.003367308164082338,5.258534894772051e-07,1.9121945071898365e-09,0.0010444219723553783,1.1069964424155716e-05,0.0,135884.73995482572,1440.2600451742837,137325.00000000003
dry_high_load,2380.0,0.19740983939523932,0.003367673698868843,5.227963713564836e-07,1.9010777140235766e-09,0.00104440290048935,1.1089036290183935e-05,0.0,135882.25860569262,1442.7413943073866,137324.99999999997
dry_high_load,2390.0,0.1977473877395882,0.0033680371085710007,5.197570261922818e-07,1.8900255497901155e-09,0.0010443839395001125,1.110799727942157e-05,0.0,135879.79168220764,1445.2083177923757,137325.00000000003
dry_high_load,2400.0,0.1980829737024358,0.003368398405543267,5.167353506591893e-07,1.8790376387606882e-09,0.0010443650887430685,1.1126848036465361e-05,0.0,135877.3391005053,1447.6608994946455,137324.99999999997
dry_high_load,2410.0,0.19841660869234398,0.0033687576020682737,5.137312420324916e-07,1.8681136073908786e-09,0.0010443463475773695,1.1145589202164603e-05,0.0,135874.90077720798,1450.0992227920274,137325.00000000003
dry_high_load,2420.0,0.1987483040515494,0.003369114710357246,5.107445981846783e-07,1.857253084307921e-09,0.001044327715365891,1.1164221413642929e-05,0.0,135872.47662942237,1452.5233705776259,137324.99999999997
dry_high_load,2430.0,0.19907807105634914,0.003369469742550418,5.077753175819698e-07,1.8464557002980718e-09,0.0010443091914752141,1.118274530431997e-05,0.0,135870.06657473737,1454.9334252626347,137325.00000000003
dry_high_load,2440.0,0.19940592091748405,0.003369822710717444,5.048232992808677e-07,1.8357210882940641e-09,0.0010442907752756011,1.1201161503932888e-05,0.0,135867.67053122085,1457.3294687791397,137324.99999999997
dry_high_load,2450.0,0.19973186478051982,0.00337017362685781,5.018884429247211e-07,1.8250488833626222e-09,0.001044272466140976,1.1219470638557783e-05,0.0,135865.2884174171,1459.7115825829035,137324.99999999997
dry_high_load,2460.0,0.20005591372622608,0.0033705225029012427,4.989706487403151e-07,1.8144387226920548e-09,0.001044254263448903,1.1237673330630988e-05,0.0,135862.92015234387,1462.0798476561356,137324.99999999997
dry_high_load,2470.0,0.20037807877095273,0.0033708693507081117,4.960698175344812e-07,1.8038902455799312e-09,0.0010442361665805638,1.125577019897021e-05,0.0,135860.56565548974,1464.4343445102434,137325.00000000003
dry_high_load,2480.0,0.20069837086700487,0.0033712141820698366,4.931858506907214e-07,1.7934030934208047e-09,0.0010442181749207385,1.1273761858795586e-05,0.0,135858.22484681144,1466.7751531885724,137325.00000000003
dry_high_load,2490.0,0.2010168009030149,0.003371557008709285,4.903186501658585e-07,1.7829769096940303e-09,0.0010442002878577835,1.1291648921750591e-05,0.0,135855.89764673088,1469.102353269125,137325.00000000003
dry_high_load,2500.0,0.2013333797043127,0.003371897842281172,4.874681184867021e-07,1.7726113399516438e-09,0.0010441825047836112,1.1309431995922824e-05,0.0,135853.58397613274,1471.4160238672662,137325.00000000003
dry_high_load,2510.0,0.2016481180332937,0.0033722366943724573,4.846341587467347e-07,1.7623060318063079e-09,0.0010441648250936694,1.1327111685864692e-05,0.0,135851.2837563616,1473.7162436384135,137325.00000000003
dry_high_load,2520.0,0.2019610265897847,0.003372573576502738,4.818166746028178e-07,1.7520606349193372e-09,0.0010441472481869198,1.1344688592613961e-05,0.0,135848.99690921925,1476.0030907807122,137324.99999999994
dry_high_load,2530.0,0.20227211601140765,0.0033729085001246405,4.79015570271917e-07,1.741874800988789e-09,0.0010441297734658198,1.1362163313714171e-05,0.0,135846.72335696232,1478.2766430376894,137324.99999999997
dry_high_load,2540.0,0.20258139687394136,0.0033732414766242088,4.7623075052784366e-07,1.731748183737613e-09,0.001044112400336299,1.137953644323498e-05,0.0,135844.4630222991,1480.5369777009028,137325.00000000003
dry_high_load,2550.0,0.20288887969168096,0.0033735725173212943,4.7346212069801975e-07,1.7216804389018897e-09,0.0010440951282077416,1.139680857179234e-05,0.0,135842.21582838742,1482.784171612565,137324.99999999997
dry_high_load,2560.0,0.20319457491779522,0.0033739016334699383,4.7070958666025926e-07,1.7116712242191243e-09,0.0010440779564929654,1.1413980286568573e-05,0.0,135839.98169883186,1485.0183011681552,137324.99999999997
dry_high_load,2570.0,0.20349849294468217,0.0033742288362587545,4.679730548395672e-07,1.701720199416608e-09,0.0010440608846082014,1.1431052171332346e-05,0.0,135837.76055768097,1487.239442319018,137324.99999999994
dry_high_load,2580.0,0.20380064410432222,0.0033745541368113115,4.6525243220495926e-07,1.6918270261998518e-09,0.0010440439119730755,1.1448024806458509e-05,0.0,135835.55232942506,1489.4476705749455,137325.00000000003
dry_high_load,2590.0,0.2041010386686295,0.003374877546186509,4.625476262662989e-07,1.6819913682410865e-09,0.0010440270380105863,1.1464898768947826e-05,0.0,135833.35693899327,1491.6430610067434,137325.00000000003
dry_high_load,2600.0,0.2043996868498011,0.0033751990753789532,4.5985854507115194e-07,1.672212891167825e-09,0.0010440102621470874,1.1481674632446599e-05,0.0,135831.1743117512,1493.825688248784,137324.99999999997
dry_high_load,2610.0,0.20469659880066393,0.0033755187353193337,4.571850972016638e-07,1.6624912625515047e-09,0.0010439935838122678,1.1498352967266149e-05,0.0,135829.00437349846,1495.995626501541,137324.99999999997
dry_high_load,2620.0,0.2049917846150203,0.003375836536874792,4.545271917714487e-07,1.652826151896177e-09,0.0010439770024391318,1.1514934340402225e-05,0.0,135826.8470504659,1498.1529495341158,137324.99999999997
dry_high_load,2630.0,0.20528525432799075,0.0033761524908492917,4.5188473842250096e-07,1.643217230627276e-09,0.0010439605174639795,1.1531419315554267e-05,0.0,135824.70226931325,1500.2977306867426,137324.99999999994
dry_high_load,2640.0,0.20557701791635555,0.003376466607983987,4.4925764732212163e-07,1.633664172080442e-09,0.0010439441283263894,1.1547808453144587e-05,0.0,135822.56995712672,1502.4300428732836,137324.99999999997
dry_high_load,2650.0,0.20586708529889336,0.003376778898957587,4.4664582915986815e-07,1.6241666514904293e-09,0.0010439278344691967,1.156410231033739e-05,0.0,135820.45004141633,1504.5499585837047,137325.00000000003
dry_high_load,2660.0,0.20615546633671902,0.003377089374386718,4.440491951445135e-07,1.6147243459800488e-09,0.0010439116353384763,1.1580301441057756e-05,0.0,135818.34245011344,1506.6575498865448,137325.00000000003
dry_high_load,2670.0,0.20644217083361824,0.0033773980448262853,4.4146765700103234e-07,1.6053369345492083e-09,0.0010438955303835235,1.1596406396010427e-05,0.0,135816.24711156863,1508.7528884313595,137324.99999999997
dry_high_load,2680.0,0.20672720853638116,0.0033777049207698324,4.389011269675971e-07,1.596004098063989e-09,0.0010438795190568354,1.1612417722698557e-05,0.0,135814.16395454883,1510.8360454511624,137324.99999999997
dry_high_load,2690.0,0.2070105891351339,0.0033780100126498966,4.3634951779259383e-07,1.5867255192457956e-09,0.0010438636008140917,1.1628335965442333e-05,0.0,135812.09290823515,1512.9070917648448,137325.00000000003
dry_high_load,2700.0,0.20729232226366764,0.003378313330838365,4.338127427316578e-07,1.5775008826605737e-09,0.0010438477751141366,1.1644161665397455e-05,0.0,135810.0339022204,1514.9660977795836,137325.00000000003
dry_high_load,2710.0,0.20757241749976618,0.0033786148856468257,4.3129071554472487e-07,1.56832987470809e-09,0.0010438320414189605,1.1659895360573538e-05,0.0,135807.98686650675,1517.0131334932319,137324.99999999997
dry_high_load,2720.0,0.20785088436553162,0.003378914687326919,4.2878335049309873e-07,1.559212183611268e-09,0.0010438163991936817,1.1675537585852413e-05,0.0,135805.9517315033,1519.048268496703,137325.00000000003
dry_high_load,2730.0,0.20812773232770812,0.003379212746070687,4.2629056233653584e-07,1.5501474994055846e-09,0.0010438008479065279,1.1691088873006302e-05,0.0,135803.9284280237,1521.0715719763334,137325.00000000003
dry_high_load,2740.0,0.20840297079800374,0.0033795090720109174,4.238122663303474e-07,1.5411355139285359e-09,0.001043785387028818,1.1706549750715909e-05,0.0,135801.91688728376,1523.0831127162369,137324.99999999997
dry_high_load,2750.0,0.20867660913341024,0.0033798036752214914,4.2134837822252026e-07,1.5321759208091644e-09,0.0010437700160349456,1.1721920744588373e-05,0.0,135799.91704089934,1525.082959100641,137324.99999999997
dry_high_load,2760.0,0.2089486566365214,0.003380096565717722,4.188988142508495e-07,1.5232684154576343e-09,0.001043754734402359,1.1737202377175154e-05,0.0,135797.9288208838,1527.0711791162128,137325.00000000003
dry_high_load,2770.0,0.209219122555849,0.0033803877534567,4.1646349114009477e-07,1.51441269505489e-09,0.0010437395416115442,1.1752395167989785e-05,0.0,135795.95215964562,1529.0478403543696,137324.99999999997
dry_high_load,2780.0,0.20948801608613762,0.003380677248337627,4.140423260991454e-07,1.5056084585423466e-09,0.0010437244371460084,1.176749963352555e-05,0.0,135793.9869899864,1531.0130100135784,137324.99999999997
dry_high_load,2790.0,0.2097553463686767,0.0033809650602021546,4.116352368182094e-07,1.4968554066116703e-09,0.001043709420492261,1.1782516287273015e-05,0.0,135792.03324509837,1532.9667549016376,137325.00000000003
dry_high_load,2800.0,0.2100211224916118,0.003381251198834719,4.0924214146601245e-07,1.4881532416945906e-09,0.0010436944911397968,1.1797445639737513e-05,0.0,135790.09085856206,1534.9091414379504,137325.00000000003
dry_high_load,2810.0,0.2102853534902532,0.003381535673962874,4.068629586870178e-07,1.4795016679527918e-09,0.0010436796485810776,1.1812288198456483e-05,0.0,135788.15976434422,1536.8402356557817,137325.00000000003
dry_high_load,2820.0,0.21054804834738344,0.0033818184952576196,4.0449760759865854e-07,1.4709003912678491e-09,0.0010436648923115173,1.1827044468016733e-05,0.0,135786.23989679548,1538.7601032045043,137325.00000000003
dry_high_load,2830.0,0.21080921599356228,0.0033820996723337333,4.021460077885905e-07,1.4623491192312378e-09,0.0010436502218294625,1.1841714950071585e-05,0.0,135784.33119064817,1540.668809351829,137325.00000000003
dry_high_load,2840.0,0.2110688653074306,0.0033823792147500958,3.9980807931195604e-07,1.4538475611343853e-09,0.0010436356366361763,1.1856300143357936e-05,0.0,135782.43358101402,1542.566418986024,137325.00000000003
dry_high_load,2850.0,0.2113270051160121,0.0033826571320100147,3.974837426886686e-07,1.4453954279587946e-09,0.0010436211362358208,1.187080054371321e-05,0.0,135780.5470033819,1544.452996618122,137324.99999999997
dry_high_load,2860.0,0.21158364419501346,0.0033829334335615502,3.951729189007082e-07,1.4369924323662117e-09,0.0010436067201354418,1.1885216644092218e-05,0.0,135778.67139361592,1546.328606384112,137325.00000000003
dry_high_load,2870.0,0.21183879126912256,0.0033832081287978348,3.9287552938943816e-07,1.4286382886888658e-09,0.0010435923878449503,1.1899548934583906e-05,0.0,135776.8066879529,1548.1933120471188,137325.00000000003
dry_high_load,2880.0,0.21209245501230517,0.0033834812270573922,3.905914960529315e-07,1.4203327129197508e-09,0.001043578138877106,1.1913797902428027e-05,0.0,135774.95282300044,1550.0471769995734,137325.00000000003
dry_high_load,2890.0,0.21234464404810002,0.003383752737624456,3.883207412433165e-07,1.4120754227029688e-09,0.0010435639727475025,1.1927964032031711e-05,0.0,135773.10973573467,1551.8902642653666,137325.00000000003
dry_high_load,2900.0,0.21259536694991146,0.0033840226697292846,3.860631877641395e-07,1.4038661373241435e-09,0.001043549888974548,1.194204780498591e-05,0.0,135771.277363498,1553.7226365019908,137324.99999999997
dry_high_load,2910.0,0.21284463224130157,0.003384291032548474,3.838187588677356e-07,1.3957045777008566e-09,0.0010435358870794522,1.1956049700081797e-05,0.0,135769.45564399732,1555.5443560026715,137324.99999999997
dry_high_load,2920.0,0.2130924483962792,0.003384557835205273,3.8158737825262634e-07,1.3875904663731865e-09,0.0010435219665862069,1.1969970193327014e-05,0.0,135767.64451530148,1557.3554846984832,137324.99999999997
dry_high_load,2930.0,0.21333882383958883,0.003384823086769889,3.7936897006091777e-07,1.3795235274942462e-09,0.0010435081270215721,1.198380975796189e-05,0.0,135765.84391583956,1559.1560841604587,137325.00000000003
dry_high_load,2940.0,0.21358376694699632,0.0033850867962598,3.771634588757285e-07,1.3715034868208307e-09,0.0010434943679150587,1.1997568864475491e-05,0.0,135764.05378439833,1560.9462156016757,137325.00000000003
dry_high_load,2950.0,0.21382728604557394,0.003385348972640059,3.7497076971862314e-07,1.363530071704084e-09,0.0010434806887989123,1.201124798062164e-05,0.0,135762.27406012066,1562.7259398793442,137324.99999999997
dry_high_load,2960.0,0.21406938941398362,0.0033856096248236,3.7279082804706076e-07,1.3556030110802207e-09,0.0010434670892080992,1.2024847571434819e-05,0.0,135760.50468250312,1564.4953174968732,137324.99999999997
dry_high_load,2970.0,0.21431008528275802,0.0033858687616715394,3.7062355975186595e-07,1.3477220354613305e-09,0.0010434535686802881,1.2038368099245963e-05,0.0,135758.74559139408,1566.2544086059256,137325.00000000003
dry_high_load,2980.0,0.21454938183458055,0.0033861263919934804,3.6846889115470556e-07,1.3398868769262018e-09,0.0010434401267558357,1.2051810023698184e-05,0.0,135756.99672699152,1568.0032730084652,137324.99999999997
dry_high_load,2990.0,0.21478728720456364,0.0033863825245478082,3.6632674900558463e-07,1.3320972691112166e-09,0.0010434267629777715,1.2065173801762408e-05,0.0,135755.2580298412,1569.7419701587899,137324.99999999997
dry_high_load,3000.0,0.21502380948052496,0.0033866371680419914,3.6419706048035786e-07,1.324352947201301e-09,0.001043413476891781,1.2078459887752888e-05,0.0,135753.52944083445,1571.4705591655518,137324.99999999997
dry_high_load,3010.0,0.21525895670326278,0.003386890331132876,3.6207975317825176e-07,1.3166536479209154e-09,0.0010434002680461912,1.2091668733342671e-05,0.0,135751.81090120622,1573.1890987937666,137324.99999999997
dry_high_load,3020.0,0.21549273686682907,0.0033871420224269805,3.599747551194045e-07,1.3089991095251072e-09,0.0010433871359919551,1.2104800787578942e-05,0.0,135750.1023525332,1574.8976474668132,137325.00000000003
dry_high_load,3030.0,0.21572515791880137,0.0033873922504807884,3.5788199474241814e-07,1.3013890717906113e-09,0.0010433740802826357,1.211785649689829e-05,0.0,135748.40373673156,1576.5962632684173,137324.99999999997
dry_high_load,3040.0,0.21595622776055284,0.0033876410238010382,3.558014009019271e-07,1.2938232760070074e-09,0.0010433611004743923,1.2130836305141885e-05,0.0,135746.7149960554,1578.2850039446275,137325.00000000003
dry_high_load,3050.0,0.21618595424752113,0.0033878883508450144,3.537329028661776e-07,1.2863014649679184e-09,0.0010433481961259635,1.2143740653570574e-05,0.0,135745.03607309423,1579.9639269057793,137325.00000000003
dry_high_load,3060.0,0.21641434518947505,0.003388134240020833,3.5167643031462594e-07,1.278823382962276e-09,0.001043335366798654,1.2156569980879867e-05,0.0,135743.36691077155,1581.6330892284439,137324.99999999997
dry_high_load,3070.0,0.21664140835078052,0.0033883786996877297,3.496319133355443e-07,1.2713887757656155e-09,0.0010433226120563192,1.2169324723214868e-05,0.0,135741.70745234264,1583.2925476573714,137325.00000000003
dry_high_load,3080.0,0.21686715145066424,0.0033886217381563413,3.475992824236463e-07,1.2639973906314409e-09,0.001043309931465349,1.2182005314185094e-05,0.0,135740.0576413926,1584.9423586074197,137325.00000000003
dry_high_load,3090.0,0.21709158216347604,0.0033888633636889897,3.4557846847772484e-07,1.2566489762826354e-09,0.0010432973245946549,1.2194612184879211e-05,0.0,135738.41742183454,1586.5825781654694,137325.00000000003
dry_high_load,3100.0,0.21731470811895007,0.003389103584499964,3.4356940279830034e-07,1.2493432829029102e-09,0.0010432847910156545,1.2207145763879696e-05,0.0,135736.78673790768,1588.213262092334,137325.00000000003
dry_high_load,3110.0,0.21753653690246394,0.003389342408755797,3.415720170852872e-07,1.2420800621283169e-09,0.0010432723303022565,1.221960647727741e-05,0.0,135735.16553417532,1589.8344658246544,137324.99999999997
dry_high_load,3120.0,0.21775707605529676,0.003389579844575545,3.3958624343567083e-07,1.234859067038803e-09,0.001043259942030848,1.2231994748686077e-05,0.0,135733.55375552323,1591.446244476783,137325.00000000003
dry_high_load,3130.0,0.21797633307488534,0.003389815900031063,3.3761201434120045e-07,1.2276800521498197e-09,0.0010432476257802772,1.2244310999256685e-05,0.0,135731.9513471573,1593.0486528426577,137324.99999999997
dry_high_load,3140.0,0.21819431541507925,0.0033900505831472795,3.3564926268609244e-07,1.2205427734039724e-09,0.001043235381131842,1.2256555647691811e-05,0.0,135730.35825460232,1594.641745397665,137324.99999999997
dry_high_load,3150.0,0.21841103048639396,0.0033902839019024685,3.336979217447508e-07,1.2134469881627301e-09,0.0010432232076692742,1.2268729110259842e-05,0.0,135728.7744236995,1596.2255763004905,137324.99999999997
dry_high_load,3160.0,0.21862648565626314,0.0033905158642285214,3.3175792517949633e-07,1.2063924551981684e-09,0.001043211104978725,1.2280831800809139e-05,0.0,135727.19980060504,1597.8001993949629,137325.00000000003
dry_high_load,3170.0,0.21884068824928882,0.0033907464780112166,3.2982920703831296e-07,1.1993789346847742e-09,0.001043199072648752,1.2292864130782103e-05,0.0,135725.63433178814,1599.3656682118813,137324.99999999997
dry_high_load,3180.0,0.21905364554749043,0.0033909757510904876,3.27911701752606e-07,1.1924061881912943e-09,0.0010431871102703047,1.2304826509229153e-05,0.0,135724.07796402916,1600.922035970837,137324.99999999997
dry_high_load,3190.0,0.21926536479055259,0.00339120369126069,3.2600534413497136e-07,1.1854739786726228e-09,0.0010431752174367113,1.2316719342822649e-05,0.0,135722.53064441797,1602.4693555820222,137324.99999999997
dry_high_load,3200.0,0.21947585317607093,0.0033914303062708637,3.241100693769811e-07,1.1785820704617494e-09,0.0010431633937436633,1.2328543035870703e-05,0.0,135720.99232035197,1604.0076796480291,137324.99999999997
dry_high_load,3210.0,0.2196851178597969,0.003391655603825001,3.2222581304697983e-07,1.1717302292617446e-09,0.0010431516387892031,1.2340297990330928e-05,0.0,135719.46293953437,1605.5370604656368,137325.00000000003
dry_high_load,3220.0,0.2198931659558812,0.0033918795915823057,3.2035251108789336e-07,1.164918222137794e-09,0.0010431399521737099,1.2351984605824108e-05,0.0,135717.9424499724,1607.0575500275916,137324.99999999997
dry_high_load,3230.0,0.22010000453711534,0.0033921022771574516,3.184900998150517e-07,1.158145817509279e-09,0.0010431283334998865,1.2363603279647773e-05,0.0,135716.43079997567,1608.5692000243723,137325.00000000003
dry_high_load,3240.0,0.2203056406351723,0.003392323668120847,3.166385159140247e-07,1.151412785141908e-09,0.0010431167823727442,1.2375154406789718e-05,0.0,135714.92793815403,1610.0720618459486,137324.99999999997
dry_high_load,3250.0,0.2205100812408455,0.003392543771998885,3.147976964384679e-07,1.1447188961398833e-09,0.0010431052983995925,1.2386638379941424e-05,0.0,135713.43381341643,1611.5661865835284,137324.99999999997
dry_high_load,3260.0,0.22071333330428644,0.0033927625962742063,3.1296757880798465e-07,1.1380639229381259e-09,0.0010430938811900228,1.2398055589511402e-05,0.0,135711.94837496872,1613.0516250312924,137325.00000000003
dry_high_load,3270.0,0.22091540373524104,0.0033929801483859484,3.1114810080599724e-07,1.1314476392945354e-09,0.0010430825303558956,1.2409406423638482e-05,0.0,135710.4715723119,1614.5284276881248,137325.00000000003
dry_high_load,3280.0,0.2211162994032845,0.0033931964357300005,3.0933920057763205e-07,1.1248698202822982e-09,0.0010430712455113292,1.242069126820499e-05,0.0,135709.00335524068,1615.9966447593267,137325.00000000003
dry_high_load,3290.0,0.2213160271380549,0.0033934114656592553,3.075408166276163e-07,1.118330242282241e-09,0.001043060026272684,1.2431910506849883e-05,0.0,135707.54367384166,1617.456326158325,137324.99999999997
dry_high_load,3300.0,0.22151459372948518,0.003393625245483859,3.0575288781818956e-07,1.1118286829752344e-09,0.0010430488722585523,1.2443064520981773e-05,0.0,135706.09247849166,1618.9075215083676,137325.00000000003
dry_high_load,3310.0,0.22171200592803414,0.003393837782471458,3.0397535336702343e-07,1.1053649213346305e-09,0.001043037783089742,1.2454153689791902e-05,0.0,135704.64971985578,1620.3502801442105,137324.99999999997
dry_high_load,3320.0,0.22190827044491607,0.0033940490838474486,3.02208152845154e-07,1.0989387376187417e-09,0.001043026758389267,1.2465178390267048e-05,0.0,135703.2153488862,1621.7846511137968,137325.00000000003
dry_high_load,3330.0,0.22210339395232861,0.0033942591567952198,3.004512261749301e-07,1.092549913363382e-09,0.0010430157977823317,1.2476138997202315e-05,0.0,135701.78931682007,1623.2106831799235,137325.00000000003
dry_high_load,3340.0,0.22229738308367966,0.003394468008456401,2.987045136279709e-07,1.0861982313744396e-09,0.0010430049008963202,1.248703588321389e-05,0.0,135700.3715751781,1624.6284248218967,137325.00000000003
dry_high_load,3350.0,0.22249024443381307,0.0033946756459311005,2.969679558231322e-07,1.0798834757204806e-09,0.0010429940673607823,1.2497869418751708e-05,0.0,135698.96207576283,1626.037924237184,137324.99999999997
dry_high_load,3360.0,0.2226819845592326,0.0033948820762781514,2.952414937244912e-07,1.0736054317254225e-09,0.0010429832968074219,1.2508639972112044e-05,0.0,135697.5607706569,1627.4392293430485,137324.99999999997
dry_high_load,3370.0,0.222872609978325,0.003395087306515348,2.9352506863933783e-07,1.0673638859612283e-09,0.0010429725888700839,1.2519347909450033e-05,0.0,135696.1676122218,1628.8323877781816,137324.99999999997
dry_high_load,3380.0,0.2230621271715814,0.003395291343619686,2.918186222161803e-07,1.0611586262406554e-09,0.001042961943184742,1.2529993594792122e-05,0.0,135694.7825530957,1630.2174469043202,137325.00000000003
dry_high_load,3390.0,0.2232505425818178,0.0033954941945276,2.901220964427601e-07,1.0549894416100366e-09,0.0010429513593894855,1.2540577390048439e-05,0.0,135693.40554619214,1631.594453807858,137324.99999999997
dry_high_load,3400.0,0.22343786261439413,0.003395695866135197,2.8843543364408085e-07,1.048856122342112e-09,0.0010429408371245088,1.2551099655025103e-05,0.0,135692.03654469855,1632.9634553014448,137324.99999999997
dry_high_load,3410.0,0.2236240936374319,0.0033958963652984957,2.8675857648044686e-07,1.0427584599288974e-09,0.0010429303760320975,1.2561560747436456e-05,0.0,135690.67550207442,1634.3244979255815,137324.99999999997
dry_high_load,3420.0,0.22380924198203053,0.003396095698833653,2.850914679455161e-07,1.0366962470746038e-09,0.0010429199757566168,1.2571961022917207e-05,0.0,135689.32237204982,1635.677627950195,137324.99999999997
dry_high_load,3430.0,0.22399331394248298,0.003396293873517201,2.8343405136435786e-07,1.0306692776885739e-09,0.0010429096359444994,1.2582300835034556e-05,0.0,135687.97710862375,1637.0228913762212,137324.99999999997
dry_high_load,3440.0,0.22417631577648942,0.003396490896086276,2.8178627039153035e-07,1.0246773468782921e-09,0.0010428993562442337,1.2592580535300176e-05,0.0,135686.6396660628,1638.3603339371596,137324.99999999997
dry_high_load,3450.0,0.22435825370537005,0.0033966867732388457,2.8014806900916263e-07,1.0187202509424094e-09,0.0010428891363063518,1.2602800473182194e-05,0.0,135685.30999889938,1639.6900011006344,137324.99999999997
dry_high_load,3460.0,0.22453913391427668,0.0033968815116339392,2.7851939152505084e-07,1.012797787363821e-09,0.0010428789757834169,1.2612960996117051e-05,0.0,135683.98806193005,1641.0119380699368,137324.99999999997
dry_high_load,3470.0,0.2247189625524029,0.0033970751178918723,2.769001825707656e-07,1.0069097548027838e-09,0.0010428688743300127,1.2623062449521322e-05,0.0,135682.67381021444,1642.326189785562,137324.99999999997
dry_high_load,3480.0,0.22489774573319304,0.0033972675985944724,2.7529038709976915e-07,1.0010559530900695e-09,0.0010428588316027305,1.2633105176803459e-05,0.0,135681.36719907325,1643.6328009267397,137324.99999999997
dry_high_load,3490.0,0.2250754895345503,0.003397458960285303,2.7368995038554334e-07,9.952361832201576e-10,0.0010428488472601586,1.264308951937546e-05,0.0,135680.06818408705,1644.9318159129498,137325.00000000003
dry_high_load,3500.0,0.2252521999990432,0.003397649209469885,2.720988180197296e-07,9.89450247344471e-10,0.0010428389209628695,1.265301581666449e-05,0.0,135678.77672109456,1646.2232789054335,137324.99999999997
dry_high_load,3510.0,0.22542788313411077,0.0033978383526159202,2.7051693591028123e-07,9.836979487646589e-10,0.0010428290523734095,1.2662884406124397e-05,0.0,135677.49276619128,1647.5072338086957,137324.99999999997
dry_high_load,3520.0,0.22560254491226722,0.0033980263961535077,2.689442502796207e-07,9.779790919258932e-10,0.001042819241156287,1.2672695623247203e-05,0.0,135676.21627572802,1648.7837242719959,137325.00000000003
dry_high_load,3530.0,0.2257761912713046,0.003398213346475365,2.673807076628153e-07,9.722934824102374e-10,0.0010428094869779597,1.2682449801574498e-05,0.0,135674.94720630918,1650.052793690833,137325.00000000003
dry_high_load,3540.0,0.22594882811449507,0.003398399209937046,2.6582625490575584e-07,9.66640926930021e-10,0.0010427997895068252,1.2692147272708797e-05,0.0,135673.68551479158,1651.314485208421,137324.99999999997
dry_high_load,3550.0,0.2261204613107912,0.003398583992857154,2.64280839163352e-07,9.6102123332128e-10,0.0010427901484132093,1.270178836632479e-05,0.0,135672.43115828285,1652.5688417171557,137325.00000000003
dry_high_load,3560.0,0.22629109669502548,0.0033987677015175585,2.6274440789773685e-07,9.554342105372247e-10,0.0010427805633693534,1.271137341018056e-05,0.0,135671.18409413993,1653.8159058600706,137324.99999999997
dry_high_load,3570.0,0.22646074006810915,0.0033989503421636095,2.6121690887647715e-07,9.49879668641735e-10,0.0010427710340494053,1.2720902730128729e-05,0.0,135669.9442799677,1655.0557200322896,137324.99999999997
dry_high_load,3580.0,0.22662939719722885,0.003399131921004348,2.596982901708012e-07,9.443574188029132e-10,0.0010427615601294065,1.273037665012753e-05,0.0,135668.71167361754,1656.288326382467,137325.00000000003
dry_high_load,3590.0,0.2267970738160431,0.003399312444212719,2.5818850015383084e-07,9.388672732866575e-10,0.001042752141287282,1.2739795492251826e-05,0.0,135667.48623318577,1657.51376681422,137324.99999999997
dry_high_load,3600.0,0.22696377562487685,0.0033994919179257785,2.566874874988292e-07,9.334090454502877e-10,0.00104274277720283,1.2749159576704048e-05,0.0,135666.26791701248,1658.7320829875534,137325.00000000003
dry_high_load,3610.0,0.22712950829091558,0.0033996703482449056,2.5519520117745273e-07,9.279825497361915e-10,0.001042733467557709,1.2758469221825095e-05,0.0,135665.05668367975,1659.9433163202764,137325.00000000003
dry_high_load,3620.0,0.22729427744839792,0.003399847741236007,2.537115904580177e-07,9.225876016655188e-10,0.0010427242120354288,1.276772474410515e-05,0.0,135663.85249201057,1661.1475079894108,137324.99999999997
dry_high_load,3630.0,0.22745808869880696,0.0034000241029297253,2.5223660490377664e-07,9.172240178319149e-10,0.0010427150103213393,1.2776926458194434e-05,0.0,135662.6553010674,1662.3446989325898,137324.99999999994
dry_high_load,3640.0,0.22762094761106103,0.0034001994393216433,2.5077019437120126e-07,9.118916158952771e-10,0.0010427058621026203,1.2786074676913913e-05,0.0,135661.46507015056,1663.534929849451,137325.00000000003
dry_high_load,3650.0,0.2277828597217025,0.0034003737563724867,2.493123090082818e-07,9.065902145755701e-10,0.001042696767068268,1.279516971126592e-05,0.0,135660.28175879695,1664.7182412030177,137324.99999999997
dry_high_load,3660.0,0.22794383053508666,0.0034005470600083285,2.4786289925282745e-07,9.013196336466451e-10,0.0010426877249090894,1.280421187044474e-05,0.0,135659.10532677892,1665.8946732210775,137325.00000000003
dry_high_load,3670.0,0.22810386552356834,0.003400719356120789,2.4642191583078396e-07,8.960796939301234e-10,0.0010426787353176867,1.281320146184712e-05,0.0,135657.93573410244,1667.064265897549,137324.99999999997
dry_high_load,3680.0,0.22826297012768818,0.0034008906505672383,2.4498930975455903e-07,8.908702172893054e-10,0.0010426697979884513,1.282213879108271e-05,0.0,135656.77294100617,1668.2270589938391,137325.00000000003
dry_high_load,3690.0,0.2284211497563575,0.0034010609491709927,2.435650323213555e-07,8.856910266231108e-10,0.0010426609126175496,1.2831024161984462e-05,0.0,135655.6169079598,1669.3830920401986,137325.00000000003
dry_high_load,3700.0,0.2285784097870422,0.0034012302577215133,2.4214903511151663e-07,8.805419458600603e-10,0.001042652078902915,1.2839857876618952e-05,0.0,135654.46759566295,1670.5324043370626,137324.99999999997
dry_high_load,3710.0,0.2287347555659455,0.003401398581974605,2.4074126998688017e-07,8.754227999522914e-10,0.0010426432965442373,1.2848640235296651e-05,0.0,135653.32496504363,1671.6750349563872,137324.99999999997
dry_high_load,3720.0,0.22889019240818997,0.0034015659276526097,2.3934168908913975e-07,8.703334148695991e-10,0.0010426345652429518,1.2857371536582144e-05,0.0,135652.188977257,1672.8110227429818,137324.99999999997
dry_high_load,3730.0,0.22904472559799788,0.0034017323004446017,2.3795024483822107e-07,8.652736175935311e-10,0.0010426258847022298,1.2866052077304264e-05,0.0,135651.0595936842,1673.940406315823,137325.00000000003
dry_high_load,3740.0,0.22919836038887095,0.003401897706006581,2.3656688993066268e-07,8.602432361115004e-10,0.0010426172546269678,1.2874682152566193e-05,0.0,135649.9367759306,1675.0632240693726,137324.99999999997
dry_high_load,3750.0,0.22935110200376907,0.0034020621499616663,2.3519157733800737e-07,8.552420994109357e-10,0.0010426086747237786,1.2883262055755493e-05,0.0,135648.82048582513,1676.1795141748805,137325.00000000003
dry_high_load,3760.0,0.22950295563528772,0.0034022256379002847,2.338242603052043e-07,8.502700374734701e-10,0.0010426001447009798,1.289179207855408e-05,0.0,135647.71068541828,1677.289314581684,137324.99999999997
dry_high_load,3770.0,0.22965392644583452,0.003402388175380364,2.3246489234901973e-07,8.453268812691626e-10,0.001042591664268586,1.2900272510948132e-05,0.0,135646.6073369815,1678.3926630184963,137325.00000000003
dry_high_load,3780.0,0.22980401956780483,0.0034025497679275184,2.311134272564552e-07,8.40412462750746e-10,0.001042583233138296,1.2908703641237962e-05,0.0,135645.5104030053,1679.489596994689,137324.99999999997
dry_high_load,3790.0,0.22995324010375612,0.00340271042103524,2.2976981908317864e-07,8.355266148479222e-10,0.0010425748510234862,1.291708575604781e-05,0.0,135644.41984619843,1680.5801538015692,137324.99999999997
dry_high_load,3800.0,0.23010159312658152,0.0034028701401650823,2.2843402215196e-07,8.306691714616727e-10,0.0010425665176391986,1.2925419140335589e-05,0.0,135643.3356294864,1681.6643705136464,137325.00000000003
dry_high_load,3810.0,0.23024908367968208,0.0034030289307468483,2.2710599105112219e-07,8.25839967458626e-10,0.0010425582327021315,1.2933704077402566e-05,0.0,135642.2577160101,1682.7422839898913,137325.00000000003
dry_high_load,3820.0,0.23039571677713866,0.0034031867981787743,2.257856806329915e-07,8.210388386654235e-10,0.001042549995930631,1.294194084890301e-05,0.0,135641.18606912502,1683.813930874992,137324.99999999997
dry_high_load,3830.0,0.23054149740388172,0.0034033437478277117,2.2447304601236984e-07,8.16265621863163e-10,0.0010425418070446801,1.2950129734853741e-05,0.0,135640.1206523994,1684.8793476005953,137324.99999999997
dry_high_load,3840.0,0.23068643051586146,0.003403499785029313,2.2316804256500268e-07,8.115201547818278e-10,0.0010425336657658903,1.2958271013643675e-05,0.0,135639.06142961344,1685.9385703865494,137324.99999999997
dry_high_load,3850.0,0.23083052104021595,0.00340365491508821,2.2187062592606494e-07,8.068022760947814e-10,0.0010425255718174908,1.2966364962043276e-05,0.0,135638.00836475787,1686.9916352421335,137325.00000000003
dry_high_load,3860.0,0.23097377387543874,0.0034038091432781956,2.2058075198865178e-07,8.021118254132791e-10,0.00104251752492432,1.2974411855213968e-05,0.0,135636.96142203268,1688.0385779672833,137324.99999999997
dry_high_load,3870.0,0.23111619389154525,0.0034039624748424028,2.1929837690228046e-07,7.974486432810198e-10,0.0010425095248128165,1.2982411966717488e-05,0.0,135635.9205658462,1689.079434153805,137324.99999999997
dry_high_load,3880.0,0.23125778593023846,0.0034041149149934826,2.1802345707139867e-07,7.928125711687224e-10,0.0010425015712110088,1.299036556852518e-05,0.0,135634.8857608134,1690.114239186588,137324.99999999997
dry_high_load,3890.0,0.23139855480507354,0.0034042664689137828,2.1675594915390182e-07,7.882034514687338e-10,0.0010424936638485068,1.2998272931027254e-05,0.0,135633.85697175522,1691.1430282448073,137325.00000000003
dry_high_load,3900.0,0.23153850530162123,0.0034044171417555217,2.154958100596624e-07,7.836211274896813e-10,0.001042485802456492,1.3006134323041963e-05,0.0,135632.83416369688,1692.1658363031177,137324.99999999997
dry_high_load,3910.0,0.23167764217763095,0.0034045669386409644,2.142429969490603e-07,7.790654434511282e-10,0.0010424779867677092,1.3013950011824757e-05,0.0,135631.81730186715,1693.182698132846,137324.99999999997
dry_high_load,3920.0,0.23181597016319225,0.003404715864662598,2.1299746723153046e-07,7.745362444782926e-10,0.0010424702165164567,1.3021720263077362e-05,0.0,135630.80635169684,1694.1936483031711,137324.99999999997
dry_high_load,3930.0,0.23195349396089568,0.0034048639248833034,2.1175917856411332e-07,7.700333765967756e-10,0.0010424624914385772,1.3029445340956808e-05,0.0,135629.8012788177,1695.1987211822986,137324.99999999997
dry_high_load,3940.0,0.23209021824599263,0.003405011124336527,2.1052808885001638e-07,7.655566867273321e-10,0.0010424548112714495,1.3037125508084415e-05,0.0,135628.80204906134,1696.1979509386308,137324.99999999997
dry_high_load,3950.0,0.23222614766655436,0.003405157468026454,2.093041562371814e-07,7.611060226806595e-10,0.0010424471757539792,1.304476102555472e-05,0.0,135627.8086284581,1697.1913715419269,137324.99999999997
dry_high_load,3960.0,0.23236128684362986,0.0034053029609281767,2.0808733911686354e-07,7.56681233152231e-10,0.0010424395846265896,1.3052352152944353e-05,0.0,135626.82098323555,1698.1790167644588,137324.99999999997
dry_high_load,3970.0,0.23249564037140327,0.0034054476079878626,2.0687759612221407e-07,7.52282167717142e-10,0.001042432037631213,1.3059899148320862e-05,0.0,135625.83907981782,1699.1609201821593,137324.99999999997
dry_high_load,3980.0,0.23262921281734958,0.003405591414122926,2.0567488612687807e-07,7.479086768250111e-10,0.0010424245345112826,1.3067402268251484e-05,0.0,135624.86288482425,1700.1371151757623,137325.00000000003
dry_high_load,3990.0,0.2327620087223903,0.003405734384222192,2.0447916824359263e-07,7.435606117948822e-10,0.001042417075011722,1.3074861767811869e-05,0.0,135623.89236506802,1701.1076349319392,137324.99999999997
dry_high_load,4000.0,0.2328940326010476,0.0034058765231460638,2.032904018227996e-07,7.392378248101802e-10,0.0010424096588789393,1.3082277900594746e-05,0.0,135622.92748755557,1702.072512444425,137324.99999999997
dry_high_load,4010.0,0.23302528894159802,0.003406017835726689,2.0210854645126085e-07,7.349401689136757e-10,0.0010424022858608153,1.3089650918718561e-05,0.0,135621.9682194848,1703.0317805151426,137324.99999999997
dry_high_load,4020.0,0.2331557822062249,0.0034061583267681224,2.00933561950686e-07,7.306674980024944e-10,0.001042394955706698,1.3096981072836031e-05,0.0,135621.01452824468,1703.9854717553176,137324.99999999997
dry_high_load,4030.0,0.23328551683117,0.003406298001046489,1.9976540837636772e-07,7.264196668231553e-10,0.0010423876681673915,1.3104268612142666e-05,0.0,135620.06638141343,1704.933618586583,137325.00000000003
dry_high_load,4040.0,0.2334144972268844,0.0034064368633101483,1.9860404601582147e-07,7.221965309666234e-10,0.0010423804229951488,1.311151378438525e-05,0.0,135619.1237467579,1705.8762532420865,137324.99999999997
dry_high_load,4050.0,0.23354272777817858,0.0034065749182798544,1.9744943538743676e-07,7.179979468634063e-10,0.0010423732199436636,1.311871683587026e-05,0.0,135618.1865922324,1706.8134077675838,137324.99999999997
dry_high_load,4060.0,0.23367021284437126,0.0034067121706489157,1.9630153723913423e-07,7.138237717786698e-10,0.001042366058768062,1.3125878011472235e-05,0.0,135617.2548859775,1707.7451140225285,137325.00000000003
dry_high_load,4070.0,0.23379695675943762,0.0034068486250833563,1.951603125470326e-07,7.096738638073912e-10,0.0010423589392248918,1.3132997554642103e-05,0.0,135616.32859631884,1708.6714036811545,137324.99999999997
dry_high_load,4080.0,0.23392296383215683,0.003406984286222074,1.9402572251412008e-07,7.055480818695275e-10,0.0010423518610721185,1.314007570741546e-05,0.0,135615.40769176645,1709.592308233554,137324.99999999997
dry_high_load,4090.0,0.23404823834625837,0.0034071191586769974,1.9289772856893647e-07,7.014462857052234e-10,0.0010423448240691135,1.3147112710420795e-05,0.0,135614.49214101327,1710.507858986747,137325.00000000003
dry_high_load,4100.0,0.23417278456056767,0.0034072532470332422,1.9177629236426248e-07,6.973683358700453e-10,0.0010423378279766464,1.3154108802887674e-05,0.0,135613.58191293426,1711.4180870657465,137325.00000000003
dry_high_load,4110.0,0.234296606709151,0.00340738655584927,1.906613757758141e-07,6.93314093730233e-10,0.0010423308725568791,1.3161064222654872e-05,0.0,135612.67697658538,1712.3230234146158,137324.99999999997
dry_high_load,4120.0,0.2344197090014592,0.0034075190896570387,1.8955294090094958e-07,6.892834214579983e-10,0.0010423239575733554,1.316797920617845e-05,0.0,135611.77730120244,1713.2226987975212,137324.99999999997
dry_high_load,4130.0,0.23454209562247103,0.0034076508529621613,1.8845095005737772e-07,6.85276182026828e-10,0.0010423170827909942,1.317485398853981e-05,0.0,135610.88285620022,1714.1171437997768,137324.99999999997
dry_high_load,4140.0,0.2346637707328353,0.003407781850244055,1.8735536578187883e-07,6.81292239206832e-10,0.0010423102479760803,1.3181688803453671e-05,0.0,135609.9936111711,1715.0063888288862,137324.99999999997
dry_high_load,4150.0,0.23478473846901238,0.0034079120859560968,1.8626615082902952e-07,6.773314575601073e-10,0.001042303452896258,1.3188483883276026e-05,0.0,135609.10953588443,1715.8904641155734,137325.00000000003
dry_high_load,4160.0,0.23490500294341454,0.003408041564525772,1.8518326816994087e-07,6.733937024361486e-10,0.0010422966973205221,1.3195239459012023e-05,0.0,135608.2306002852,1716.769399714813,137325.00000000003
dry_high_load,4170.0,0.23502456824454643,0.003408170290354828,1.8410668099099165e-07,6.694788399672423e-10,0.0010422899810192102,1.3201955760323853e-05,0.0,135607.35677449315,1717.6432255068519,137324.99999999997
dry_high_load,4180.0,0.2351434384371433,0.0034082982678194204,1.8303635269258467e-07,6.655867370639442e-10,0.0010422833037639953,1.3208633015538517e-05,0.0,135606.48802880174,1718.5119711982227,137324.99999999994
dry_high_load,4190.0,0.23526161756230965,0.0034084255012702637,1.8197224688789808e-07,6.617172614105384e-10,0.0010422766653278783,1.3215271451655616e-05,0.0,135605.6243336772,1719.375666322756,137324.99999999997
dry_high_load,4200.0,0.23537910963765651,0.0034085519950327794,1.8091432740164992e-07,6.57870281460545e-10,0.001042270065485179,1.3221871294355056e-05,0.0,135604.76565975742,1720.2343402425834,137325.00000000003
dry_high_load,4210.0,0.23549591865743788,0.0034086777534072426,1.7986255826886825e-07,6.540456664322481e-10,0.0010422635040115292,1.322843276800472e-05,0.0,135603.91197785086,1721.0880221491352,137324.99999999997
dry_high_load,4220.0,0.2356120485926868,0.003408802780668928,1.7881690373366764e-07,6.502432863042458e-10,0.0010422569806838658,1.3234956095668108e-05,0.0,135603.06325893584,1721.9367410641353,137324.99999999997
dry_high_load,4230.0,0.23572750339135012,0.003408927081068256,1.7777732824803405e-07,6.464630118110329e-10,0.0010422504952804221,1.3241441499111906e-05,0.0,135602.2194741594,1722.7805258405842,137325.00000000003
dry_high_load,4240.0,0.23584228697842288,0.003409050658830935,1.7674379647061636e-07,6.427047144386049e-10,0.0010422440475807205,1.3247889198813534e-05,0.0,135601.3805948363,1723.6194051637442,137325.00000000003
dry_high_load,4250.0,0.2359564032560814,0.003409173518158108,1.7571627326552653e-07,6.389682664200964e-10,0.0010422376373655652,1.3254299413968629e-05,0.0,135600.54659244785,1724.4534075521083,137324.99999999994
dry_high_load,4260.0,0.23606985610381642,0.003409295663226495,1.746947237011417e-07,6.352535407314243e-10,0.0010422312644170354,1.3260672362498512e-05,0.0,135599.71743864162,1725.2825613583766,137324.99999999997
dry_high_load,4270.0,0.2361826493785647,0.003409417098188532,1.736791130489196e-07,6.315604110869803e-10,0.0010422249285184765,1.3267008261057591e-05,0.0,135598.8931052296,1726.1068947704161,137325.00000000003
dry_high_load,4280.0,0.23629478691484013,0.0034095378271725156,1.7266940678221675e-07,6.278887519353336e-10,0.0010422186294544932,1.3273307325040721e-05,0.0,135598.07356418777,1726.9264358122193,137324.99999999997
dry_high_load,4290.0,0.23640627252486424,0.0034096578542827413,1.7166557057511443e-07,6.242384384549615e-10,0.0010422123670109436,1.3279569768590536e-05,0.0,135597.25878765516,1727.741212344859,137325.00000000003
dry_high_load,4300.0,0.23651710999869557,0.0034097771835996447,1.70667570301253e-07,6.206093465500108e-10,0.0010422061409749292,1.3285795804604715e-05,0.0,135596.44874793253,1728.5512520674322,137324.99999999997
dry_high_load,4310.0,0.23662730310435878,0.003409895819179938,1.6967537203267055e-07,6.170013528460746e-10,0.0010421999511347907,1.3291985644743234e-05,0.0,135595.64341748197,1729.3565825180044,137324.99999999997
dry_high_load,4320.0,0.23673685558797264,0.00341001376505675,1.6868894203864893e-07,6.134143346859961e-10,0.0010421937972800983,1.3298139499435561e-05,0.0,135594.84276892542,1730.157231074546,137324.99999999997
dry_high_load,4330.0,0.23684577117387728,0.003410131025239763,1.6770824678456887e-07,6.098481701257049e-10,0.0010421876792016463,1.3304257577887796e-05,0.0,135594.04677504415,1730.9532249558604,137325.00000000003
dry_high_load,4340.0,0.23695405356476093,0.0034102476037153463,1.667332529307691e-07,6.063027379300694e-10,0.0010421815966914442,1.3310340088089797e-05,0.0,135593.25540877748,1731.7445912225119,137324.99999999997
dry_high_load,4350.0,0.23706170644178579,0.0034103635044466962,1.657639273314123e-07,6.027779175687719e-10,0.001042175549542712,1.3316387236822243e-05,0.0,135592.46864322227,1732.5313567777437,137325.00000000003
dry_high_load,4360.0,0.23716873346471315,0.0034104787313739677,1.6480023703335828e-07,5.992735892122119e-10,0.0010421695375498702,1.3322399229663672e-05,0.0,135591.6864516316,1733.3135483683948,137324.99999999997
dry_high_load,4370.0,0.2372751382720277,0.0034105932884144086,1.638421492750457e-07,5.957896337274389e-10,0.0010421635605085368,1.3328376270997457e-05,0.0,135590.9088074142,1734.0911925858072,137325.00000000003
dry_high_load,4380.0,0.23738092448106138,0.0034107071794624937,1.6288963148537628e-07,5.923259326740954e-10,0.0010421576182155154,1.3334318564018761e-05,0.0,135590.1356841333,1734.8643158667303,137325.00000000003
dry_high_load,4390.0,0.23748609568811627,0.0034108204083900568,1.6194265128260822e-07,5.888823683003935e-10,0.0010421517104687926,1.3340226310741453e-05,0.0,135589.36705550578,1735.6329444942203,137325.00000000003
dry_high_load,4400.0,0.237590655468587,0.0034109329790464227,1.610011764732541e-07,5.854588235391057e-10,0.0010421458370675292,1.3346099712004963e-05,0.0,135588.60289540148,1736.3971045985338,137325.00000000003
dry_high_load,4410.0,0.237694607377082,0.003411044895258537,1.6006517505098857e-07,5.820551820035948e-10,0.0010421399978120527,1.3351938967481116e-05,0.0,135587.84317784198,1737.1568221580155,137324.99999999994
dry_high_load,4420.0,0.23779795494754463,0.0034111561608310965,1.5913461519555956e-07,5.786713279838529e-10,0.001042134192503853,1.3357744275680916e-05,0.0,135587.087877,1737.912122999981,137324.99999999997
dry_high_load,4430.0,0.2379007016933732,0.00341126677954668,1.5820946527170504e-07,5.753071464425636e-10,0.0010421284209455727,1.3363515833961304e-05,0.0,135586.3369671984,1738.6630328015972,137324.99999999997
dry_high_load,4440.0,0.23800285110754038,0.003411376755165875,1.572896938280799e-07,5.719625230111996e-10,0.001042122682941002,1.3369253838531849e-05,0.0,135585.59042290924,1739.4095770907502,137324.99999999997
dry_high_load,4450.0,0.238104406662712,0.003411486091427407,1.5637526959618485e-07,5.686373439861267e-10,0.0010421169782950726,1.3374958484461443e-05,0.0,135584.8482187531,1740.1517812469199,137325.00000000003
dry_high_load,4460.0,0.23820537181136509,0.003411594792048265,1.5546616148930425e-07,5.653314963247427e-10,0.0010421113068138491,1.3380629965684912e-05,0.0,135584.11032949795,1740.8896705020377,137325.00000000003
dry_high_load,4470.0,0.23830574998590529,0.0034117028607238294,1.5456233860144902e-07,5.620448676416327e-10,0.0010421056683045243,1.3386268475009617e-05,0.0,135583.37673005863,1741.6232699413454,137324.99999999997
dry_high_load,4480.0,0.23840554459878346,0.003411810301127997,1.5366377020630608e-07,5.587773462047493e-10,0.001042100062575412,1.3391874204122011e-05,0.0,135582.6473954958,1742.352604504249,137325.00000000003
dry_high_load,4490.0,0.2385047590426117,0.0034119171169133063,1.5277042575619482e-07,5.555288209316175e-10,0.0010420944894359398,1.3397447343594148e-05,0.0,135581.92230101483,1743.0776989851659,137324.99999999997
dry_high_load,4500.0,0.23860339669027872,0.00341202331171106,1.5188227488102676e-07,5.522991813855518e-10,0.0010420889486966439,1.3402988082890167e-05,0.0,135581.20142196564,1743.7985780343677,137324.99999999997
dry_high_load,4510.0,0.23870146089506467,0.0034121288891314507,1.5099928738727275e-07,5.490883177719008e-10,0.0010420834401691612,1.3408496610372741e-05,0.0,135580.48473384115,1744.5152661588195,137324.99999999997
dry_high_load,4520.0,0.2387989549907547,0.003412233852763683,1.501214332569396e-07,5.458961209343257e-10,0.0010420779636662245,1.3413973113309463e-05,0.0,135579.772212277,1745.2277877230106,137324.99999999997
dry_high_load,4530.0,0.23889588229175282,0.0034123382061760944,1.4924868264654615e-07,5.427224823510769e-10,0.0010420725190016548,1.3419417777879225e-05,0.0,135579.06383305023,1745.936166949785,137325.00000000003
dry_high_load,4540.0,0.23899224609319406,0.003412441952916278,1.4838100588611203e-07,5.395672941313164e-10,0.0010420671059903554,1.3424830789178536e-05,0.0,135578.35957207883,1746.6404279211629,137324.99999999997
dry_high_load,4550.0,0.23908804967105687,0.003412545096511202,1.475183734781462e-07,5.364304490114406e-10,0.001042061724448306,1.3430212331227833e-05,0.0,135577.6594054208,1747.340594579162,137324.99999999994
dry_high_load,4560.0,0.2391832962822745,0.00341264764046733,1.4666075609664387e-07,5.333118403514321e-10,0.0010420563741925563,1.3435562586977724e-05,0.0,135576.9633092734,1748.036690726609,137324.99999999997
dry_high_load,4570.0,0.23927798916484544,0.0034127495882707417,1.4580812458609236e-07,5.302113621312448e-10,0.0010420510550412188,1.3440881738315205e-05,0.0,135576.27125997204,1748.7287400279504,137324.99999999997
dry_high_load,4580.0,0.23937213153794368,0.0034128509433872484,1.4496044996047828e-07,5.271289089471937e-10,0.0010420457668134642,1.3446169966069852e-05,0.0,135575.58323398995,1749.4167660100557,137325.00000000003
dry_high_load,4590.0,0.2394657266020281,0.0034129517092625124,1.4411770340230187e-07,5.240643760083704e-10,0.001042040509329514,1.3451427450019964e-05,0.0,135574.89920793698,1750.1007920630182,137324.99999999997
dry_high_load,4600.0,0.23955877753895136,0.003413051889322166,1.432798562615976e-07,5.210176591330822e-10,0.0010420352824106352,1.345665436889867e-05,0.0,135574.21915855902,1750.7808414409492,137324.99999999997
dry_high_load,4610.0,0.23965128751206796,0.0034131514869719243,1.424468800549605e-07,5.179886547453108e-10,0.001042030085879134,1.3461850900400021e-05,0.0,135573.54306273724,1751.456937262771,137325.00000000003
dry_high_load,4620.0,0.2397432596663418,0.0034132505055977035,1.4161874646457753e-07,5.149772598711909e-10,0.001042024919558349,1.346701722118501e-05,0.0,135572.870897487,1752.1291025129985,137325.00000000003
dry_high_load,4630.0,0.23983469712845323,0.003413348948565735,1.4079542733726462e-07,5.119833721355076e-10,0.0010420197832726463,1.3472153506887598e-05,0.0,135572.20263995745,1752.7973600425255,137324.99999999997
dry_high_load,4640.0,0.2399256030069051,0.0034134468192226815,1.3997689468351045e-07,5.090068897582197e-10,0.0010420146768474134,1.3477259932120666e-05,0.0,135571.5382674306,1753.4617325693973,137325.00000000003
dry_high_load,4650.0,0.24001598039212857,0.0034135441208957475,1.391631206765247e-07,5.060477115509989e-10,0.001042009600109052,1.3482336670481962e-05,0.0,135570.8777573204,1754.1222426795853,137325.00000000003
dry_high_load,4660.0,0.24010583235658822,0.0034136408568927958,1.3835407765129166e-07,5.031057369137879e-10,0.0010420045528849742,1.348738389456e-05,0.0,135570.22108717225,1754.7789128277548,137325.00000000003
dry_high_load,4670.0,0.24019516195488663,0.0034137370305024582,1.3754973810362745e-07,5.001808658313725e-10,0.001041999535003594,1.3492401775939941e-05,0.0,135569.56823466197,1755.431765338029,137324.99999999997
dry_high_load,4680.0,0.2402839722238677,0.0034138326449942467,1.367500746892513e-07,4.972729988700047e-10,0.0010419945462943247,1.3497390485209393e-05,0.0,135568.91917759526,1756.080822404744,137325.00000000003
dry_high_load,4690.0,0.24037226618272048,0.0034139277036186666,1.3595506022284895e-07,4.943820371739962e-10,0.0010419895865875696,1.3502350191964244e-05,0.0,135568.2738939068,1756.7261060932085,137324.99999999997
dry_high_load,4700.0,0.24046004683308153,0.0034140222096073255,1.3516466767715312e-07,4.915078824623749e-10,0.0010419846557147196,1.350728106481441e-05,0.0,135567.63236165958,1757.3676383404515,137325.00000000003
dry_high_load,4710.0,0.24054731715913702,0.003414116166173044,1.3437887018202182e-07,4.886504370255339e-10,0.0010419797535081443,1.3512183271389574e-05,0.0,135566.99455904402,1758.0054409559682,137324.99999999997
dry_high_load,4720.0,0.24063408012772403,0.0034142095765099644,1.3359764102352771e-07,4.858096037219189e-10,0.001041974879801189,1.3517056978344876e-05,0.0,135566.3604643775,1758.6395356224596,137324.99999999994
dry_high_load,4730.0,0.24072033868843176,0.003414302443793659,1.3282095364304678e-07,4.829852859747155e-10,0.0010419700344281675,1.3521902351366592e-05,0.0,135565.73005610346,1759.2699438965744,137325.00000000003
dry_high_load,4740.0,0.24080609577370132,0.003414394771181239,1.320487816363587e-07,4.801773877685769e-10,0.0010419652172243563,1.352671955517775e-05,0.0,135565.10331279036,1759.896687209636,137325.00000000003
dry_high_load,4750.0,0.2408913542989259,0.0034144865618114615,1.3128109875274628e-07,4.7738581364635e-10,0.00104196042802599,1.3531508753543745e-05,0.0,135564.48021313158,1760.5197868683763,137324.99999999994
dry_high_load,4760.0,0.24097611716254969,0.003414577818804835,1.3051787889410417e-07,4.746104687058332e-10,0.0010419556666702563,1.3536270109277903e-05,0.0,135563.86073594438,1761.1392640556564,137325.00000000003
dry_high_load,4770.0,0.24106038724616624,0.003414668545263728,1.2975909611405264e-07,4.71851258596555e-10,0.001041950932995287,1.354100378424701e-05,0.0,135563.2448601688,1761.7551398311894,137324.99999999997
dry_high_load,4780.0,0.24114416741461664,0.0034147587442724713,1.2900472461705433e-07,4.691080895165611e-10,0.0010419462268401573,1.3545709939376817e-05,0.0,135562.63256486776,1762.3674351322531,137325.00000000003
dry_high_load,4790.0,0.24122746051608687,0.003414848418897466,1.282547387575376e-07,4.663808682092276e-10,0.0010419415480448764,1.3550388734657513e-05,0.0,135562.0238292256,1762.9761707744046,137324.99999999997
dry_high_load,4800.0,0.24131026938220465,0.0034149375721872857,1.2750911303902426e-07,4.6366950196008817e-10,0.0010419368964503849,1.3555040329149166e-05,0.0,135561.41863254784,1763.5813674521883,137325.00000000003
dry_high_load,4810.0,0.24139259682813546,0.0034150262071727805,1.2676782211326498e-07,4.6097389859369076e-10,0.001041932271898547,1.3559664880987118e-05,0.0,135560.81695426017,1764.183045739835,137325.00000000003
dry_high_load,4820.0,0.2414744456526788,0.0034151143268671804,1.260308407793726e-07,4.582939664704457e-10,0.0010419276742321467,1.3564262547387388e-05,0.0,135560.21877390804,1764.7812260919688,137325.00000000003
dry_high_load,4830.0,0.2415558186383627,0.003415201934266198,1.2529814398297118e-07,4.556296144835315e-10,0.001041923103294882,1.3568833484651981e-05,0.0,135559.6240711557,1765.3759288442948,137324.99999999997
dry_high_load,4840.0,0.24163671855153862,0.003415289032348129,1.2456970681534148e-07,4.529807520557871e-10,0.0010419185589313597,1.357337784817423e-05,0.0,135559.03282578572,1765.9671742142941,137324.99999999997
dry_high_load,4850.0,0.2417171481424756,0.0034153756240739557,1.238455045125734e-07,4.5034728913663047e-10,0.00104191404098709,1.3577895792444065e-05,0.0,135558.4450176981,1766.5549823019126,137324.99999999997
dry_high_load,4860.0,0.24179711014545355,0.0034154617123874453,1.2312551245472534e-07,4.4772913619900113e-10,0.0010419095493084808,1.358238747105327e-05,0.0,135557.86062690977,1767.1393730902414,137325.00000000003
dry_high_load,4870.0,0.24187660727885632,0.0034155473002152508,1.2240970616498734e-07,4.4512620423631754e-10,0.0010419050837428333,1.3586853036700704e-05,0.0,135557.2796335538,1767.7203664461972,137324.99999999997
dry_high_load,4880.0,0.24195564224526403,0.0034156323904670125,1.2169806130884822e-07,4.4253840475944795e-10,0.0010419006441383363,1.3591292641197488e-05,0.0,135556.70201787876,1768.297982121198,137324.99999999994
dry_high_load,4890.0,0.24203421773154496,0.0034157169860354526,1.209905536932697e-07,4.399656497937079e-10,0.001041896230344062,1.3595706435472168e-05,0.0,135556.1277602482,1768.872239751834,137325.00000000003
dry_high_load,4900.0,0.2421123364089471,0.003415801089796478,1.2028715926586082e-07,4.374078518758575e-10,0.0010418918422099583,1.3600094569575854e-05,0.0,135555.55684113948,1769.4431588605364,137325.00000000003
dry_high_load,4910.0,0.2421900009331887,0.0034158847046092755,1.1958785411406386e-07,4.3486492405114123e-10,0.0010418874795868466,1.3604457192687313e-05,0.0,135554.98924114378,1770.0107588562398,137324.99999999997
dry_high_load,4920.0,0.24226721394454853,0.0034159678333164096,1.1889261446434e-07,4.323367798703272e-10,0.001041883142326416,1.3608794453118032e-05,0.0,135554.424940965,1770.5750590350415,137325.00000000003
dry_high_load,4930.0,0.24234397806795596,0.0034160504787439194,1.1820141668135991e-07,4.2982333338676324e-10,0.0010418788302812166,1.3613106498317282e-05,0.0,135553.8639214191,1771.13607858086,137324.99999999997
dry_high_load,4940.0,0.24242029591307981,0.003416132643701414,1.1751423726720249e-07,4.273244991534635e-10,0.0010418745433046568,1.3617393474877111e-05,0.0,135553.3061634339,1771.6938365660842,137324.99999999997
dry_high_load,4950.0,0.2424961700744173,0.0034162143309821686,1.1683105286055464e-07,4.2484019222019864e-10,0.0010418702812509965,1.3621655528537335e-05,0.0,135552.75164804776,1772.2483519522234,137324.99999999997
dry_high_load,4960.0,0.24257160313138226,0.0034162955433632196,1.1615184023591651e-07,4.223703281306054e-10,0.0010418660439753436,1.3625892804190498e-05,0.0,135552.20035640945,1772.7996435905525,137325.00000000003
dry_high_load,4970.0,0.24264659764839272,0.003416376283605459,1.1547657630281358e-07,4.199148229193221e-10,0.0010418618313336474,1.3630105445886785e-05,0.0,135551.65226977726,1773.3477302227516,137325.00000000003
dry_high_load,4980.0,0.24272115617495815,0.0034164565544537273,1.1480523810501037e-07,4.1747359310912855e-10,0.001041857643182695,1.3634293596838934e-05,0.0,135551.10736951843,1773.8926304815434,137324.99999999997
dry_high_load,4990.0,0.2427952812457661,0.003416536358636908,1.1413780281973033e-07,4.150465557081102e-10,0.001041853479380107,1.3638457399427091e-05,0.0,135550.56563710867,1774.434362891327,137324.99999999997
dry_high_load,5000.0,0.24286897538076835,0.0034166156988680195,1.1347424775688103e-07,4.1263362820684003e-10,0.0010418493397843305,1.364259699520366e-05,0.0,135550.0270541312,1774.9729458688075,137325.00000000003
dry_high_load,5010.0,0.24294224108526663,0.003416694577844308,1.1281455035828102e-07,4.102347285755673e-10,0.001041845224254636,1.3646712524898108e-05,0.0,135549.4916022764,1775.5083977236218,137325.00000000003
dry_high_load,5020.0,0.24301508084999776,0.0034167729982473387,1.1215868819689432e-07,4.078497752614338e-10,0.0010418411326511123,1.3650804128421754e-05,0.0,135548.959263341,1776.0407366589614,137324.99999999997
dry_high_load,5030.0,0.24308749715121836,0.0034168509627430874,1.1150663897606704e-07,4.054786871856983e-10,0.0010418370648346616,1.3654871944872526e-05,0.0,135548.43001922782,1776.5699807721915,137325.00000000003
dry_high_load,5040.0,0.24315949245078908,0.0034169284739820303,1.1085838052876929e-07,4.0312138374097917e-10,0.0010418330206669944,1.365891611253969e-05,0.0,135547.90385194455,1777.0961480554656,137325.00000000003
dry_high_load,5050.0,0.24323106919625806,0.0034170055345992363,1.1021389081684343e-07,4.007777847885215e-10,0.0010418290000106254,1.3662936768908543e-05,0.0,135547.38074360366,1777.6192563963377,137324.99999999997
dry_high_load,5060.0,0.24330222982094443,0.003417082147214453,1.0957314793025253e-07,3.984478106554637e-10,0.001041825002728869,1.36669340506651e-05,0.0,135546.8606764216,1778.1393235783707,137324.99999999997
dry_high_load,5070.0,0.2433729767440208,0.0034171583144321986,1.0893613008633713e-07,3.9613138213213496e-10,0.0010418210286858333,1.3670908093700726e-05,0.0,135546.3436327183,1778.6563672817385,137324.99999999997
dry_high_load,5080.0,0.24344331237059563,0.00341723403884185,1.0830281562907425e-07,3.9382842046936086e-10,0.0010418170777464174,1.3674859033116769e-05,0.0,135545.8295949162,1779.1704050838302,137325.00000000003
dry_high_load,5090.0,0.24351323909179506,0.00341730932301773,1.0767318302833967e-07,3.915388473757806e-10,0.001041813149776305,1.3678787003229147e-05,0.0,135545.31854554018,1779.6814544598476,137325.00000000003
dry_high_load,5100.0,0.24358275928484402,0.0034173841695191954,1.0704721087917905e-07,3.892625850151965e-10,0.001041809244641961,1.3682692137572918e-05,0.0,135544.81046721662,1780.1895327833965,137324.99999999997
dry_high_load,5110.0,0.2436518753131471,0.003417458580890723,1.0642487790107755e-07,3.869995560039183e-10,0.0010418053622106272,1.3686574568906809e-05,0.0,135544.30534267292,1780.694657327079,137324.99999999997
dry_high_load,5120.0,0.24372058952636905,0.0034175325596619986,1.0580616293723774e-07,3.8474968340813716e-10,0.0010418015023503165,1.3690434429217742e-05,0.0,135543.80315473696,1781.1968452630822,137325.00000000003
dry_high_load,5130.0,0.24378890426051444,0.0034176061083479995,1.0519104495385945e-07,3.8251289074130707e-10,0.0010417976649298088,1.3694271849725317e-05,0.0,135543.30388633625,1781.6961136637585,137325.00000000003
dry_high_load,5140.0,0.2438568218380072,0.0034176792294490837,1.045795030394261e-07,3.802891019615494e-10,0.0010417938498186478,1.369808696088627e-05,0.0,135542.8075204978,1782.1924795022094,137325.00000000003
dry_high_load,5150.0,0.24392434456776943,0.003417751925451072,1.0397151640399341e-07,3.780782414690669e-10,0.001041790056887135,1.3701879892398901e-05,0.0,135542.31404034712,1782.6859596528595,137324.99999999997
dry_high_load,5160.0,0.24399147474530025,0.0034178241988253324,1.0336706437848026e-07,3.7588023410356453e-10,0.0010417862860063263,1.3705650773207509e-05,0.0,135541.82342910796,1783.176570892034,137324.99999999997
dry_high_load,5170.0,0.24405821465275343,0.003417896052028868,1.0276612641396918e-07,3.7369500514170606e-10,0.0010417825370480274,1.3709399731506745e-05,0.0,135541.33567010149,1783.664329898525,137325.00000000003
dry_high_load,5180.0,0.24412456655901513,0.003417967487504396,1.021686820810068e-07,3.7152248029457014e-10,0.0010417788098847879,1.3713126894745988e-05,0.0,135540.85074674583,1784.14925325416,137324.99999999997
dry_high_load,5190.0,0.24419053271978108,0.003418038507680432,1.0157471106890853e-07,3.693625857051219e-10,0.0010417751043899004,1.3716832389633673e-05,0.0,135540.36864255564,1784.6313574443675,137325.00000000003
dry_high_load,5200.0,0.24425611537763323,0.003418109114971375,1.0098419318506919e-07,3.6721524794570614e-10,0.0010417714204373923,1.3720516342141599e-05,0.0,135539.88934114127,1785.1106588587338,137324.99999999997
dry_high_load,5210.0,0.24432131676211602,0.0034181793117775863,1.0039710835427451e-07,3.650803940155436e-10,0.0010417677579020246,1.3724178877509211e-05,0.0,135539.41282620843,1785.5871737915638,137324.99999999997
dry_high_load,5220.0,0.2443861390898121,0.0034182491004854723,9.981343661802162e-08,3.629579513382604e-10,0.0010417641166592861,1.3727820120247862e-05,0.0,135538.93908155756,1786.0609184424338,137324.99999999997
dry_high_load,5230.0,0.24445058456441776,0.0034183184834675664,9.923315813383824e-08,3.6084784775941167e-10,0.001041760496585389,1.3731440194145037e-05,0.0,135538.46809108328,1786.5319089167392,137325.00000000003
dry_high_load,5240.0,0.24451465537681774,0.0034183874630826084,9.86562531746093e-08,3.5875001154403376e-10,0.0010417568975572653,1.3735039222268567e-05,0.0,135537.99983877374,1787.0001612262472,137324.99999999997
dry_high_load,5250.0,0.24457835370515993,0.003418456041675626,9.808270212790504e-08,3.5666437137420013e-10,0.0010417533194525632,1.3738617326970817e-05,0.0,135537.53430871037,1787.465691289637,137325.00000000003
dry_high_load,5260.0,0.24464168171492903,0.0034185242215780125,9.751248549531712e-08,3.5459085634660764e-10,0.0010417497621496412,1.374217462989283e-05,0.0,135537.07148506696,1787.9285149330424,137324.99999999997
dry_high_load,5270.0,0.24470464155902075,0.0034185920051076086,9.694558389179075e-08,3.5252939597014815e-10,0.0010417462255275655,1.3745711251968488e-05,0.0,135536.6113521094,1788.3886478905915,137324.99999999997
dry_high_load,5280.0,0.24476723537781422,0.003418659394568779,9.638197804497247e-08,3.504799201635362e-10,0.0010417427094661055,1.3749227313428588e-05,0.0,135536.15389419507,1788.8461058049377,137325.00000000003
dry_high_load,5290.0,0.24482946529924562,0.003418726392252492,9.582164879454757e-08,3.484423592529002e-10,0.001041739213845729,1.3752722933804969e-05,0.0,135535.6990957722,1789.3009042277956,137324.99999999997
dry_high_load,5300.0,0.2448913334388799,0.003418793000436398,9.526457709159401e-08,3.4641664396943276e-10,0.0010417357385475994,1.3756198231934546e-05,0.0,135535.2469413795,1789.7530586204668,137324.99999999997
dry_high_load,5310.0,0.24495284189998293,0.003418859221384905,9.471074399793253e-08,3.4440270544702735e-10,0.0010417322834535706,1.3759653325963367e-05,0.0,135534.79741564565,1790.2025843543684,137324.99999999997
dry_high_load,5320.0,0.24501399277359281,0.0034189250573492557,9.416013068548564e-08,3.4240047521994776e-10,0.0010417288484461833,1.3763088333350607e-05,0.0,135534.35050328844,1790.6494967115502,137324.99999999997
dry_high_load,5330.0,0.2450747881385914,0.0034189905105676066,9.361271843563202e-08,3.4040988522048005e-10,0.0010417254334086615,1.3766503370872594e-05,0.0,135533.9061891148,1791.093810885222,137325.00000000003
dry_high_load,5340.0,0.2451352300617745,0.003419055583265102,9.306848863857586e-08,3.3843086777663947e-10,0.0010417220382249073,1.3769898554626755e-05,0.0,135533.46445801973,1791.5355419802622,137325.00000000003
dry_high_load,5350.0,0.24519532059792246,0.003419120277653949,9.252742279271073e-08,3.364633556098571e-10,0.0010417186627794985,1.3773274000035568e-05,0.0,135533.02529498626,1791.9747050137378,137324.99999999997
dry_high_load,5360.0,0.24525506178986975,0.003419184595933495,9.198950250399197e-08,3.3450728183269805e-10,0.0010417153069576836,1.3776629821850487e-05,0.0,135532.5886850846,1792.4113149154107,137325.00000000003
dry_high_load,5370.0,0.2453144556685746,0.0034192485402903005,9.1454709485312e-08,3.3256257994658905e-10,0.0010417119706453782,1.3779966134155845e-05,0.0,135532.15461347174,1792.8453865282465,137324.99999999997
dry_high_load,5380.0,0.24537350425318813,0.003419312112898214,9.092302555587579e-08,3.306291838395483e-10,0.0010417086537291612,1.3783283050372733e-05,0.0,135531.7230653911,1793.276934608921,137324.99999999997
dry_high_load,5390.0,0.24543220955112266,0.003419375315918447,9.039443264058681e-08,3.2870702778395196e-10,0.001041705356096271,1.3786580683262848e-05,0.0,135531.29402617167,1793.7059738283172,137324.99999999994
dry_high_load,5400.0,0.24549057355812023,0.0034194381514996456,8.986891276942956e-08,3.2679604643428926e-10,0.0010417020776346017,1.3789859144932334e-05,0.0,135530.867481228,1794.132518772029,137325.00000000003
dry_high_load,5410.0,0.2455485982583205,0.0034195006217779644,8.9346448076859e-08,3.2489617482494176e-10,0.0010416988182326984,1.3793118546835598e-05,0.0,135530.44341605913,1794.556583940856,137324.99999999997
dry_high_load,5420.0,0.24560628562432796,0.00341956272887714,8.882702080119414e-08,3.2300734836797864e-10,0.001041695577779755,1.3796358999779085e-05,0.0,135530.0218162487,1794.9781837512935,137325.00000000003
dry_high_load,5430.0,0.24566363761727902,0.0034196244749085617,8.831061328401494e-08,3.2112950285096334e-10,0.001041692356165609,1.3799580613925053e-05,0.0,135529.60266746397,1795.397332536025,137325.00000000003
dry_high_load,5440.0,0.24572065618690894,0.003419685861971344,8.77972079695594e-08,3.192625744347614e-10,0.0010416891532807387,1.3802783498795318e-05,0.0,135529.1859554556,1795.8140445444094,137325.00000000003
dry_high_load,5450.0,0.24577734327161777,0.0034197468921523984,8.728678740412961e-08,3.1740649965138035e-10,0.001041685969016259,1.3805967763274975e-05,0.0,135528.77166605706,1796.2283339429653,137324.99999999997
dry_high_load,5460.0,0.24583370079853667,0.0034198075675265036,8.67793342354946e-08,3.1556121540179846e-10,0.001041682803263918,1.3809133515616109e-05,0.0,135528.35978518418,1796.6402148158525,137325.00000000003
dry_high_load,5470.0,0.24588973068359282,0.003419867890156376,8.627483121230626e-08,3.1372665895384087e-10,0.0010416796559160925,1.3812280863441456e-05,0.0,135527.95029883465,1797.04970116535,137324.99999999997
dry_high_load,5480.0,0.24594543483157522,0.0034199278620927406,8.577326118350691e-08,3.119027679400251e-10,0.0010416765268657859,1.381540991374808e-05,0.0,135527.54319308765,1797.4568069123327,137324.99999999997
dry_high_load,5490.0,0.2460008151361989,0.0034199874853743997,8.52746070977501e-08,3.1008948035545483e-10,0.001041673416006623,1.3818520772911003e-05,0.0,135527.13845410323,1797.861545896746,137324.99999999997
dry_high_load,5500.0,0.24605587348016975,0.0034200467620283032,8.477885200281825e-08,3.082867345557027e-10,0.0010416703232328471,1.3821613546686821e-05,0.0,135526.7360681219,1798.2639318780734,137324.99999999997
dry_high_load,5510.0,0.24611061173524812,0.0034201056940696174,8.428597904504907e-08,3.0649446925472387e-10,0.0010416672484393169,1.38246883402173e-05,0.0,135526.3360214642,1798.6639785358068,137325.00000000003
dry_high_load,5520.0,0.24616503176231272,0.003420164283501792,8.379597146876078e-08,3.0471262352276646e-10,0.0010416641915215008,1.382774525803295e-05,0.0,135525.93830053008,1799.0616994699096,137324.99999999994
dry_high_load,5530.0,0.24621913541142376,0.003420222532316631,8.330881261568295e-08,3.0294113678430156e-10,0.0010416611523754774,1.3830784404056582e-05,0.0,135525.54289179872,1799.4571082012817,137324.99999999997
dry_high_load,5540.0,0.24627292452188593,0.003420280442494357,8.282448592438999e-08,3.0117994881596356e-10,0.001041658130897927,1.3833805881606835e-05,0.0,135525.14978182776,1799.8502181722156,137324.99999999997
dry_high_load,5550.0,0.24632640092231078,0.0034203380160036817,8.234297492973901e-08,2.9942899974450543e-10,0.0010416551269861324,1.383680979340169e-05,0.0,135524.75895725316,1800.2410427468562,137325.00000000003
dry_high_load,5560.0,0.24637956643067915,0.0034203952548018707,8.186426326230818e-08,2.97688230044757e-10,0.001041652140537972,1.3839796241561969e-05,0.0,135524.37040478835,1800.6295952116543,137324.99999999997
dry_high_load,5570.0,0.24643242285440267,0.003420452160834811,8.138833464784278e-08,2.959575805376101e-10,0.0010416491714519192,1.3842765327614797e-05,0.0,135523.9841112242,1801.015888775818,137325.00000000003
dry_high_load,5580.0,0.24648497199038544,0.003420508736037077,8.091517290669935e-08,2.942369923879976e-10,0.0010416462196270368,1.384571715249706e-05,0.0,135523.60006342822,1801.399936571762,137324.99999999997
dry_high_load,5590.0,0.2465372156250849,0.003420564982331996,8.044476195329806e-08,2.92526407102902e-10,0.001041643284962975,1.3848651816558834e-05,0.0,135523.2182483444,1801.7817516555538,137324.99999999994
dry_high_load,5600.0,0.24658915553457283,0.0034206209016317147,7.997708579557407e-08,2.908257665293602e-10,0.0010416403673599672,1.3851569419566794e-05,0.0,135522.83865299265,1802.1613470073578,137325.00000000003
dry_high_load,5610.0,0.24664079348459553,0.0034206764958372615,7.951212853443416e-08,2.8913501285248783e-10,0.0010416374667188263,1.3854470060707612e-05,0.0,135522.46126446812,1802.538735531877,137324.99999999997
dry_high_load,5620.0,0.24669213123063385,0.003420731766838615,7.904987436321713e-08,2.874540885935168e-10,0.0010416345829409425,1.3857353838591326e-05,0.0,135522.0860699412,1802.9139300587904,137324.99999999997
dry_high_load,5630.0,0.24674317051796307,0.003420786716514764,7.859030756715555e-08,2.8578293660783833e-10,0.0010416317159282794,1.386022085125469e-05,0.0,135521.71305665685,1803.2869433431906,137325.00000000003
dry_high_load,5640.0,0.2467939130817118,0.003420841346733775,7.813341252284296e-08,2.841215000830653e-10,0.0010416288655833695,1.3863071196164501e-05,0.0,135521.34221193395,1803.6577880660166,137324.99999999997
dry_high_load,5650.0,0.24684436064692156,0.003420895659352854,7.767917369769983e-08,2.824697225370903e-10,0.001041626031809313,1.3865904970220931e-05,0.0,135520.97352316548,1804.0264768344848,137324.99999999997
dry_high_load,5660.0,0.24689451492860495,0.0034209496562184103,7.722757564944838e-08,2.8082754781617587e-10,0.0010416232145097732,1.3868722269760807e-05,0.0,135520.6069778175,1804.393022182518,137324.99999999997
dry_high_load,5670.0,0.2469443776318041,0.0034210033391661177,7.6778603025587e-08,2.791949200930436e-10,0.001041620413588973,1.3871523190560884e-05,0.0,135520.24256342882,1804.757436571172,137324.99999999997
dry_high_load,5680.0,0.24699395045164874,0.003421056710020979,7.633224056286702e-08,2.7757178386497093e-10,0.001041617628951693,1.3874307827841113e-05,0.0,135519.88026761095,1805.1197323890578,137325.00000000003
dry_high_load,5690.0,0.24704323507341377,0.0034211097705973866,7.588847308677407e-08,2.7595808395190565e-10,0.001041614860503266,1.3877076276267872e-05,0.0,135519.52007804724,1805.4799219527647,137324.99999999997
dry_high_load,5700.0,0.24709223317257642,0.003421162522699185,7.544728551101397e-08,2.743537654945962e-10,0.0010416121081495767,1.3879828629957177e-05,0.0,135519.16198249272,1805.8380175072762,137324.99999999997
dry_high_load,5710.0,0.24714094641487339,0.0034212149681197316,7.500866283699836e-08,2.727587739527213e-10,0.001041609371797056,1.3882564982477894e-05,0.0,135518.8059687736,1806.1940312263903,137324.99999999997
dry_high_load,5720.0,0.24718937645635736,0.0034212671086419587,7.457259015333476e-08,2.7117305510303544e-10,0.001041606651352679,1.3885285426854913e-05,0.0,135518.45202478688,1806.547975213129,137324.99999999997
dry_high_load,5730.0,0.2472375249434533,0.003421318946038432,7.413905263532093e-08,2.695965550375306e-10,0.0010416039467239617,1.3887990055572306e-05,0.0,135518.10013849984,1806.8998615001517,137324.99999999997
dry_high_load,5740.0,0.24728539351301454,0.0034213704820714127,7.370803554443917e-08,2.6802922016159696e-10,0.0010416012578189574,1.3890678960576484e-05,0.0,135517.75029794982,1807.2497020501662,137324.99999999997
dry_high_load,5750.0,0.24733298379237836,0.003421421718492917,7.327952422785594e-08,2.6647099719220336e-10,0.0010415985845462548,1.3893352233279315e-05,0.0,135517.4024912437,1807.5975087563324,137325.00000000003
dry_high_load,5760.0,0.24738029739942125,0.003421472657044776,7.285350411792422e-08,2.64921833156088e-10,0.0010415959268149728,1.3896009964561227e-05,0.0,135517.05670655734,1807.9432934426677,137325.00000000003
dry_high_load,5770.0,0.24742733594261396,0.003421523299458693,7.242996073168822e-08,2.633816753879571e-10,0.0010415932845347596,1.3898652244774307e-05,0.0,135516.71293213556,1808.2870678644488,137324.99999999997
dry_high_load,5780.0,0.2474741010210762,0.0034215736474563054,7.200887967039061e-08,2.6185047152869306e-10,0.0010415906576157887,1.3901279163745366e-05,0.0,135516.37115629137,1808.6288437086125,137324.99999999997
dry_high_load,5790.0,0.247520594224631,0.0034216237027492407,7.159024661898252e-08,2.6032816952357275e-10,0.0010415880459687548,1.3903890810778995e-05,0.0,135516.03136740584,1808.968632594151,137324.99999999997
dry_high_load,5800.0,0.2475668171338586,0.0034216734670391756,7.117404734563903e-08,2.588147176205055e-10,0.0010415854495048735,1.39064872746606e-05,0.0,135515.6935539275,1809.3064460725082,137325.00000000003
dry_high_load,5810.0,0.2476127713201507,0.003421722942017895,7.076026770127107e-08,2.5731006436825843e-10,0.0010415828681358745,1.390906864365943e-05,0.0,135515.35770437203,1809.6422956279728,137324.99999999997
dry_high_load,5820.0,0.24765845834576317,0.0034217721293673467,7.034889361904916e-08,2.558141586147242e-10,0.0010415803017740023,1.3911635005531559e-05,0.0,135515.0238073219,1809.9761926780684,137324.99999999997
dry_high_load,5830.0,0.24770387976386957,0.003421821030759701,6.993991111392339e-08,2.543269495051759e-10,0.0010415777503320113,1.3914186447522883e-05,0.0,135514.69185142606,1810.3081485739394,137325.00000000003
dry_high_load,5840.0,0.24774903711861393,0.0034218696478574076,6.953330628214672e-08,2.5284838648053346e-10,0.0010415752137231619,1.3916723056372082e-05,0.0,135514.36182539925,1810.6381746007407,137324.99999999997
dry_high_load,5850.0,0.2477939319451632,0.0034219179823132503,6.912906530080404e-08,2.51378419275651e-10,0.0010415726918612204,1.3919244918313571e-05,0.0,135514.03371802196,1810.966281978019,137324.99999999997
dry_high_load,5860.0,0.24783856576975943,0.0034219660357704042,6.87271744273408e-08,2.4991699791760287e-10,0.0010415701846604535,1.3921752119080432e-05,0.0,135513.70751813988,1811.2924818600948,137324.99999999997
dry_high_load,5870.0,0.24788294010977163,0.003422013809862493,6.832761999909778e-08,2.484640727239919e-10,0.0010415676920356267,1.3924244743907318e-05,0.0,135513.38321466357,1811.61678533644,137324.99999999997
dry_high_load,5880.0,0.24792705647374746,0.0034220613062136414,6.793038843284393e-08,2.470195943012506e-10,0.0010415652139020007,1.392672287753337e-05,0.0,135513.06079656794,1811.9392034320592,137324.99999999997
dry_high_load,5890.0,0.24797091636146434,0.0034221085264385326,6.75354662243173e-08,2.4558351354297195e-10,0.001041562750175329,1.392918660420508e-05,0.0,135512.74025289214,1812.2597471078589,137325.00000000003
dry_high_load,5900.0,0.2480145212639806,0.0034221554721424632,6.714283994776447e-08,2.441557816282344e-10,0.0010415603007718547,1.393163600767916e-05,0.0,135512.42157273897,1812.5784272610247,137324.99999999997
dry_high_load,5910.0,0.24805787266368612,0.0034222021449213966,6.675249625548397e-08,2.427363500199417e-10,0.0010415578656083086,1.3934071171225403e-05,0.0,135512.10474527464,1812.8952547253898,137324.99999999997
dry_high_load,5920.0,0.24810097203435258,0.003422248546362018,6.636442187737379e-08,2.413251704631774e-10,0.0010415554446019043,1.3936492177629485e-05,0.0,135511.78975972816,1813.2102402718024,137324.99999999997
dry_high_load,5930.0,0.24814382084118397,0.003422294678041788,6.597860362047797e-08,2.399221949835562e-10,0.0010415530376703382,1.3938899109195813e-05,0.0,135511.4766053915,1813.5233946084945,137324.99999999997
dry_high_load,5940.0,0.24818642054086584,0.0034223405415289964,6.559502836854088e-08,2.385273758856032e-10,0.0010415506447317836,1.3941292047750296e-05,0.0,135511.16527161855,1813.834728381443,137324.99999999997
dry_high_load,5950.0,0.24822877258161521,0.003422386138382817,6.521368308155996e-08,2.371406657511271e-10,0.0010415482657048908,1.394367107464314e-05,0.0,135510.85574782526,1814.144252174734,137324.99999999997
dry_high_load,5960.0,0.24827087840322976,0.0034224314701533564,6.483455479534126e-08,2.3576201743760454e-10,0.0010415459005087822,1.3946036270751612e-05,0.0,135510.54802348904,1814.4519765109205,137324.99999999994
dry_high_load,5970.0,0.24831273943713666,0.003422476538381712,6.445763062106088e-08,2.3439138407658496e-10,0.0010415435490630511,1.394838771648279e-05,0.0,135510.2420881486,1814.757911851383,137324.99999999997
dry_high_load,5980.0,0.24835435710644133,0.00342252134460002,6.408289774482514e-08,2.3302871907209134e-10,0.0010415412112877577,1.395072549177629e-05,0.0,135509.9379314033,1815.062068596682,137324.99999999997
dry_high_load,5990.0,0.2483957328259757,0.003422565890331511,6.371034342723607e-08,2.3167397609904023e-10,0.001041538887103427,1.3953049676106995e-05,0.0,135509.6355429131,1815.3644570869133,137324.99999999997
dry_high_load,6000.0,0.24843686800234652,0.0034226101770905588,6.33399550029575e-08,2.303271091016636e-10,0.0010415365764310461,1.3955360348487744e-05,0.0,135509.33491239793,1815.6650876020587,137324.99999999997
dry_high_load,6010.0,0.2484777640339829,0.003422654206382733,6.297171988028543e-08,2.28988072291947e-10,0.001041534279192062,1.3957657587472031e-05,0.0,135509.03602963767,1815.9639703623382,137325.00000000003
dry_high_load,6020.0,0.24851842231118412,0.003422697979704852,6.260562554071832e-08,2.276568201480666e-10,0.0010415319953083772,1.3959941471156663e-05,0.0,135508.73888447144,1816.2611155285524,137324.99999999997
dry_high_load,6030.0,0.2485588442161667,0.003422741498545031,6.224165953853406e-08,2.2633330741285108e-10,0.0010415297247023496,1.3962212077184425e-05,0.0,135508.44346679756,1816.556533202432,137324.99999999997
dry_high_load,6040.0,0.2485990311231114,0.003422784764382734,6.187980950036472e-08,2.250174890922353e-10,0.0010415274672967872,1.3964469482746708e-05,0.0,135508.149766573,1816.8502334269801,137324.99999999997
dry_high_load,6050.0,0.24863898439821028,0.0034228277786888237,6.152006312477515e-08,2.237093204537278e-10,0.0010415252230149478,1.3966713764586155e-05,0.0,135507.8577738132,1817.1422261868133,137324.99999999997
dry_high_load,6060.0,0.24867870539971254,0.003422870542925612,6.116240818184818e-08,2.2240875702490244e-10,0.0010415229917805347,1.3968944998999245e-05,0.0,135507.5674785915,1817.4325214085018,137324.99999999997
dry_high_load,6070.0,0.24871819547797117,0.0034229130585469105,6.080683251276635e-08,2.2111575459187758e-10,0.001041520773517695,1.3971163261838895e-05,0.0,135507.2788710391,1817.7211289609045,137324.99999999997
dry_high_load,6080.0,0.24875745597548865,0.0034229553269980767,6.045332402939922e-08,2.1983026919781533e-10,0.0010415185681510169,1.3973368628517051e-05,0.0,135506.9919413445,1818.0080586555093,137324.99999999997
dry_high_load,6090.0,0.24879648822696265,0.003422997349716067,6.010187071389173e-08,2.1855225714142443e-10,0.0010415163756055266,1.3975561174007229e-05,0.0,135506.7066797532,1818.2933202467605,137324.99999999997
dry_high_load,6100.0,0.2488352935593316,0.0034230391281294837,5.975246061825567e-08,2.172816749754751e-10,0.0010415141958066867,1.3977740972847094e-05,0.0,135506.4230765676,1818.576923432397,137324.99999999997
dry_high_load,6110.0,0.24887387329181931,0.003423080663658623,5.9405081863965054e-08,2.1601847950532743e-10,0.001041512028680393,1.3979908099140963e-05,0.0,135506.14112214622,1818.8588778537767,137324.99999999997
dry_high_load,6120.0,0.2489122287359802,0.003423121957715525,5.9059722641551646e-08,2.1476262778746053e-10,0.0010415098741529717,1.3982062626562338e-05,0.0,135505.8608069038,1819.139193096206,137325.00000000003
dry_high_load,6130.0,0.24895036119574396,0.0034231630117040196,5.871637121020155e-08,2.135140771280056e-10,0.0010415077321511775,1.3984204628356421e-05,0.0,135505.58212131073,1819.417878689267,137324.99999999997
dry_high_load,6140.0,0.2489882719674594,0.003423203827019776,5.837501589735967e-08,2.1227278508130785e-10,0.0010415056026021913,1.3986334177342578e-05,0.0,135505.30505589282,1819.6949441071388,137324.99999999997
dry_high_load,6150.0,0.2490259623399392,0.00342324440505035,5.8035645098327966e-08,2.1103870944846528e-10,0.001041503485433617,1.3988451345916847e-05,0.0,135505.02960123104,1819.970398768923,137324.99999999994
dry_high_load,6160.0,0.2490634335945031,0.003423284747175229,5.7698247275876925e-08,2.0981180827591605e-10,0.0010415013805734794,1.3990556206054369e-05,0.0,135504.755747961,1820.24425203896,137324.99999999994
dry_high_load,6170.0,0.2491006870050217,0.003423324854765883,5.736281095984869e-08,2.085920398539952e-10,0.001041499287950222,1.399264882931185e-05,0.0,135504.48348677284,1820.516513227151,137324.99999999997
dry_high_load,6180.0,0.24913772383796007,0.0034233647291858063,5.702932474676808e-08,2.0737936271552027e-10,0.001041497207492704,1.399472928683e-05,0.0,135504.2128084107,1820.7871915892724,137324.99999999997
dry_high_load,6190.0,0.24917454535242023,0.0034234043717905676,5.669777729945654e-08,2.061737356343874e-10,0.001041495139130198,1.3996797649335938e-05,0.0,135503.9437036727,1821.0562963272914,137324.99999999997
dry_high_load,6200.0,0.24921115280018435,0.0034234437839278553,5.63681573466457e-08,2.0497511762416616e-10,0.0010414930827923885,1.3998853987145599e-05,0.0,135503.67616341033,1821.3238365896766,137325.00000000003
dry_high_load,6210.0,0.2492475474257572,0.003423482966937522,5.6040453682593855e-08,2.037834679367049e-10,0.0010414910384093678,1.4000898370166127e-05,0.0,135503.41017852825,1821.5898214717126,137324.99999999997
dry_high_load,6220.0,0.24928373046640845,0.0034235219221516308,5.5714655166705255e-08,2.0259874606074635e-10,0.0010414890059116358,1.4002930867898257e-05,0.0,135503.14573998417,1821.8542600158064,137325.00000000003
dry_high_load,6230.0,0.24931970315221474,0.0034235606508945015,5.539075072315188e-08,2.0142091172055228e-10,0.0010414869852300953,1.4004951549438668e-05,0.0,135502.8828387882,1822.117161211796,137324.99999999997
dry_high_load,6240.0,0.2493554667061016,0.003423599154482754,5.506872934049525e-08,2.0024992487452816e-10,0.0010414849762960517,1.4006960483482341e-05,0.0,135502.62146600275,1822.378533997257,137324.99999999997
dry_high_load,6250.0,0.2493910223438847,0.0034236374342253542,5.474858007131543e-08,1.9908574571387427e-10,0.001041482979041209,1.4008957738324883e-05,0.0,135502.36161274218,1822.6383872578028,137324.99999999997
dry_high_load,6260.0,0.24942637127431155,0.003423675491423658,5.443029203183514e-08,1.9792833466121868e-10,0.0010414809933976693,1.4010943381864858e-05,0.0,135502.1032701726,1822.8967298273906,137325.00000000003
dry_high_load,6270.0,0.24946151469910255,0.003423713327371456,5.4113854401551325e-08,1.967776523692775e-10,0.001041479019297928,1.4012917481606099e-05,0.0,135501.84642951138,1823.1535704886214,137325.00000000003
dry_high_load,6280.0,0.24949645381299154,0.003423750943355017,5.379925642286814e-08,1.956336597195205e-10,0.001041477056674874,1.401488010465999e-05,0.0,135501.59108202695,1823.408917973035,137325.00000000003
dry_high_load,6290.0,0.24953118980376668,0.0034237883406531317,5.348648740073044e-08,1.9449631782083793e-10,0.0010414751054617863,1.4016831317747752e-05,0.0,135501.3372190386,1823.6627809614101,137324.99999999997
dry_high_load,6300.0,0.24956572385231088,0.003423825520537157,5.317553670225909e-08,1.9336558800821485e-10,0.0010414731655923313,1.4018771187202724e-05,0.0,135501.08483191594,1823.9151680840603,137325.00000000003
dry_high_load,6310.0,0.24960005713264174,0.0034238624842710575,5.2866393756391437e-08,1.9224143184142338e-10,0.0010414712370005613,1.4020699778972598e-05,0.0,135500.83391207884,1824.1660879211229,137324.99999999997
dry_high_load,6320.0,0.24963419081195146,0.0034238992331114505,5.255904805352171e-08,1.9112381110371528e-10,0.0010414693196209124,1.402261715862167e-05,0.0,135500.58445099715,1824.4155490028556,137325.00000000003
dry_high_load,6330.0,0.24966812605064675,0.0034239357683076483,5.2253489145142125e-08,1.9001268780051679e-10,0.001041467413388201,1.4024523391333075e-05,0.0,135500.33644019006,1824.6635598099228,137325.00000000003
dry_high_load,6340.0,0.24970186400238817,0.003423972091101698,5.1949706643488367e-08,1.889080241581395e-10,0.001041465518237623,1.4026418541910994e-05,0.0,135500.08987122634,1824.9101287736864,137325.00000000003
dry_high_load,6350.0,0.2497354058141292,0.0034240082027284287,5.1647690221188097e-08,1.8780978262250215e-10,0.0010414636341047512,1.4028302674782863e-05,0.0,135499.84473572354,1825.1552642764916,137325.00000000003
dry_high_load,6360.0,0.2497687526261554,0.0034240441044154886,5.134742961090773e-08,1.8671792585784625e-10,0.0010414617609255327,1.4030175854001553e-05,0.0,135499.60102534806,1825.398974651951,137325.00000000003
dry_high_load,6370.0,0.24980190557212317,0.0034240797973833894,5.104891460500345e-08,1.8563241674546707e-10,0.0010414598986362865,1.4032038143247569e-05,0.0,135499.35873181478,1825.6412681852296,137325.00000000003
dry_high_load,6380.0,0.24983486577909822,0.003424115282845547,5.0752135055176484e-08,1.8455321838245991e-10,0.001041458047173703,1.4033889605831186e-05,0.0,135499.1178468867,1825.8821531133235,137325.00000000003
dry_high_load,6390.0,0.24986763436759396,0.003424150562008324,5.045708087212496e-08,1.8348029408045438e-10,0.0010414562064748392,1.403573030469463e-05,0.0,135498.87836237464,1826.1216376253453,137324.99999999997
dry_high_load,6400.0,0.24990021245160945,0.0034241856360710684,5.0163742025203825e-08,1.8241360736437752e-10,0.0010414543764771197,1.4037560302414193e-05,0.0,135498.6402701372,1826.359729862796,137324.99999999997
dry_high_load,6410.0,0.24993260113866753,0.003424220506226156,4.987210854208095e-08,1.8135312197120342e-10,0.0010414525571183315,1.403937966120238e-05,0.0,135498.40356208012,1826.5964379198465,137324.99999999997
dry_high_load,6420.0,0.24996480152985212,0.003424255173659031,4.958217050840149e-08,1.8029880184873266e-10,0.001041450748336624,1.4041188442910009e-05,0.0,135498.1682301564,1826.8317698436113,137324.99999999997
dry_high_load,6430.0,0.249996814719846,0.0034242896395482456,4.929391806744739e-08,1.7925061115435412e-10,0.0010414489500705055,1.4042986709028325e-05,0.0,135497.93426636554,1827.0657336344204,137324.99999999997
dry_high_load,6440.0,0.2500286417969677,0.0034243239050654995,4.9007341419805546e-08,1.7820851425383832e-10,0.001041447162258843,1.4044774520691079e-05,0.0,135497.70166275388,1827.2983372460947,137324.99999999997
dry_high_load,6450.0,0.25006028384320894,0.003424357971375682,4.8722430823030895e-08,1.7717247572011233e-10,0.0010414453848408573,1.4046551938676623e-05,0.0,135497.4704114138,1827.5295885862133,137324.99999999997
dry_high_load,6460.0,0.2500917419342708,0.003424391839636909,4.843917659131969e-08,1.7614246033207158e-10,0.001041443617756124,1.4048319023409957e-05,0.0,135497.2405044836,1827.759495516384,137324.99999999997
dry_high_load,6470.0,0.25012301713960094,0.003424425511000565,4.8157569095175956e-08,1.7511843307336707e-10,0.001041441860944569,1.4050075834964797e-05,0.0,135497.01193414745,1827.9880658525105,137324.99999999997
dry_high_load,6480.0,0.2501541105224295,0.0034244589866113386,4.7877598761086894e-08,1.7410035913122505e-10,0.0010414401143464683,1.4051822433065613e-05,0.0,135496.78469263492,1828.2153073650572,137324.99999999997
dry_high_load,6490.0,0.2501850231398053,0.0034244922676072657,4.759925607119696e-08,1.7308820389526166e-10,0.0010414383779024444,1.4053558877089656e-05,0.0,135496.55877222068,1828.4412277793137,137324.99999999997
dry_high_load,6500.0,0.2502157560426321,0.003424525355119765,4.732253156298262e-08,1.720819329563004e-10,0.001041436651553465,1.405528522606898e-05,0.0,135496.33416522434,1828.6658347756584,137324.99999999997
dry_high_load,6510.0,0.2502463102757039,0.0034245582502736775,4.704741582893321e-08,1.7108151210521165e-10,0.0010414349352408415,1.4057001538692453e-05,0.0,135496.11086401017,1828.8891359898178,137324.99999999997
dry_high_load,6520.0,0.2502766868777406,0.003424590954187305,4.677389951623079e-08,1.7008690733174832e-10,0.001041433228906226,1.4058707873307737e-05,0.0,135495.88886098683,1829.1111390131273,137324.99999999994
dry_high_load,6530.0,0.2503068868814236,0.0034246234679724485,4.6501973326428455e-08,1.6909808482337617e-10,0.0010414315324916107,1.4060404287923295e-05,0.0,135495.66814860722,1829.3318513927898,137324.99999999997
dry_high_load,6540.0,0.2503369113134306,0.003424655792734444,4.6231628015138425e-08,1.681150109641397e-10,0.0010414298459393238,1.4062090840210342e-05,0.0,135495.44871936788,1829.5512806321315,137325.00000000003
dry_high_load,6550.0,0.2503667611944705,0.003424687929572203,4.596285439171695e-08,1.6713765233351614e-10,0.0010414281691920292,1.4063767587504817e-05,0.0,135495.23056580912,1829.7694341908566,137324.99999999997
dry_high_load,6560.0,0.2503964375393182,0.003424719879578247,4.5695643318950696e-08,1.6616597570527525e-10,0.0010414265021927247,1.406543458680933e-05,0.0,135495.0136805147,1829.986319485301,137325.00000000003
dry_high_load,6570.0,0.250425941356849,0.0034247516438387477,4.542998571274694e-08,1.651999480463525e-10,0.001041424844884739,1.4067091894795094e-05,0.0,135494.79805611135,1830.2019438886853,137325.00000000003
dry_high_load,6580.0,0.2504552736500731,0.00342478322343356,4.5165872541824405e-08,1.6423953651572507e-10,0.00104142319721173,1.4068739567803862e-05,0.0,135494.58368526862,1830.4163147313648,137324.99999999997
dry_high_load,6590.0,0.2504844354161695,0.003424814619436263,4.490329482740642e-08,1.6328470846329606e-10,0.001041421559117684,1.4070377661849831e-05,0.0,135494.3705606989,1830.6294393010787,137324.99999999997
dry_high_load,6600.0,0.2505134276465201,0.003424845832914193,4.4642243642914304e-08,1.6233543142877927e-10,0.0010414199305469126,1.4072006232621561e-05,0.0,135494.15867515682,1830.841324843199,137325.00000000003
dry_high_load,6610.0,0.250542251326743,0.0034248768649284816,4.4382710113668554e-08,1.613916731406129e-10,0.0010414183114440501,1.407362533548385e-05,0.0,135493.948021439,1831.0519785609733,137324.99999999997
dry_high_load,6620.0,0.25057090743672655,0.003424907716534091,4.412468541658012e-08,1.604534015148368e-10,0.0010414167017540545,1.407523502547963e-05,0.0,135493.73859238424,1831.261407615775,137325.00000000003
dry_high_load,6630.0,0.25059939695066225,0.003424938388779852,4.3868160779856065e-08,1.5952058465402202e-10,0.0010414151014222022,1.4076835357331833e-05,0.0,135493.53038087266,1831.4696191273422,137325.00000000003
dry_high_load,6640.0,0.250627720837078,0.0034249688827084953,4.3613127482699055e-08,1.5859319084617838e-10,0.0010414135103940887,1.4078426385445253e-05,0.0,135493.32337982598,1831.6766201740218,137324.99999999997
dry_high_load,6650.0,0.25065588005887113,0.0034249991993566915,4.3359576855011345e-08,1.576711885636776e-10,0.0010414119286156257,1.408000816390839e-05,0.0,135493.117582207,1831.88241779301,137325.00000000003
dry_high_load,6660.0,0.2506838755733409,0.0034250293397550834,4.310750027710043e-08,1.5675454646218334e-10,0.0010414103560330388,1.4081580746495301e-05,0.0,135492.91298101944,1832.0870189805917,137325.00000000003
dry_high_load,6670.0,0.25071170833222134,0.0034250593049283224,4.2856889179383624e-08,1.558432333795768e-10,0.0010414087925928665,1.4083144186667416e-05,0.0,135492.70956930763,1832.2904306923763,137324.99999999997
dry_high_load,6680.0,0.25073937928171347,0.003425089095895103,4.2607735042100103e-08,1.5493721833490945e-10,0.0010414072382419585,1.4084698537575364e-05,0.0,135492.50734015644,1832.4926598435388,137324.99999999997
dry_high_load,6690.0,0.2507668893625172,0.0034251187136681975,4.2360029395020554e-08,1.5403647052734745e-10,0.0010414056929274735,1.4086243852060765e-05,0.0,135492.306286691,1832.6937133090494,137325.00000000003
dry_high_load,6700.0,0.2507942395098638,0.003425148159254489,4.2113763817156444e-08,1.5314095933511433e-10,0.001041404156596876,1.4087780182658052e-05,0.0,135492.1064020761,1832.8935979239106,137325.00000000003
dry_high_load,6710.0,0.2508214306535473,0.003425177433655009,4.1868929936477955e-08,1.5225065431446527e-10,0.0010414026291979378,1.408930758159623e-05,0.0,135491.90767951662,1833.0923204833887,137324.99999999997
dry_high_load,6720.0,0.2508484637179564,0.0034252065378649684,4.162551942962494e-08,1.5136552519863611e-10,0.0010414011106787333,1.409082610080067e-05,0.0,135491.71011225675,1833.289887743245,137324.99999999997
dry_high_load,6730.0,0.25087533962210556,0.0034252354728737918,4.138352402162802e-08,1.5048554189682916e-10,0.001041399600987639,1.4092335791894866e-05,0.0,135491.51369358003,1833.4863064199644,137324.99999999994
dry_high_load,6740.0,0.25090205927966663,0.0034252642396651527,4.114293548562444e-08,1.4961067449317977e-10,0.0010413981000733318,1.4093836706202196e-05,0.0,135491.318416809,1833.6815831909864,137324.99999999997
dry_high_load,6750.0,0.25092862359899953,0.003425292839217005,4.090374564257977e-08,1.487408932457446e-10,0.0010413966078847865,1.4095328894747657e-05,0.0,135491.12427530508,1833.875724694929,137325.00000000003
dry_high_load,6760.0,0.25095503348318354,0.003425321272501617,4.0665946361008424e-08,1.4787616858548515e-10,0.0010413951243712744,1.4096812408259614e-05,0.0,135490.93126246816,1834.0687375318162,137325.00000000003
dry_high_load,6770.0,0.25098128983004747,0.003425349540485606,4.0429529556700266e-08,1.4701647111527368e-10,0.0010413936494823627,1.4098287297171502e-05,0.0,135490.73937173674,1834.260628263301,137325.00000000003
dry_high_load,6780.0,0.2510073935322007,0.0034253776441299684,4.019448719244214e-08,1.461617716088805e-10,0.0010413921831679105,1.4099753611623567e-05,0.0,135490.5485965871,1834.4514034128908,137324.99999999997
dry_high_load,6790.0,0.25103334547706313,0.0034254055843901143,3.996081127774769e-08,1.453120410099916e-10,0.0010413907253780696,1.4101211401464552e-05,0.0,135490.35893053387,1834.6410694661663,137325.00000000003
dry_high_load,6800.0,0.2510591465468959,0.003425433362215899,3.972849386858182e-08,1.4446725043120659e-10,0.0010413892760632805,1.4102660716253403e-05,0.0,135490.17036712897,1834.8296328710055,137324.99999999997
dry_high_load,6810.0,0.25108479761883046,0.003425460978551656,3.9497527067096265e-08,1.436273711530773e-10,0.001041387835174273,1.4104101605260945e-05,0.0,135489.98289996217,1835.017100037798,137324.99999999997
dry_high_load,6820.0,0.2511102995648994,0.003425488434336229,3.926790302135595e-08,1.427923746231125e-10,0.0010413864026620624,1.4105534117471556e-05,0.0,135489.79652266033,1835.2034773396674,137324.99999999997
dry_high_load,6830.0,0.2511356532520654,0.0034255157305030028,3.9039613925074735e-08,1.419622324548172e-10,0.001041384978477949,1.4106958301584847e-05,0.0,135489.61122888728,1835.388771112687,137324.99999999997
dry_high_load,6840.0,0.2511608595422511,0.003425542867979937,3.8812652017347976e-08,1.411369164267199e-10,0.0010413835625735167,1.4108374206017302e-05,0.0,135489.42701234392,1835.5729876560938,137325.00000000003
dry_high_load,6850.0,0.2511859192923681,0.003425569847689595,3.858700958239204e-08,1.403163984814256e-10,0.00104138215490063,1.410978187890393e-05,0.0,135489.24386676747,1835.7561332325024,137324.99999999997
dry_high_load,6860.0,0.25121083335434624,0.003425596670549178,3.8362678949279413e-08,1.3950065072465239e-10,0.0010413807554114339,1.4111181368099898e-05,0.0,135489.06178593184,1835.9382140681198,137324.99999999994
dry_high_load,6870.0,0.2512356025751626,0.003425623337470555,3.813965249167844e-08,1.3868964542428522e-10,0.0010413793640583517,1.4112572721182164e-05,0.0,135488.880763647,1836.119236352956,137324.99999999997
dry_high_load,6880.0,0.25126022779687024,0.003425649849360292,3.79179226275937e-08,1.3788335500943161e-10,0.001041377980794083,1.411395598545109e-05,0.0,135488.70079375897,1836.2992062410349,137324.99999999997
dry_high_load,6890.0,0.2512847098566268,0.0034256762071196863,3.769748181910918e-08,1.370817520694879e-10,0.0010413766055716019,1.4115331207932052e-05,0.0,135488.5218701494,1836.4781298506025,137324.99999999997
dry_high_load,6900.0,0.2513090495867231,0.003425702411644795,3.747832257213115e-08,1.3628480935320415e-10,0.001041375238344157,1.4116698435377037e-05,0.0,135488.34398673568,1836.656013264336,137324.99999999997
dry_high_load,6910.0,0.25133324781461136,0.003425728463826466,3.726043743613303e-08,1.3549249976775646e-10,0.0010413738790652676,1.4118057714266239e-05,0.0,135488.16713747042,1836.8328625295508,137324.99999999997
dry_high_load,6920.0,0.251357305362933,0.003425754364550367,3.70438190039053e-08,1.3470479637783743e-10,0.0010413725276887244,1.4119409090809622e-05,0.0,135487.9913163416,1837.0086836584042,137324.99999999997
dry_high_load,6930.0,0.2513812230495472,0.0034257801146970177,3.6828459911299046e-08,1.3392167240472378e-10,0.0010413711841685855,1.412075261094851e-05,0.0,135487.81651737192,1837.183482628101,137324.99999999997
dry_high_load,6940.0,0.25140500168755825,0.003425805715141819,3.661435283697863e-08,1.3314310122537683e-10,0.001041369848459177,1.4122088320357134e-05,0.0,135487.6427346189,1837.3572653810982,137325.00000000003
dry_high_load,6950.0,0.25142864208534343,0.0034258311667550822,3.6401490502172046e-08,1.323690563715347e-10,0.0010413685205150896,1.4123416264444204e-05,0.0,135487.46996217465,1837.530037825304,137324.99999999994
dry_high_load,6960.0,0.2514521450465804,0.003425856470402059,3.618986567042292e-08,1.315995115288106e-10,0.0010413672002911795,1.4124736488354432e-05,0.0,135487.29819416572,1837.701805834281,137324.99999999997
dry_high_load,6970.0,0.25147551137027463,0.0034258816269429706,3.5979471147344474e-08,1.3083444053579805e-10,0.0010413658877425637,1.4126049036970078e-05,0.0,135487.12742475254,1837.8725752474454,137324.99999999997
dry_high_load,6980.0,0.25149874185078624,0.0034259066372330374,3.577029978037705e-08,1.3007381738318924e-10,0.0010413645828246216,1.412735395491247e-05,0.0,135486.95764812973,1838.0423518702642,137325.00000000003
dry_high_load,6990.0,0.2515218372778574,0.0034259315021225078,3.5562344458542465e-08,1.2931761621288167e-10,0.0010413632854929906,1.4128651286543528e-05,0.0,135486.78885852554,1838.2111414744545,137325.00000000003
dry_high_load,7000.0,0.25154479843663896,0.003425956222456687,3.5355598112202206e-08,1.285658113170989e-10,0.0010413619957035667,1.4129941075967265e-05,0.0,135486.6210502018,1838.378949798178,137324.99999999997
dry_high_load,7010.0,0.2515676261077172,0.0034259807990759663,3.515005371282002e-08,1.2781837713752732e-10,0.0010413607134125025,1.4131223367031291e-05,0.0,135486.45421745372,1838.5457825462374,137324.99999999997
dry_high_load,7020.0,0.2515903210671404,0.003426005232815852,3.494570427271926e-08,1.2707528826443368e-10,0.001041359438576206,1.41324982033283e-05,0.0,135486.28835460974,1838.711645390269,137325.00000000003
dry_high_load,7030.0,0.25161288408644517,0.0034260295245069905,3.4742542844847194e-08,1.2633651943580795e-10,0.0010413581711513364,1.4133765628197563e-05,0.0,135486.12345603108,1838.8765439689382,137324.99999999997
dry_high_load,7040.0,0.2516353159326826,0.0034260536749752017,3.4540562522539725e-08,1.2560204553650807e-10,0.0010413569110948077,1.413502568472638e-05,0.0,135485.95951611188,1839.0404838881268,137325.00000000003
dry_high_load,7050.0,0.2516576173684445,0.0034260776850415036,3.433975643928573e-08,1.2487184159740263e-10,0.0010413556583637826,1.4136278415751562e-05,0.0,135485.79652927892,1839.203470721127,137325.00000000003
dry_high_load,7060.0,0.2516797891518892,0.003426101555522141,3.414011776849199e-08,1.2414588279451633e-10,0.0010413544129156732,1.4137523863860887e-05,0.0,135485.63448999118,1839.365510008831,137325.00000000003
dry_high_load,7070.0,0.2517018320367676,0.0034261252872286136,3.3941639723252596e-08,1.2342414444819123e-10,0.0010413531747081395,1.413876207139454e-05,0.0,135485.47339274007,1839.5266072599172,137325.00000000003
dry_high_load,7080.0,0.25172374677244824,0.003426148880967703,3.3744315556119606e-08,1.227066020222531e-10,0.0010413519436990874,1.4139993080446557e-05,0.0,135485.31323204894,1839.6867679510392,137324.99999999997
dry_high_load,7090.0,0.2517455341039433,0.0034261723375415003,3.354813855887181e-08,1.219932311231702e-10,0.0010413507198466679,1.414121693286625e-05,0.0,135485.15400247302,1839.8459975270102,137325.00000000003
dry_high_load,7100.0,0.2517671947719337,0.003426195657747434,3.3353102062286244e-08,1.212840074992227e-10,0.0010413495031092743,1.4142433670259638e-05,0.0,135484.995698599,1840.0043014009905,137324.99999999997
dry_high_load,7110.0,0.2517887295127943,0.0034262188423782973,3.315919943591372e-08,1.2057890703968625e-10,0.0010413482934455434,1.414364333399086e-05,0.0,135484.83831504534,1840.1616849546695,137325.00000000003
dry_high_load,7120.0,0.25181013905861893,0.003426241892222273,3.2966424087850983e-08,1.1987790577400355e-10,0.0010413470908143504,1.4144845965183576e-05,0.0,135484.68184646152,1840.3181535384501,137324.99999999997
dry_high_load,7130.0,0.25183142413724535,0.003426264808062962,3.2774769464517934e-08,1.191809798709743e-10,0.0010413458951748116,1.414604160472237e-05,0.0,135484.52628752834,1840.4737124716296,137324.99999999997
dry_high_load,7140.0,0.25185258547228,0.003426287590679411,3.2584229050433803e-08,1.1848810563794108e-10,0.0010413447064862799,1.414723029325414e-05,0.0,135484.37163295742,1840.628367042581,137325.00000000003
dry_high_load,7150.0,0.25187362378312234,0.0034263102408461357,3.239479636799841e-08,1.177992595199942e-10,0.0010413435247083444,1.4148412071189473e-05,0.0,135484.21787749103,1840.7821225089322,137324.99999999997
dry_high_load,7160.0,0.25189453978498966,0.00342633275933315,3.220646497726832e-08,1.171144180991575e-10,0.00104134234980083,1.4149586978704028e-05,0.0,135484.06501590228,1840.934984097746,137325.00000000003
dry_high_load,7170.0,0.25191533418894124,0.003426355146905991,3.20192284757396e-08,1.1643355809359851e-10,0.001041341181723794,1.4150755055739896e-05,0.0,135483.91304299427,1841.0869570056966,137324.99999999997
dry_high_load,7180.0,0.2519360077019025,0.0034263774043257465,3.183308049813054e-08,1.1575665635683831e-10,0.0010413400204375269,1.4151916342006959e-05,0.0,135483.76195360074,1841.238046399246,137324.99999999997
dry_high_load,7190.0,0.25195656102668895,0.003426399532349077,3.1648014716165236e-08,1.1508368987696447e-10,0.0010413388659025497,1.4153070876984239e-05,0.0,135483.61174258517,1841.388257414821,137324.99999999997
dry_high_load,7200.0,0.2519769948620303,0.0034264215317282463,3.146402483835804e-08,1.1441463577584739e-10,0.0010413377180796127,1.415421869992124e-05,0.0,135483.462404841,1841.537595158987,137324.99999999997
dry_high_load,7210.0,0.25199730990259417,0.0034264434032111445,3.128110460979795e-08,1.1374947130835618e-10,0.0010413365769296947,1.4155359849839296e-05,0.0,135483.31393529137,1841.6860647086216,137324.99999999997
dry_high_load,7220.0,0.2520175068390094,0.003426465147541312,3.1099247811940295e-08,1.1308817386160105e-10,0.001041335442414001,1.4156494365532868e-05,0.0,135483.16632888888,1841.8336711110874,137324.99999999997
dry_high_load,7230.0,0.25203758635789014,0.0034264867654579694,3.0918448262390475e-08,1.1243072095414716e-10,0.001041334314493963,1.4157622285570897e-05,0.0,135483.01958061557,1841.9804193844045,137324.99999999997
dry_high_load,7240.0,0.25205754914185846,0.0034265082576960372,3.073869981469711e-08,1.117770902352622e-10,0.0010413331931312358,1.4158743648298082e-05,0.0,135482.87368548257,1842.1263145174178,137324.99999999997
dry_high_load,7250.0,0.25207739586956807,0.0034265296249861646,3.055999635814259e-08,1.1112725948415487e-10,0.001041332078287698,1.4159858491836215e-05,0.0,135482.72863853004,1842.2713614699703,137325.00000000003
dry_high_load,7260.0,0.25209712721572725,0.003426550868054753,3.038233181753367e-08,1.1048120660921334e-10,0.0010413309699254484,1.416096685408545e-05,0.0,135482.5844348269,1842.4155651730712,137324.99999999997
dry_high_load,7270.0,0.25211674385112176,0.0034265719876239806,3.020570015299604e-08,1.098389096472583e-10,0.0010413298680068085,1.4162068772725612e-05,0.0,135482.44106947095,1842.5589305290603,137325.00000000003
dry_high_load,7280.0,0.2521362464426376,0.0034265929844118264,3.00300953597704e-08,1.0920034676280144e-10,0.0010413287724943163,1.4163164285217462e-05,0.0,135482.29853758818,1842.7014624117785,137324.99999999994
dry_high_load,7290.0,0.2521556356532839,0.003426613859132097,2.985551146800434e-08,1.0856549624728848e-10,0.0010413276833507298,1.416425342880399e-05,0.0,135482.15683433323,1842.8431656667333,137324.99999999997
dry_high_load,7300.0,0.25217491214221505,0.0034266346124944475,2.9681942542555773e-08,1.0793433651838461e-10,0.0010413266005390223,1.4165336240511653e-05,0.0,135482.01595488875,1842.9840451112589,137324.99999999997
dry_high_load,7310.0,0.2521940765647536,0.0034266552452044087,2.950938268278292e-08,1.0730684611921061e-10,0.0010413255240223822,1.4166412757151662e-05,0.0,135481.87589446528,1843.1241055346861,137324.99999999997
dry_high_load,7320.0,0.2522131295724122,0.0034266757579634083,2.9337826022351583e-08,1.0668300371764211e-10,0.0010413244537642128,1.4167483015321216e-05,0.0,135481.73664830148,1843.2633516985009,137324.99999999997
dry_high_load,7330.0,0.2522320718129158,0.0034266961514687975,2.9167266729031012e-08,1.060627881055673e-10,0.0010413233897281291,1.4168547051404753e-05,0.0,135481.59821166348,1843.4017883365082,137324.99999999997
dry_high_load,7340.0,0.2522509039302237,0.0034267164264138728,2.8997699004496977e-08,1.0544617819817081e-10,0.0010413223318779588,1.416960490157518e-05,0.0,135481.460579845,1843.5394201549923,137324.99999999997
dry_high_load,7350.0,0.25226962656455165,0.0034267365834878996,2.882911708413356e-08,1.0483315303321294e-10,0.0010413212801777389,1.4170656601795123e-05,0.0,135481.3237481671,1843.676251832877,137324.99999999997
dry_high_load,7360.0,0.25228824035239333,0.0034267566233761376,2.866151523683897e-08,1.0422369177032352e-10,0.001041320234591716,1.417170218781812e-05,0.0,135481.18771197813,1843.8122880218848,137325.00000000003
dry_high_load,7370.0,0.2523067459265418,0.0034267765467598603,2.8494887764832428e-08,1.0361777369029972e-10,0.001041319195084344,1.417274169518985e-05,0.0,135481.0524666533,1843.9475333466937,137324.99999999997
dry_high_load,7380.0,0.25232514391611177,0.0034267963543163833,2.832922900345277e-08,1.030153781943737e-10,0.0010413181616202847,1.4173775159249356e-05,0.0,135480.91800759494,1844.081992405097,137325.00000000003
dry_high_load,7390.0,0.2523434349465602,0.0034268160467190827,2.8164533320975288e-08,1.0241648480354648e-10,0.0010413171341644037,1.4174802615130221e-05,0.0,135480.78433023184,1844.215669768157,137324.99999999997
dry_high_load,7400.0,0.2523616196397079,0.0034268356246374204,2.8000795118415005e-08,1.0182107315787273e-10,0.0010413161126817724,1.4175824097761778e-05,0.0,135480.65143001964,1844.3485699803618,137325.00000000003
dry_high_load,7410.0,0.25237969861376075,0.003426855088736966,2.7838008829335878e-08,1.0122912301576681e-10,0.0010413150971376637,1.4176839641870296e-05,0.0,135480.51930244023,1844.4806975597803,137324.99999999997
dry_high_load,7420.0,0.2523976724833305,0.00342687443967942,2.767616891966551e-08,1.0064061425332911e-10,0.0010413140874975537,1.4177849281980154e-05,0.0,135480.38794300176,1844.6120569982136,137324.99999999997
dry_high_load,7430.0,0.25241554185945586,0.003426893678122636,2.751526988750266e-08,1.0005552686364602e-10,0.001041313083727119,1.4178853052415023e-05,0.0,135480.25734723866,1844.7426527613502,137325.00000000003
dry_high_load,7440.0,0.25243330734962316,0.0034269128047206433,2.73553062629326e-08,9.947384095611853e-11,0.001041312085792235,1.4179850987299028e-05,0.0,135480.12751071109,1844.872489288917,137325.00000000003
dry_high_load,7450.0,0.25245096955778706,0.003426931820123669,2.719627260784054e-08,9.889553675578377e-11,0.0010413110936589763,1.4180843120557907e-05,0.0,135479.99842900518,1845.0015709948286,137325.00000000003
dry_high_load,7460.0,0.2524685290843909,0.0034269507249781585,2.7038163515728255e-08,9.83205946026482e-11,0.0010413101072936138,1.4181829485920165e-05,0.0,135479.87009773264,1845.1299022673397,137324.99999999997
dry_high_load,7470.0,0.2524859865263875,0.003426969519926801,2.688097361152647e-08,9.774899495100534e-11,0.0010413091266626158,1.418281011691823e-05,0.0,135479.7425125308,1845.2574874691934,137324.99999999997
dry_high_load,7480.0,0.252503342477259,0.003426988205608548,2.6724697551416763e-08,9.718071836878822e-11,0.0010413081517326446,1.4183785046889574e-05,0.0,135479.61566906224,1845.3843309377694,137325.00000000003
dry_high_load,7490.0,0.25252059752703737,0.0034270067826586382,2.6569330022646283e-08,9.661574553689557e-11,0.0010413071824705562,1.4184754308977864e-05,0.0,135479.48956301477,1845.5104369852306,137325.00000000003
dry_high_load,7500.0,0.25253775226232433,0.0034270252517086142,2.641486574334987e-08,9.605405724854497e-11,0.0010413062188433999,1.4185717936134081e-05,0.0,135479.36419010133,1845.6358098986716,137324.99999999997
dry_high_load,7510.0,0.2525548072663113,0.0034270436133863502,2.626129946236794e-08,9.549563440861067e-11,0.0010413052608184165,1.418667596111764e-05,0.0,135479.23954605978,1845.760453940263,137325.00000000003
dry_high_load,7520.0,0.2525717631187993,0.0034270618683160683,2.6108625959069468e-08,9.494045803297986e-11,0.0010413043083630366,1.4187628416497506e-05,0.0,135479.11562665258,1845.8843733473964,137325.00000000003
dry_high_load,7530.0,0.2525886203962185,0.0034270800171183617,2.595684004317515e-08,9.438850924790962e-11,0.0010413033614448805,1.4188575334653297e-05,0.0,135478.99242766714,1846.0075723328293,137324.99999999994
dry_high_load,7540.0,0.252605379671648,0.0034270980604102167,2.5805936554578906e-08,9.383976928937783e-11,0.0010413024200317577,1.418951674777639e-05,0.0,135478.8699449152,1846.130055084828,137325.00000000003
dry_high_load,7550.0,0.25262204151483514,0.0034271159988050314,2.5655910363174236e-08,9.329421950245175e-11,0.001041301484091663,1.4190452687871017e-05,0.0,135478.7481742327,1846.2518257673087,137324.99999999997
dry_high_load,7560.0,0.25263860649221515,0.003427133832912639,2.5506756368678667e-08,9.275184134064969e-11,0.0010413005535927786,1.4191383186755347e-05,0.0,135478.62711148002,1846.3728885199814,137324.99999999997
dry_high_load,7570.0,0.25265507516693,0.003427151563339327,2.5358469500461597e-08,9.221261636531489e-11,0.0010412996285034716,1.4192308276062564e-05,0.0,135478.50675254152,1846.4932474584887,137325.00000000003
dry_high_load,7580.0,0.2526714480988478,0.0034271691906878573,2.5211044717371077e-08,9.167652624498572e-11,0.001041298708792292,1.4193227987241954e-05,0.0,135478.38709332544,1846.612906674546,137324.99999999997
dry_high_load,7590.0,0.25268772584458193,0.0034271867155574887,2.506447700756165e-08,9.114355275476963e-11,0.001041297794427974,1.419414235155997e-05,0.0,135478.26812976392,1846.7318702360815,137324.99999999997
dry_high_load,7600.0,0.25270390895750966,0.003427204138543996,2.491876138832643e-08,9.061367777573245e-11,0.0010412968853794327,1.4195051400101286e-05,0.0,135478.1498578126,1846.8501421873736,137324.99999999997
dry_high_load,7610.0,0.2527199979877912,0.003427221460239689,2.4773892905924937e-08,9.008688329427249e-11,0.001041295981615764,1.4195955163769868e-05,0.0,135478.03227345078,1846.9677265491898,137324.99999999997
dry_high_load,7620.0,0.2527359934823884,0.0034272386812334364,2.4629866635416238e-08,8.956315140151357e-11,0.001041295083106244,1.4196853673290018e-05,0.0,135477.91537268108,1847.0846273189209,137324.99999999997
dry_high_load,7630.0,0.2527518959850832,0.0034272558021106814,2.4486677680490804e-08,8.904246429269382e-11,0.0010412941898203265,1.4197746959207415e-05,0.0,135477.79915152927,1847.2008484707194,137324.99999999997
dry_high_load,7640.0,0.2527677060364962,0.0034272728234534646,2.4344321173305134e-08,8.852480426656411e-11,0.0010412933017276437,1.4198635051890155e-05,0.0,135477.68360604433,1847.3163939556327,137324.99999999997
dry_high_load,7650.0,0.25278342417410493,0.003427289745840443,2.420279227431552e-08,8.80101537247837e-11,0.0010412924187980042,1.419951798152979e-05,0.0,135477.56873229824,1847.4312677017392,137324.99999999997
dry_high_load,7660.0,0.2527990509322624,0.003427306569846908,2.406208617211351e-08,8.749849517132185e-11,0.0010412915410013916,1.4200395778142345e-05,0.0,135477.45452638573,1847.5454736142797,137324.99999999997
dry_high_load,7670.0,0.252814586842215,0.003427323296044809,2.3922198083262013e-08,8.698981121186186e-11,0.0010412906683079646,1.4201268471569347e-05,0.0,135477.3409844242,1847.6590155757926,137324.99999999997
dry_high_load,7680.0,0.25283003243212077,0.0034273399250027677,2.3783123252132874e-08,8.648408455321045e-11,0.001041289800688055,1.4202136091478836e-05,0.0,135477.22810255375,1847.7718974462448,137324.99999999997
dry_high_load,7690.0,0.2528453882270671,0.003427356457286102,2.3644856950745307e-08,8.598129800271019e-11,0.0010412889381121676,1.4202998667366369e-05,0.0,135477.11587693685,1847.8841230631608,137324.99999999997
dry_high_load,7700.0,0.2528606547490886,0.0034273728934568425,2.3507394478607496e-08,8.54814344676636e-11,0.0010412880805509778,1.4203856228556024e-05,0.0,135477.0043037582,1847.9956962417577,137324.99999999997
dry_high_load,7710.0,0.2528758325171852,0.003427389234073752,2.337073116255185e-08,8.4984476954734e-11,0.0010412872279753327,1.4204708804201408e-05,0.0,135476.89337922493,1848.10662077507,137325.00000000003
dry_high_load,7720.0,0.2528909220473395,0.003427405479692345,2.3234862356579786e-08,8.449040856938102e-11,0.0010412863803562474,1.4205556423286633e-05,0.0,135476.78309956595,1848.2169004340824,137324.99999999997
dry_high_load,7730.0,0.2529059238525343,0.0034274216308649076,2.3099783441702902e-08,8.399921251528326e-11,0.0010412855376649066,1.4206399114627313e-05,0.0,135476.67346103216,1848.3265389678565,137324.99999999997
dry_high_load,7740.0,0.25292083844277014,0.003427437688140513,2.2965489825786073e-08,8.351087209376752e-11,0.0010412846998726626,1.4207236906871536e-05,0.0,135476.56445989636,1848.4355401036576,137325.00000000003
dry_high_load,7750.0,0.2529356663250826,0.003427453652065044,2.2831976943391172e-08,8.302537070324061e-11,0.0010412838669510332,1.4208069828500838e-05,0.0,135476.45609245292,1848.5439075470822,137324.99999999997
dry_high_load,7760.0,0.25295040800355956,0.0034274695231812096,2.2699240255620787e-08,8.254269183862103e-11,0.0010412830388717028,1.420889790783118e-05,0.0,135476.3483550178,1848.651644982184,137324.99999999997
dry_high_load,7770.0,0.25296506397935825,0.003427485302028563,2.256727524996703e-08,8.206281909078919e-11,0.0010412822156065202,1.4209721173013896e-05,0.0,135476.2412439284,1848.7587560715983,137325.00000000003
dry_high_load,7780.0,0.25297963475072244,0.003427500989143521,2.2436077440154415e-08,8.158573614601605e-11,0.0010412813971274976,1.4210539652036666e-05,0.0,135476.13475554337,1848.8652444566683,137325.00000000003
dry_high_load,7790.0,0.2529941208129994,0.003427516585059382,2.2305642365988444e-08,8.111142678541252e-11,0.0010412805834068095,1.4211353372724464e-05,0.0,135476.02888624242,1848.9711137575673,137324.99999999997
dry_high_load,7800.0,0.2530085226586563,0.0034275320903063436,2.2175965593206745e-08,8.063987488438815e-11,0.0010412797744167935,1.4212162362740488e-05,0.0,135475.92363242657,1849.0763675734229,137324.99999999997
dry_high_load,7810.0,0.25302284077729764,0.003427547505411522,2.2047042713324276e-08,8.017106441208826e-11,0.001041278970129947,1.4212966649587116e-05,0.0,135475.81899051755,1849.1810094824366,137325.00000000003
dry_high_load,7820.0,0.2530370756556813,0.003427562830898968,2.1918869343486578e-08,7.970497943086028e-11,0.0010412781705189272,1.4213766260606842e-05,0.0,135475.714956958,1849.2850430420096,137325.00000000003
dry_high_load,7830.0,0.2530512277777354,0.0034275780672896852,2.1791441126318577e-08,7.924160409570392e-11,0.0010412773755565509,1.4214561222983196e-05,0.0,135475.61152821113,1849.3884717888611,137325.00000000003
dry_high_load,7840.0,0.2530652976245748,0.0034275932151016505,2.1664753729777415e-08,7.878092265373605e-11,0.0010412765852157921,1.4215351563741677e-05,0.0,135475.5087007608,1849.491299239149,137324.99999999994
dry_high_load,7850.0,0.25307928567451715,0.003427608274849827,2.1538802847005486e-08,7.83229194436563e-11,0.0010412757994697833,1.4216137309750664e-05,0.0,135475.4064711114,1849.5935288885892,137324.99999999997
dry_high_load,7860.0,0.2530931924030994,0.0034276232470461855,2.1413584196184115e-08,7.786757889521496e-11,0.0010412750182918116,1.4216918487722335e-05,0.0,135475.30483578742,1849.6951642125755,137324.99999999997
dry_high_load,7870.0,0.25310701828309407,0.00342763813219972,2.128909352038596e-08,7.741488552867621e-11,0.0010412742416553206,1.4217695124213576e-05,0.0,135475.2037913337,1849.7962086662974,137325.00000000003
dry_high_load,7880.0,0.2531207637845249,0.003427652930816465,2.1165326587432922e-08,7.696482395430152e-11,0.001041273469533907,1.4218467245626876e-05,0.0,135475.10333431512,1849.8966656848559,137324.99999999997
dry_high_load,7890.0,0.25313442937468317,0.003427667643399514,2.1042279189752576e-08,7.651737887182754e-11,0.0010412727019013226,1.421923487821123e-05,0.0,135475.00346131658,1849.9965386833821,137324.99999999997
dry_high_load,7900.0,0.25314801551814364,0.0034276822704490347,2.0919947144230783e-08,7.60725350699301e-11,0.0010412719387314711,1.4219998048063037e-05,0.0,135474.90416894286,1850.0958310571536,137325.00000000003
dry_high_load,7910.0,0.25316152267677994,0.0034276968124622876,2.079832629207532e-08,7.563027742572843e-11,0.0010412711799984069,1.4220756781126973e-05,0.0,135474.8054538183,1850.1945461817074,137324.99999999997
dry_high_load,7920.0,0.25317495130978085,0.0034277112699336422,2.0677412498669346e-08,7.519059090425216e-11,0.001041270425676337,1.422151110319689e-05,0.0,135474.70731258704,1850.292687412959,137324.99999999997
dry_high_load,7930.0,0.25318830187366526,0.003427725643354594,2.0557201653435445e-08,7.475346055794707e-11,0.0010412696757396173,1.4222261039916671e-05,0.0,135474.6097419127,1850.3902580873105,137324.99999999997
dry_high_load,7940.0,0.25320157482229827,0.0034277399332137805,2.0437689669692065e-08,7.431887152615295e-11,0.0010412689301627527,1.4223006616781129e-05,0.0,135474.51273847822,1850.4872615217694,137324.99999999997
dry_high_load,7950.0,0.2532147706069064,0.003427754139997,2.0318872484515443e-08,7.38868090346016e-11,0.0010412681889203973,1.4223747859136856e-05,0.0,135474.41629898598,1850.5837010140604,137325.00000000003
dry_high_load,7960.0,0.2532278896760927,0.0034277682641872245,2.020074605860387e-08,7.345725839492314e-11,0.0010412674519873508,1.422448479218308e-05,0.0,135474.32042015725,1850.679579842734,137324.99999999997
dry_high_load,7970.0,0.25324093247585244,0.00342778230626462,2.008330637613772e-08,7.303020500413714e-11,0.0010412667193385615,1.4225217440972544e-05,0.0,135474.2250987327,1850.7749012672823,137325.00000000003
dry_high_load,7980.0,0.25325389944958776,0.003427796266706559,1.996654944464456e-08,7.260563434416202e-11,0.0010412659909491218,1.422594583041233e-05,0.0,135474.13033147177,1850.8696685282466,137325.00000000003
dry_high_load,7990.0,0.25326679103812333,0.0034278101459876416,1.9850471294861086e-08,7.218353198131303e-11,0.0010412652667942694,1.4226669985264727e-05,0.0,135474.03611515267,1850.9638848473298,137325.00000000003
dry_high_load,8000.0,0.2532796076797208,0.0034278239445797057,1.9735067980601827e-08,7.176388356582481e-11,0.001041264546849386,1.4227389930148062e-05,0.0,135473.94244657247,1851.0575534275047,137324.99999999997
dry_high_load,8010.0,0.253292349810094,0.003427837662951848,1.9620335578621928e-08,7.134667483135246e-11,0.0010412638310899965,1.422810568953754e-05,0.0,135473.84932254688,1851.1506774531226,137324.99999999997
dry_high_load,8020.0,0.25330501786242376,0.0034278513015704374,1.9506270188485017e-08,7.093189159449096e-11,0.0010412631194917678,1.4228817287766083e-05,0.0,135473.75673990996,1851.2432600900233,137324.99999999997
dry_high_load,8030.0,0.2533176122673724,0.0034278648608991316,1.9392867932430214e-08,7.051951975429169e-11,0.001041262412030509,1.422952474902514e-05,0.0,135473.66469551434,1851.3353044856408,137325.00000000003
dry_high_load,8040.0,0.2533301334530987,0.003427878341398893,1.928012495524106e-08,7.010954529178565e-11,0.0010412617086821682,1.4230228097365527e-05,0.0,135473.57318623085,1851.4268137691115,137324.99999999994
dry_high_load,8050.0,0.2533425818452721,0.0034278917435280037,1.916803742411316e-08,6.970195426950239e-11,0.0010412610094228357,1.4230927356698236e-05,0.0,135473.4822089486,1851.5177910513796,137324.99999999997
dry_high_load,8060.0,0.2533549578670875,0.0034279050677420817,1.905660152852523e-08,6.929673283100083e-11,0.0010412603142287385,1.4231622550795245e-05,0.0,135473.39176057468,1851.6082394253037,137324.99999999994
dry_high_load,8070.0,0.25336726193927944,0.003427918314494097,1.8945813480109074e-08,6.889386720039662e-11,0.0010412596230762437,1.4232313703290336e-05,0.0,135473.30183803424,1851.698161965762,137325.00000000003
dry_high_load,8080.0,0.2533794944801365,0.003427931484234384,1.883566951251935e-08,6.849334368188853e-11,0.0010412589359418542,1.4233000837679893e-05,0.0,135473.21243827025,1851.7875617297561,137325.00000000003
dry_high_load,8090.0,0.2533916559055155,0.003427944577410662,1.8726165881308845e-08,6.809514865930488e-11,0.0010412582528022101,1.4233683977323697e-05,0.0,135473.12355824347,1851.8764417565155,137324.99999999997
dry_high_load,8100.0,0.25340374662885556,0.0034279575944680444,1.861729886379677e-08,6.769926859562461e-11,0.0010412575736340882,1.4234363145445726e-05,0.0,135473.0351949324,1851.964805067601,137324.99999999997
dry_high_load,8110.0,0.2534157670611921,0.00342797053584906,1.8509064758948262e-08,6.730569003253913e-11,0.001041256898414399,1.423503836513494e-05,0.0,135472.94734533297,1852.052654667006,137324.99999999997
dry_high_load,8120.0,0.25342771761117133,0.0034279834019936618,1.8401459887240335e-08,6.691439958996485e-11,0.0010412562271201878,1.4235709659346075e-05,0.0,135472.8600064587,1852.1399935412614,137324.99999999997
dry_high_load,8130.0,0.2534395986850633,0.0034279961933392474,1.8294480590544792e-08,6.652538396561741e-11,0.0010412555597286335,1.4236377050900407e-05,0.0,135472.77317534047,1852.2268246595345,137324.99999999997
dry_high_load,8140.0,0.2534514106867764,0.00342800891032067,1.818812323199989e-08,6.613862993454503e-11,0.0010412548962170475,1.4237040562486544e-05,0.0,135472.68684902627,1852.313150973731,137325.00000000003
dry_high_load,8150.0,0.2534631540178708,0.0034280215533702566,1.8082384195885825e-08,6.575412434867571e-11,0.001041254236562873,1.4237700216661188e-05,0.0,135472.6010245814,1852.3989754185952,137325.00000000003
dry_high_load,8160.0,0.253474829077572,0.0034280341229178182,1.797725988750531e-08,6.537185413638293e-11,0.001041253580743684,1.4238356035849908e-05,0.0,135472.5156990882,1852.484300911811,137324.99999999997
dry_high_load,8170.0,0.25348643626278483,0.003428046619390669,1.7872746733057354e-08,6.499180630202673e-11,0.001041252928737186,1.4239008042347892e-05,0.0,135472.4308696459,1852.5691303540982,137324.99999999997
dry_high_load,8180.0,0.2534979759681066,0.003428059043213639,1.7768841179517632e-08,6.461396792551865e-11,0.0010412522805212134,1.4239656258320727e-05,0.0,135472.3465333707,1852.6534666293153,137325.00000000003
dry_high_load,8190.0,0.25350944858584035,0.0034280713948090873,1.7665539694519678e-08,6.423832616188972e-11,0.0010412516360737288,1.4240300705805121e-05,0.0,135472.26268739544,1852.7373126045527,137324.99999999997
dry_high_load,8200.0,0.2535208545060085,0.0034280836745969176,1.7562838766232917e-08,6.386486824084697e-11,0.0010412509953728242,1.4240941406709671e-05,0.0,135472.17932886977,1852.820671130233,137324.99999999997
dry_high_load,8210.0,0.25353219411636624,0.003428095882994594,1.7460734903240268e-08,6.349358146632824e-11,0.0010412503583967184,1.4241578382815618e-05,0.0,135472.0964549598,1852.903545040209,137325.00000000003
dry_high_load,8220.0,0.2535434678024142,0.003428108020417151,1.7359224634426124e-08,6.312445321609498e-11,0.0010412497251237566,1.4242211655777559e-05,0.0,135472.01406284815,1852.9859371518567,137325.00000000003
dry_high_load,8230.0,0.25355467594741204,0.003428120087277213,1.7258304508852475e-08,6.275747094128171e-11,0.0010412490955324098,1.4242841247124208e-05,0.0,135471.93214973385,1853.0678502661742,137325.00000000003
dry_high_load,8240.0,0.2535658189323913,0.0034281320839850042,1.7157971095643918e-08,6.239262216597787e-11,0.001041248469601275,1.424346717825912e-05,0.0,135471.85071283212,1853.1492871678756,137325.00000000003
dry_high_load,8250.0,0.25357689713616816,0.003428144010948363,1.705822098387183e-08,6.202989448680666e-11,0.0010412478473090724,1.4244089470461416e-05,0.0,135471.7697493745,1853.2302506254846,137324.99999999997
dry_high_load,8260.0,0.25358791093535676,0.0034281558685727593,1.6959050782436e-08,6.166927557249454e-11,0.0010412472286346474,1.4244708144886508e-05,0.0,135471.68925660854,1853.3107433914313,137324.99999999997
dry_high_load,8270.0,0.25359886070438153,0.003428167657261303,1.6860457119952594e-08,6.131075316346396e-11,0.0010412466135569672,1.4245323222566813e-05,0.0,135471.60923179786,1853.3907682021422,137324.99999999997
dry_high_load,8280.0,0.2536097468154902,0.003428179377414762,1.6762436644637066e-08,6.09543150714075e-11,0.0010412460020551215,1.424593472441248e-05,0.0,135471.5296722219,1853.4703277781373,137324.99999999997
dry_high_load,8290.0,0.25362056963876645,0.0034281910294315745,1.6664986024190016e-08,6.059994917887279e-11,0.0010412453941083218,1.4246542671212096e-05,0.0,135471.45057517587,1853.5494248241193,137324.99999999997
dry_high_load,8300.0,0.2536313295421424,0.0034282026137078614,1.656810194568538e-08,6.024764343885592e-11,0.0010412447896959007,1.4247147083633382e-05,0.0,135471.37193797092,1853.628062029067,137325.00000000003
dry_high_load,8310.0,0.2536420268914111,0.0034282141306374407,1.6471781115458204e-08,5.989738587439346e-11,0.0010412441887973102,1.424774798222391e-05,0.0,135471.29375793372,1853.7062420663262,137325.00000000003
dry_high_load,8320.0,0.2536526620502389,0.0034282255806118425,1.637602025899113e-08,5.954916457814955e-11,0.0010412435913921222,1.4248345387411793e-05,0.0,135471.2160324063,1853.783967593701,137324.99999999997
dry_high_load,8330.0,0.25366323538017826,0.0034282369640203183,1.62808161208026e-08,5.920296771200945e-11,0.0010412429974600275,1.4248939319506388e-05,0.0,135471.13875874644,1853.8612412535444,137324.99999999997
dry_high_load,8340.0,0.2536737472406794,0.003428248281249858,1.6186165464338432e-08,5.88587835066852e-11,0.001041242406980835,1.4249529798698975e-05,0.0,135471.06193432715,1853.9380656728474,137324.99999999997
dry_high_load,8350.0,0.25368419798910313,0.0034282595326852023,1.6092065071859582e-08,5.851660026130757e-11,0.0010412418199344706,1.4250116845063455e-05,0.0,135470.98555653667,1854.0144434633287,137325.00000000003
dry_high_load,8360.0,0.2536945879807323,0.003428270718708854,1.5998511744335003e-08,5.817640634303637e-11,0.0010412412363009769,1.4250700478557022e-05,0.0,135470.90962277848,1854.090377221524,137324.99999999997
dry_high_load,8370.0,0.2537049175687846,0.0034282818397010917,1.5905502301330466e-08,5.783819018665623e-11,0.0010412406560605131,1.4251280719020848e-05,0.0,135470.83413047114,1854.165869528872,137324.99999999997
dry_high_load,8380.0,0.25371518710442414,0.0034282928960399856,1.581303358090226e-08,5.7501940294190026e-11,0.0010412400791933532,1.425185758618076e-05,0.0,135470.75907704816,1854.2409229518066,137324.99999999997
dry_high_load,8390.0,0.2537253969367735,0.003428303888101405,1.5721102439488562e-08,5.7167645234503854e-11,0.0010412395056798862,1.4252431099647894e-05,0.0,135470.6844599582,1854.315540041838,137325.00000000003
dry_high_load,8400.0,0.2537355474129254,0.003428314816259036,1.562970575180461e-08,5.683529364292585e-11,0.0010412389355006146,1.4253001278919386e-05,0.0,135470.61027666432,1854.3897233356454,137324.99999999997
dry_high_load,8410.0,0.2537456388779551,0.0034283256808843917,1.5538840410732172e-08,5.6504874220844255e-11,0.0010412383686361551,1.425356814337902e-05,0.0,135470.53652464485,1854.4634753551602,137325.00000000003
dry_high_load,8420.0,0.2537556716749313,0.003428336482346825,1.5448503327219593e-08,5.617637573534397e-11,0.0010412378050672362,1.4254131712297886e-05,0.0,135470.46320139235,1854.5367986076521,137325.00000000003
dry_high_load,8430.0,0.2537656461449286,0.003428347221013542,1.535869143017041e-08,5.5849787018801485e-11,0.001041237244774699,1.4254692004835046e-05,0.0,135470.3903044142,1854.6096955858138,137324.99999999997
dry_high_load,8440.0,0.25377556262703843,0.0034283578972496144,1.526940166634531e-08,5.552509696852839e-11,0.0010412366877394958,1.4255249040038173e-05,0.0,135470.31783123215,1854.6821687678478,137324.99999999997
dry_high_load,8450.0,0.2537854214583809,0.0034283685114179898,1.51806310002554e-08,5.5202294546383265e-11,0.0010412361339426897,1.42558028368442e-05,0.0,135470.24577938244,1854.7542206175472,137324.99999999997
dry_high_load,8460.0,0.2537952229741164,0.0034283790638795076,1.509237641405697e-08,5.488136877838897e-11,0.001041235583365454,1.4256353414079979e-05,0.0,135470.1741464156,1854.8258535843834,137324.99999999997
dry_high_load,8470.0,0.2538049675074567,0.0034283895549929084,1.5004634907451745e-08,5.4562308754369976e-11,0.001041235035989071,1.42569007904629e-05,0.0,135470.1029298964,1854.8970701035869,137324.99999999997
dry_high_load,8480.0,0.25381465538967635,0.0034283999851148477,1.491740349758525e-08,5.4245103627582716e-11,0.0010412344917949325,1.425744498460154e-05,0.0,135470.0321274038,1854.9678725962299,137325.00000000003
dry_high_load,8490.0,0.25382428695012405,0.0034284103545999074,1.4830679218943256e-08,5.39297426143391e-11,0.0010412339507645378,1.4257986014996293e-05,0.0,135469.96173653068,1855.0382634693106,137325.00000000003
dry_high_load,8500.0,0.2538338625162339,0.0034284206638006075,1.4744459123250984e-08,5.361621499363993e-11,0.001041233412879494,1.425852390004e-05,0.0,135469.89175488416,1855.1082451158331,137324.99999999997
dry_high_load,8510.0,0.2538433824135363,0.00342843091306742,1.4658740279375271e-08,5.3304510106819156e-11,0.0010412328781215154,1.4259058658018572e-05,0.0,135469.82218008512,1855.1778199148896,137324.99999999997
dry_high_load,8520.0,0.2538528469656691,0.0034284411027487773,1.4573519773223354e-08,5.299461735717582e-11,0.0010412323464724224,1.425959030711161e-05,0.0,135469.75300976826,1855.2469902317412,137324.99999999997
dry_high_load,8530.0,0.25386225649438876,0.003428451233191088,1.4488794707643126e-08,5.268652620961135e-11,0.001041231817914141,1.4260118865393025e-05,0.0,135469.6842415821,1855.3157584178978,137325.00000000003
dry_high_load,8540.0,0.253871611319581,0.0034284613047387454,1.4404562202326156e-08,5.2380226190276924e-11,0.0010412312924287024,1.4260644350831659e-05,0.0,135469.61587318883,1855.3841268111994,137325.00000000003
dry_high_load,8550.0,0.25388091175927197,0.0034284713177341417,1.432081939370964e-08,5.2075706886216867e-11,0.001041230769998242,1.4261166781291881e-05,0.0,135469.54790226408,1855.4520977358936,137324.99999999997
dry_high_load,8560.0,0.25389015812963894,0.0034284812725176783,1.4237563434876669e-08,5.177295794500606e-11,0.0010412302506049998,1.4261686174534213e-05,0.0,135469.4803264973,1855.5196735027166,137325.00000000003
dry_high_load,8570.0,0.25389935074502096,0.003428491169427777,1.4154791495462836e-08,5.147196907441031e-11,0.0010412297342313182,1.4262202548215918e-05,0.0,135469.41314359102,1855.58685640897,137325.00000000003
dry_high_load,8580.0,0.25390848991792975,0.003428501008800893,1.407250076155693e-08,5.117273004202519e-11,0.0010412292208596423,1.4262715919891607e-05,0.0,135469.3463512614,1855.653648738601,137324.99999999997
dry_high_load,8590.0,0.25391757595906006,0.0034285107909715253,1.3990688435608811e-08,5.0875230674941125e-11,0.0010412287104725202,1.4263226307013831e-05,0.0,135469.27994723772,1855.7200527622767,137324.99999999997
dry_high_load,8600.0,0.2539266091773005,0.0034285205162722272,1.390935173633053e-08,5.0579460859383736e-11,0.0010412282030526003,1.426373372693369e-05,0.0,135469.21392926254,1855.7860707374657,137324.99999999997
dry_high_load,8610.0,0.2539355898797437,0.00342853018503362,1.3828487898605054e-08,5.0285410540382006e-11,0.0010412276985826328,1.4264238196901394e-05,0.0,135469.1482950915,1855.8517049085103,137325.00000000003
dry_high_load,8620.0,0.2539445183716973,0.0034285397975844026,1.3748094173388857e-08,4.9993069721414024e-11,0.001041227197045467,1.4264739734066883e-05,0.0,135469.0830424933,1855.9169575067074,137324.99999999997
dry_high_load,8630.0,0.2539533949566937,0.003428549354251362,1.3668167827621716e-08,4.970242846407896e-11,0.0010412266984240535,1.4265238355480384e-05,0.0,135469.0181692496,1855.9818307503797,137324.99999999997
dry_high_load,8640.0,0.2539622199365009,0.003428558855359387,1.3588706144131837e-08,4.9413476887752125e-11,0.001041226202701441,1.4265734078093007e-05,0.0,135468.95367315505,1856.0463268449555,137325.00000000003
dry_high_load,8650.0,0.2539709936111324,0.0034285683012314763,1.350970642154417e-08,4.9126205169251515e-11,0.0010412257098607765,1.4266226918757305e-05,0.0,135468.88955201695,1856.1104479830394,137324.99999999994
dry_high_load,8660.0,0.25397971627885746,0.003428577692188751,1.3431165974189136e-08,4.884060354250594e-11,0.0010412252198853062,1.4266716894227865e-05,0.0,135468.8258036555,1856.1741963444908,137324.99999999997
dry_high_load,8670.0,0.2539883882362116,0.003428587028550466,1.3353082132008398e-08,4.855666229821235e-11,0.001041224732758372,1.4267204021161868e-05,0.0,135468.7624259035,1856.2375740964953,137324.99999999997
dry_high_load,8680.0,0.25399700977800604,0.00342859631063402,1.3275452240469732e-08,4.827437178352629e-11,0.0010412242484634144,1.4267688316119651e-05,0.0,135468.69941660637,1856.300583393639,137325.00000000003
dry_high_load,8690.0,0.25400558119733824,0.0034286055387549655,1.3198273660471315e-08,4.7993722401713864e-11,0.0010412237669839687,1.4268169795565279e-05,0.0,135468.63677362204,1856.363226377983,137324.99999999997
dry_high_load,8700.0,0.25401410278560177,0.0034286147132270212,1.312154376825384e-08,4.7714704611832144e-11,0.001041223288303667,1.42686484758671e-05,0.0,135468.57449482087,1856.4255051791342,137325.00000000003
dry_high_load,8710.0,0.254022574832496,0.0034286238343620825,1.3045259955312645e-08,4.743730892840961e-11,0.0010412228124062357,1.4269124373298302e-05,0.0,135468.51257808568,1856.4874219143196,137324.99999999997
dry_high_load,8720.0,0.2540309976260362,0.0034286329024702305,1.2969419628307705e-08,4.7161525921118923e-11,0.0010412223392754964,1.426959750403747e-05,0.0,135468.4510213115,1856.548978688457,137324.99999999997
dry_high_load,8730.0,0.2540393714525632,0.003428641917859745,1.2894020208974492e-08,4.688734621445269e-11,0.0010412218688953647,1.427006788416913e-05,0.0,135468.38982240576,1856.6101775942275,137324.99999999994
dry_high_load,8740.0,0.25404769659675325,0.0034286508808371112,1.2819059134038629e-08,4.661476048741319e-11,0.0010412214012498497,1.4270535529684302e-05,0.0,135468.32897928785,1856.6710207121455,137324.99999999997
dry_high_load,8750.0,0.2540559733416273,0.003428659791707035,1.274453385512865e-08,4.6343759473195084e-11,0.001041220936323053,1.4271000456481032e-05,0.0,135468.2684898894,1856.7315101106299,137324.99999999997
dry_high_load,8760.0,0.25406420196856117,0.00342866865077245,1.2670441838686422e-08,4.607433395885971e-11,0.0010412204740991688,1.4271462680364947e-05,0.0,135468.20835215392,1856.7916478460752,137324.99999999994
dry_high_load,8770.0,0.2540723827572949,0.0034286774583345276,1.259678056588372e-08,4.5806474785031703e-11,0.001041220014562484,1.4271922217049785e-05,0.0,135468.14856403708,1856.8514359629205,137324.99999999997
dry_high_load,8780.0,0.254080515985942,0.00342868621469269,1.2523547532536454e-08,4.55401728455871e-11,0.0010412195576973758,1.4272379082157932e-05,0.0,135468.08912350624,1856.9108764937193,137324.99999999994
dry_high_load,8790.0,0.2540886019309994,0.0034286949201446175,1.245074024901786e-08,4.527541908733767e-11,0.001041219103488313,1.4272833291220949e-05,0.0,135468.0300285408,1856.9699714592093,137325.00000000003
dry_high_load,8800.0,0.25409664086735634,0.0034287035749862604,1.2378356240176537e-08,4.501220450973286e-11,0.0010412186519198538,1.4273284859680098e-05,0.0,135467.9712771316,1857.0287228683787,137324.99999999997
dry_high_load,8810.0,0.2541046330683041,0.003428712179511848,1.2306393045248792e-08,4.475052016454105e-11,0.0010412182029766472,1.427373380288688e-05,0.0,135467.91286728147,1857.0871327185378,137325.00000000003
dry_high_load,8820.0,0.2541125788055451,0.0034287207340138997,1.223484821777816e-08,4.449035715555694e-11,0.0010412177566434305,1.427418013610354e-05,0.0,135467.8547970046,1857.145202995384,137325.00000000003
dry_high_load,8830.0,0.25412047834920215,0.003428729238783233,1.2163719325530923e-08,4.4231706638294263e-11,0.0010412173129050303,1.4274623874503596e-05,0.0,135467.7970643269,1857.2029356730714,137324.99999999997
dry_high_load,8840.0,0.25412833196782775,0.0034287376941089763,1.2093003950412457e-08,4.397455981968166e-11,0.0010412168717463617,1.4275065033172359e-05,0.0,135467.73966728573,1857.2603327142774,137325.00000000003
dry_high_load,8850.0,0.254136139928413,0.003428746100278576,1.2022699688388038e-08,4.3718907957774674e-11,0.0010412164331524267,1.4275503627107433e-05,0.0,135467.68260392974,1857.3173960702682,137325.00000000003
dry_high_load,8860.0,0.25414390249639696,0.003428754457577808,1.195280414939687e-08,4.3464742361443155e-11,0.0010412159971083148,1.427593967121923e-05,0.0,135467.62587231904,1857.3741276809665,137325.00000000003
dry_high_load,8870.0,0.2541516199356755,0.003428762766290787,1.1883314957273943e-08,4.321205439008706e-11,0.0010412155635992025,1.4276373180331484e-05,0.0,135467.56947052496,1857.430529475017,137324.99999999997
dry_high_load,8880.0,0.2541592925086101,0.003428771026699975,1.1814229749669778e-08,4.296083545334464e-11,0.0010412151326103522,1.4276804169181746e-05,0.0,135467.51339663012,1857.486603369852,137324.99999999997
dry_high_load,8890.0,0.25416692047603734,0.003428779239086192,1.1745546177965724e-08,4.2711077010784446e-11,0.001041214704127112,1.4277232652421892e-05,0.0,135467.45764872825,1857.5423512717568,137324.99999999997
dry_high_load,8900.0,0.25417450409727693,0.0034287874037286265,1.16772619072009e-08,4.246277057163963e-11,0.0010412142781349154,1.4277658644618608e-05,0.0,135467.40222492407,1857.5977750759337,137325.00000000003
dry_high_load,8910.0,0.2541820436301415,0.0034287955209048432,1.1609374615984953e-08,4.2215907694490735e-11,0.0010412138546192801,1.4278082160253908e-05,0.0,135467.34712333346,1857.6528766665672,137324.99999999997
dry_high_load,8920.0,0.25418953933094446,0.0034288035908907927,1.1541881996426481e-08,4.197047998700538e-11,0.0010412134335658083,1.4278503213725603e-05,0.0,135467.2923420831,1857.7076579168884,137324.99999999997
dry_high_load,8930.0,0.2541969914545092,0.0034288116139608226,1.1474781754050238e-08,4.1726479105637224e-11,0.0010412130149601861,1.4278921819347805e-05,0.0,135467.23787931073,1857.7621206892372,137324.99999999997
dry_high_load,8940.0,0.25420440025417784,0.003428819590387684,1.1408071607718781e-08,4.148389675534102e-11,0.0010412125987881826,1.4279337991351407e-05,0.0,135467.1837331649,1857.8162668351272,137324.99999999997
dry_high_load,8950.0,0.2542117659818193,0.0034288275204425434,1.1341749289559628e-08,4.124272468930773e-11,0.0010412121850356495,1.4279751743884566e-05,0.0,135467.12990180467,1857.8700981953073,137325.00000000003
dry_high_load,8960.0,0.25421908888783873,0.0034288354043949905,1.1275812544881188e-08,4.100295470865886e-11,0.0010412117736885208,1.4280163091013197e-05,0.0,135467.07638340018,1857.9236165998266,137324.99999999997
dry_high_load,8970.0,0.2542263692211851,0.003428843242513048,1.1210259132102033e-08,4.0764578662189206e-11,0.0010412113647328125,1.428057204672143e-05,0.0,135467.0231761319,1857.9768238680927,137324.99999999997
dry_high_load,8980.0,0.2542336072293601,0.003428851035063179,1.1145086822672762e-08,4.0527588446082767e-11,0.001041210958154622,1.42809786249121e-05,0.0,135466.97027819106,1858.0297218089374,137325.00000000003
dry_high_load,8990.0,0.25424080315842684,0.0034288587823102998,1.1080293400998283e-08,4.0291976003630115e-11,0.0010412105539401267,1.4281382839407217e-05,0.0,135466.91768777932,1858.082312220676,137324.99999999997
dry_high_load,9000.0,0.2542479572530176,0.003428866484517785,1.1015876664366028e-08,4.005773332496737e-11,0.0010412101520755855,1.4281784703948434e-05,0.0,135466.86540310882,1858.1345968911692,137324.99999999997
dry_high_load,9010.0,0.25425506975634266,0.0034288741419474782,1.095183442286697e-08,3.9824852446788975e-11,0.0010412097525473365,1.428218423219752e-05,0.0,135466.8134224021,1858.1865775978838,137324.99999999997
dry_high_load,9020.0,0.2542621409101982,0.003428881754859701,1.0888164499325311e-08,3.959332545209203e-11,0.0010412093553417972,1.4282581437736809e-05,0.0,135466.76174389204,1858.2382561079532,137324.99999999997
dry_high_load,9030.0,0.2542691709549749,0.0034288893235132623,1.0824864729221625e-08,3.936314446989681e-11,0.0010412089604454643,1.4282976334069684e-05,0.0,135466.71036582175,1858.2896341782373,137324.99999999997
dry_high_load,9040.0,0.25427616012966575,0.003428896848165465,1.0761932960620217e-08,3.91343016749826e-11,0.001041208567844913,1.4283368934621016e-05,0.0,135466.65928644463,1858.3407135553816,137325.00000000003
dry_high_load,9050.0,0.25428310867187437,0.0034289043290721163,1.0699367054095855e-08,3.8906789287621283e-11,0.0010412081775267965,1.4283759252737636e-05,0.0,135466.60850402416,1858.3914959758788,137325.00000000003
dry_high_load,9060.0,0.2542900168178228,0.0034289117664875373,1.0637164882663048e-08,3.868059957332017e-11,0.0010412077894778452,1.4284147301688768e-05,0.0,135466.55801683385,1858.4419831661237,137324.99999999997
dry_high_load,9070.0,0.2542968848023603,0.00342891916066457,1.0575324331698325e-08,3.8455724842539356e-11,0.0010412074036848676,1.4284533094666512e-05,0.0,135466.5078231575,1858.4921768424774,137325.00000000003
dry_high_load,9080.0,0.2543037128589703,0.003428926511854586,1.0513843298874593e-08,3.823215745045306e-11,0.0010412070201347478,1.4284916644786262e-05,0.0,135466.45792128867,1858.5420787113212,137324.99999999997
dry_high_load,9090.0,0.2543105012197791,0.0034289338203074963,1.045271969408575e-08,3.800988979667545e-11,0.001041206638814447,1.4285297965087165e-05,0.0,135466.4083095309,1858.5916904691155,137325.00000000003
dry_high_load,9100.0,0.2543172501155634,0.003428941086271759,1.0391951439377654e-08,3.778891432500965e-11,0.0010412062597110014,1.4285677068532565e-05,0.0,135466.35898619753,1858.6410138024594,137324.99999999997
dry_high_load,9110.0,0.2543239597757582,0.0034289483099943863,1.0331536468876332e-08,3.756922352318666e-11,0.0010412058828115237,1.4286053968010442e-05,0.0,135466.30994961184,1858.6900503881463,137325.00000000003
dry_high_load,9120.0,0.254330630428465,0.0034289554917209565,1.0271472728716412e-08,3.7350809922605125e-11,0.0010412055081032,1.428642867633385e-05,0.0,135466.26119810675,1858.7388018932209,137324.99999999997
dry_high_load,9130.0,0.25433726230045867,0.0034289626316956192,1.0211758176975896e-08,3.713366609809416e-11,0.0010412051355732925,1.4286801206241353e-05,0.0,135466.21273002494,1858.7872699750365,137324.99999999997
dry_high_load,9140.0,0.2543438556171961,0.003428969730161104,1.01523907836012e-08,3.691778466764072e-11,0.0010412047652091365,1.4287171570397455e-05,0.0,135466.16454371868,1858.835456281312,137324.99999999997
dry_high_load,9150.0,0.2543504106028233,0.00342897678735873,1.009336853034151e-08,3.6703158292150945e-11,0.001041204396998141,1.4287539781393039e-05,0.0,135466.1166375498,1858.8833624501858,137324.99999999997
dry_high_load,9160.0,0.25435692748018324,0.0034289838035284135,1.0034689410680173e-08,3.648977967520062e-11,0.0010412040309277881,1.4287905851745784e-05,0.0,135466.0690098897,1858.9309901102738,137324.99999999997
dry_high_load,9170.0,0.25436340647082323,0.0034289907789086757,9.976351429765021e-09,3.627764156278189e-11,0.0010412036669856335,1.4288269793900597e-05,0.0,135466.0216591193,1858.9783408807234,137325.00000000003
dry_high_load,9180.0,0.2543698477950027,0.003428997713736652,9.918352604341255e-09,3.6066736743059104e-11,0.001041203305159304,1.4288631620230034e-05,0.0,135465.97458362873,1859.0254163712682,137324.99999999997
dry_high_load,9190.0,0.2543762516717005,0.0034290046082480967,9.860690962684522e-09,3.5857058046125524e-11,0.0010412029454364992,1.4288991343034722e-05,0.0,135465.9277818177,1859.0722181822841,137324.99999999997
dry_high_load,9200.0,0.25438261831862263,0.003429011462677397,9.803364544531881e-09,3.564859834375229e-11,0.0010412025878049902,1.428934897454378e-05,0.0,135465.88125209513,1859.1187479048426,137324.99999999997
dry_high_load,9210.0,0.2543889479522092,0.003429018277257575,9.746371401017647e-09,3.5441350549155076e-11,0.0010412022322526188,1.4289704526915231e-05,0.0,135465.83499287924,1859.1650071207669,137325.00000000003
dry_high_load,9220.0,0.2543952407876421,0.0034290250522202984,9.689709594605832e-09,3.5235307616748473e-11,0.0010412018787672977,1.4290058012236415e-05,0.0,135465.78900259733,1859.2109974026819,137325.00000000003
dry_high_load,9230.0,0.2544014970388521,0.003429031787795889,9.633377199025779e-09,3.5030462541911916e-11,0.0010412015273370096,1.4290409442524394e-05,0.0,135465.74327968594,1859.2567203140702,137324.99999999997
dry_high_load,9240.0,0.2544077169185264,0.003429038484213329,9.577372299204813e-09,3.482680836074477e-11,0.0010412011779498075,1.429075882972637e-05,0.0,135465.69782259065,1859.3021774093254,137324.99999999997
dry_high_load,9250.0,0.25441390063811586,0.003429045141700269,9.521692991201759e-09,3.462433814982457e-11,0.001041200830593814,1.4291106185720103e-05,0.0,135465.65262976618,1859.347370233806,137325.00000000003
dry_high_load,9260.0,0.2544200484078416,0.0034290517604830375,9.466337382147853e-09,3.442304502599218e-11,0.0010412004852572198,1.4291451522314274e-05,0.0,135465.60769967613,1859.3923003238826,137325.00000000003
dry_high_load,9270.0,0.25442616043670313,0.003429058340786645,9.41130359017475e-09,3.4222922146089996e-11,0.001041200141928285,1.4291794851248938e-05,0.0,135465.56303079298,1859.4369692069977,137324.99999999997
dry_high_load,9280.0,0.2544322369324844,0.003429064882834796,9.35658974435883e-09,3.4023962706759377e-11,0.001041199800595338,1.429213618419588e-05,0.0,135465.51862159828,1859.4813784017108,137324.99999999997
dry_high_load,9290.0,0.2544382781017618,0.003429071386849894,9.302193984650044e-09,3.3826159944181976e-11,0.001041199461246775,1.4292475532759039e-05,0.0,135465.47447058224,1859.5255294177555,137324.99999999997
dry_high_load,9300.0,0.2544442841499105,0.0034290778530530475,9.248114461813263e-09,3.3629507133866404e-11,0.001041199123871059,1.4292812908474887e-05,0.0,135465.4305762439,1859.5694237560865,137324.99999999997
dry_high_load,9310.0,0.2544502552811118,0.003429084281664083,9.194349337363897e-09,3.343399759041416e-11,0.001041198788456721,1.4293148322812832e-05,0.0,135465.38693709107,1859.6130629089341,137324.99999999997
dry_high_load,9320.0,0.25445619169836,0.003429090672901546,9.140896783506279e-09,3.323962466729556e-11,0.0010411984549923584,1.4293481787175603e-05,0.0,135465.34355164014,1859.656448359852,137324.99999999997
dry_high_load,9330.0,0.254462093603469,0.0034290970269827132,9.087754983070981e-09,3.304638175662175e-11,0.0010411981234666344,1.429381331289963e-05,0.0,135465.30041841624,1859.6995815837693,137324.99999999997
dry_high_load,9340.0,0.25446796119707993,0.0034291033441235974,9.034922129450228e-09,3.2854262288909915e-11,0.0010411977938682786,1.4294142911255449e-05,0.0,135465.25753595296,1859.7424640470413,137325.00000000003
dry_high_load,9350.0,0.254473794678667,0.003429109624538956,8.982396426543056e-09,3.266325973288384e-11,0.0010411974661860858,1.4294470593448066e-05,0.0,135465.2149027925,1859.7850972074978,137324.99999999997
dry_high_load,9360.0,0.25447959424654504,0.0034291158684422976,8.93017608868712e-09,3.2473367595225886e-11,0.0010411971404089165,1.429479637061735e-05,0.0,135465.17251748548,1859.8274825144936,137324.99999999997
dry_high_load,9370.0,0.25448536009787576,0.0034291220760458894,8.878259340603643e-09,3.228457942037688e-11,0.0010411968165256955,1.4295120253838401e-05,0.0,135465.130378591,1859.8696214089568,137324.99999999997
dry_high_load,9380.0,0.25449109242867474,0.003429128247560765,8.826644417333672e-09,3.209688879030425e-11,0.001041196494525412,1.4295442254121933e-05,0.0,135465.08848467655,1859.9115153234388,137324.99999999997
dry_high_load,9390.0,0.254496791433818,0.0034291343831967303,8.775329564179e-09,3.191028932428727e-11,0.0010411961743971195,1.429576238241465e-05,0.0,135465.04683431785,1859.953165682163,137325.00000000003
dry_high_load,9400.0,0.2545024573070485,0.0034291404831623728,8.724313036642873e-09,3.1724774678701354e-11,0.0010411958561299343,1.4296080649599617e-05,0.0,135465.0054260989,1859.994573901073,137324.99999999997
dry_high_load,9410.0,0.2545080902409831,0.003429146547665066,8.673593100370276e-09,3.1540338546800994e-11,0.0010411955397130375,1.4296397066496627e-05,0.0,135464.96425861213,1860.0357413878796,137325.00000000003
dry_high_load,9420.0,0.2545136904271187,0.003429152576910979,8.623168031088211e-09,3.135697465850258e-11,0.0010411952251356714,1.4296711643862576e-05,0.0,135464.92333045788,1860.0766695421112,137324.99999999997
dry_high_load,9430.0,0.2545192580558388,0.0034291585711050815,8.573036114549803e-09,3.1174676780181094e-11,0.0010411949123871422,1.429702439239181e-05,0.0,135464.88264024488,1860.117359755158,137325.00000000003
dry_high_load,9440.0,0.25452479331642036,0.003429164530451151,8.523195646472243e-09,3.099343871444452e-11,0.0010411946014568174,1.4297335322716522e-05,0.0,135464.84218658967,1860.1578134103245,137324.99999999997
dry_high_load,9450.0,0.2545302963970396,0.003429170455151782,8.473644932483225e-09,3.0813254299939e-11,0.001041194292334127,1.4297644445407072e-05,0.0,135464.80196811716,1860.1980318828685,137325.00000000003
dry_high_load,9460.0,0.2545357674847791,0.0034291763454083906,8.424382288058256e-09,3.063411741112093e-11,0.0010411939850085614,1.4297951770972382e-05,0.0,135464.76198345993,1860.2380165400557,137324.99999999994
dry_high_load,9470.0,0.2545412067656336,0.0034291822014212207,8.375406038467297e-09,3.0456021958062895e-11,0.0010411936794696736,1.4298257309860274e-05,0.0,135464.72223125878,1860.2777687412026,137324.99999999997
dry_high_load,9480.0,0.25454661442451654,0.003429188023389353,8.326714518716744e-09,3.02789618862427e-11,0.0010411933757070763,1.4298561072457833e-05,0.0,135464.68271016228,1860.317289837723,137325.00000000003
dry_high_load,9490.0,0.25455199064526646,0.0034291938115107116,8.27830607349267e-09,3.010293117633697e-11,0.0010411930737104422,1.429886306909175e-05,0.0,135464.64341882683,1860.3565811731728,137324.99999999997
dry_high_load,9500.0,0.254557335610653,0.003429199565982069,8.230179057103867e-09,2.992792384401406e-11,0.0010411927734695053,1.4299163310028693e-05,0.0,135464.60435591667,1860.3956440832994,137324.99999999997
dry_high_load,9510.0,0.2545626495023834,0.0034292052869990533,8.182331833427e-09,2.9753933939734545e-11,0.0010411924749740582,1.4299461805475631e-05,0.0,135464.56552010388,1860.4344798960824,137324.99999999994
dry_high_load,9520.0,0.2545679325011083,0.003429210974756156,8.134762775850704e-09,2.958095554854801e-11,0.0010411921782139536,1.42997585655802e-05,0.0,135464.52691006818,1860.473089931782,137324.99999999994
dry_high_load,9530.0,0.2545731847864284,0.003429216629446738,8.087470267219674e-09,2.940898278988972e-11,0.001041191883179103,1.430005360043104e-05,0.0,135464.48852449702,1860.5114755029836,137325.00000000003
dry_high_load,9540.0,0.2545784065369,0.003429222251263036,8.040452699780038e-09,2.923800981738195e-11,0.001041191589859476,1.4300346920058143e-05,0.0,135464.45036208536,1860.5496379146402,137325.00000000003
dry_high_load,9550.0,0.2545835979300414,0.003429227840396169,7.993708475125779e-09,2.9068030818639194e-11,0.0010411912982451008,1.4300638534433184e-05,0.0,135464.41242153588,1860.5875784641196,137324.99999999997
dry_high_load,9560.0,0.2545887591423391,0.0034292333970361443,7.947236004142409e-09,2.88990400150633e-11,0.0010411910083260641,1.430092845346987e-05,0.0,135464.37470155876,1860.6252984412467,137324.99999999997
dry_high_load,9570.0,0.2545938903492531,0.0034292389213718658,7.901033706955085e-09,2.8731031661654852e-11,0.0010411907200925097,1.430121668702427e-05,0.0,135464.33720087167,1860.6627991283467,137324.99999999997
dry_high_load,9580.0,0.2545989917252239,0.0034292444135911376,7.855100012872074e-09,2.8564000046807535e-11,0.001041190433534639,1.4301503244895157e-05,0.0,135464.29991819971,1860.7000818002919,137325.00000000003
dry_high_load,9590.0,0.25460406344367736,0.003429249873880674,7.809433360335197e-09,2.8397939492127984e-11,0.0010411901486427097,1.4301788136824337e-05,0.0,135464.26285227548,1860.7371477245417,137324.99999999997
dry_high_load,9600.0,0.25460910567703154,0.003429255302426102,7.764032196862236e-09,2.8232844352226303e-11,0.001041189865407037,1.4302071372496983e-05,0.0,135464.2260018388,1860.773998161187,137324.99999999997
dry_high_load,9610.0,0.2546141185967018,0.00342926069941197,7.718894978998858e-09,2.8068709014541296e-11,0.0010411895838179919,1.4302352961541955e-05,0.0,135464.189365637,1860.8106343629931,137324.99999999997
dry_high_load,9620.0,0.2546191023731071,0.0034292660650217543,7.674020172262294e-09,2.7905527899135613e-11,0.0010411893038660017,1.4302632913532139e-05,0.0,135464.15294242452,1860.8470575754427,137324.99999999997
dry_high_load,9630.0,0.2546240571756757,0.0034292713994378637,7.629406251090303e-09,2.774329545851019e-11,0.0010411890255415492,1.4302911237984772e-05,0.0,135464.1167309632,1860.8832690367774,137324.99999999997
dry_high_load,9640.0,0.2546289831728507,0.003429276702841646,7.58505169879183e-09,2.7582006177424834e-11,0.0010411887488351722,1.430318794436175e-05,0.0,135464.08073002196,1860.9192699780394,137324.99999999997
dry_high_load,9650.0,0.25463388053209607,0.003429281975413396,7.540955007491315e-09,2.7421654572695688e-11,0.001041188473737464,1.4303463042069972e-05,0.0,135464.04493837687,1860.955061623115,137324.99999999997
dry_high_load,9660.0,0.2546387494199022,0.00342928721733236,7.497114678079568e-09,2.7262235193016604e-11,0.0010411882002390723,1.4303736540461646e-05,0.0,135464.00935481122,1860.9906451887757,137324.99999999997
dry_high_load,9670.0,0.2546435900017915,0.0034292924287767416,7.453529220164e-09,2.710374261877818e-11,0.0010411879283306995,1.4304008448834603e-05,0.0,135463.9739781153,1861.0260218847175,137325.00000000003
dry_high_load,9680.0,0.2546484024423241,0.0034292976099237087,7.410197152015056e-09,2.6946171461872924e-11,0.0010411876580031015,1.4304278776432629e-05,0.0,135463.9388070864,1861.061192913605,137325.00000000003
dry_high_load,9690.0,0.25465318690510347,0.0034293027609494,7.367117000519195e-09,2.678951636552434e-11,0.0010411873892470884,1.4304547532445765e-05,0.0,135463.9038405289,1861.0961594711105,137325.00000000003
dry_high_load,9700.0,0.254657943552782,0.003429307882028928,7.3242873011249e-09,2.6633772004090543e-11,0.0010411871220535236,1.4304814726010625e-05,0.0,135463.86907725406,1861.1309227459549,137325.00000000003
dry_high_load,9710.0,0.25466267254706637,0.00342931297333639,7.281706597796299e-09,2.6478933082895627e-11,0.001041186856413323,1.4305080366210709e-05,0.0,135463.83451608,1861.1654839199489,137324.99999999994
dry_high_load,9720.0,0.25466737404872325,0.0034293180350448696,7.2393734429621325e-09,2.6324994338044114e-11,0.0010411865923174572,1.4305344462076707e-05,0.0,135463.80015583194,1861.1998441680328,137324.99999999997
dry_high_load,9730.0,0.2546720482175846,0.003429323067326444,7.197286397467047e-09,2.6171950536243807e-11,0.0010411863297569472,1.4305607022586804e-05,0.0,135463.76599534167,1861.2340046583147,137324.99999999997
dry_high_load,9740.0,0.25467669521255315,0.0034293280703521904,7.155444030522683e-09,2.6019796474627934e-11,0.001041186068722867,1.4305868056666993e-05,0.0,135463.73203344786,1861.267966552113,137324.99999999997
dry_high_load,9750.0,0.25468131519160797,0.0034293330442921916,7.113844919657271e-09,2.5868526980571892e-11,0.0010411858092063426,1.4306127573191375e-05,0.0,135463.698268996,1861.3017310039945,137324.99999999997
dry_high_load,9760.0,0.2546859083118096,0.003429337989315541,7.0724876506701084e-09,2.5718136911527663e-11,0.0010411855511985515,1.430638558098246e-05,0.0,135463.66470083818,1861.3352991618137,137324.99999999997
dry_high_load,9770.0,0.2546904747293054,0.0034293429055903503,7.031370817582641e-09,2.5568621154845966e-11,0.0010411852946907226,1.4306642088811463e-05,0.0,135463.63132783325,1861.3686721667516,137325.00000000003
dry_high_load,9780.0,0.25469501459933513,0.0034293477932837517,6.990493022588066e-09,2.5419974627592964e-11,0.0010411850396741353,1.4306897105398614e-05,0.0,135463.59814884662,1861.401851153355,137324.99999999997
dry_high_load,9790.0,0.25469952807623597,0.0034293526525619074,6.949852876007918e-09,2.5272192276392426e-11,0.0010411847861401206,1.4307150639413441e-05,0.0,135463.5651627504,1861.4348372495751,137324.99999999997
dry_high_load,9800.0,0.25470401531344783,0.0034293574835900136,6.909448996241252e-09,2.512526907724091e-11,0.0010411845340800587,1.4307402699475075e-05,0.0,135463.53236842316,1861.4676315768056,137324.99999999994
dry_high_load,9810.0,0.2547084764635185,0.003429362286532305,6.869280009720805e-09,2.497920003534838e-11,0.0010411842834853813,1.4307653294152532e-05,0.0,135463.49976475007,1861.5002352499205,137324.99999999997
dry_high_load,9820.0,0.2547129116781091,0.003429367061552062,6.8293445508634485e-09,2.4833980184957992e-11,0.0010411840343475692,1.4307902431965015e-05,0.0,135463.46735062273,1861.5326493773116,137325.00000000003
dry_high_load,9830.0,0.25471732110799894,0.003429371808811617,6.7896412620252925e-09,2.468960458918288e-11,0.0010411837866581518,1.4308150121382204e-05,0.0,135463.43512493907,1861.5648750609291,137324.99999999997
dry_high_load,9840.0,0.2547217049030907,0.003429376528472357,6.750168793455736e-09,2.4546068339839035e-11,0.0010411835404087095,1.4308396370824532e-05,0.0,135463.40308660368,1861.5969133963147,137325.00000000003
dry_high_load,9850.0,0.2547260632124156,0.003429381220694731,6.7109258032517256e-09,2.4403366557279e-11,0.0010411832955908706,1.4308641188663478e-05,0.0,135463.37123452735,1861.6287654726423,137325.00000000003
dry_high_load,9860.0,0.2547303961841385,0.003429385885638256,6.6719109573099e-09,2.4261494390217816e-11,0.001041183052196312,1.430888458322186e-05,0.0,135463.33956762723,1861.6604323727531,137324.99999999994
dry_high_load,9870.0,0.25473470396556297,0.0034293905234615207,6.63312292928339e-09,2.412044701557596e-11,0.0010411828102167599,1.4309126562774107e-05,0.0,135463.30808482683,1861.6919151731938,137324.99999999997
dry_high_load,9880.0,0.254738986703136,0.0034293951343221927,6.594560400537561e-09,2.39802196383184e-11,0.0010411825696439875,1.430936713554654e-05,0.0,135463.27678505573,1861.7232149442514,137324.99999999997
dry_high_load,9890.0,0.2547432445424533,0.003429399718377022,6.556222060102368e-09,2.3840807491281335e-11,0.0010411823304698163,1.4309606309717654e-05,0.0,135463.24566725,1861.7543327499907,137324.99999999997
dry_high_load,9900.0,0.2547474776282641,0.003429404275781849,6.518106604630005e-09,2.3702205835018193e-11,0.0010411820926861154,1.4309844093418405e-05,0.0,135463.2147303517,1861.7852696482917,137324.99999999994
dry_high_load,9910.0,0.25475168610447635,0.0034294088066916056,6.480212738348526e-09,2.3564409957630998e-11,0.0010411818562848015,1.4310080494732475e-05,0.0,135463.18397330912,1861.8160266908835,137324.99999999997
dry_high_load,9920.0,0.254755870114161,0.0034294133112603253,6.442539173020769e-09,2.3427415174620975e-11,0.0010411816212578375,1.431031552169655e-05,0.0,135463.1533950766,1861.8466049233803,137324.99999999997
dry_high_load,9930.0,0.2547600297995574,0.0034294177896411447,6.405084627899036e-09,2.3291216828723765e-11,0.0010411813875972334,1.4310549182300593e-05,0.0,135463.12299461468,1861.8770053853189,137324.99999999997
dry_high_load,9940.0,0.2547641653020782,0.003429422241986311,6.367847829679143e-09,2.3155810289742336e-11,0.0010411811552950459,1.4310781484488118e-05,0.0,135463.09277088984,1861.9072291101904,137324.99999999997
dry_high_load,9950.0,0.2547682767623134,0.0034294266684471854,6.330827512462517e-09,2.3021190954409147e-11,0.0010411809243433775,1.4311012436156453e-05,0.0,135463.0627228745,1861.93727712548,137324.99999999997
dry_high_load,9960.0,0.2547723643200362,0.0034294310691742502,6.294022417707486e-09,2.2887354246209035e-11,0.001041180694734377,1.4311242045157023e-05,0.0,135463.0328495473,1861.9671504526978,137325.00000000003
dry_high_load,9970.0,0.2547764281142069,0.0034294354443171115,6.257431294190321e-09,2.275429561523753e-11,0.0010411804664602383,1.4311470319295601e-05,0.0,135463.00314989258,1861.9968501074163,137324.99999999997
dry_high_load,9980.0,0.254780468282978,0.003429439794024507,6.2210528979618256e-09,2.2622010538043e-11,0.0010411802395132014,1.4311697266332582e-05,0.0,135462.9736229007,1862.0263770993026,137324.99999999997
dry_high_load,9990.0,0.254784484963699,0.0034294441184443093,6.1848859923028616e-09,2.249049451746495e-11,0.0010411800138855508,1.4311922893983246e-05,0.0,135462.94426756783,1862.055732432155,137324.99999999997
dry_high_load,10000.0,0.25478847829292056,0.0034294484177235306,6.148929347686238e-09,2.2359743082495405e-11,0.001041179789569616,1.4312147209918017e-05,0.0,135462.91508289607,1862.0849171039363,137324.99999999997
dry_high_load,10010.0,0.2547924484063998,0.003429452692008329,6.113181741731391e-09,2.2229751788114144e-11,0.0010411795665577711,1.4312370221762728e-05,0.0,135462.88606789318,1862.113932106806,137324.99999999997
dry_high_load,10020.0,0.25479639543910454,0.0034294569414440135,6.077641959164153e-09,2.2100516215142372e-11,0.0010411793448424351,1.431259193709888e-05,0.0,135462.85722157283,1862.142778427158,137324.99999999997
dry_high_load,10030.0,0.25480031952521776,0.0034294611661750468,6.042308791777151e-09,2.197203197009873e-11,0.00104117912441607,1.431281236346389e-05,0.0,135462.82854295435,1862.1714570456488,137324.99999999997
dry_high_load,10040.0,0.2548042207981425,0.0034294653663450533,6.00718103838534e-09,2.1844294685037595e-11,0.0010411789052711825,1.4313031508351363e-05,0.0,135462.80003106274,1862.1999689372356,137324.99999999997
dry_high_load,10050.0,0.2548080993905062,0.003429469542096821,5.972257504788307e-09,2.1717300017412022e-11,0.0010411786874003227,1.4313249379211334e-05,0.0,135462.7716849288,1862.228315071207,137324.99999999997
dry_high_load,10060.0,0.2548119554341653,0.003429473693572309,5.937537003727075e-09,2.1591043649916632e-11,0.0010411784707960834,1.4313465983450531e-05,0.0,135462.74350358878,1862.2564964112164,137324.99999999997
dry_high_load,10070.0,0.2548157890602096,0.003429477820912651,5.903018354845775e-09,2.1465521290348267e-11,0.0010411782554511015,1.4313681328432619e-05,0.0,135462.7154860847,1862.2845139153155,137325.00000000003
dry_high_load,10080.0,0.25481960039896695,0.0034294819242581594,5.868700384648866e-09,2.134072867145042e-11,0.0010411780413580555,1.4313895421478455e-05,0.0,135462.687631464,1862.3123685359856,137324.99999999997
dry_high_load,10090.0,0.25482338958000733,0.0034294860037483313,5.834581926465991e-09,2.121666155078542e-11,0.0010411778285096677,1.4314108269866336e-05,0.0,135462.65993877983,1862.3400612201713,137324.99999999997
dry_high_load,10100.0,0.25482715673214756,0.003429490059521853,5.800661820407288e-09,2.1093315710571956e-11,0.0010411776168987017,1.4314319880832242e-05,0.0,135462.63240709068,1862.3675929093113,137324.99999999997
dry_high_load,10110.0,0.2548309019834555,0.003429494091716604,5.766938913327398e-09,2.0970686957554172e-11,0.001041177406517964,1.4314530261570085e-05,0.0,135462.6050354606,1862.3949645393707,137325.00000000003
dry_high_load,10120.0,0.25483462546125446,0.003429498100469663,5.733412058784167e-09,2.0848771122851516e-11,0.001041177197360302,1.4314739419231958e-05,0.0,135462.57782295914,1862.4221770408742,137324.99999999997
dry_high_load,10130.0,0.25483832729212774,0.003429502085917311,5.700080116999262e-09,2.0727564061815493e-11,0.0010411769894186056,1.4314947360928377e-05,0.0,135462.55076866105,1862.4492313389376,137324.99999999997
dry_high_load,10140.0,0.2548420076019225,0.003429506048195037,5.666941954822805e-09,2.0607061653901106e-11,0.0010411767826858053,1.4315154093728514e-05,0.0,135462.5238716467,1862.476128353296,137324.99999999994
dry_high_load,10150.0,0.25484566651575424,0.003429509987437543,5.633996445692082e-09,2.048725980251666e-11,0.0010411765771548736,1.4315359624660445e-05,0.0,135462.49713100167,1862.502868998339,137325.00000000003
dry_high_load,10160.0,0.2548493041580114,0.0034295139037787466,5.601242469592369e-09,2.0368154434881338e-11,0.0010411763728188225,1.4315563960711392e-05,0.0,135462.47054581685,1862.5294541831408,137324.99999999997
dry_high_load,10170.0,0.2548529206523589,0.003429517797351788,5.5686789130215635e-09,2.0249741501896593e-11,0.0010411761696707059,1.4315767108827951e-05,0.0,135462.44411518847,1862.55588481149,137324.99999999997
dry_high_load,10180.0,0.254856516121743,0.0034295216682890327,5.5363046689514385e-09,2.013201697800523e-11,0.0010411759677036176,1.4315969075916329e-05,0.0,135462.41783821807,1862.5821617819197,137324.99999999997
dry_high_load,10190.0,0.25486009068839494,0.0034295255167220767,5.504118636788463e-09,2.0014976861048955e-11,0.0010411757669106913,1.4316169868842591e-05,0.0,135462.39171401225,1862.608285987741,137324.99999999997
dry_high_load,10200.0,0.2548636444738356,0.003429529342781751,5.4721197223382286e-09,1.989861717213901e-11,0.0010411755672851011,1.4316369494432885e-05,0.0,135462.3657416829,1862.6342583170708,137325.00000000003
dry_high_load,10210.0,0.25486717759887917,0.0034295331465981267,5.440306837767756e-09,1.9782933955519108e-11,0.0010411753688200603,1.4316567959473667e-05,0.0,135462.33992034712,1862.6600796528626,137324.99999999997
dry_high_load,10220.0,0.2548706901836377,0.0034295369283005176,5.4086789015669556e-09,1.966792327842529e-11,0.001041175171508822,1.4316765270711948e-05,0.0,135462.31424912706,1862.6857508729383,137324.99999999997
dry_high_load,10230.0,0.25487418234752485,0.0034295406880174868,5.377234838514533e-09,1.9553581230961938e-11,0.0010411749753446785,1.4316961434855507e-05,0.0,135462.28872715,1862.7112728500142,137324.99999999997
dry_high_load,10240.0,0.25487765420925984,0.0034295444258768486,5.345973579640933e-09,1.9439903925967027e-11,0.001041174780320961,1.4317156458573128e-05,0.0,135462.26335354827,1862.7366464517338,137325.00000000003
dry_high_load,10250.0,0.254881105886872,0.0034295481420056756,5.314894062189375e-09,1.9326887498870452e-11,0.0010411745864310393,1.431735034849483e-05,0.0,135462.23812745934,1862.7618725406978,137325.00000000003
dry_high_load,10260.0,0.25488453749770434,0.003429551836530301,5.283995229582819e-09,1.9214528107573886e-11,0.0010411743936683219,1.4317543111212081e-05,0.0,135462.2130480255,1862.78695197449,137324.99999999997
dry_high_load,10270.0,0.25488794915841784,0.003429555509576324,5.25327603138479e-09,1.9102821932308325e-11,0.001041174202026256,1.4317734753278035e-05,0.0,135462.18811439426,1862.8118856057094,137324.99999999997
dry_high_load,10280.0,0.254891340984995,0.003429559161268613,5.222735423268463e-09,1.8991765175521682e-11,0.0010411740114983261,1.4317925281207744e-05,0.0,135462.163325718,1862.8366742819994,137324.99999999997
dry_high_load,10290.0,0.25489471309274414,0.0034295627917313104,5.192372366977061e-09,1.8881354061734767e-11,0.0010411738220780556,1.431811470147838e-05,0.0,135462.1386811539,1862.8613188460731,137324.99999999997
dry_high_load,10300.0,0.25489806559630335,0.0034295664010878376,5.16218583028913e-09,1.8771584837415018e-11,0.0010411736337590045,1.4318303020529473e-05,0.0,135462.11417986426,1862.8858201357466,137324.99999999997
dry_high_load,10310.0,0.25490139860964406,0.003429569989460898,5.132174786985503e-09,1.8662453770856373e-11,0.0010411734465347708,1.4318490244763099e-05,0.0,135462.089821016,1862.9101789839638,137324.99999999997
dry_high_load,10320.0,0.2549047122460753,0.003429573556972482,5.102338216811606e-09,1.85539571520422e-11,0.0010411732603989898,1.4318676380544127e-05,0.0,135462.06560378114,1862.9343962188275,137324.99999999997
dry_high_load,10330.0,0.2549080066182473,0.00342957710374387,5.072675105445061e-09,1.844609129252749e-11,0.0010411730753453335,1.4318861434200421e-05,0.0,135462.04152733635,1862.9584726636258,137324.99999999997
dry_high_load,10340.0,0.2549112818381552,0.003429580629895638,5.0431844444613816e-09,1.8338852525314113e-11,0.0010411728913675108,1.4319045412023049e-05,0.0,135462.01759086314,1862.982409136859,137324.99999999997
dry_high_load,10350.0,0.2549145380171433,0.003429584135547661,5.013865231296912e-09,1.823223720471604e-11,0.0010411727084592675,1.4319228320266512e-05,0.0,135461.99379354774,1863.0062064522697,137325.00000000003
dry_high_load,10360.0,0.2549177752659085,0.003429587620819117,4.984716469217491e-09,1.8126241706245422e-11,0.0010411725266143848,1.4319410165148952e-05,0.0,135461.97013458112,1863.0298654188723,137324.99999999994
dry_high_load,10370.0,0.25492099369450405,0.003429591085828491,4.955737167283297e-09,1.8020862426484714e-11,0.0010411723458266817,1.4319590952852357e-05,0.0,135461.94661315903,1863.0533868409739,137325.00000000003
dry_high_load,10380.0,0.25492419341234346,0.003429594530693579,4.926926340316237e-09,1.791609578296813e-11,0.0010411721660900112,1.431977068952277e-05,0.0,135461.92322848178,1863.0767715182078,137324.99999999997
dry_high_load,10390.0,0.25492737452820435,0.0034295979555314933,4.898283008863316e-09,1.781193821404842e-11,0.0010411719873982634,1.431994938127052e-05,0.0,135461.89997975444,1863.100020245559,137324.99999999997
dry_high_load,10400.0,0.25493053715023156,0.0034296013604586634,4.8698061991693165e-09,1.770838617879751e-11,0.0010411718097453637,1.4320127034170392e-05,0.0,135461.87686618662,1863.1231338133894,137325.00000000003
dry_high_load,10410.0,0.25493368138594147,0.0034296047455908436,4.841494943137202e-09,1.760543615686255e-11,0.001041171633125272,1.4320303654261868e-05,0.0,135461.85388699253,1863.1461130074663,137324.99999999997
dry_high_load,10420.0,0.2549368073422254,0.0034296081110431146,4.8133482782991036e-09,1.7503084648360376e-11,0.0010411714575319848,1.4320479247549315e-05,0.0,135461.831041391,1863.1689586089894,137325.00000000003
dry_high_load,10430.0,0.254939915125353,0.0034296114569298884,4.785365247783713e-09,1.7401328173758952e-11,0.0010411712829595317,1.4320653820002188e-05,0.0,135461.80832860537,1863.191671394616,137324.99999999997
dry_high_load,10440.0,0.25494300484097654,0.003429614783364911,4.757544900280068e-09,1.7300163273745696e-11,0.0010411711094019786,1.4320827377555247e-05,0.0,135461.7857478635,1863.2142521364894,137324.99999999997
dry_high_load,10450.0,0.2549460765941336,0.003429618090461268,4.7298862900102375e-09,1.7199586509128132e-11,0.0010411709368534252,1.4320999926108743e-05,0.0,135461.76329839774,1863.236701602263,137324.99999999997
dry_high_load,10460.0,0.2549491304892515,0.0034296213783313874,4.7023884766926885e-09,1.7099594460700684e-11,0.0010411707653080052,1.4321171471528629e-05,0.0,135461.74097944485,1863.2590205551273,137324.99999999997
dry_high_load,10470.0,0.25495216663015025,0.0034296246470870433,4.6750505255134844e-09,1.7000183729139943e-11,0.0010411705947598873,1.4321342019646752e-05,0.0,135461.71879024617,1863.2812097538367,137325.00000000003
dry_high_load,10480.0,0.2549551851200463,0.00342962789683936,4.647871507093464e-09,1.6901350934885323e-11,0.0010411704252032729,1.4321511576261061e-05,0.0,135461.69673004726,1863.3032699527341,137324.99999999997
dry_high_load,10490.0,0.254958186061556,0.003429631127698816,4.6208504974562666e-09,1.6803092718022784e-11,0.0010411702566323982,1.4321680147135787e-05,0.0,135461.67479809825,1863.3252019017762,137324.99999999997
dry_high_load,10500.0,0.25496116955669945,0.003429634339775248,4.593986577995719e-09,1.6705405738166246e-11,0.0010411700890415323,1.4321847738001663e-05,0.0,135461.6529936534,1863.3470063465609,137324.99999999997
dry_high_load,10510.0,0.2549641357069031,0.0034296375331778527,4.567278835449791e-09,1.6608286674362876e-11,0.0010411699224249778,1.4322014354556092e-05,0.0,135461.63131597164,1863.3686840283503,137324.99999999997
dry_high_load,10520.0,0.2549670846130041,0.003429640708015193,4.540726361862268e-09,1.65117322249537e-11,0.0010411697567770707,1.4322180002463362e-05,0.0,135461.60976431592,1863.3902356840983,137325.00000000003
dry_high_load,10530.0,0.25497001637525335,0.003429643864395201,4.514328254556914e-09,1.6415739107479686e-11,0.001041169592092179,1.4322344687354833e-05,0.0,135461.58833795352,1863.4116620464729,137324.99999999997
dry_high_load,10540.0,0.25497293109331887,0.0034296470024251804,4.4880836161050746e-09,1.6320304058563905e-11,0.0010411694283647048,1.4322508414829125e-05,0.0,135461.5670361561,1863.432963843885,137324.99999999997
dry_high_load,10550.0,0.2549758288662893,0.0034296501222118117,4.461991554295394e-09,1.622542383380143e-11,0.0010411692655890818,1.4322671190452304e-05,0.0,135461.5458581995,1863.454141800508,137325.00000000003
dry_high_load,10560.0,0.254978709792677,0.003429653223861155,4.436051182103958e-09,1.6131095207650754e-11,0.001041169103759776,1.4322833019758082e-05,0.0,135461.5248033637,1863.475196636307,137324.99999999997
dry_high_load,10570.0,0.254981573970422,0.0034296563074786533,4.410261617662743e-09,1.6037314973319064e-11,0.001041168942871286,1.4322993908248e-05,0.0,135461.5038709329,1863.496129067061,137324.99999999997
dry_high_load,10580.0,0.2549844214968945,0.0034296593731691374,4.3846219842322976e-09,1.5944079942662898e-11,0.0010411687829181423,1.4323153861391613e-05,0.0,135461.4830601956,1863.5169398043874,137324.99999999997
dry_high_load,10590.0,0.25498725246889903,0.0034296624210368287,4.359131410167861e-09,1.5851386946064947e-11,0.0010411686238949074,1.432331288462668e-05,0.0,135461.46237044423,1863.5376295557676,137325.00000000003
dry_high_load,10600.0,0.25499006698267707,0.003429665451185342,4.333789028893955e-09,1.5759232832341653e-11,0.0010411684657961747,1.4323470983359345e-05,0.0,135461.44180097544,1863.5581990245685,137325.00000000003
dry_high_load,10610.0,0.25499286513391073,0.0034296684637176904,4.3085939788719794e-09,1.5667614468625377e-11,0.0010411683086165697,1.4323628162964324e-05,0.0,135461.42135108993,1863.5786489100688,137324.99999999997
dry_high_load,10620.0,0.25499564701772576,0.0034296714587362873,4.2835454035724784e-09,1.5576528740263555e-11,0.0010411681523507489,1.4323784428785088e-05,0.0,135461.4010200925,1863.598979907482,137324.99999999997
dry_high_load,10630.0,0.2549984127286949,0.003429674436342951,4.2586424514463365e-09,1.548597255071395e-11,0.0010411679969934,1.4323939786134038e-05,0.0,135461.380807292,1863.6191927079792,137324.99999999997
dry_high_load,10640.0,0.25500116236084125,0.0034296773966389087,4.23388427589217e-09,1.539594282142607e-11,0.0010411678425392412,1.4324094240292699e-05,0.0,135461.36071200127,1863.6392879987145,137324.99999999997
dry_high_load,10650.0,0.255003896007641,0.0034296803397247983,4.209270035234302e-09,1.5306436491761095e-11,0.001041167688983022,1.4324247796511883e-05,0.0,135461.34073353713,1863.6592664628456,137324.99999999997
dry_high_load,10660.0,0.25500661376202716,0.0034296832657006726,4.184798892687404e-09,1.5217450518863284e-11,0.0010411675363195222,1.4324400460011879e-05,0.0,135461.32087122047,1863.679128779559,137325.00000000003
dry_high_load,10670.0,0.2550093157163923,0.0034296861746660034,4.160470016332347e-09,1.5128981877572168e-11,0.0010411673845435513,1.4324552235982627e-05,0.0,135461.30112437587,1863.6988756240937,137324.99999999997
dry_high_load,10680.0,0.2550120019625919,0.003429689066719683,4.1362825790857165e-09,1.5041027560311696e-11,0.00104116723364995,1.4324703129583895e-05,0.0,135461.28149233223,1863.7185076677615,137324.99999999997
dry_high_load,10690.0,0.25501467259194743,0.00342969194196003,4.112235758673127e-09,1.4953584576993185e-11,0.0010411670836335885,1.432485314594545e-05,0.0,135461.26197442203,1863.7380255779724,137324.99999999997
dry_high_load,10700.0,0.25501732769524954,0.0034296948004847905,4.088328737599363e-09,1.4866649954906773e-11,0.0010411669344893668,1.4325002290167243e-05,0.0,135461.24256998175,1863.7574300182569,137325.00000000003
dry_high_load,10710.0,0.25501996736276084,0.0034296976423911427,4.064560703124242e-09,1.4780220738633607e-11,0.0010411667862122145,1.432515056731957e-05,0.0,135461.2232783517,1863.7767216482862,137325.00000000003
dry_high_load,10720.0,0.2550225916842195,0.0034297004677757005,4.040930847228943e-09,1.4694293989923428e-11,0.0010411666387970908,1.432529798244326e-05,0.0,135461.2040988761,1863.7959011238986,137325.00000000003
dry_high_load,10730.0,0.2550252007488416,0.003429703276734515,4.017438366595889e-09,1.4608866787621414e-11,0.0010411664922389842,1.432544454054982e-05,0.0,135461.18503090288,1863.8149690971177,137325.00000000003
dry_high_load,10740.0,0.25502779464532493,0.00342970606936308,3.994082462574866e-09,1.4523936227544965e-11,0.0010411663465329124,1.4325590246621638e-05,0.0,135461.16607378382,1863.8339262161778,137325.00000000003
dry_high_load,10750.0,0.2550303734618514,0.003429708845756333,3.970862341160154e-09,1.4439499422400558e-11,0.0010411662016739218,1.432573510561213e-05,0.0,135461.14722687443,1863.8527731255438,137324.99999999997
dry_high_load,10760.0,0.25503293728609033,0.0034297116060086606,3.9477772129619385e-09,1.4355553501679776e-11,0.0010411660576570881,1.4325879122445913e-05,0.0,135461.12848953405,1863.871510465935,137325.00000000003
dry_high_load,10770.0,0.2550354862052013,0.003429714350213899,3.924826293179631e-09,1.4272095611562291e-11,0.001041165914477515,1.432602230201897e-05,0.0,135461.10986112565,1863.8901388743432,137324.99999999997
dry_high_load,10780.0,0.2550380203058372,0.0034297170784653415,3.9020088015745485e-09,1.4189122914816538e-11,0.0010411657721303353,1.4326164649198831e-05,0.0,135461.09134101594,1863.9086589840601,137325.00000000003
dry_high_load,10790.0,0.25504053967414725,0.003429719790855737,3.8793239624453536e-09,1.4106632590710374e-11,0.0010411656306107092,1.4326306168824722e-05,0.0,135461.07292857528,1863.9270714246936,137324.99999999997
dry_high_load,10800.0,0.25504304439577974,0.0034297224874772956,3.856771004598405e-09,1.4024621834903291e-11,0.0010411654899138262,1.4326446865707736e-05,0.0,135461.0546231778,1863.9453768221929,137324.99999999997
dry_high_load,10810.0,0.25504553455588497,0.0034297251684216917,3.834349161325738e-09,1.394308785936632e-11,0.001041165350034903,1.4326586744630995e-05,0.0,135461.03642420113,1863.9635757988665,137324.99999999997
dry_high_load,10820.0,0.2550480102391184,0.0034297278337800663,3.812057670374779e-09,1.3862027892271923e-11,0.0010411652109691843,1.432672581034982e-05,0.0,135461.0183310266,1863.9816689734066,137325.00000000003
dry_high_load,10830.0,0.25505047152964316,0.003429730483643031,3.789895773925268e-09,1.3781439177910064e-11,0.001041165072711942,1.4326864067591879e-05,0.0,135461.00034303908,1863.9996569609068,137324.99999999997
dry_high_load,10840.0,0.25505291851113315,0.0034297331181006706,3.767862718562997e-09,1.3701318976592713e-11,0.0010411649352584766,1.4327001521057355e-05,0.0,135460.98245962712,1864.0175403728867,137324.99999999997
dry_high_load,10850.0,0.25505535126677575,0.0034297357372425454,3.745957755253766e-09,1.362166456455915e-11,0.0010411647986041147,1.4327138175419107e-05,0.0,135460.9646801827,1864.0353198173082,137324.99999999997
dry_high_load,10860.0,0.255057769879275,0.0034297383411576966,3.7241801393162786e-09,1.3542473233877375e-11,0.001041164662744211,1.4327274035322836e-05,0.0,135460.94700410138,1864.0529958986024,137324.99999999997
dry_high_load,10870.0,0.25506017443085366,0.0034297409299346455,3.7025291304011744e-09,1.3463742292367906e-11,0.0010411645276741468,1.4327409105387223e-05,0.0,135460.92943078233,1864.0705692176828,137325.00000000003
dry_high_load,10880.0,0.2550625650032569,0.0034297435036614006,3.6810039924613865e-09,1.3385469063495948e-11,0.0010411643933893298,1.4327543390204105e-05,0.0,135460.91195962802,1864.0880403719718,137324.99999999997
dry_high_load,10890.0,0.25506494167775445,0.0034297460624254585,3.6596039937294818e-09,1.3307650886289024e-11,0.0010411642598851952,1.432767689433862e-05,0.0,135460.89459004457,1864.1054099554176,137324.99999999997
dry_high_load,10900.0,0.25506730453514354,0.0034297486063138063,3.638328406693097e-09,1.3230285115247624e-11,0.0010411641271572047,1.4327809622329363e-05,0.0,135460.87732144148,1864.1226785585152,137325.00000000003
dry_high_load,10910.0,0.2550696536557518,0.003429751135412926,3.617176508067622e-09,1.3153369120245894e-11,0.0010411639952008455,1.4327941578688553e-05,0.0,135460.86015323168,1864.1398467683273,137324.99999999997
dry_high_load,10920.0,0.2550719891194398,0.003429753649808797,3.5961475787746004e-09,1.3076900286453091e-11,0.0010411638640116319,1.4328072767902171e-05,0.0,135460.8430848315,1864.156915168504,137325.00000000003
dry_high_load,10930.0,0.25507431100560385,0.0034297561495868984,3.5752409039154723e-09,1.3000876014238081e-11,0.0010411637335851038,1.432820319443012e-05,0.0,135460.8261156607,1864.1738843393016,137324.99999999997
dry_high_load,10940.0,0.25507661939317866,0.003429758634832212,3.554455772748068e-09,1.2925293719083882e-11,0.0010411636039168275,1.432833286270637e-05,0.0,135460.8092451424,1864.1907548576023,137324.99999999997
dry_high_load,10950.0,0.25507891436064,0.003429761105629227,3.533791478662891e-09,1.285015083150142e-11,0.001041163475002395,1.432846177713911e-05,0.0,135460.79247270306,1864.2075272969355,137325.00000000003
dry_high_load,10960.0,0.2550811959860074,0.0034297635620619397,3.513247319157709e-09,1.2775444796937122e-11,0.001041163346837423,1.4328589942110917e-05,0.0,135460.7757977725,1864.224202227496,137324.99999999997
dry_high_load,10970.0,0.2550834643468471,0.0034297660042138596,3.492822595813199e-09,1.2701173075684358e-11,0.001041163219417555,1.4328717361978876e-05,0.0,135460.75921978382,1864.2407802161647,137324.99999999997
dry_high_load,10980.0,0.25508571952027387,0.003429768432168009,3.472516614273467e-09,1.2627333142812605e-11,0.0010411630927384594,1.4328844041074746e-05,0.0,135460.7427381735,1864.2572618265249,137325.00000000003
dry_high_load,10990.0,0.2550879615829546,0.0034297708460069294,3.4523286842166137e-09,1.2553922488060411e-11,0.001041162966795829,1.4328969983705103e-05,0.0,135460.7263523811,1864.2736476188848,137325.00000000003
dry_high_load,11000.0,0.2550901906111104,0.0034297732458126807,3.4322581193344056e-09,1.2480938615761473e-11,0.0010411628415853825,1.4329095194151486e-05,0.0,135460.71006184968,1864.2899381502953,137324.99999999997
dry_high_load,11010.0,0.25509240668051913,0.0034297756316668472,3.412304237308981e-09,1.2408379044759929e-11,0.0010411627171028634,1.4329219676670546e-05,0.0,135460.69386602542,1864.3061339745684,137324.99999999997
dry_high_load,11020.0,0.2550946098665181,0.0034297780036505383,3.3924663597904043e-09,1.2336241308328742e-11,0.00104116259334404,1.4329343435494178e-05,0.0,135460.6777643577,1864.3222356422964,137325.00000000003
dry_high_load,11030.0,0.2550968002440068,0.0034297803618443916,3.372743812369984e-09,1.2264522954072667e-11,0.001041162470304704,1.4329466474829685e-05,0.0,135460.66175629912,1864.3382437008702,137324.99999999994
dry_high_load,11040.0,0.25509897788744923,0.003429782706328576,3.353135924561215e-09,1.219322154385896e-11,0.001041162347980674,1.4329588798859903e-05,0.0,135460.64584130546,1864.3541586944998,137324.99999999997
dry_high_load,11050.0,0.2551011428708763,0.0034297850371827945,3.3336420297758488e-09,1.2122334653730358e-11,0.0010411622263677908,1.4329710411743354e-05,0.0,135460.6300188358,1864.3699811642296,137325.00000000003
dry_high_load,11060.0,0.2551032952678887,0.003429787354486287,3.3142614653008136e-09,1.205185987382114e-11,0.0010411621054619196,1.4329831317614381e-05,0.0,135460.61428835205,1864.3857116479599,137324.99999999997
dry_high_load,11070.0,0.2551054351516593,0.003429789658317832,3.294993572274708e-09,1.1981794808271663e-11,0.0010411619852589507,1.4329951520583298e-05,0.0,135460.59864931952,1864.4013506804633,137324.99999999997
dry_high_load,11080.0,0.2551075625949353,0.003429791948755751,3.27583769566853e-09,1.191213707515829e-11,0.0010411618657547976,1.433007102473651e-05,0.0,135460.5831012066,1864.416898793403,137325.00000000003
dry_high_load,11090.0,0.25510967767004117,0.0034297942258779087,3.256793184259634e-09,1.1842884306398668e-11,0.0010411617469453973,1.433018983413668e-05,0.0,135460.56764348465,1864.432356515352,137324.99999999997
dry_high_load,11100.0,0.25511178044888105,0.0034297964897617187,3.2378593906107627e-09,1.1774034147675499e-11,0.0010411616288267113,1.4330307952822844e-05,0.0,135460.5522756282,1864.4477243718102,137325.00000000003
dry_high_load,11110.0,0.2551138710029407,0.0034297987404841436,3.219035671051627e-09,1.1705584258369552e-11,0.0010411615113947233,1.4330425384810557e-05,0.0,135460.53699711474,1864.4630028852227,137324.99999999997
dry_high_load,11120.0,0.2551159494032907,0.0034298009781216993,3.200321385649894e-09,1.1637532311454159e-11,0.001041161394645442,1.4330542134092037e-05,0.0,135460.521807425,1864.4781925749974,137325.00000000003
dry_high_load,11130.0,0.255118015720588,0.003429803202750456,3.181715898197635e-09,1.1569875993445944e-11,0.0010411612785748976,1.4330658204636279e-05,0.0,135460.50670604248,1864.493293957521,137324.99999999997
dry_high_load,11140.0,0.25512007002507914,0.003429805414446042,3.163218576183161e-09,1.1502613004302402e-11,0.001041161163179145,1.4330773600389209e-05,0.0,135460.49169245386,1864.5083075461794,137325.00000000003
dry_high_load,11150.0,0.2551221123866021,0.003429807613283646,3.144828790772176e-09,1.1435741057353366e-11,0.0010411610484542602,1.433088832527382e-05,0.0,135460.4767661486,1864.5232338513747,137325.00000000003
dry_high_load,11160.0,0.2551241428745889,0.0034298097993380196,3.1265459167870263e-09,1.1369257879225548e-11,0.0010411609343963437,1.4331002383190293e-05,0.0,135460.46192661946,1864.53807338054,137324.99999999997
dry_high_load,11170.0,0.2551261615580679,0.0034298119726834803,3.108369332683829e-09,1.1303161209759377e-11,0.0010411608210015178,1.4331115778016132e-05,0.0,135460.4471733618,1864.552826638159,137324.99999999997
dry_high_load,11180.0,0.25512816850566616,0.003429814133393912,3.0902984205323556e-09,1.1237448801935836e-11,0.0010411607082659276,1.4331228513606302e-05,0.0,135460.43250587423,1864.5674941257835,137324.99999999997
dry_high_load,11190.0,0.25513016378561176,0.0034298162815427713,3.0723325659950677e-09,1.1172118421800245e-11,0.0010411605961857407,1.4331340593793356e-05,0.0,135460.41792365795,1864.5820763420475,137325.00000000003
dry_high_load,11200.0,0.2551321474657361,0.0034298184172030853,3.0544711583059414e-09,1.110716784838524e-11,0.0010411604847571465,1.4331452022387564e-05,0.0,135460.40342621732,1864.5965737826875,137325.00000000003
dry_high_load,11210.0,0.25513411961347626,0.0034298205404474586,3.0367135902492916e-09,1.1042594873633786e-11,0.001041160373976357,1.4331562803177052e-05,0.0,135460.38901305944,1864.6109869405584,137325.00000000003
dry_high_load,11220.0,0.25513608029587737,0.003429822651348073,3.019059258139231e-09,1.0978397302324475e-11,0.0010411602638396062,1.4331672939927913e-05,0.0,135460.37468369436,1864.6253163056492,137325.00000000003
dry_high_load,11230.0,0.2551380295795945,0.00342982474997669,3.001507561801247e-09,1.0914572952004533e-11,0.0010411601543431495,1.433178243638435e-05,0.0,135460.3604376349,1864.639562365099,137324.99999999997
dry_high_load,11240.0,0.2551399675308956,0.0034298268364046547,2.984057904548063e-09,1.0851119652902047e-11,0.0010411600454832653,1.4331891296268799e-05,0.0,135460.3462743968,1864.6537256032168,137325.00000000003
dry_high_load,11250.0,0.2551418942156629,0.003429828910702897,2.966709693162695e-09,1.0788035247864345e-11,0.0010411599372562518,1.4331999523282055e-05,0.0,135460.33219349847,1864.667806501495,137324.99999999997
dry_high_load,11260.0,0.25514380969939615,0.0034298309729419354,2.949462337874948e-09,1.0725317592272536e-11,0.0010411598296584305,1.43321071211034e-05,0.0,135460.31819446138,1864.6818055386273,137324.99999999997
dry_high_load,11270.0,0.2551457140472138,0.0034298330231918766,2.932315252346382e-09,1.0662964553986842e-11,0.0010411597226861432,1.4332214093390717e-05,0.0,135460.30427680947,1864.6957231905242,137324.99999999997
dry_high_load,11280.0,0.255147607323856,0.0034298350615224217,2.915267853645534e-09,1.0600974013256486e-11,0.0010411596163357533,1.4332320443780632e-05,0.0,135460.29044006966,1864.7095599303289,137324.99999999997
dry_high_load,11290.0,0.25514948959368655,0.003429837088002865,2.8983195622290736e-09,1.0539343862651176e-11,0.0010411595106036454,1.4332426175888632e-05,0.0,135460.27668377155,1864.7233162284351,137324.99999999997
dry_high_load,11300.0,0.255151360920695,0.003429839102702099,2.881469801923379e-09,1.0478072006994104e-11,0.0010411594054862247,1.4332531293309177e-05,0.0,135460.26300744747,1864.736992552501,137324.99999999997
dry_high_load,11310.0,0.25515322136849883,0.003429841105688615,2.8647179999063257e-09,1.0417156363295729e-11,0.0010411593009799181,1.433263579961583e-05,0.0,135460.2494106325,1864.7505893674656,137324.99999999997
dry_high_load,11320.0,0.25515507100034573,0.0034298430970305066,2.8480635866835706e-09,1.0356594860667529e-11,0.0010411591970811726,1.4332739698361388e-05,0.0,135460.23589286444,1864.7641071355665,137324.99999999997
dry_high_load,11330.0,0.2551569098791156,0.0034298450767954714,2.8315059960737275e-09,1.0296385440268099e-11,0.0010411590937864559,1.4332842993077978e-05,0.0,135460.22245368361,1864.7775463163518,137324.99999999997
dry_high_load,11340.0,0.255158738067323,0.0034298470450508135,2.8150446651846514e-09,1.0236526055216911e-11,0.0010411589910922568,1.433294568727721e-05,0.0,135460.2090926333,1864.7909073667001,137324.99999999997
dry_high_load,11350.0,0.25516055562711887,0.003429849001863445,2.7986790343979792e-09,1.0177014670538104e-11,0.0010411588889950839,1.4333047784450267e-05,0.0,135460.19580925917,1864.8041907408324,137325.00000000003
dry_high_load,11360.0,0.2551623626202928,0.0034298509472998904,2.782408547349649e-09,1.0117849263089631e-11,0.0010411587874914658,1.4333149288068037e-05,0.0,135460.18260310966,1864.8173968903297,137324.99999999997
dry_high_load,11370.0,0.25516415910827533,0.0034298528814262863,2.7662326509078757e-09,1.0059027821483182e-11,0.0010411586865779528,1.4333250201581233e-05,0.0,135460.16947373585,1864.8305262641477,137325.00000000003
dry_high_load,11380.0,0.2551659451521397,0.003429854804308385,2.7501507951587533e-09,1.000054834603183e-11,0.0010411585862511136,1.4333350528420507e-05,0.0,135460.1564206914,1864.8435793086314,137325.00000000003
dry_high_load,11390.0,0.2551677208126042,0.0034298567160115567,2.7341624333835954e-09,9.942408848667618e-12,0.0010411584865075373,1.4333450271996563e-05,0.0,135460.14344353243,1864.856556467532,137324.99999999997
dry_high_load,11400.0,0.2551694861500341,0.003429858616600792,2.7182670220430537e-09,9.88460735288383e-12,0.0010411583873438338,1.433354943570028e-05,0.0,135460.13054181798,1864.8694581820205,137325.00000000003
dry_high_load,11410.0,0.2551712412244437,0.0034298605061407026,2.7024640207578483e-09,9.827141893664901e-12,0.0010411582887566312,1.4333648022902818e-05,0.0,135460.11771510929,1864.8822848907018,137324.99999999997
dry_high_load,11420.0,0.2551729860954983,0.0034298623846955255,2.6867528922901326e-09,9.770010517418663e-12,0.0010411581907425783,1.4333746036955745e-05,0.0,135460.1049629704,1864.8950370296327,137325.00000000003
dry_high_load,11430.0,0.2551747208225167,0.0034298642523291245,2.671133102524435e-09,9.713211281907035e-12,0.0010411580932983427,1.4333843481191144e-05,0.0,135460.09228496763,1864.9077150323346,137324.99999999997
dry_high_load,11440.0,0.25517644546447227,0.0034298661091049904,2.6556041204530484e-09,9.656742256192903e-12,0.0010411579964206125,1.4333940358921717e-05,0.0,135460.07968067023,1864.9203193298067,137325.00000000003
dry_high_load,11450.0,0.2551781600799961,0.0034298679550862467,2.6401654181512533e-09,9.600601520550011e-12,0.001041157900106093,1.433403667344092e-05,0.0,135460.06714964943,1864.9328503505453,137324.99999999997
dry_high_load,11460.0,0.25517986472737797,0.0034298697903356497,2.624816470768001e-09,9.544787166429092e-12,0.001041157804351511,1.433413242802305e-05,0.0,135460.05469147945,1864.945308520554,137325.00000000003
dry_high_load,11470.0,0.25518155946456905,0.0034298716149155895,2.6095567565000796e-09,9.489297296363923e-12,0.0010411577091536106,1.4334227625923377e-05,0.0,135460.04230573663,1864.9576942633598,137324.99999999997
dry_high_load,11480.0,0.25518324434918355,0.003429873428888095,2.5943857565796192e-09,9.434130023925887e-12,0.0010411576145091556,1.4334322270378244e-05,0.0,135460.02999199994,1864.9700080000277,137324.99999999997
dry_high_load,11490.0,0.25518491943850075,0.003429875232314834,2.5793029552533406e-09,9.37928347364851e-12,0.0010411575204149286,1.4334416364605181e-05,0.0,135460.01774985078,1864.9822501491753,137324.99999999994
dry_high_load,11500.0,0.2551865847894669,0.003429877025257115,2.564307839767308e-09,9.324755780972027e-12,0.0010411574268677309,1.4334509911803008e-05,0.0,135460.005578873,1864.994421126986,137324.99999999997
dry_high_load,11510.0,0.255188240458697,0.0034298788077758917,2.549399900349777e-09,9.270545092181006e-12,0.0010411573338643821,1.4334602915151949e-05,0.0,135459.99347865276,1865.0065213472226,137325.00000000003
dry_high_load,11520.0,0.2551898865024773,0.003429880579931762,2.534578630189383e-09,9.21664956432503e-12,0.0010411572414017202,1.4334695377813744e-05,0.0,135459.98144877874,1865.0185512212452,137324.99999999997
dry_high_load,11530.0,0.25519152297676656,0.003429882341784972,2.519843525423919e-09,9.163067365177886e-12,0.0010411571494766021,1.4334787302931747e-05,0.0,135459.96948884198,1865.0305111580194,137324.99999999997
dry_high_load,11540.0,0.2551931499371982,0.0034298840933954175,2.505194085119794e-09,9.109796673162885e-12,0.0010411570580859029,1.4334878693631039e-05,0.0,135459.95759843584,1865.042401564135,137324.99999999997
dry_high_load,11550.0,0.25519476743908237,0.003429885834822647,2.4906298112550926e-09,9.056835677291244e-12,0.0010411569672265154,1.4334969553018534e-05,0.0,135459.94577715616,1865.054222843818,137324.99999999997
dry_high_load,11560.0,0.2551963755374076,0.0034298875661258606,2.4761502087028467e-09,9.00418257710126e-12,0.001041156876895351,1.4335059884183084e-05,0.0,135459.93402460107,1865.065975398944,137324.99999999997
dry_high_load,11570.0,0.25519797428684254,0.0034298892873639163,2.461754785216847e-09,8.951835582606714e-12,0.0010411567870893385,1.4335149690195578e-05,0.0,135459.92234037095,1865.0776596290514,137325.00000000003
dry_high_load,11580.0,0.2551995637417383,0.0034298909985953294,2.447443051410467e-09,8.899792914219879e-12,0.0010411566978054249,1.4335238974109059e-05,0.0,135459.91072406864,1865.0892759313567,137324.99999999997
dry_high_load,11590.0,0.2552011439561299,0.0034298926998782746,2.433214520742265e-09,8.848052802699146e-12,0.0010411566090405752,1.4335327738958818e-05,0.0,135459.89917529924,1865.1008247007676,137325.00000000003
dry_high_load,11600.0,0.2552027149837382,0.0034298943912705886,2.4190687095007355e-09,8.796613489093583e-12,0.0010411565207917716,1.4335415987762497e-05,0.0,135459.8876936701,1865.1123063298953,137325.00000000003
dry_high_load,11610.0,0.25520427687797176,0.0034298960728297717,2.405005136785252e-09,8.745473224673642e-12,0.001041156433056014,1.43355037235202e-05,0.0,135459.87627879094,1865.1237212090684,137325.00000000003
dry_high_load,11620.0,0.2552058296919286,0.0034298977446129905,2.391023324491667e-09,8.694630270878789e-12,0.0010411563458303194,1.4335590949214585e-05,0.0,135459.86493027364,1865.1350697263467,137324.99999999997
dry_high_load,11630.0,0.2552073734783982,0.0034298994066770784,2.3771227972945253e-09,8.644082899252819e-12,0.001041156259111723,1.4335677667810975e-05,0.0,135459.85364773247,1865.1463522675335,137325.00000000003
dry_high_load,11640.0,0.2552089082898631,0.0034299010590785393,2.363303082632028e-09,8.593829391389192e-12,0.0010411561728972765,1.4335763882257449e-05,0.0,135459.84243078378,1865.15756921619,137324.99999999997
dry_high_load,11650.0,0.25521043417850053,0.003429902701873548,2.3495637106903625e-09,8.543868038874045e-12,0.001041156087184049,1.4335849595484951e-05,0.0,135459.8312790463,1865.168720953647,137324.99999999997
dry_high_load,11660.0,0.2552119511961845,0.0034299043351179526,2.335904214386975e-09,8.49419714322536e-12,0.0010411560019691266,1.433593481040738e-05,0.0,135459.820192141,1865.1798078590175,137324.99999999997
dry_high_load,11670.0,0.2552134593944876,0.003429905958867277,2.3223241293536273e-09,8.444815015831372e-12,0.0010411559172496124,1.43360195299217e-05,0.0,135459.80916969082,1865.190830309212,137325.00000000003
dry_high_load,11680.0,0.25521495882468226,0.003429907573176722,2.308822993923694e-09,8.395719977904341e-12,0.0010411558330226261,1.4336103756908026e-05,0.0,135459.79821132106,1865.2017886789488,137325.00000000003
dry_high_load,11690.0,0.2552164495377432,0.003429909178101168,2.2954003491120442e-09,8.346910360407432e-12,0.0010411557492853041,1.4336187494229741e-05,0.0,135459.78731665923,1865.2126833407683,137324.99999999997
dry_high_load,11700.0,0.2552179315843486,0.003429910773695175,2.282055738603182e-09,8.29838450401157e-12,0.0010411556660348004,1.4336270744733571e-05,0.0,135459.77648533494,1865.2235146650446,137324.99999999997
dry_high_load,11710.0,0.25521940501488194,0.003429912360012988,2.2687887087353672e-09,8.250140759037697e-12,0.0010411555832682844,1.4336353511249695e-05,0.0,135459.76571698,1865.2342830199989,137325.00000000003
dry_high_load,11720.0,0.25522086987943393,0.003429913937108534,2.2555988084830366e-09,8.20217748539286e-12,0.0010411555009829422,1.4336435796591842e-05,0.0,135459.7550112283,1865.244988771712,137325.00000000003
dry_high_load,11730.0,0.25522232622780405,0.0034299155050354292,2.242485589442618e-09,8.15449305251861e-12,0.0010411554191759767,1.4336517603557373e-05,0.0,135459.74436771587,1865.2556322841351,137325.00000000003
dry_high_load,11740.0,0.25522377410950214,0.0034299170638469757,2.2294486058191895e-09,8.107085839342506e-12,0.0010411553378446067,1.4336598934927397e-05,0.0,135459.7337860809,1865.266213919105,137325.00000000003
dry_high_load,11750.0,0.25522521357375044,0.003429918613596167,2.2164874144065726e-09,8.059954234205718e-12,0.0010411552569860672,1.4336679793466853e-05,0.0,135459.72326596366,1865.2767340363546,137325.00000000003
dry_high_load,11760.0,0.2552266446694848,0.0034299201543356887,2.2036015745778047e-09,8.01309663482838e-12,0.0010411551765976094,1.4336760181924602e-05,0.0,135459.71280700646,1865.2871929935247,137324.99999999997
dry_high_load,11770.0,0.2552280674453568,0.0034299216861179193,2.190790648265445e-09,7.966511448237981e-12,0.0010411550966765006,1.4336840103033527e-05,0.0,135459.70240885383,1865.297591146178,137325.00000000003
dry_high_load,11780.0,0.2552294819497349,0.0034299232089949334,2.178054199951622e-09,7.920197090733169e-12,0.0010411550172200231,1.4336919559510615e-05,0.0,135459.69207115215,1865.3079288478093,137324.99999999994
dry_high_load,11790.0,0.25523088823070655,0.0034299247230185027,2.1653917966474923e-09,7.874151987809062e-12,0.0010411549382254768,1.4336998554057073e-05,0.0,135459.68179355015,1865.3182064498583,137324.99999999997
dry_high_load,11800.0,0.25523228633607964,0.003429926228240097,2.152803007883289e-09,7.82837457412105e-12,0.0010411548596901757,1.4337077089358389e-05,0.0,135459.67157569827,1865.328424301722,137325.00000000003
dry_high_load,11810.0,0.25523367631338406,0.0034299277247108895,2.1402874056909566e-09,7.78286329342166e-12,0.0010411547816114497,1.4337155168084446e-05,0.0,135459.66141724927,1865.3385827507657,137325.00000000003
dry_high_load,11820.0,0.25523505820987336,0.0034299292124817526,2.1278445645912346e-09,7.73761659851358e-12,0.0010411547039866445,1.4337232792889603e-05,0.0,135459.65131785767,1865.3486821423353,137325.00000000003
dry_high_load,11830.0,0.2552364320725265,0.0034299306916032645,2.1154740615773514e-09,7.692632951190367e-12,0.0010411546268131212,1.4337309966412792e-05,0.0,135459.6412771802,1865.3587228197698,137325.00000000003
dry_high_load,11840.0,0.25523779794804924,0.0034299321621257105,2.103175476102319e-09,7.64791082219025e-12,0.0010411545500882563,1.4337386691277601e-05,0.0,135459.63129487555,1865.3687051244115,137324.99999999997
dry_high_load,11850.0,0.2552391558828757,0.0034299336240990815,2.0909483900649574e-09,7.603448691145298e-12,0.0010411544738094416,1.433746297009236e-05,0.0,135459.62137060438,1865.378629395618,137324.99999999997
dry_high_load,11860.0,0.25524050592317027,0.003429935077573079,2.078792387793165e-09,7.559245046520599e-12,0.0010411543979740837,1.433753880545024e-05,0.0,135459.6115040292,1865.3884959707739,137324.99999999997
dry_high_load,11870.0,0.2552418481148288,0.0034299365225971146,2.066707056032272e-09,7.515298385571898e-12,0.0010411543225796046,1.4337614199929337e-05,0.0,135459.6016948147,1865.3983051853033,137324.99999999997
dry_high_load,11880.0,0.2552431825034804,0.0034299379592203144,2.054691983930007e-09,7.471607214290933e-12,0.0010411542476234411,1.4337689156092756e-05,0.0,135459.59194262733,1865.4080573726797,137324.99999999997
dry_high_load,11890.0,0.2552445091344888,0.0034299393874915166,2.0427467630227296e-09,7.428170047355378e-12,0.0010411541731030452,1.4337763676488705e-05,0.0,135459.58224713552,1865.4177528644377,137324.99999999997
dry_high_load,11900.0,0.25524582805295415,0.003429940807459277,2.030870987221458e-09,7.384985408078026e-12,0.0010411540990158835,1.4337837763650576e-05,0.0,135459.57260800982,1865.427391990185,137325.00000000003
dry_high_load,11910.0,0.2552471393037143,0.0034299422191718695,2.0190642527976782e-09,7.342051828355192e-12,0.0010411540253594369,1.433791142009703e-05,0.0,135459.5630249224,1865.4369750776125,137324.99999999997
dry_high_load,11920.0,0.25524844293134635,0.0034299436226772856,2.007326158371276e-09,7.299367848622822e-12,0.001041153952131202,1.4337984648332081e-05,0.0,135459.5534975475,1865.4465024525057,137325.00000000003
dry_high_load,11930.0,0.2552497389801685,0.0034299450180232394,1.9956563048935953e-09,7.2569320177948916e-12,0.0010411538793286888,1.43380574508452e-05,0.0,135459.54402556125,1865.4559744387575,137324.99999999997
dry_high_load,11940.0,0.2552510274942411,0.0034299464052571665,1.984054295637273e-09,7.214742893226446e-12,0.0010411538069494224,1.4338129830111379e-05,0.0,135459.53460864158,1865.4653913583772,137324.99999999994
dry_high_load,11950.0,0.2552523085173684,0.0034299477844262276,1.9725197361812055e-09,7.1727990406589286e-12,0.0010411537349909426,1.4338201788591213e-05,0.0,135459.52524646846,1865.4747535315016,137324.99999999997
dry_high_load,11960.0,0.25525358209310006,0.0034299491555773087,1.9610522343965723e-09,7.131099034169352e-12,0.001041153663450803,1.4338273328731004e-05,0.0,135459.5159387236,1865.4840612764067,137324.99999999997
dry_high_load,11970.0,0.25525484826473244,0.0034299505187570236,1.949651400434977e-09,7.089641456127188e-12,0.0010411535923265712,1.4338344452962825e-05,0.0,135459.50668509045,1865.4933149095177,137325.00000000003
dry_high_load,11980.0,0.2552561070753102,0.0034299518740117147,1.938316846714895e-09,7.048424897145072e-12,0.0010411535216158293,1.433841516370461e-05,0.0,135459.49748525454,1865.502514745421,137324.99999999997
dry_high_load,11990.0,0.25525735856762777,0.003429953221387455,1.9270481879076982e-09,7.007447956027993e-12,0.0010411534513161736,1.4338485463360237e-05,0.0,135459.4883389031,1865.5116610968732,137324.99999999997
dry_high_load,12000.0,0.2552586027842309,0.00342995456093005,1.915845040923466e-09,6.966709239721694e-12,0.0010411533814252143,1.433855535431961e-05,0.0,135459.47924572518,1865.5207542748137,137324.99999999997
dry_high_load,12010.0,0.2552598397674179,0.003429955892685039,1.904707024901457e-09,6.926207363278025e-12,0.0010411533119405753,1.4338624838958737e-05,0.0,135459.47020541164,1865.5297945883735,137325.00000000003
dry_high_load,12020.0,0.25526106955924116,0.0034299572166976958,1.8936337611940154e-09,6.8859409497964184e-12,0.001041153242859894,1.4338693919639818e-05,0.0,135459.4612176551,1865.5387823448868,137324.99999999997
dry_high_load,12030.0,0.2552622922015086,0.0034299585330130316,1.8826248733553467e-09,6.845908630383078e-12,0.0010411531741808227,1.4338762598711314e-05,0.0,135459.4522821501,1865.5477178499007,137325.00000000003
dry_high_load,12040.0,0.25526350773578516,0.003429959841675796,1.87167998712712e-09,6.806109044098616e-12,0.001041153105901026,1.4338830878508034e-05,0.0,135459.44339859282,1865.5566014071858,137324.99999999997
dry_high_load,12050.0,0.25526471620339397,0.003429961142730478,1.860798730428937e-09,6.766540837923406e-12,0.0010411530380181827,1.4338898761351215e-05,0.0,135459.43456668124,1865.5654333187476,137324.99999999997
dry_high_load,12060.0,0.2552659176454181,0.003429962436221308,1.8499807333409693e-09,6.727202666694433e-12,0.0010411529705299854,1.4338966249548596e-05,0.0,135459.42578611517,1865.574213884835,137324.99999999997
dry_high_load,12070.0,0.25526711210270175,0.00342996372219226,1.839225628095699e-09,6.688093193075268e-12,0.0010411529034341394,1.4339033345394508e-05,0.0,135459.41705659605,1865.5829434039517,137324.99999999997
dry_high_load,12080.0,0.2552682996158515,0.003429965000687051,1.8285330490635193e-09,6.649211087503705e-12,0.0010411528367283642,1.4339100051169929e-05,0.0,135459.40837782715,1865.5916221728655,137325.00000000003
dry_high_load,12090.0,0.25526948022523815,0.0034299662717491458,1.8179026327389704e-09,6.610555028141709e-12,0.0010411527704103913,1.4339166369142593e-05,0.0,135459.39974951337,1865.6002504866203,137324.99999999997
dry_high_load,12100.0,0.25527065397099746,0.003429967535421754,1.807334017732269e-09,6.572123700844613e-12,0.0010411527044779671,1.4339232301567037e-05,0.0,135459.39117136147,1865.608828638543,137325.00000000003
dry_high_load,12110.0,0.25527182089303213,0.0034299687917478364,1.7968268447525793e-09,6.533915799100287e-12,0.0010411526389288493,1.43392978506847e-05,0.0,135459.38264307976,1865.6173569202563,137325.00000000003
dry_high_load,12120.0,0.25527298103101265,0.0034299700407701026,1.7863807565997548e-09,6.495930023999107e-12,0.00104115257376081,1.433936301872398e-05,0.0,135459.3741643783,1865.6258356216865,137324.99999999997
dry_high_load,12130.0,0.2552741344243792,0.003429971282531014,1.775995398147609e-09,6.458165084173123e-12,0.0010411525089716336,1.4339427807900333e-05,0.0,135459.36573496892,1865.6342650310762,137324.99999999997
dry_high_load,12140.0,0.2552752811123424,0.0034299725170727864,1.7656704163365043e-09,6.420619695769106e-12,0.0010411524445591174,1.4339492220416325e-05,0.0,135459.35735456497,1865.6426454349908,137324.99999999994
dry_high_load,12150.0,0.25527642113388493,0.003429973744437388,1.7554054601591635e-09,6.3832925823969574e-12,0.0010411523805210722,1.4339556258461721e-05,0.0,135459.34902288165,1865.6509771183298,137324.99999999997
dry_high_load,12160.0,0.25527755452776296,0.003429974964666545,1.745200180648812e-09,6.346182475086588e-12,0.0010411523168553205,1.4339619924213555e-05,0.0,135459.34073963566,1865.6592603643367,137324.99999999997
dry_high_load,12170.0,0.2552786813325072,0.00342997617780174,1.7350542308679546e-09,6.309288112247107e-12,0.0010411522535596978,1.4339683219836201e-05,0.0,135459.3325045454,1865.6674954546077,137324.99999999997
dry_high_load,12180.0,0.25527980158642455,0.003429977383884214,1.7249672658943988e-09,6.272608239615994e-12,0.0010411521906320527,1.433974614748146e-05,0.0,135459.32431733093,1865.6756826691037,137325.00000000003
dry_high_load,12190.0,0.2552809153275991,0.0034299785829549705,1.7149389428119382e-09,6.2361416102252285e-12,0.0010411521280702454,1.4339808709288612e-05,0.0,135459.31617771386,1865.6838222861559,137325.00000000003
dry_high_load,12200.0,0.2552820225938934,0.0034299797750547718,1.7049689206999759e-09,6.199886984363548e-12,0.0010411520658721494,1.4339870907384501e-05,0.0,135459.3080854175,1865.691914582478,137324.99999999997
dry_high_load,12210.0,0.2552831234229501,0.003429980960224145,1.695056860616584e-09,6.16384312951485e-12,0.0010411520040356503,1.4339932743883618e-05,0.0,135459.3000401668,1865.699959833176,137324.99999999997
dry_high_load,12220.0,0.2552842178521929,0.0034299821385033805,1.6852024255934213e-09,6.128008820339713e-12,0.001041151942558646,1.4339994220888148e-05,0.0,135459.29204168826,1865.7079583117552,137325.00000000003
dry_high_load,12230.0,0.2552853059188281,0.0034299833099325355,1.6754052806173106e-09,6.092382838608401e-12,0.001041151881439046,1.4340055340488065e-05,0.0,135459.28408970986,1865.7159102901328,137325.00000000003
dry_high_load,12240.0,0.2552863876598454,0.003429984474551434,1.6656650926266384e-09,6.056963973187775e-12,0.0010411518206747729,1.4340116104761183e-05,0.0,135459.27618396137,1865.723816038642,137325.00000000003
dry_high_load,12250.0,0.2552874631120196,0.0034299856323996678,1.655981530494838e-09,6.021751019981228e-12,0.0010411517602637607,1.4340176515773242e-05,0.0,135459.26832417396,1865.7316758260474,137324.99999999997
dry_high_load,12260.0,0.2552885323119118,0.003429986783516599,1.646354265019378e-09,5.986742781888647e-12,0.0010411517002039562,1.4340236575577972e-05,0.0,135459.26051008046,1865.7394899195492,137325.00000000003
dry_high_load,12270.0,0.25528959529587036,0.0034299879279413616,1.636782968912657e-09,5.951938068773298e-12,0.0010411516404933167,1.4340296286217162e-05,0.0,135459.2527414152,1865.7472585847956,137324.99999999997
dry_high_load,12280.0,0.2552906521000326,0.003429989065712861,1.6272673167882388e-09,5.917335697411777e-12,0.0010411515811298133,1.4340355649720735e-05,0.0,135459.2450179141,1865.7549820858892,137324.99999999997
dry_high_load,12290.0,0.2552917027603254,0.0034299901968697765,1.6178069851536529e-09,5.882934491467828e-12,0.0010411515221114272,1.4340414668106808e-05,0.0,135459.2373393146,1865.7626606853978,137324.99999999997
dry_high_load,12300.0,0.25529274731246704,0.003429991321450563,1.6084016523962066e-09,5.848733281440751e-12,0.0010411514634361522,1.4340473343381762e-05,0.0,135459.22970535562,1865.7702946443628,137324.99999999997
dry_high_load,12310.0,0.255293785791968,0.0034299924394934522,1.5990509987721857e-09,5.814730904626129e-12,0.0010411514051019935,1.4340531677540322e-05,0.0,135459.22211577767,1865.7778842223079,137324.99999999997
dry_high_load,12320.0,0.25529481823413236,0.0034299935510364527,1.5897547063977483e-09,5.78092620508272e-12,0.0010411513471069683,1.4340589672565613e-05,0.0,135459.21457032274,1865.7854296772475,137324.99999999997
dry_high_load,12330.0,0.25529584467405897,0.0034299946561173523,1.5805124592366431e-09,5.747318033587792e-12,0.0010411512894491048,1.4340647330429226e-05,0.0,135459.2070687343,1865.792931265696,137325.00000000003
dry_high_load,12340.0,0.25529686514664257,0.003429995754773719,1.5713239430904689e-09,5.713905247601704e-12,0.0010411512321264428,1.4340704653091297e-05,0.0,135459.19961075732,1865.800389242678,137325.00000000003
dry_high_load,12350.0,0.2552978796865753,0.0034299968470429035,1.5621888455849094e-09,5.680686711217852e-12,0.0010411511751370333,1.4340761642500569e-05,0.0,135459.19219613826,1865.8078038617339,137324.99999999997
dry_high_load,12360.0,0.2552988883283473,0.003429997932962038,1.5531068561648638e-09,5.647661295144959e-12,0.0010411511184789395,1.4340818300594448e-05,0.0,135459.18482462506,1865.8151753749316,137324.99999999997
dry_high_load,12370.0,0.25529989110624823,0.0034299990125680395,1.5440776660800466e-09,5.614827876654714e-12,0.001041151062150235,1.434087462929908e-05,0.0,135459.17749596713,1865.8225040328723,137325.00000000003
dry_high_load,12380.0,0.2553008880543685,0.00343000008589761,1.5351009683741879e-09,5.5821853395425006e-12,0.0010411510061490044,1.434093063052941e-05,0.0,135459.1702099153,1865.8297900847,137324.99999999997
dry_high_load,12390.0,0.2553018792066004,0.0034300011529872386,1.5261764578752929e-09,5.549732574091973e-12,0.0010411509504733448,1.4340986306189256e-05,0.0,135459.1629662219,1865.8370337781114,137325.00000000003
dry_high_load,12400.0,0.255302864596639,0.003430002213873202,1.5173038311871713e-09,5.517468477044259e-12,0.0010411508951213627,1.4341041658171362e-05,0.0,135459.15576464063,1865.8442353593625,137325.00000000003
dry_high_load,12410.0,0.2553038442579835,0.0034300032685915657,1.5084827866763084e-09,5.485391951550212e-12,0.0010411508400911763,1.4341096688357472e-05,0.0,135459.14860492668,1865.8513950732781,137324.99999999994
dry_high_load,12420.0,0.2553048182239385,0.003430004317178186,1.4997130244629713e-09,5.453501907138077e-12,0.0010411507853809157,1.4341151398618388e-05,0.0,135459.14148683674,1865.858513163259,137325.00000000003
dry_high_load,12430.0,0.25530578652761493,0.0034300053596687105,1.4909942464106207e-09,5.421797259674983e-12,0.0010411507309887199,1.4341205790814037e-05,0.0,135459.1344101287,1865.865589871292,137324.99999999997
dry_high_load,12440.0,0.2553067492019312,0.0034300063960985804,1.4823261561153233e-09,5.390276931328447e-12,0.0010411506769127405,1.4341259866793537e-05,0.0,135459.12737456203,1865.8726254379562,137325.00000000003
dry_high_load,12450.0,0.2553077062796142,0.003430007426503029,1.473708458898552e-09,5.358939850540189e-12,0.0010411506231511388,1.434131362839525e-05,0.0,135459.1203798976,1865.8796201024327,137325.00000000003
dry_high_load,12460.0,0.2553086577932008,0.0034300084509170867,1.4651408617929978e-09,5.327784951974537e-12,0.0010411505697020872,1.434136707744685e-05,0.0,135459.1134258975,1865.8865741025108,137324.99999999997
dry_high_load,12470.0,0.25530960377503853,0.003430009469375579,1.456623073534947e-09,5.296811176490716e-12,0.0010411505165637688,1.434142021576539e-05,0.0,135459.1065123254,1865.8934876745989,137325.00000000003
dry_high_load,12480.0,0.255310544257287,0.00343001048191313,1.448154804554328e-09,5.266017471106647e-12,0.0010411504637343764,1.4341473045157355e-05,0.0,135459.09963894624,1865.9003610537306,137324.99999999994
dry_high_load,12490.0,0.2553114792719187,0.0034300114885641607,1.439735766964759e-09,5.235402788962759e-12,0.0010411504112121152,1.4341525567418732e-05,0.0,135459.0928055264,1865.9071944735722,137324.99999999997
dry_high_load,12500.0,0.25531240885072043,0.003430012489362894,1.4313656745527485e-09,5.204966089282721e-12,0.001041150358995199,1.4341577784335064e-05,0.0,135459.08601183357,1865.9139881664328,137325.00000000003
dry_high_load,12510.0,0.2553133330252941,0.003430013484343353,1.423044242768801e-09,5.174706337341093e-12,0.0010411503070818524,1.4341629697681517e-05,0.0,135459.07925763674,1865.9207423632708,137324.99999999997
dry_high_load,12520.0,0.25531425182705786,0.0034300144735393626,1.414771188717888e-09,5.144622504428683e-12,0.001041150255470311,1.4341681309222933e-05,0.0,135459.07254270627,1865.9274572937009,137324.99999999997
dry_high_load,12530.0,0.25531516528724724,0.003430015456984552,1.4065462311501312e-09,5.114713567818658e-12,0.00104115020415882,1.4341732620713893e-05,0.0,135459.065866814,1865.934133186003,137324.99999999997
dry_high_load,12540.0,0.25531607343691615,0.0034300164347123535,1.3983690904508489e-09,5.084978510730359e-12,0.001041150153145635,1.434178363389878e-05,0.0,135459.05922973287,1865.9407702671315,137324.99999999997
dry_high_load,12550.0,0.25531697630693806,0.003430017406756007,1.3902394886295453e-09,5.055416322289255e-12,0.001041150102429022,1.4341834350511837e-05,0.0,135459.05263123728,1865.9473687627192,137324.99999999997
dry_high_load,12560.0,0.2553178739280069,0.0034300183731485567,1.3821571493124988e-09,5.026025997499995e-12,0.0010411500520072566,1.4341884772277226e-05,0.0,135459.04607110287,1865.9539288970898,137324.99999999997
dry_high_load,12570.0,0.2553187663306381,0.0034300193339228575,1.374121797733868e-09,4.9968065372140645e-12,0.0010411500018786249,1.4341934900909078e-05,0.0,135459.03954910676,1865.9604508932596,137324.99999999997
dry_high_load,12580.0,0.25531965354516983,0.003430020289111571,1.3661331607229862e-09,4.967756948083585e-12,0.0010411499520414226,1.4341984738111567e-05,0.0,135459.0330650271,1865.966934972951,137325.00000000003
dry_high_load,12590.0,0.2553205356017636,0.0034300212387471693,1.35819096670055e-09,4.9388762425474536e-12,0.0010411499024939551,1.4342034285578948e-05,0.0,135459.0266186434,1865.9733813565958,137325.00000000003
dry_high_load,12600.0,0.25532141253040586,0.003430022182861937,1.3502949456629492e-09,4.91016343877436e-12,0.0010411498532345383,1.4342083544995641e-05,0.0,135459.02020973666,1865.9797902633447,137324.99999999997
dry_high_load,12610.0,0.2553222843609086,0.00343002312148797,1.3424448291778193e-09,4.881617560646615e-12,0.0010411498042614978,1.4342132518036262e-05,0.0,135459.01383808893,1865.986161911075,137325.00000000003
dry_high_load,12620.0,0.2553231511229106,0.003430024054657177,1.3346403503721837e-09,4.853237637717031e-12,0.0010411497555731682,1.4342181206365701e-05,0.0,135459.0075034836,1865.9924965163973,137324.99999999997
dry_high_load,12630.0,0.25532401284587813,0.003430024982401283,1.3268812439269477e-09,4.8250227051889e-12,0.0010411497071678949,1.434222961163916e-05,0.0,135459.00120570534,1865.9987942946614,137325.00000000003
dry_high_load,12640.0,0.25532486955910644,0.0034300259047518275,1.3191672460620756e-09,4.796971803862092e-12,0.0010411496590440317,1.4342277735502225e-05,0.0,135458.99494454003,1866.0050554599677,137324.99999999997
dry_high_load,12650.0,0.25532572129172015,0.003430026821740166,1.3114980945346846e-09,4.769083980126125e-12,0.001041149611199943,1.434232557959091e-05,0.0,135458.98871977482,1866.0112802251695,137324.99999999997
dry_high_load,12660.0,0.25532656807267484,0.003430027733397473,1.303873528623163e-09,4.74135828590241e-12,0.0010411495636340024,1.434237314553172e-05,0.0,135458.98253119813,1866.0174688018833,137325.00000000003
dry_high_load,12670.0,0.25532740993075753,0.0034300286397547404,1.2962932891244176e-09,4.713793778634245e-12,0.0010411495163445922,1.4342420434941706e-05,0.0,135458.97637859947,1866.0236214004963,137324.99999999997
dry_high_load,12680.0,0.25532824689458805,0.0034300295408427814,1.2887571183403208e-09,4.68638952123753e-12,0.0010411494693301055,1.4342467449428514e-05,0.0,135458.9702617698,1866.0297382301717,137324.99999999997
dry_high_load,12690.0,0.2553290789926197,0.0034300304366922294,1.281264760072417e-09,4.659144582081516e-12,0.0010411494225889435,1.4342514190590447e-05,0.0,135458.96418050115,1866.0358194988567,137324.99999999997
dry_high_load,12700.0,0.25532990625314056,0.003430031327333539,1.2738159596096405e-09,4.6320580349441464e-12,0.0010411493761195176,1.4342560660016515e-05,0.0,135458.95813458675,1866.04186541329,137325.00000000003
dry_high_load,12710.0,0.255330728704274,0.0034300322127969888,1.2664104637242917e-09,4.6051289589974245e-12,0.0010411493299202475,1.4342606859286487e-05,0.0,135458.952123821,1866.0478761790075,137324.99999999997
dry_high_load,12720.0,0.25533154637398003,0.0034300330931126806,1.2590480206591207e-09,4.5783564387604385e-12,0.0010411492839895629,1.4342652789970953e-05,0.0,135458.9461479996,1866.053852000352,137324.99999999997
dry_high_load,12730.0,0.25533235929005615,0.0034300339683105423,1.2517283801209735e-09,4.5517395640762665e-12,0.0010411492383259027,1.434269845363137e-05,0.0,135458.94020691953,1866.0597930804759,137325.00000000003
dry_high_load,12740.0,0.25533316748013823,0.003430034838420326,1.2444512932714757e-09,4.525277430078093e-12,0.0010411491929277138,1.4342743851820118e-05,0.0,135458.93430037863,1866.065699621353,137324.99999999997
dry_high_load,12750.0,0.25533397097170146,0.003430035703471613,1.2372165127191966e-09,4.498969137160714e-12,0.0010411491477934534,1.4342788986080553e-05,0.0,135458.9284281762,1866.071571823781,137324.99999999997
dry_high_load,12760.0,0.2553347697920612,0.003430036563493811,1.2300237925116028e-09,4.472813790951282e-12,0.0010411491029215867,1.434283385794705e-05,0.0,135458.92259011258,1866.077409887391,137324.99999999994
dry_high_load,12770.0,0.25533556396837426,0.0034300374185161574,1.2228728881240468e-09,4.4468105022692606e-12,0.0010411490583105887,1.434287846894508e-05,0.0,135458.91678598934,1866.0832140106543,137324.99999999994
dry_high_load,12780.0,0.25533635352763934,0.003430038268567719,1.2157635564555316e-09,4.420958387111024e-12,0.0010411490139589426,1.434292282059123e-05,0.0,135458.91101560908,1866.0889843908865,137324.99999999997
dry_high_load,12790.0,0.2553371384966982,0.0034300391136773954,1.2086955558176994e-09,4.395256566609816e-12,0.0010411489698651407,1.4342966914393276e-05,0.0,135458.90527877572,1866.0947212242581,137324.99999999997
dry_high_load,12800.0,0.25533791890223667,0.0034300399538739154,1.2016686459272084e-09,4.3697041670080296e-12,0.0010411489260276836,1.4343010751850232e-05,0.0,135458.8995752942,1866.1004247057974,137324.99999999994
dry_high_load,12810.0,0.25533869477078536,0.003430040789185843,1.1946825878972622e-09,4.3443003196264075e-12,0.0010411488824450816,1.4343054334452392e-05,0.0,135458.8939049706,1866.1060950294002,137324.99999999997
dry_high_load,12820.0,0.25533946612872066,0.0034300416196415755,1.1877371442304105e-09,4.319044160837855e-12,0.0010411488391158527,1.4343097663681388e-05,0.0,135458.88826761217,1866.1117323878343,137325.00000000003
dry_high_load,12830.0,0.25534023300226555,0.0034300424452693447,1.180832078810078e-09,4.2939348320366466e-12,0.001041148796038524,1.4343140741010237e-05,0.0,135458.88266302727,1866.117336972747,137325.00000000003
dry_high_load,12840.0,0.25534099541749067,0.0034300432660972187,1.1739671568918833e-09,4.268971479606848e-12,0.0010411487532116304,1.4343183567903392e-05,0.0,135458.8770910253,1866.1229089746707,137324.99999999997
dry_high_load,12850.0,0.25534175340031506,0.003430044082153102,1.1671421450960147e-09,4.244153254894599e-12,0.0010411487106337172,1.4343226145816796e-05,0.0,135458.87155141696,1866.1284485830322,137324.99999999997
dry_high_load,12860.0,0.255342506976507,0.003430044893464738,1.1603568114002426e-09,4.2194793141827e-12,0.0010411486683033363,1.4343268476197924e-05,0.0,135458.86604401385,1866.1339559861547,137325.00000000003
dry_high_load,12870.0,0.2553432561716851,0.0034300457000597077,1.1536109251306023e-09,4.194948818656735e-12,0.0010411486262190482,1.4343310560485837e-05,0.0,135458.86056862873,1866.1394313712676,137324.99999999997
dry_high_load,12880.0,0.2553440010113189,0.003430046501965432,1.146904256953982e-09,4.170560934378116e-12,0.0010411485843794229,1.4343352400111231e-05,0.0,135458.8551250755,1866.1448749245126,137325.00000000003
dry_high_load,12890.0,0.25534474152072995,0.003430047299209172,1.1402365788709235e-09,4.1463148322579035e-12,0.0010411485427830373,1.4343393996496486e-05,0.0,135458.849713169,1866.1502868309478,137324.99999999994
dry_high_load,12900.0,0.2553454777250926,0.0034300480918180313,1.133607664207575e-09,4.122209688027545e-12,0.0010411485014284784,1.434343535105571e-05,0.0,135458.84433272545,1866.1556672745564,137325.00000000003
dry_high_load,12910.0,0.2553462096494348,0.0034300488798189553,1.1270172876076446e-09,4.098244682209616e-12,0.0010411484603143394,1.4343476465194786e-05,0.0,135458.83898356179,1866.1610164382514,137325.00000000003
dry_high_load,12920.0,0.25534693731863894,0.0034300496632387323,1.1204652250249884e-09,4.0744190000908664e-12,0.0010411484194392227,1.4343517340311432e-05,0.0,135458.83366549612,1866.166334503883,137325.00000000003
dry_high_load,12930.0,0.25534766075744286,0.0034300504421039962,1.1139512537166228e-09,4.05073183169681e-12,0.0010411483788017389,1.4343557977795232e-05,0.0,135458.82837834777,1866.1716216522436,137325.00000000003
dry_high_load,12940.0,0.25534837999044063,0.0034300512164412247,1.107475152232772e-09,4.0271823717555335e-12,0.0010411483384005064,1.4343598379027702e-05,0.0,135458.82312193693,1866.1768780630748,137325.00000000003
dry_high_load,12950.0,0.25534909504208314,0.0034300519862767425,1.1010367004132672e-09,4.0037698196846076e-12,0.0010411482982341518,1.4343638545382316e-05,0.0,135458.81789608495,1866.1821039150734,137325.00000000003
dry_high_load,12960.0,0.25534980593667933,0.0034300527516367206,1.0946356793763249e-09,3.980493379550271e-12,0.0010411482583013094,1.4343678478224568e-05,0.0,135458.81270061407,1866.1872993858972,137324.99999999997
dry_high_load,12970.0,0.25535051269839665,0.0034300535125471785,1.088271871513675e-09,3.9573522600497274e-12,0.001041148218600622,1.4343718178912009e-05,0.0,135458.80753534782,1866.1924646521707,137324.99999999997
dry_high_load,12980.0,0.25535121535126215,0.0034300542690339835,1.081945060481668e-09,3.934345674478792e-12,0.0010411481791307397,1.4343757648794305e-05,0.0,135458.80240011052,1866.197599889492,137325.00000000003
dry_high_load,12990.0,0.25535191391916323,0.0034300550211228535,1.0756550311938627e-09,3.911472840704954e-12,0.0010411481398903207,1.4343796889213274e-05,0.0,135458.79729472756,1866.2027052724393,137324.99999999997
dry_high_load,13000.0,0.25535260842584845,0.0034300557688393563,1.069401569813827e-09,3.888732981141189e-12,0.001041148100878031,1.4343835901502931e-05,0.0,135458.7922190254,1866.2077809745745,137324.99999999997
dry_high_load,13010.0,0.25535329889492797,0.0034300565122089115,1.0631844637519615e-09,3.866125322734404e-12,0.0010411480620925444,1.434387468698953e-05,0.0,135458.7871728315,1866.21282716845,137324.99999999997
dry_high_load,13020.0,0.25535398534987513,0.0034300572512567904,1.0570035016496168e-09,3.843649096907697e-12,0.0010411480235325424,1.4343913246991627e-05,0.0,135458.7821559744,1866.217844025617,137325.00000000003
dry_high_load,13030.0,0.25535466781402655,0.0034300579860081174,1.0508584733801535e-09,3.821303539564194e-12,0.001041147985196714,1.4343951582820097e-05,0.0,135458.77716828338,1866.2228317166278,137325.00000000003
dry_high_load,13040.0,0.2553553463105833,0.003430058716487872,1.0447491700366594e-09,3.7990878910423975e-12,0.001041147947083756,1.4343989695778215e-05,0.0,135458.77220958896,1866.2277904110442,137325.00000000003
dry_high_load,13050.0,0.25535602086261144,0.003430059442720886,1.0386753839285616e-09,3.77700139610386e-12,0.0010411479091923723,1.4344027587161654e-05,0.0,135458.76727972255,1866.2327202774406,137324.99999999997
dry_high_load,13060.0,0.255356691493043,0.0034300601647318497,1.0326369085714623e-09,3.755043303896227e-12,0.0010411478715212754,1.4344065258258577e-05,0.0,135458.76237851658,1866.2376214834137,137324.99999999997
dry_high_load,13070.0,0.2553573582246768,0.0034300608825453085,1.0266335386812093e-09,3.7332128679316694e-12,0.0010411478340691842,1.4344102710349645e-05,0.0,135458.7575058044,1866.242494195584,137324.99999999997
dry_high_load,13080.0,0.25535802108017885,0.003430061596185664,1.0206650701686019e-09,3.711509346067643e-12,0.001041147796834826,1.4344139944708074e-05,0.0,135458.7526614204,1866.2473385796036,137325.00000000003
dry_high_load,13090.0,0.25535868008208373,0.0034300623056771782,1.0147313001285917e-09,3.689932000467605e-12,0.0010411477598169343,1.4344176962599688e-05,0.0,135458.74784519983,1866.2521548001623,137324.99999999997
dry_high_load,13100.0,0.25535933525279464,0.0034300630110439705,1.0088320268383766e-09,3.668480097594096e-12,0.001041147723014251,1.434421376528294e-05,0.0,135458.743056979,1866.2569430209921,137324.99999999997
dry_high_load,13110.0,0.2553599866145849,0.003430063712310021,1.0029670497453303e-09,3.647152908164837e-12,0.0010411476864255252,1.4344250354008973e-05,0.0,135458.73829659514,1866.2617034048733,137325.00000000003
dry_high_load,13120.0,0.25536063418959803,0.003430064409499169,9.971361694655204e-10,3.6259497071473463e-12,0.0010411476500495123,1.4344286730021655e-05,0.0,135458.73356388637,1866.2664361136397,137324.99999999997
dry_high_load,13130.0,0.25536127799984915,0.003430065102635117,9.913391877703673e-10,3.6048697737104263e-12,0.0010411476138849764,1.4344322894557627e-05,0.0,135458.72885869181,1866.2711413081836,137324.99999999997
dry_high_load,13140.0,0.2553619180672249,0.003430065791741428,9.855759075889737e-10,3.5839123912326307e-12,0.0010411475779306875,1.4344358848846329e-05,0.0,135458.72418085154,1866.2758191484627,137324.99999999997
dry_high_load,13150.0,0.2553625544134852,0.003430066476841529,9.798461329909722e-10,3.5630768472398982e-12,0.0010411475421854238,1.4344394594110066e-05,0.0,135458.71953020646,1866.2804697935046,137324.99999999997
dry_high_load,13160.0,0.25536318706026323,0.0034300671579587114,9.741496691877959e-10,3.5423624334101663e-12,0.00104114750664797,1.4344430131564035e-05,0.0,135458.7149065986,1866.2850934014134,137324.99999999997
dry_high_load,13170.0,0.2553638160290664,0.00343006783511613,9.684863225227255e-10,3.521768445537183e-12,0.0010411474713171176,1.4344465462416362e-05,0.0,135458.71030987063,1866.2896901293716,137324.99999999997
dry_high_load,13180.0,0.255364441341277,0.003430068508336805,9.628559004651721e-10,3.5012941835097166e-12,0.001041147436191666,1.434450058786815e-05,0.0,135458.70573986636,1866.29426013365,137325.00000000003
dry_high_load,13190.0,0.25536506301815315,0.0034300691776436233,9.572582116043244e-10,3.480938951288452e-12,0.0010411474012704204,1.4344535509113524e-05,0.0,135458.7011964304,1866.2988035696098,137324.99999999997
dry_high_load,13200.0,0.2553656810808295,0.003430069843059339,9.516930656389842e-10,3.460702056869033e-12,0.0010411473665521943,1.434457022733967e-05,0.0,135458.69667940828,1866.3033205917106,137324.99999999997
dry_high_load,13210.0,0.25536629555031753,0.003430070504606573,9.461602733792604e-10,3.440582812288219e-12,0.0010411473320358071,1.434460474372686e-05,0.0,135458.69218864647,1866.3078113535114,137324.99999999997
dry_high_load,13220.0,0.2553669064475067,0.003430071162307816,9.406596467317464e-10,3.4205805335699864e-12,0.0010411472977200854,1.4344639059448514e-05,0.0,135458.6877239923,1866.312276007681,137324.99999999997
dry_high_load,13230.0,0.255367513793165,0.0034300718161854264,9.35190998698037e-10,3.4006945407201337e-12,0.0010411472636038628,1.4344673175671224e-05,0.0,135458.68328529398,1866.3167147059978,137324.99999999997
dry_high_load,13240.0,0.2553681176079399,0.0034300724662616336,9.297541433647766e-10,3.3809241576900963e-12,0.001041147229685979,1.4344707093554809e-05,0.0,135458.67887240063,1866.3211275993615,137324.99999999997
dry_high_load,13250.0,0.2553687179123585,0.0034300731125585376,9.243488959028116e-10,3.36126871237386e-12,0.0010411471959652816,1.4344740814252333e-05,0.0,135458.6744851622,1866.3255148377916,137324.99999999997
dry_high_load,13260.0,0.25536931472682867,0.0034300737550981104,9.189750725551202e-10,3.341727536564073e-12,0.001041147162440624,1.4344774338910165e-05,0.0,135458.67012342956,1866.3298765704362,137325.00000000003
dry_high_load,13270.0,0.25536990807163984,0.0034300743939021947,9.136324906323659e-10,3.3222999659358757e-12,0.001041147129110866,1.4344807668668011e-05,0.0,135458.6657870544,1866.3342129455773,137324.99999999997
dry_high_load,13280.0,0.2553704979669632,0.0034300750289925084,9.083209685097208e-10,3.302985340035348e-12,0.0010411470959748748,1.4344840804658946e-05,0.0,135458.66147588936,1866.3385241106337,137324.99999999994
dry_high_load,13290.0,0.25537108443285295,0.003430075660390641,9.030403256158541e-10,3.283783002239469e-12,0.0010411470630315245,1.4344873748009461e-05,0.0,135458.65718978783,1866.3428102121677,137324.99999999997
dry_high_load,13300.0,0.25537166748924633,0.003430076288118058,8.977903824318735e-10,3.2646922997522667e-12,0.0010411470302796944,1.4344906499839489e-05,0.0,135458.6529286041,1866.3470713958884,137324.99999999997
dry_high_load,13310.0,0.25537224715596507,0.0034300769121960993,8.925709604794666e-10,3.2457125835616964e-12,0.0010411469977182717,1.4344939061262465e-05,0.0,135458.64869219335,1866.3513078066603,137325.00000000003
dry_high_load,13320.0,0.2553728234527155,0.0034300775326459813,8.873818823196307e-10,3.2268432084350203e-12,0.0010411469653461485,1.4344971433385349e-05,0.0,135458.6444804115,1866.3555195885035,137324.99999999994
dry_high_load,13330.0,0.2553733963990893,0.0034300781494887964,8.822229715452607e-10,3.208083532891857e-12,0.0010411469331622254,1.4345003617308654e-05,0.0,135458.6402931154,1866.359706884601,137325.00000000003
dry_high_load,13340.0,0.25537396601456425,0.0034300787627455152,8.770940527747968e-10,3.1894329191810786e-12,0.0010411469011654074,1.4345035614126508e-05,0.0,135458.6361301627,1866.3638698373045,137324.99999999997
dry_high_load,13350.0,0.2553745323185051,0.0034300793724369857,8.719949516448126e-10,3.1708907332538635e-12,0.0010411468693546071,1.434506742492667e-05,0.0,135458.63199141185,1866.3680085881376,137324.99999999994
dry_high_load,13360.0,0.2553750953301638,0.003430079978583935,8.669254948074745e-10,3.1524563447544523e-12,0.0010411468377287433,1.434509905079058e-05,0.0,135458.6278767222,1866.3721232778,137324.99999999997
dry_high_load,13370.0,0.2553756550686805,0.00343008058120697,8.61885509921012e-10,3.1341291269854976e-12,0.0010411468062867407,1.4345130492793389e-05,0.0,135458.62378595385,1866.3762140461756,137325.00000000003
dry_high_load,13380.0,0.25537621155308404,0.0034300811803265768,8.568748256465418e-10,3.115908456896515e-12,0.0010411467750275302,1.4345161752003998e-05,0.0,135458.61971896767,1866.3802810323339,137325.00000000003
dry_high_load,13390.0,0.2553767648022927,0.0034300817759631234,8.51893271640656e-10,3.0977937150569304e-12,0.001041146743950049,1.4345192829485095e-05,0.0,135458.6156756255,1866.3843243745355,137325.00000000003
dry_high_load,13400.0,0.25537731483511455,0.0034300823681368588,8.469406785522459e-10,3.0797842856445298e-12,0.001041146713053241,1.4345223726293184e-05,0.0,135458.6116557898,1866.3883442102376,137325.00000000003
dry_high_load,13410.0,0.2553778616702486,0.003430082956867915,8.420168780119137e-10,3.0618795564069586e-12,0.0010411466823360555,1.4345254443478633e-05,0.0,135458.60765932393,1866.3923406760987,137325.00000000003
dry_high_load,13420.0,0.255378405326285,0.0034300835421763056,8.371217026311261e-10,3.0440789186586402e-12,0.0010411466517974482,1.43452849820857e-05,0.0,135458.603686092,1866.3963139079817,137324.99999999997
dry_high_load,13430.0,0.25537894582170584,0.0034300841240819295,8.322549859926846e-10,3.0263817672461254e-12,0.0010411466214363813,1.434531534315258e-05,0.0,135458.59973595903,1866.4002640409615,137324.99999999997
dry_high_load,13440.0,0.25537948317488574,0.0034300847026045686,8.274165626494554e-10,3.0087875005434733e-12,0.0010411465912518226,1.4345345527711419e-05,0.0,135458.59580879068,1866.4041912093253,137325.00000000003
dry_high_load,13450.0,0.25538001740409255,0.003430085277763891,8.226062681137809e-10,2.9912955204137482e-12,0.0010411465612427456,1.434537553678837e-05,0.0,135458.59190445344,1866.4080955465815,137324.99999999997
dry_high_load,13460.0,0.25538054852748787,0.003430085849579449,8.178239388559982e-10,2.9739052322036295e-12,0.0010411465314081303,1.4345405371403624e-05,0.0,135458.58802281454,1866.411977185462,137324.99999999997
dry_high_load,13470.0,0.25538107656312786,0.0034300864180706824,8.130694122946975e-10,2.95661604470799e-12,0.0010411465017469627,1.4345435032571438e-05,0.0,135458.58416374208,1866.4158362579267,137325.00000000003
dry_high_load,13480.0,0.25538160152896355,0.003430086983256918,8.083425267956636e-10,2.9394273701660492e-12,0.0010411464722582338,1.434546452130017e-05,0.0,135458.58032710484,1866.4196728951686,137324.99999999997
dry_high_load,13490.0,0.25538212344284156,0.003430087545157369,8.036431216650999e-10,2.9223386242367262e-12,0.0010411464429409417,1.4345493838592312e-05,0.0,135458.5765127724,1866.4234872276168,137324.99999999997
dry_high_load,13500.0,0.2553826423225049,0.0034300881037911384,7.989710371415809e-10,2.9053492259693845e-12,0.0010411464137940894,1.4345522985444541e-05,0.0,135458.57272061505,1866.4272793849445,137324.99999999997
dry_high_load,13510.0,0.2553831581855934,0.003430088659177217,7.943261143933001e-10,2.888458597793818e-12,0.001041146384816686,1.4345551962847724e-05,0.0,135458.56895050392,1866.4310494960685,137324.99999999994
dry_high_load,13520.0,0.25538367104964427,0.0034300892113344863,7.897081955110815e-10,2.8716661654948416e-12,0.0010411463560077471,1.4345580771786984e-05,0.0,135458.56520231086,1866.4347976891586,137325.00000000003
dry_high_load,13530.0,0.2553841809320928,0.0034300897602817164,7.851171235056269e-10,2.8549713582022792e-12,0.0010411463273662922,1.43456094132417e-05,0.0,135458.56147590835,1866.4385240916367,137324.99999999997
dry_high_load,13540.0,0.2553846878502729,0.00343009030603757,7.805527422988337e-10,2.838373608359395e-12,0.0010411462988913485,1.4345637888185567e-05,0.0,135458.5577711698,1866.4422288301857,137325.00000000003
dry_high_load,13550.0,0.25538519182141783,0.0034300908486206007,7.760148967193483e-10,2.821872351706721e-12,0.0010411462705819472,1.4345666197586621e-05,0.0,135458.55408796924,1866.4459120307524,137324.99999999997
dry_high_load,13560.0,0.25538569286266055,0.003430091388049254,7.715034324991776e-10,2.8054670272697364e-12,0.0010411462424371265,1.4345694342407266e-05,0.0,135458.5504261814,1866.4495738185508,137324.99999999994
dry_high_load,13570.0,0.2553861909910344,0.003430091924341868,7.670181962671245e-10,2.789157077334998e-12,0.0010411462144559297,1.434572232360431e-05,0.0,135458.54678568195,1866.4532143180659,137325.00000000003
dry_high_load,13580.0,0.25538668622347366,0.0034300924575166748,7.625590355434943e-10,2.772941947430888e-12,0.001041146186637405,1.4345750142128999e-05,0.0,135458.54316634694,1866.45683365306,137324.99999999997
dry_high_load,13590.0,0.2553871785768143,0.0034300929875918,7.581257987343769e-10,2.7568210863068245e-12,0.0010411461589806068,1.4345777798927054e-05,0.0,135458.5395680534,1866.4604319465766,137324.99999999997
dry_high_load,13600.0,0.2553876680677944,0.003430093514585264,7.537183351276235e-10,2.7407939459186306e-12,0.0010411461314845953,1.4345805294938693e-05,0.0,135458.53599067905,1866.4640093209428,137324.99999999997
dry_high_load,13610.0,0.2553881547130545,0.0034300940385149827,7.493364948883997e-10,2.724859981412362e-12,0.0010411461041484353,1.4345832631098665e-05,0.0,135458.5324341022,1866.4675658977742,137324.99999999997
dry_high_load,13620.0,0.2553886385291387,0.003430094559398767,7.449801290509269e-10,2.7090186510942793e-12,0.0010411460769711978,1.4345859808336293e-05,0.0,135458.52889820203,1866.4711017979807,137325.00000000003
dry_high_load,13630.0,0.2553891195324947,0.0034300950772543255,7.406490895165764e-10,2.6932694164239138e-12,0.0010411460499519585,1.4345886827575492e-05,0.0,135458.52538285824,1866.4746171417687,137325.00000000003
dry_high_load,13640.0,0.2553895977394748,0.003430095592099263,7.363432290473052e-10,2.6776117419902e-12,0.0010411460230897993,1.4345913689734805e-05,0.0,135458.52188795136,1866.4781120486448,137325.00000000003
dry_high_load,13650.0,0.25539007316633583,0.003430096103951082,7.320624012629025e-10,2.6620450955014634e-12,0.0010411459963838067,1.4345940395727434e-05,0.0,135458.5184133626,1866.481586637422,137325.00000000003
dry_high_load,13660.0,0.25539054582924064,0.0034300966128271828,7.278064606308263e-10,2.6465689477484587e-12,0.0010411459698330726,1.4345966946461281e-05,0.0,135458.51495897377,1866.4850410262225,137324.99999999997
dry_high_load,13670.0,0.25539101574425777,0.0034300971187448664,7.235752624668375e-10,2.631182772606682e-12,0.0010411459434366951,1.434599334283896e-05,0.0,135458.51152466753,1866.4884753324811,137325.00000000003
dry_high_load,13680.0,0.2553914829273624,0.003430097621721331,7.19368662927166e-10,2.615886047007876e-12,0.001041145917193776,1.434601958575784e-05,0.0,135458.50811032703,1866.4918896729512,137324.99999999997
dry_high_load,13690.0,0.2553919473944368,0.003430098121773676,7.151865190057567e-10,2.600678250930024e-12,0.0010411458911034237,1.4346045676110072e-05,0.0,135458.5047158363,1866.4952841637048,137324.99999999994
dry_high_load,13700.0,0.25539240916127115,0.0034300986189189013,7.110286885247415e-10,2.585558867362696e-12,0.0010411458651647513,1.4346071614782627e-05,0.0,135458.50134107986,1866.4986589201428,137324.99999999997
dry_high_load,13710.0,0.2553928682435635,0.003430099113173908,7.068950301361325e-10,2.570527382313209e-12,0.0010411458393768766,1.4346097402657313e-05,0.0,135458.497985943,1866.502014056992,137324.99999999997
dry_high_load,13720.0,0.25539332465692083,0.0034300996045554984,7.027854033116581e-10,2.5555832847696656e-12,0.0010411458137389233,1.4346123040610811e-05,0.0,135458.49465031168,1866.5053496883138,137325.00000000003
dry_high_load,13730.0,0.25539377841685934,0.0034301000930803773,6.986996683408569e-10,2.5407260666940246e-12,0.0010411457882500193,1.4346148529514711e-05,0.0,135458.4913340725,1866.5086659275062,137325.00000000003
dry_high_load,13740.0,0.25539422953880503,0.003430100578765153,6.946376863255722e-10,2.52595522300208e-12,0.0010411457629092985,1.434617387023553e-05,0.0,135458.4880371127,1866.5119628873078,137325.00000000003
dry_high_load,13750.0,0.2553946780380942,0.0034301010616263365,6.905993191746577e-10,2.5112702515442095e-12,0.001041145737715899,1.4346199063634748e-05,0.0,135458.48475932016,1866.5152406798015,137324.99999999994
dry_high_load,13760.0,0.25539512392997393,0.0034301015416803434,6.865844296005901e-10,2.4966706530930546e-12,0.0010411457126689651,1.434622411056884e-05,0.0,135458.48150058356,1866.5184994164194,137324.99999999997
dry_high_load,13770.0,0.255395567229603,0.003430102018943494,6.825928811114212e-10,2.4821559313142586e-12,0.0010411456877676448,1.4346249011889306e-05,0.0,135458.47826079206,1866.5217392079455,137325.00000000003
dry_high_load,13780.0,0.2553960079520515,0.003430102493432012,6.786245380135318e-10,2.467725592776479e-12,0.0010411456630110914,1.4346273768442679e-05,0.0,135458.4750398355,1866.5249601645191,137325.00000000003
dry_high_load,13790.0,0.2553964461123024,0.0034301029651620293,6.74679265396808e-10,2.453379146897483e-12,0.0010411456383984635,1.434629838107059e-05,0.0,135458.47183760436,1866.52816239564,137325.00000000003
dry_high_load,13800.0,0.25539688172525127,0.003430103434149582,6.707569291395118e-10,2.4391161059618606e-12,0.0010411456139289242,1.4346322850609766e-05,0.0,135458.4686539898,1866.531346010171,137324.99999999997
dry_high_load,13810.0,0.2553973148057072,0.0034301039004106144,6.668573958976932e-10,2.4249359850825203e-12,0.0010411455896016419,1.434634717789207e-05,0.0,135458.46548888364,1866.534511116342,137324.99999999997
dry_high_load,13820.0,0.2553977453683932,0.003430104363960977,6.629805331030727e-10,2.4108383021929916e-12,0.0010411455654157895,1.4346371363744533e-05,0.0,135458.46234217825,1866.5376578217536,137325.00000000003
dry_high_load,13830.0,0.2553981734279467,0.0034301048248164294,6.591262089577473e-10,2.396822578028172e-12,0.0010411455413705446,1.4346395408989376e-05,0.0,135458.45921376662,1866.5407862333816,137324.99999999997
dry_high_load,13840.0,0.25539859899891987,0.0034301052829926377,6.552942924308022e-10,2.3828883361120075e-12,0.0010411455174650897,1.434641931444404e-05,0.0,135458.45610354238,1866.543896457579,137324.99999999994
dry_high_load,13850.0,0.2553990220957805,0.003430105738505179,6.514846532517464e-10,2.369035102733623e-12,0.0010411454936986129,1.4346443080921214e-05,0.0,135458.45301139995,1866.5469886000803,137325.00000000003
dry_high_load,13860.0,0.25539944273291215,0.0034301061913695383,6.476971619092424e-10,2.3552624069426993e-12,0.001041145470070305,1.434646670922886e-05,0.0,135458.449937234,1866.5500627660067,137324.99999999997
dry_high_load,13870.0,0.25539986092461475,0.0034301066416011117,6.439316896434824e-10,2.341569780521754e-12,0.0010411454465793638,1.4346490200170247e-05,0.0,135458.44688094014,1866.553119059867,137325.00000000003
dry_high_load,13880.0,0.2554002766851051,0.0034301070892152046,6.401881084438595e-10,2.327956757977671e-12,0.00104114542322499,1.434651355454397e-05,0.0,135458.44384241442,1866.5561575855627,137324.99999999997
dry_high_load,13890.0,0.25540069002851745,0.003430107534227034,6.364662910436734e-10,2.3144228765224483e-12,0.00104114540000639,1.4346536773143982e-05,0.0,135458.44082155358,1866.5591784463911,137324.99999999997
dry_high_load,13900.0,0.25540110096890367,0.0034301079766517295,6.327661109167423e-10,2.3009676760608805e-12,0.0010411453769227745,1.434655985675962e-05,0.0,135458.43781825498,1866.5621817450494,137325.00000000003
dry_high_load,13910.0,0.25540150952023416,0.003430108416504331,6.290874422714737e-10,2.287590699168995e-12,0.0010411453539733583,1.4346582806175639e-05,0.0,135458.43483241633,1866.565167583638,137324.99999999997
dry_high_load,13920.0,0.255401915696398,0.003430108853799791,6.254301600481116e-10,2.274291491084042e-12,0.0010411453311573616,1.434660562217222e-05,0.0,135458.4318639363,1866.5681360636627,137324.99999999994
dry_high_load,13930.0,0.25540231951120357,0.0034301092885529777,6.217941399130191e-10,2.2610695996837055e-12,0.001041145308474009,1.4346628305525022e-05,0.0,135458.42891271395,1866.5710872860407,137324.99999999997
dry_high_load,13940.0,0.25540272097837885,0.003430109720778669,6.181792582576194e-10,2.2479245754822517e-12,0.001041145285922529,1.434665085700518e-05,0.0,135458.42597864894,1866.5740213511006,137325.00000000003
dry_high_load,13950.0,0.2554031201115722,0.0034301101504915603,6.145853921897137e-10,2.234855971598959e-12,0.0010411452635021546,1.4346673277379355e-05,0.0,135458.4230616414,1866.576938358589,137324.99999999997
dry_high_load,13960.0,0.25540351692435237,0.0034301105777062592,6.110124195334817e-10,2.2218633437581148e-12,0.0010411452412121243,1.4346695567409749e-05,0.0,135458.42016159234,1866.5798384076725,137325.00000000003
dry_high_load,13970.0,0.25540391143020946,0.003430111002437289,6.074602188218574e-10,2.2089462502612995e-12,0.00104114521905168,1.434671772785413e-05,0.0,135458.4172784031,1866.5827215969407,137325.00000000003
dry_high_load,13980.0,0.2554043036425552,0.00343011142469909,6.039286692933537e-10,2.1961042519758315e-12,0.0010411451970200683,1.4346739759465867e-05,0.0,135458.4144119756,1866.5855880244103,137325.00000000003
dry_high_load,13990.0,0.255404693574723,0.0034301118445060163,6.004176508912147e-10,2.1833369123316894e-12,0.0010411451751165402,1.4346761662993945e-05,0.0,135458.41156221248,1866.5884377875288,137325.00000000003
dry_high_load,14000.0,0.2554050812399691,0.0034301122618723406,5.96927044254522e-10,2.1706437972891707e-12,0.0010411451533403509,1.4346783439182991e-05,0.0,135458.4087290168,1866.5912709831757,137324.99999999997
dry_high_load,14010.0,0.2554054666514725,0.0034301126768122503,5.93456730716289e-10,2.15802447533196e-12,0.0010411451316907608,1.4346805088773313e-05,0.0,135458.40591229236,1866.5940877076694,137325.00000000003
dry_high_load,14020.0,0.2554058498223358,0.003430113089339853,5.900065922996494e-10,2.1454785174532704e-12,0.001041145110167033,1.4346826612500907e-05,0.0,135458.40311194322,1866.5968880567661,137324.99999999997
dry_high_load,14030.0,0.25540623076558494,0.0034301134994691724,5.865765117155273e-10,2.1330054971473718e-12,0.0010411450887684364,1.4346848011097491e-05,0.0,135458.40032787432,1866.5996721256668,137324.99999999997
dry_high_load,14040.0,0.2554066094941707,0.0034301139072141513,5.831663723533205e-10,2.120604990375711e-12,0.0010411450674942435,1.4346869285290534e-05,0.0,135458.397559991,1866.6024400090182,137325.00000000003
dry_high_load,14050.0,0.25540698602096823,0.0034301143125886517,5.797760582830175e-10,2.108276575574609e-12,0.0010411450463437308,1.4346890435803267e-05,0.0,135458.39480819905,1866.6051918009173,137325.00000000003
dry_high_load,14060.0,0.2554073603587779,0.003430114715606454,5.76405454247363e-10,2.0960198336267745e-12,0.001041145025316179,1.4346911463354725e-05,0.0,135458.39207240505,1866.607927594914,137324.99999999997
dry_high_load,14070.0,0.25540773252032567,0.0034301151162812594,5.730544456603751e-10,2.083834347855909e-12,0.0010411450044108743,1.4346932368659758e-05,0.0,135458.38935251598,1866.6106474840133,137325.00000000003
dry_high_load,14080.0,0.25540810251826357,0.0034301155146266894,5.697229186001459e-10,2.07171970400053e-12,0.0010411449836271048,1.4346953152429062e-05,0.0,135458.3866484393,1866.6133515606818,137324.99999999997
dry_high_load,14090.0,0.25540847036517006,0.0034301159106562866,5.664107598084175e-10,2.0596754902124268e-12,0.0010411449629641647,1.4346973815369209e-05,0.0,135458.38396008316,1866.6160399168468,137324.99999999997
dry_high_load,14100.0,0.2554088360735504,0.003430116304383513,5.63117856685077e-10,2.0477012970366434e-12,0.0010411449424213514,1.4346994358182644e-05,0.0,135458.3812873561,1866.618712643901,137325.00000000003
dry_high_load,14110.0,0.2554091996558372,0.0034301166958217557,5.598440972856147e-10,2.035796717402235e-12,0.0010411449219979662,1.4347014781567744e-05,0.0,135458.37863016725,1866.621369832707,137324.99999999997
dry_high_load,14120.0,0.25540956112439067,0.00343011708498432,5.56589370315619e-10,2.0239613466022508e-12,0.0010411449016933152,1.4347035086218819e-05,0.0,135458.3759884264,1866.6240115735973,137325.00000000003
dry_high_load,14130.0,0.2554099204914994,0.0034301174718844372,5.533535651267522e-10,2.0121947822790986e-12,0.0010411448815067078,1.4347055272826143e-05,0.0,135458.3733620436,1866.6266379563804,137324.99999999997
dry_high_load,14140.0,0.2554102777693804,0.0034301178565352597,5.501365717150574e-10,2.0004966244183905e-12,0.0010411448614374582,1.4347075342075986e-05,0.0,135458.3707509297,1866.6292490703438,137325.00000000003
dry_high_load,14150.0,0.25541063297017963,0.0034301182389498645,5.469382807162991e-10,1.9888664753319965e-12,0.0010411448414848834,1.4347095294650616e-05,0.0,135458.36815499575,1866.6318450042547,137325.00000000003
dry_high_load,14160.0,0.25541098610597257,0.0034301186191412515,5.437585834000342e-10,1.9773039396364875e-12,0.0010411448216483057,1.434711513122834e-05,0.0,135458.36557415363,1866.634425846364,137325.00000000003
dry_high_load,14170.0,0.2554113371887643,0.0034301189971223467,5.405973716710943e-10,1.9658086242585244e-12,0.0010411448019270505,1.4347134852483525e-05,0.0,135458.3630083156,1866.6369916844092,137325.00000000003
dry_high_load,14180.0,0.2554116862304902,0.0034301193729059988,5.37454538060692e-10,1.9543801384025163e-12,0.0010411447823204473,1.4347154459086607e-05,0.0,135458.36045739436,1866.639542605619,137324.99999999997
dry_high_load,14190.0,0.2554120332430164,0.003430119746504984,5.343299757243031e-10,1.94301809354292e-12,0.00104114476282783,1.4347173951704137e-05,0.0,135458.35792130328,1866.6420786967146,137325.00000000003
dry_high_load,14200.0,0.2554123782381398,0.003430120117932002,5.312235784410313e-10,1.9317221034219317e-12,0.0010411447434485353,1.4347193330998781e-05,0.0,135458.3553999561,1866.6446000439123,137325.00000000003
dry_high_load,14210.0,0.25541272122758885,0.0034301204871996804,5.281352406049264e-10,1.920491784017914e-12,0.0010411447241819045,1.4347212597629358e-05,0.0,135458.35289326706,1866.6471067329276,137324.99999999997
dry_high_load,14220.0,0.2554130622230238,0.003430120854320573,5.250648572256193e-10,1.909326753547706e-12,0.0010411447050272832,1.4347231752250852e-05,0.0,135458.35040115102,1866.6495988489783,137325.00000000003
dry_high_load,14230.0,0.2554134012360372,0.00343012121930716,5.220123239215458e-10,1.898226632441984e-12,0.0010411446859840195,1.4347250795514449e-05,0.0,135458.34792352322,1866.652076476786,137324.99999999997
dry_high_load,14240.0,0.25541373827815406,0.00343012158217185,5.189775369193114e-10,1.88719104334295e-12,0.0010411446670514665,1.434726972806754e-05,0.0,135458.34546029943,1866.6545397005802,137325.00000000003
dry_high_load,14250.0,0.2554140733608324,0.0034301219429269786,5.159603930492444e-10,1.876219611088161e-12,0.0010411446482289802,1.4347288550553755e-05,0.0,135458.34301139592,1866.6569886041,137324.99999999997
dry_high_load,14260.0,0.2554144064954637,0.00343012230158481,5.1296078973989e-10,1.865311962690509e-12,0.0010411446295159209,1.4347307263612979e-05,0.0,135458.3405767294,1866.6594232705986,137324.99999999997
dry_high_load,14270.0,0.2554147376933732,0.003430122658157537,5.09978625017587e-10,1.8544677273366796e-12,0.0010411446109116526,1.4347325867881383e-05,0.0,135458.33815621716,1866.661843782845,137324.99999999997
dry_high_load,14280.0,0.2554150669658204,0.0034301230126572817,5.070137974992678e-10,1.8436865363609737e-12,0.0010411445924155425,1.4347344363991441e-05,0.0,135458.33574977686,1866.6642502231266,137324.99999999997
dry_high_load,14290.0,0.25541539432399896,0.003430123365096096,5.040662063954233e-10,1.832968023256085e-12,0.001041144574026962,1.4347362752571937e-05,0.0,135458.33335732672,1866.6666426732522,137324.99999999997
dry_high_load,14300.0,0.25541571977903793,0.0034301237154859606,5.011357514978207e-10,1.8223118236284384e-12,0.001041144555745286,1.4347381034248013e-05,0.0,135458.33097878544,1866.6690212145556,137325.00000000003
dry_high_load,14310.0,0.25541604334200146,0.0034301240638387885,4.982223331831033e-10,1.8117175752112844e-12,0.0010411445375698926,1.4347399209641171e-05,0.0,135458.32861407206,1866.6713859278977,137324.99999999994
dry_high_load,14320.0,0.25541636502388926,0.0034301244101664213,4.953258524079204e-10,1.801184917846983e-12,0.0010411445195001646,1.43474172793693e-05,0.0,135458.32626310634,1866.6737368936692,137324.99999999997
dry_high_load,14330.0,0.25541668483563734,0.003430124754480633,4.924462107023625e-10,1.7907134934631363e-12,0.0010411445015354873,1.43474352440467e-05,0.0,135458.3239258082,1866.6760741917933,137325.00000000003
dry_high_load,14340.0,0.25541700278811785,0.0034301250967931286,4.895833101720791e-10,1.7803029460802876e-12,0.0010411444836752497,1.4347453104284094e-05,0.0,135458.32160209824,1866.6783979017284,137324.99999999997
dry_high_load,14350.0,0.25541731889214003,0.0034301254371155465,4.867370534883259e-10,1.7699529217757304e-12,0.0010411444659188453,1.4347470860688657e-05,0.0,135458.31929189753,1866.6807081024717,137324.99999999997
dry_high_load,14360.0,0.2554176331584501,0.003430125775459455,4.839073438900823e-10,1.7596630686912081e-12,0.00104114444826567,1.434748851386404e-05,0.0,135458.31699512745,1866.6830048725603,137324.99999999997
dry_high_load,14370.0,0.2554179455977318,0.0034301261118363565,4.810940851800284e-10,1.7494330370182847e-12,0.0010411444307151236,1.4347506064410375e-05,0.0,135458.31471170994,1866.6852882900755,137324.99999999997
dry_high_load,14380.0,0.2554182562206069,0.0034301264462576874,4.782971817167093e-10,1.7392624789698516e-12,0.0010411444132666099,1.4347523512924312e-05,0.0,135458.31244156737,1866.6875584326442,137325.00000000003
dry_high_load,14390.0,0.2554185650376351,0.0034301267787348157,4.755165384189827e-10,1.7291510487963007e-12,0.001041144395919535,1.4347540859999027e-05,0.0,135458.31018462256,1866.6898153774414,137324.99999999997
dry_high_load,14400.0,0.2554188720593152,0.0034301271092790453,4.727520607545836e-10,1.7190984027439401e-12,0.0010411443786733099,1.4347558106224252e-05,0.0,135458.3079407988,1866.6920592011945,137325.00000000003
dry_high_load,14410.0,0.2554191772960845,0.0034301274379016124,4.700036547433007e-10,1.7091041990665477e-12,0.0010411443615273477,1.434757525218629e-05,0.0,135458.3057100198,1866.6942899801847,137324.99999999997
dry_high_load,14420.0,0.2554194807583199,0.003430127764613689,4.672712269499883e-10,1.6991680979999573e-12,0.001041144344481066,1.4347592298468032e-05,0.0,135458.30349220976,1866.696507790249,137324.99999999997
dry_high_load,14430.0,0.2554197824563378,0.0034301280894263823,4.645546844839312e-10,1.6892897617597497e-12,0.0010411443275338851,1.434760924564898e-05,0.0,135458.30128729326,1866.6987127067837,137325.00000000003
dry_high_load,14440.0,0.25542008240039477,0.0034301284123507345,4.6185393499312723e-10,1.6794688545204625e-12,0.0010411443106852288,1.4347626094305275e-05,0.0,135458.29909519522,1866.700904804748,137325.00000000003
dry_high_load,14450.0,0.25542038060068767,0.0034301287333977234,4.5916888666344e-10,1.6697050424125089e-12,0.0010411442939345242,1.4347642845009697e-05,0.0,135458.29691584135,1866.703084158663,137324.99999999997
dry_high_load,14460.0,0.2554206770673542,0.003430129052578264,4.564994482128817e-10,1.6599979935013878e-12,0.0010411442772812023,1.434765949833171e-05,0.0,135458.2947491574,1866.705250842619,137324.99999999997
dry_high_load,14470.0,0.2554209718104729,0.0034301293699032062,4.5384552889288346e-10,1.650347377792303e-12,0.0010411442607246965,1.4347676054837453e-05,0.0,135458.29259506974,1866.7074049302744,137324.99999999997
dry_high_load,14480.0,0.25542126484006394,0.003430129685383339,4.512070384800368e-10,1.6407528672001334e-12,0.0010411442442644443,1.4347692515089781e-05,0.0,135458.29045350515,1866.709546494859,137325.00000000003
dry_high_load,14490.0,0.255421556166089,0.003430129999029386,4.4858388727694073e-10,1.6312141355525113e-12,0.0010411442278998857,1.4347708879648278e-05,0.0,135458.28832439083,1866.7116756091773,137324.99999999997
dry_high_load,14500.0,0.2554218457984521,0.0034301303108520112,4.459759861069078e-10,1.6217308585705735e-12,0.0010411442116304648,1.434772514906927e-05,0.0,135458.2862076544,1866.713792345611,137325.00000000003
dry_high_load,14510.0,0.2554221337469995,0.0034301306208618146,4.4338324631227e-10,1.6123027138627997e-12,0.0010411441954556282,1.4347741323905853e-05,0.0,135458.28410322388,1866.71589677612,137324.99999999997
dry_high_load,14520.0,0.2554224200215204,0.0034301309290693353,4.408055797490847e-10,1.6029293809057622e-12,0.001041144179374826,1.4347757404707906e-05,0.0,135458.2820110277,1866.7179889722468,137324.99999999994
dry_high_load,14530.0,0.2554227046317468,0.0034301312354850515,4.382428987884054e-10,1.5936105410487468e-12,0.0010411441633875118,1.4347773392022111e-05,0.0,135458.27993099485,1866.720069005117,137324.99999999997
dry_high_load,14540.0,0.25542298758735443,0.0034301315401193797,4.356951163088701e-10,1.5843458774868002e-12,0.0010411441474931422,1.4347789286391972e-05,0.0,135458.2778630546,1866.7221369454442,137325.00000000003
dry_high_load,14550.0,0.2554232688979626,0.003430131842982676,4.331621456964895e-10,1.5751350752599618e-12,0.0010411441316911761,1.434780508835783e-05,0.0,135458.27580713647,1866.7241928635294,137324.99999999997
dry_high_load,14560.0,0.25542354857313465,0.0034301321440852375,4.306439008406236e-10,1.5659778212386311e-12,0.001041144115981077,1.4347820798456892e-05,0.0,135458.27376317073,1866.7262368292656,137324.99999999997
dry_high_load,14570.0,0.2554238266223785,0.0034301324434372993,4.2814029613080543e-10,1.5568738041120196e-12,0.0010411441003623106,1.4347836417223236e-05,0.0,135458.27173108782,1866.7282689121394,137324.99999999997
dry_high_load,14580.0,0.2554241030551467,0.0034301327410490388,4.256512464546233e-10,1.547822714380448e-12,0.001041144084834346,1.4347851945187838e-05,0.0,135458.26971081874,1866.7302891812335,137324.99999999997
dry_high_load,14590.0,0.2554243778808368,0.0034301330369305738,4.231766671945446e-10,1.5388242443437983e-12,0.0010411440693966554,1.4347867382878584e-05,0.0,135458.26770229478,1866.7322977052288,137325.00000000003
dry_high_load,14600.0,0.25542465110879164,0.003430133331091962,4.207164742257981e-10,1.5298780880938111e-12,0.0010411440540487136,1.434788273082029e-05,0.0,135458.26570544756,1866.734294552406,137324.99999999997
dry_high_load,14610.0,0.25542492274830014,0.003430133623543205,4.182705839100213e-10,1.5209839414909862e-12,0.0010411440387899993,1.4347897989534732e-05,0.0,135458.26372020936,1866.7362797906517,137325.00000000003
dry_high_load,14620.0,0.25542519280859666,0.0034301339142942446,4.1583891309907186e-10,1.5121415021784429e-12,0.0010411440236199935,1.4347913159540635e-05,0.0,135458.26174651255,1866.7382534874541,137325.00000000003
dry_high_load,14630.0,0.2554254612988623,0.0034301342033549644,4.134213791246518e-10,1.503350469544188e-12,0.0010411440085381803,1.434792824135372e-05,0.0,135458.25978429007,1866.7402157099116,137324.99999999997
dry_high_load,14640.0,0.2554257282282247,0.003430134490735192,4.1101789979978946e-10,1.4946105447265068e-12,0.0010411439935440474,1.4347943235486716e-05,0.0,135458.25783347525,1866.7421665247325,137325.00000000003
dry_high_load,14650.0,0.2554259936057582,0.003430134776444697,4.086283934175692e-10,1.4859214306093424e-12,0.0010411439786370846,1.4347958142449351e-05,0.0,135458.25589400175,1866.7441059982355,137324.99999999997
dry_high_load,14660.0,0.2554262574404847,0.003430135060493193,4.062527787430845e-10,1.4772828317930341e-12,0.0010411439638167857,1.4347972962748407e-05,0.0,135458.25396580365,1866.746034196355,137325.00000000003
dry_high_load,14670.0,0.2554265197413734,0.003430135342890335,4.0389097501619065e-10,1.4686944546043294e-12,0.0010411439490826465,1.4347987696887716e-05,0.0,135458.25204881537,1866.7479511846425,137325.00000000003
dry_high_load,14680.0,0.25542678051734163,0.003430135623645725,4.015429019438818e-10,1.4601560070686608e-12,0.0010411439344341657,1.4348002345368176e-05,0.0,135458.25014297172,1866.7498570282678,137324.99999999997
dry_high_load,14690.0,0.25542703977725456,0.003430135902768906,3.992084797024083e-10,1.4516671989178482e-12,0.0010411439198708462,1.4348016908687775e-05,0.0,135458.248248208,1866.7517517920214,137324.99999999997
dry_high_load,14700.0,0.25542729752992616,0.0034301361802693687,3.9688762892922985e-10,1.4432277415608356e-12,0.0010411439053921924,1.4348031387341613e-05,0.0,135458.2463644597,1866.7536355403183,137325.00000000003
dry_high_load,14710.0,0.25542755378411874,0.0034301364561565456,3.9458027072682733e-10,1.4348373480975537e-12,0.001041143890997712,1.4348045781821897e-05,0.0,135458.2444916628,1866.7555083371974,137324.99999999997
dry_high_load,14720.0,0.25542780854854397,0.003430136730439816,3.922863266540206e-10,1.4264957332873475e-12,0.0010411438766869162,1.4348060092617984e-05,0.0,135458.2426297537,1866.7573702463262,137325.00000000003
dry_high_load,14730.0,0.2554280618318629,0.003430137003128505,3.900057187249097e-10,1.418202613545126e-12,0.0010411438624593175,1.4348074320216385e-05,0.0,135458.240778669,1866.759221331003,137324.99999999997
dry_high_load,14740.0,0.25542831364268614,0.0034301372742318826,3.8773836940823967e-10,1.4099577069390532e-12,0.0010411438483144333,1.4348088465100783e-05,0.0,135458.23893834584,1866.7610616541567,137325.00000000003
dry_high_load,14750.0,0.2554285639895742,0.0034301375437591655,3.8548420162358875e-10,1.4017607331766861e-12,0.001041143834251782,1.4348102527752041e-05,0.0,135458.23710872166,1866.7628912783505,137325.00000000003
dry_high_load,14760.0,0.25542881288103775,0.003430137811719516,3.832431387394627e-10,1.393611413598046e-12,0.0010411438202708857,1.4348116508648234e-05,0.0,135458.2352897342,1866.7647102657845,137324.99999999997
dry_high_load,14770.0,0.2554290603255383,0.0034301380781220437,3.810151045665185e-10,1.3855094711509763e-12,0.0010411438063712695,1.4348130408264659e-05,0.0,135458.23348132172,1866.7665186782972,137325.00000000003
dry_high_load,14780.0,0.25542930633148775,0.003430138342975806,3.788000233632817e-10,1.3774546304119332e-12,0.0010411437925524603,1.434814422707384e-05,0.0,135458.23168342267,1866.768316577367,137325.00000000003
dry_high_load,14790.0,0.2554295509072494,0.003430138606289806,3.765978198244999e-10,1.3694466175436359e-12,0.0010411437788139884,1.4348157965545565e-05,0.0,135458.22989597585,1866.7701040241145,137324.99999999997
dry_high_load,14800.0,0.2554297940611378,0.003430138868072995,3.7440841908431907e-10,1.3614851603066146e-12,0.0010411437651553872,1.4348171624146883e-05,0.0,135458.2281189207,1866.771881079306,137325.00000000003
dry_high_load,14810.0,0.2554300358014193,0.0034301391283342738,3.7223174671162475e-10,1.3535699880422717e-12,0.001041143751576192,1.4348185203342138e-05,0.0,135458.22635219665,1866.7736478033553,137325.00000000003
dry_high_load,14820.0,0.255430276136312,0.0034301393870824893,3.700677287094069e-10,1.3457008316705705e-12,0.0010411437380759409,1.434819870359296e-05,0.0,135458.22459574364,1866.7754042563224,137324.99999999997
dry_high_load,14830.0,0.2554305150739863,0.003430139644326438,3.6791629150904247e-10,1.3378774236692452e-12,0.0010411437246541757,1.4348212125358308e-05,0.0,135458.22284950208,1866.7771504979205,137324.99999999997
dry_high_load,14840.0,0.25543075262256515,0.003430139900074866,3.6577736197050694e-10,1.3300994980745706e-12,0.0010411437113104396,1.4348225469094465e-05,0.0,135458.2211134125,1866.7788865875143,137325.00000000003
dry_high_load,14850.0,0.25543098879012427,0.0034301401543364663,3.636508673785629e-10,1.3223667904675013e-12,0.0010411436980442789,1.4348238735255066e-05,0.0,135458.21938741585,1866.7806125841241,137324.99999999997
dry_high_load,14860.0,0.25543122358469234,0.0034301404071198837,3.615367354417012e-10,1.3146790379698225e-12,0.0010411436848552428,1.4348251924291104e-05,0.0,135458.21767145357,1866.7823285464262,137324.99999999997
dry_high_load,14870.0,0.25543145701425146,0.003430140658433712,3.594348942874822e-10,1.3070359792272077e-12,0.0010411436717428831,1.4348265036650953e-05,0.0,135458.21596546724,1866.7840345327568,137325.00000000003
dry_high_load,14880.0,0.25543168908673725,0.003430140908286494,3.57345272462324e-10,1.2994373544084506e-12,0.0010411436587067537,1.4348278072780384e-05,0.0,135458.2142693989,1866.785730601113,137325.00000000003
dry_high_load,14890.0,0.25543191981003927,0.003430141156686724,3.5526779892705563e-10,1.291882905189293e-12,0.0010411436457464114,1.4348291033122568e-05,0.0,135458.21258319085,1866.7874168091532,137324.99999999997
dry_high_load,14900.0,0.25543214919200113,0.0034301414036428473,3.5320240305628173e-10,1.2843723747501152e-12,0.0010411436328614158,1.4348303918118105e-05,0.0,135458.21090678583,1866.7890932142025,137324.99999999997
dry_high_load,14910.0,0.25543237724042095,0.0034301416491632586,3.511490146347826e-10,1.2769055077628458e-12,0.0010411436200513289,1.4348316728205033e-05,0.0,135458.20924012671,1866.7907598732515,137324.99999999997
dry_high_load,14920.0,0.2554326039630514,0.0034301418932563047,3.49107563856032e-10,1.2694820503855707e-12,0.0010411436073157153,1.4348329463818844e-05,0.0,135458.20758315705,1866.7924168429597,137325.00000000003
dry_high_load,14930.0,0.25543282936760014,0.003430142135930284,3.4707798131859714e-10,1.2621017502494439e-12,0.0010411435946541415,1.4348342125392495e-05,0.0,135458.20593582033,1866.7940641796574,137324.99999999997
dry_high_load,14940.0,0.25543305346173,0.0034301423771934464,3.450601980252917e-10,1.254764356455606e-12,0.0010411435820661776,1.4348354713356429e-05,0.0,135458.20429806068,1866.7957019393477,137325.00000000003
dry_high_load,14950.0,0.2554332762530594,0.0034301426170539936,3.4305414537851715e-10,1.247469619558244e-12,0.0010411435695513952,1.434836722813859e-05,0.0,135458.20266982226,1866.7973301777074,137324.99999999994
dry_high_load,14960.0,0.25543349774916213,0.0034301428555200803,3.4105975518216865e-10,1.2402172915715223e-12,0.0010411435571093697,1.4348379670164423e-05,0.0,135458.20105104992,1866.7989489500906,137325.00000000003
dry_high_load,14970.0,0.2554337179575683,0.0034301430925998133,3.3907695963422335e-10,1.2330071259426302e-12,0.0010411435447396772,1.4348392039856911e-05,0.0,135458.19944168848,1866.8005583115282,137325.00000000003
dry_high_load,14980.0,0.25543393688576405,0.0034301433283012517,3.371056913280111e-10,1.2258388775564038e-12,0.0010411435324418974,1.4348404337636571e-05,0.0,135458.19784168326,1866.8021583167326,137324.99999999997
dry_high_load,14990.0,0.2554341545411921,0.0034301435626324095,3.351458832475556e-10,1.2187123027183838e-12,0.0010411435202156126,1.434841656392148e-05,0.0,135458.1962509799,1866.8037490200968,137325.00000000003
dry_high_load,15000.0,0.25543437093125176,0.003430143795601252,3.331974687688452e-10,1.2116271591594369e-12,0.0010411435080604067,1.4348428719127277e-05,0.0,135458.1946695243,1866.8053304756988,137324.99999999997
nominal,0.0,0.0,0.001978066785327398,4.347040440569484e-06,1.5807419783889032e-08,0.001055491936779534,0.0,0.0,137324.99999999997,0.0,137324.99999999997
nominal,10.0,0.002798356715111379,0.0019808082742522938,4.293199269333355e-06,1.5611633706666747e-08,0.001055389366615207,1.571911474210861e-07,0.0,137311.65508723905,20.451387232254607,137332.1064744713
nominal,20.0,0.005562053802566214,0.001983515807897347,4.24002495909374e-06,1.541827257852269e-08,0.0010552866551768606,3.124353712741013e-07,0.0,137298.29179399213,40.64946956499374,137338.94126355712
nominal,30.0,0.008291520546373509,0.0019861898068227204,4.1875092503054134e-06,1.5227306364746958e-08,0.0010551838042142732,4.657567855848167e-07,0.0,137284.9103479146,60.59738435860227,137345.50773227317
nominal,40.0,0.010987180913556115,0.001988830686379642,4.135643985723465e-06,1.503870540263078e-08,0.001055080815455552,6.171792057097345e-07,0.0,137271.51097384212,80.29823011503717,137351.80920395718
nominal,50.0,0.01364945362000536,0.001991438856774921,4.084421109136232e-06,1.4852440396859023e-08,0.0010549776906073984,7.667261520353178e-07,0.0,137258.09389382548,99.75506695911655,137357.8489607846
nominal,60.0,0.016278752195520038,0.0019940147231346642,4.033832664113933e-06,1.4668482414959754e-08,0.0010548744313553775,9.14420853631404e-07,0.0,137244.65932716546,118.97091711384773,137363.6302442793
nominal,70.0,0.018875485048039823,0.0019965586855672066,3.9838707927727965e-06,1.4486802882810165e-08,0.001054771039364176,1.0602862518593668e-06,0.0,137231.20749044648,137.94876536986806,137369.15625581634
nominal,80.0,0.021440055527083116,0.0019990711392252575,3.934527734554504e-06,1.4307373580198195e-08,0.001054667516277862,1.2043450039355883e-06,0.0,137217.7385975704,156.691559549071,137374.4301571195
nominal,90.0,0.023972861986399186,0.0020015524743672796,3.88579582502074e-06,1.4130166636439055e-08,0.001054563863720142,1.3466194864507972e-06,0.0,137204.25285978985,175.2022109624906,137379.45507075233
nominal,100.0,0.02647429784584429,0.0020040030764181095,3.83766749466268e-06,1.3955154526046107e-08,0.0010544600832946105,1.4871317988458154e-06,0.0,137190.7504857408,193.483594862514,137384.23408060332
nominal,110.0,0.02894475165249144,0.002006423326028825,3.7901352677252225e-06,1.3782310064455353e-08,0.0010543561765850003,1.6259037668442552e-06,0.0,137177.23168147524,211.53855088949334,137388.77023236474
nominal,120.0,0.031384607140983255,0.002008813599135869,3.743191761045779e-06,1.361160640380283e-08,0.0010542521451554303,1.762956945842701e-06,0.0,137163.69665049313,229.36988351282608,137393.06653400592
nominal,130.0,0.033794243293137335,0.002011174267019447,3.6968296829074567e-06,1.3443017028754387e-08,0.0010541479905506442,1.8983126242589013e-06,0.0,137150.14559377363,246.98036246657222,137397.12595624023
nominal,140.0,0.036174034396813354,0.002013505696361197,3.651041831906432e-06,1.3276515752387024e-08,0.001054043714296255,2.0319918268384898e-06,0.0,137136.578709807,264.3727231796758,137400.95143298668
nominal,150.0,0.03852435010405105,0.0020158082493011444,3.6058210958333646e-06,1.3112076712121324e-08,0.0010539393178989789,2.164015317920752e-06,0.0,137122.99619462487,281.5496672008584,137404.54586182573
nominal,160.0,0.04084555548848811,0.002018082283493954,3.5611604505686583e-06,1.2949674365704209e-08,0.0010538348028468706,2.2944036046639387e-06,0.0,137109.39824183087,298.513862618249,137407.91210444912
nominal,170.0,0.04313801110206698,0.0020203281521644864,3.5170529589914055e-06,1.2789283487241473e-08,0.0010537301706095537,2.423176940230641e-06,0.0,137095.7850426307,315.26794447381803,137411.05298710454
nominal,180.0,0.04540207303103919,0.00202254620416266,3.4734917699018508e-06,1.2630879163279456e-08,0.0010536254226384502,2.550355326933701e-06,0.0,137082.15678586197,331.8145151726766,137413.97130103462
nominal,190.0,0.04763809295127614,0.002024736784017642,3.430470116957194e-06,1.2474436788935248e-08,0.0010535205603670046,2.6759585193431655e-06,0.0,137068.51365802318,348.15614488730745,137416.6698029105
nominal,200.0,0.049846418182894765,0.002026900231991361,3.3879813176205773e-06,1.2319932064074825e-08,0.001053415585210908,2.800006027354756e-06,0.0,137054.8558433032,364.29537195678887,137419.15121525998
nominal,210.0,0.05202739174420662,0.002029036884131361,3.3460187721230897e-06,1.2167340989538506e-08,0.001053310498568317,2.9225171192203322e-06,0.0,137041.18352360948,380.2347032810739,137421.41822689056
nominal,220.0,0.05418135240499879,0.002031147072323001,3.3045759624386283e-06,1.2016639863413191e-08,0.00105320530182007,3.043510824540823e-06,0.0,137027.49687859626,395.97661471038583,137423.47349330664
nominal,230.0,0.05630863473915492,0.0020332311243410023,3.263646451271453e-06,1.1867805277350736e-08,0.001053099996329904,3.1630059372220877e-06,0.0,137013.79608569285,411.52355142979184,137425.31963712265
nominal,240.0,0.05840956917662438,0.0020352893639003665,3.2232238810562866e-06,1.172081411293195e-08,0.0010529945834446641,3.2810210183941657e-06,0.0,137000.0813201308,426.87792833901193,137426.9592484698
nominal,250.0,0.060484482054747865,0.0020373221107066555,3.183301972970795e-06,1.1575643538075618e-08,0.0010528890644945145,3.3975743992943692e-06,0.0,136986.35275497142,442.0421304275245,137428.3948853989
nominal,260.0,0.0625336956689472,0.0020393296805056504,3.1438745259603015e-06,1.1432271003492004e-08,0.0010527834407931445,3.5126841841146663e-06,0.0,136972.61056113246,457.0185131450261,137429.6290742775
nominal,270.0,0.06455752832278745,0.0020413123851323995,3.1049354157745777e-06,1.129067423918028e-08,0.0010526777136379711,3.6263682528138027e-06,0.0,136958.85490741473,471.8094027673026,137430.66431018207
nominal,280.0,0.06655629437741879,0.002043270532559652,3.0664785940165687e-06,1.1150831250969338e-08,0.0010525718843103432,3.7386442638945814e-06,0.0,136945.0859605284,486.4170967575679,137431.50305728594
nominal,290.0,0.06853030430040617,0.002045204426945697,3.028498087202894e-06,1.101272031710143e-08,0.0010524659540757395,3.849529657146758e-06,0.0,136931.30388511874,500.8438641233293,137432.14774924208
nominal,300.0,0.07047986471395412,0.0020471143686816074,2.9909879958359915e-06,1.087631998485815e-08,0.0010523599241839636,3.9590416563559555e-06,0.0,136917.50884379182,515.0919457688304,137432.60078956065
nominal,310.0,0.07240527844253417,0.0020490006544379015,2.9539424934877517e-06,1.0741609067228187e-08,0.0010522537958693409,4.067197271979021e-06,0.0,136903.70099713973,529.1635548431306,137432.86455198287
nominal,320.0,0.07430684455992263,0.0020508635772106226,2.917355825894497e-06,1.0608566639616351e-08,0.0010521475703509067,4.174013303786265e-06,0.0,136889.88050376534,543.0608770838722,137432.94138084922
nominal,330.0,0.07618485843565545,0.0020527034263668506,2.881222310063178e-06,1.0477172036593374e-08,0.0010520412488326002,4.279506343470955e-06,0.0,136876.04752030742,556.786071156791,137432.8335914642
nominal,340.0,0.07803961178090792,0.0020545204876896493,2.8455363333886328e-06,1.0347404848685937e-08,0.0010519348325034473,4.383692777226499e-06,0.0,136862.20220146445,570.34126899102,137432.54347045545
nominal,350.0,0.07987139269380605,0.0020563150434224574,2.810292352781788e-06,1.02192449192065e-08,0.0010518283225377475,4.486588788291708e-06,0.0,136848.34470001888,583.7285761102419,137432.0732761291
nominal,360.0,0.08168048570417676,0.0020580873723129293,2.775484893808647e-06,1.0092672341122352e-08,0.0010517217200952556,4.58821035946453e-06,0.0,136834.47516686082,596.9500719597386,137431.42523882055
nominal,370.0,0.08346717181774374,0.0020598377496562317,2.7411085498399533e-06,9.967667453963465e-09,0.001051615026321362,4.688573275584657e-06,0.0,136820.59375101162,610.0078102293916,137430.601561241
nominal,380.0,0.085231728559776,0.0020615664473378065,2.707157981211378e-06,9.844210840768647e-09,0.0010515082423472708,4.787693125985367e-06,0.0,136806.70059964672,622.90381917268,137429.60441881942
nominal,390.0,0.08697443001819578,0.0020632737338756014,2.6736279143941117e-06,9.722283325069497e-09,0.001051401369290175,4.885585306915025e-06,0.0,136792.79585811883,635.6401019217287,137428.43596004057
nominal,400.0,0.08869554688615247,0.0020649598744617802,2.640513141175731e-06,9.601865967911747e-09,0.0010512944082534314,4.982265023928562e-06,0.0,136778.87966998044,648.2186367984542,137427.09830677888
nominal,410.0,0.09039534650406929,0.0020666251310039133,2.607808517851209e-06,9.482940064913487e-09,0.0010511873603267293,5.077747294249353e-06,0.0,136764.9521770057,660.6413776218561,137425.59355462756
nominal,420.0,0.09207409290116916,0.002068269762165661,2.5755089644239434e-06,9.365487143359793e-09,0.0010510802265862621,5.172046949101841e-06,0.0,136751.01351921307,672.9102540115038,137423.92377322458
nominal,430.0,0.09373204683648637,0.002069894023406951,2.5436094638166827e-06,9.24948895933339e-09,0.0010509730080948954,5.26517863601526e-06,0.0,136737.06383488685,685.027171687263,137422.09100657413
nominal,440.0,0.09536946583937005,0.00207149816702366,2.512105061092228e-06,9.134927494880828e-09,0.0010508657059023283,5.357156821098834e-06,0.0,136723.1032605984,696.994012765311,137420.0972733637
nominal,450.0,0.09698660424948609,0.0020730824421867997,2.480990862683784e-06,9.021784955213759e-09,0.001050758321045259,5.447995791288785e-06,0.0,136709.13193122752,708.812636050484,137417.94456727803
nominal,460.0,0.09858371325632377,0.0020746470949812245,2.450262035634839e-06,8.910043765944869e-09,0.0010506508545475462,5.537709656567527e-06,0.0,136695.1499799836,720.4848773250061,137415.6348573086
nominal,470.0,0.1001610437492103,0.0020760926347392797,2.421582193929037e-06,8.805753432469225e-09,0.0010505433074338181,5.626312510056573e-06,0.0,136681.1575401761,732.0125701774099,137413.1701103535
nominal,480.0,0.10172461732061244,0.0020766560924428273,2.407697491407074e-06,8.755263605116631e-09,0.0010504357083608612,5.714142600637504e-06,0.0,136667.1583402022,743.4397225494375,137410.59806275164
nominal,490.0,0.10327922578070654,0.002077216319431094,2.393892400043719e-06,8.705063272886252e-09,0.0010503280801641849,5.801469097046305e-06,0.0,136653.15535108067,754.8013546959876,137407.95670577665
nominal,500.0,0.10482492053303526,0.0020777733342281354,2.3801664633699506e-06,8.655150775890728e-09,0.0010502204230107772,5.888294886756833e-06,0.0,136639.14859453755,766.0978422924518,137405.24643683
nominal,510.0,0.10636175268640714,0.002078327155251793,2.366519227534018e-06,8.605524463760064e-09,0.0010501127370666674,5.974622840686941e-06,0.0,136625.13809217408,777.3295588602009,137402.4676510343
nominal,520.0,0.10788977305658652,0.0020788778008143057,2.3529502412864348e-06,8.556182695587034e-09,0.0010500050224969341,6.060455813293412e-06,0.0,136611.12386546787,788.4968757789331,137399.62074124676
nominal,530.0,0.10940903216797372,0.002079425289122917,2.339459055965058e-06,8.507123839872937e-09,0.0010498972794657088,6.145796642666335e-06,0.0,136597.1059357732,799.6001622989558,137396.70609807217
nominal,540.0,0.11091958025527583,0.0020799696382804733,2.3260452254802527e-06,8.458346274473645e-09,0.0010497895081361824,6.230648150622959e-06,0.0,136583.0843243222,810.639785553394,137393.72410987556
nominal,550.0,0.11242146726516755,0.002080510866286024,2.312708306300142e-06,8.40984838654597e-09,0.0010496817086706096,6.3150131428009875e-06,0.0,136569.05905222494,821.6161105703303,137390.67516279526
nominal,560.0,0.1139147428579427,0.0020810489910354176,2.299447857435943e-06,8.361628572494339e-09,0.0010495738812303145,6.398894408751345e-06,0.0,136555.03014047057,832.5295002848733,137387.55964075544
nominal,570.0,0.11539945640915635,0.002081584030321892,2.2862634404273836e-06,8.313685237917757e-09,0.0010494660259756966,6.482294722030426e-06,0.0,136540.99760992793,843.3803155511598,137384.3779254791
nominal,580.0,0.11687565701125738,0.002082116001836664,2.273154619328204e-06,8.266016797557105e-09,0.0010493581430662362,6.565216840291794e-06,0.0,136526.96148134614,854.1689151542859,137381.13039650043
nominal,590.0,0.11834339347521175,0.0020826449231695124,2.260120960691745e-06,8.218621675242708e-09,0.001049250232660499,6.647663505377368e-06,0.0,136512.92177535553,864.8956558221697,137377.81743117768
nominal,600.0,0.11980271433211644,0.0020831708118093633,2.247162033556614e-06,8.171498303842232e-09,0.0010491422949161409,6.729637443408081e-06,0.0,136498.87851246787,875.5608922373475,137374.43940470522
nominal,610.0,0.1212536678348041,0.0020836936851448633,2.2342774094324337e-06,8.124645125208848e-09,0.0010490343299899142,6.811141364874019e-06,0.0,136484.83171307752,886.164977048701,137370.99669012622
nominal,620.0,0.12269630195943865,0.0020842135604649593,2.2214666622856773e-06,8.078060590129734e-09,0.0010489263380376724,6.892177964724047e-06,0.0,136470.7813974618,896.7082608831179,137367.48965834492
nominal,630.0,0.1241306644071015,0.002084730454959467,2.20872936852558e-06,8.031743158274836e-09,0.0010488183192143758,6.972749922454913e-06,0.0,136456.72758578186,907.1910923570852,137363.91867813896
nominal,640.0,0.1255568026053689,0.0020852443857196402,2.1960651069901323e-06,7.985691298145935e-09,0.0010487102736740951,7.052859902199854e-06,0.0,136442.6702980831,917.6138180882168,137360.28411617127
nominal,650.0,0.12697476370988006,0.002085755369738737,2.183473458932154e-06,7.939903487026012e-09,0.0010486022015700192,7.13251055281668e-06,0.0,136428.60955429616,927.9767827067141,137356.58633700287
nominal,660.0,0.1283845946058965,0.002086263423912579,2.17095400800545e-06,7.894378210928908e-09,0.0010484941030544574,7.211704507975359e-06,0.0,136414.54537423732,938.2803288667614,137352.82570310406
nominal,670.0,0.12978634190985208,0.0020867685650401134,2.158506340251042e-06,7.849113964549242e-09,0.0010483859782788462,7.290444386245104e-06,0.0,136400.47777760922,948.5247972578558,137349.0025748671
nominal,680.0,0.13118005197089466,0.002087270809823966,2.1461300440834813e-06,7.804109251212658e-09,0.0010482778273937531,7.3687327911809545e-06,0.0,136386.40678400153,958.7105266160718,137345.11731061758
nominal,690.0,0.13256577087241853,0.0020877701748709945,2.1338247102772397e-06,7.759362582826324e-09,0.0010481696505488835,7.446572311409866e-06,0.0,136372.3324128916,968.8378537352631,137341.1702666269
nominal,700.0,0.13394354443358805,0.002088266676692837,2.1215899319531795e-06,7.714872479829742e-09,0.0010480614478930834,7.523965520716297e-06,0.0,136358.25468364524,978.9071134781973,137337.1617971234
nominal,710.0,0.1353134182108529,0.0020887603317064577,2.109425304565097e-06,7.670637471145806e-09,0.0010479532195743458,7.600914978127323e-06,0.0,136344.17361551698,988.9186387876287,137333.0922543046
nominal,720.0,0.13667543749945427,0.002089251156234692,2.097330425886349e-06,7.626656094132178e-09,0.0010478449657398154,7.677423227997239e-06,0.0,136330.08922765113,998.8727606973073,137328.96198834843
nominal,730.0,0.13802964733492254,0.0020897391665067834,2.085304895996552e-06,7.582926894532914e-09,0.0010477384439794425,7.753492800091697e-06,0.0,136316.2301916571,1008.7698083429241,137325.00000000003
nominal,740.0,0.13937609249456648,0.0020902243786589214,2.0733483172683578e-06,7.539448426430392e-09,0.0010476628105698625,7.829126209671353e-06,0.0,136306.38989102698,1018.6101089729948,137324.99999999997
nominal,750.0,0.14071481749895373,0.002090706808734775,2.0614602943543086e-06,7.496219252197486e-09,0.001047587610821959,7.904325957575028e-06,0.0,136296.6060120403,1028.3939879596792,137324.99999999997
nominal,760.0,0.14204586661338317,0.0020911864726860232,2.0496404341737592e-06,7.453237942450033e-09,0.0010475128422492317,7.979094530302417e-06,0.0,136286.8782311905,1038.1217688095423,137325.00000000003
nominal,770.0,0.14336928384934802,0.0020916633863728817,2.0378883458998878e-06,7.410503075999591e-09,0.0010474385023794377,8.053434400096278e-06,0.0,136277.20622682574,1047.7937731742466,137324.99999999997
nominal,780.0,0.1446851129659916,0.0020921375655646294,2.026203640946766e-06,7.3680132398064195e-09,0.0010473645887545098,8.127348025024202e-06,0.0,136267.5896791388,1057.4103208611923,137325.00000000003
nominal,790.0,0.14599339747155396,0.0020926090259401273,2.0145859329565128e-06,7.3257670289327735e-09,0.0010472910989304742,8.200837849059874e-06,0.0,136258.02827015592,1066.9717298440892,137325.00000000003
nominal,800.0,0.14729418062481073,0.0020930777830883377,2.0030348377865203e-06,7.283763046496436e-09,0.00104721803047737,8.273906302163898e-06,0.0,136248.52168372652,1076.4783162734707,137324.99999999994
nominal,810.0,0.148587505436503,0.0020935438525088407,1.9915499734967524e-06,7.241999903624553e-09,0.00104714538097917,8.346555800364123e-06,0.0,136239.06960551286,1085.9303944871479,137325.00000000003
nominal,820.0,0.1498734146707602,0.002094007249612346,1.9801309603371123e-06,7.20047621940768e-09,0.0010470731480336985,8.418788745835556e-06,0.0,136229.6717229794,1095.3282770206044,137325.00000000003
nominal,830.0,0.15115195084651348,0.0020944679897212026,1.96877742073489e-06,7.159190620854144e-09,0.0010470013292525541,8.49060752697977e-06,0.0,136220.32772538267,1104.672274617328,137324.99999999997
nominal,840.0,0.15242315623890187,0.0020949260880699042,1.9574889792822757e-06,7.118141742844637e-09,0.00104692992226103,8.562014518503884e-06,0.0,136211.03730376088,1113.9626962390873,137324.99999999997
nominal,850.0,0.15368707288067018,0.002095381559805595,1.9462652627239467e-06,7.077328228087078e-09,0.0010468589246980348,8.633012081499086e-06,0.0,136201.80015092384,1123.1998490761464,137324.99999999997
nominal,860.0,0.15494374256355867,0.002095834419988569,1.9351058999447274e-06,7.036748727071735e-09,0.0010467883342160152,8.703602563518698e-06,0.0,136192.61596144256,1132.3840385574233,137324.99999999997
nominal,870.0,0.156193206839685,0.002096284683592769,1.924010521957316e-06,6.996401898026602e-09,0.001046718148480878,8.773788298655805e-06,0.0,136183.48443163937,1141.515568360589,137324.99999999997
nominal,880.0,0.1574355070229181,0.0020967323655062806,1.9129787618900847e-06,6.9562864068730345e-09,0.0010466483651719136,8.843571607620425e-06,0.0,136174.4052595779,1150.594740422107,137325.00000000003
nominal,890.0,0.15867068419024433,0.0020971774805318257,1.9020102549749505e-06,6.9164009271816364e-09,0.0010465789819817178,8.91295479781625e-06,0.0,136165.3781450528,1159.6218549472196,137325.00000000003
nominal,900.0,0.15989877918312562,0.0020976200433872514,1.891104638535311e-06,6.876744140128402e-09,0.001046509996616117,8.981940163416939e-06,0.0,136156.40278958014,1168.597210419872,137324.99999999997
nominal,910.0,0.16111983260884985,0.002098060068706016,1.8802615519740553e-06,6.837314734451109e-09,0.001046441406794092,9.050529985441971e-06,0.0,136147.47889638742,1177.5211036125822,137325.00000000003
nominal,920.0,0.16233388484187364,0.0020984975710376733,1.8694806367616399e-06,6.798111406405962e-09,0.001046373210247702,9.118726531832071e-06,0.0,136138.60617040374,1186.3938295962546,137325.00000000003
nominal,930.0,0.16354097602515735,0.002098932564848355,1.858761536424232e-06,6.759132859724479e-09,0.0010463054047220098,9.186532057524206e-06,0.0,136129.78431825008,1195.2156817499367,137324.99999999997
nominal,940.0,0.16474114607149234,0.002099365064521248,1.8481038965319251e-06,6.720377805570636e-09,0.0010462379879750078,9.253948804526136e-06,0.0,136121.01304822948,1203.9869517705183,137324.99999999997
nominal,950.0,0.16593443466482075,0.0020997950843570676,1.837507364687019e-06,6.681844962498249e-09,0.0010461709577775436,9.32097900199055e-06,0.0,136112.29207031764,1212.7079296823783,137325.00000000003
nominal,960.0,0.16712088126154762,0.0021002226385745354,1.826971590512366e-06,6.643533056408603e-09,0.0010461043119132452,9.387624866288775e-06,0.0,136103.62109615302,1221.3789038469731,137324.99999999997
nominal,970.0,0.16830052509184554,0.0021006477413108445,1.8164962256397892e-06,6.605440820508323e-09,0.0010460380481784497,9.453888601084056e-06,0.0,136094.9998390276,1230.0001609723722,137324.99999999994
nominal,980.0,0.16947340516095186,0.002101070406622131,1.8060809236985592e-06,6.567566995267488e-09,0.0010459721643821297,9.519772397404428e-06,0.0,136086.42801387727,1238.5719861227383,137325.00000000003
nominal,990.0,0.17063956025045837,0.002101490648483935,1.795725340303944e-06,6.529910328377978e-09,0.0010459066583458187,9.585278433715161e-06,0.0,136077.90533727224,1247.0946627277517,137324.99999999997
nominal,1000.0,0.1717990289195936,0.0021019084807916665,1.7854291330458217e-06,6.492469574712078e-09,0.0010458415279035432,9.650408875990785e-06,0.0,136069.431527408,1255.568472591984,137324.99999999997
nominal,1010.0,0.17295184950649772,0.0021023239173610614,1.7751919614773585e-06,6.4552434962813024e-09,0.0010457767709017474,9.715165877786712e-06,0.0,136061.0063040958,1263.993695904214,137325.00000000003
nominal,1020.0,0.17409806012949047,0.0021027369719286404,1.7650134871037498e-06,6.418230862195453e-09,0.0010457123851992235,9.77955158031045e-06,0.0,136052.62938875332,1272.3706112466941,137324.99999999997
nominal,1030.0,0.17523769868833128,0.002103147658152163,1.7548933733710308e-06,6.38143044862193e-09,0.0010456483686670417,9.843568112492398e-06,0.0,136044.30050439565,1280.6994956043602,137325.00000000003
nominal,1040.0,0.1763708028654725,0.0021035559896110784,1.7448312856549467e-06,6.34484103874526e-09,0.0010455847191884777,9.907217591056237e-06,0.0,136036.019375626,1288.980624373992,137324.99999999997
nominal,1050.0,0.17749741012730538,0.0021039619798069757,1.734826891249888e-06,6.308461422726864e-09,0.001045521434658945,9.970502120588917e-06,0.0,136027.78572862668,1297.2142713733158,137324.99999999997
nominal,1060.0,0.1786175577253991,0.0021043656421640277,1.7248798593578897e-06,6.2722903976650525e-09,0.0010454585129859237,1.0033423793610263e-05,0.0,136019.59929114993,1305.400708850063,137324.99999999997
nominal,1070.0,0.17973128269773217,0.0021047669900294383,1.7149898610776944e-06,6.236326767555251e-09,0.0010453959520888918,1.0095984690642141e-05,0.0,136011.45979250903,1313.5402074909673,137324.99999999997
nominal,1080.0,0.18083862186991734,0.0021051660366738813,1.7051565693938753e-06,6.200569343250455e-09,0.0010453337498992567,1.0158186880277273e-05,0.0,136003.36696356928,1321.6330364307194,137324.99999999997
nominal,1090.0,0.1819396118564191,0.0021055627952919404,1.6953796591660256e-06,6.16501694242191e-09,0.0010452719043602865,1.0220032419247615e-05,0.0,135995.32053673913,1329.6794632608623,137325.00000000003
nominal,1100.0,0.1830342890617646,0.0021059572790025453,1.6856588071180044e-06,6.129668389520015e-09,0.0010452104134270417,1.0281523352492386e-05,0.0,135987.32024596137,1337.679754038642,137325.00000000003
nominal,1110.0,0.18412268968174708,0.0021063495008494045,1.6759936918272511e-06,6.094522515735458e-09,0.0010451492750663083,1.0342661713225662e-05,0.0,135979.3658267042,1345.6341732958028,137324.99999999997
nominal,1120.0,0.18520484970462286,0.0021067394738014376,1.6663839937141543e-06,6.05957815896056e-09,0.0010450884872565305,1.0403449523003624e-05,0.0,135971.45701595268,1353.5429840473362,137325.00000000003
nominal,1130.0,0.18628080491230117,0.0021071272107532043,1.6568293950314884e-06,6.024834163750866e-09,0.0010450280479877426,1.0463888791791383e-05,0.0,135963.5935521998,1361.4064478001744,137324.99999999997
nominal,1140.0,0.18735059088152745,0.0021075127245253305,1.6473295798539034e-06,5.99028938128692e-09,0.0010449679552615044,1.0523981518029454e-05,0.0,135955.77517543812,1369.2248245618407,137324.99999999997
nominal,1150.0,0.18841424298505954,0.0021078960278649314,1.6378842340674816e-06,5.955942669336296e-09,0.0010449082070908343,1.0583729688699829e-05,0.0,135948.00162715095,1376.9983728490436,137325.00000000003
nominal,1160.0,0.1894717963928376,0.002108277133446034,1.628493045359349e-06,5.921792892215814e-09,0.0010448488015001424,1.0643135279391684e-05,0.0,135940.27265030378,1384.7273496962282,137325.00000000003
nominal,1170.0,0.19052328607314648,0.0021086560538699957,1.6191557032073514e-06,5.887838920754004e-09,0.0010447897365251672,1.0702200254366687e-05,0.0,135932.5879893359,1392.4120106640707,137324.99999999997
nominal,1180.0,0.19156874679377245,0.0021090328016659214,1.6098718988697842e-06,5.854079632253759e-09,0.0010447310102129099,1.076092656662396e-05,0.0,135924.94739015205,1400.0526098479324,137324.99999999997
nominal,1190.0,0.19260821312315263,0.002109407389291077,1.6006413253751846e-06,5.820513910455216e-09,0.0010446726206215695,1.081931615796466e-05,0.0,135917.35060011374,1407.6493998862597,137325.00000000003
nominal,1200.0,0.19364171943151792,0.0021097798291313027,1.5914636775121832e-06,5.787140645498847e-09,0.0010446145658204776,1.0877370959056166e-05,0.0,135909.79736803105,1415.2026319689376,137324.99999999994
nominal,1210.0,0.1946692998920297,0.0021101501335014203,1.5823386518194089e-06,5.753958733888758e-09,0.001044556843890038,1.093509288949594e-05,0.0,135902.2874441544,1422.712555845597,137324.99999999997
nominal,1220.0,0.1956909884819093,0.0021105183146456425,1.5732659465754585e-06,5.720967078456212e-09,0.001044499452921659,1.0992483857874971e-05,0.0,135894.8205801661,1430.1794198338687,137324.99999999997
nominal,1230.0,0.1967068189835621,0.002110884384737977,1.5642452617889171e-06,5.6881645883233346e-09,0.001044442391017693,1.1049545761840916e-05,0.0,135887.3965291724,1437.6034708276,137324.99999999997
nominal,1240.0,0.19771682498569407,0.002111248355882629,1.5552762991884403e-06,5.655550178867055e-09,0.0010443856562913731,1.110628048816082e-05,0.0,135880.01504569498,1444.984954305013,137324.99999999997
nominal,1250.0,0.19872103988442263,0.0021116102401144013,1.5463587622128916e-06,5.6231227716832415e-09,0.0010443292468667504,1.1162689912783516e-05,0.0,135872.67588566316,1452.3241143368243,137324.99999999997
nominal,1260.0,0.19971949688438062,0.002111970049399092,1.5374923560015381e-06,5.5908812945510474e-09,0.001044273160878632,1.121877590090164e-05,0.0,135865.37880640567,1459.621193594314,137324.99999999994
nominal,1270.0,0.20071222899981475,0.0021123277956338915,1.528676787384296e-06,5.558824681397439e-09,0.0010442173964725205,1.1274540307013334e-05,0.0,135858.12356664264,1466.8764333573515,137324.99999999994
nominal,1280.0,0.2016992690556767,0.0021126834906477735,1.519911764872042e-06,5.5269518722619706e-09,0.0010441619518045504,1.1329984974983528e-05,0.0,135850.90992647762,1474.090073522371,137324.99999999997
nominal,1290.0,0.2026806496887087,0.002113037146201889,1.5111969986469734e-06,5.495261813261721e-09,0.001044106825041429,1.138511173810493e-05,0.0,135843.7376473897,1481.2623526103046,137324.99999999997
nominal,1300.0,0.2036564033485227,0.0021133887739899528,1.5025322005530246e-06,5.463753456556452e-09,0.0010440520143603753,1.1439922419158644e-05,0.0,135836.60649222552,1488.393507774471,137324.99999999997
nominal,1310.0,0.20462656229867326,0.0021137383856386313,1.4939170840863393e-06,5.43242576031396e-09,0.0010439975179490596,1.149441883047443e-05,0.0,135829.5162251916,1495.4837748084137,137324.99999999997
nominal,1320.0,0.20559115861772428,0.002114085992707927,1.4853513643857985e-06,5.40127768867563e-09,0.0010439433340055431,1.1548602773990635e-05,0.0,135822.4666118463,1502.5333881537,137324.99999999994
nominal,1330.0,0.20655022420031002,0.00211443160669156,1.476834758223599e-06,5.3703082117221776e-09,0.0010438894607382202,1.1602476041313783e-05,0.0,135815.45741909233,1509.5425809076721,137325.00000000003
nominal,1340.0,0.20750379075818925,0.0021147752390173486,1.4683669839958903e-06,5.339516305439601e-09,0.001043835896365756,1.1656040413777801e-05,0.0,135808.48841516883,1516.5115848311552,137324.99999999997
nominal,1350.0,0.20845188982129406,0.0021151169010475875,1.4599477617134636e-06,5.308900951685321e-09,0.0010437826391170313,1.1709297662502923e-05,0.0,135801.5593696439,1523.4406303561188,137325.00000000003
nominal,1360.0,0.20939455273877247,0.0021154566040794223,1.4515768129924922e-06,5.278461138154516e-09,0.0010437296872310797,1.1762249548454262e-05,0.0,135794.6700534067,1530.3299465932985,137324.99999999997
nominal,1370.0,0.21033181068002482,0.0021157943593452244,1.4432538610453277e-06,5.248195858346646e-09,0.001043677038957034,1.1814897822500023e-05,0.0,135787.82023866024,1537.1797613397698,137325.00000000003
nominal,1380.0,0.21126369463573438,0.0021161301780129615,1.434978630671349e-06,5.2181041115321775e-09,0.0010436246925540646,1.1867244225469402e-05,0.0,135781.0096989135,1543.990301086481,137324.99999999997
nominal,1390.0,0.21219023541889243,0.0021164640711865673,1.4267508482478588e-06,5.188184902719486e-09,0.0010435726462913236,1.1919290488210157e-05,0.0,135774.23820897422,1550.7617910257422,137324.99999999994
nominal,1400.0,0.21311146366581657,0.0021167960499063085,1.4185702417210417e-06,5.158437242621969e-09,0.001043520898447888,1.1971038331645822e-05,0.0,135767.5055449413,1557.494455058672,137324.99999999994
nominal,1410.0,0.21402740983716412,0.0021171261251491497,1.4104365405969641e-06,5.128860147625323e-09,0.0010434694473127014,1.2022489466832616e-05,0.0,135760.81148419742,1564.1885158025982,137325.00000000003
nominal,1420.0,0.21493810421893905,0.002117454307829117,1.4023494759326332e-06,5.099452639755029e-09,0.001043418291184518,1.2073645595016024e-05,0.0,135754.1558054016,1570.844194598422,137325.00000000003
nominal,1430.0,0.21584357692349357,0.002117780608797658,1.3943087803271025e-06,5.070213746644009e-09,0.001043367428371847,1.2124508407687043e-05,0.0,135747.53828848206,1577.4617115179344,137325.00000000003
nominal,1440.0,0.21674385789052375,0.0021181050388440013,1.3863141879126313e-06,5.041142501500477e-09,0.001043316857192896,1.2175079586638118e-05,0.0,135740.9587146289,1584.041285371095,137325.00000000003
nominal,1450.0,0.2176389768880594,0.002118427608695512,1.3783654343458933e-06,5.012237943075975e-09,0.0010432665759755153,1.2225360804018741e-05,0.0,135734.41686628675,1590.5831337132638,137324.99999999997
nominal,1460.0,0.21852896351344858,0.0021187483290180486,1.3704622567992344e-06,4.983499115633579e-09,0.0010432165830571432,1.2275353722390757e-05,0.0,135727.91252714762,1597.0874728523995,137324.99999999997
nominal,1470.0,0.21941384719433601,0.0021190672104163142,1.362604393951985e-06,4.954925068916308e-09,0.0010431668767847506,1.2325059994783323e-05,0.0,135721.44548214378,1603.5545178562068,137324.99999999997
nominal,1480.0,0.2202936571896362,0.002119384263434207,1.3547915859818183e-06,4.926514858115702e-09,0.0010431174555147864,1.2374481264747567e-05,0.0,135715.01551744074,1609.9844825592509,137324.99999999997
nominal,1490.0,0.2211684225905009,0.002119699498555169,1.3470235745561582e-06,4.8982675438405744e-09,0.001043068317613123,1.2423619166410942e-05,0.0,135708.62242042995,1616.3775795700262,137324.99999999997
nominal,1500.0,0.22203817232128106,0.002120012926202534,1.339300102823638e-06,4.870182192085956e-09,0.0010430194614550027,1.2472475324531253e-05,0.0,135702.265979722,1622.7340202779887,137324.99999999997
nominal,1510.0,0.22290293514048296,0.0021203245567398706,1.33162091540561e-06,4.842257874202218e-09,0.0010429708854249836,1.2521051354550367e-05,0.0,135695.94598513946,1629.054014860542,137324.99999999997
nominal,1520.0,0.22376273964171955,0.002120634400471325,1.3239857583876967e-06,4.814493666864351e-09,0.0010429225879168863,1.2569348862647655e-05,0.0,135689.66222771,1635.3377722899893,137324.99999999997
nominal,1530.0,0.2246176142546556,0.002120942467641963,1.3163943793113984e-06,4.786888652041448e-09,0.001042874567333741,1.2617369445793083e-05,0.0,135683.41449965956,1641.5855003404436,137325.00000000003
nominal,1540.0,0.2254675872459478,0.002121248768438108,1.3088465271657446e-06,4.759441916966343e-09,0.001042826822087734,1.266511469180002e-05,0.0,135677.2025944053,1647.7974055946968,137324.99999999997
nominal,1550.0,0.22631268672017935,0.0021215533129876766,1.3013419523789948e-06,4.732152554105435e-09,0.001042779350600156,1.271258617937773e-05,0.0,135671.0263065489,1653.9736934510488,137324.99999999997
nominal,1560.0,0.2271529406207894,0.0021218561113605155,1.293880406810386e-06,4.705019661128676e-09,0.0010427321513013503,1.2759785478183594e-05,0.0,135664.8854318699,1660.114568130103,137324.99999999997
nominal,1570.0,0.2279883767309969,0.002122157173568734,1.2864616437419267e-06,4.6780423408797324e-09,0.0010426852226306591,1.2806714148874992e-05,0.0,135658.77976731848,1666.2202326815152,137325.00000000003
nominal,1580.0,0.2288190226747192,0.002122456509567034,1.2790854178702418e-06,4.651219701346333e-09,0.0010426385630363732,1.2853373743160915e-05,0.0,135652.70911100932,1672.2908889907092,137325.00000000003
nominal,1590.0,0.22964490591748574,0.00212275412925304,1.2717514852984573e-06,4.6245508556307524e-09,0.0010425921709756806,1.2899765803853273e-05,0.0,135646.67326221443,1678.3267377855534,137324.99999999997
nominal,1600.0,0.23046605376734575,0.0021230500424676262,1.2644596035281407e-06,4.598034921920511e-09,0.001042546044914616,1.2945891864917907e-05,0.0,135640.67202135696,1684.327978642994,137324.99999999997
nominal,1610.0,0.23128249337577153,0.0021233442589952416,1.25720953145128e-06,4.571671023459199e-09,0.0010425001833280086,1.2991753451525303e-05,0.0,135634.70519000434,1690.2948099956589,137324.99999999997
nominal,1620.0,0.2320942517385561,0.002123636788564234,1.2500010293423118e-06,4.545458288517497e-09,0.0010424545846994331,1.3037352080101036e-05,0.0,135628.7725708616,1696.2274291384144,137325.00000000003
nominal,1630.0,0.2329013556967059,0.0021239276408471716,1.2428338588501938e-06,4.519395850364341e-09,0.001042409247521158,1.3082689258375899e-05,0.0,135622.8739677651,1702.1260322348924,137324.99999999997
nominal,1640.0,0.23370383193732816,0.002124216825461163,1.235707782990526e-06,4.493482847238276e-09,0.001042364170294098,1.3127766485435765e-05,0.0,135617.009185676,1707.9908143239757,137324.99999999997
nominal,1650.0,0.23450170699451342,0.0021245043519681735,1.228622566137713e-06,4.467718422318956e-09,0.001042319351527763,1.3172585251771144e-05,0.0,135611.17803067376,1713.8219693262438,137325.00000000003
nominal,1660.0,0.23529500725021288,0.0021247902298753446,1.221577974017173e-06,4.44210172369881e-09,0.0010422747897402074,1.3217147039326479e-05,0.0,135605.3803099496,1719.6196900503905,137324.99999999997
nominal,1670.0,0.2360837589351108,0.002125074468635305,1.214573773697591e-06,4.416631904354875e-09,0.001042230483457985,1.3261453321549145e-05,0.0,135599.61583180042,1725.3841681995955,137325.00000000003
nominal,1680.0,0.23686798812949153,0.0021253570776464848,1.2076097335832198e-06,4.391308122120799e-09,0.0010421864312160959,1.3305505563438155e-05,0.0,135593.88440562214,1731.1155943778629,137325.00000000003
nominal,1690.0,0.2376477207641022,0.0021256380662534264,1.2006856234062184e-06,4.366129539658975e-09,0.0010421426315579414,1.3349305221592616e-05,0.0,135588.18584190367,1736.8141580963252,137324.99999999997
nominal,1700.0,0.23842298262101008,0.002125917443747093,1.1938012142190398e-06,4.341095324432872e-09,0.001042099083035274,1.3392853744259892e-05,0.0,135582.5199522205,1742.4800477795097,137324.99999999997
nominal,1710.0,0.2391937993344548,0.0021261952193651758,1.1869562783868618e-06,4.3162046486794974e-09,0.0010420557842081505,1.3436152571383475e-05,0.0,135576.88654922842,1748.113450771567,137324.99999999997
nominal,1720.0,0.2399601963916963,0.002126471402292399,1.1801505895800579e-06,4.291456689382028e-09,0.0010420127336448835,1.3479203134650616e-05,0.0,135571.28544665754,1753.714553342467,137325.00000000003
nominal,1730.0,0.2407221991338572,0.0021267460016608257,1.1733839227667166e-06,4.266850628242605e-09,0.0010419699299219942,1.3522006857539647e-05,0.0,135565.71645930584,1759.283540694157,137324.99999999997
nominal,1740.0,0.24147983275676121,0.002127019026550156,1.1666560542051971e-06,4.242385651655262e-09,0.001041927371624167,1.3564565155367069e-05,0.0,135560.1794030333,1764.820596966688,137325.00000000003
nominal,1750.0,0.2422331223117657,0.002127290485988031,1.1599667614367348e-06,4.218060950679035e-09,0.0010418850573441995,1.3606879435334326e-05,0.0,135554.67409475567,1770.3259052442986,137324.99999999994
nominal,1760.0,0.24298209270659035,0.0021275603889503295,1.1533158232780832e-06,4.193875721011211e-09,0.0010418429856829596,1.364895109657435e-05,0.0,135549.20035243852,1775.7996475614725,137324.99999999997
nominal,1770.0,0.24372676870614077,0.002127828744361465,1.146703019814201e-06,4.16982916296073e-09,0.0010418011552493361,1.3690781530197825e-05,0.0,135543.75799509103,1781.2420049089578,137324.99999999997
nominal,1780.0,0.244467174933327,0.0021280955610946803,1.1401281323909816e-06,4.145920481421751e-09,0.0010417595646601949,1.373237211933917e-05,0.0,135538.34684276025,1786.6531572397487,137325.00000000003
nominal,1790.0,0.2452033358698783,0.0021283608479723414,1.1335909436080205e-06,4.122148885847347e-09,0.0010417182125403318,1.37737242392023e-05,0.0,135532.96671652497,1792.0332834750382,137325.00000000003
nominal,1800.0,0.24593527585715186,0.0021286246137662296,1.1270912373114314e-06,4.0985135902233865e-09,0.0010416770975224278,1.3814839257106059e-05,0.0,135527.61743848986,1797.3825615101325,137324.99999999997
nominal,1810.0,0.24666301909693839,0.0021288868671978317,1.1206287985866937e-06,4.075013813042522e-09,0.0010416362182470043,1.3855718532529466e-05,0.0,135522.29883177966,1802.701168220334,137324.99999999994
nominal,1820.0,0.2473865896522617,0.002129147616938627,1.1142034137515519e-06,4.0516487772783695e-09,0.0010415955733623773,1.3896363417156642e-05,0.0,135517.0107205332,1807.9892794667896,137324.99999999997
nominal,1830.0,0.2481060114481749,0.002129406871610375,1.1078148703489453e-06,4.028417710359801e-09,0.0010415551615246125,1.3936775254921518e-05,0.0,135511.7529298977,1813.2470701023049,137324.99999999997
nominal,1840.0,0.2488213082725513,0.0021296646397854003,1.1014629571399846e-06,4.005319844145399e-09,0.0010415149813974816,1.3976955382052277e-05,0.0,135506.52528602286,1818.4747139771289,137324.99999999997
nominal,1850.0,0.24953250377687083,0.0021299209299868766,1.0951474640969685e-06,3.9823544148980665e-09,0.0010414750316524184,1.4016905127115517e-05,0.0,135501.3276160553,1823.6723839446972,137324.99999999997
nominal,1860.0,0.2502396214770022,0.002130175750689107,1.088868182396438e-06,3.959520663259774e-09,0.001041435310968474,1.4056625811060193e-05,0.0,135496.1597481327,1828.8402518673508,137325.00000000003
nominal,1870.0,0.25094268475398035,0.0021304291103178066,1.0826249044122723e-06,3.936817834226444e-09,0.0010413958180322726,1.4096118747261299e-05,0.0,135491.02151137797,1833.9784886220195,137324.99999999997
nominal,1880.0,0.2516417168547798,0.002130681017250379,1.0764174237088221e-06,3.914245177122989e-09,0.0010413565515379705,1.4135385241563282e-05,0.0,135485.91273589412,1839.0872641058686,137324.99999999994
nominal,1890.0,0.2523367408930831,0.0021309314798161933,1.0702455350340853e-06,3.891801945578491e-09,0.0010413175101872108,1.4174426592323235e-05,0.0,135480.83325275808,1844.1667472419208,137324.99999999997
nominal,1900.0,0.25302777985004504,0.002131180506296861,1.06410903431292e-06,3.869487397501527e-09,0.0010412786926890802,1.4213244090453812e-05,0.0,135475.78289401537,1849.2171059846376,137325.00000000003
nominal,1910.0,0.2537148565750528,0.00213142810492651,1.0580077186402954e-06,3.847300795055619e-09,0.0010412400977600682,1.4251839019465925e-05,0.0,135470.76149267453,1854.2385073254752,137325.00000000003
nominal,1920.0,0.2543979937864813,0.002131674283892054,1.051941386274584e-06,3.8252414046348505e-09,0.0010412017241240227,1.429021265551118e-05,0.0,135465.76888270158,1859.2311172984073,137324.99999999997
nominal,1930.0,0.25507721407244416,0.002131919051333466,1.0459098366308919e-06,3.803308496839606e-09,0.0010411635705121099,1.4328366267424068e-05,0.0,135460.80489901456,1864.195100985411,137324.99999999997
nominal,1940.0,0.25575253989154106,0.002132162415344047,1.0399128702744237e-06,3.781501346452449e-09,0.0010411256356627702,1.4366301116763925e-05,0.0,135455.86937747808,1869.130622521928,137325.00000000003
nominal,1950.0,0.2564239935736,0.0021324043839706926,1.0339502889138902e-06,3.759819232414146e-09,0.0010410879183216774,1.4404018457856645e-05,0.0,135450.96215489772,1874.0378451022932,137325.00000000003
nominal,1960.0,0.2570915973204158,0.0021326449652141603,1.0280218953949508e-06,3.7382614377998204e-09,0.001041050417241698,1.4441519537836154e-05,0.0,135446.0830690149,1878.916930985127,137325.00000000003
nominal,1970.0,0.257755373206484,0.002132884167029332,1.0221274936936963e-06,3.7168272497952586e-09,0.0010410131311828484,1.4478805596685646e-05,0.0,135441.2319585013,1883.7680414987035,137324.99999999997
nominal,1980.0,0.2584153431797311,0.0021331219973254804,1.0162668889101643e-06,3.6955159596733243e-09,0.0010409760589122554,1.4515877867278581e-05,0.0,135436.4086629537,1888.5913370462833,137324.99999999997
nominal,1990.0,0.2590715290622399,0.0021333584639665272,1.0104398872618973e-06,3.674326862770535e-09,0.0010409391992041144,1.4552737575419461e-05,0.0,135431.61302288857,1893.3869771114178,137324.99999999997
nominal,2000.0,0.2597239525509714,0.002133593574771305,1.0046462960775345e-06,3.6532592584637613e-09,0.0010409025508396497,1.4589385939884352e-05,0.0,135426.84487973677,1898.1551202632231,137325.00000000003
nominal,2010.0,0.260372635218482,0.0021338273375138147,9.988859237904405e-07,3.632312450147056e-09,0.0010408661126070729,1.4625824172461179e-05,0.0,135422.10407583838,1902.8959241616217,137325.00000000003
nominal,2020.0,0.26101759851363665,0.0021340597599234837,9.931585799323722e-07,3.6114857452086256e-09,0.0010408298833015442,1.4662053477989804e-05,0.0,135417.39045443744,1907.6095455625568,137324.99999999997
nominal,2030.0,0.2616588637623185,0.0021342908496854215,9.874640751271806e-07,3.5907784550079287e-09,0.0010407938617251321,1.4698075054401859e-05,0.0,135412.7038596768,1912.2961403231745,137324.99999999997
nominal,2040.0,0.2622964521681338,0.002134520614440672,9.818022210845472e-07,3.570189894852899e-09,0.0010407580466867737,1.4733890092760361e-05,0.0,135408.044136593,1916.9558634069795,137325.00000000003
nominal,2050.0,0.2629303848131129,0.0021347490617864683,9.761728305937605e-07,3.5497193839773108e-09,0.001040722437002235,1.476949977729909e-05,0.0,135403.41113111106,1921.5888688889556,137325.00000000003
nominal,2060.0,0.26356068265840754,0.0021349761992764827,9.705757175175259e-07,3.5293662455182753e-09,0.0010406870314940723,1.4804905285461746e-05,0.0,135398.80469003934,1926.1953099606626,137325.00000000003
nominal,2070.0,0.2641873665449837,0.0021352020344210763,9.65010696785809e-07,3.5091298064938503e-09,0.0010406518289915931,1.484010778794088e-05,0.0,135394.22466106468,1930.7753389353004,137324.99999999997
nominal,2080.0,0.264810457194311,0.002135426574687549,9.594775843897172e-07,3.4890093977807893e-09,0.0010406168283308174,1.4875108448716616e-05,0.0,135389.67089274726,1935.3291072527477,137325.00000000003
nominal,2090.0,0.26542997520904765,0.002135649827500384,9.539761973754165e-07,3.469004354092423e-09,0.001040582028354439,1.4909908425095114e-05,0.0,135385.14323451545,1939.8567654845658,137325.00000000003
nominal,2100.0,0.2660459410737218,0.002135871800241495,9.485063538380798e-07,3.449114013956653e-09,0.0010405474279117871,1.4944508867746864e-05,0.0,135380.64153666102,1944.3584633389796,137324.99999999997
nominal,2110.0,0.26665837515540874,0.0021360925002504704,9.430678729158748e-07,3.42933771969409e-09,0.0010405130258587894,1.4978910920744713e-05,0.0,135376.16565033418,1948.834349665827,137325.00000000003
nominal,2120.0,0.2672672977044044,0.002136311934824814,9.376605747839818e-07,3.4096748173962967e-09,0.0010404788210579324,1.50131157216017e-05,0.0,135371.71542753853,1953.2845724614815,137325.00000000003
nominal,2130.0,0.267872728854895,0.0021365301112201886,9.322842806486482e-07,3.3901246569041748e-09,0.0010404448123782252,1.5047124401308675e-05,0.0,135367.29072112622,1957.709278873745,137324.99999999997
nominal,2140.0,0.26847468862562274,0.002136747036650655,9.26938812741277e-07,3.3706865917864615e-09,0.0010404109986951625,1.5080938084371687e-05,0.0,135362.8913847933,1962.108615206712,137325.00000000003
nominal,2150.0,0.26907319692054776,0.0021369627182889106,9.216239943125484e-07,3.3513599793183575e-09,0.0010403773788906848,1.5114557888849172e-05,0.0,135358.5172730744,1966.482726925611,137324.99999999997
nominal,2160.0,0.26966827352950606,0.0021371771632665254,9.163396496265767e-07,3.332144180460279e-09,0.0010403439518531451,1.514798492638891e-05,0.0,135354.1682413384,1970.8317586616095,137325.00000000003
nominal,2170.0,0.2702599381288643,0.0021373903786741804,9.110856039550972e-07,3.3130385598367168e-09,0.0010403107164772692,1.5181220302264803e-05,0.0,135349.84414578337,1975.1558542166001,137325.00000000003
nominal,2180.0,0.2708482102821699,0.0021376023715618995,9.05861683571691e-07,3.2940424857152396e-09,0.0010402776716641206,1.52142651154134e-05,0.0,135345.54484343206,1979.4551565679537,137325.00000000003
nominal,2190.0,0.27143310944079824,0.0021378131489392838,9.006677157460397e-07,3.2751553299855985e-09,0.0010402448163210638,1.5247120458470249e-05,0.0,135341.27019212674,1983.7298078732474,137324.99999999997
nominal,2200.0,0.2720146549445958,0.002138022717775744,8.955035287382142e-07,3.2563764681389603e-09,0.0010402121493617278,1.5279787417806015e-05,0.0,135337.02005052502,1987.979949474965,137324.99999999997
nominal,2210.0,0.2725928660225194,0.0021382310850007287,8.903689517929966e-07,3.23770527924726e-09,0.0010401796697059715,1.5312267073562405e-05,0.0,135332.7942780948,1992.2057219051694,137324.99999999997
nominal,2220.0,0.27316776179327235,0.0021384382575039564,8.852638151342331e-07,3.219141145942665e-09,0.0010401473762798462,1.5344560499687883e-05,0.0,135328.59273510988,1996.407264890152,137325.00000000003
nominal,2230.0,0.27373936126593645,0.0021386442421356404,8.801879499592191e-07,3.2006834543971602e-09,0.0010401152680155608,1.537666876397319e-05,0.0,135324.41528264494,2000.5847173550496,137324.99999999997
nominal,2240.0,0.27430768334060035,0.0021388490457067183,8.751411884331231e-07,3.1823315943022656e-09,0.0010400833438514473,1.5408592928086623e-05,0.0,135320.26178257153,2004.7382174284403,137324.99999999997
nominal,2250.0,0.2748727468089847,0.0021390526749890735,8.701233636834314e-07,3.164084958848841e-09,0.0010400516027319247,1.5440334047609172e-05,0.0,135316.13209755308,2008.8679024469106,137324.99999999997
nominal,2260.0,0.2754345703550637,0.0021392551367157633,8.651343097944316e-07,3.1459429447070236e-09,0.0010400200436074644,1.5471893172069408e-05,0.0,135312.0260910404,2012.9739089595942,137324.99999999997
nominal,2270.0,0.27599317255568245,0.0021394564375812387,8.601738618017285e-07,3.127904952006285e-09,0.001039988665434556,1.5503271344978188e-05,0.0,135307.94362726732,2017.0563727326908,137325.00000000003
nominal,2280.0,0.2765485718811713,0.002139656584241566,8.552418556867898e-07,3.1099703843155987e-09,0.0010399574671756708,1.553446960386314e-05,0.0,135303.88457124605,2021.1154287539507,137324.99999999997
nominal,2290.0,0.27710078669595695,0.002139855583314648,8.503381283715196e-07,3.0921386486237076e-09,0.0010399264477992307,1.556548898030301e-05,0.0,135299.8487887628,2025.1512112371427,137324.99999999994
nominal,2300.0,0.27764983525916925,0.0021400534413804416,8.454625177128681e-07,3.07440915531952e-09,0.0010398956062795722,1.5596330499961736e-05,0.0,135295.8361463735,2029.1638536264886,137324.99999999997
nominal,2310.0,0.27819573572524514,0.002140250164981177,8.406148624974709e-07,3.056781318172621e-09,0.0010398649415969115,1.562699518262238e-05,0.0,135291.84651139888,2033.1534886010786,137324.99999999997
nominal,2320.0,0.2787385061445289,0.0021404457606215717,8.357950024363177e-07,3.0392545543138818e-09,0.0010398344527373132,1.5657484042220842e-05,0.0,135287.87975192076,2037.1202480792545,137325.00000000003
nominal,2330.0,0.2792781644638689,0.002140640234769049,8.310027781594523e-07,3.02182828421619e-09,0.0010398041386926547,1.5687798086879374e-05,0.0,135283.93573677703,2041.0642632229747,137325.00000000003
nominal,2340.0,0.27981472852721107,0.002140833593853947,8.262380312107039e-07,3.0045019316752867e-09,0.001039773998460594,1.571793831893993e-05,0.0,135280.01433555785,2044.9856644421488,137324.99999999997
nominal,2350.0,0.28034821607618926,0.0021410258442697357,8.215006040424441e-07,2.9872749237907055e-09,0.0010397440310445367,1.5747905734997325e-05,0.0,135276.11541860105,2048.8845813989547,137325.00000000003
nominal,2360.0,0.2808786447507112,0.0021412169923732266,8.167903400103832e-07,2.9701466909468477e-09,0.0010397142354536019,1.577770132593214e-05,0.0,135272.23885698788,2052.7611430121187,137325.00000000003
nominal,2370.0,0.28140603208954224,0.0021414070444847827,8.121070833683873e-07,2.9531166667941355e-09,0.0010396846107025904,1.5807326076943522e-05,0.0,135268.3845225388,2056.615477461182,137324.99999999997
nominal,2380.0,0.2819303955308851,0.002141596006888527,8.074506792633284e-07,2.9361842882302843e-09,0.0010396551558119523,1.583678096758175e-05,0.0,135264.5522878093,2060.44771219074,137325.00000000003
nominal,2390.0,0.2824517524129567,0.0021417838858325522,8.02820973729964e-07,2.919348995381687e-09,0.0010396258698077534,1.586606697178063e-05,0.0,135260.74202608535,2064.257973914654,137324.99999999997
nominal,2400.0,0.28297011997456106,0.0021419706875291256,7.982178136858497e-07,2.9026102315849076e-09,0.0010395967517216444,1.5895185057889683e-05,0.0,135256.95361137978,2068.0463886202424,137325.00000000003
nominal,2410.0,0.2834855153556595,0.002142156418154895,7.93641046926273e-07,2.8859674433682653e-09,0.0010395678005908277,1.592413618870617e-05,0.0,135253.18691842756,2071.8130815724453,137324.99999999997
nominal,2420.0,0.28399795559793783,0.002142341083851093,7.890905221192206e-07,2.8694200804335292e-09,0.0010395390154580271,1.5952921321506963e-05,0.0,135249.44182268204,2075.55817731797,137325.00000000003
nominal,2430.0,0.284507457645369,0.0021425246907237397,7.845660888003785e-07,2.8529675956377394e-09,0.001039510395371454,1.5981541408080133e-05,0.0,135245.71820031057,2079.281799689404,137325.00000000003
nominal,2440.0,0.28501403834477385,0.002142707244843846,7.800675973681544e-07,2.8366094449751065e-09,0.0010394819393847777,1.6009997394756462e-05,0.0,135242.01592819073,2082.9840718093124,137325.00000000003
nominal,2450.0,0.2855177144463779,0.0021428887522476118,7.755948990787335e-07,2.8203450875590305e-09,0.001039453646557093,1.6038290222440716e-05,0.0,135238.33488390566,2086.665116094307,137324.99999999997
nominal,2460.0,0.28601850260436573,0.0021430692189366276,7.71147846041154e-07,2.804173985604196e-09,0.0010394255159528912,1.6066420826642784e-05,0.0,135234.6749457409,2090.3250542590986,137324.99999999997
nominal,2470.0,0.2865164193774311,0.0021432486508780727,7.667262912124236e-07,2.7880956044088124e-09,0.0010393975466420253,1.6094390137508585e-05,0.0,135231.03599267948,2093.9640073205164,137324.99999999997
nominal,2480.0,0.2870114812293248,0.002143427054004913,7.623300883926535e-07,2.7721094123369216e-09,0.001039369737699683,1.6122199079850833e-05,0.0,135227.4179043985,2097.582095601514,137324.99999999997
nominal,2490.0,0.28750370452939844,0.0021436044342160935,7.579590922202299e-07,2.7562148808008355e-09,0.0010393420882063543,1.6149848573179596e-05,0.0,135223.82056126487,2101.179438735141,137324.99999999997
nominal,2500.0,0.28799310555314683,0.00214378079737674,7.536131581669976e-07,2.7404114842436272e-09,0.0010393145972478013,1.6177339531732747e-05,0.0,135220.2438443315,2104.7561556685077,137325.00000000003
nominal,2510.0,0.28847970048274485,0.0021439561493183457,7.492921425334925e-07,2.7246987001217907e-09,0.001039287263915028,1.620467286450614e-05,0.0,135216.6876353333,2108.312364666711,137325.00000000003
nominal,2520.0,0.28896350540758353,0.0021441304958389703,7.449959024441809e-07,2.7090760088879302e-09,0.0010392600873042502,1.6231849475283705e-05,0.0,135213.15181668324,2111.8481833167484,137324.99999999997
nominal,2530.0,0.28944453632480155,0.002144303842703428,7.407242958427405e-07,2.6935428939736016e-09,0.0010392330665168668,1.6258870262667315e-05,0.0,135209.63627146863,2115.3637285314053,137325.00000000003
nominal,2540.0,0.2899228091398143,0.0021444761956434786,7.364771814873613e-07,2.6780988417722228e-09,0.0010392062006594274,1.6285736120106498e-05,0.0,135206.14088344687,2118.8591165531197,137324.99999999997
nominal,2550.0,0.29039833966683964,0.0021446475603580178,7.322544189460767e-07,2.662743341622097e-09,0.0010391794888436059,1.6312447935927983e-05,0.0,135202.66553704216,2122.3344629578282,137324.99999999997
nominal,2560.0,0.2908711436294211,0.002144817942513266,7.280558685921191e-07,2.6474758857895234e-09,0.001039152930186169,1.633900659336507e-05,0.0,135199.2101173412,2125.789882658784,137325.00000000003
nominal,2570.0,0.2913412366609477,0.0021449873477429543,7.238813915993026e-07,2.632295969452009e-09,0.001039126523808947,1.6365412970586845e-05,0.0,135195.7745100896,2129.2254899103605,137324.99999999997
nominal,2580.0,0.2918086343051706,0.0021451557816485117,7.197308499374337e-07,2.6172030906815765e-09,0.0010391002688388067,1.6391667940727203e-05,0.0,135192.35860168817,2132.641398311826,137324.99999999997
nominal,2590.0,0.29227335201671745,0.00214532324979925,7.156041063677474e-07,2.602196750428172e-09,0.0010390741644076204,1.6417772371913716e-05,0.0,135188.9622791889,2136.0377208111017,137325.00000000003
nominal,2600.0,0.2927354051616028,0.0021454897577325486,7.115010244383713e-07,2.587276452503168e-09,0.0010390482096522375,1.6443727127296343e-05,0.0,135185.5854302915,2139.4145697084928,137324.99999999997
nominal,2610.0,0.2931948090177371,0.0021456553109540357,7.074214684798068e-07,2.5724417035629336e-09,0.001039022403714458,1.6469533065075992e-05,0.0,135182.2279433396,2142.772056660409,137325.00000000003
nominal,2620.0,0.2936515787754313,0.002145819914937774,7.033653036004491e-07,2.557692013092542e-09,0.001038996745741001,1.649519103853287e-05,0.0,135178.8897073169,2146.1102926830513,137324.99999999997
nominal,2630.0,0.2941057295378988,0.002145983575126437,6.993323956821287e-07,2.5430268933895583e-09,0.0010389712348834793,1.6520701896054686e-05,0.0,135175.57061184393,2149.4293881560798,137324.99999999997
nominal,2640.0,0.2945572763217558,0.0021461462969314935,6.953226113756688e-07,2.528445859547886e-09,0.0010389458702983693,1.6546066481164758e-05,0.0,135172.27054717374,2152.729452826274,137325.00000000003
nominal,2650.0,0.29500623405751664,0.0021463080857333817,6.913358180964865e-07,2.5139484294417687e-09,0.0010389206511469842,1.6571285632549826e-05,0.0,135168.98940418885,2156.010595811147,137325.00000000003
nominal,2660.0,0.29545261759008873,0.002146468946881693,6.873718840201971e-07,2.499534123709807e-09,0.001038895576595446,1.659636018408787e-05,0.0,135165.72707439744,2159.2729256025696,137324.99999999997
nominal,2670.0,0.295896441679262,0.0021466288856953433,6.83430678078269e-07,2.4852024657391597e-09,0.0010388706458146584,1.662129096487558e-05,0.0,135162.48344992963,2162.51655007034,137324.99999999997
nominal,2680.0,0.2963377210001983,0.002146787907462752,6.795120699536768e-07,2.4709529816497332e-09,0.001038845857980278,1.6646078799255877e-05,0.0,135159.25842353422,2165.7415764657667,137324.99999999997
nominal,2690.0,0.296776470143916,0.0021469460174420164,6.756159300765977e-07,2.456785200278537e-09,0.001038821212272689,1.6670724506845114e-05,0.0,135156.0518885748,2168.948111425208,137324.99999999997
nominal,2700.0,0.2972127036177723,0.002147103220861085,6.717421296201309e-07,2.442698653164112e-09,0.001038796707876974,1.6695228902560164e-05,0.0,135152.86373902642,2172.1362609735943,137325.00000000003
nominal,2710.0,0.2976464358459431,0.0021472595229179306,6.678905404960329e-07,2.428692874531028e-09,0.0010387723439828887,1.6719592796645393e-05,0.0,135149.69386947207,2175.3061305279393,137325.00000000003
nominal,2720.0,0.29807768116989997,0.0021474149287807227,6.640610353504839e-07,2.4147674012744867e-09,0.0010387481197848345,1.674381699469945e-05,0.0,135146.54217509917,2178.4578249008246,137324.99999999997
nominal,2730.0,0.29850645384888447,0.0021475694435879973,6.602534875598761e-07,2.4009217729450035e-09,0.001038724034481832,1.6767902297701897e-05,0.0,135143.40855169613,2181.591448303863,137324.99999999997
nominal,2740.0,0.2989327680603793,0.002147723072448827,6.56467771226629e-07,2.387155531733196e-09,0.0010387000872774943,1.6791849502039682e-05,0.0,135140.29289564886,2184.7071043511464,137324.99999999997
nominal,2750.0,0.29935663790057737,0.0021478758204429922,6.527037611750234e-07,2.3734682224546303e-09,0.0010386762773800006,1.6815659399533498e-05,0.0,135137.19510393732,2187.804896062673,137325.00000000003
nominal,2760.0,0.29977807738484774,0.0021480276926211456,6.489613329470658e-07,2.3598593925347843e-09,0.00103865260400207,1.6839332777463937e-05,0.0,135134.11507413222,2190.884925867748,137324.99999999997
nominal,2770.0,0.3001971972413905,0.0021481429279669524,6.460361553486418e-07,2.34922238308597e-09,0.0010386290609238052,1.6862875855728814e-05,0.0,135131.05199699252,2193.948003007483,137324.99999999997
nominal,2780.0,0.300614822581572,0.002148217606288082,6.440147510472785e-07,2.3418718219901032e-09,0.0010386056017965034,1.6886334983030475e-05,0.0,135127.99984231047,2197.0001576895265,137324.99999999997
nominal,2790.0,0.30103114119975055,0.0021482920509456956,6.419996715859652e-07,2.3345442603126007e-09,0.001038582216071256,1.690972070827803e-05,0.0,135124.9572376181,2200.042762381912,137325.00000000003
nominal,2800.0,0.30144615718457246,0.0021483662626709107,6.399908971746976e-07,2.327239626089809e-09,0.0010385589035183925,1.6933033261141632e-05,0.0,135121.92415303408,2203.075846965923,137325.00000000003
nominal,2810.0,0.3018598746118912,0.0021484402421925574,6.37988408085392e-07,2.3199578475832434e-09,0.0010385356639089612,1.695627287057282e-05,0.0,135118.90055877066,2206.099441229348,137324.99999999997
nominal,2820.0,0.302272297544807,0.002148513990237185,6.359921846516928e-07,2.3126988532788825e-09,0.0010385124970147274,1.6979439764806755e-05,0.0,135115.88642513324,2209.1135748667703,137325.00000000003
nominal,2830.0,0.3026834300337072,0.002148587507529071,6.340022072687786e-07,2.3054625718864674e-09,0.0010384894026081695,1.7002534171364474e-05,0.0,135112.88172252016,2212.118277479862,137324.99999999997
nominal,2840.0,0.30309327611630543,0.0021486607947902234,6.320184563931711e-07,2.2982489323388035e-09,0.0010384663804624788,1.7025556317055106e-05,0.0,135109.88642142233,2215.113578577673,137324.99999999997
nominal,2850.0,0.3035018398176818,0.0021487338527403947,6.300409125425412e-07,2.2910578637910586e-09,0.0010384434303515558,1.704850642797812e-05,0.0,135106.90049242307,2218.099507576921,137324.99999999997
nominal,2860.0,0.3039091251503222,0.0021488066820970833,6.280695562955193e-07,2.28388929562007e-09,0.0010384205520500083,1.7071384729525524e-05,0.0,135103.9239061977,2221.0760938022822,137324.99999999997
nominal,2870.0,0.30431513611415767,0.002148879283575543,6.261043682915036e-07,2.276743157423649e-09,0.00103839774533315,1.70941914463841e-05,0.0,135100.95663351333,2224.043366486676,137325.00000000003
nominal,2880.0,0.3047198766966035,0.0021489516578887895,6.241453292304717e-07,2.269619379019897e-09,0.0010383750099769965,1.7116926802537578e-05,0.0,135097.99864522842,2227.0013547715535,137325.00000000003
nominal,2890.0,0.3051233508725991,0.0021490238057476083,6.221924198727874e-07,2.2625178904464993e-09,0.001038352345758265,1.7139591021268892e-05,0.0,135095.0499122928,2229.950087707187,137324.99999999997
nominal,2900.0,0.3055255626046462,0.0021490957278605598,6.20245621039016e-07,2.255438621960058e-09,0.0010383297524543718,1.716218432516231e-05,0.0,135092.11040574705,2232.8895942529502,137325.00000000003
nominal,2910.0,0.3059265158428481,0.0021491674249339877,6.183049136097336e-07,2.2483815040353945e-09,0.0010383072298434282,1.718470693610566e-05,0.0,135089.18009672238,2235.819903277605,137324.99999999997
nominal,2920.0,0.30632621452494885,0.002149238897672026,6.163702785253381e-07,2.2413464673648653e-09,0.0010382847777042415,1.72071590752925e-05,0.0,135086.25895644043,2238.741043559586,137324.99999999997
nominal,2930.0,0.30672466257637104,0.002149310146776605,6.144416967858666e-07,2.2343334428576965e-09,0.0010382623958163097,1.7229540963224276e-05,0.0,135083.3469562127,2241.6530437872802,137324.99999999997
nominal,2940.0,0.3071218639102554,0.0021493811729474594,6.125191494508027e-07,2.227342361639282e-09,0.0010382400839598215,1.7251852819712515e-05,0.0,135080.4440674407,2244.555932559312,137324.99999999997
nominal,2950.0,0.30751782242749814,0.002149451976882134,6.106026176388967e-07,2.2203731550505332e-09,0.0010382178419156532,1.727409486388095e-05,0.0,135077.5502616152,2247.4497383848206,137325.00000000003
nominal,2960.0,0.30791254201679064,0.002149522559275991,6.086920825279732e-07,2.213425754647175e-09,0.0010381956694653664,1.729626731416772e-05,0.0,135074.66551031626,2250.334489683747,137325.00000000003
nominal,2970.0,0.3083060265546559,0.0021495929208222167,6.06787525354754e-07,2.2065000921991055e-09,0.0010381735663912064,1.7318370388327457e-05,0.0,135071.7897852129,2253.210214787102,137324.99999999997
nominal,2980.0,0.30869827990548815,0.0021496630622118286,6.048889274146676e-07,2.1995960996897003e-09,0.0010381515324761005,1.734040430343346e-05,0.0,135068.92305806273,2256.0769419372537,137324.99999999997
nominal,2990.0,0.3090893059215898,0.0021497329841336827,6.029962700616696e-07,2.192713709315162e-09,0.0010381295675036541,1.7362369275879824e-05,0.0,135066.0653007118,2258.9346992882006,137324.99999999997
nominal,3000.0,0.30947910844321,0.002149802687274479,6.011095347080558e-07,2.185852853483839e-09,0.0010381076712581505,1.7384265521383565e-05,0.0,135063.21648509416,2261.78351490585,137325.00000000003
nominal,3010.0,0.30986769129858194,0.0021498721723187683,5.992287028242831e-07,2.1790134648155742e-09,0.0010380858435245473,1.7406093254986726e-05,0.0,135060.3765832317,2264.6234167682937,137325.00000000003
nominal,3020.0,0.31025505830396033,0.0021499414399489603,5.973537559387857e-07,2.172195476141039e-09,0.0010380640840884755,1.7427852691058506e-05,0.0,135057.54556723393,2267.4544327660797,137325.00000000003
nominal,3030.0,0.31064121326365923,0.00215001049084533,5.954846756377943e-07,2.1653988205010697e-09,0.0010380423927362366,1.744954404329735e-05,0.0,135054.7234092975,2270.2765907024896,137324.99999999997
nominal,3040.0,0.31102615997008926,0.0021500793256860225,5.936214435651544e-07,2.1586234311460156e-09,0.0010380207692548009,1.7471167524733058e-05,0.0,135051.91008170618,2273.089918293811,137324.99999999997
nominal,3050.0,0.31140990220379466,0.002150147945147062,5.917640414221481e-07,2.1518692415350837e-09,0.0010379992134318052,1.749272334772887e-05,0.0,135049.1055568304,2275.8944431696063,137325.00000000003
nominal,3060.0,0.3117924437334909,0.0021502163499023566,5.899124509673112e-07,2.1451361853356767e-09,0.0010379777250555506,1.751421172398357e-05,0.0,135046.30980712702,2278.6901928729912,137325.00000000003
nominal,3070.0,0.3121737883161012,0.002150284540623707,5.880666540162569e-07,2.138424196422752e-09,0.0010379563039150004,1.753563286453353e-05,0.0,135043.5228051391,2281.4771948608973,137324.99999999997
nominal,3080.0,0.3125539396967935,0.002150352517980811,5.862266324414965e-07,2.1317332088781686e-09,0.0010379349497997793,1.755698697975481e-05,0.0,135040.74452349567,2284.255476504346,137325.00000000003
nominal,3090.0,0.3129329016090178,0.002150420282641271,5.84392368172259e-07,2.125063156990032e-09,0.0010379136625001686,1.757827427936524e-05,0.0,135037.97493491127,2287.0250650887183,137324.99999999994
nominal,3100.0,0.3133106777745418,0.002150487835270601,5.825638431943187e-07,2.118413975252068e-09,0.0010378924418071075,1.759949497242641e-05,0.0,135035.21401218596,2289.785987814019,137324.99999999997
nominal,3110.0,0.31368727190348833,0.002150555176532232,5.807410395498132e-07,2.111785598362957e-09,0.0010378712875121882,1.762064926734581e-05,0.0,135032.4617282049,2292.538271795145,137324.99999999997
nominal,3120.0,0.3140626876943717,0.00215062230708752,5.789239393370687e-07,2.105177961225704e-09,0.0010378501994076552,1.764173737187883e-05,0.0,135029.71805593785,2295.281944062157,137325.00000000003
nominal,3130.0,0.3144369288341333,0.0021506892275957507,5.771125247104264e-07,2.098590998947005e-09,0.001037829177286403,1.7662759493130792e-05,0.0,135026.98296843946,2298.017031560536,137324.99999999997
nominal,3140.0,0.31480999899817885,0.002150755938714148,5.753067778800636e-07,2.0920246468365944e-09,0.0010378082209419749,1.7683715837559008e-05,0.0,135024.25643884853,2300.7435611514543,137324.99999999997
nominal,3150.0,0.31518190185041356,0.002150822441097878,5.73506681111822e-07,2.0854788404066254e-09,0.0010377873301685592,1.77046066109748e-05,0.0,135021.53844038796,2303.461559612036,137325.00000000003
nominal,3160.0,0.31555264104327885,0.0021508887354000582,5.717122167270312e-07,2.078953515371022e-09,0.0010377665047609885,1.772543201854552e-05,0.0,135018.82894636437,2306.171053635624,137325.00000000003
nominal,3170.0,0.3159222202177877,0.0021509548222717616,5.699233671023369e-07,2.0724486076448613e-09,0.0010377457445147375,1.7746192264796568e-05,0.0,135016.12793016798,2308.872069832037,137325.00000000003
nominal,3180.0,0.3162906430035605,0.002151020702362025,5.681401146695277e-07,2.065964053343737e-09,0.0010377250492259206,1.7766887553613384e-05,0.0,135013.43536527216,2311.564634727835,137324.99999999997
nominal,3190.0,0.31665791301886126,0.002151086376317853,5.6636244191536e-07,2.059499788783127e-09,0.0010377044186912904,1.7787518088243484e-05,0.0,135010.7512252334,2314.2487747665755,137324.99999999997
nominal,3200.0,0.317024033870632,0.0021511518447842274,5.645903313813908e-07,2.0530557504777843e-09,0.0010376838527082356,1.7808084071298415e-05,0.0,135008.07548369092,2316.924516309079,137324.99999999997
nominal,3210.0,0.3173890091545295,0.0021512171084041107,5.628237656638003e-07,2.046631875141092e-09,0.001037663351074778,1.7828585704755786e-05,0.0,135005.4081143663,2319.591885633684,137324.99999999997
nominal,3220.0,0.31775284245495955,0.002151282167818454,5.610627274132265e-07,2.04022809968446e-09,0.0010376429135895728,1.7849023189961214e-05,0.0,135002.74909106348,2322.2509089365035,137324.99999999997
nominal,3230.0,0.3181155373451127,0.002151347023666203,5.593071993345916e-07,2.0338443612166967e-09,0.0010376225400519038,1.786939672763033e-05,0.0,135000.09838766832,2324.9016123316883,137325.00000000003
nominal,3240.0,0.3184770973869993,0.002151411676584304,5.575571641869327e-07,2.0274805970433913e-09,0.0010376022302616833,1.7889706517850732e-05,0.0,134997.45597814833,2327.544021851676,137325.00000000003
nominal,3250.0,0.31883752613148425,0.0021514761272077103,5.558126047832332e-07,2.0211367446663023e-09,0.00103758198401945,1.790995276008396e-05,0.0,134994.82183655252,2330.1781634474532,137324.99999999997
nominal,3260.0,0.3191968271183222,0.0021515403761693886,5.540735039902529e-07,2.014812741782738e-09,0.0010375618011263664,1.793013565316746e-05,0.0,134992.19593701116,2332.8040629888064,137324.99999999997
nominal,3270.0,0.3195550038761922,0.0021516044241003253,5.523398447283603e-07,2.0085085262849466e-09,0.0010375416813842174,1.7950255395316524e-05,0.0,134989.5782537354,2335.421746264579,137324.99999999997
nominal,3280.0,0.319912059922732,0.002151668271629532,5.506116099713659e-07,2.002224036259512e-09,0.0010375216245954077,1.7970312184126236e-05,0.0,134986.96876101708,2338.03123898292,137324.99999999997
nominal,3290.0,0.320267998764573,0.002151731919384053,5.488887827463535e-07,1.9959592099867397e-09,0.0010375016305629607,1.799030621657342e-05,0.0,134984.36743322847,2340.63256677154,137325.00000000003
nominal,3300.0,0.32062282389737473,0.002151795367988969,5.471713461335142e-07,1.989713985940051e-09,0.0010374816990905153,1.801023768901857e-05,0.0,134981.77424482204,2343.2257551779635,137324.99999999997
nominal,3310.0,0.32097653880585886,0.0021518586180674067,5.454592832659799e-07,1.983488302785381e-09,0.001037461829982326,1.8030106797207784e-05,0.0,134979.1891703302,2345.810829669778,137324.99999999997
nominal,3320.0,0.3213291469638438,0.002151921670240542,5.437525773296572e-07,1.9772820993805715e-09,0.0010374420230432593,1.8049913736274692e-05,0.0,134976.61218436513,2348.3878156348833,137324.99999999997
nominal,3330.0,0.3216806518342785,0.002151984525127608,5.420512115630634e-07,1.9710953147747755e-09,0.0010374222780787918,1.806965870074236e-05,0.0,134974.04326161827,2350.9567383817453,137325.00000000003
nominal,3340.0,0.32203105686927636,0.002152047183345899,5.403551692571628e-07,1.9649278882078645e-09,0.0010374025948950089,1.8089341884525185e-05,0.0,134971.48237686037,2353.517623139637,137325.00000000003
nominal,3350.0,0.3223803655101498,0.002152109645510779,5.38664433755198e-07,1.9587797591098105e-09,0.001037382973298603,1.8108963480930848e-05,0.0,134968.9295049411,2356.070495058895,137324.99999999997
nominal,3360.0,0.322728581187443,0.002152171912235686,5.369789884525334e-07,1.952650867100121e-09,0.0010373634130968717,1.8128523682662156e-05,0.0,134966.38462078883,2358.6153792111586,137324.99999999997
nominal,3370.0,0.3230757073209669,0.0021522339841321386,5.352988167964844e-07,1.9465411519872155e-09,0.001037343914097715,1.8148022681818984e-05,0.0,134963.8476994104,2361.1523005896215,137325.00000000003
nominal,3380.0,0.32342174731983164,0.0021522958618097423,5.336239022861606e-07,1.9404505537678565e-09,0.001037324476109634,1.8167460669900132e-05,0.0,134961.31871589075,2363.6812841092756,137325.00000000003
nominal,3390.0,0.32376670458248047,0.0021523575458761946,5.31954228472302e-07,1.9343790126265524e-09,0.0010373050989417288,1.818683783780521e-05,0.0,134958.79764539286,2366.2023546071555,137324.99999999997
nominal,3400.0,0.32411058249672337,0.0021524190369372927,5.302897789571161e-07,1.9283264689349672e-09,0.0010372857824036974,1.8206154375836514e-05,0.0,134956.2844631574,2368.7155368425806,137324.99999999997
nominal,3410.0,0.32445338443976984,0.002152480335596937,5.286305373941193e-07,1.9222928632513425e-09,0.001037266526305833,1.8225410473700903e-05,0.0,134953.7791445026,2371.2208554974018,137324.99999999997
nominal,3420.0,0.3247951137782624,0.002152541442457139,5.269764874879744e-07,1.916278136319907e-09,0.0010372473304590224,1.8244606320511648e-05,0.0,134951.28166482376,2373.718335176241,137325.00000000003
nominal,3430.0,0.32513577386830966,0.002152602358118027,5.253276129943314e-07,1.9102822290702957e-09,0.0010372281946747436,1.8263742104790302e-05,0.0,134948.79199959326,2376.208000406735,137324.99999999997
nominal,3440.0,0.3254753680555191,0.00215266308317785,5.236838977196675e-07,1.904305082616972e-09,0.0010372091187650656,1.828281801446855e-05,0.0,134946.31012436026,2378.6898756397736,137325.00000000003
nominal,3450.0,0.32581389967502994,0.0021527236182329866,5.220453255211286e-07,1.8983466382586492e-09,0.001037190102542644,1.830183423689004e-05,0.0,134943.83601475024,2381.163985249743,137324.99999999997
nominal,3460.0,0.32615137205154615,0.0021527839638779485,5.204118803063706e-07,1.892406837477711e-09,0.0010371711458207217,1.8320790958812245e-05,0.0,134941.36964646523,2383.630353534762,137324.99999999997
nominal,3470.0,0.326487788499369,0.0021528441207053885,5.187835460334002e-07,1.886485621939637e-09,0.0010371522484131257,1.8339688366408293e-05,0.0,134938.91099528308,2386.089004716926,137325.00000000003
nominal,3480.0,0.3268231523224292,0.002152904089306103,5.171603067104201e-07,1.8805829334924365e-09,0.0010371334101342653,1.835852664526877e-05,0.0,134936.46003705746,2388.539962942536,137325.00000000003
nominal,3490.0,0.3271574668143198,0.002152963870269042,5.1554214639567e-07,1.8746987141660724e-09,0.0010371146307991306,1.8377305980403565e-05,0.0,134934.0167477177,2390.983252282343,137325.00000000003
nominal,3500.0,0.3274907352583285,0.0021530234641813106,5.139290491972694e-07,1.8688329061718883e-09,0.0010370959102232904,1.8396026556243693e-05,0.0,134931.58110326822,2393.4188967317828,137325.00000000003
nominal,3510.0,0.32782296092746976,0.0021530828716281787,5.123209992730633e-07,1.8629854519020483e-09,0.0010370772482228908,1.8414688556643086e-05,0.0,134929.15307978875,2395.84692021121,137324.99999999997
nominal,3520.0,0.3281541470845171,0.002153142093193084,5.107179808304646e-07,1.8571562939289617e-09,0.0010370586446146535,1.843329216488042e-05,0.0,134926.73265343384,2398.267346566135,137324.99999999997
nominal,3530.0,0.3284842969820351,0.0021532011294576386,5.091199781263006e-07,1.8513453750047292e-09,0.001037040099215873,1.845183756366091e-05,0.0,134924.31980043254,2400.680199567458,137324.99999999997
nominal,3540.0,0.3288134138624107,0.0021532599810016356,5.075269754666598e-07,1.8455526380605808e-09,0.0010370216118444158,1.847032493511807e-05,0.0,134921.9144970883,2403.0855029116983,137324.99999999997
nominal,3550.0,0.32914150095788636,0.0021533186484030526,5.059389572067332e-07,1.8397780262063023e-09,0.0010370031823187184,1.848875446081555e-05,0.0,134919.51671977877,2405.483280221233,137324.99999999997
nominal,3560.0,0.3294685614905906,0.00215337713223806,5.043559077506652e-07,1.8340214827296915e-09,0.001036984810457785,1.8507126321748903e-05,0.0,134917.12644495544,2407.8735550445253,137324.99999999997
nominal,3570.0,0.3297945986725705,0.002153435433081025,5.02777811551397e-07,1.8282829510959888e-09,0.0010369664960811866,1.8525440698347352e-05,0.0,134914.74364914364,2410.2563508563585,137324.99999999997
nominal,3580.0,0.3301196157058225,0.002153493551504517,5.01204653110517e-07,1.8225623749473345e-09,0.0010369482390090584,1.8543697770475574e-05,0.0,134912.36830894195,2412.631691058064,137324.99999999997
nominal,3590.0,0.3304436157823243,0.0021535514880793153,4.996364169781068e-07,1.8168596981022063e-09,0.0010369300390620988,1.8561897717435447e-05,0.0,134910.00040102226,2414.9995989777494,137325.00000000003
nominal,3600.0,0.3307666020840661,0.0021536092433744117,4.980730877525894e-07,1.8111748645548707e-09,0.0010369118960615663,1.858004071796784e-05,0.0,134907.63990212948,2417.360097870534,137325.00000000003
nominal,3610.0,0.33108857778308204,0.0021536668179570184,4.965146500805785e-07,1.8055078184748306e-09,0.0010368938098292797,1.8598126950254353e-05,0.0,134905.28678908123,2419.7132109187714,137325.00000000003
nominal,3620.0,0.331409546041481,0.0021537242123925732,4.949610886567273e-07,1.799858504206281e-09,0.0010368757801876149,1.8616156591919057e-05,0.0,134902.9410387677,2422.058961232279,137324.99999999997
nominal,3630.0,0.33172951001147805,0.002153781427244744,4.934123882235778e-07,1.7942268662675551e-09,0.0010368578069595035,1.863412982003027e-05,0.0,134900.6026281514,2424.3973718485677,137324.99999999994
nominal,3640.0,0.3320484728354247,0.0021538384630754356,4.918685335714137e-07,1.7886128493505952e-09,0.0010368398899684318,1.8652046811102243e-05,0.0,134898.27153426694,2426.7284657330606,137324.99999999997
nominal,3650.0,0.3323664376458408,0.0021538953204447943,4.903295095381071e-07,1.783016398320389e-09,0.001036822029038437,1.8669907741096954e-05,0.0,134895.94773422065,2429.052265779329,137324.99999999997
nominal,3660.0,0.33268340756544446,0.002153951999911213,4.887953010089714e-07,1.7774374582144414e-09,0.0010368042239941083,1.8687712785425795e-05,0.0,134893.6312051907,2431.3687948093075,137325.00000000003
nominal,3670.0,0.3329993857071831,0.0021540085020313395,4.872658929166135e-07,1.771875974242231e-09,0.0010367864746605826,1.8705462118951312e-05,0.0,134891.32192442648,2433.678075573525,137324.99999999997
nominal,3680.0,0.3333143751742638,0.0021540648273600774,4.857412702407857e-07,1.766331891784675e-09,0.001036768780863545,1.8723155915988908e-05,0.0,134889.01986924867,2435.980130751323,137324.99999999997
nominal,3690.0,0.3336283790601842,0.002154120976450596,4.842214180082357e-07,1.7608051563935843e-09,0.0010367511424292254,1.874079435030858e-05,0.0,134886.7250170489,2438.274982951085,137324.99999999997
nominal,3700.0,0.3339414004487623,0.0021541769498543326,4.827063212925636e-07,1.75529571379114e-09,0.0010367335591843973,1.8758377595136598e-05,0.0,134884.43734528954,2440.5626547104494,137324.99999999997
nominal,3710.0,0.33425344241416727,0.0021542327481209995,4.811959652140715e-07,1.7498035098693508e-09,0.0010367160309563768,1.8775905823157228e-05,0.0,134882.15683150344,2442.84316849654,137325.00000000003
nominal,3720.0,0.3345645080209491,0.0021542883717985896,4.79690334939621e-07,1.7443284906895307e-09,0.0010366985575730196,1.8793379206514406e-05,0.0,134879.88345329385,2445.116546706179,137324.99999999997
nominal,3730.0,0.3348746003240693,0.0021543438214333796,4.781894156824841e-07,1.7388706024817602e-09,0.0010366811388627204,1.881079791681345e-05,0.0,134877.61718833385,2447.382811666113,137324.99999999997
nominal,3740.0,0.33518372236893046,0.0021543990975699387,4.7669319270219984e-07,1.7334297916443629e-09,0.001036663774654411,1.8828162125122734e-05,0.0,134875.35801436674,2449.641985633228,137324.99999999997
nominal,3750.0,0.33549187719140644,0.0021544542007511307,4.752016513044291e-07,1.7280060047433782e-09,0.0010366464647775585,1.8845472001975377e-05,0.0,134873.10590920522,2451.894090794772,137324.99999999997
nominal,3760.0,0.33579906781787183,0.002154509131518122,4.7371477684081116e-07,1.7225991885120404e-09,0.0010366292090621633,1.8862727717370894e-05,0.0,134870.86085073146,2454.1391492685675,137325.00000000003
nominal,3770.0,0.33610529726523214,0.002154563890410385,4.7223255470881796e-07,1.717209289850247e-09,0.0010366120073387571,1.8879929440776902e-05,0.0,134868.62281689676,2456.377183103234,137324.99999999997
nominal,3780.0,0.33641056854095297,0.0021546184779657044,4.707549703516126e-07,1.7118362558240457e-09,0.001036594859438403,1.8897077341130752e-05,0.0,134866.3917857216,2458.6082142784003,137324.99999999997
nominal,3790.0,0.3367148846430901,0.002154672894720182,4.6928200925790434e-07,1.7064800336651064e-09,0.0010365777651926927,1.8914171586841217e-05,0.0,134864.16773529508,2460.8322647049267,137324.99999999997
nominal,3800.0,0.33701824856031803,0.002154727141208242,4.6781365696180917e-07,1.7011405707702148e-09,0.0010365607244337439,1.8931212345790107e-05,0.0,134861.9506437749,2463.0493562251104,137324.99999999997
nominal,3810.0,0.33732066327196036,0.0021547812179626377,4.663498990427048e-07,1.6958178147007446e-09,0.0010365437369942,1.8948199785333953e-05,0.0,134859.74048938707,2465.2595106129083,137324.99999999997
nominal,3820.0,0.3376221317480184,0.0021548351255144538,4.6489072112509003e-07,1.6905117131821456e-09,0.0010365268027072284,1.8965134072305645e-05,0.0,134857.53725042587,2467.462749574149,137325.00000000003
nominal,3830.0,0.33792265694920065,0.0021548888643931137,4.634361088784438e-07,1.6852222141034315e-09,0.0010365099214065178,1.8982015373016054e-05,0.0,134855.34090525322,2469.659094746742,137324.99999999997
nominal,3840.0,0.33822224182695165,0.0021549424351263854,4.61986048017084e-07,1.6799492655166687e-09,0.0010364930929262783,1.899884385325568e-05,0.0,134853.15143229908,2471.8485677008966,137324.99999999997
nominal,3850.0,0.33852088932348096,0.0021549958382403836,4.6054052430002856e-07,1.6746928156364675e-09,0.0010364763171012378,1.9015619678296276e-05,0.0,134850.96881006067,2474.0311899393278,137325.00000000003
nominal,3860.0,0.3388186023717924,0.0021550490742595785,4.5909952353085306e-07,1.6694528128394655e-09,0.0010364595937666415,1.9032343012892467e-05,0.0,134848.79301710252,2476.206982897471,137324.99999999997
nominal,3870.0,0.33911538389571233,0.002155102143706799,4.5766303155755427e-07,1.6642292056638336e-09,0.0010364429227582505,1.9049014021283365e-05,0.0,134846.62403205628,2478.3759679436903,137324.99999999997
nominal,3880.0,0.3394112368099189,0.002155155047103237,4.5623103427240833e-07,1.6590219428087574e-09,0.0010364263039123398,1.906563286719421e-05,0.0,134844.4618336205,2480.538166379493,137324.99999999997
nominal,3890.0,0.3397061640199705,0.002155207784968455,4.5480351761183347e-07,1.6538309731339396e-09,0.001036409737065696,1.908219971383794e-05,0.0,134842.30640056025,2482.6935994397318,137325.00000000003
nominal,3900.0,0.3400001684223338,0.0021552603578203888,4.533804675562533e-07,1.6486562456591026e-09,0.0010363932220556172,1.9098714723916812e-05,0.0,134840.15771170717,2484.842288292819,137324.99999999997
nominal,3910.0,0.34029325290441315,0.002155312766175354,4.519618701299561e-07,1.6434977095634766e-09,0.00103637675871991,1.9115178059624007e-05,0.0,134838.01574595904,2486.9842540409313,137324.99999999997
nominal,3920.0,0.34058542034457795,0.0021553650105480514,4.5054771140096054e-07,1.6383553141853109e-09,0.0010363603468968887,1.9131589882645202e-05,0.0,134835.88048227978,2489.119517720218,137324.99999999997
nominal,3930.0,0.3408766736121916,0.00215541709145157,4.491379774808769e-07,1.6332290090213702e-09,0.0010363439864253738,1.9147950354160183e-05,0.0,134833.75189969898,2491.2481003010093,137324.99999999997
nominal,3940.0,0.34116701556763945,0.002155469009397394,4.4773265452477115e-07,1.6281187437264403e-09,0.0010363276771446894,1.9164259634844404e-05,0.0,134831.62997731197,2493.3700226880187,137324.99999999994
nominal,3950.0,0.34145644906235667,0.0021555207648954076,4.463317287310305e-07,1.623024468112838e-09,0.0010363114188946634,1.9180517884870577e-05,0.0,134829.51469427944,2495.485305720551,137324.99999999997
nominal,3960.0,0.34174497693885686,0.0021555723584538986,4.449351863412243e-07,1.6179461321499062e-09,0.0010362952115156236,1.9196725263910252e-05,0.0,134827.40602982728,2497.5939701727066,137324.99999999997
nominal,3970.0,0.34203260203075947,0.002155623790579566,4.4354301363997186e-07,1.6128836859635338e-09,0.0010362790548483986,1.9212881931135382e-05,0.0,134825.3039632464,2499.696036753585,137324.99999999997
nominal,3980.0,0.3423193271628175,0.0021556750617775216,4.4215519695480823e-07,1.607837079835666e-09,0.001036262948734314,1.9228988045219866e-05,0.0,134823.2084738925,2501.7915261074872,137324.99999999997
nominal,3990.0,0.3426051551509456,0.0021557261725512976,4.4077172265604787e-07,1.6028062642038103e-09,0.0010362468930151928,1.9245043764341126e-05,0.0,134821.11954118585,2503.880458814121,137324.99999999997
nominal,4000.0,0.3428900888022477,0.002155777123402851,4.393925771566515e-07,1.5977911896605508e-09,0.0010362308875333525,1.926104924618166e-05,0.0,134819.0371446112,2505.9628553888006,137325.00000000003
nominal,4010.0,0.3431741309150444,0.0021558279148325677,4.3801774691209294e-07,1.592791806953065e-09,0.0010362149321316034,1.9277004647930592e-05,0.0,134816.96126371736,2508.038736282649,137324.99999999997
nominal,4020.0,0.34345728427890077,0.002155878547339268,4.3664721842022506e-07,1.5878080669826364e-09,0.0010361990266532489,1.9292910126285216e-05,0.0,134814.8918781172,2510.1081218828026,137325.00000000003
nominal,4030.0,0.3437395516746531,0.0021559290214202115,4.3528097822115005e-07,1.5828399208041818e-09,0.0010361831709420817,1.9308765837452515e-05,0.0,134812.8289674874,2512.171032512601,137325.00000000003
nominal,4040.0,0.3440209358744369,0.0021559793375711023,4.3391901289708373e-07,1.5778873196257587e-09,0.0010361673648423835,1.9324571937150716e-05,0.0,134810.7725115682,2514.227488431798,137325.00000000003
nominal,4050.0,0.34430143964171384,0.002156029496286092,4.3256130907222527e-07,1.5729502148080917e-09,0.001036151608198923,1.934032858061082e-05,0.0,134808.7224901632,2516.2775098367565,137324.99999999997
nominal,4060.0,0.3445810657312988,0.002156079498057788,4.312078534126266e-07,1.5680285578640964e-09,0.001036135900856956,1.9356035922578116e-05,0.0,134806.67888313936,2518.321116860643,137325.00000000003
nominal,4070.0,0.3448598168893871,0.002156129343377255,4.2985863262606034e-07,1.563122300458401e-09,0.0010361202426622201,1.9371694117313704e-05,0.0,134804.64167042632,2520.3583295736325,137324.99999999997
nominal,4080.0,0.34513769585358156,0.0021561790327340223,4.2851363346188867e-07,1.5582313944068677e-09,0.0010361046334609381,1.9387303318596025e-05,0.0,134802.61083201694,2522.3891679830995,137325.00000000003
nominal,4090.0,0.3454147053529189,0.002156228566616086,4.271728427109356e-07,1.553355791676129e-09,0.0010360890730998118,1.940286367972234e-05,0.0,134800.5863479662,2524.4136520338175,137325.00000000003
nominal,4100.0,0.3456908481078972,0.0021562779455099167,4.258362472053544e-07,1.5484954443831067e-09,0.0010360735614260237,1.9418375353510263e-05,0.0,134798.56819839182,2526.431801608153,137324.99999999997
nominal,4110.0,0.3459661268305019,0.0021563271699004626,4.2450383381850133e-07,1.5436503047945502e-09,0.0010360580982872348,1.9433838492299243e-05,0.0,134796.55636347373,2528.443636526263,137324.99999999997
nominal,4120.0,0.346240544224233,0.0021563762402711534,4.2317558946480403e-07,1.53882032532656e-09,0.0010360426835315819,1.9449253247952075e-05,0.0,134794.55082345373,2530.449176546288,137324.99999999997
nominal,4130.0,0.34651410298413154,0.002156425157103907,4.218515010996339e-07,1.5340054585441232e-09,0.0010360273170076776,1.9464619771856383e-05,0.0,134792.55155863546,2532.4484413645473,137324.99999999997
nominal,4140.0,0.34678680579680576,0.0021564739208791346,4.205315557191789e-07,1.5292056571606503e-09,0.0010360119985646078,1.947993821492611e-05,0.0,134790.55854938427,2534.4414506157295,137324.99999999997
nominal,4150.0,0.347058655340458,0.0021565225320757417,4.192157403603134e-07,1.524420874037503e-09,0.001035996728051931,1.9495208727603007e-05,0.0,134788.5717761269,2536.4282238730916,137324.99999999997
nominal,4160.0,0.3473296542849102,0.002156570991171138,4.1790404210047473e-07,1.5196510621835442e-09,0.001035981505319676,1.9510431459858087e-05,0.0,134786.59121935134,2538.4087806486436,137324.99999999997
nominal,4170.0,0.347599805291631,0.0021566192986412366,4.165964480575326e-07,1.5148961747546638e-09,0.0010359663302183407,1.9525606561193125e-05,0.0,134784.6168596066,2540.3831403933445,137324.99999999994
nominal,4180.0,0.34786911101376133,0.002156667454960464,4.152929453896642e-07,1.5101561650533243e-09,0.0010359512025988919,1.9540734180642116e-05,0.0,134782.6486775027,2542.351322497294,137324.99999999997
nominal,4190.0,0.3481375740961406,0.002156715460601761,4.1399352129522865e-07,1.505430986528104e-09,0.0010359361223127614,1.955581446677273e-05,0.0,134780.6866537101,2544.3133462899204,137325.00000000003
nominal,4200.0,0.34840519717533286,0.002156763316036589,4.1269816301263926e-07,1.5007205927732333e-09,0.0010359210892118462,1.9570847567687784e-05,0.0,134778.73076895982,2546.2692310401712,137324.99999999997
nominal,4210.0,0.3486719828796523,0.002156811021734934,4.1140685782024086e-07,1.4960249375281484e-09,0.0010359061031485074,1.9585833631026693e-05,0.0,134776.78100404333,2548.2189959567036,137325.00000000003
nominal,4220.0,0.3489379338291893,0.002156858578165312,4.1011959303618316e-07,1.4913439746770296e-09,0.0010358911639755672,1.9600772803966903e-05,0.0,134774.83733981193,2550.1626601880703,137325.00000000003
nominal,4230.0,0.3492030526358364,0.002156905985794771,4.088363560182957e-07,1.4866776582483479e-09,0.0010358762715463085,1.9615665233225376e-05,0.0,134772.89975717707,2552.100242822912,137324.99999999997
nominal,4240.0,0.3494673419033133,0.002156953245088901,4.075571341639662e-07,1.4820259424144223e-09,0.001035861425714474,1.963051106505998e-05,0.0,134770.96823710983,2554.0317628901403,137324.99999999997
nominal,4250.0,0.3497308042271933,0.0021570003565118327,4.0628191491001293e-07,1.477388781490956e-09,0.0010358466263342629,1.9645310445270974e-05,0.0,134769.04276064088,2555.957239359128,137324.99999999997
nominal,4260.0,0.34999344219492806,0.0021570473205262453,4.0501068573256507e-07,1.4727661299366001e-09,0.0010358318732603315,1.9660063519202408e-05,0.0,134767.12330886011,2557.876691139892,137324.99999999997
nominal,4270.0,0.3502552583858733,0.00215709413759337,4.0374343414693756e-07,1.4681579423525e-09,0.0010358171663477904,1.9674770431743564e-05,0.0,134765.20986291673,2559.790137083284,137324.99999999997
nominal,4280.0,0.350516255371314,0.0021571408081729956,4.0248014770750994e-07,1.463564173481854e-09,0.0010358025054522037,1.9689431327330363e-05,0.0,134763.30240401882,2561.6975959811707,137325.00000000003
nominal,4290.0,0.35077643571449,0.0021571873327234717,4.012208140076016e-07,1.45898477820946e-09,0.001035787890429587,1.9704046349946816e-05,0.0,134761.40091343335,2563.5990865666204,137324.99999999997
nominal,4300.0,0.3510358019706207,0.0021572337117017133,3.99965420679354e-07,1.454419711561287e-09,0.0010357733211364074,1.971861564312639e-05,0.0,134759.5053724859,2565.4946275140856,137324.99999999997
nominal,4310.0,0.35129435668693054,0.002157279945563207,3.987139553936044e-07,1.4498689287040159e-09,0.0010357587974295804,1.9733139349953474e-05,0.0,134757.61576256037,2567.384237439591,137324.99999999997
nominal,4320.0,0.3515521024026738,0.002157326034762013,3.974664058597687e-07,1.4453323849446132e-09,0.0010357443191664692,1.9747617613064738e-05,0.0,134755.7320650991,2569.26793490091,137324.99999999997
nominal,4330.0,0.3518090416491598,0.002157371979750771,3.962227598257178e-07,1.4408100357298828e-09,0.0010357298862048833,1.9762050574650565e-05,0.0,134753.85426160225,2571.1457383977527,137324.99999999997
nominal,4340.0,0.3520651769497771,0.0021574177809807055,3.949830050776612e-07,1.4363018366460407e-09,0.0010357154984030775,1.977643837645641e-05,0.0,134751.98233362805,2573.017666371941,137324.99999999997
nominal,4350.0,0.35232051082001914,0.002157463438901628,3.937471294400224e-07,1.431807743418263e-09,0.0010357011556197497,1.9790781159784236e-05,0.0,134750.11626279238,2574.8837372075964,137324.99999999997
nominal,4360.0,0.35257504576750853,0.0021575089539619427,3.9251512077532134e-07,1.4273277119102593e-09,0.00103568685771404,1.9805079065493886e-05,0.0,134748.25603076865,2576.7439692313183,137324.99999999997
nominal,4370.0,0.3528287842920216,0.002157554326608651,3.9128696698405637e-07,1.4228616981238412e-09,0.0010356726045455296,1.9819332234004445e-05,0.0,134746.40161928764,2578.5983807123616,137325.00000000003
nominal,4380.0,0.35308172888551287,0.0021575995572873556,3.900626560045845e-07,1.418409658198489e-09,0.0010356583959742383,1.983354080529564e-05,0.0,134744.55301013717,2580.4469898628176,137324.99999999997
nominal,4390.0,0.35333388203214,0.0021576446464422654,3.888421758130021e-07,1.4139715484109167e-09,0.0010356442318606247,1.984770491890922e-05,0.0,134742.7101851622,2582.289814837795,137324.99999999997
nominal,4400.0,0.3535852462082878,0.0021576895945161984,3.8762551442302765e-07,1.4095473251746459e-09,0.0010356301120655836,1.9861824713950308e-05,0.0,134740.8731262644,2584.1268737355954,137324.99999999997
nominal,4410.0,0.35383582388259244,0.002157734401950588,3.864126598858847e-07,1.4051369450395805e-09,0.0010356160364504451,1.9875900329088774e-05,0.0,134739.0418154021,2585.9581845978914,137324.99999999997
nominal,4420.0,0.3540856175159662,0.0021577790691854858,3.852036002901825e-07,1.4007403646915726e-09,0.0010356020048769734,1.9889931902560615e-05,0.0,134737.2162345901,2587.7837654099053,137325.00000000003
nominal,4430.0,0.354334629561621,0.002157823596659567,3.839983237618015e-07,1.3963575409520052e-09,0.0010355880172073647,1.9903919572169275e-05,0.0,134735.39636589942,2589.6036341005847,137324.99999999997
nominal,4440.0,0.3545828624650932,0.0021578679848101336,3.82796818463774e-07,1.3919884307773598e-09,0.001035574073304247,1.991786347528704e-05,0.0,134733.58219145722,2591.4178085427784,137325.00000000003
nominal,4450.0,0.35483031866426695,0.00215791223407312,3.815990725961706e-07,1.387632991258802e-09,0.0010355601730306777,1.9931763748856357e-05,0.0,134731.77369344662,2593.2263065534125,137325.00000000003
nominal,4460.0,0.35507700058939856,0.0021579563448830955,3.8040507439598264e-07,1.3832911796217549e-09,0.0010355463162501429,1.9945620529391193e-05,0.0,134729.97085410633,2595.0291458936663,137325.00000000003
nominal,4470.0,0.35532291066314003,0.002158000317673271,3.7921481213700774e-07,1.3789629532254825e-09,0.0010355325028265556,1.995943395297836e-05,0.0,134728.17365573085,2596.8263442691414,137324.99999999997
nominal,4480.0,0.3555680513005633,0.0021580441528755018,3.7802827412973325e-07,1.374648269562666e-09,0.0010355187326242551,1.9973204155278878e-05,0.0,134726.38208066995,2598.617919330045,137324.99999999997
nominal,4490.0,0.35581242490918363,0.0021580878509202903,3.76845448721222e-07,1.370347086258989e-09,0.0010355050055080046,1.998693127152929e-05,0.0,134724.59611132863,2600.4038886713547,137324.99999999997
nominal,4500.0,0.3560560338889831,0.002158131412236794,3.756663242949998e-07,1.3660593610727263e-09,0.0010354913213429908,2.0000615436542984e-05,0.0,134722.81573016697,2602.1842698329947,137324.99999999994
nominal,4510.0,0.35629888063243476,0.0021581748372528258,3.744908892709376e-07,1.3617850518943182e-09,0.0010354776799948225,2.0014256784711538e-05,0.0,134721.0409197,2603.95908030001,137325.00000000003
nominal,4520.0,0.3565409675245257,0.0021582181263948615,3.733191321051401e-07,1.3575241167459637e-09,0.0010354640813295278,2.002785545000602e-05,0.0,134719.27166249722,2605.728337502735,137324.99999999997
nominal,4530.0,0.35678229694278024,0.0021582612800880416,3.7215104128983363e-07,1.353276513781213e-09,0.0010354505252135554,2.0041411565978316e-05,0.0,134717.507941183,2607.4920588169643,137324.99999999994
nominal,4540.0,0.357022871257284,0.0021583042987561763,3.709866053532498e-07,1.3490422012845445e-09,0.0010354370115137714,2.0054925265762434e-05,0.0,134715.74973843587,2609.2502615641274,137324.99999999997
nominal,4550.0,0.3572626928307064,0.0021583471828217505,3.698258128595159e-07,1.3448211376709667e-09,0.0010354235400974582,2.006839668207581e-05,0.0,134713.99703698853,2611.002963011453,137325.00000000003
nominal,4560.0,0.35750176401832434,0.002158389932705927,3.6866865240854105e-07,1.3406132814856037e-09,0.0010354101108323132,2.008182594722062e-05,0.0,134712.24981962782,2612.7501803721448,137324.99999999997
nominal,4570.0,0.35774008716804545,0.0021584325488285495,3.6751511263590337e-07,1.3364185914032848e-09,0.0010353967235864488,2.0095213193085083e-05,0.0,134710.50806919445,2614.4919308055455,137324.99999999997
nominal,4580.0,0.3579776646204305,0.0021584750316081492,3.663651822127414e-07,1.3322370262281502e-09,0.0010353833782283893,2.0108558551144733e-05,0.0,134708.7717685827,2616.228231417309,137325.00000000003
nominal,4590.0,0.3582144987087173,0.0021585173814619484,3.652188498456386e-07,1.3280685448932312e-09,0.0010353700746270702,2.0121862152463746e-05,0.0,134707.04090074045,2617.9590992595663,137324.99999999997
nominal,4600.0,0.3584505917588427,0.0021585595988058625,3.640761042765167e-07,1.3239131064600605e-09,0.0010353568126518376,2.0135124127696192e-05,0.0,134705.31544866887,2619.6845513310927,137324.99999999994
nominal,4610.0,0.35868594608946597,0.0021586016840545066,3.6293693428252253e-07,1.3197706701182634e-09,0.0010353435921724465,2.0148344607087333e-05,0.0,134703.5953954225,2621.4046045774753,137324.99999999997
nominal,4620.0,0.35892056401199135,0.0021586436376211976,3.6180132867591924e-07,1.3156411951851607e-09,0.001035330413059059,2.01615237204749e-05,0.0,134701.88072410872,2623.11927589128,137324.99999999997
nominal,4630.0,0.3591544478305911,0.002158685459917959,3.606692763039743e-07,1.311524641105361e-09,0.0010353172751822435,2.0174661597290387e-05,0.0,134700.17141788776,2624.8285821122176,137324.99999999997
nominal,4640.0,0.3593875998422276,0.0021587271513555275,3.595407660488524e-07,1.307420967450372e-09,0.0010353041784129735,2.0187758366560286e-05,0.0,134698.4674599727,2626.5325400273073,137324.99999999997
nominal,4650.0,0.3596200223366765,0.002158768712343351,3.5841578682750446e-07,1.3033301339181979e-09,0.0010352911226226265,2.0200814156907385e-05,0.0,134696.76883362894,2628.231166371044,137324.99999999997
nominal,4660.0,0.3598517175965487,0.002158810143289599,3.572943275915596e-07,1.2992521003329438e-09,0.001035278107682982,2.021382909655202e-05,0.0,134695.07552217445,2629.924477825561,137325.00000000003
nominal,4670.0,0.36008268789731285,0.0021588514446011634,3.561763773272177e-07,1.295186826644428e-09,0.0010352651334662208,2.0226803313313326e-05,0.0,134693.3875089792,2631.6124910207946,137325.00000000003
nominal,4680.0,0.360312935507318,0.0021588926166836615,3.550619250551386e-07,1.2911342729277765e-09,0.0010352521998449233,2.0239736934610507e-05,0.0,134691.70477746535,2633.295222534646,137324.99999999997
nominal,4690.0,0.3605424626878156,0.0021589336599414427,3.5395095983033703e-07,1.2870943993830435e-09,0.0010352393066920698,2.0252630087464075e-05,0.0,134690.02731110685,2634.972688893147,137324.99999999997
nominal,4700.0,0.3607712716929817,0.0021589745747775915,3.5284347074207346e-07,1.2830671663348123e-09,0.001035226453881037,2.0265482898497106e-05,0.0,134688.3550934294,2636.644906570618,137324.99999999997
nominal,4710.0,0.3609993647699396,0.002159015361593931,3.5173944691374553e-07,1.2790525342318018e-09,0.0010352136412855974,2.0278295493936494e-05,0.0,134686.68810801016,2638.311891989836,137324.99999999997
nominal,4720.0,0.36122674415878103,0.002159056020791025,3.506388775027858e-07,1.2750504636464938e-09,0.00103520086877992,2.0291067999614158e-05,0.0,134685.02633847785,2639.9736615221905,137325.00000000003
nominal,4730.0,0.36145341209258874,0.0021590965527681877,3.495417517005514e-07,1.2710609152747323e-09,0.0010351881362385656,2.0303800540968302e-05,0.0,134683.36976851214,2641.630231487843,137324.99999999997
nominal,4740.0,0.3616793707974585,0.0021591369579234804,3.4844805873221845e-07,1.2670838499353396e-09,0.0010351754435364894,2.031649324304465e-05,0.0,134681.71838184408,2643.2816181558956,137325.00000000003
nominal,4750.0,0.3619046224925205,0.002159177236653721,3.473577878566777e-07,1.263119228569737e-09,0.0010351627905490365,2.0329146230497656e-05,0.0,134680.07216225547,2644.9278377445407,137325.00000000003
nominal,4760.0,0.3621291693899617,0.002159217389354485,3.4627092836642695e-07,1.2591670122415524e-09,0.0010351501771519423,2.0341759627591752e-05,0.0,134678.43109357878,2646.56890642123,137325.00000000003
nominal,4770.0,0.362353013695047,0.00215925741642011,3.4518746958746855e-07,1.2552271621362491e-09,0.0010351376032213314,2.035433355820254e-05,0.0,134676.79515969715,2648.2048403028234,137324.99999999997
nominal,4780.0,0.3625761576061415,0.0021592973182437006,3.4410740087920164e-07,1.251299639560733e-09,0.001035125068633716,2.0366868145818032e-05,0.0,134675.16434454423,2649.8356554557554,137324.99999999997
nominal,4790.0,0.3627986033147314,0.00215933709521713,3.4303071163431995e-07,1.2473844059429815e-09,0.0010351125732659943,2.0379363513539852e-05,0.0,134673.53863210382,2651.461367896188,137325.00000000003
nominal,4800.0,0.36302035300544594,0.002159376747731047,3.419573912787076e-07,1.2434814228316639e-09,0.0010351001169954497,2.039181978408444e-05,0.0,134671.91800640983,2653.08199359017,137325.00000000003
nominal,4810.0,0.36324140885607914,0.0021594162761748767,3.408874292713321e-07,1.2395906518957529e-09,0.0010350876996997498,2.040423707978428e-05,0.0,134670.30245154622,2654.6975484537948,137325.00000000003
nominal,4820.0,0.3634617730376104,0.002159455680936826,3.398208151041456e-07,1.2357120549241658e-09,0.001035075321256945,2.0416615522589074e-05,0.0,134668.69195164667,2656.308048353353,137325.00000000003
nominal,4830.0,0.36368144771422667,0.002159494962403887,3.387575383019771e-07,1.2318455938253712e-09,0.0010350629815454669,2.0428955234066954e-05,0.0,134667.0864908945,2657.9135091054927,137324.99999999997
nominal,4840.0,0.363900435043343,0.0021595341209618424,3.376975884224332e-07,1.2279912306270297e-09,0.0010350506804441282,2.0441256335405677e-05,0.0,134665.48605352262,2659.5139464773733,137324.99999999997
nominal,4850.0,0.3641187371756243,0.002159573156995266,3.3664095505579316e-07,1.2241489274756114e-09,0.00103503841783212,2.045351894741381e-05,0.0,134663.89062381315,2661.109376186818,137324.99999999997
nominal,4860.0,0.364336356255006,0.0021596120708875285,3.3558762782490805e-07,1.220318646636029e-09,0.001035026193589012,2.046574319052192e-05,0.0,134662.3001860975,2662.6998139024695,137324.99999999997
nominal,4870.0,0.36455329441871515,0.002159650863020802,3.3453759638509897e-07,1.2165003504912688e-09,0.0010350140075947502,2.0477929184783736e-05,0.0,134660.71472475605,2664.285275243946,137324.99999999997
nominal,4880.0,0.364769553797292,0.002159689533776062,3.334908504240532e-07,1.2126940015420114e-09,0.0010350018597296564,2.049007704987738e-05,0.0,134659.13422421797,2665.8657757819933,137324.99999999994
nominal,4890.0,0.36498513651461006,0.002159728083533093,3.3244737966172597e-07,1.208899562406276e-09,0.0010349897498744276,2.050218690510648e-05,0.0,134657.55866896137,2667.4413310386353,137325.00000000003
nominal,4900.0,0.36520004468789763,0.0021597665126704894,3.314071738502376e-07,1.2051169958190455e-09,0.0010349776779101326,2.051425886940139e-05,0.0,134655.98804351268,2669.0119564873303,137324.99999999997
nominal,4910.0,0.36541428042775825,0.0021598048215656627,3.303702227737732e-07,1.2013462646319024e-09,0.0010349656437182136,2.0526293061320325e-05,0.0,134654.42233244688,2670.57766755312,137324.99999999997
nominal,4920.0,0.3656278458381916,0.002159843010594843,3.293365162484826e-07,1.1975873318126638e-09,0.0010349536471804834,2.0538289599050553e-05,0.0,134652.8615203872,2672.138479612784,137324.99999999997
nominal,4930.0,0.3658407430166139,0.0021598810801330822,3.283060441223804e-07,1.1938401604450194e-09,0.0010349416881791245,2.055024860040953e-05,0.0,134651.30559200502,2673.694407994987,137325.00000000003
nominal,4940.0,0.3660529740538787,0.0021599190305542602,3.272787962752468e-07,1.19010471372817e-09,0.001034929766596688,2.056217018284606e-05,0.0,134649.75453201958,2675.2454679804305,137325.00000000003
nominal,4950.0,0.3662645410342978,0.002159956862231086,3.2625476261852544e-07,1.1863809549764562e-09,0.0010349178823160926,2.057405446344149e-05,0.0,134648.208325198,2676.7916748020066,137325.00000000003
nominal,4960.0,0.36647544603566096,0.0021599945755351037,3.252339330952277e-07,1.1826688476190097e-09,0.0010349060352206232,2.0585901558910806e-05,0.0,134646.66695635504,2678.333043644944,137325.00000000003
nominal,4970.0,0.36668569112925664,0.002160032170836693,3.242162976798333e-07,1.1789683551993937e-09,0.00103489422519393,2.059771158560379e-05,0.0,134645.13041035304,2679.8695896469562,137324.99999999997
nominal,4980.0,0.3668952783798927,0.0021600696485050757,3.232018463781892e-07,1.1752794413752334e-09,0.0010348824521200276,2.06094846595062e-05,0.0,134643.5986721016,2681.401327898393,137324.99999999994
nominal,4990.0,0.3671042098459159,0.002160107008908319,3.2219056922741607e-07,1.1716020699178764e-09,0.0010348707158832932,2.0621220896240855e-05,0.0,134642.07172655762,2682.9282734423864,137325.00000000003
nominal,5000.0,0.367312487579233,0.0021601442524133373,3.211824562958051e-07,1.1679362047120185e-09,0.0010348590163684653,2.063292041106882e-05,0.0,134640.549558725,2684.4504412750016,137325.00000000003
nominal,5010.0,0.3675201136253302,0.0021601813793858974,3.2017749768272494e-07,1.1642818097553632e-09,0.0010348473534606433,2.06445833188905e-05,0.0,134639.03215365458,2685.967846345379,137324.99999999997
nominal,5020.0,0.36772709002329373,0.0021602183901906218,3.191756835185215e-07,1.1606388491582599e-09,0.0010348357270452873,2.06562097342468e-05,0.0,134637.51949644412,2687.4805035558884,137325.00000000003
nominal,5030.0,0.3679334188058294,0.0021602552851909913,3.18177003964423e-07,1.1570072871433564e-09,0.0010348241370082137,2.0667799771320212e-05,0.0,134636.01157223774,2688.988427762266,137324.99999999997
nominal,5040.0,0.3681391019992831,0.002160292064749351,3.171814492124418e-07,1.1533870880452427e-09,0.001034812583235598,2.0679353543935985e-05,0.0,134634.50836622622,2690.49163377377,137324.99999999997
nominal,5050.0,0.36834414162365997,0.002160328729226911,3.1618900948528077e-07,1.1497782163101118e-09,0.0010348010656139708,2.0690871165563187e-05,0.0,134633.00986364667,2691.9901363533168,137324.99999999997
nominal,5060.0,0.36854853969264534,0.002160365278983751,3.1519967503623173e-07,1.146180636495388e-09,0.0010347895840302182,2.0702352749315878e-05,0.0,134631.51604978237,2693.4839502176364,137325.00000000003
nominal,5070.0,0.3687522982136233,0.0021604017143788254,3.1421343614908635e-07,1.1425943132694047e-09,0.0010347781383715797,2.0713798407954177e-05,0.0,134630.0269099626,2694.973090037406,137324.99999999997
nominal,5080.0,0.3689554191876972,0.0021604380357699636,3.132302831380368e-07,1.1390192114110428e-09,0.0010347667285256486,2.0725208253885378e-05,0.0,134628.54242956257,2696.4575704374015,137324.99999999997
nominal,5090.0,0.369157904609709,0.002160474243513877,3.122502063475813e-07,1.1354552958093865e-09,0.0010347553543803688,2.0736582399165067e-05,0.0,134627.06259400336,2697.9374059966376,137324.99999999997
nominal,5100.0,0.36935975646825914,0.0021605103379661603,3.1127319615242856e-07,1.1319025314633763e-09,0.0010347440158240356,2.0747920955498233e-05,0.0,134625.58738875148,2699.412611248515,137324.99999999997
nominal,5110.0,0.3695609767457255,0.002160546319481295,3.1029924295740623e-07,1.128360883481477e-09,0.0010347327127452936,2.0759224034240313e-05,0.0,134624.11679931902,2700.883200680958,137324.99999999997
nominal,5120.0,0.36976156741828353,0.0021605821884126543,3.093283371973633e-07,1.124830317081321e-09,0.0010347214450331357,2.077049174639834e-05,0.0,134622.65081126345,2702.3491887365576,137325.00000000003
nominal,5130.0,0.3699615304559253,0.0021606179451125053,3.083604693370773e-07,1.121310797589372e-09,0.001034710212576902,2.078172420263202e-05,0.0,134621.18941018727,2703.81058981272,137324.99999999997
nominal,5140.0,0.3701608678224786,0.0021606535899320128,3.0739562987116226e-07,1.11780229044059e-09,0.0010346990152662794,2.079292151325479e-05,0.0,134619.7325817382,2705.2674182617975,137325.00000000003
nominal,5150.0,0.37035958147562703,0.0021606891232212435,3.064338093239721e-07,1.11430476117808e-09,0.0010346878529912992,2.0804083788234945e-05,0.0,134618.28031160877,2706.7196883912375,137325.00000000003
nominal,5160.0,0.37055767336692835,0.0021607245453291674,3.054749982495108e-07,1.1108181754527663e-09,0.0010346767256423372,2.081521113719668e-05,0.0,134616.83258553626,2708.167414463719,137324.99999999997
nominal,5170.0,0.3707551454418342,0.0021607598566036642,3.0451918723133766e-07,1.107342499023046e-09,0.0010346656331101127,2.08263036694212e-05,0.0,134615.38938930267,2709.610610697297,137324.99999999997
nominal,5180.0,0.370951999639709,0.002160795057391524,3.035663668824752e-07,1.103877697754455e-09,0.0010346545752856861,2.0837361493847765e-05,0.0,134613.95070873445,2711.0492912655363,137324.99999999997
nominal,5190.0,0.37114823789384904,0.002160830148038452,3.0261652784531733e-07,1.1004237376193357e-09,0.0010346435520604592,2.0848384719074775e-05,0.0,134612.51652970235,2712.483470297655,137324.99999999997
nominal,5200.0,0.37134386213150156,0.0021608651288890723,3.016696607915369e-07,1.0969805846964976e-09,0.0010346325633261732,2.0859373453360834e-05,0.0,134611.08683812135,2713.9131618786605,137325.00000000003
nominal,5210.0,0.37153887427388327,0.00216090000028693,3.0072575642199566e-07,1.0935482051708932e-09,0.0010346216089749084,2.087032780462581e-05,0.0,134609.66161995052,2715.3383800494903,137325.00000000003
nominal,5220.0,0.37173327623619973,0.0021609347625744955,2.9978480546665095e-07,1.090126565333276e-09,0.001034610688899082,2.0881247880451888e-05,0.0,134608.24086119284,2716.7591388071482,137324.99999999994
nominal,5230.0,0.37192706992766383,0.002160969416093168,2.988467986844658e-07,1.0867156315798756e-09,0.0010345998029914496,2.0892133788084644e-05,0.0,134606.8245478952,2718.1754521048406,137325.00000000003
nominal,5240.0,0.3721202572515148,0.002161003961183278,2.9791172686331743e-07,1.0833153704120631e-09,0.0010345889511451,2.0902985634434097e-05,0.0,134605.4126661479,2719.587333852119,137325.00000000003
nominal,5250.0,0.37231284010503674,0.002161038398184091,2.9697958081990726e-07,1.0799257484360264e-09,0.0010345781332534582,2.091380352607574e-05,0.0,134604.00520208498,2720.9947979150106,137324.99999999997
nominal,5260.0,0.37250482037957705,0.002161072727433811,2.960503513996713e-07,1.076546732362441e-09,0.0010345673492102823,2.0924587569251596e-05,0.0,134602.60214188386,2722.397858116155,137324.99999999997
nominal,5270.0,0.37269619996056574,0.002161106949269585,2.951240294766876e-07,1.0731782890061365e-09,0.0010345565989096628,2.0935337869871287e-05,0.0,134601.20347176507,2723.7965282349464,137325.00000000003
nominal,5280.0,0.37288698072753296,0.0021611410640275035,2.942006059535908e-07,1.0698203852857846e-09,0.001034545882246021,2.0946054533513026e-05,0.0,134599.80917799234,2725.1908220076607,137325.00000000003
nominal,5290.0,0.3730771645541281,0.0021611750720426062,2.9328007176147964e-07,1.0664729882235622e-09,0.0010345351991141094,2.095673766542469e-05,0.0,134598.4192468724,2726.5807531275946,137325.00000000003
nominal,5300.0,0.373266753308138,0.002161208973648884,2.9236241785982885e-07,1.0631360649448319e-09,0.0010345245494090092,2.0967387370524835e-05,0.0,134597.0336647548,2727.966335245199,137324.99999999997
nominal,5310.0,0.3734557488515053,0.002161242769179283,2.9144763523640126e-07,1.0598095826778226e-09,0.0010345139330261302,2.097800375340374e-05,0.0,134595.6524180318,2729.347581968215,137324.99999999997
nominal,5320.0,0.3736441530403468,0.0021612764589657085,2.9053571490715685e-07,1.0564935087532974e-09,0.0010345033498612096,2.0988586918324427e-05,0.0,134594.2754931382,2730.724506861802,137325.00000000003
nominal,5330.0,0.3738319677249715,0.002161310043339025,2.896266479161679e-07,1.0531878106042467e-09,0.0010344927998103103,2.099913696922368e-05,0.0,134592.90287655132,2732.0971234486806,137325.00000000003
nominal,5340.0,0.37401919474989914,0.0021613435226290646,2.8872042533552734e-07,1.0498924557655536e-09,0.0010344822827698208,2.100965400971308e-05,0.0,134591.5345547907,2733.465445209256,137324.99999999997
nominal,5350.0,0.37420583595387796,0.0021613768971646247,2.878170382652637e-07,1.0466074118736861e-09,0.001034471798636454,2.1020138143080012e-05,0.0,134590.17051441825,2734.8294855817544,137324.99999999997
nominal,5360.0,0.3743918931699029,0.0021614101672734758,2.86916477833253e-07,1.0433326466663744e-09,0.0010344613473072452,2.1030589472288686e-05,0.0,134588.81074203763,2736.189257962357,137324.99999999997
nominal,5370.0,0.3745773682252334,0.0021614433332823616,2.8601873519513207e-07,1.0400681279822983e-09,0.0010344509286795529,2.104100809998113e-05,0.0,134587.45522429465,2737.544775705325,137324.99999999997
nominal,5380.0,0.3747622629414118,0.002161476395517005,2.851238015342103e-07,1.0368138237607646e-09,0.0010344405426510558,2.1051394128478222e-05,0.0,134586.10394787687,2738.8960521231393,137324.99999999997
nominal,5390.0,0.3749465791342808,0.0021615093543021074,2.842316680613841e-07,1.0335697020413966e-09,0.001034430189119753,2.1061747659780685e-05,0.0,134584.75689951336,2740.2431004866244,137324.99999999994
nominal,5400.0,0.37513031861400153,0.0021615422099613563,2.833423260150507e-07,1.0303357309638205e-09,0.0010344198679839637,2.107206879557009e-05,0.0,134583.41406597488,2741.5859340250827,137324.99999999997
nominal,5410.0,0.375313483185071,0.0021615749628174255,2.824557666610223e-07,1.0271118787673537e-09,0.0010344095791423242,2.1082357637209837e-05,0.0,134582.07543407357,2742.924565926421,137324.99999999997
nominal,5420.0,0.37549607464634055,0.0021616076131919797,2.81571981292438e-07,1.0238981137906836e-09,0.0010343993224937878,2.1092614285746192e-05,0.0,134580.7409906627,2744.2590093372846,137325.00000000003
nominal,5430.0,0.37567809479103265,0.0021616401614056764,2.806909612296816e-07,1.0206944044715693e-09,0.0010343890979376247,2.1102838841909243e-05,0.0,134579.4107226368,2745.5892773631826,137324.99999999997
nominal,5440.0,0.3758595454067589,0.00216167260777817,2.798126978202948e-07,1.0175007193465264e-09,0.0010343789053734202,2.1113031406113888e-05,0.0,134578.08461693142,2746.9153830686164,137325.00000000003
nominal,5450.0,0.3760404282755378,0.0021617049526281152,2.789371824388919e-07,1.014317027050516e-09,0.0010343687447010733,2.112319207846085e-05,0.0,134576.7626605228,2748.237339477212,137325.00000000003
nominal,5460.0,0.37622074517381177,0.0021617371962731695,2.7806440648707564e-07,1.0111432963166387e-09,0.0010343586158207962,2.1133320958737634e-05,0.0,134575.44484042816,2749.5551595718434,137324.99999999997
nominal,5470.0,0.3764004978724652,0.0021617693390299955,2.7719436139335167e-07,1.0079794959758241e-09,0.0010343485186331146,2.114341814641953e-05,0.0,134574.13114370522,2750.868856294763,137325.00000000003
nominal,5480.0,0.3765796881368411,0.002161801381214267,2.76327038613047e-07,1.0048255949565344e-09,0.0010343384530388632,2.1153483740670553e-05,0.0,134572.82155745226,2752.1784425477285,137324.99999999994
nominal,5490.0,0.3767583177267592,0.002161833323140667,2.754624296282228e-07,1.0016815622844465e-09,0.0010343284189391893,2.1163517840344465e-05,0.0,134571.51606880786,2753.4839311921273,137324.99999999994
nominal,5500.0,0.3769363883965326,0.002161865165122898,2.7460052594759337e-07,9.985473670821575e-10,0.0010343184162355484,2.11735205439857e-05,0.0,134570.2146649509,2754.7853350491037,137325.00000000003
nominal,5510.0,0.37711390189498534,0.002161896907473677,2.737413191064413e-07,9.954229785688773e-10,0.0010343084448297037,2.1183491949830363e-05,0.0,134568.91733310034,2756.082666899688,137325.00000000003
nominal,5520.0,0.37729085996546957,0.0021619285505047447,2.7288480066653455e-07,9.923083660601255e-10,0.0010342985046237268,2.1193432155807188e-05,0.0,134567.62406051508,2757.3759394849167,137324.99999999997
nominal,5530.0,0.3774672643458827,0.002161960094526866,2.720309622160435e-07,9.892034989674308e-10,0.0010342885955199955,2.1203341259538498e-05,0.0,134566.33483449402,2758.6651655059645,137324.99999999997
nominal,5540.0,0.3776431167686842,0.0021619915398498335,2.7117979536945896e-07,9.861083467980324e-10,0.0010342787174211928,2.121321935834115e-05,0.0,134565.04964237573,2759.950357624261,137324.99999999997
nominal,5550.0,0.3778184189609126,0.00216202288678247,2.703312917675104e-07,9.830228791545831e-10,0.0010342688702303065,2.122306654922751e-05,0.0,134563.7684715384,2761.2315284616193,137325.00000000003
nominal,5560.0,0.3779931726442033,0.0021620541356326324,2.6948544307708053e-07,9.799470657348383e-10,0.0010342590538506276,2.1232882928906405e-05,0.0,134562.49130939966,2762.5086906003635,137324.99999999997
nominal,5570.0,0.37816737953480417,0.002162085286707214,2.686422409911279e-07,9.76880876331374e-10,0.00103424926818575,2.124266859378406e-05,0.0,134561.21814341657,2763.7818565834446,137325.00000000003
nominal,5580.0,0.37834104134359337,0.002162116340312149,2.678016772286022e-07,9.738242808312806e-10,0.001034239513139569,2.125242363996505e-05,0.0,134559.94896108544,2765.0510389145684,137325.00000000003
nominal,5590.0,0.37851415977609576,0.0021621472967524123,2.669637435343644e-07,9.707772492158704e-10,0.0010342297886162808,2.126214816325325e-05,0.0,134558.68374994167,2766.3162500583185,137325.00000000003
nominal,5600.0,0.3786867365324998,0.0021621781563320266,2.6612843167910484e-07,9.677397515603812e-10,0.0010342200945203813,2.127184225915277e-05,0.0,134557.42249755975,2767.5775024402774,137325.00000000003
nominal,5610.0,0.37885877330767387,0.002162208919354062,2.65295733459264e-07,9.647117580336873e-10,0.0010342104307566652,2.1281506022868882e-05,0.0,134556.16519155286,2768.834808447147,137325.00000000003
nominal,5620.0,0.37903027179118354,0.002162239586120641,2.644656406969497e-07,9.61693238897999e-10,0.0010342007972302249,2.1291139549308984e-05,0.0,134554.91181957308,2770.088180426874,137324.99999999997
nominal,5630.0,0.3792012336673077,0.00216227015693294,2.6363814523985823e-07,9.586841645085752e-10,0.0010341911938464507,2.1300742933083505e-05,0.0,134553.66236931123,2771.3376306887676,137325.00000000003
nominal,5640.0,0.37937166061505523,0.0021623006320911943,2.628132389611937e-07,9.556845053134316e-10,0.0010341816205110272,2.131031626850684e-05,0.0,134552.41682849638,2772.583171503623,137325.00000000003
nominal,5650.0,0.3795415543081817,0.0021623310118946987,2.619909137595882e-07,9.526942318530477e-10,0.0010341720771299356,2.1319859649598302e-05,0.0,134551.17518489613,2773.824815103842,137324.99999999997
nominal,5660.0,0.3797109164152055,0.002162361296641812,2.6117116155902235e-07,9.49713314760081e-10,0.001034162563609451,2.1329373170083005e-05,0.0,134549.93742631646,2775.06257368355,137324.99999999997
nominal,5670.0,0.3798797485994239,0.0021623914866299595,2.603539743087483e-07,9.467417247590846e-10,0.0010341530798561411,2.1338856923392794e-05,0.0,134548.70354060127,2776.2964593987176,137324.99999999997
nominal,5680.0,0.38004805251893087,0.002162421582155635,2.5953934398320393e-07,9.437794326661958e-10,0.0010341436257768667,2.1348311002667212e-05,0.0,134547.4735156327,2777.5264843672844,137324.99999999997
nominal,5690.0,0.38021582982663127,0.002162451583514406,2.587272625819428e-07,9.40826409388883e-10,0.0010341342012787796,2.135773550075433e-05,0.0,134546.24733933073,2778.7526606692677,137324.99999999997
nominal,5700.0,0.3803830821702586,0.002162481491000915,2.579177221295495e-07,9.378826259256344e-10,0.0010341248062693221,2.1367130510211732e-05,0.0,134545.0249996531,2779.975000346891,137324.99999999997
nominal,5710.0,0.3805498111923906,0.0021625113049088805,2.5711071467556404e-07,9.349480533656872e-10,0.0010341154406562265,2.1376496123307374e-05,0.0,134543.80648459532,2781.193515404698,137324.99999999997
nominal,5720.0,0.38071601853046555,0.002162541025531105,2.56306232294402e-07,9.320226628887344e-10,0.0010341061043475134,2.1385832432020527e-05,0.0,134542.59178219034,2782.408217809669,137324.99999999997
nominal,5730.0,0.38088170581679837,0.0021625706531594726,2.555042670852775e-07,9.291064257646452e-10,0.0010340967972514914,2.1395139528042665e-05,0.0,134541.38088050866,2783.6191194913436,137325.00000000003
nominal,5740.0,0.3810468746785963,0.0021626001880849554,2.547048111721268e-07,9.261993133531883e-10,0.0010340875192767556,2.140441750277836e-05,0.0,134540.17376765807,2784.8262323419317,137324.99999999997
nominal,5750.0,0.38121152673797576,0.002162629630597614,2.539078567035276e-07,9.233012971037365e-10,0.0010340782703321877,2.1413666447346192e-05,0.0,134538.97043178356,2786.029568216437,137324.99999999997
nominal,5760.0,0.38137566361197683,0.0021626589809866027,2.5311339585262734e-07,9.204123485550085e-10,0.0010340690503269543,2.1422886452579627e-05,0.0,134537.7708610672,2787.2291389327656,137324.99999999997
nominal,5770.0,0.38153928691258043,0.00216268823954017,2.523214208170617e-07,9.175324393347697e-10,0.0010340598591705062,2.1432077609027915e-05,0.0,134536.57504372817,2788.4249562718464,137325.00000000003
nominal,5780.0,0.38170239824672386,0.002162717406545663,2.515319238188782e-07,9.14661541159557e-10,0.001034050696772577,2.1441240006957004e-05,0.0,134535.38296802226,2789.6170319777502,137325.00000000003
nominal,5790.0,0.38186499921631617,0.002162746482289529,2.507448971044627e-07,9.117996258344095e-10,0.0010340415630431838,2.145037373635039e-05,0.0,134534.1946222422,2790.805377757798,137325.00000000003
nominal,5800.0,0.3820270914182541,0.0021627754670573204,2.499603329444614e-07,9.089466652525867e-10,0.001034032457892624,2.1459478886910018e-05,0.0,134533.00999471731,2791.990005282681,137325.00000000003
nominal,5810.0,0.38218867644443816,0.002162804361133695,2.4917822363370354e-07,9.061026313952856e-10,0.0010340233812314767,2.1468555548057175e-05,0.0,134531.82907381342,2793.170926186574,137324.99999999997
nominal,5820.0,0.3823497558817873,0.00216283316480242,2.483985614911303e-07,9.032674963313827e-10,0.0010340143329706005,2.1477603808933328e-05,0.0,134530.65184793275,2794.348152067246,137324.99999999997
nominal,5830.0,0.38251033131225587,0.0021628618783463747,2.4762133885971306e-07,9.004412322171383e-10,0.0010340053130211328,2.1486623758401058e-05,0.0,134529.47830551383,2795.521694486182,137324.99999999997
nominal,5840.0,0.38267040431284777,0.0021628905020475543,2.468465481063839e-07,8.976238112959413e-10,0.001033996321294489,2.1495615485044875e-05,0.0,134528.3084350313,2796.691564968689,137324.99999999997
nominal,5850.0,0.3828299764556327,0.0021629190361870704,2.4607418162195777e-07,8.948152058980282e-10,0.001033987357702362,2.1504579077172125e-05,0.0,134527.142224996,2797.8577750040117,137325.00000000003
nominal,5860.0,0.38298904930776173,0.0021629474810451557,2.4530423182105736e-07,8.920153884402084e-10,0.0010339784221567202,2.151351462281385e-05,0.0,134525.97966395458,2799.020336045448,137325.00000000003
nominal,5870.0,0.3831476244314821,0.0021629758369011657,2.445366911420405e-07,8.892243314256016e-10,0.0010339695145698085,2.1522422209725638e-05,0.0,134524.82074048955,2800.1792595104566,137325.00000000003
nominal,5880.0,0.3833057033841529,0.002163004104033582,2.4377155204692513e-07,8.864420074433641e-10,0.0010339606348541454,2.15313019253885e-05,0.0,134523.66544321922,2801.3345567807733,137324.99999999997
nominal,5890.0,0.38346328771826077,0.0021630322827200154,2.4300880702131264e-07,8.836683891684095e-10,0.0010339517829225243,2.154015385700974e-05,0.0,134522.51376079748,2802.486239202522,137325.00000000003
nominal,5900.0,0.38362037898143414,0.002163060373237207,2.4224844857431986e-07,8.80903449361163e-10,0.0010339429586880102,2.154897809152377e-05,0.0,134521.36568191368,2803.634318086323,137324.99999999997
nominal,5910.0,0.3837769787164594,0.002163088375861032,2.4149046923849984e-07,8.78147160867272e-10,0.001033934162063941,2.1557774715593005e-05,0.0,134520.2211952926,2804.7788047074087,137325.00000000003
nominal,5920.0,0.3839330884612954,0.0021631162908665037,2.407348615697718e-07,8.753994966173518e-10,0.0010339253929639253,2.1566543815608694e-05,0.0,134519.08028969428,2805.91971030573,137324.99999999997
nominal,5930.0,0.38408870974908915,0.002163144118527774,2.399816181473463e-07,8.726604296267137e-10,0.0010339166513018423,2.157528547769178e-05,0.0,134517.94295391394,2807.05704608607,137325.00000000003
nominal,5940.0,0.38424384410819024,0.002163171859118137,2.392307315736535e-07,8.699299329951036e-10,0.0010339079369918402,2.158399978769374e-05,0.0,134516.80917678186,2808.1908232181536,137324.99999999997
nominal,5950.0,0.3843984930621662,0.002163199512910032,2.384821944742703e-07,8.672079799064372e-10,0.0010338992499483366,2.1592686831197408e-05,0.0,134515.67894716325,2809.321052836753,137324.99999999997
nominal,5960.0,0.3845526581298176,0.002163227080175045,2.3773599949784716e-07,8.64494543628535e-10,0.001033890590086016,2.1601346693517857e-05,0.0,134514.5522539582,2810.447746041804,137324.99999999997
nominal,5970.0,0.3847063408251926,0.0021632545611839134,2.3699213931603645e-07,8.617895975128597e-10,0.0010338819573198308,2.160997945970321e-05,0.0,134513.42908610147,2811.5709138985103,137324.99999999997
nominal,5980.0,0.3848595426576021,0.002163281956206527,2.36250606623421e-07,8.59093114994258e-10,0.0010338733515649985,2.1618585214535467e-05,0.0,134512.30943256256,2812.690567437452,137324.99999999997
nominal,5990.0,0.3850122651316345,0.0021633092655119314,2.3551139413744062e-07,8.564050695906931e-10,0.0010338647727370029,2.1627164042531378e-05,0.0,134511.19328234534,2813.806717654699,137325.00000000003
nominal,6000.0,0.38516450974717037,0.0021633364893683294,2.3477449459832298e-07,8.537254349029925e-10,0.0010338562207515907,2.163571602794322e-05,0.0,134510.08062448807,2814.9193755119104,137324.99999999997
nominal,6010.0,0.38531627799939716,0.002163363628043085,2.3403990076901105e-07,8.510541846145854e-10,0.0010338476955247743,2.1644241254759657e-05,0.0,134508.97144806353,2816.0285519364497,137324.99999999997
nominal,6020.0,0.3854675713788241,0.002163390681802727,2.3330760543509172e-07,8.483912924912426e-10,0.0010338391969728275,2.165273980670656e-05,0.0,134507.86574217852,2817.134257821489,137325.00000000003
nominal,6030.0,0.3856183913712969,0.0021634176509129485,2.3257760140472422e-07,8.457367323808153e-10,0.0010338307250122862,2.1661211767247836e-05,0.0,134506.7634959739,2818.236504026117,137325.00000000003
nominal,6040.0,0.38576873945801177,0.002163444535638612,2.3184988150857255e-07,8.430904782129911e-10,0.0010338222795599477,2.166965721958622e-05,0.0,134505.66469862455,2819.335301375443,137324.99999999997
nominal,6050.0,0.38591861711553044,0.0021634713362437513,2.311244385997327e-07,8.404525039990279e-10,0.00103381386053287,2.1678076246664122e-05,0.0,134504.5693393393,2820.4306606607074,137325.00000000003
nominal,6060.0,0.38606802581579486,0.0021634980529915736,2.3040126555366148e-07,8.378227838314961e-10,0.0010338054678483697,2.1686468931164433e-05,0.0,134503.47740736062,2821.522592639384,137325.00000000003
nominal,6070.0,0.3862169670261412,0.0021635246861444633,2.2968035526810853e-07,8.35201291884031e-10,0.0010337971014240228,2.1694835355511336e-05,0.0,134502.3888919647,2822.6111080352894,137325.00000000003
nominal,6080.0,0.3863654422093144,0.0021635512359639833,2.2896170066304662e-07,8.325880024110785e-10,0.0010337887611776631,2.1703175601871106e-05,0.0,134501.30378246133,2823.6962175386834,137325.00000000003
nominal,6090.0,0.3865134528234825,0.002163577702710878,2.2824529468060132e-07,8.299828897476412e-10,0.001033780447027381,2.1711489752152928e-05,0.0,134500.2220681936,2824.777931806378,137324.99999999997
nominal,6100.0,0.3866610003222511,0.0021636040866450765,2.2753113028498148e-07,8.273859283090235e-10,0.0010337721588915244,2.17197778880097e-05,0.0,134499.14373853817,2825.8562614618413,137325.00000000003
nominal,6110.0,0.3868080861546777,0.0021636303880256938,2.2681920046241003e-07,8.247970925905819e-10,0.0010337638966886951,2.1728040090838834e-05,0.0,134498.06878290468,2826.9312170952994,137324.99999999997
nominal,6120.0,0.3869547117652857,0.0021636566071110345,2.261094982210562e-07,8.22216357167477e-10,0.0010337556603377508,2.173627644178306e-05,0.0,134496.99719073612,2828.002809263845,137324.99999999997
nominal,6130.0,0.3871008785940786,0.002163682744158596,2.2540201659096584e-07,8.196436966944211e-10,0.0010337474497578026,2.174448702173121e-05,0.0,134495.92895150845,2829.0710484915357,137324.99999999997
nominal,6140.0,0.38724658807655427,0.002163708799425068,2.2469674862399403e-07,8.170790859054327e-10,0.0010337392648682151,2.1752671911319014e-05,0.0,134494.86405473054,2830.1359452695015,137325.00000000003
nominal,6150.0,0.3873918416437191,0.0021637347731663387,2.2399368739373502e-07,8.145224996135817e-10,0.001033731105588604,2.176083119092992e-05,0.0,134493.80248994395,2831.197510056047,137324.99999999997
nominal,6160.0,0.38753664072210176,0.0021637606656374946,2.2329282599545648e-07,8.119739127107508e-10,0.001033722971838838,2.1768964940695834e-05,0.0,134492.74424672325,2832.2557532767505,137324.99999999997
nominal,6170.0,0.38768098673376755,0.0021637864770928253,2.2259415754602986e-07,8.094333001673812e-10,0.001033714863539036,2.1777073240497958e-05,0.0,134491.68931467543,2833.3106853245727,137325.00000000003
nominal,6180.0,0.3878248810963322,0.002163812207785823,2.2189767518386373e-07,8.069006370322316e-10,0.0010337067806095665,2.178515616996753e-05,0.0,134490.63768344003,2834.362316559953,137324.99999999997
nominal,6190.0,0.3879683252229758,0.0021638378579691884,2.212033720688355e-07,8.04375898432129e-10,0.0010336987229710472,2.1793213808486655e-05,0.0,134489.58934268905,2835.4106573109157,137324.99999999997
nominal,6200.0,0.38811132052245667,0.00216386342789483,2.20511241382226e-07,8.018590595717308e-10,0.0010336906905443449,2.1801246235189025e-05,0.0,134488.54428212682,2836.455717873167,137324.99999999997
nominal,6210.0,0.3882538683991253,0.00216388891781387,2.198212763266503e-07,7.993500957332737e-10,0.0010336826832505733,2.1809253528960752e-05,0.0,134487.50249148978,2837.497508510202,137324.99999999997
nominal,6220.0,0.3883959702529381,0.002163914327976643,2.1913347012599193e-07,7.968489822763343e-10,0.0010336747010110928,2.1817235768441115e-05,0.0,134486.4639605466,2838.536039453399,137324.99999999997
nominal,6230.0,0.3885376274794708,0.002163939658632701,2.184478160253381e-07,7.94355694637593e-10,0.0010336667437475108,2.1825193032023314e-05,0.0,134485.4286790979,2839.5713209021233,137325.00000000003
nominal,6240.0,0.38867884146993265,0.002163964910030816,2.1776430729091073e-07,7.918702083305844e-10,0.0010336588113816787,2.1833125397855283e-05,0.0,134484.39663697616,2840.6033630238267,137324.99999999997
nominal,6250.0,0.3888196136111803,0.00216399008241898,2.1708293720999942e-07,7.893924989454523e-10,0.0010336509038356935,2.184103294384045e-05,0.0,134483.36782404582,2841.6321759541524,137324.99999999997
nominal,6260.0,0.38895994528573036,0.00216401517604441,2.1640369909090027e-07,7.869225421487281e-10,0.0010336430210318955,2.1848915747638453e-05,0.0,134482.34223020298,2842.657769797023,137324.99999999997
nominal,6270.0,0.38909983787177405,0.00216404019115355,2.157265862628457e-07,7.844603136830752e-10,0.001033635162892868,2.185677388666596e-05,0.0,134481.31984537526,2843.680154624751,137324.99999999997
nominal,6280.0,0.3892392927431901,0.0021640651279920715,2.1505159207594144e-07,7.820057893670596e-10,0.0010336273293414366,2.1864607438097404e-05,0.0,134480.30065952183,2844.6993404781315,137324.99999999997
nominal,6290.0,0.3893783112695585,0.002164089986804879,2.1437870990109966e-07,7.795589450949077e-10,0.0010336195203006684,2.1872416478865738e-05,0.0,134479.28466263346,2845.715337366543,137325.00000000003
nominal,6300.0,0.38951689481617413,0.002164114767836109,2.1370793312997455e-07,7.77119756836271e-10,0.0010336117356938709,2.1880201085663204e-05,0.0,134478.27184473193,2846.7281552680456,137325.00000000003
nominal,6310.0,0.38965504474405976,0.002164139471329135,2.1303925517489722e-07,7.746882006359898e-10,0.001033603975444592,2.188796133494208e-05,0.0,134477.26219587054,2847.737804129479,137325.00000000003
nominal,6320.0,0.3897927624099797,0.002164164097526569,2.1237266946881138e-07,7.722642526138595e-10,0.0010335962394766186,2.1895697302915427e-05,0.0,134476.25570613344,2848.74429386656,137324.99999999997
nominal,6330.0,0.38993004916645285,0.002164188646670264,2.1170816946520893e-07,7.69847888964396e-10,0.0010335885277139762,2.190340906555784e-05,0.0,134475.25236563603,2849.7476343639773,137325.00000000003
nominal,6340.0,0.3900669063617663,0.002164213119001315,2.1104574863806553e-07,7.674390859566018e-10,0.0010335808400809279,2.1911096698606185e-05,0.0,134474.2521645245,2850.747835475495,137325.00000000003
nominal,6350.0,0.3902033353399887,0.0021642375147600656,2.1038540048177424e-07,7.650378199337244e-10,0.0010335731765019735,2.1918760277560382e-05,0.0,134473.25509297595,2851.744907024043,137324.99999999997
nominal,6360.0,0.39033933744098254,0.002164261834186104,2.097271185110875e-07,7.626440673130453e-10,0.00103356553690185,2.1926399877684076e-05,0.0,134472.2611411982,2852.7388588018152,137325.00000000003
nominal,6370.0,0.3904749140004186,0.0021642860775182705,2.0907089626104626e-07,7.602578045856226e-10,0.0010335579212055286,2.1934015574005448e-05,0.0,134471.27029942963,2853.729700570369,137325.00000000003
nominal,6380.0,0.39061006634978834,0.0021643102449946583,2.0841672728692087e-07,7.578790083160758e-10,0.0010335503293382163,2.1941607441317917e-05,0.0,134470.2825579393,2854.7174420607166,137325.00000000003
nominal,6390.0,0.39074479581641675,0.002164334336852614,2.0776460516414766e-07,7.55507655142355e-10,0.001033542761225353,2.1949175554180865e-05,0.0,134469.29790702657,2855.702092973423,137324.99999999997
nominal,6400.0,0.3908791037234758,0.0021643583533287438,2.0711452348826505e-07,7.531437217755092e-10,0.0010335352167926137,2.1956719986920382e-05,0.0,134468.31633702133,2856.6836629787,137325.00000000003
nominal,6410.0,0.39101299138999757,0.0021643822946589117,2.0646647587484913e-07,7.507871849994513e-10,0.001033527695965904,2.1964240813630015e-05,0.0,134467.3378382835,2857.6621617165033,137325.00000000003
nominal,6420.0,0.39114646013088683,0.0021644061610782447,2.0582045595945358e-07,7.484380216707403e-10,0.0010335201986713624,2.1971738108171463e-05,0.0,134466.36240120337,2858.637598796625,137324.99999999997
nominal,6430.0,0.39127951125693416,0.002164429952821134,2.0517645739754539e-07,7.460962087183467e-10,0.0010335127248353587,2.1979211944175325e-05,0.0,134465.3900162012,2859.60998379879,137325.00000000003
nominal,6440.0,0.39141214607482855,0.002164453670121237,2.0453447386444436e-07,7.43761723143434e-10,0.0010335052743844922,2.19866623950418e-05,0.0,134464.42067372726,2860.579326272746,137325.00000000003
nominal,6450.0,0.3915443658871708,0.00216447731321148,2.0389449905525802e-07,7.4143454201912e-10,0.0010334978472455927,2.199408953394144e-05,0.0,134463.45436426165,2861.5456357383637,137325.00000000003
nominal,6460.0,0.39167617199248567,0.0021645008823240612,2.0325652668482268e-07,7.391146424902642e-10,0.0010334904433457182,2.2001493433815846e-05,0.0,134462.49107831428,2862.5089216857245,137325.00000000003
nominal,6470.0,0.39180756568523495,0.002164524377690452,2.0262055048764087e-07,7.368020017732394e-10,0.0010334830626121557,2.2008874167378377e-05,0.0,134461.5308064248,2863.4691935752167,137325.00000000003
nominal,6480.0,0.39193854825583035,0.0021645477995413985,2.0198656421781802e-07,7.344965971557018e-10,0.001033475704972419,2.2016231807114892e-05,0.0,134460.57353916235,2864.4264608376266,137324.99999999997
nominal,6490.0,0.39206912099064584,0.0021645711481069266,2.0135456164900338e-07,7.321984059963758e-10,0.0010334683703542495,2.202356642528445e-05,0.0,134459.61926712576,2865.380732874235,137324.99999999997
nominal,6500.0,0.3921992851720303,0.0021645944236163405,2.0072453657432852e-07,7.299074057248309e-10,0.0010334610586856142,2.2030878093919995e-05,0.0,134458.6679809431,2866.332019056904,137325.00000000003
nominal,6510.0,0.3923290420783205,0.0021646176262982287,2.0009648280634455e-07,7.276235738412528e-10,0.001033453769894705,2.203816688482911e-05,0.0,134457.71967127186,2867.2803287281727,137325.00000000003
nominal,6520.0,0.39245839298385304,0.0021646407563804637,1.9947039417696416e-07,7.253468879162332e-10,0.0010334465039099395,2.2045432869594678e-05,0.0,134456.77432879867,2868.2256712013473,137325.00000000003
nominal,6530.0,0.39258733915897753,0.002164663814090205,1.9884626453739848e-07,7.230773255905399e-10,0.0010334392606599584,2.205267611957561e-05,0.0,134455.8319442394,2869.1680557605955,137324.99999999997
nominal,6540.0,0.39271588187006834,0.0021646867996539003,1.982240877580993e-07,7.208148645749064e-10,0.0010334320400736264,2.2059896705907535e-05,0.0,134454.89250833896,2870.107491661032,137324.99999999997
nominal,6550.0,0.39284402237953786,0.002164709713297291,1.976038577286954e-07,7.185594826498012e-10,0.0010334248420800305,2.2067094699503516e-05,0.0,134453.9560118712,2871.0439881288153,137324.99999999997
nominal,6560.0,0.3929717619458485,0.002164732555245411,1.969855683579346e-07,7.163111576652167e-10,0.0010334176666084792,2.207427017105473e-05,0.0,134453.02244563875,2871.9775543612363,137324.99999999997
nominal,6570.0,0.39309910182352453,0.002164755325722589,1.9636921357362586e-07,7.140698675404576e-10,0.0010334105135885027,2.208142319103116e-05,0.0,134452.0918004732,2872.9081995268075,137324.99999999997
nominal,6580.0,0.3932260432631652,0.0021647780249524537,1.957547873225767e-07,7.118355902639153e-10,0.0010334033829498517,2.208855382968228e-05,0.0,134451.16406723464,2873.835932765351,137325.00000000003
nominal,6590.0,0.39335258751145685,0.0021648006531579333,1.9514228357053334e-07,7.096083038928484e-10,0.0010333962746224962,2.209566215703779e-05,0.0,134450.23923681187,2874.7607631880956,137324.99999999997
nominal,6600.0,0.39347873581118475,0.002164823210561258,1.9453169630212468e-07,7.073879865531806e-10,0.0010333891885366256,2.210274824290825e-05,0.0,134449.3173001222,2875.682699877759,137324.99999999994
nominal,6610.0,0.39360448940124576,0.002164845697383963,1.939230195208003e-07,7.051746164392736e-10,0.0010333821246226481,2.2109812156885785e-05,0.0,134448.39824811136,2876.6017518886392,137324.99999999997
nominal,6620.0,0.39372984951666024,0.00216486811384689,1.933162472487727e-07,7.029681718137188e-10,0.0010333750828111893,2.2116853968344785e-05,0.0,134447.4820717533,2877.517928246706,137325.00000000003
nominal,6630.0,0.39385481738858436,0.0021648904601701915,1.927113735269582e-07,7.007686310071206e-10,0.0010333680630330913,2.2123873746442567e-05,0.0,134446.5687620503,2878.431237949686,137324.99999999997
nominal,6640.0,0.39397939424432177,0.002164912736573328,1.9210839241492013e-07,6.985759724178913e-10,0.001033361065219414,2.2130871560120048e-05,0.0,134445.65831003286,2879.341689967152,137325.00000000003
nominal,6650.0,0.3941035813073364,0.0021649349432750764,1.9150729799080693e-07,6.963901745120251e-10,0.0010333540893014317,2.2137847478102453e-05,0.0,134444.75070675943,2880.2492932406135,137325.00000000003
nominal,6660.0,0.39422737979726385,0.002164957080493527,1.9090808435129732e-07,6.942112158228993e-10,0.0010333471352106341,2.2144801568899956e-05,0.0,134443.8459433164,2881.154056683602,137325.00000000003
nominal,6670.0,0.3943507909299234,0.002164979148446089,1.903107456115414e-07,6.920390749510596e-10,0.0010333402028787255,2.2151733900808372e-05,0.0,134442.9440108182,2882.0559891817584,137324.99999999997
nominal,6680.0,0.3944738159173304,0.00216500114734949,1.8971527590510181e-07,6.898737305640066e-10,0.0010333332922376243,2.215864454190982e-05,0.0,134442.0449004071,2882.9550995929208,137325.00000000003
nominal,6690.0,0.3945964559677077,0.002165023077419781,1.89121669383897e-07,6.877151613959889e-10,0.0010333264032194604,2.2165533560073404e-05,0.0,134441.14860325278,2883.8513967472127,137324.99999999997
nominal,6700.0,0.3947187122854977,0.002165044938872336,1.8852992021814437e-07,6.855633462477977e-10,0.0010333195357565782,2.2172401022955857e-05,0.0,134440.25511055288,2884.744889447129,137325.00000000003
nominal,6710.0,0.3948405860713743,0.0021650667319218545,1.8794002259630161e-07,6.834182639865513e-10,0.0010333126897815318,2.2179246998002227e-05,0.0,134439.3644135324,2885.635586467621,137324.99999999997
nominal,6720.0,0.39496207852225446,0.0021650884567823666,1.8735197072501049e-07,6.812798935454925e-10,0.0010333058652270874,2.2186071552446528e-05,0.0,134438.4765034438,2886.523496556184,137324.99999999997
nominal,6730.0,0.39508319083131005,0.00216511011366723,1.867657588290402e-07,6.791482139237825e-10,0.0010332990620262215,2.2192874753312402e-05,0.0,134437.59137156705,2887.4086284329437,137324.99999999997
nominal,6740.0,0.3952039241879799,0.0021651317027891366,1.8618138115122886e-07,6.770232041862866e-10,0.0010332922801121202,2.219965666741379e-05,0.0,134436.70900920927,2888.290990790741,137325.00000000003
nominal,6750.0,0.3953242797779806,0.002165153224360112,1.855988319524306e-07,6.749048434633839e-10,0.0010332855194181785,2.2206417361355556e-05,0.0,134435.8294077048,2889.170592295217,137325.00000000003
nominal,6760.0,0.3954442587833191,0.0021651746785915182,1.850181055114557e-07,6.72793110950748e-10,0.0010332787798779997,2.2213156901534177e-05,0.0,134434.95255841507,2890.0474415848976,137324.99999999997
nominal,6770.0,0.39556386238230384,0.0021651960656940573,1.8443919612501573e-07,6.706879859091481e-10,0.0010332720614253956,2.221987535413837e-05,0.0,134434.07845272872,2890.921547271281,137324.99999999997
nominal,6780.0,0.3956830917495564,0.00216521738587777,1.8386209810766746e-07,6.685894476642452e-10,0.0010332653639943841,2.222657278514976e-05,0.0,134433.20708206107,2891.7929179389203,137324.99999999997
nominal,6790.0,0.39580194805602315,0.0021652386393520412,1.8328680579175674e-07,6.664974756063881e-10,0.0010332586875191905,2.223324926034352e-05,0.0,134432.3384378545,2892.661562145507,137324.99999999997
nominal,6800.0,0.39592043246898656,0.0021652598263256005,1.8271331352736332e-07,6.64412049190412e-10,0.0010332520319342449,2.223990484528902e-05,0.0,134431.47251157803,2893.5274884219593,137324.99999999997
nominal,6810.0,0.3960385461520766,0.002165280947006524,1.8214161568224613e-07,6.623331479354404e-10,0.0010332453971741836,2.224653960535045e-05,0.0,134430.6092947275,2894.3907052724985,137325.00000000003
nominal,6820.0,0.3961562902652827,0.002165302001602237,1.8157170664178527e-07,6.602607514246736e-10,0.0010332387831738464,2.2253153605687504e-05,0.0,134429.74877882528,2895.2512211747394,137324.99999999997
nominal,6830.0,0.39627366596496433,0.0021653229903195164,1.810035808089303e-07,6.58194839305201e-10,0.001033232189868278,2.2259746911255973e-05,0.0,134428.8909554202,2896.1090445797695,137324.99999999997
nominal,6840.0,0.39639067440386294,0.0021653439133644905,1.8043723260414303e-07,6.561353912877928e-10,0.0010332256171927256,2.2266319586808416e-05,0.0,134428.03581608777,2896.964183912234,137324.99999999997
nominal,6850.0,0.3965073167311133,0.002165364770942644,1.7987265646534268e-07,6.540823871467005e-10,0.0010332190650826393,2.2272871696894787e-05,0.0,134427.1833524296,2897.816647570418,137325.00000000003
nominal,6860.0,0.3966235940922544,0.0021653855632588178,1.7930984684785235e-07,6.52035806719463e-10,0.0010332125334736708,2.2279403305863066e-05,0.0,134426.33355607363,2898.666443926329,137324.99999999997
nominal,6870.0,0.396739507629241,0.002165406290517213,1.7874879822434426e-07,6.499956299067063e-10,0.0010332060223016742,2.228591447785989e-05,0.0,134425.48641867423,2899.513581325779,137325.00000000003
nominal,6880.0,0.3968550584804549,0.002165426952921391,1.7818950508478417e-07,6.479618366719423e-10,0.0010331995315027026,2.2292405276831198e-05,0.0,134424.6419319115,2900.358068088468,137324.99999999994
nominal,6890.0,0.3969702477807158,0.002165447550674276,1.776319619363792e-07,6.459344070413788e-10,0.0010331930610130114,2.2298875766522834e-05,0.0,134423.80008749198,2901.1999125080615,137325.00000000003
nominal,6900.0,0.3970850766612926,0.0021654680839781576,1.7707616330352383e-07,6.439133211037229e-10,0.001033186610769053,2.230532601048118e-05,0.0,134422.96087714774,2902.039122852276,137325.00000000003
nominal,6910.0,0.39719954624991455,0.002165488553034693,1.7652210372774445e-07,6.418985590099798e-10,0.0010331801807074803,2.2311756072053795e-05,0.0,134422.12429263705,2902.875707362957,137325.00000000003
nominal,6920.0,0.3973136576707824,0.002165508958044907,1.7596977776764652e-07,6.3989010097326e-10,0.001033173770765144,2.2318166014390025e-05,0.0,134421.29032574384,2903.7096742561657,137325.00000000003
nominal,6930.0,0.3974274120445793,0.002165529299209197,1.7541917999886165e-07,6.378879272685877e-10,0.0010331673808790924,2.232455590044163e-05,0.0,134420.45896827776,2904.541031722253,137324.99999999997
nominal,6940.0,0.397540810488482,0.0021655495767273327,1.7487030501399327e-07,6.358920182327027e-10,0.0010331610109865705,2.2330925792963397e-05,0.0,134419.63021207406,2905.369787925944,137324.99999999997
nominal,6950.0,0.3976538541161715,0.002165569790798458,1.743231474225647e-07,6.339023542638716e-10,0.0010331546610250202,2.233727575451376e-05,0.0,134418.80404899357,2906.195951006416,137324.99999999997
nominal,6960.0,0.397766544037844,0.002165589941621095,1.737777018509667e-07,6.31918915821697e-10,0.0010331483309320786,2.234360584745539e-05,0.0,134417.98047092263,2907.0195290773786,137324.99999999997
nominal,6970.0,0.39787888136022237,0.002165610029393144,1.7323396294240197e-07,6.299416834269162e-10,0.0010331420206455783,2.234991613395586e-05,0.0,134417.15946977286,2907.8405302271563,137325.00000000003
nominal,6980.0,0.3979908671865663,0.0021656300543118857,1.726919253568356e-07,6.279706376612202e-10,0.001033135730103546,2.2356206675988204e-05,0.0,134416.34103748127,2908.658962518764,137325.00000000003
nominal,6990.0,0.3981025026166837,0.0021656500165739842,1.721515837709401e-07,6.260057591670548e-10,0.0010331294592442026,2.236247753533156e-05,0.0,134415.52516601005,2909.4748339899893,137325.00000000003
nominal,7000.0,0.398213788746941,0.0021656699163754884,1.7161293287804524e-07,6.240470286474372e-10,0.0010331232080059622,2.2368728773571753e-05,0.0,134414.7118473465,2910.288152653468,137324.99999999997
nominal,7010.0,0.3983247266702745,0.0021656897539118324,1.7107596738808435e-07,6.220944268657612e-10,0.001033116976327432,2.237496045210192e-05,0.0,134413.9010735032,2911.098926496768,137324.99999999997
nominal,7020.0,0.39843531747620053,0.0021657095293778406,1.7054068202754348e-07,6.201479346456126e-10,0.001033110764147411,2.2381172632123092e-05,0.0,134413.09283651755,2911.9071634824627,137325.00000000003
nominal,7030.0,0.3985455622508263,0.0021657292429677266,1.7000707153940942e-07,6.182075328705796e-10,0.001033104571404889,2.2387365374644813e-05,0.0,134412.28712845175,2912.7128715482113,137324.99999999997
nominal,7040.0,0.3986554620768609,0.002165748894875097,1.6947513068311738e-07,6.162732024840632e-10,0.0010330983980390484,2.2393538740485725e-05,0.0,134411.48394139318,2913.5160586068346,137325.00000000003
nominal,7050.0,0.3987650180336257,0.002165768485292952,1.6894485423449954e-07,6.143449244890891e-10,0.0010330922439892598,2.2399692790274184e-05,0.0,134410.6832674536,2914.3167325463996,137324.99999999997
nominal,7060.0,0.3988742311970647,0.0021657880144136878,1.6841623698573488e-07,6.124226799481268e-10,0.0010330861091950852,2.240582758444884e-05,0.0,134409.8850987697,2915.1149012302885,137324.99999999997
nominal,7070.0,0.39898310263975567,0.0021658074824290998,1.6788927374529673e-07,6.105064499828971e-10,0.0010330799935962746,2.2411943183259226e-05,0.0,134409.0894275027,2915.9105724972796,137324.99999999997
nominal,7080.0,0.39909163343091986,0.0021658268895303825,1.67363959337904e-07,6.085962157741963e-10,0.0010330738971327676,2.241803964676636e-05,0.0,134408.29624583837,2916.703754161624,137324.99999999997
nominal,7090.0,0.3991998246364335,0.0021658462359081315,1.668402886044664e-07,6.066919585616959e-10,0.0010330678197446907,2.242411703484334e-05,0.0,134407.50554598687,2917.4944540131246,137324.99999999997
nominal,7100.0,0.39930767731883765,0.002165865521752347,1.6631825640203693e-07,6.047936596437705e-10,0.0010330617613723582,2.2430175407175933e-05,0.0,134406.71732018283,2918.2826798172096,137325.00000000003
nominal,7110.0,0.39941519253734875,0.0021658847472524347,1.6579785760376024e-07,6.029013003773098e-10,0.0010330557219562708,2.243621482326314e-05,0.0,134405.93156068499,2919.068439315009,137324.99999999997
nominal,7120.0,0.3995223713478687,0.0021659039125972073,1.6527908709882416e-07,6.010148621775423e-10,0.0010330497014371161,2.2442235342417788e-05,0.0,134405.14825977656,2919.8517402234315,137324.99999999997
nominal,7130.0,0.399629214802996,0.0021659230179748865,1.6476193979240599e-07,5.991343265178399e-10,0.001033043699755767,2.244823702376713e-05,0.0,134404.36740976476,2920.6325902352405,137325.00000000003
nominal,7140.0,0.39973572395203516,0.0021659420635731057,1.642464106056265e-07,5.972596749295509e-10,0.0010330377168532806,2.24542199262534e-05,0.0,134403.58900298088,2921.4109970191275,137324.99999999997
nominal,7150.0,0.3998418998410081,0.0021659610495789105,1.637324944754949e-07,5.953908890017996e-10,0.0010330317526708996,2.246018410863443e-05,0.0,134402.8130317802,2922.186968219792,137324.99999999997
nominal,7160.0,0.3999477435126633,0.0021659799761787617,1.632201863548647e-07,5.935279503813261e-10,0.0010330258071500498,2.2466129629484184e-05,0.0,134402.039488542,2922.960511458013,137324.99999999997
nominal,7170.0,0.40005325600648656,0.002165998843558537,1.627094812123818e-07,5.916708407722974e-10,0.0010330198802323406,2.2472056547193344e-05,0.0,134401.26836566927,2923.731634330722,137324.99999999997
nominal,7180.0,0.4001584383587118,0.0021660176519035313,1.622003740324315e-07,5.898195419361145e-10,0.001033013971859564,2.2477964919969927e-05,0.0,134400.49965558888,2924.500344411085,137324.99999999997
nominal,7190.0,0.40026329160232993,0.0021660364013984614,1.6169285981509621e-07,5.879740356912589e-10,0.001033008081973694,2.2483854805839784e-05,0.0,134399.7333507514,2925.2666492485673,137324.99999999997
nominal,7200.0,0.40036781676709987,0.002166055092227465,1.6118693357610212e-07,5.861343039130986e-10,0.0010330022105168868,2.2489726262647218e-05,0.0,134398.969443631,2926.030556369015,137324.99999999997
nominal,7210.0,0.40047201487955897,0.0021660737245741035,1.6068259034676825e-07,5.843003285337026e-10,0.0010329963574314783,2.249557934805556e-05,0.0,134398.20792672524,2926.7920732747275,137324.99999999997
nominal,7220.0,0.40057588696303176,0.0021660922986213643,1.6017982517396484e-07,5.824720915416903e-10,0.0010329905226599864,2.2501414119547678e-05,0.0,134397.4487925555,2927.551207444525,137325.00000000003
nominal,7230.0,0.4006794340376415,0.0021661108145516633,1.5967863312005657e-07,5.806495749820238e-10,0.0010329847061451073,2.250723063442661e-05,0.0,134396.69203366616,2928.3079663338312,137324.99999999997
nominal,7240.0,0.4007826571203194,0.0021661292725468433,1.5917900926285855e-07,5.788327609558491e-10,0.001032978907829718,2.251302894981609e-05,0.0,134395.93764262527,2929.0623573747425,137325.00000000003
nominal,7250.0,0.4008855572248148,0.0021661476727881804,1.5868094869558725e-07,5.770216316203172e-10,0.0010329731276568729,2.251880912266111e-05,0.0,134395.18561202392,2929.8143879760987,137324.99999999997
nominal,7260.0,0.40098813536170497,0.002166166015456382,1.5818444652681186e-07,5.752161691884067e-10,0.0010329673655698054,2.25245712097285e-05,0.0,134394.43593447644,2930.564065523559,137324.99999999997
nominal,7270.0,0.4010903925384051,0.002166184300731591,1.5768949788040764e-07,5.734163559287549e-10,0.0010329616215119266,2.2530315267607447e-05,0.0,134393.68860262033,2931.3113973796726,137324.99999999997
nominal,7280.0,0.40119232975917846,0.0021662025287933857,1.5719609789550566e-07,5.716221741654751e-10,0.001032955895426824,2.253604135271009e-05,0.0,134392.94360911605,2932.056390883952,137325.00000000003
nominal,7290.0,0.401293948025146,0.0021662206998207837,1.56704241726446e-07,5.698336062779854e-10,0.001032950187258262,2.254174952127206e-05,0.0,134392.20094664706,2932.799053352947,137325.00000000003
nominal,7300.0,0.4013952483342961,0.0021662388139922417,1.562139245427321e-07,5.68050634700844e-10,0.0010329444969501811,2.2547439829353022e-05,0.0,134391.46060791973,2933.5393920803103,137325.00000000003
nominal,7310.0,0.40149623168149445,0.002166256871485658,1.5572514152898074e-07,5.662732419235662e-10,0.0010329388244466966,2.255311233283723e-05,0.0,134390.7225856631,2934.2774143368765,137324.99999999997
nominal,7320.0,0.401596899058494,0.0021662748724783744,1.5523788788487617e-07,5.645014104904588e-10,0.0010329331696920998,2.2558767087434093e-05,0.0,134389.98687262926,2935.013127370728,137324.99999999997
nominal,7330.0,0.40169725145394475,0.0021662928171471783,1.5475215882512102e-07,5.6273512300044e-10,0.0010329275326308551,2.2564404148678705e-05,0.0,134389.2534615927,2935.746538407271,137324.99999999997
nominal,7340.0,0.4017972898534028,0.0021663107056683027,1.5426794957939355e-07,5.609743621068855e-10,0.0010329219132076018,2.2570023571932382e-05,0.0,134388.5223453507,2936.4776546493013,137325.00000000003
nominal,7350.0,0.401897015239341,0.0021663285382174306,1.5378525539229505e-07,5.592191105174364e-10,0.0010329163113671506,2.257562541238324e-05,0.0,134387.7935167229,2937.2064832770793,137324.99999999997
nominal,7360.0,0.4019964285911579,0.002166346314969695,1.533040715233079e-07,5.574693509938468e-10,0.0010329107270544873,2.25812097250467e-05,0.0,134387.0669685516,2937.9330314483987,137324.99999999997
nominal,7370.0,0.40209553088518757,0.0021663640360996793,1.5282439324674675e-07,5.557250663518063e-10,0.001032905160214768,2.2586776564766048e-05,0.0,134386.34269370136,2938.6573062986567,137325.00000000003
nominal,7380.0,0.4021943230947091,0.002166381701781423,1.5234621585171317e-07,5.539862394607751e-10,0.0010328996107933212,2.259232598621296e-05,0.0,134385.62068505908,2939.379314940923,137325.00000000003
nominal,7390.0,0.4022928061899565,0.0021663993121884195,1.518695346420478e-07,5.522528532438101e-10,0.001032894078735646,2.2597858043888068e-05,0.0,134384.900935534,2940.0990644660137,137324.99999999997
nominal,7400.0,0.40239098113812777,0.0021664168674936203,1.5139434493628594e-07,5.505248906774034e-10,0.0010328885639874126,2.2603372792121456e-05,0.0,134384.18343805743,2940.816561942556,137325.00000000003
nominal,7410.0,0.40248884890339476,0.0021664343678694346,1.5092064206761052e-07,5.488023347913109e-10,0.0010328830664944606,2.2608870285073222e-05,0.0,134383.46818558293,2941.5318144170606,137324.99999999997
nominal,7420.0,0.4025864104469122,0.0021664518134877336,1.5044842138380806e-07,5.470851686683929e-10,0.0010328775862027998,2.2614350576733988e-05,0.0,134382.755171086,2942.244828913989,137324.99999999994
nominal,7430.0,0.4026836667268278,0.0021664692045198493,1.4997767824721913e-07,5.453733754444332e-10,0.0010328721230586084,2.2619813720925468e-05,0.0,134382.04438756418,2942.9556124358264,137324.99999999997
nominal,7440.0,0.4027806186982912,0.0021664865411365783,1.4950840803469681e-07,5.436669383079883e-10,0.001032866677008233,2.2625259771300947e-05,0.0,134381.33582803686,2943.6641719631443,137324.99999999997
nominal,7450.0,0.4028772673134633,0.002166503823508183,1.49040606137559e-07,5.419658405002144e-10,0.0010328612479981881,2.263068878134585e-05,0.0,134380.6294855453,2944.370514454676,137324.99999999997
nominal,7460.0,0.40297361352152566,0.0021665210518043926,1.4857426796154543e-07,5.402700653147106e-10,0.001032855835975156,2.263610080437823e-05,0.0,134379.92535315265,2945.0746468473776,137325.00000000003
nominal,7470.0,0.4030696582686903,0.0021665382261944056,1.4810938892676858e-07,5.385795960973403e-10,0.0010328504408859847,2.2641495893549333e-05,0.0,134379.2234239435,2945.7765760565026,137325.00000000003
nominal,7480.0,0.40316540249820826,0.0021665553468468907,1.4764596446767267e-07,5.368944162460824e-10,0.00103284506267769,2.264687410184408e-05,0.0,134378.52369102434,2946.476308975666,137325.00000000003
nominal,7490.0,0.40326084715037946,0.002166572413929989,1.4718399003298642e-07,5.352145092108597e-10,0.0010328397012974524,2.2652235482081625e-05,0.0,134377.8261475231,2947.1738524769144,137325.00000000003
nominal,7500.0,0.40335599316256143,0.002166589427611316,1.4672346108568023e-07,5.335398584933825e-10,0.0010328343566926182,2.2657580086915833e-05,0.0,134377.1307865892,2947.8692134107905,137325.00000000003
nominal,7510.0,0.4034508414691789,0.0021666063880579622,1.462643731029197e-07,5.318704476469807e-10,0.001032829028810698,2.2662907968835833e-05,0.0,134376.43760139358,2948.562398606403,137324.99999999997
nominal,7520.0,0.40354539300173287,0.002166623295436495,1.458067215760225e-07,5.302062602764454e-10,0.0010328237175993675,2.266821918016651e-05,0.0,134375.74658512848,2949.253414871492,137324.99999999997
nominal,7530.0,0.4036396486888097,0.0021666401499129614,1.4535050201041314e-07,5.285472800378659e-10,0.001032818423006465,2.267351377306904e-05,0.0,134375.05773100752,2949.942268992499,137324.99999999997
nominal,7540.0,0.40373360945609044,0.002166656951652888,1.4489570992557903e-07,5.268934906384691e-10,0.0010328131449799925,2.2678791799541385e-05,0.0,134374.37103226534,2950.6289677346285,137324.99999999997
nominal,7550.0,0.4038272762263595,0.0021666737008212843,1.4444234085502789e-07,5.252448758364649e-10,0.001032807883468115,2.2684053311418805e-05,0.0,134373.68648215805,2951.3135178419197,137324.99999999997
nominal,7560.0,0.403920649919514,0.0021666903975826432,1.439903903462426e-07,5.236014194408822e-10,0.0010328026384191595,2.2689298360374373e-05,0.0,134373.0040739627,2951.9959260373066,137324.99999999997
nominal,7570.0,0.40401373145257274,0.002166707042100943,1.4353985396063756e-07,5.219631053114092e-10,0.0010327974097816145,2.2694526997919475e-05,0.0,134372.32380097732,2952.67619902269,137324.99999999997
nominal,7580.0,0.4041065217396853,0.002166723634539648,1.4309072727351518e-07,5.20329917358237e-10,0.0010327921975041296,2.2699739275404325e-05,0.0,134371.645656521,2953.3543434790004,137324.99999999997
nominal,7590.0,0.4041990216921411,0.0021667401750617124,1.426430058740216e-07,5.187018395418966e-10,0.0010327870015355155,2.270493524401848e-05,0.0,134370.9696339337,2954.030366066265,137324.99999999997
nominal,7600.0,0.40429123221837776,0.00216675666382958,1.4219668536510628e-07,5.170788558731137e-10,0.0010327818218247426,2.2710114954791293e-05,0.0,134370.2957265763,2954.704273423669,137324.99999999997
nominal,7610.0,0.4043831542239909,0.002166773101005186,1.4175176136347464e-07,5.154609504126349e-10,0.0010327766583209416,2.271527845859249e-05,0.0,134369.62392783037,2955.376072169629,137325.00000000003
nominal,7620.0,0.40447478861174246,0.002166789486749959,1.4130822949954776e-07,5.138481072710828e-10,0.0010327715109734014,2.2720425806132605e-05,0.0,134368.95423109815,2956.0457689018494,137325.00000000003
nominal,7630.0,0.4045661362815696,0.0021668058212248233,1.4086608541741932e-07,5.122403106087975e-10,0.0010327663797315705,2.272555704796351e-05,0.0,134368.2866298026,2956.713370197392,137324.99999999997
nominal,7640.0,0.40465719813059386,0.002166822104590198,1.4042532477481145e-07,5.106375446356779e-10,0.001032761264545055,2.2730672234478905e-05,0.0,134367.62111738723,2957.3788826127407,137324.99999999997
nominal,7650.0,0.40474797505312926,0.0021668383370060025,1.399859432430351e-07,5.090397936110367e-10,0.0010327561653636192,2.2735771415914798e-05,0.0,134366.95768731614,2958.0423126838605,137324.99999999997
nominal,7660.0,0.40483846794069217,0.002166854518631654,1.3954793650694258e-07,5.074470418434275e-10,0.001032751082137184,2.2740854642350026e-05,0.0,134366.29633307373,2958.7036669262698,137324.99999999997
nominal,7670.0,0.40492867768200896,0.0021668706496260712,1.3911130026489037e-07,5.058592736905104e-10,0.0010327460148158271,2.2745921963706727e-05,0.0,134365.6370481649,2959.362951835098,137324.99999999997
nominal,7680.0,0.4050186051630257,0.002166886730147677,1.3867603022869246e-07,5.042764735588816e-10,0.0010327409633497833,2.2750973429750842e-05,0.0,134364.97982611484,2960.0201738851542,137325.00000000003
nominal,7690.0,0.4051082512669161,0.0021669027603543963,1.3824212212358139e-07,5.026986259039322e-10,0.0010327359276894414,2.2756009090092594e-05,0.0,134364.32466046902,2960.6753395309865,137325.00000000003
nominal,7700.0,0.40519761687409045,0.0021669187404036614,1.3780957168816553e-07,5.011257152296928e-10,0.001032730907785347,2.2761028994186973e-05,0.0,134363.67154479306,2961.3284552069467,137324.99999999997
nominal,7710.0,0.4052867028622045,0.0021669346704524116,1.373783746743861e-07,4.995577260886767e-10,0.0010327259035881997,2.2766033191334235e-05,0.0,134363.02047267274,2961.9795273272557,137324.99999999997
nominal,7720.0,0.40537551010616746,0.002166950550657096,1.369485268474775e-07,4.979946430817363e-10,0.0010327209150488535,2.2771021730680368e-05,0.0,134362.3714377139,2962.6285622860614,137324.99999999997
nominal,7730.0,0.4054640394781516,0.0021669663811736723,1.365200239859221e-07,4.964364508578984e-10,0.0010327159421183163,2.2775994661217605e-05,0.0,134361.72443354246,2963.2755664575097,137324.99999999997
nominal,7740.0,0.40555229184759983,0.0021669821621576116,1.3609286188141338e-07,4.948831341142303e-10,0.001032710984747749,2.2780952031784867e-05,0.0,134361.07945380418,2963.9205461957977,137324.99999999997
nominal,7750.0,0.4056402680812347,0.0021669978937638983,1.3566703633881105e-07,4.933346775956766e-10,0.0010327060428884658,2.278589389106827e-05,0.0,134360.43649216476,2964.5635078352434,137325.00000000003
nominal,7760.0,0.40572796904306696,0.002167013576147032,1.3524254317610127e-07,4.917910660949136e-10,0.0010327011164919322,2.27908202876016e-05,0.0,134359.79554230964,2965.204457690345,137324.99999999997
nominal,7770.0,0.40581539559440366,0.0021670292094610284,1.3481937822435632e-07,4.902522844522047e-10,0.001032696205509767,2.2795731269766767e-05,0.0,134359.15659794412,2965.8434020558407,137324.99999999994
nominal,7780.0,0.40590254859385716,0.002167044793859422,1.3439753732769174e-07,4.887183175552426e-10,0.0010326913098937394,2.280062688579431e-05,0.0,134358.51965279318,2966.480347206775,137324.99999999994
nominal,7790.0,0.405989428897353,0.002167060329495266,1.3397701634322766e-07,4.871891503390096e-10,0.00103268642959577,2.280550718376385e-05,0.0,134357.88470060143,2967.1152993985584,137324.99999999997
nominal,7800.0,0.4060760373581391,0.0021670758165211355,1.33557811141045e-07,4.856647677856182e-10,0.0010326815645679294,2.281037221160459e-05,0.0,134357.25173513297,2967.7482648670275,137325.00000000003
nominal,7810.0,0.40616237482679285,0.0021670912550891277,1.3313991760414964e-07,4.841451549241804e-10,0.0010326767147624382,2.2815222017095732e-05,0.0,134356.62075017148,2968.3792498285075,137324.99999999997
nominal,7820.0,0.406248442151231,0.002167106645350864,1.3272333162842671e-07,4.826302968306426e-10,0.0010326718801316672,2.2820056647867012e-05,0.0,134355.99173952013,2969.008260479874,137325.00000000003
nominal,7830.0,0.4063342401767168,0.002167121987457492,1.3230804912260438e-07,4.811201786276522e-10,0.0010326670606281348,2.282487615139912e-05,0.0,134355.36469700138,2969.635302998613,137324.99999999997
nominal,7840.0,0.40641976974586874,0.002167137281559685,1.3189406600821212e-07,4.796147854844077e-10,0.0010326622562045098,2.2829680575024177e-05,0.0,134354.7396164571,2970.260383542879,137324.99999999997
nominal,7850.0,0.40650503169866903,0.0021671525278076464,1.3148137821953964e-07,4.781141026165077e-10,0.0010326574668136077,2.2834469965926227e-05,0.0,134354.1164917484,2970.8835082515634,137324.99999999997
nominal,7860.0,0.40659002687247137,0.0021671677263511084,1.31069981703599e-07,4.766181152858145e-10,0.0010326526924083926,2.283924437114165e-05,0.0,134353.4953167557,2971.5046832443427,137325.00000000003
nominal,7870.0,0.40667475610200954,0.002167182877339336,1.3065987242008376e-07,4.751268088003045e-10,0.0010326479329419744,2.2844003837559668e-05,0.0,134352.87608537823,2972.12391462175,137325.00000000003
nominal,7880.0,0.4067592202194056,0.002167197980921125,1.3025104634132858e-07,4.73640168513922e-10,0.0010326431883676112,2.2848748411922793e-05,0.0,134352.25879153478,2972.7412084652296,137324.99999999997
nominal,7890.0,0.4068434200541779,0.0021672130372448087,1.2984349945227043e-07,4.721581798264379e-10,0.0010326384586387067,2.2853478140827278e-05,0.0,134351.6434291628,2973.356570837196,137324.99999999997
nominal,7900.0,0.40692735643324923,0.0021672280464582537,1.294372277504098e-07,4.706808281833084e-10,0.0010326337437088105,2.285819307072358e-05,0.0,134351.02999221892,2973.9700077810967,137325.00000000003
nominal,7910.0,0.4070110301809549,0.0021672430087088645,1.2903222724577102e-07,4.692080990755308e-10,0.0010326290435316173,2.2862893247916808e-05,0.0,134350.41847467853,2974.581525321467,137325.00000000003
nominal,7920.0,0.40709444211905116,0.002167257924143585,1.2862849396086183e-07,4.677399780394976e-10,0.001032624358060967,2.286757871856719e-05,0.0,134349.808870536,2975.191129463993,137325.00000000003
nominal,7930.0,0.4071775930667229,0.0021672727929088996,1.2822602393063547e-07,4.662764506568561e-10,0.0010326196872508435,2.2872249528690537e-05,0.0,134349.20117380444,2975.7988261955716,137325.00000000003
nominal,7940.0,0.4072604838405918,0.002167287615150833,1.278248132024524e-07,4.648175025543723e-10,0.0010326150310553753,2.2876905724158656e-05,0.0,134348.5953785156,2976.4046214843647,137324.99999999997
nominal,7950.0,0.40734311525472455,0.0021673023910149538,1.2742485783603941e-07,4.633631194037796e-10,0.001032610389428834,2.2881547350699836e-05,0.0,134347.99147872013,2977.008521279859,137324.99999999997
nominal,7960.0,0.4074254881206404,0.0021673171206463755,1.270261539034535e-07,4.619132869216491e-10,0.0010326057623256347,2.2886174453899278e-05,0.0,134347.38946848706,2977.610531512928,137324.99999999997
nominal,7970.0,0.4075076032473197,0.002167331804189757,1.266286974890404e-07,4.604679908692378e-10,0.0010326011497003343,2.2890787079199565e-05,0.0,134346.78934190408,2978.210658095889,137324.99999999997
nominal,7980.0,0.40758946144121144,0.0021673464417893045,1.262324846893989e-07,4.5902721705235956e-10,0.001032596551507633,2.289538527190108e-05,0.0,134346.19109307745,2978.8089069225566,137325.00000000003
nominal,7990.0,0.40767106350624127,0.0021673610335887737,1.2583751161334052e-07,4.575909513212382e-10,0.0010325919677023714,2.2899969077162468e-05,0.0,134345.5947161317,2979.4052838683065,137324.99999999997
nominal,8000.0,0.40775241024381936,0.0021673755797314695,1.254437743818527e-07,4.5615917957037337e-10,0.0010325873982395329,2.2904538540001073e-05,0.0,134345.00020520986,2979.9997947901293,137324.99999999997
nominal,8010.0,0.4078335024528485,0.002167390080360249,1.2505126912805912e-07,4.5473188773839673e-10,0.0010325828430742406,2.290909370529339e-05,0.0,134344.40755447332,2980.592445526691,137324.99999999997
nominal,8020.0,0.40791434092973156,0.002167404535617523,1.246599919971838e-07,4.5330906180794107e-10,0.0010325783021617584,2.291363461777549e-05,0.0,134343.81675810163,2981.183241898388,137324.99999999997
nominal,8030.0,0.4079949264683795,0.0021674189456452548,1.2426993914651195e-07,4.5189068780549795e-10,0.0010325737754574905,2.291816132204347e-05,0.0,134343.2278102926,2981.7721897074034,137324.99999999997
nominal,8040.0,0.40807525986021953,0.002167433310584965,1.2388110674535062e-07,4.504767518012749e-10,0.00103256926291698,2.2922673862553894e-05,0.0,134342.6407052622,2982.3592947377692,137324.99999999997
nominal,8050.0,0.408155341894202,0.0021674476305777314,1.2349349097499597e-07,4.490672399090762e-10,0.0010325647644959099,2.292717228362421e-05,0.0,134342.0554372446,2982.9445627554164,137325.00000000003
nominal,8060.0,0.4082351733568093,0.0021674619057641896,1.2310708802868913e-07,4.4766213828614226e-10,0.001032560280150101,2.2931656629433228e-05,0.0,134341.47200049178,2983.5279995082374,137325.00000000003
nominal,8070.0,0.4083147550320624,0.002167476136284536,1.227218941115855e-07,4.4626143313303805e-10,0.0010325558098355126,2.293612694402149e-05,0.0,134340.89038927387,2984.1096107261365,137325.00000000003
nominal,8080.0,0.40839408770152946,0.0021674903222785274,1.2233790544071192e-07,4.448651106934979e-10,0.0010325513535082423,2.2940583271291767e-05,0.0,134340.3105978789,2984.6894021210933,137324.99999999997
nominal,8090.0,0.40847317214433326,0.0021675044638854845,1.2195511824493248e-07,4.434731572542999e-10,0.0010325469111245244,2.294502565500945e-05,0.0,134339.73262061278,2985.2673793872123,137324.99999999997
nominal,8100.0,0.40855200913715833,0.0021675185612442904,1.2157352876491219e-07,4.4208555914513514e-10,0.001032542482640731,2.2949454138802986e-05,0.0,134339.1564517992,2985.8435482007826,137324.99999999997
nominal,8110.0,0.40863059945425934,0.0021675326144933956,1.2119313325307753e-07,4.407023027384637e-10,0.0010325380680133696,2.2953868766164316e-05,0.0,134338.58208577966,2986.417914220332,137324.99999999997
nominal,8120.0,0.4087089438674682,0.0021675466237708156,1.2081392797358146e-07,4.393233744493871e-10,0.0010325336671990848,2.2958269580449295e-05,0.0,134338.00951691333,2986.9904830866835,137325.00000000003
nominal,8130.0,0.40878704314620196,0.0021675605892141356,1.204359092022656e-07,4.379487607355113e-10,0.001032529280154656,2.296265662487813e-05,0.0,134337.438739577,2987.561260423011,137325.00000000003
nominal,8140.0,0.40886489805747006,0.0021675745109605094,1.2005907322662483e-07,4.365784480968175e-10,0.0010325249068369982,2.296702994253578e-05,0.0,134336.86974816507,2988.130251834891,137324.99999999997
nominal,8150.0,0.40894250936588217,0.0021675883891466613,1.1968341634576962e-07,4.3521242307552583e-10,0.0010325205472031616,2.2971389576372407e-05,0.0,134336.30253708962,2988.6974629103647,137324.99999999997
nominal,8160.0,0.40901987783365545,0.002167602223908889,1.193089348703907e-07,4.3385067225596616e-10,0.0010325162012103301,2.297573556920378e-05,0.0,134335.73710077998,2989.262899219987,137324.99999999997
nominal,8170.0,0.4090970042206223,0.002167616015383063,1.1893562512272162e-07,4.3249318226444216e-10,0.0010325118688158223,2.2980067963711702e-05,0.0,134335.1734336831,2989.826566316882,137324.99999999997
nominal,8180.0,0.40917388928423737,0.0021676297637046285,1.1856348343650457e-07,4.311399397691075e-10,0.0010325075499770897,2.2984386802444426e-05,0.0,134334.61153026324,2990.3884697367994,137325.00000000003
nominal,8190.0,0.4092505337795855,0.002167643469008607,1.1819250615695257e-07,4.297909314798275e-10,0.001032503244651717,2.298869212781707e-05,0.0,134334.05138500183,2990.948614998166,137325.00000000003
nominal,8200.0,0.40932693845938867,0.0021676571314295985,1.1782268964071509e-07,4.2844614414805484e-10,0.001032498952797422,2.2992983982112038e-05,0.0,134333.49299239786,2991.5070076021443,137325.00000000003
nominal,8210.0,0.4094031040740139,0.00216767075110178,1.174540302558402e-07,4.271055645666916e-10,0.0010324946743720546,2.299726240747944e-05,0.0,134332.93634696733,2992.0636530326824,137325.00000000003
nominal,8220.0,0.40947903137148045,0.0021676843281589102,1.1708652438174011e-07,4.2576917956996393e-10,0.0010324904093335964,2.300152744593751e-05,0.0,134332.38144324342,2992.6185567565726,137324.99999999997
nominal,8230.0,0.40955472109746677,0.002167697862734329,1.167201684091566e-07,4.244369760332966e-10,0.001032486157640161,2.300577913937299e-05,0.0,134331.8282757765,2993.1717242234968,137324.99999999997
nominal,8240.0,0.40963017399531826,0.0021677113549609583,1.1635495874012388e-07,4.231089408731777e-10,0.0010324819192499923,2.3010017529541578e-05,0.0,134331.2768391339,2993.7231608660895,137324.99999999997
nominal,8250.0,0.4097053908060545,0.002167724804971305,1.1599089178793421e-07,4.2178506104703345e-10,0.0010324776941214658,2.301424265806831e-05,0.0,134330.72712790003,2994.2728720999844,137325.00000000003
nominal,8260.0,0.40978037226837644,0.002167738212897461,1.1562796397710217e-07,4.204653235530987e-10,0.0010324734822130862,2.3018454566447982e-05,0.0,134330.17913667613,2994.8208633238714,137325.00000000003
nominal,8270.0,0.4098551191186736,0.002167751578871105,1.1526617174333015e-07,4.1914971543029136e-10,0.0010324692834834885,2.302265329604556e-05,0.0,134329.63286008046,2995.3671399195473,137325.00000000003
nominal,8280.0,0.40992963209103156,0.0021677649030235036,1.149055115334725e-07,4.1783822375808176e-10,0.0010324650978914373,2.3026838888096588e-05,0.0,134329.08829274803,2995.9117072519716,137324.99999999997
nominal,8290.0,0.41000391191723884,0.0021677781854855123,1.145459798055016e-07,4.165308356563694e-10,0.0010324609253958264,2.303101138370757e-05,0.0,134328.54542933067,2996.4545706693143,137324.99999999997
nominal,8300.0,0.4100779593267942,0.0021677914263875785,1.1418757302847272e-07,4.152275382853553e-10,0.0010324567659556775,2.303517082385639e-05,0.0,134328.00426449697,2996.995735503013,137324.99999999997
nominal,8310.0,0.4101517750469141,0.0021678046258597396,1.1383028768248848e-07,4.1392831884541256e-10,0.0010324526195301413,2.3039317249392742e-05,0.0,134327.46479293218,2997.535207067823,137324.99999999997
nominal,8320.0,0.41022535980253927,0.0021678177840316276,1.1347412025866574e-07,4.126331645769663e-10,0.0010324484860784956,2.3043450701038474e-05,0.0,134326.92700933816,2998.0729906618717,137325.00000000003
nominal,8330.0,0.4102987143163423,0.0021678309010324678,1.1311906725910066e-07,4.1134206276036594e-10,0.001032444365560146,2.304757121938803e-05,0.0,134326.3909084333,2998.6090915667055,137324.99999999997
nominal,8340.0,0.4103718393087347,0.002167843976991082,1.1276512519683269e-07,4.100550007157552e-10,0.0010324402579346252,2.305167884490884e-05,0.0,134325.85648495267,2999.1435150473494,137325.00000000003
nominal,8350.0,0.41044473549787375,0.0021678570120358884,1.1241229059581301e-07,4.0877196580295636e-10,0.0010324361631615922,2.305577361794171e-05,0.0,134325.32373364762,2999.676266352352,137324.99999999997
nominal,8360.0,0.41051740359966954,0.002167870006294904,1.1206055999086923e-07,4.074929454213426e-10,0.0010324320812008327,2.305985557870122e-05,0.0,134324.79264928616,3000.2073507138393,137324.99999999997
nominal,8370.0,0.41058984432779233,0.002167882959895745,1.1170992992767032e-07,4.062179270097102e-10,0.0010324280120122579,2.3063924767276125e-05,0.0,134324.26322665243,3000.7367733475676,137324.99999999997
nominal,8380.0,0.4106620583936792,0.002167895872965627,1.1136039696269457e-07,4.0494689804616204e-10,0.0010324239555559041,2.306798122362974e-05,0.0,134323.73546054703,3001.2645394529723,137324.99999999997
nominal,8390.0,0.41073404650654144,0.0021679087456313697,1.1101195766319349e-07,4.036798460479763e-10,0.0010324199117919335,2.3072024987600356e-05,0.0,134323.20934578677,3001.7906542132228,137324.99999999997
nominal,8400.0,0.41080580937337097,0.0021679215780193947,1.1066460860716073e-07,4.024167585714935e-10,0.0010324158806806324,2.3076056098901587e-05,0.0,134322.68487720474,3002.3151227952667,137325.00000000003
nominal,8410.0,0.4108773476989477,0.0021679343702557283,1.10318346383297e-07,4.0115762321198904e-10,0.0010324118621824112,2.3080074597122796e-05,0.0,134322.1620496501,3002.837950349887,137324.99999999997
nominal,8420.0,0.4109486621858462,0.002167947122466002,1.0997316759097687e-07,3.999024276035522e-10,0.0010324078562578044,2.3084080521729473e-05,0.0,134321.6408579882,3003.3591420117486,137324.99999999997
nominal,8430.0,0.411019753534443,0.002167959834775456,1.0962906884021419e-07,3.9865115941896064e-10,0.0010324038628674705,2.3088073912063627e-05,0.0,134321.12129710056,3003.8787028994525,137325.00000000003
nominal,8440.0,0.4110906224429229,0.002167972507308936,1.0928604675163136e-07,3.974038063695685e-10,0.0010323998819721898,2.309205480734416e-05,0.0,134320.6033618844,3004.3966381155824,137324.99999999997
nominal,8450.0,0.41116126960728644,0.0021679851401908987,1.0894409795642281e-07,3.9616035620517386e-10,0.0010323959135328667,2.3096023246667277e-05,0.0,134320.08704725327,3004.912952746758,137324.99999999997
nominal,8460.0,0.4112316957213563,0.0021679977335454115,1.0860321909632473e-07,3.9492079671390804e-10,0.0010323919575105272,2.309997926900684e-05,0.0,134319.5723481363,3005.4276518636816,137324.99999999997
nominal,8470.0,0.41130190147678425,0.002168010287496153,1.0826340682358095e-07,3.9368511572211246e-10,0.0010323880138663193,2.3103922913214773e-05,0.0,134319.05925947885,3005.940740521191,137325.00000000003
nominal,8480.0,0.41137188756305765,0.002168022802166415,1.0792465780091109e-07,3.9245330109422206e-10,0.0010323840825615127,2.310785421802142e-05,0.0,134318.54777624173,3006.452223758306,137325.00000000003
nominal,8490.0,0.41144165466750676,0.002168035277679103,1.0758696870147614e-07,3.9122534073264046e-10,0.0010323801635574981,2.311177322203595e-05,0.0,134318.03789340172,3006.9621065982806,137325.00000000003
nominal,8500.0,0.4115112034753111,0.0021680477141567387,1.0725033620884705e-07,3.900012225776256e-10,0.0010323762568157874,2.3115679963746717e-05,0.0,134317.52960595133,3007.47039404865,137325.00000000003
nominal,8510.0,0.41158053466950667,0.002168060111721461,1.0691475701696982e-07,3.8878093460716294e-10,0.0010323723622980123,2.3119574481521673e-05,0.0,134317.0229088987,3007.9770911012843,137324.99999999997
nominal,8520.0,0.4116496489309918,0.0021680724704950245,1.065802278301372e-07,3.875644648368625e-10,0.0010323684799659252,2.3123456813608698e-05,0.0,134316.51779726756,3008.482202732433,137324.99999999997
nominal,8530.0,0.4117185469385347,0.0021680847905988054,1.0624674536295244e-07,3.8635180131982697e-10,0.001032364609781398,2.3127326998135997e-05,0.0,134316.01426609722,3008.9857339027735,137324.99999999997
nominal,8540.0,0.4117872293687796,0.002168097072153798,1.0591430634029943e-07,3.8514293214654336e-10,0.0010323607517064217,2.3131185073112488e-05,0.0,134315.51231044254,3009.487689557464,137325.00000000003
nominal,8550.0,0.4118556968962535,0.0021681093152806194,1.0558290749730938e-07,3.8393784544476135e-10,0.001032356905703106,2.3135031076428145e-05,0.0,134315.0119253738,3009.9880746261874,137325.00000000003
nominal,8560.0,0.411923950193373,0.0021681215200995085,1.0525254557932891e-07,3.8273652937937783e-10,0.0010323530717336797,2.3138865045854397e-05,0.0,134314.5131059768,3010.486894023204,137325.00000000003
nominal,8570.0,0.4119919899304506,0.0021681336867303285,1.0492321734188885e-07,3.81538972152323e-10,0.0010323492497604895,2.3142687019044484e-05,0.0,134314.01584735262,3010.9841526473956,137324.99999999997
nominal,8580.0,0.4120598167757015,0.002168145815292567,1.0459491955067127e-07,3.80345162002441e-10,0.001032345439746,2.3146497033533836e-05,0.0,134313.52014461765,3011.479855382318,137324.99999999997
nominal,8590.0,0.41212743139525027,0.0021681579059053386,1.0426764898147768e-07,3.7915508720537336e-10,0.0010323416416527934,2.3150295126740433e-05,0.0,134313.0259929037,3011.9740070962453,137324.99999999997
nominal,8600.0,0.4121948344531368,0.0021681699586873844,1.039414024201993e-07,3.779687360734519e-10,0.0010323378554435688,2.3154081335965177e-05,0.0,134312.53338735778,3012.466612642219,137324.99999999997
nominal,8610.0,0.4122620266113238,0.002168181973757074,1.036161766627825e-07,3.7678609695557266e-10,0.0010323340810811418,2.3157855698392266e-05,0.0,134312.0423231419,3012.9576768580964,137325.00000000003
nominal,8620.0,0.4123290085297023,0.002168193951232407,1.0329196851519965e-07,3.756071582370896e-10,0.0010323303185284446,2.3161618251089542e-05,0.0,134311.5527954334,3013.447204566598,137325.00000000003
nominal,8630.0,0.4123957808660987,0.002168205891231014,1.0296877479341759e-07,3.744319083397003e-10,0.0010323265677485251,2.3165369031008862e-05,0.0,134311.06479942467,3013.935200575352,137324.99999999997
nominal,8640.0,0.41246234427628115,0.0021682177938701567,1.02646592323365e-07,3.7326033572132724e-10,0.0010323228287045475,2.316910807498647e-05,0.0,134310.57833032304,3014.4216696769467,137324.99999999997
nominal,8650.0,0.412528699413966,0.002168229659266731,1.0232541794090182e-07,3.7209242887600654e-10,0.0010323191013597904,2.317283541974336e-05,0.0,134310.093383351,3014.9066166489733,137324.99999999994
nominal,8660.0,0.4125948469308241,0.0021682414875372658,1.0200524849178915e-07,3.7092817633377866e-10,0.0010323153856776485,2.3176551101885606e-05,0.0,134309.60995374594,3015.3900462540737,137325.00000000003
nominal,8670.0,0.41266078747648705,0.0021682532787979263,1.0168608083165774e-07,3.697675666605736e-10,0.0010323116816216293,2.3180255157904755e-05,0.0,134309.12803676003,3015.871963239988,137325.00000000003
nominal,8680.0,0.4127265216985541,0.0021682650331645136,1.0136791182597577e-07,3.686105884580937e-10,0.0010323079891553556,2.3183947624178178e-05,0.0,134308.64762766036,3016.3523723396015,137324.99999999994
nominal,8690.0,0.4127920502425982,0.0021682767507524674,1.0105073835001953e-07,3.6745723036370734e-10,0.0010323043082425647,2.3187628536969423e-05,0.0,134308.16872172902,3016.8312782709913,137325.00000000003
nominal,8700.0,0.412857373752172,0.0021682884316768652,1.0073455728884325e-07,3.6630748105033905e-10,0.0010323006388471055,2.3191297932428564e-05,0.0,134307.69131426254,3017.30868573747,137325.00000000003
nominal,8710.0,0.41292249286881516,0.002168300076052425,1.0041936553724544e-07,3.65161329226347e-10,0.0010322969809329415,2.3194955846592583e-05,0.0,134307.2154005724,3017.7845994276367,137325.00000000003
nominal,8720.0,0.4129874082320593,0.0021683116839935055,1.0010515999974322e-07,3.6401876363542985e-10,0.0010322933344641483,2.3198602315385678e-05,0.0,134306.7409759846,3018.259024015417,137324.99999999997
nominal,8730.0,0.41305212047943546,0.0021683232556141082,9.979193759053746e-08,3.628797730564998e-10,0.0010322896994049144,2.3202237374619665e-05,0.0,134306.2680358399,3018.731964160114,137325.00000000003
nominal,8740.0,0.41311663024647954,0.002168334791027877,9.947969523348558e-08,3.6174434630358386e-10,0.00103228607571954,2.3205861059994287e-05,0.0,134305.79657549356,3019.203424506451,137325.00000000003
nominal,8750.0,0.4131809381667392,0.0021683462903481004,9.916842986206913e-08,3.606124722257059e-10,0.0010322824633724364,2.3209473407097602e-05,0.0,134305.32659031538,3019.6734096846194,137324.99999999997
nominal,8760.0,0.4132450448717796,0.002168357753687714,9.885813841936442e-08,3.5948413970677964e-10,0.0010322788623281277,2.3213074451406313e-05,0.0,134304.8580756897,3020.1419243103232,137325.00000000003
nominal,8770.0,0.41330895099118986,0.002168369181159297,9.85488178580134e-08,3.5835933766550316e-10,0.0010322752725512477,2.321666422828611e-05,0.0,134304.39102701517,3020.608972984823,137324.99999999994
nominal,8780.0,0.41337265715258925,0.0021683805728750795,9.8240465140192e-08,3.572380550552436e-10,0.001032271694006542,2.3220242772992035e-05,0.0,134303.92543970502,3021.0745602949837,137325.00000000003
nominal,8790.0,0.41343616398163296,0.002168391928946939,9.793307723758265e-08,3.5612028086393686e-10,0.001032268126658865,2.3223810120668815e-05,0.0,134303.46130918668,3021.538690813317,137324.99999999997
nominal,8800.0,0.4134994721020188,0.0021684032494864018,9.762665113134213e-08,3.550060041139713e-10,0.0010322645704731828,2.3227366306351215e-05,0.0,134302.99863090197,3022.0013690980277,137324.99999999997
nominal,8810.0,0.4135625821354929,0.002168414534604647,9.732118381207397e-08,3.538952138620871e-10,0.0010322610254145696,2.3230911364964367e-05,0.0,134302.53740030693,3022.4625996930586,137324.99999999997
nominal,8820.0,0.41362549470185617,0.0021684257844125057,9.701667227979669e-08,3.5278789919926066e-10,0.0010322574914482098,2.323444533132414e-05,0.0,134302.07761287186,3022.922387128135,137324.99999999997
nominal,8830.0,0.41368821041896997,0.0021684369990204616,9.671311354391669e-08,3.516840492506061e-10,0.0010322539685393964,2.323796824013745e-05,0.0,134301.61926408118,3023.3807359188077,137324.99999999997
nominal,8840.0,0.4137507299027625,0.0021684481785386525,9.641050462319764e-08,3.5058365317526406e-10,0.0010322504566535314,2.324148012600263e-05,0.0,134301.1623494335,3023.8376505664996,137324.99999999997
nominal,8850.0,0.413813053767235,0.002168459323076872,9.61088425457301e-08,3.4948670016629125e-10,0.0010322469557561243,2.3244981023409754e-05,0.0,134300.70686444145,3024.2931355585506,137325.00000000003
nominal,8860.0,0.4138751826244673,0.0021684704327445702,9.580812434890413e-08,3.483931794505604e-10,0.001032243465812793,2.3248470966740984e-05,0.0,134300.25280463175,3024.7471953682575,137324.99999999997
nominal,8870.0,0.4139371170846243,0.002168481507650855,9.550834707937956e-08,3.473030802886529e-10,0.001032239986789263,2.3251949990270902e-05,0.0,134299.80016554508,3025.1998344549224,137324.99999999997
nominal,8880.0,0.4139988577559613,0.002168492547904492,9.520950779305781e-08,3.4621639197475564e-10,0.0010322365186513673,2.3255418128166836e-05,0.0,134299.3489427361,3025.651057263892,137325.00000000003
nominal,8890.0,0.41406040524483084,0.0021685035536139073,9.491160355505125e-08,3.4513310383654995e-10,0.0010322330613650448,2.3258875414489213e-05,0.0,134298.8991317734,3026.1008682266074,137324.99999999997
nominal,8900.0,0.4141217601556878,0.0021685145248871874,9.461463143965683e-08,3.440532052351157e-10,0.0010322296148963421,2.326232188319188e-05,0.0,134298.45072823935,3026.5492717606385,137324.99999999997
nominal,8910.0,0.41418292309109633,0.002168525461832081,9.431858853032307e-08,3.4297668556481113e-10,0.0010322261792114116,2.3265757568122463e-05,0.0,134298.00372773025,3026.9962722697396,137325.00000000003
nominal,8920.0,0.4142438946517347,0.0021685363645559987,9.402347191962672e-08,3.41903534253188e-10,0.0010322227542765114,2.3269182503022667e-05,0.0,134297.55812585613,3027.4418741438817,137325.00000000003
nominal,8930.0,0.4143046754364019,0.0021685472331660163,9.372927870924086e-08,3.408337407608758e-10,0.0010322193400580054,2.327259672152862e-05,0.0,134297.1139182407,3027.8860817593,137325.00000000003
nominal,8940.0,0.4143652660420234,0.0021685580677688735,9.343600600990646e-08,3.39767294581478e-10,0.0010322159365223629,2.3276000257171216e-05,0.0,134296.67110052146,3028.328899478538,137325.00000000003
nominal,8950.0,0.4144256670636567,0.002168568868470977,9.314365094140603e-08,3.387041852414764e-10,0.0010322125436361576,2.327939314337642e-05,0.0,134296.2296683495,3028.77033165049,137324.99999999997
nominal,8960.0,0.41448587909449763,0.0021685796353783995,9.285221063253303e-08,3.376444023001201e-10,0.0010322091613660684,2.3282775413465623e-05,0.0,134295.78961738956,3029.21038261044,137324.99999999997
nominal,8970.0,0.41454590272588554,0.0021685903685968824,9.25616822210668e-08,3.3658793534933375e-10,0.0010322057896788779,2.328614710065593e-05,0.0,134295.35094331985,3029.649056680108,137324.99999999994
nominal,8980.0,0.41460573854731025,0.002168601068231836,9.227206285373883e-08,3.3553477401359575e-10,0.0010322024285414734,2.328950823806055e-05,0.0,134294.9136418323,3030.086358167695,137324.99999999997
nominal,8990.0,0.4146653871464166,0.0021686117343883413,9.198334968621059e-08,3.3448490794985665e-10,0.0010321990779208448,2.3292858858689063e-05,0.0,134294.47770863207,3030.5222913679186,137324.99999999997
nominal,9000.0,0.41472484910901075,0.00216862236717115,9.169553988304331e-08,3.3343832684743017e-10,0.0010321957377840863,2.3296198995447757e-05,0.0,134294.04313943794,3030.9568605620584,137325.00000000003
nominal,9010.0,0.4147841250190659,0.0021686329666846865,9.140863061767003e-08,3.3239502042789097e-10,0.001032192408098394,2.3299528681139965e-05,0.0,134293.609929982,3031.3900700179997,137324.99999999997
nominal,9020.0,0.41484321545872804,0.0021686435330330474,9.112261907236823e-08,3.3135497844497536e-10,0.0010321890888310675,2.3302847948466374e-05,0.0,134293.1780760097,3031.8219239902714,137324.99999999997
nominal,9030.0,0.414902121008322,0.002168654066320005,9.083750243822989e-08,3.3031819068447226e-10,0.0010321857799495085,2.3306156830025376e-05,0.0,134292.7475732799,3032.2524267200947,137324.99999999997
nominal,9040.0,0.4149608422463563,0.002168664566649006,9.055327791513869e-08,3.292846469641406e-10,0.0010321824814212206,2.330945535831334e-05,0.0,134292.3184175646,3032.6815824354157,137324.99999999997
nominal,9050.0,0.4150193797495298,0.0021686750341231736,9.026994271173725e-08,3.2825433713358997e-10,0.0010321791932138091,2.3312743565724963e-05,0.0,134291.89060464906,3033.109395350955,137325.00000000003
nominal,9060.0,0.4150777340927366,0.0021686854688453086,8.998749404540323e-08,3.272272510741935e-10,0.0010321759152949804,2.3316021484553592e-05,0.0,134291.46413033173,3033.5358696682433,137324.99999999997
nominal,9070.0,0.4151359058490719,0.00216869587091789,8.970592914222263e-08,3.2620337869899134e-10,0.0010321726476325425,2.3319289146991504e-05,0.0,134291.03899042433,3033.9610095756643,137324.99999999997
nominal,9080.0,0.41519389558983816,0.0021687062404430755,8.94252452369575e-08,3.251827099525727e-10,0.0010321693901944038,2.3322546585130277e-05,0.0,134290.6151807515,3034.3848192484998,137325.00000000003
nominal,9090.0,0.41525170388455,0.0021687165775227044,8.914543957302372e-08,3.241652348109953e-10,0.001032166142948573,2.332579383096107e-05,0.0,134290.19269715104,3034.8073028489657,137325.00000000003
nominal,9100.0,0.41530933130094017,0.002168726882258296,8.886650940246259e-08,3.231509432816821e-10,0.001032162905863159,2.3329030916374935e-05,0.0,134289.77153547376,3035.228464526255,137325.00000000003
nominal,9110.0,0.4153667784049647,0.0021687371547510536,8.858845198591397e-08,3.221398254033235e-10,0.001032159678906371,2.3332257873163137e-05,0.0,134289.35169158343,3035.6483084165757,137325.00000000003
nominal,9120.0,0.41542404576080927,0.0021687473951018618,8.83112645925878e-08,3.2113187124577377e-10,0.0010321564620465165,2.333547473301748e-05,0.0,134288.9331613568,3036.0668386431976,137324.99999999997
nominal,9130.0,0.4154811339308938,0.0021687576034112917,8.803494450023973e-08,3.201270709099626e-10,0.0010321532552520034,2.3338681527530597e-05,0.0,134288.51594068352,3036.484059316486,137324.99999999997
nominal,9140.0,0.41553804347587886,0.002168767779779598,8.775948899514167e-08,3.191254145277879e-10,0.0010321500584913378,2.3341878288196276e-05,0.0,134288.10002546606,3036.8999745339474,137325.00000000003
nominal,9150.0,0.4155947749546703,0.0021687779243067225,8.748489537205875e-08,3.181268922620318e-10,0.0010321468717331241,2.3345065046409754e-05,0.0,134287.68541161972,3037.314588380265,137324.99999999997
nominal,9160.0,0.41565132892442563,0.002168788037092294,8.721116093421807e-08,3.1713149430624746e-10,0.001032143694946066,2.334824183346805e-05,0.0,134287.27209507267,3037.7279049273457,137325.00000000003
nominal,9170.0,0.41570770594055895,0.00216879811823563,8.69382829932857e-08,3.1613921088467525e-10,0.0010321405280989636,2.335140868057025e-05,0.0,134286.86007176564,3038.1399282343514,137324.99999999997
nominal,9180.0,0.4157639065567464,0.002168808167835737,8.666625886933961e-08,3.1515003225214405e-10,0.0010321373711607161,2.335456561881782e-05,0.0,134286.44933765224,3038.5506623477445,137324.99999999997
nominal,9190.0,0.4158199313249314,0.002168818185991311,8.639508589084445e-08,3.1416394869397973e-10,0.001032134224100319,2.3357712679214888e-05,0.0,134286.03988869864,3038.9601113013255,137324.99999999994
nominal,9200.0,0.41587578079533094,0.002168828172800741,8.612476139462147e-08,3.131809505258962e-10,0.0010321310868868653,2.336084989266861e-05,0.0,134285.63172088368,3039.368279116276,137324.99999999997
nominal,9210.0,0.41593145551644006,0.0021688381283621063,8.585528272582654e-08,3.122010280939147e-10,0.0010321279594895443,2.3363977289989416e-05,0.0,134285.22483019877,3039.7751698011916,137324.99999999994
nominal,9220.0,0.4159869560350379,0.0021688480527731796,8.558664723792057e-08,3.112241717742566e-10,0.0010321248418776428,2.3367094901891336e-05,0.0,134284.81921264788,3040.1807873521298,137325.00000000003
nominal,9230.0,0.4160422828961923,0.002168857946131429,8.531885229264781e-08,3.102503719732647e-10,0.0010321217340205418,2.3370202758992293e-05,0.0,134284.41486424737,3040.5851357526403,137325.00000000003
nominal,9240.0,0.41609743664326615,0.0021688678085340163,8.505189526000473e-08,3.0927961912728987e-10,0.0010321186358877197,2.3373300891814422e-05,0.0,134284.0117810262,3040.9882189738128,137325.00000000003
nominal,9250.0,0.41615241781792167,0.0021688776400777994,8.47857735182197e-08,3.0831190370261705e-10,0.0010321155474487496,2.3376389330784335e-05,0.0,134283.6099590257,3041.3900409743082,137324.99999999997
nominal,9260.0,0.41620722696012674,0.002168887440859334,8.452048445372175e-08,3.0734721619535175e-10,0.0010321124686733004,2.337946810623346e-05,0.0,134283.2093942996,3041.7906057004025,137324.99999999997
nominal,9270.0,0.41626186460815945,0.002168897210974873,8.425602546111925e-08,3.063855471313427e-10,0.0010321093995311358,2.3382537248398314e-05,0.0,134282.810082914,3042.1899170860247,137325.00000000003
nominal,9280.0,0.4163163312986135,0.002168906950520368,8.399239394317298e-08,3.054268870660836e-10,0.001032106339992113,2.3385596787420795e-05,0.0,134282.4120209472,3042.5879790527933,137324.99999999997
nominal,9290.0,0.41637062756640403,0.0021689166595914708,8.372958731076888e-08,3.0447122658461404e-10,0.0010321032900261855,2.3388646753348505e-05,0.0,134282.01520448993,3042.9847955100563,137324.99999999997
nominal,9300.0,0.4164247539447723,0.002168926338283534,8.346760298289431e-08,3.0351855630143384e-10,0.0010321002496033991,2.3391687176135032e-05,0.0,134281.6196296451,3043.3803703549324,137325.00000000003
nominal,9310.0,0.4164787109652907,0.002168935986691611,8.32064383866147e-08,3.0256886686041707e-10,0.001032097218693894,2.3394718085640212e-05,0.0,134281.2252925277,3043.7747074723425,137325.00000000003
nominal,9320.0,0.4165324991578691,0.002168945604910459,8.29460909570423e-08,3.016221489346992e-10,0.0010320941972679033,2.339773951163049e-05,0.0,134280.8321892649,3044.1678107350554,137324.99999999994
nominal,9330.0,0.4165861190507589,0.002168955193034538,8.268655813731708e-08,3.0067839322660756e-10,0.0010320911852957548,2.340075148377915e-05,0.0,134280.4403159963,3044.5596840037197,137324.99999999997
nominal,9340.0,0.4166395711705584,0.0021689647511580123,8.24278373785797e-08,2.997375904675625e-10,0.0010320881827478674,2.3403754031666634e-05,0.0,134280.04966887308,3044.9503311269054,137325.00000000003
nominal,9350.0,0.4166928560422186,0.002168974279374752,8.216992613994466e-08,2.9879973141798054e-10,0.0010320851895947532,2.3406747184780826e-05,0.0,134279.66024405885,3045.3397559411396,137324.99999999997
nominal,9360.0,0.4167459741890481,0.0021689837777783333,8.191282188847651e-08,2.978648068671873e-10,0.0010320822058070165,2.340973097251736e-05,0.0,134279.27203772904,3045.7279622709484,137324.99999999997
nominal,9370.0,0.4167989261327175,0.002168993246462039,8.165652209916663e-08,2.9693280763333316e-10,0.0010320792313553541,2.3412705424179877e-05,0.0,134278.8850460711,3046.1149539288863,137324.99999999997
nominal,9380.0,0.41685171239326557,0.0021690026855188615,8.140102425490671e-08,2.960037245632971e-10,0.0010320762662105536,2.341567056898033e-05,0.0,134278.4992652844,3046.500734715583,137324.99999999997
nominal,9390.0,0.41690433348910394,0.002169012095041501,8.114632584646265e-08,2.950775485325914e-10,0.0010320733103434947,2.3418626436039277e-05,0.0,134278.11469158024,3046.8853084197726,137324.99999999997
nominal,9400.0,0.4169567899370218,0.0021690214751223674,8.089242437245413e-08,2.941542704452877e-10,0.0010320703637251478,2.342157305438615e-05,0.0,134277.73132118167,3047.268678818337,137324.99999999997
nominal,9410.0,0.4170090822521918,0.002169030825853583,8.063931733932502e-08,2.9323388123390914e-10,0.0010320674263265745,2.3424510452959566e-05,0.0,134277.34915032366,3047.6508496763395,137325.00000000003
nominal,9420.0,0.4170612109481743,0.0021690401473269806,8.038700226132319e-08,2.92316371859357e-10,0.0010320644981189264,2.3427438660607578e-05,0.0,134276.96817525293,3048.0318247470636,137324.99999999997
nominal,9430.0,0.4171131765369229,0.002169049439634106,8.013547666047302e-08,2.9140173331081093e-10,0.001032061579073446,2.3430357706087984e-05,0.0,134276.58839222795,3048.4116077720482,137324.99999999997
nominal,9440.0,0.4171649795287894,0.002169058702866218,7.988473806655326e-08,2.904899566056482e-10,0.0010320586691614654,2.34332676180686e-05,0.0,134276.20979751888,3048.790202481125,137324.99999999997
nominal,9450.0,0.41721662043252844,0.0021690679371142913,7.963478401707197e-08,2.895810327893526e-10,0.0010320557683544064,2.343616842512753e-05,0.0,134275.83238740754,3049.167612592455,137324.99999999997
nominal,9460.0,0.4172680997553032,0.002169077142469014,7.938561205724073e-08,2.8867495293542083e-10,0.0010320528766237806,2.3439060155753483e-05,0.0,134275.45615818744,3049.543841812567,137325.00000000003
nominal,9470.0,0.4173194180026899,0.0021690863190207926,7.913721973995266e-08,2.877717081452824e-10,0.0010320499939411882,2.3441942838346016e-05,0.0,134275.08110616362,3049.9188938363914,137325.00000000003
nominal,9480.0,0.4173705756786826,0.002169095466859749,7.88896046257587e-08,2.868712895482134e-10,0.0010320471202783183,2.3444816501215822e-05,0.0,134274.70722765272,3050.2927723472967,137325.00000000003
nominal,9490.0,0.4174215732856985,0.002169104586075724,7.864276428284165e-08,2.8597368830124233e-10,0.001032044255606949,2.3447681172585013e-05,0.0,134274.33451898285,3050.6654810171276,137324.99999999997
nominal,9500.0,0.41747241132458307,0.002169113676758276,7.839669628699291e-08,2.850788955890651e-10,0.0010320413998989465,2.345053688058741e-05,0.0,134273.96297649373,3051.03702350624,137324.99999999997
nominal,9510.0,0.4175230902946144,0.0021691227389966854,7.815139822158957e-08,2.8418690262396204e-10,0.0010320385531262654,2.345338365326879e-05,0.0,134273.5925965365,3051.407403463536,137325.00000000003
nominal,9520.0,0.4175736106935079,0.0021691317728799514,7.790686767757231e-08,2.8329770064571744e-10,0.0010320357152609468,2.3456221518587162e-05,0.0,134273.2233754735,3051.776624526498,137324.99999999997
nominal,9530.0,0.4176239730174227,0.0021691407784967956,7.766310225341532e-08,2.824112809215102e-10,0.001032032886275121,2.3459050504413098e-05,0.0,134272.85530967877,3052.1446903212327,137325.00000000003
nominal,9540.0,0.41767417776096477,0.0021691497559356617,7.742009955511009e-08,2.8152763474585483e-10,0.001032030066141004,2.346187063852993e-05,0.0,134272.4883955375,3052.511604462496,137325.00000000003
nominal,9550.0,0.4177242254171924,0.002169158705284717,7.717785719613896e-08,2.806467534405053e-10,0.0010320272548309,2.3464681948634062e-05,0.0,134272.12262944624,3052.877370553734,137324.99999999997
nominal,9560.0,0.4177741164776217,0.0021691676266318524,7.69363727974492e-08,2.797686283543606e-10,0.0010320244523171988,2.346748446233526e-05,0.0,134271.75800781287,3053.2419921871233,137324.99999999997
nominal,9570.0,0.4178238514322305,0.0021691765200646837,7.669564398743333e-08,2.7889325086339386e-10,0.0010320216585723771,2.347027820715688e-05,0.0,134271.3945270564,3053.6054729435937,137324.99999999997
nominal,9580.0,0.41787343076946337,0.0021691853856705533,7.645566840190564e-08,2.780206123705659e-10,0.001032018873568998,2.347306321053616e-05,0.0,134271.03218360714,3053.967816392874,137325.00000000003
nominal,9590.0,0.41792285497623693,0.00216919422353653,7.621644368407571e-08,2.7715070430572984e-10,0.0010320160972797094,2.34758394998245e-05,0.0,134270.67097390647,3054.3290260935223,137324.99999999997
nominal,9600.0,0.4179721245379441,0.00216920303374941,7.597796748452848e-08,2.7628351812555803e-10,0.0010320133296772463,2.3478607102287707e-05,0.0,134270.31089440704,3054.689105592963,137324.99999999997
nominal,9610.0,0.41802123993845897,0.0021692118163957183,7.574023746119983e-08,2.754190453134539e-10,0.0010320105707344277,2.3481366045106285e-05,0.0,134269.95194157248,3055.0480584275224,137324.99999999997
nominal,9620.0,0.4180702016601417,0.002169220571561708,7.550325127935421e-08,2.745572773794698e-10,0.0010320078204241582,2.348411635537569e-05,0.0,134269.59411187755,3055.405888122459,137324.99999999997
nominal,9630.0,0.4181190101838432,0.002169229299333364,7.526700661156054e-08,2.7369820586022013e-10,0.0010320050787194274,2.348685806010659e-05,0.0,134269.237401808,3055.762598192002,137324.99999999997
nominal,9640.0,0.4181676659889098,0.002169237999796401,7.503150113767043e-08,2.728418223188015e-10,0.001032002345593309,2.348959118622515e-05,0.0,134268.88180786063,3056.118192139386,137325.00000000003
nominal,9650.0,0.4182161695531879,0.002169246673036266,7.479673254479583e-08,2.719881183447121e-10,0.0010319996210189607,2.3492315760573272e-05,0.0,134268.52732654312,3056.472673456882,137324.99999999997
nominal,9660.0,0.41826452135302905,0.0021692553191381384,7.456269852728372e-08,2.7113708555375895e-10,0.001031996904969625,2.349503180990889e-05,0.0,134268.17395437416,3056.8260456258363,137324.99999999997
nominal,9670.0,0.4183127218632939,0.002169263938186931,7.43293967866975e-08,2.7028871558799086e-10,0.0010319941974186277,2.3497739360906194e-05,0.0,134267.8216878833,3057.1783121167005,137324.99999999997
nominal,9680.0,0.4183607715573575,0.0021692725302672917,7.409682503179103e-08,2.694430001156037e-10,0.0010319914983393783,2.350043844015592e-05,0.0,134267.47052361094,3057.529476389068,137325.00000000003
nominal,9690.0,0.41840867090711387,0.0021692810954636026,7.386498097848744e-08,2.685999308308634e-10,0.0010319888077053683,2.3503129074165613e-05,0.0,134267.12045810826,3057.879541891708,137324.99999999997
nominal,9700.0,0.41845642038298025,0.002169289633859982,7.363386234985673e-08,2.6775949945402446e-10,0.001031986125490174,2.350581128935986e-05,0.0,134266.77148793737,3058.2285120625966,137324.99999999997
nominal,9710.0,0.4185040204539023,0.002169298145540285,7.340346687609272e-08,2.669216977312462e-10,0.0010319834516674534,2.3508485112080585e-05,0.0,134266.42360967107,3058.576390328956,137324.99999999997
nominal,9720.0,0.418551471587358,0.002169306630588105,7.317379229449218e-08,2.66086517434517e-10,0.0010319807862109467,2.3511150568587274e-05,0.0,134266.0768198927,3058.923180107283,137324.99999999997
nominal,9730.0,0.4185987742493628,0.0021693150890867725,7.294483634943178e-08,2.6525395036157006e-10,0.0010319781290944769,2.3513807685057257e-05,0.0,134265.73111519663,3059.268884803383,137325.00000000003
nominal,9740.0,0.41864592890447416,0.0021693235211193585,7.27165967923446e-08,2.644239883357985e-10,0.001031975480291948,2.3516456487585958e-05,0.0,134265.3864921876,3059.6135078124075,137324.99999999997
nominal,9750.0,0.4186929360157957,0.0021693319267686736,7.248907138170079e-08,2.6359662320618466e-10,0.001031972839777347,2.351909700218715e-05,0.0,134265.04294748112,3059.957052518883,137325.00000000003
nominal,9760.0,0.41873979604498235,0.002169340306117269,7.226225788298285e-08,2.6277184684721033e-10,0.0010319702075247406,2.3521729254793207e-05,0.0,134264.70047770324,3060.299522296748,137324.99999999994
nominal,9770.0,0.41878650945224416,0.0021693486592474385,7.203615406866608e-08,2.619496511587857e-10,0.0010319675835082788,2.3524353271255362e-05,0.0,134264.35907949065,3060.6409205093814,137325.00000000003
nominal,9780.0,0.41883307669635145,0.002169356986241217,7.181075771819516e-08,2.6113002806616416e-10,0.0010319649677021899,2.352696907734396e-05,0.0,134264.01874949032,3060.9812505096393,137324.99999999997
nominal,9790.0,0.41887949823463916,0.0021693652871803844,7.158606661796182e-08,2.603129695198611e-10,0.0010319623600807853,2.3529576698748727e-05,0.0,134263.67948436012,3061.32051563989,137324.99999999997
nominal,9800.0,0.41892577452301105,0.0021693735621464635,7.136207856128547e-08,2.594984674955835e-10,0.0010319597606184548,2.3532176161078988e-05,0.0,134263.34128076796,3061.6587192320385,137324.99999999994
nominal,9810.0,0.4189719060159445,0.0021693818112207223,7.113879134838936e-08,2.586865139941431e-10,0.0010319571692896702,2.3534767489863948e-05,0.0,134263.00413539243,3061.995864607569,137325.00000000003
nominal,9820.0,0.41901789316649485,0.0021693900344841744,7.091620278637918e-08,2.578771010413788e-10,0.001031954586068981,2.3537350710552933e-05,0.0,134262.6680449224,3062.3319550775705,137324.99999999997
nominal,9830.0,0.4190637364262998,0.0021693982320175804,7.069431068922353e-08,2.570702206880855e-10,0.0010319520109310183,2.3539925848515634e-05,0.0,134262.33300605722,3062.6669939427716,137324.99999999997
nominal,9840.0,0.41910943624558394,0.002169406403901448,7.047311287772972e-08,2.5626586500992624e-10,0.0010319494438504914,2.3542492929042367e-05,0.0,134261.99901550642,3063.0009844935753,137324.99999999994
nominal,9850.0,0.4191549930731633,0.0021694145502160326,7.025260717952346e-08,2.55464026107358e-10,0.0010319468848021898,2.354505197734432e-05,0.0,134261.6660699899,3063.333930010087,137325.00000000003
nominal,9860.0,0.41920040735644926,0.0021694226710413387,7.003279142902876e-08,2.546646961055591e-10,0.0010319443337609804,2.3547603018553782e-05,0.0,134261.33416623788,3063.6658337621507,137325.00000000003
nominal,9870.0,0.41924567954145353,0.002169430766457121,6.981366346744494e-08,2.538678671543452e-10,0.0010319417907018096,2.355014607772442e-05,0.0,134261.00330099065,3063.9966990093767,137324.99999999997
nominal,9880.0,0.4192908100727922,0.002169438836542884,6.959522114272607e-08,2.530735314280948e-10,0.0010319392555997026,2.3552681179831502e-05,0.0,134260.67347099882,3064.326529001179,137325.00000000003
nominal,9890.0,0.4193357993936903,0.0021694468813778837,6.9377462309559e-08,2.5228168112566907e-10,0.0010319367284297618,2.3555208349772162e-05,0.0,134260.3446730232,3064.6553269768033,137324.99999999997
nominal,9900.0,0.4193806479459858,0.002169454901041128,6.916038482934529e-08,2.5149230847034647e-10,0.0010319342091671686,2.355772761236561e-05,0.0,134260.01690383468,3064.9830961653593,137325.00000000003
nominal,9910.0,0.41942535617013443,0.0021694628956113776,6.894398657017577e-08,2.5070540570973007e-10,0.0010319316977871805,2.356023899235342e-05,0.0,134259.69016021414,3065.309839785853,137324.99999999997
nominal,9920.0,0.41946992450521353,0.002169470865167147,6.872826540681353e-08,2.499209651156855e-10,0.0010319291942651344,2.3562742514399733e-05,0.0,134259.3644389528,3065.6355610472197,137325.00000000003
nominal,9930.0,0.4195143533889269,0.0021694788097867046,6.851321922066992e-08,2.491389789842542e-10,0.0010319266985764424,2.3565238203091538e-05,0.0,134259.03973685164,3065.9602631483535,137324.99999999997
nominal,9940.0,0.4195586432576086,0.0021694867295480743,6.829884589978594e-08,2.4835943963558516e-10,0.001031924210696595,2.3567726082938884e-05,0.0,134258.71605072185,3066.2839492781395,137324.99999999997
nominal,9950.0,0.41960279454622723,0.002169494624529036,6.808514333881194e-08,2.4758233941386154e-10,0.0010319217306011589,2.357020617837511e-05,0.0,134258.39337738452,3066.6066226154835,137324.99999999997
nominal,9960.0,0.4196468076883908,0.002169502494807125,6.787210943898368e-08,2.4680767068721334e-10,0.0010319192582657769,2.3572678513757136e-05,0.0,134258.07171367065,3066.928286329346,137324.99999999997
nominal,9970.0,0.41969068311635055,0.002169510340459636,6.765974210810414e-08,2.460354258476514e-10,0.0010319167936661683,2.357514311336566e-05,0.0,134257.7510564212,3067.248943578774,137324.99999999997
nominal,9980.0,0.41973442126100474,0.0021695181615636206,6.744803926052507e-08,2.452655973110002e-10,0.0010319143367781285,2.3577600001405396e-05,0.0,134257.43140248707,3067.5685975129245,137324.99999999997
nominal,9990.0,0.41977802255190394,0.0021695259581958892,6.723699881712107e-08,2.4449817751680384e-10,0.0010319118875775286,2.3580049202005332e-05,0.0,134257.11274872886,3067.8872512711077,137324.99999999997
nominal,10000.0,0.4198214874172545,0.0021695337304330122,6.702661870527346e-08,2.4373315892826707e-10,0.001031909446040315,2.358249073921896e-05,0.0,134256.7950920172,3068.204907982806,137324.99999999997
nominal,10010.0,0.41986481628392286,0.0021695414783513205,6.681689685884877e-08,2.429705340321773e-10,0.0010319070121425095,2.3584924637024512e-05,0.0,134256.47842923232,3068.521570767713,137325.00000000003
nominal,10020.0,0.4199080095774398,0.0021695492020269063,6.660783121817849e-08,2.4221029533883087e-10,0.0010319045858602088,2.3587350919325177e-05,0.0,134256.16275726422,3068.8372427357576,137324.99999999997
nominal,10030.0,0.41995106772200474,0.002169556901535623,6.639941973003824e-08,2.414524353819572e-10,0.0010319021671695847,2.3589769609949368e-05,0.0,134255.84807301286,3069.1519269871415,137325.00000000003
nominal,10040.0,0.4199939911404899,0.0021695645769530874,6.619166034762764e-08,2.406969467186459e-10,0.001031899756046883,2.359218073265095e-05,0.0,134255.53437338764,3069.465626612365,137324.99999999997
nominal,10050.0,0.42003678025444435,0.002169572228354679,6.598455103055063e-08,2.3994382192927497e-10,0.0010318973524684246,2.3594584311109444e-05,0.0,134255.22165530775,3069.778344692259,137325.00000000003
nominal,10060.0,0.42007943548409776,0.002169579855815543,6.577808974479724e-08,2.3919305361744447e-10,0.0010318949564106037,2.359698036893028e-05,0.0,134254.90991570198,3070.090084298011,137324.99999999997
nominal,10070.0,0.42012195724836543,0.0021695874594105874,6.557227446271966e-08,2.3844463440988963e-10,0.001031892567849889,2.3599368929645042e-05,0.0,134254.5991515088,3070.400848491204,137325.00000000003
nominal,10080.0,0.4201643459648517,0.002169595039214487,6.536710316301513e-08,2.376985569564186e-10,0.0010318901867628222,2.3601750016711677e-05,0.0,134254.28935967616,3070.710640323838,137324.99999999997
nominal,10090.0,0.4202066020498543,0.0021696025953016826,6.516257383070501e-08,2.3695481392983636e-10,0.0010318878131260192,2.3604123653514738e-05,0.0,134253.98053716164,3071.0194628383665,137324.99999999997
nominal,10100.0,0.4202487259183682,0.0021696101277463823,6.495868445711717e-08,2.362133980258806e-10,0.0010318854469161683,2.3606489863365597e-05,0.0,134253.67268093227,3071.327319067719,137324.99999999997
nominal,10110.0,0.4202907179840902,0.0021696176366225615,6.475543303986212e-08,2.3547430196313497e-10,0.0010318830881100314,2.3608848669502703e-05,0.0,134253.36578796466,3071.63421203534,137325.00000000003
nominal,10120.0,0.42033257865942236,0.0021696251220039656,6.455281758281704e-08,2.3473751848297105e-10,0.0010318807366844422,2.3611200095091783e-05,0.0,134253.0598552448,3071.9401447552104,137324.99999999997
nominal,10130.0,0.4203743083554765,0.002169632583964107,6.435083609610513e-08,2.340030403494732e-10,0.001031878392616308,2.361354416322608e-05,0.0,134252.75487976812,3072.2451202318816,137324.99999999997
nominal,10140.0,0.4204159074820782,0.0021696400225762703,6.414948659607476e-08,2.332708603493627e-10,0.0010318760558826073,2.3615880896926583e-05,0.0,134252.45085853947,3072.5491414605053,137324.99999999997
nominal,10150.0,0.42045737644777054,0.0021696474379135086,6.394876710528144e-08,2.3254097129193251e-10,0.0010318737264603918,2.3618210319142253e-05,0.0,134252.14778857314,3072.852211426859,137325.00000000003
nominal,10160.0,0.4204987156598183,0.0021696548300486488,6.374867565246883e-08,2.318133660089775e-10,0.0010318714043267838,2.362053245275023e-05,0.0,134251.84566689265,3073.1543331073794,137325.00000000003
nominal,10170.0,0.42053992552421215,0.0021696621990542884,6.354921027254683e-08,2.3108803735471572e-10,0.0010318690894589777,2.3622847320556094e-05,0.0,134251.5444905308,3073.455509469191,137324.99999999994
nominal,10180.0,0.4205810064456724,0.0021696695450027976,6.335036900657463e-08,2.3036497820572588e-10,0.00103186678183424,2.3625154945294064e-05,0.0,134251.24425652987,3073.755743470133,137324.99999999997
nominal,10190.0,0.4206219588276528,0.0021696768679663205,6.3152149901742e-08,2.2964418146088e-10,0.001031864481429907,2.362745534962721e-05,0.0,134250.94496194125,3074.05503805879,137325.00000000003
nominal,10200.0,0.42066278307234495,0.0021696841680167766,6.295455101134713e-08,2.2892564004126225e-10,0.0010318621882233862,2.36297485561477e-05,0.0,134250.64660382547,3074.3533961745206,137324.99999999997
nominal,10210.0,0.420703479580682,0.0021696914452258584,6.275757039478013e-08,2.2820934689010952e-10,0.0010318599021921571,2.3632034587377023e-05,0.0,134250.34917925252,3074.6508207474876,137325.00000000003
nominal,10220.0,0.42074404875234234,0.002169698699665036,6.256120611750394e-08,2.2749529497274155e-10,0.0010318576233137677,2.363431346576618e-05,0.0,134250.05268530129,3074.9473146986834,137324.99999999997
nominal,10230.0,0.42078449098575393,0.002169705931405554,6.236545625103407e-08,2.267834772764875e-10,0.001031855351565838,2.3636585213695922e-05,0.0,134249.75711906,3075.2428809399603,137324.99999999997
nominal,10240.0,0.42082480667809824,0.002169713140518435,6.217031887291957e-08,2.2607388681061656e-10,0.001031853086926057,2.3638849853476996e-05,0.0,134249.46247762593,3075.537522374062,137324.99999999997
nominal,10250.0,0.42086499622531404,0.00216972032707448,6.197579206672392e-08,2.2536651660626877e-10,0.0010318508293721835,2.3641107407350337e-05,0.0,134249.1687581053,3075.831241894651,137324.99999999997
nominal,10260.0,0.420905060022101,0.002169727491144268,6.178187392200868e-08,2.246613597163952e-10,0.0010318485788820466,2.364335789748727e-05,0.0,134248.87595761364,3076.124042386333,137324.99999999997
nominal,10270.0,0.4209449984619238,0.002169734632798156,6.15885625343126e-08,2.2395840921568212e-10,0.0010318463354335443,2.3645601345989763e-05,0.0,134248.58407327533,3076.4159267246864,137325.00000000003
nominal,10280.0,0.4209848119370161,0.0021697417521062824,6.139585600513308e-08,2.232576582004839e-10,0.0010318440990046435,2.364783777489062e-05,0.0,134248.29310222375,3076.7068977762965,137325.00000000003
nominal,10290.0,0.4210245008383843,0.002169748849138566,6.120375244190778e-08,2.2255909978875552e-10,0.0010318418695733802,2.365006720615371e-05,0.0,134248.00304160122,3076.996958398775,137324.99999999997
nominal,10300.0,0.4210640655558113,0.0021697559239647057,6.101224995799627e-08,2.2186272711998643e-10,0.0010318396471178598,2.365228966167418e-05,0.0,134247.71388855923,3077.286111440796,137324.99999999997
nominal,10310.0,0.4211035064778603,0.0021697629766541837,6.082134667266152e-08,2.211685333551328e-10,0.0010318374316162554,2.3654505163278657e-05,0.0,134247.4256402579,3077.574359742117,137325.00000000003
nominal,10320.0,0.421142823991879,0.002169770007276264,6.063104071105064e-08,2.2047651167654775e-10,0.0010318352230468085,2.3656713732725494e-05,0.0,134247.1382938664,3077.861706133613,137324.99999999997
nominal,10330.0,0.42118201848400294,0.0021697770158999935,6.044133020417717e-08,2.1978665528791695e-10,0.001031833021387829,2.365891539170495e-05,0.0,134246.85184656267,3078.1481534373006,137324.99999999997
nominal,10340.0,0.42122109033915933,0.002169784002594204,6.02522132889032e-08,2.1909895741419343e-10,0.0010318308266176947,2.3661110161839414e-05,0.0,134246.56629553364,3078.4337044663635,137325.00000000003
nominal,10350.0,0.4212600399410712,0.002169790967427512,6.006368810791968e-08,2.184134113015261e-10,0.0010318286387148504,2.366329806468363e-05,0.0,134246.2816379748,3078.718362025187,137324.99999999997
nominal,10360.0,0.42129886767226077,0.002169797910468318,5.987575280972948e-08,2.177300102171981e-10,0.0010318264576578092,2.3665479121724887e-05,0.0,134245.99787109063,3079.0021289093797,137325.00000000003
nominal,10370.0,0.4213375739140535,0.0021698048317848094,5.968840554862823e-08,2.1704874744955715e-10,0.0010318242834251507,2.3667653354383256e-05,0.0,134245.7149920942,3079.285007905805,137324.99999999997
nominal,10380.0,0.4213761590465817,0.002169811731444961,5.950164448468692e-08,2.163696163079524e-10,0.0010318221159955222,2.3669820784011778e-05,0.0,134245.43299820737,3079.567001792603,137324.99999999997
nominal,10390.0,0.4214146234487883,0.0021698186095165327,5.9315467783733115e-08,2.1569261012266585e-10,0.0010318199553476374,2.3671981431896683e-05,0.0,134245.15188666075,3079.8481133392247,137325.00000000003
nominal,10400.0,0.4214529674984303,0.002169825466067075,5.9129873617334066e-08,2.150177222448511e-10,0.0010318178014602764,2.3674135319257594e-05,0.0,134244.87165469353,3080.1283453064525,137324.99999999997
nominal,10410.0,0.421491191572083,0.0021698323011639245,5.8944860162778e-08,2.1434494604646543e-10,0.0010318156543122862,2.3676282467247744e-05,0.0,134244.59229955357,3080.407700446433,137324.99999999997
nominal,10420.0,0.42152929604514316,0.0021698391148742098,5.876042560305621e-08,2.1367427492020436e-10,0.0010318135138825798,2.3678422896954173e-05,0.0,134244.31381849732,3080.6861815027,137324.99999999997
nominal,10430.0,0.42156728129183335,0.0021698459072648467,5.8576568126844326e-08,2.130057022794339e-10,0.0010318113801501359,2.3680556629397953e-05,0.0,134244.03620878977,3080.963791210204,137324.99999999997
nominal,10440.0,0.42160514768520485,0.002169852678402544,5.839328592848685e-08,2.12339221558134e-10,0.0010318092530939996,2.368268368553437e-05,0.0,134243.75946770466,3081.240532295337,137324.99999999997
nominal,10450.0,0.42164289559714185,0.0021698594283538005,5.821057720797726e-08,2.1167482621082638e-10,0.0010318071326932809,2.368480408625315e-05,0.0,134243.48359252405,3081.516407475961,137325.00000000003
nominal,10460.0,0.4216805253983648,0.0021698661571849065,5.802844017094189e-08,2.1101250971251593e-10,0.0010318050189271554,2.368691785237865e-05,0.0,134243.20858053857,3081.7914194614336,137325.00000000003
nominal,10470.0,0.42171803745843445,0.0021698728649619465,5.784687302862049e-08,2.1035226555861997e-10,0.001031802911774864,2.3689025004670077e-05,0.0,134242.93442904737,3082.0655709526363,137325.00000000003
nominal,10480.0,0.42175543214575506,0.0021698795517507965,5.76658739978501e-08,2.0969408726490944e-10,0.0010318008112157123,2.369112556382168e-05,0.0,134242.661135358,3082.3388646419976,137324.99999999997
nominal,10490.0,0.421792709827578,0.0021698862176171277,5.7485441301048215e-08,2.0903796836744803e-10,0.001031798717229071,2.369321955046295e-05,0.0,134242.38869678648,3082.6113032135227,137324.99999999997
nominal,10500.0,0.42182987087000595,0.002169892862626405,5.7305573166192374e-08,2.083839024225177e-10,0.001031796629794375,2.3695306985158843e-05,0.0,134242.11711065716,3082.8828893428195,137324.99999999997
nominal,10510.0,0.4218669156379956,0.002169899486843889,5.7126267826806694e-08,2.0773188300656978e-10,0.001031794548891124,2.3697387888409953e-05,0.0,134241.84637430287,3083.153625697121,137324.99999999997
nominal,10520.0,0.4219038444953621,0.0021699060903346353,5.694752352194091e-08,2.0708190371614872e-10,0.0010317924744988815,2.3699462280652744e-05,0.0,134241.57648506472,3083.4235149353185,137325.00000000003
nominal,10530.0,0.42194065780478207,0.0021699126731634967,5.676933849615535e-08,2.064339581678376e-10,0.0010317904065972744,2.3701530182259727e-05,0.0,134241.30744029203,3083.6925597079826,137325.00000000003
nominal,10540.0,0.42197735592779734,0.0021699192353951233,5.659171099950302e-08,2.057880399981928e-10,0.0010317883451659942,2.3703591613539672e-05,0.0,134241.03923734257,3083.9607626573884,137324.99999999997
nominal,10550.0,0.4220139392248186,0.002169925777093962,5.641463928751184e-08,2.051441428636794e-10,0.0010317862901847961,2.3705646594737802e-05,0.0,134240.77187358245,3084.228126417546,137324.99999999997
nominal,10560.0,0.4220504080551287,0.002169932298324259,5.623812162116885e-08,2.0450226044061396e-10,0.0010317842416334981,2.3707695146035998e-05,0.0,134240.5053463858,3084.4946536142224,137325.00000000003
nominal,10570.0,0.42208676277688667,0.0021699387991500584,5.606215626690074e-08,2.0386238642509357e-10,0.001031782199491981,2.3709737287552997e-05,0.0,134240.23965313504,3084.7603468649713,137325.00000000003
nominal,10580.0,0.42212300374713024,0.002169945279635205,5.5886741496561144e-08,2.0322451453294958e-10,0.0010317801637401895,2.3711773039344567e-05,0.0,134239.97479122083,3085.0252087791514,137325.00000000003
nominal,10590.0,0.42215913132178046,0.0021699517398433435,5.5711875587409024e-08,2.0258863849966915e-10,0.0010317781343581302,2.371380242140374e-05,0.0,134239.71075804203,3085.2892419579607,137324.99999999997
nominal,10600.0,0.42219514585564455,0.0021699581798379185,5.553755682209461e-08,2.0195475208034402e-10,0.001031776111325873,2.371582545366098e-05,0.0,134239.44755100555,3085.5524489944573,137325.00000000003
nominal,10610.0,0.42223104770242,0.0021699645996821775,5.536378348863928e-08,2.0132284904959733e-10,0.0010317740946235495,2.3717842155984414e-05,0.0,134239.1851675264,3085.814832473587,137324.99999999997
nominal,10620.0,0.42226683721469693,0.0021699709994391697,5.5190553880424204e-08,2.0069292320154253e-10,0.001031772084231354,2.3719852548179976e-05,0.0,134238.92360502778,3086.0763949722054,137324.99999999997
nominal,10630.0,0.4223025147439626,0.0021699773791717465,5.501786629616932e-08,2.0006496834970658e-10,0.0010317700801295425,2.372185664999163e-05,0.0,134238.6628609409,3086.337139059105,137325.00000000003
nominal,10640.0,0.42233808064060435,0.002169983738942563,5.484571903991741e-08,1.9943897832697238e-10,0.0010317680822984324,2.3723854481101577e-05,0.0,134238.40293270495,3086.5970672950425,137324.99999999997
nominal,10650.0,0.42237353525391336,0.0021699900788140778,5.467411042101781e-08,1.988149469855193e-10,0.0010317660907184034,2.3725846061130427e-05,0.0,134238.1438177672,3086.8561822327615,137324.99999999997
nominal,10660.0,0.4224088789320878,0.0021699963988485553,5.450303875411002e-08,1.9819286819676367e-10,0.0010317641053698967,2.37278314096374e-05,0.0,134237.88551358302,3087.114486417019,137325.00000000003
nominal,10670.0,0.4224441120222365,0.002170002699108064,5.433250235910598e-08,1.9757273585129446e-10,0.0010317621262334133,2.372981054612052e-05,0.0,134237.62801761535,3087.371982384609,137324.99999999997
nominal,10680.0,0.42247923487038175,0.0021700089796544784,5.4162499561176866e-08,1.9695454385882494e-10,0.0010317601532895174,2.3731783490016785e-05,0.0,134237.37132733566,3087.628672664386,137325.00000000003
nominal,10690.0,0.4225142478214636,0.002170015240549479,5.3993028690732335e-08,1.9633828614811754e-10,0.0010317581865188314,2.3733750260702392e-05,0.0,134237.11544022267,3087.884559777295,137324.99999999997
nominal,10700.0,0.4225491512193427,0.002170021481854555,5.382408808340611e-08,1.9572395666693128e-10,0.0010317562259020412,2.3735710877492914e-05,0.0,134236.86035376362,3088.139646236392,137325.00000000003
nominal,10710.0,0.4225839454068037,0.0021700277036310004,5.365567608004075e-08,1.9511154938196633e-10,0.0010317542714198904,2.3737665359643473e-05,0.0,134236.6060654531,3088.393934546869,137324.99999999997
nominal,10720.0,0.42261863072555883,0.00217003390593992,5.3487791026669115e-08,1.9450105827879676e-10,0.001031752323053185,2.3739613726348954e-05,0.0,134236.35257279393,3088.6474272060805,137324.99999999997
nominal,10730.0,0.42265320751625113,0.0021700400888422264,5.33204312744989e-08,1.9389247736181417e-10,0.0010317503807827897,2.3741555996744184e-05,0.0,134236.09987329642,3088.9001267035665,137324.99999999997
nominal,10740.0,0.42268767611845737,0.0021700462523986407,5.315359517989941e-08,1.9328580065417966e-10,0.00103174844458963,2.37434921899041e-05,0.0,134235.84796447892,3089.152035521076,137325.00000000003
nominal,10750.0,0.42272203687069254,0.0021700523966696962,5.2987281104378795e-08,1.9268102219774105e-10,0.0010317465144546898,2.3745422324843984e-05,0.0,134235.5968438674,3089.4031561325974,137324.99999999997
nominal,10760.0,0.4227562901104118,0.0021700585217157347,5.2821487414575154e-08,1.9207813605300054e-10,0.0010317445903590145,2.3747346420519598e-05,0.0,134235.34650899563,3089.6534910043724,137325.00000000003
nominal,10770.0,0.4227904361740149,0.0021700646275969104,5.265621248223536e-08,1.9147713629903763e-10,0.0010317426722837066,2.37492644958274e-05,0.0,134235.09695740507,3089.90304259493,137324.99999999997
nominal,10780.0,0.42282447539684853,0.0021700707143731887,5.2491454684202664e-08,1.9087801703346422e-10,0.0010317407602099293,2.3751176569604715e-05,0.0,134234.84818664487,3090.1518133551035,137324.99999999997
nominal,10790.0,0.4228584081132106,0.0021700767821043474,5.232721240239702e-08,1.902807723723528e-10,0.001031738854118904,2.375308266062995e-05,0.0,134234.60019427194,3090.399805728062,137324.99999999997
nominal,10800.0,0.4228922346563528,0.0021700828308499776,5.216348402380268e-08,1.8968539645019155e-10,0.0010317369539919114,2.3754982787622727e-05,0.0,134234.3529778507,3090.6470221493255,137325.00000000003
nominal,10810.0,0.42292595535848404,0.0021700888606694837,5.2000267940450416e-08,1.8909188341981967e-10,0.0010317350598102897,2.3756876969244115e-05,0.0,134234.10653495317,3090.8934650467963,137324.99999999997
nominal,10820.0,0.4229595705507737,0.002170094871622084,5.183756254940311e-08,1.8850022745237492e-10,0.0010317331715554371,2.375876522409678e-05,0.0,134233.8608631592,3091.139136840779,137324.99999999997
nominal,10830.0,0.4229930805633552,0.0021701008637668127,5.167536625273787e-08,1.879104227372286e-10,0.0010317312892088087,2.3760647570725192e-05,0.0,134233.61596005596,3091.3840399440037,137324.99999999997
nominal,10840.0,0.4230264857253289,0.0021701068371625175,5.151367745753206e-08,1.8732246348193472e-10,0.0010317294127519183,2.3762524027615792e-05,0.0,134233.37182323835,3091.6281767616547,137325.00000000003
nominal,10850.0,0.4230597863647653,0.002170112791867863,5.135249457584761e-08,1.867363439121731e-10,0.0010317275421663366,2.376439461319718e-05,0.0,134233.1284503086,3091.8715496913883,137324.99999999997
nominal,10860.0,0.4230929828087087,0.0021701187279413304,5.119181602471377e-08,1.861520582716864e-10,0.0010317256774336938,2.37662593458403e-05,0.0,134232.88583887662,3092.1141611233597,137325.00000000003
nominal,10870.0,0.4231260753831798,0.0021701246454412177,5.1031640226113984e-08,1.8556960082223266e-10,0.0010317238185356755,2.3768118243858603e-05,0.0,134232.64398655976,3092.3560134402446,137325.00000000003
nominal,10880.0,0.42315906441317913,0.0021701305444256397,5.08719656069699e-08,1.8498896584352688e-10,0.0010317219654540257,2.3769971325508238e-05,0.0,134232.40289098272,3092.5971090172634,137324.99999999997
nominal,10890.0,0.42319195022269057,0.0021701364249525307,5.071279059912347e-08,1.844101476331762e-10,0.0010317201181705457,2.377181860898824e-05,0.0,134232.16254977777,3092.8374502222046,137324.99999999997
nominal,10900.0,0.4232247331346843,0.002170142287079643,5.055411363932382e-08,1.8383314050663205e-10,0.0010317182766670931,2.37736601124407e-05,0.0,134231.92296058452,3093.077039415449,137324.99999999997
nominal,10910.0,0.42325741347111956,0.002170148130864548,5.039593316921256e-08,1.8325793879713654e-10,0.001031716440925583,2.3775495853950932e-05,0.0,134231.68412105,3093.3158789499903,137324.99999999997
nominal,10920.0,0.4232899915529487,0.0021701539563646374,5.023824763530552e-08,1.826845368556564e-10,0.0010317146109279863,2.3777325851547682e-05,0.0,134231.44602882856,3093.553971171462,137325.00000000003
nominal,10930.0,0.4233224677001196,0.0021701597636371237,5.008105548898031e-08,1.8211292905083747e-10,0.0010317127866563307,2.3779150123203274e-05,0.0,134231.20868158183,3093.791318418158,137324.99999999997
nominal,10940.0,0.42335484223157893,0.002170165552739039,4.99243551864602e-08,1.8154310976894617e-10,0.0010317109680927003,2.378096868683379e-05,0.0,134230.97207697894,3094.027923021053,137325.00000000003
nominal,10950.0,0.42338711546527574,0.002170171323727238,4.97681451887975e-08,1.8097507341380907e-10,0.0010317091552192348,2.3782781560299274e-05,0.0,134230.73621269618,3094.263787303832,137325.00000000003
nominal,10960.0,0.42341928771816373,0.0021701770766583976,4.961242396186222e-08,1.8040881440677168e-10,0.0010317073480181301,2.3784588761403866e-05,0.0,134230.5010864171,3094.498913582907,137324.99999999997
nominal,10970.0,0.42345135930620537,0.0021701828115890174,4.945718997632219e-08,1.7984432718662613e-10,0.001031705546471638,2.378639030789601e-05,0.0,134230.26669583257,3094.7333041674415,137325.00000000003
nominal,10980.0,0.4234833305443743,0.002170188528575419,4.930244170763108e-08,1.7928160620956756e-10,0.0010317037505620653,2.378818621746862e-05,0.0,134230.0330386406,3094.9669613593774,137324.99999999997
nominal,10990.0,0.42351520174665835,0.0021701942276737495,4.914817763601464e-08,1.787206459491441e-10,0.0010317019602717747,2.378997650775923e-05,0.0,134229.80011254654,3095.1998874534484,137324.99999999997
nominal,11000.0,0.42354697322606333,0.002170199908939979,4.899439624645152e-08,1.7816144089618731e-10,0.0010317001755831838,2.37917611963502e-05,0.0,134229.56791526277,3095.432084737213,137324.99999999997
nominal,11010.0,0.4235786452946156,0.002170205572429903,4.884109602866112e-08,1.7760398555876767e-10,0.0010316983964787651,2.3793540300768892e-05,0.0,134229.33644450895,3095.66355549107,137324.99999999997
nominal,11020.0,0.42361021826336503,0.002170211218199143,4.868827547708928e-08,1.7704827446214283e-10,0.0010316966229410463,2.3795313838487802e-05,0.0,134229.10569801173,3095.894301988284,137325.00000000003
nominal,11030.0,0.4236416924423883,0.0021702168463031447,4.8535933090892406e-08,1.7649430214869964e-10,0.001031694854952609,2.3797081826924762e-05,0.0,134228.87567350498,3096.124326495005,137324.99999999994
nominal,11040.0,0.42367306814079203,0.0021702224567971824,4.8384067373922215e-08,1.7594206317789894e-10,0.0010316930924960908,2.3798844283443113e-05,0.0,134228.6463687297,3096.3536312702936,137324.99999999997
nominal,11050.0,0.4237043456667154,0.0021702280497363563,4.823267683471314e-08,1.753915521262296e-10,0.001031691335554182,2.3800601225351855e-05,0.0,134228.41778143385,3096.582218566142,137324.99999999997
nominal,11060.0,0.4237355253273338,0.002170233625175594,4.8081759986464225e-08,1.748427635871426e-10,0.0010316895841096282,2.3802352669905845e-05,0.0,134228.1899093725,3096.8100906274963,137325.00000000003
nominal,11070.0,0.4237666074288611,0.002170239183169652,4.7931315347028855e-08,1.74295692171014e-10,0.001031687838145228,2.3804098634305934e-05,0.0,134227.96275030772,3097.037249692277,137324.99999999997
nominal,11080.0,0.42379759227655334,0.0021702447237731152,4.7781341438896225e-08,1.7375033250507716e-10,0.0010316860976438346,2.3805839135699166e-05,0.0,134227.73630200856,3097.263697991403,137324.99999999994
nominal,11090.0,0.4238284801747113,0.0021702502470403976,4.76318367891797e-08,1.7320667923338068e-10,0.0010316843625883551,2.3807574191178925e-05,0.0,134227.51056225118,3097.489437748814,137325.00000000003
nominal,11100.0,0.4238592714266836,0.0021702557530257427,4.748279992960091e-08,1.7266472701673055e-10,0.001031682632961749,2.3809303817785114e-05,0.0,134227.28552881852,3097.71447118149,137324.99999999997
nominal,11110.0,0.4238899663348697,0.0021702612417832247,4.733422939647582e-08,1.7212447053263933e-10,0.0010316809087470295,2.381102803250431e-05,0.0,134227.0611995005,3097.938800499472,137324.99999999997
nominal,11120.0,0.42392056520072313,0.002170266713366748,4.7186123730698695e-08,1.7158590447526796e-10,0.001031679189927264,2.3812746852269965e-05,0.0,134226.83757209408,3098.1624279058915,137324.99999999997
nominal,11130.0,0.4239510683247538,0.0021702721678300498,4.703848147773132e-08,1.710490235553866e-10,0.0010316774764855714,2.3814460293962518e-05,0.0,134226.61464440302,3098.3853555969813,137324.99999999997
nominal,11140.0,0.4239814760065316,0.0021702776052266973,4.689130118758585e-08,1.7051382250031216e-10,0.0010316757684051244,2.3816168374409606e-05,0.0,134226.3924142379,3098.607585762104,137324.99999999997
nominal,11150.0,0.42401178854468885,0.002170283025610091,4.674458141481125e-08,1.6998029605385908e-10,0.0010316740656691479,2.381787111038621e-05,0.0,134226.17087941626,3098.8291205837722,137325.00000000003
nominal,11160.0,0.42404200623692384,0.0021702884290334644,4.65983207184786e-08,1.6944843897628577e-10,0.001031672368260919,2.3819568518614825e-05,0.0,134225.9500377623,3099.0499622376706,137324.99999999994
nominal,11170.0,0.424072129380003,0.0021702938155498844,4.6452517662169086e-08,1.689182460442512e-10,0.0010316706761637684,2.382126061576562e-05,0.0,134225.72988710733,3099.270112892674,137324.99999999997
nominal,11180.0,0.42410215826976466,0.002170299185212252,4.630717081395573e-08,1.6838971205074806e-10,0.0010316689893610773,2.3822947418456614e-05,0.0,134225.51042528913,3099.489574710874,137324.99999999997
nominal,11190.0,0.4241320932011209,0.0021703045380733013,4.616227874639542e-08,1.6786283180507423e-10,0.0010316673078362801,2.382462894325381e-05,0.0,134225.2916501524,3099.708349847593,137324.99999999997
nominal,11200.0,0.42416193446806144,0.0021703098741856037,4.60178400365088e-08,1.6733760013275926e-10,0.0010316656315728626,2.382630520667139e-05,0.0,134225.0735595486,3099.926440451413,137324.99999999997
nominal,11210.0,0.42419168236365606,0.0021703151936015644,4.58738532657699e-08,1.668140118755269e-10,0.0010316639605543623,2.3827976225171868e-05,0.0,134224.8561513358,3100.1438486641923,137325.00000000003
nominal,11220.0,0.42422133718005756,0.0021703204963734253,4.5730317020090786e-08,1.662920618912392e-10,0.0010316622947643677,2.3829642015166238e-05,0.0,134224.6394233789,3100.3605766210867,137324.99999999997
nominal,11230.0,0.4242508992085044,0.0021703257825532642,4.558722988980915e-08,1.6577174505385143e-10,0.0010316606341865197,2.3831302593014145e-05,0.0,134224.4233735494,3100.5766264505714,137324.99999999997
nominal,11240.0,0.42428036873932407,0.0021703310521929975,4.544459046967203e-08,1.652530562533528e-10,0.0010316589788045099,2.3832957975024053e-05,0.0,134224.20799972554,3100.7920002744627,137324.99999999997
nominal,11250.0,0.42430974606193556,0.0021703363053443767,4.530239735882394e-08,1.6473599039572338e-10,0.0010316573286020805,2.38346081774534e-05,0.0,134223.99329979206,3101.006700207938,137324.99999999997
nominal,11260.0,0.424339031464852,0.002170341542058994,4.5160649160793734e-08,1.6422054240288627e-10,0.0010316556835630252,2.3836253216508742e-05,0.0,134223.77927164047,3101.2207283595544,137324.99999999997
nominal,11270.0,0.4243682252356843,0.002170346762388278,4.5019344483477583e-08,1.6370670721264574e-10,0.0010316540436711879,2.3837893108345938e-05,0.0,134223.56591316868,3101.434086831273,137324.99999999997
nominal,11280.0,0.4243973276611431,0.002170351966383498,4.487848193912889e-08,1.6319447977865048e-10,0.0010316524089104637,2.3839527869070293e-05,0.0,134223.35322228153,3101.646777718479,137325.00000000003
nominal,11290.0,0.42442633902704185,0.002170357154095762,4.4738060144343274e-08,1.6268385507033916e-10,0.0010316507792647975,2.3841157514736715e-05,0.0,134223.14119689004,3101.8588031099985,137325.00000000003
nominal,11300.0,0.4244552596183001,0.0021703623255760183,4.459807772004405e-08,1.6217482807288745e-10,0.001031649154718184,2.3842782061349887e-05,0.0,134222.92983491186,3102.0701650881247,137324.99999999997
nominal,11310.0,0.42448408971894563,0.002170367480875056,4.4458533291470166e-08,1.616673937871642e-10,0.0010316475352546697,2.3844401524864407e-05,0.0,134222.71913427138,3102.280865728633,137325.00000000003
nominal,11320.0,0.42451282961211745,0.0021703726200435042,4.431942548816255e-08,1.6116154722968198e-10,0.0010316459208583489,2.384601592118495e-05,0.0,134222.50909289916,3102.490907100806,137324.99999999997
nominal,11330.0,0.42454147958006877,0.002170377743131835,4.418075294394971e-08,1.6065728343254438e-10,0.0010316443115133676,2.3847625266166423e-05,0.0,134222.29970873252,3102.700291267449,137324.99999999997
nominal,11340.0,0.42457003990416975,0.0021703828501903623,4.4042514296934364e-08,1.6015459744339765e-10,0.00103164270720392,2.3849229575614146e-05,0.0,134222.0909797151,3102.9090202849166,137325.00000000003
nominal,11350.0,0.42459851086490996,0.002170387941269242,4.390470818948121e-08,1.5965348432538618e-10,0.00103164110791425,2.385082886528396e-05,0.0,134221.88290379688,3103.117096203125,137324.99999999997
nominal,11360.0,0.4246268927419016,0.0021703930164184734,4.3767333268202065e-08,1.591539391570984e-10,0.0010316395136286518,2.3852423150882428e-05,0.0,134221.67547893446,3103.3245210655805,137325.00000000003
nominal,11370.0,0.42465518581388156,0.0021703980756878996,4.363038818394475e-08,1.5865595703252635e-10,0.0010316379243314672,2.3854012448066946e-05,0.0,134221.46870309062,3103.531296909392,137325.00000000003
nominal,11380.0,0.424683390358715,0.002170403119127207,4.349387159177744e-08,1.5815953306100884e-10,0.001031636340007088,2.3855596772445935e-05,0.0,134221.2625742347,3103.7374257652964,137324.99999999997
nominal,11390.0,0.4247115066533975,0.0021704081467859267,4.335778215097636e-08,1.5766466236718673e-10,0.0010316347606399551,2.3857176139578975e-05,0.0,134221.05709034234,3103.942909657676,137325.00000000003
nominal,11400.0,0.42473953497405786,0.002170413158713436,4.3222118525013936e-08,1.5717134009095974e-10,0.0010316331862145571,2.385875056497696e-05,0.0,134220.85224939542,3104.147750604579,137325.00000000003
nominal,11410.0,0.424767475595961,0.002170418154958956,4.308687938154335e-08,1.5667956138743033e-10,0.0010316316167154318,2.3860320064102248e-05,0.0,134220.64804938226,3104.3519506177386,137325.00000000003
nominal,11420.0,0.4247953287935107,0.0021704231355715556,4.2952063392386335e-08,1.561893214268594e-10,0.001031630052127165,2.386188465236883e-05,0.0,134220.4444882974,3104.5555117025956,137324.99999999994
nominal,11430.0,0.42482309484025155,0.0021704281006001483,4.281766923352261e-08,1.5570061539462767e-10,0.0010316284924343916,2.3863444345142442e-05,0.0,134220.2415641417,3104.7584358583117,137325.00000000003
nominal,11440.0,0.4248507740088731,0.0021704330500934956,4.268369558507135e-08,1.5521343849116853e-10,0.0010316269376217933,2.3864999157740774e-05,0.0,134220.0392749222,3104.960725077798,137325.00000000003
nominal,11450.0,0.4248783665712108,0.002170437984100206,4.2550141131285556e-08,1.5472778593194746e-10,0.0010316253876741005,2.3866549105433552e-05,0.0,134219.83761865227,3105.162381347727,137325.00000000003
nominal,11460.0,0.4249058727982503,0.002170442902668737,4.241700456053111e-08,1.5424365294738582e-10,0.001031623842576091,2.3868094203442755e-05,0.0,134219.63659335143,3105.3634066485565,137324.99999999997
nominal,11470.0,0.4249332929601289,0.002170447805847393,4.228428456528052e-08,1.5376103478283824e-10,0.0010316223023125915,2.386963446694272e-05,0.0,134219.43619704546,3105.563802954546,137325.00000000003
nominal,11480.0,0.4249606273261388,0.002170452693684328,4.215197984209609e-08,1.5327992669853124e-10,0.0010316207668684737,2.3871169911060308e-05,0.0,134219.2364277662,3105.76357223378,137324.99999999997
nominal,11490.0,0.42498787616472944,0.0021704575662275455,4.202008909162028e-08,1.5280032396952828e-10,0.001031619236228659,2.3872700550875032e-05,0.0,134219.03728355182,3105.9627164481813,137324.99999999997
nominal,11500.0,0.4250150397435106,0.002170462423524898,4.1888611018558866e-08,1.523222218856686e-10,0.0010316177103781147,2.3874226401419255e-05,0.0,134218.83876244642,3106.161237553539,137324.99999999997
nominal,11510.0,0.4250421183292547,0.0021704672656240893,4.175754433167122e-08,1.5184561575153167e-10,0.0010316161893018556,2.3875747477678282e-05,0.0,134218.64086250047,3106.359137499519,137324.99999999997
nominal,11520.0,0.42506911218789917,0.002170472092572673,4.1626887743757787e-08,1.5137050088639193e-10,0.0010316146729849435,2.3877263794590537e-05,0.0,134218.44358177032,3106.556418229688,137325.00000000003
nominal,11530.0,0.42509602158454957,0.002170476904418055,4.149663997164561e-08,1.5089687262416582e-10,0.0010316131614124863,2.38787753670477e-05,0.0,134218.24691831847,3106.7530816815315,137324.99999999997
nominal,11540.0,0.42512284678348167,0.0021704817012074915,4.1366799736178345e-08,1.5042472631337578e-10,0.0010316116545696391,2.3880282209894852e-05,0.0,134218.0508702135,3106.9491297864715,137324.99999999997
nominal,11550.0,0.42514958804814473,0.002170486482988092,4.123736576219978e-08,1.499540573170901e-10,0.0010316101524416033,2.388178433793063e-05,0.0,134217.8554355301,3107.1445644698883,137324.99999999997
nominal,11560.0,0.4251762456411634,0.0021704912498068177,4.110833677854544e-08,1.4948486101289248e-10,0.0010316086550136267,2.3883281765907364e-05,0.0,134217.66061234887,3107.339387651136,137325.00000000003
nominal,11570.0,0.4252028198243407,0.002170496001710484,4.097971151802724e-08,1.4901713279282632e-10,0.0010316071622710028,2.3884774508531227e-05,0.0,134217.46639875643,3107.533601243565,137324.99999999997
nominal,11580.0,0.42522931085866067,0.0021705007387457587,4.085148871742176e-08,1.4855086806335183e-10,0.0010316056741990717,2.3886262580462387e-05,0.0,134217.27279284547,3107.72720715454,137325.00000000003
nominal,11590.0,0.42525571900429043,0.0021705054609591637,4.072366711745888e-08,1.4808606224530498e-10,0.001031604190783219,2.388774599631512e-05,0.0,134217.07979271456,3107.920207285453,137325.00000000003
nominal,11600.0,0.42528204452058327,0.0021705101683970763,4.059624546280823e-08,1.476227107738481e-10,0.001031602712008876,2.3889224770657996e-05,0.0,134216.88739646826,3108.1126035317525,137325.00000000003
nominal,11610.0,0.42530828766608086,0.0021705148611057276,4.046922250206769e-08,1.4716080909842793e-10,0.00103160123786152,2.389069891801399e-05,0.0,134216.69560221705,3108.304397782952,137324.99999999997
nominal,11620.0,0.4253344486985159,0.002170519539131205,4.034259698775074e-08,1.4670035268272995e-10,0.0010315997683266733,2.389216845286063e-05,0.0,134216.50440807734,3108.495591922654,137324.99999999997
nominal,11630.0,0.4253605278748147,0.0021705242025194505,4.021636767627378e-08,1.462413370046319e-10,0.0010315983033899038,2.3893633389630153e-05,0.0,134216.31381217143,3108.6861878285677,137324.99999999997
nominal,11640.0,0.4253865254511,0.0021705288513162633,4.009053332794311e-08,1.4578375755615675e-10,0.0010315968430368245,2.389509374270965e-05,0.0,134216.12381262748,3108.8761873725275,137325.00000000003
nominal,11650.0,0.4254124416826925,0.002170533485567299,3.9965092706946764e-08,1.4532760984344276e-10,0.0010315953872530926,2.3896549526441173e-05,0.0,134215.93440757945,3109.0655924205107,137324.99999999994
nominal,11660.0,0.42543827682411445,0.0021705381053180707,3.984004458133747e-08,1.448728893866817e-10,0.001031593936024412,2.389800075512191e-05,0.0,134215.74559516733,3109.2544048326554,137324.99999999997
nominal,11670.0,0.4254640311290917,0.0021705427106139485,3.97153877230227e-08,1.4441959172008252e-10,0.0010315924893365299,2.389944744300432e-05,0.0,134215.55737353672,3109.44262646328,137325.00000000003
nominal,11680.0,0.425489704850556,0.0021705473015001604,3.9591120907753866e-08,1.4396771239183224e-10,0.0010315910471752376,2.3900889604296246e-05,0.0,134215.36974083906,3109.630259160899,137324.99999999994
nominal,11690.0,0.4255152982406479,0.0021705518780217943,3.94672429151116e-08,1.4351724696404215e-10,0.0010315896095263728,2.3902327253161103e-05,0.0,134215.18269523175,3109.817304768248,137324.99999999997
nominal,11700.0,0.42554081155071877,0.002170556440223795,3.934375252849645e-08,1.4306819101271433e-10,0.001031588176375816,2.3903760403717963e-05,0.0,134214.9962348777,3110.00376512229,137324.99999999997
nominal,11710.0,0.42556624503133383,0.002170560988150968,3.9220648535114253e-08,1.4262054012768817e-10,0.0010315867477094923,2.390518907004174e-05,0.0,134214.81035794577,3110.189642054246,137325.00000000003
nominal,11720.0,0.4255915989322742,0.0021705655218479786,3.9097929725965977e-08,1.4217428991260355e-10,0.0010315853235133708,2.3906613266163303e-05,0.0,134214.62506261043,3110.374937389605,137325.00000000003
nominal,11730.0,0.42561687350253935,0.002170570041359352,3.8975594895836075e-08,1.4172943598485843e-10,0.0010315839037734645,2.390803300606962e-05,0.0,134214.44034705186,3110.5596529481427,137325.00000000003
nominal,11740.0,0.4256420689903497,0.0021705745467294735,3.885364284327957e-08,1.4128597397556203e-10,0.00103158248847583,2.390944830370389e-05,0.0,134214.25620945604,3110.743790543944,137324.99999999997
nominal,11750.0,0.425667185643149,0.002170579038002591,3.873207237061072e-08,1.408438995294935e-10,0.0010315810776065683,2.391085917296569e-05,0.0,134214.07264801458,3110.9273519854155,137324.99999999997
nominal,11760.0,0.4256922237076069,0.002170583515222812,3.861088228389074e-08,1.404032083050572e-10,0.0010315796711518228,2.391226562771111e-05,0.0,134213.88966092467,3111.1103390753065,137324.99999999997
nominal,11770.0,0.42571718342962084,0.0021705879784341083,3.84900713929188e-08,1.3996389597425018e-10,0.001031578269097781,2.391366768175286e-05,0.0,134213.70724638924,3111.292753610723,137324.99999999997
nominal,11780.0,0.42574206505431933,0.0021705924276803124,3.83696385112153e-08,1.395259582226011e-10,0.0010315768714306735,2.3915065348860465e-05,0.0,134213.52540261685,3111.4745973831514,137324.99999999997
nominal,11790.0,0.4257668688260637,0.00217059686300512,3.824958245601457e-08,1.3908939074914386e-10,0.0010315754781367735,2.391645864276035e-05,0.0,134213.3441278215,3111.6558721784713,137324.99999999997
nominal,11800.0,0.4257915949884506,0.0021706012844520902,3.8129902048251496e-08,1.3865418926636905e-10,0.0010315740892023978,2.3917847577135987e-05,0.0,134213.16342022302,3111.836579776974,137324.99999999994
nominal,11810.0,0.4258162437843146,0.002170605692064646,3.801059611255024e-08,1.382203495001827e-10,0.001031572704613906,2.3919232165628044e-05,0.0,134212.98327804662,3112.0167219533814,137325.00000000003
nominal,11820.0,0.42584081545573055,0.002170610085886074,3.7891663477211826e-08,1.3778786718986118e-10,0.0010315713243576996,2.3920612421834506e-05,0.0,134212.80369952315,3112.196300476862,137325.00000000003
nominal,11830.0,0.4258653102440155,0.0021706144659595266,3.777310297420513e-08,1.3735673808801863e-10,0.001031569948420223,2.3921988359310796e-05,0.0,134212.62468288894,3112.3753171110466,137324.99999999994
nominal,11840.0,0.4258897283897318,0.0021706188323280195,3.7654913439152494e-08,1.369269579605545e-10,0.001031568576787964,2.392335999156994e-05,0.0,134212.44622638595,3112.553773614051,137324.99999999997
nominal,11850.0,0.42591407013268906,0.002170623185034435,3.7537093711319363e-08,1.3649852258661587e-10,0.0010315672094474513,2.3924727332082684e-05,0.0,134212.2683282615,3112.7316717384892,137324.99999999997
nominal,11860.0,0.4259383357119463,0.00217062752412152,3.7419642633603884e-08,1.3607142775855955e-10,0.0010315658463852563,2.3926090394277608e-05,0.0,134212.09098676848,3112.909013231489,137324.99999999997
nominal,11870.0,0.4259625253658147,0.0021706318496318897,3.7302559052524104e-08,1.356456692819058e-10,0.0010315644875879928,2.3927449191541286e-05,0.0,134211.91420016528,3113.085799834714,137325.00000000003
nominal,11880.0,0.4259866393318597,0.0021706361616080244,3.718584181820792e-08,1.352212429753015e-10,0.0010315631330423155,2.3928803737218407e-05,0.0,134211.73796671562,3113.2620332843776,137324.99999999997
nominal,11890.0,0.42601067784690366,0.0021706404600922713,3.706948978437993e-08,1.3479814467047246e-10,0.0010315617827349219,2.3930154044611905e-05,0.0,134211.5622846887,3113.4377153112605,137324.99999999994
nominal,11900.0,0.42603464114702777,0.0021706447451268463,3.695350180835172e-08,1.3437637021218808e-10,0.0010315604366525509,2.393150012698309e-05,0.0,134211.38715235927,3113.6128476407284,137324.99999999997
nominal,11910.0,0.42605852946757433,0.0021706490167538316,3.683787675101168e-08,1.3395591545822427e-10,0.0010315590947819822,2.393284199755177e-05,0.0,134211.21256800723,3113.7874319927478,137324.99999999997
nominal,11920.0,0.42608234304314957,0.0021706532750151797,3.6722613476810704e-08,1.3353677627931163e-10,0.0010315577571100376,2.39341796694964e-05,0.0,134211.0385299181,3113.9614700819034,137325.00000000003
nominal,11930.0,0.4261060821076255,0.0021706575199527105,3.6607710853753425e-08,1.3311894855910333e-10,0.0010315564236235797,2.3935513155954195e-05,0.0,134210.86503638257,3114.134963617416,137324.99999999997
nominal,11940.0,0.42612974689414257,0.002170661751608113,3.6493167753385916e-08,1.3270242819413058e-10,0.0010315550943095129,2.393684247002127e-05,0.0,134210.69208569688,3114.3079143031573,137325.00000000003
nominal,11950.0,0.4261533376351113,0.002170665970022946,3.637898305078659e-08,1.322872110937694e-10,0.0010315537691547813,2.3938167624752746e-05,0.0,134210.51967616234,3114.480323837668,137324.99999999997
nominal,11960.0,0.42617685456221555,0.0021706701752386387,3.626515562455169e-08,1.3187329318018795e-10,0.0010315524481463712,2.3939488633162922e-05,0.0,134210.34780608583,3114.652193914176,137325.00000000003
nominal,11970.0,0.4262002979064139,0.0021706743672964906,3.6151684356787466e-08,1.3146067038831804e-10,0.0010315511312713088,2.3940805508225355e-05,0.0,134210.17647377943,3114.8235262206076,137325.00000000003
nominal,11980.0,0.42622366789794236,0.002170678546237671,3.603856813309777e-08,1.3104933866581005e-10,0.001031549818516661,2.3942118262873018e-05,0.0,134210.0056775604,3114.994322439611,137325.00000000003
nominal,11990.0,0.42624696476631674,0.002170682712103222,3.5925805842572426e-08,1.3063929397299063e-10,0.0010315485098695357,2.3943426909998422e-05,0.0,134209.83541575144,3115.1645842485686,137325.00000000003
nominal,12000.0,0.4262701887403344,0.0021706868649340556,3.581339637777885e-08,1.3023053228283218e-10,0.0010315472053170802,2.3944731462453727e-05,0.0,134209.66568668038,3115.334313319613,137324.99999999997
nominal,12010.0,0.426293340048077,0.002170691004770957,3.57013386347483e-08,1.2982304958090288e-10,0.0010315459048464831,2.3946031933050883e-05,0.0,134209.49648868036,3115.5035113196463,137325.00000000003
nominal,12020.0,0.4263164189169126,0.002170695131654583,3.558963151296654e-08,1.2941684186533285e-10,0.0010315446084449723,2.394732833456176e-05,0.0,134209.32782008965,3115.6721799103557,137325.00000000003
nominal,12030.0,0.4263394255734975,0.0021706992456254634,3.547827391536339e-08,1.2901190514677595e-10,0.0010315433160998158,2.3948620679718252e-05,0.0,134209.15967925178,3115.840320748225,137325.00000000003
nominal,12040.0,0.4263623602437792,0.0021707033467240023,3.5367264748300835e-08,1.2860823544836664e-10,0.0010315420277983217,2.3949908981212423e-05,0.0,134208.99206451545,3116.0079354845607,137325.00000000003
nominal,12050.0,0.42638522315299787,0.002170707434990475,3.525660292156361e-08,1.2820582880568584e-10,0.0010315407435278375,2.395119325169662e-05,0.0,134208.8249742345,3116.1750257654967,137325.00000000003
nominal,12060.0,0.42640801452568944,0.0021707115104650336,3.5146287348345024e-08,1.2780468126670916e-10,0.0010315394632757502,2.3952473503783617e-05,0.0,134208.65840676794,3116.3415932320213,137324.99999999994
nominal,12070.0,0.4264307345856868,0.0021707155731877023,3.5036316945241764e-08,1.2740478889178822e-10,0.0010315381870294872,2.395374975004671e-05,0.0,134208.49236048,3116.5076395199867,137324.99999999997
nominal,12080.0,0.4264533835561226,0.002170719623198381,3.49266906322396e-08,1.2700614775359852e-10,0.001031536914776514,2.3955022003019852e-05,0.0,134208.32683373985,3116.6731662601246,137324.99999999997
nominal,12090.0,0.42647596165943147,0.002170723660536845,3.48174073327029e-08,1.2660875393710143e-10,0.0010315356465043363,2.3956290275197785e-05,0.0,134208.16182492193,3116.838175078066,137325.00000000003
nominal,12100.0,0.4264984691173518,0.0021707276852427444,3.470846597336607e-08,1.2621260353951297e-10,0.0010315343822004978,2.395755457903615e-05,0.0,134207.99733240565,3117.002667594355,137324.99999999997
nominal,12110.0,0.4265209061509284,0.002170731697355606,3.45998654843203e-08,1.2581769267025563e-10,0.0010315331218525823,2.395881492695162e-05,0.0,134207.83335457553,3117.1666454244646,137324.99999999997
nominal,12120.0,0.42654327298051453,0.0021707356969148323,3.449160479900457e-08,1.254240174509257e-10,0.0010315318654482118,2.3960071331322025e-05,0.0,134207.66988982115,3117.3301101788165,137324.99999999997
nominal,12130.0,0.4265655698257736,0.0021707396839597028,3.438368285419655e-08,1.2503157401526016e-10,0.0010315306129750476,2.396132380448644e-05,0.0,134207.50693653722,3117.4930634627876,137324.99999999997
nominal,12140.0,0.42658779690568205,0.0021707436585293744,3.427609858999894e-08,1.2464035850908702e-10,0.0010315293644207887,2.3962572358745362e-05,0.0,134207.34449312324,3117.655506876737,137325.00000000003
nominal,12150.0,0.4266099544385311,0.002170747620662881,3.4168850949831306e-08,1.2425036709029565e-10,0.0010315281197731732,2.3963817006360783e-05,0.0,134207.182557984,3117.8174420160135,137324.99999999997
nominal,12160.0,0.4266320426419286,0.0021707515703991345,3.406193888042078e-08,1.2386159592880282e-10,0.0010315268790199775,2.396505775955632e-05,0.0,134207.02112952902,3117.978870470973,137324.99999999997
nominal,12170.0,0.426654061732802,0.002170755507776925,3.395536133178765e-08,1.2347404120650054e-10,0.0010315256421490166,2.396629463051736e-05,0.0,134206.860206173,3118.1397938269993,137324.99999999997
nominal,12180.0,0.42667601192739996,0.0021707594328349215,3.384911725723806e-08,1.2308769911722928e-10,0.001031524409148143,2.3967527631391174e-05,0.0,134206.6997863355,3118.3002136645146,137325.00000000003
nominal,12190.0,0.4266978934412941,0.002170763345611672,3.374320561335468e-08,1.2270256586674427e-10,0.001031523180005247,2.3968756774286986e-05,0.0,134206.539868441,3118.4601315589916,137324.99999999997
nominal,12200.0,0.42671970648938184,0.002170767246145603,3.3637625359984016e-08,1.2231863767266915e-10,0.0010315219547082576,2.3969982071276162e-05,0.0,134206.380450919,3118.6195490809782,137324.99999999994
nominal,12210.0,0.42674145128588825,0.0021707711344750224,3.3532375460226454e-08,1.2193591076445982e-10,0.0010315207332451419,2.397120353439229e-05,0.0,134206.2215322039,3118.7784677961076,137325.00000000003
nominal,12220.0,0.42676312804436806,0.0021707750106381165,3.3427454880427146e-08,1.2155438138337143e-10,0.0010315195156039027,2.397242117563131e-05,0.0,134206.0631107349,3118.9368892651137,137325.00000000003
nominal,12230.0,0.4267847369777075,0.0021707788746729534,3.332286259016702e-08,1.2117404578242552e-10,0.0010315183017725823,2.3973635006951612e-05,0.0,134205.90518495615,3119.094815043845,137324.99999999997
nominal,12240.0,0.42680627829812723,0.0021707827266174815,3.3218597562248686e-08,1.2079490022635884e-10,0.0010315170917392599,2.3974845040274187e-05,0.0,134205.74775331674,3119.2522466832843,137325.00000000003
nominal,12250.0,0.4268277522171832,0.0021707865665095303,3.311465877269137e-08,1.2041694099160496e-10,0.0010315158854920512,2.3976051287482706e-05,0.0,134205.59081427043,3119.40918572956,137324.99999999997
nominal,12260.0,0.42684915894577025,0.0021707903943868115,3.3011045200715344e-08,1.200401643662376e-10,0.00103151468301911,2.3977253760423682e-05,0.0,134205.43436627602,3119.565633723965,137324.99999999994
nominal,12270.0,0.4268704986941227,0.0021707942102869183,3.290775582873683e-08,1.196645666499521e-10,0.0010315134843086275,2.3978452470906547e-05,0.0,134205.278407797,3119.7215922029673,137324.99999999997
nominal,12280.0,0.4268917716718172,0.002170798014247327,3.280478964235605e-08,1.1929014415402198e-10,0.0010315122893488303,2.3979647430703777e-05,0.0,134205.12293730178,3119.877062698228,137325.00000000003
nominal,12290.0,0.4269129780877749,0.0021708018063053957,3.270214563034569e-08,1.1891689320125702e-10,0.0010315110981279829,2.3980838651551024e-05,0.0,134204.96795326337,3120.032046736616,137324.99999999997
nominal,12300.0,0.4269341181502629,0.002170805586498366,3.259982278464453e-08,1.1854481012598008e-10,0.0010315099106343866,2.3982026145147213e-05,0.0,134204.81345415974,3120.186545840223,137324.99999999994
nominal,12310.0,0.4269551920668968,0.002170809354863363,3.2497820100344115e-08,1.1817389127397858e-10,0.0010315087268563793,2.398320992315466e-05,0.0,134204.65943847364,3120.340561526376,137324.99999999997
nominal,12320.0,0.42697620004464254,0.002170813111437396,3.239613657568124e-08,1.1780413300247725e-10,0.0010315075467823348,2.3984389997199194e-05,0.0,134204.5059046923,3120.4940953076575,137324.99999999997
nominal,12330.0,0.4269971422898187,0.0021708168562573574,3.229477121202556e-08,1.174355316800929e-10,0.0010315063704006639,2.3985566378870278e-05,0.0,134204.3528513081,3120.6471486919163,137325.00000000003
nominal,12340.0,0.42701801900809816,0.002170820589360026,3.219372301387247e-08,1.1706808368680897e-10,0.0010315051976998127,2.3986739079721106e-05,0.0,134204.20027681772,3120.7997231822824,137324.99999999997
nominal,12350.0,0.4270388304045101,0.0021708243107820633,3.209299098883268e-08,1.16701785413937e-10,0.0010315040286682654,2.3987908111268714e-05,0.0,134204.04817972283,3120.951820277183,137325.00000000003
nominal,12360.0,0.4270595766834423,0.002170828020560018,3.199257414762125e-08,1.1633663326407725e-10,0.0010315028632945397,2.3989073484994108e-05,0.0,134203.8965585296,3121.1034414703568,137324.99999999994
nominal,12370.0,0.42708025804864314,0.0021708317187303238,3.189247150404873e-08,1.1597262365108629e-10,0.0010315017015671917,2.3990235212342376e-05,0.0,134203.74541174914,3121.2545882508693,137325.00000000003
nominal,12380.0,0.4271008747032233,0.0021708354053292995,3.179268207501195e-08,1.1560975300004345e-10,0.0010315005434748112,2.3991393304722786e-05,0.0,134203.59473789687,3121.405262103125,137325.00000000003
nominal,12390.0,0.427121426849658,0.0021708390803931513,3.1693204880483195e-08,1.152480177472116e-10,0.001031499389006025,2.399254777350891e-05,0.0,134203.4445354931,3121.5554645068864,137324.99999999997
nominal,12400.0,0.42714191468978907,0.002170842743957972,3.159403894350091e-08,1.148874143400033e-10,0.0010314982381494952,2.3993698630038744e-05,0.0,134203.29480306272,3121.705196937284,137324.99999999997
nominal,12410.0,0.4271623384248267,0.0021708463960597416,3.149518329016091e-08,1.1452793923694874e-10,0.0010314970908939193,2.3994845885614792e-05,0.0,134203.14553913518,3121.854460864834,137325.00000000003
nominal,12420.0,0.42718269825535127,0.0021708500367343263,3.1396636949607264e-08,1.1416958890766275e-10,0.0010314959472280298,2.3995989551504197e-05,0.0,134202.99674224458,3122.0032577554493,137325.00000000003
nominal,12430.0,0.4272029943813159,0.002170853666017482,3.129839895401981e-08,1.1381235983279928e-10,0.0010314948071405952,2.3997129638938853e-05,0.0,134202.84841092955,3122.1515890704586,137325.00000000003
nominal,12440.0,0.42722322700204796,0.002170857283944851,3.12004683386079e-08,1.1345624850402871e-10,0.0010314936706204184,2.399826615911551e-05,0.0,134202.70054373337,3122.2994562666167,137324.99999999997
nominal,12450.0,0.42724339631625097,0.0021708608905519657,3.110284414159961e-08,1.1310125142399857e-10,0.001031492537656338,2.3999399123195873e-05,0.0,134202.55313920387,3122.4468607961203,137324.99999999997
nominal,12460.0,0.42726350252200707,0.0021708644858742456,3.1005525404231364e-08,1.1274736510629586e-10,0.0010314914082372275,2.4000528542306747e-05,0.0,134202.40619589342,3122.5938041066247,137325.00000000003
nominal,12470.0,0.42728354581677824,0.0021708680699470003,3.090851117074072e-08,1.1239458607542079e-10,0.001031490282351994,2.4001654427540092e-05,0.0,134202.25971235873,3122.7402876412507,137324.99999999997
nominal,12480.0,0.42730352639740876,0.0021708716428054287,3.0811800488355695e-08,1.1204291086674796e-10,0.0010314891599895808,2.400277678995318e-05,0.0,134202.1136871614,3122.8863128386083,137325.00000000003
nominal,12490.0,0.42732344446012716,0.0021708752044846203,3.0715392407284053e-08,1.1169233602648746e-10,0.0010314880411389652,2.4003895640568685e-05,0.0,134201.9681188672,3123.031881132804,137324.99999999997
nominal,12500.0,0.42734330020054767,0.0021708787550195536,3.061928598070718e-08,1.1134285811166245e-10,0.0010314869257891592,2.4005010990374787e-05,0.0,134201.82300604653,3123.176993953457,137324.99999999997
nominal,12510.0,0.4273630938136729,0.002170882294445099,3.052348026476705e-08,1.1099447369006198e-10,0.0010314858139292087,2.400612285032529e-05,0.0,134201.67834727428,3123.3216527257155,137324.99999999997
nominal,12520.0,0.4273828254938948,0.002170885822796016,3.0427974318560937e-08,1.1064717934022158e-10,0.0010314847055481941,2.400723123133972e-05,0.0,134201.5341411297,3123.465858870265,137324.99999999997
nominal,12530.0,0.42740249543499736,0.0021708893401069566,3.0332767204129024e-08,1.1030097165137824e-10,0.0010314836006352305,2.4008336144303433e-05,0.0,134201.39038619664,3123.6096138033486,137324.99999999997
nominal,12540.0,0.4274221038301582,0.002170892846412465,3.0237857986446676e-08,1.0995584722344245e-10,0.0010314824991794662,2.400943760006773e-05,0.0,134201.24708106322,3123.7529189367765,137324.99999999997
nominal,12550.0,0.4274416508719504,0.0021708963417469756,3.0143245733415014e-08,1.0961180266696368e-10,0.001031481401170084,2.4010535609449956e-05,0.0,134201.10422432204,3123.8957756779414,137324.99999999997
nominal,12560.0,0.4274611367523448,0.0021708998261448166,3.004892951585033e-08,1.0926883460309211e-10,0.0010314803065963004,2.401163018323362e-05,0.0,134200.96181457015,3124.0381854298344,137325.00000000003
nominal,12570.0,0.4274805616627112,0.0021709032996402072,2.9954908407478053e-08,1.0892693966355654e-10,0.0010314792154473655,2.401272133216848e-05,0.0,134200.81985040894,3124.1801495910545,137324.99999999997
nominal,12580.0,0.42749992579382096,0.0021709067622672617,2.986118148492014e-08,1.0858611449061867e-10,0.0010314781277125634,2.401380906697066e-05,0.0,134200.67833044418,3124.321669555826,137324.99999999997
nominal,12590.0,0.42751922933584807,0.0021709102140599853,2.9767747827689905e-08,1.0824635573705419e-10,0.0010314770433812112,2.4014893398322756e-05,0.0,134200.537253286,3124.462746714009,137324.99999999997
nominal,12600.0,0.42753847247837207,0.002170913655052278,2.967460651817834e-08,1.0790766006610305e-10,0.00103147596244266,2.401597433687394e-05,0.0,134200.3966175489,3124.6033824511187,137325.00000000003
nominal,12610.0,0.4275576554103787,0.0021709170852779345,2.95817566416499e-08,1.0757002415145416e-10,0.001031474884886294,2.4017051893240055e-05,0.0,134200.25642185166,3124.7435781483287,137324.99999999997
nominal,12620.0,0.42757677832026286,0.002170920504770642,2.9489197286229566e-08,1.0723344467719842e-10,0.0010314738107015302,2.4018126078003736e-05,0.0,134200.1166648175,3124.8833351824965,137324.99999999997
nominal,12630.0,0.4275958413958298,0.0021709239135639835,2.939692754289577e-08,1.0689791833780279e-10,0.0010314727398778195,2.401919690171451e-05,0.0,134199.97734507383,3125.02265492617,137324.99999999997
nominal,12640.0,0.427614844824297,0.002170927311691437,2.9304946505472125e-08,1.0656344183808043e-10,0.0010314716724046452,2.4020264374888877e-05,0.0,134199.8384612524,3125.161538747602,137325.00000000003
nominal,12650.0,0.4276337887922964,0.0021709306991863748,2.9213253270616733e-08,1.0623001189315173e-10,0.0010314706082715237,2.4021328508010453e-05,0.0,134199.70001198925,3125.299988010764,137325.00000000003
nominal,12660.0,0.42765267348587577,0.0021709340760820654,2.9121846937814562e-08,1.0589762522841659e-10,0.001031469547468004,2.4022389311530036e-05,0.0,134199.56199592465,3125.43800407536,137325.00000000003
nominal,12670.0,0.427671499090501,0.0021709374424116732,2.9030726609367284e-08,1.0556627857951737e-10,0.0010314684899836682,2.4023446795865737e-05,0.0,134199.42441170316,3125.575588296839,137324.99999999997
nominal,12680.0,0.4276902657910573,0.0021709407982082587,2.8939891390387554e-08,1.0523596869231837e-10,0.001031467435808131,2.4024500971403053e-05,0.0,134199.2872579736,3125.712742026411,137325.00000000003
nominal,12690.0,0.4277089737718516,0.0021709441435047794,2.8849340388786626e-08,1.0490669232286044e-10,0.001031466384931039,2.4025551848494992e-05,0.0,134199.15053338895,3125.8494666110546,137325.00000000003
nominal,12700.0,0.42772762321661434,0.0021709474783340892,2.8759072715265878e-08,1.0457844623733044e-10,0.0010314653373420719,2.4026599437462185e-05,0.0,134199.01423660648,3125.9857633935367,137325.00000000003
nominal,12710.0,0.42774621430850074,0.002170950802728939,2.8669087483311628e-08,1.0425122721204226e-10,0.0010314642930309408,2.4027643748592948e-05,0.0,134198.87836628754,3126.121633712423,137324.99999999994
nominal,12720.0,0.42776474723009306,0.0021709541167219777,2.857938380918285e-08,1.0392503203339216e-10,0.0010314632519873906,2.4028684792143412e-05,0.0,134198.7429210979,3126.2570789020883,137325.00000000003
nominal,12730.0,0.4277832221634024,0.002170957420345752,2.8489960811903235e-08,1.0359985749782993e-10,0.0010314622142011964,2.4029722578337625e-05,0.0,134198.60789970728,3126.392100292735,137325.00000000003
nominal,12740.0,0.4278016392898702,0.0021709607136327063,2.8400817613254092e-08,1.0327570041183306e-10,0.0010314611796621662,2.4030757117367632e-05,0.0,134198.4733007896,3126.5266992104016,137324.99999999997
nominal,12750.0,0.42781999879037025,0.002170963996615184,2.8311953337763663e-08,1.0295255759186785e-10,0.0010314601483601405,2.40317884193936e-05,0.0,134198.33912302303,3126.6608769769773,137325.00000000003
nominal,12760.0,0.4278383008452104,0.002170967269325427,2.8223367112699807e-08,1.0263042586436293e-10,0.00103145912028499,2.4032816494543905e-05,0.0,134198.2053650898,3126.794634910218,137324.99999999997
nominal,12770.0,0.42785654563413433,0.002170970531795577,2.813505806806122e-08,1.0230930206567715e-10,0.0010314580954266187,2.403384135291522e-05,0.0,134198.07202567623,3126.927974323752,137324.99999999997
nominal,12780.0,0.42787473333632314,0.0021709737840576743,2.8047025336569386e-08,1.0198918304207049e-10,0.0010314570737749613,2.4034863004572627e-05,0.0,134197.9391034729,3127.0608965271012,137324.99999999997
nominal,12790.0,0.4278928641303976,0.002170977026143659,2.7959268053657987e-08,1.0167006564966539e-10,0.0010314560553199843,2.4035881459549732e-05,0.0,134197.80659717432,3127.1934028256883,137325.00000000003
nominal,12800.0,0.42791093819441933,0.0021709802580853715,2.78717853574674e-08,1.013519467544269e-10,0.0010314550400516852,2.403689672784873e-05,0.0,134197.67450547914,3127.3254945208505,137324.99999999997
nominal,12810.0,0.42792895570589295,0.0021709834799145526,2.778457638883347e-08,1.0103482323212169e-10,0.0010314540279600932,2.4037908819440525e-05,0.0,134197.5428270901,3127.4571729098566,137324.99999999994
nominal,12820.0,0.42794691684176756,0.002170986691662844,2.769764029128127e-08,1.0071869196829551e-10,0.0010314530190352693,2.4038917744264823e-05,0.0,134197.4115607141,3127.5884392859116,137325.00000000003
nominal,12830.0,0.42796482177843886,0.0021709898933617877,2.7610976211014185e-08,1.0040354985823338e-10,0.001031452013267304,2.403992351223024e-05,0.0,134197.28070506183,3127.7192949381797,137325.00000000003
nominal,12840.0,0.4279826706917503,0.0021709930850428278,2.7524583296909267e-08,1.0008939380694278e-10,0.0010314510106463196,2.4040926133214366e-05,0.0,134197.1502588482,3127.849741151786,137324.99999999997
nominal,12850.0,0.4280004637569952,0.002170996266737309,2.7438460700505365e-08,9.977622072911041e-11,0.00103145001116247,2.4041925617063898e-05,0.0,134197.02022079212,3127.979779207838,137324.99999999997
nominal,12860.0,0.4280182011489186,0.00217099943847648,2.735260757599582e-08,9.94640275490757e-11,0.0010314490148059393,2.404292197359473e-05,0.0,134196.89058961655,3128.109410383433,137324.99999999997
nominal,12870.0,0.4280358830417186,0.002171002600291489,2.7267023080221173e-08,9.915281120080425e-11,0.001031448021566942,2.404391521259203e-05,0.0,134196.76136404835,3128.238635951674,137324.99999999997
nominal,12880.0,0.42805350960904825,0.002171005752213388,2.7181706372659825e-08,9.884256862785389e-11,0.0010314470314357236,2.4044905343810356e-05,0.0,134196.63254281832,3128.3674571816796,137324.99999999997
nominal,12890.0,0.42807108102401714,0.002171008894273133,2.7096656615421175e-08,9.853329678334972e-11,0.0010314460444025603,2.4045892376973732e-05,0.0,134196.5041246614,3128.495875338596,137324.99999999997
nominal,12900.0,0.4280885974591936,0.002171012026501581,2.701187297323407e-08,9.822499262994207e-11,0.0010314450604577583,2.404687632177578e-05,0.0,134196.37610831638,3128.623891683613,137325.00000000003
nominal,12910.0,0.42810605908660565,0.002171015148929494,2.6927354613442463e-08,9.791765313979076e-11,0.0010314440795916543,2.4047857187879778e-05,0.0,134196.24849252604,3128.7515074739727,137325.00000000003
nominal,12920.0,0.4281234660777431,0.0021710182615875366,2.684310070599589e-08,9.76112752945305e-11,0.0010314431017946152,2.4048834984918756e-05,0.0,134196.121276037,3128.8787239629855,137324.99999999997
nominal,12930.0,0.4281408186035592,0.002171021364506279,2.6759110423440463e-08,9.730585608523804e-11,0.0010314421270570383,2.404980972249562e-05,0.0,134195.99445759994,3129.005542400037,137324.99999999997
nominal,12940.0,0.4281581168344725,0.002171024457716194,2.66753829409103e-08,9.700139251240107e-11,0.0010314411553693505,2.405078141018323e-05,0.0,134195.86803596935,3129.131964030607,137324.99999999994
nominal,12950.0,0.42817536094036807,0.0021710275412476607,2.659191743612254e-08,9.669788158590013e-11,0.0010314401867220094,2.4051750057524486e-05,0.0,134195.7420099037,3129.257990096276,137324.99999999997
nominal,12960.0,0.4281925510905994,0.002171030615130962,2.650871308936614e-08,9.639532032496776e-11,0.0010314392211055014,2.4052715674032423e-05,0.0,134195.61637816526,3129.3836218347396,137324.99999999997
nominal,12970.0,0.4282096874539903,0.0021710336793962855,2.6425769083494748e-08,9.60937057581627e-11,0.0010314382585103435,2.405367826919032e-05,0.0,134195.49113952016,3129.508860479823,137324.99999999997
nominal,12980.0,0.4282267701988362,0.0021710367340737266,2.6343084603918795e-08,9.579303492334106e-11,0.0010314372989270822,2.4054637852451786e-05,0.0,134195.3662927385,3129.6337072614883,137324.99999999997
nominal,12990.0,0.428243799492906,0.002171039779193284,2.6260658838598064e-08,9.549330486762931e-11,0.0010314363423462932,2.405559443324084e-05,0.0,134195.24183659413,3129.75816340585,137324.99999999997
nominal,13000.0,0.42826077550344355,0.0021710428147848643,2.617849097803259e-08,9.519451264739123e-11,0.001031435388758582,2.405654802095202e-05,0.0,134195.11776986482,3129.8822301351875,137324.99999999997
nominal,13010.0,0.42827769839716956,0.00217104584087828,2.6096580215255567e-08,9.489665532820205e-11,0.0010314344381545835,2.4057498624950472e-05,0.0,134194.99409133205,3130.005908667954,137324.99999999997
nominal,13020.0,0.42829456834028296,0.00217104885750325,2.6014925745825193e-08,9.459972998481887e-11,0.0010314334905249618,2.405844625457203e-05,0.0,134194.8707997812,3130.12920021879,137324.99999999997
nominal,13030.0,0.4283113854984628,0.0021710518646894,2.5933526767816097e-08,9.430373370114943e-11,0.0010314325458604106,2.405939091912333e-05,0.0,134194.74789400146,3130.2521059985374,137324.99999999997
nominal,13040.0,0.42832815003686964,0.0021710548624662646,2.5852382481812876e-08,9.400866357022862e-11,0.001031431604151652,2.4060332627881873e-05,0.0,134194.62537278573,3130.374627214248,137324.99999999997
nominal,13050.0,0.42834486212014716,0.002171057850863284,2.57714920909011e-08,9.37145166941858e-11,0.0010314306653894378,2.4061271390096142e-05,0.0,134194.5032349308,3130.4967650691974,137324.99999999997
nominal,13060.0,0.4283615219124239,0.002171060829909807,2.5690854800660634e-08,9.342129018422047e-11,0.0010314297295645485,2.406220721498567e-05,0.0,134194.38147923714,3130.6185207628946,137325.00000000003
nominal,13070.0,0.42837812957731514,0.0021710637996350908,2.561046981915496e-08,9.312898116056348e-11,0.0010314287966677927,2.4063140111741162e-05,0.0,134194.2601045089,3130.739895491098,137324.99999999997
nominal,13080.0,0.42839468527792396,0.0021710667600683014,2.553033635692734e-08,9.283758675246306e-11,0.0010314278666900094,2.4064070089524556e-05,0.0,134194.13910955418,3130.860890445824,137324.99999999997
nominal,13090.0,0.42841118917684307,0.0021710697112385124,2.545045362699079e-08,9.254710409814832e-11,0.001031426939622065,2.4064997157469113e-05,0.0,134194.01849318467,3130.9815068153584,137325.00000000003
nominal,13100.0,0.4284276414361567,0.0021710726531747075,2.537082084482e-08,9.225753034479998e-11,0.0010314260154548544,2.4065921324679537e-05,0.0,134193.89825421572,3131.101745784268,137324.99999999997
nominal,13110.0,0.42844404221744153,0.0021710755859057794,2.5291437228345744e-08,9.196886264852997e-11,0.001031425094179302,2.4066842600232022e-05,0.0,134193.7783914666,3131.2216085334153,137325.00000000003
nominal,13120.0,0.428460391681769,0.0021710785094605305,2.5212301997944712e-08,9.168109817434439e-11,0.0010314241757863594,2.406776099317438e-05,0.0,134193.65890376,3131.341096239967,137324.99999999994
nominal,13130.0,0.42847668998970656,0.0021710814238676724,2.5133414376433152e-08,9.139423409612054e-11,0.0010314232602670079,2.406867651252611e-05,0.0,134193.5397899226,3131.4602100774064,137324.99999999997
nominal,13140.0,0.42849293730131904,0.0021710843291558274,2.505477358905946e-08,9.110826759657984e-11,0.0010314223476122555,2.406958916727848e-05,0.0,134193.42104878445,3131.578951215545,137324.99999999997
nominal,13150.0,0.42850913377617067,0.0021710872253535283,2.4976378863495714e-08,9.082319586725713e-11,0.0010314214378131393,2.407049896639464e-05,0.0,134193.30267917944,3131.6973208205345,137324.99999999997
nominal,13160.0,0.4285252795733262,0.002171090112489219,2.489822942983121e-08,9.05390161084771e-11,0.0010314205308607242,2.4071405918809674e-05,0.0,134193.18467994512,3131.8153200548772,137324.99999999997
nominal,13170.0,0.42854137485135263,0.002171092990591253,2.482032452056463e-08,9.025572552932592e-11,0.0010314196267461034,2.407231003343072e-05,0.0,134193.06704992257,3131.932950077437,137325.00000000003
nominal,13180.0,0.42855741976832123,0.002171095859687897,2.474266337059398e-08,8.997332134761447e-11,0.001031418725460397,2.4073211319137063e-05,0.0,134192.94978795655,3132.0502120434558,137324.99999999997
nominal,13190.0,0.4285734144818083,0.0021710987198073272,2.466524521721332e-08,8.96918007898666e-11,0.001031417826994754,2.4074109784780174e-05,0.0,134192.83289289547,3132.1671071045557,137325.00000000003
nominal,13200.0,0.4285893591488973,0.002171101570977634,2.458806930010194e-08,8.941116109127978e-11,0.0010314169313403502,2.407500543918386e-05,0.0,134192.71636359126,3132.28363640876,137325.00000000003
nominal,13210.0,0.42860525392618004,0.0021711044132268174,2.4511134861318565e-08,8.913139949570386e-11,0.0010314160384883896,2.407589829114429e-05,0.0,134192.60019889948,3132.3998011004965,137324.99999999997
nominal,13220.0,0.4286210989697584,0.0021711072465827918,2.4434441145293815e-08,8.885251325561386e-11,0.0010314151484301039,2.407678834943013e-05,0.0,134192.4843976794,3132.5156023206137,137324.99999999997
nominal,13230.0,0.42863689443524583,0.0021711100710733833,2.4357987398822384e-08,8.857449963208138e-11,0.0010314142611567514,2.40776756227826e-05,0.0,134192.3689587936,3132.63104120639,137324.99999999997
nominal,13240.0,0.42865264047776896,0.002171112886726331,2.4281772871054774e-08,8.829735589474462e-11,0.0010314133766596185,2.4078560119915573e-05,0.0,134192.25388110848,3132.746118891546,137325.00000000003
nominal,13250.0,0.42866833725196885,0.002171115693569287,2.420579681349232e-08,8.802107932179025e-11,0.0010314124949300184,2.407944184951565e-05,0.0,134192.13916349373,3132.8608365062532,137325.00000000003
nominal,13260.0,0.4286839849120029,0.0021711184916298177,2.413005847997714e-08,8.774566719991686e-11,0.0010314116159592915,2.4080320820242263e-05,0.0,134192.0248048228,3132.97519517715,137324.99999999994
nominal,13270.0,0.4286995836115461,0.0021711212809354024,2.4054557126686185e-08,8.747111682431339e-11,0.0010314107397388062,2.4081197040727747e-05,0.0,134191.91080397266,3133.0891960273475,137324.99999999997
nominal,13280.0,0.42871513350379253,0.002171124061513435,2.3979292012124277e-08,8.719742549863371e-11,0.0010314098662599566,2.4082070519577422e-05,0.0,134191.79715982356,3133.2028401764414,137325.00000000003
nominal,13290.0,0.42873063474145684,0.002171126833391223,2.3904262397116995e-08,8.692459053497088e-11,0.0010314089955141643,2.408294126536967e-05,0.0,134191.68387125948,3133.316128740527,137324.99999999997
nominal,13300.0,0.4287460874767762,0.002171129596595989,2.3829467544800734e-08,8.665260925382084e-11,0.001031408127492878,2.408380928665607e-05,0.0,134191.5709371678,3133.429062832205,137324.99999999997
nominal,13310.0,0.42876149186151125,0.002171132351154871,2.3754906720618673e-08,8.638147898406789e-11,0.0010314072621875727,2.408467459196141e-05,0.0,134191.4583564394,3133.5416435605985,137325.00000000003
nominal,13320.0,0.42877684804694777,0.0021711350970949205,2.3680579192311995e-08,8.61111970629527e-11,0.00103140639958975,2.4085537189783816e-05,0.0,134191.34612796863,3133.6538720313565,137324.99999999997
nominal,13330.0,0.4287921561838981,0.002171137834443106,2.3606484229913847e-08,8.584176083605035e-11,0.001031405539690939,2.4086397088594824e-05,0.0,134191.23425065333,3133.76574934667,137324.99999999997
nominal,13340.0,0.42880741642270265,0.00217114056322631,2.3532621105741507e-08,8.557316765724183e-11,0.0010314046824826946,2.4087254296839454e-05,0.0,134191.1227233947,3133.87727660528,137325.00000000003
nominal,13350.0,0.42882262891323175,0.0021711432834713327,2.3458989094387487e-08,8.530541488868175e-11,0.0010314038279565976,2.408810882293632e-05,0.0,134191.01154509748,3133.988454902491,137324.99999999997
nominal,13360.0,0.4288377938048864,0.0021711459952048887,2.3385587472716044e-08,8.50384999007856e-11,0.0010314029761042563,2.4088960675277674e-05,0.0,134190.9007146698,3134.0992853301814,137324.99999999997
nominal,13370.0,0.4288529112466004,0.0021711486984536104,2.3312415519852694e-08,8.47724200721916e-11,0.0010314021269173044,2.4089809862229524e-05,0.0,134190.7902310232,3134.20976897681,137324.99999999997
nominal,13380.0,0.42886798138684146,0.0021711513932440463,2.3239472517179132e-08,8.450717278974229e-11,0.0010314012803874022,2.4090656392131696e-05,0.0,134190.68009307256,3134.319906927433,137324.99999999997
nominal,13390.0,0.4288830043736128,0.002171154079602661,2.3166757748324972e-08,8.424275544845442e-11,0.001031400436506236,2.409150027329793e-05,0.0,134190.57029973628,3134.4297002637104,137324.99999999997
nominal,13400.0,0.4288979803544545,0.002171156757555838,2.309427049916203e-08,8.397916545149828e-11,0.0010313995952655182,2.4092341514015935e-05,0.0,134190.4608499361,3134.5391500639175,137325.00000000003
nominal,13410.0,0.428912909476445,0.0021711594271298772,2.3022010057795853e-08,8.371640021016673e-11,0.0010313987566569864,2.4093180122547507e-05,0.0,134190.35174259703,3134.648257402955,137324.99999999997
nominal,13420.0,0.42892779188620245,0.002171162088350996,2.294997571456064e-08,8.345445714385686e-11,0.0010313979206724054,2.4094016107128577e-05,0.0,134190.24297664763,3134.7570233523625,137324.99999999997
nominal,13430.0,0.42894262772988645,0.0021711647412453305,2.2878166762009707e-08,8.319333368003529e-11,0.0010313970873035646,2.4094849475969317e-05,0.0,134190.13455101967,3134.865448980325,137324.99999999997
nominal,13440.0,0.4289574171531992,0.002171167385838934,2.28065824949102e-08,8.29330272542189e-11,0.0010313962565422798,2.4095680237254205e-05,0.0,134190.0264646483,3134.9735353516858,137324.99999999997
nominal,13450.0,0.4289721603013867,0.00217117002215778,2.2735222210237584e-08,8.267353530995484e-11,0.001031395428380392,2.4096508399142102e-05,0.0,134189.91871647205,3135.0812835279557,137325.00000000003
nominal,13460.0,0.4289868573192411,0.002171172650227759,2.2664085207164103e-08,8.241485529877855e-11,0.0010313946028097675,2.4097333969766362e-05,0.0,134189.81130543264,3135.1886945673264,137324.99999999997
nominal,13470.0,0.42900150835110074,0.002171175270074681,2.2593170787058148e-08,8.215698468021145e-11,0.0010313937798222992,2.409815695723486e-05,0.0,134189.70423047533,3135.295769524674,137325.00000000003
nominal,13480.0,0.42901611354085306,0.002171177881724276,2.2522478253471124e-08,8.189992092171317e-11,0.0010313929594099039,2.4098977369630133e-05,0.0,134189.59749054842,3135.402509451579,137324.99999999997
nominal,13490.0,0.42903067303193493,0.002171180485202192,2.245200691213491e-08,8.164366149867239e-11,0.0010313921415645248,2.4099795215009412e-05,0.0,134189.49108460368,3135.5089153963295,137325.00000000003
nominal,13500.0,0.4290451869673344,0.002171183080533999,2.2381756070954027e-08,8.138820389437826e-11,0.0010313913262781295,2.4100610501404716e-05,0.0,134189.3850115961,3135.6149884039323,137325.00000000003
nominal,13510.0,0.4290596554895923,0.0021711856677451846,2.2311725039997587e-08,8.113354559999121e-11,0.001031390513542711,2.4101423236822944e-05,0.0,134189.27927048385,3135.7207295161274,137324.99999999997
nominal,13520.0,0.4290740787408031,0.0021711882468611575,2.2241913131494742e-08,8.087968411452632e-11,0.0010313897033502881,2.410223342924592e-05,0.0,134189.1738602286,3135.826139771392,137325.00000000003
nominal,13530.0,0.4290884568626171,0.002171190817907248,2.217231965982547e-08,8.062661694481988e-11,0.0010313888956929036,2.410304108663052e-05,0.0,134189.06877979505,3135.9312202049555,137325.00000000003
nominal,13540.0,0.4291027899962411,0.0021711933809087053,2.2102943941515503e-08,8.037434160551091e-11,0.0010313880905626252,2.4103846216908702e-05,0.0,134188.96402815118,3136.035971848809,137324.99999999997
nominal,13550.0,0.42911707828244017,0.002171195935890701,2.20337852952289e-08,8.012285561901417e-11,0.0010313872879515464,2.4104648827987622e-05,0.0,134188.8596042683,3136.1403957317134,137325.00000000003
nominal,13560.0,0.4291313218615391,0.0021711984828783277,2.196484304176117e-08,7.987215651549515e-11,0.0010313864878517842,2.4105448927749687e-05,0.0,134188.75550712075,3136.2444928792115,137324.99999999997
nominal,13570.0,0.42914552087342317,0.002171201021896599,2.1896116504034417e-08,7.962224183285242e-11,0.0010313856902554816,2.410624652405264e-05,0.0,134188.6517356864,3136.3482643136354,137325.00000000003
nominal,13580.0,0.42915967545754047,0.0021712035529704503,2.182760500708768e-08,7.937310911668246e-11,0.0010313848951548042,2.4107041624729635e-05,0.0,134188.54828894587,3136.4517110541206,137324.99999999997
nominal,13590.0,0.4291737857529023,0.002171206076124739,2.175930787807356e-08,7.912475592026748e-11,0.0010313841025419448,2.410783423758932e-05,0.0,134188.4451658834,3136.5548341166127,137325.00000000003
nominal,13600.0,0.4291878518980855,0.0021712085913842454,2.169122444624795e-08,7.887717980453799e-11,0.001031383312409118,2.4108624370415914e-05,0.0,134188.3423654861,3136.657634513879,137324.99999999997
nominal,13610.0,0.4292018740312329,0.0021712110987736717,2.162335404296717e-08,7.863037833806242e-11,0.0010313825247485647,2.410941203096928e-05,0.0,134188.23988674447,3136.7601132555174,137324.99999999997
nominal,13620.0,0.4292158522900552,0.002171213598317643,2.1555696001678866e-08,7.838434909701404e-11,0.001031381739552549,2.4110197226984982e-05,0.0,134188.13772865201,3136.8622713479663,137324.99999999997
nominal,13630.0,0.4292297868118323,0.0021712160900407063,2.1488249657916712e-08,7.813908966515167e-11,0.0010313809568133596,2.411097996617441e-05,0.0,134188.03589020547,3136.964109794516,137324.99999999997
nominal,13640.0,0.42924367773341465,0.0021712185739673337,2.1421014349292368e-08,7.789459763379042e-11,0.0010313801765233094,2.4111760256224806e-05,0.0,134187.9343704047,3137.0656295953195,137325.00000000003
nominal,13650.0,0.4292575251912242,0.0021712210501219193,2.135398941549177e-08,7.765087060178825e-11,0.0010313793986747347,2.411253810479936e-05,0.0,134187.8331682526,3137.1668317473946,137325.00000000003
nominal,13660.0,0.42927132932125633,0.002171223518528781,2.128717419826518e-08,7.740790617550974e-11,0.0010313786232599967,2.4113313519537298e-05,0.0,134187.73228275534,3137.2677172446465,137324.99999999997
nominal,13670.0,0.4292850902590806,0.0021712259792121616,2.1220568041424328e-08,7.716570196881573e-11,0.00103137785027148,2.4114086508053918e-05,0.0,134187.6317129221,3137.368287077865,137324.99999999997
nominal,13680.0,0.4292988081398427,0.002171228432196227,2.1154170290832773e-08,7.692425560302825e-11,0.0010313770797015934,2.4114857077940717e-05,0.0,134187.5314577653,3137.4685422347416,137325.00000000003
nominal,13690.0,0.4293124830982654,0.002171230877505068,2.108798029440061e-08,7.668356470691131e-11,0.0010313763115427687,2.4115625236765426e-05,0.0,134187.4315163001,3137.5684836998794,137325.00000000003
nominal,13700.0,0.42932611526864983,0.0021712333151626996,2.1021997402078973e-08,7.64436269166508e-11,0.0010313755457874618,2.41163909920721e-05,0.0,134187.33188754518,3137.6681124548,137324.99999999997
nominal,13710.0,0.4293397047848769,0.0021712357451930623,2.095622096585303e-08,7.62044398758292e-11,0.001031374782428153,2.4117154351381187e-05,0.0,134187.23257052206,3137.76742947795,137325.00000000003
nominal,13720.0,0.42935325178040856,0.002171238167620021,2.0890650339735438e-08,7.596600123540159e-11,0.0010313740214573444,2.4117915322189604e-05,0.0,134187.1335642553,3137.8664357447196,137324.99999999997
nominal,13730.0,0.42936675638828914,0.002171240582467366,2.082528487976082e-08,7.57283086536757e-11,0.0010313732628675634,2.41186739119708e-05,0.0,134187.03486777257,3137.9651322274426,137325.00000000003
nominal,13740.0,0.4293802187411471,0.002171242989758814,2.0760123943976138e-08,7.549135979627685e-11,0.001031372506651359,2.4119430128174866e-05,0.0,134186.93648010454,3138.0635198954155,137324.99999999994
nominal,13750.0,0.42939363897119553,0.002171245389518007,2.0695166892439638e-08,7.525515233614413e-11,0.0010313717528013053,2.412018397822857e-05,0.0,134186.83840028508,3138.1615997148974,137324.99999999997
nominal,13760.0,0.4294070172102337,0.0021712477817685118,2.063041308721142e-08,7.501968395349606e-11,0.0010313710013099984,2.4120935469535425e-05,0.0,134186.74062735087,3138.259372649127,137324.99999999997
nominal,13770.0,0.4294203535896488,0.002171250166533824,2.0565861892347303e-08,7.478495233580837e-11,0.0010313702521700583,2.4121684609475797e-05,0.0,134186.64316034166,3138.356839658326,137325.00000000003
nominal,13780.0,0.42943364824041685,0.0021712525438373634,2.0501512673892356e-08,7.455095517779038e-11,0.001031369505374127,2.4122431405406963e-05,0.0,134186.54599830028,3138.4540016997153,137324.99999999997
nominal,13790.0,0.42944690129310414,0.0021712549137024775,2.0437364799875298e-08,7.43176901813647e-11,0.0010313687609148708,2.4123175864663174e-05,0.0,134186.44914027245,3138.5508597275184,137324.99999999997
nominal,13800.0,0.42946011287786806,0.002171257276152441,2.0373417640304045e-08,7.408515505565107e-11,0.0010313680187849783,2.412391799455572e-05,0.0,134186.35258530703,3138.647414692974,137324.99999999997
nominal,13810.0,0.42947328312445926,0.002171259631210455,2.0309670567154913e-08,7.385334751692694e-11,0.001031367278977161,2.412465780237304e-05,0.0,134186.25633245567,3138.7436675443446,137325.00000000003
nominal,13820.0,0.4294864121622219,0.0021712619788996487,2.0246122954372086e-08,7.362226528862576e-11,0.0010313665414841532,2.412539529538074e-05,0.0,134186.16038077307,3138.8396192269224,137324.99999999997
nominal,13830.0,0.4294995001200957,0.0021712643192430786,2.0182774177857136e-08,7.339190610129868e-11,0.0010313658062987123,2.4126130480821706e-05,0.0,134186.06472931695,3138.9352706830477,137324.99999999997
nominal,13840.0,0.429512547126617,0.002171266652263729,2.0119623615463834e-08,7.316226769259575e-11,0.001031365073413618,2.412686336591617e-05,0.0,134185.96937714794,3139.0306228521076,137325.00000000003
nominal,13850.0,0.4295255533099199,0.0021712689779845125,2.0056670646993596e-08,7.293334780724942e-11,0.0010313643428216722,2.412759395786176e-05,0.0,134185.87432332945,3139.1256766705524,137324.99999999997
nominal,13860.0,0.4295385187977374,0.0021712712964282697,1.9993914654188816e-08,7.270514419705023e-11,0.0010313636145157005,2.4128322263833583e-05,0.0,134185.7795669281,3139.2204330718996,137325.00000000003
nominal,13870.0,0.42955144371740317,0.0021712736076177704,1.9931355020724606e-08,7.247765462081674e-11,0.0010313628884885495,2.412904829098431e-05,0.0,134185.6851070132,3139.31489298675,137324.99999999997
nominal,13880.0,0.4295643281958521,0.002171275911575712,1.986899113220625e-08,7.225087684438635e-11,0.0010313621647330897,2.412977204644421e-05,0.0,134185.5909426572,3139.4090573427884,137324.99999999997
nominal,13890.0,0.4295771723596221,0.002171278208324722,1.980682237616085e-08,7.20248086405849e-11,0.0010313614432422126,2.4130493537321255e-05,0.0,134185.4970729352,3139.502927064799,137324.99999999997
nominal,13900.0,0.42958997633485524,0.002171280497887357,1.974484814203149e-08,7.179944778920542e-11,0.001031360724008833,2.413121277070118e-05,0.0,134185.40349692534,3139.5965030746734,137325.00000000003
nominal,13910.0,0.42960274024729866,0.002171282780286102,1.9683067821172168e-08,7.157479207698969e-11,0.0010313600070258864,2.413192975364754e-05,0.0,134185.31021370858,3139.689786291416,137324.99999999997
nominal,13920.0,0.4296154642223062,0.0021712850555433726,1.9621480806841533e-08,7.135083929760557e-11,0.0010313592922863322,2.4132644493201786e-05,0.0,134185.21722236887,3139.782777631157,137324.99999999997
nominal,13930.0,0.4296281483848394,0.002171287323681514,1.95600864941957e-08,7.112758725162073e-11,0.0010313585797831505,2.4133356996383356e-05,0.0,134185.12452199284,3139.8754780071617,137324.99999999997
nominal,13940.0,0.42964079285946905,0.0021712895847228017,1.94988842802839e-08,7.09050337464869e-11,0.0010313578695093442,2.4134067270189707e-05,0.0,134185.03211167015,3139.9678883298357,137324.99999999997
nominal,13950.0,0.4296533977703759,0.002171291838689441,1.9437873564041497e-08,7.068317659651453e-11,0.0010313571614579376,2.4134775321596407e-05,0.0,134184.93999049327,3140.0600095067357,137325.00000000003
nominal,13960.0,0.4296659632413521,0.0021712940856035683,1.9377053746286063e-08,7.046201362285841e-11,0.001031356455621977,2.4135481157557192e-05,0.0,134184.84815755746,3140.151842442581,137325.00000000003
nominal,13970.0,0.42967848939580267,0.00217129632548725,1.931642422970807e-08,7.024154265348388e-11,0.0010313557519945299,2.4136184785004054e-05,0.0,134184.75661196074,3140.2433880392578,137324.99999999997
nominal,13980.0,0.4296909763567464,0.002171298558362484,1.9255984418867817e-08,7.002176152315569e-11,0.001031355050568687,2.413688621084728e-05,0.0,134184.66535280418,3140.3346471958316,137325.00000000003
nominal,13990.0,0.42970342424681707,0.0021713007842511997,1.919573372018949e-08,6.980266807341632e-11,0.0010313543513375584,2.413758544197554e-05,0.0,134184.57437919144,3140.425620808554,137324.99999999997
nominal,14000.0,0.4297158331882649,0.0021713030031752572,1.9135671541953138e-08,6.958426015255687e-11,0.0010313536542942779,2.4138282485255953e-05,0.0,134184.48369022913,3140.516309770873,137324.99999999997
nominal,14010.0,0.4297282033029576,0.0021713052151564483,1.9075797294290622e-08,6.936653561560225e-11,0.001031352959432,2.4138977347534153e-05,0.0,134184.39328502657,3140.6067149734413,137325.00000000003
nominal,14020.0,0.42974053471238155,0.002171307420216497,1.901611038917939e-08,6.91494923242887e-11,0.0010313522667438995,2.413967003563435e-05,0.0,134184.30316269587,3140.696837304124,137324.99999999994
nominal,14030.0,0.4297528275376429,0.002171309618377059,1.8956610240437492e-08,6.893312814704543e-11,0.0010313515762231744,2.4140360556359406e-05,0.0,134184.21332235198,3140.786677648009,137324.99999999997
nominal,14040.0,0.42976508189946905,0.0021713118096597225,1.8897296263715955e-08,6.87174409589671e-11,0.0010313508878630432,2.4141048916490895e-05,0.0,134184.1237631126,3140.876236887415,137325.00000000003
nominal,14050.0,0.4297772979182093,0.0021713139940860073,1.8838167876496138e-08,6.850242864180413e-11,0.001031350201656745,2.4141735122789157e-05,0.0,134184.03448409814,3140.965515901896,137325.00000000003
nominal,14060.0,0.4297894757138368,0.0021713161716773676,1.8779224498079782e-08,6.828808908392647e-11,0.0010313495175975405,2.4142419181993407e-05,0.0,134183.94548443172,3141.0545155682607,137324.99999999997
nominal,14070.0,0.42980161540594913,0.0021713183424551885,1.8720465549586784e-08,6.807442018031557e-11,0.001031348835678712,2.4143101100821758e-05,0.0,134183.85676323943,3141.14323676057,137324.99999999997
nominal,14080.0,0.4298137171137697,0.0021713205064407895,1.866189045394789e-08,6.786141983253777e-11,0.0010313481558935627,2.4143780885971305e-05,0.0,134183.76831964985,3141.2316803501494,137324.99999999997
nominal,14090.0,0.42982578095614865,0.0021713226636554234,1.8603498635900672e-08,6.76490859487297e-11,0.0010313474782354158,2.414445854411818e-05,0.0,134183.6801527944,3141.3198472056006,137325.00000000003
nominal,14100.0,0.4298378070515646,0.0021713248141202756,1.8545289521980958e-08,6.743741644356711e-11,0.0010313468026976165,2.414513408191764e-05,0.0,134183.5922618072,3141.4077381928055,137325.00000000003
nominal,14110.0,0.42984979551812524,0.0021713269578564655,1.848726254051975e-08,6.722640923825363e-11,0.00103134612927353,2.4145807506004107e-05,0.0,134183.50464582507,3141.4953541749387,137325.00000000003
nominal,14120.0,0.42986174647356884,0.0021713290948850474,1.8429417121636462e-08,6.701606226049622e-11,0.0010313454579565426,2.414647882299126e-05,0.0,134183.4173039875,3141.5826960124728,137324.99999999997
nominal,14130.0,0.4298736600352652,0.0021713312252270084,1.8371752697233504e-08,6.680637344448547e-11,0.001031344788740062,2.4147148039472063e-05,0.0,134183.33023543682,3141.669764563187,137325.00000000003
nominal,14140.0,0.42988553632021675,0.0021713333489032705,1.8314268700992272e-08,6.659734073088098e-11,0.0010313441216175153,2.414781516201886e-05,0.0,134183.24343931783,3141.7565606821786,137325.00000000003
nominal,14150.0,0.42989737544506007,0.0021713354659346905,1.825696456836414e-08,6.638896206677869e-11,0.0010313434565823506,2.414848019718344e-05,0.0,134183.1569147781,3141.843085221867,137325.00000000003
nominal,14160.0,0.42990917752606667,0.0021713375763420593,1.8199839736567717e-08,6.618123540570078e-11,0.001031342793628037,2.4149143151497077e-05,0.0,134183.07066096802,3141.9293390320086,137325.00000000003
nominal,14170.0,0.4299209426791441,0.002171339680146104,1.8142893644583538e-08,6.597415870757649e-11,0.0010313421327480634,2.4149804031470613e-05,0.0,134182.9846770403,3142.015322959696,137324.99999999997
nominal,14180.0,0.42993267101983745,0.0021713417773674844,1.808612573314624e-08,6.57677299387136e-11,0.0010313414739359394,2.415046284359452e-05,0.0,134182.8989621506,3142.101037849372,137324.99999999997
nominal,14190.0,0.4299443626633304,0.002171343868026799,1.80295354447398e-08,6.556194707178109e-11,0.001031340817185195,2.4151119594338975e-05,0.0,134182.81351545712,3142.186484542842,137324.99999999997
nominal,14200.0,0.42995601772444597,0.0021713459521445788,1.797312222359435e-08,6.535680808579762e-11,0.00103134016248938,2.4151774290153888e-05,0.0,134182.7283361207,3142.2716638792726,137324.99999999997
nominal,14210.0,0.429967636317648,0.002171348029741292,1.7916885515677702e-08,6.515231096610073e-11,0.001031339509842065,2.4152426937469e-05,0.0,134182.6434233048,3142.356576695207,137325.00000000003
nominal,14220.0,0.429979218557042,0.002171350100837343,1.786082476869251e-08,6.494845370433639e-11,0.00103133885923684,2.4153077542693923e-05,0.0,134182.5587761754,3142.441223824568,137324.99999999997
nominal,14230.0,0.42999076455637686,0.002171352165453072,1.7804939432067996e-08,6.474523429842907e-11,0.0010313382106673158,2.415372611221823e-05,0.0,134182.47439390133,3142.525606098675,137324.99999999997
nominal,14240.0,0.4300022744290453,0.002171354223608755,1.7749228956956346e-08,6.454265075256852e-11,0.0010313375641271224,2.4154372652411502e-05,0.0,134182.39027565374,3142.6097243462395,137324.99999999997
nominal,14250.0,0.43001374828808514,0.0021713562753246053,1.7693692796228593e-08,6.434070107719486e-11,0.0010313369196099107,2.4155017169623364e-05,0.0,134182.30642060665,3142.6935793933835,137325.00000000003
nominal,14260.0,0.43002518624618075,0.002171358320620773,1.7638330404465612e-08,6.413938328896585e-11,0.0010313362771093503,2.4155659670183602e-05,0.0,134182.22282793635,3142.7771720636442,137324.99999999997
nominal,14270.0,0.4300365884156636,0.002171360359517344,1.7583141237956848e-08,6.393869541075216e-11,0.0010313356366191317,2.4156300160402173e-05,0.0,134182.13949682203,3142.8605031779816,137324.99999999997
nominal,14280.0,0.43004795490851416,0.0021713623920343434,1.7528124754691e-08,6.373863547160363e-11,0.0010313349981329648,2.4156938646569315e-05,0.0,134182.05642644523,3142.9435735547863,137325.00000000003
nominal,14290.0,0.43005928583636205,0.0021713644181917315,1.747328041435422e-08,6.353920150674261e-11,0.0010313343616445783,2.4157575134955566e-05,0.0,134181.9736159901,3143.026384009889,137324.99999999997
nominal,14300.0,0.4300705813104879,0.002171366438009408,1.741860767832239e-08,6.334039155753595e-11,0.0010313337271477222,2.4158209631811853e-05,0.0,134181.89106464342,3143.1089353565676,137325.00000000003
nominal,14310.0,0.4300818414418241,0.0021713684515072083,1.7364106009656874e-08,6.314220367147953e-11,0.0010313330946361645,2.4158842143369543e-05,0.0,134181.80877159446,3143.191228405555,137325.00000000003
nominal,14320.0,0.43009306634095584,0.0021713704587049075,1.7309774873099342e-08,6.294463590217942e-11,0.0010313324641036934,2.4159472675840502e-05,0.0,134181.72673603494,3143.273263965049,137324.99999999997
nominal,14330.0,0.43010425611812225,0.0021713724596222183,1.725561373506679e-08,6.274768630933378e-11,0.001031331835544117,2.4160101235417157e-05,0.0,134181.64495715933,3143.3550428407143,137325.00000000003
nominal,14340.0,0.43011541088321775,0.0021713744542787915,1.7201622063644444e-08,6.255135295870706e-11,0.0010313312089512616,2.4160727828272565e-05,0.0,134181.56343416433,3143.4365658356996,137325.00000000003
nominal,14350.0,0.4301265307457928,0.002171376442694217,1.7147799328582266e-08,6.235563392211732e-11,0.0010313305843189734,2.416135246056047e-05,0.0,134181.48216624933,3143.517833750639,137324.99999999997
nominal,14360.0,0.43013761581505494,0.0021713784248880218,1.7094145001290723e-08,6.21605272774208e-11,0.0010313299616411186,2.4161975138415353e-05,0.0,134181.40115261637,3143.5988473836583,137324.99999999997
nominal,14370.0,0.4301486661998704,0.0021713804008796737,1.704065855483136e-08,6.196603110847766e-11,0.0010313293409115814,2.4162595867952514e-05,0.0,134181.32039246958,3143.6796075303923,137324.99999999997
nominal,14380.0,0.4301596820087643,0.0021713823706885787,1.698733946391733e-08,6.177214350515391e-11,0.001031328722124266,2.4163214655268104e-05,0.0,134181.23988501602,3143.7601149839807,137325.00000000003
nominal,14390.0,0.4301706633499225,0.0021713843343340823,1.6934187204903968e-08,6.157886256328714e-11,0.0010313281052730947,2.4163831506439206e-05,0.0,134181.1596294649,3143.8403705350843,137324.99999999997
nominal,14400.0,0.43018161033119223,0.0021713862918354694,1.6881201255785096e-08,6.138618638467307e-11,0.00103132749035201,2.416444642752389e-05,0.0,134181.0796250281,3143.9203749718895,137324.99999999997
nominal,14410.0,0.4301925230600832,0.0021713882432119642,1.6828381096188773e-08,6.119411307705008e-11,0.0010313268773549727,2.416505942456126e-05,0.0,134180.99987091988,3144.0001290801138,137324.99999999997
nominal,14420.0,0.430203401643769,0.0021713901884827316,1.677572620736979e-08,6.100264075407194e-11,0.0010313262662759624,2.4165670503571542e-05,0.0,134180.92036635694,3144.079633643023,137324.99999999997
nominal,14430.0,0.43021424618908766,0.0021713921276668756,1.6723236072207328e-08,6.081176753529936e-11,0.001031325657108978,2.416627967055611e-05,0.0,134180.84111055857,3144.158889441425,137325.00000000003
nominal,14440.0,0.4302250568025428,0.002171394060783441,1.6670910175198517e-08,6.062149154617642e-11,0.0010313250498480363,2.4166886931497564e-05,0.0,134180.7621027463,3144.2378972536862,137324.99999999997
nominal,14450.0,0.43023583359030526,0.0021713959878514127,1.6618748002451853e-08,6.043181091800673e-11,0.0010313244444871742,2.4167492292359798e-05,0.0,134180.68334214424,3144.3166578557425,137324.99999999997
nominal,14460.0,0.4302465766582133,0.0021713979088897164,1.6566749041685517e-08,6.024272378794732e-11,0.001031323841020446,2.4168095759088026e-05,0.0,134180.6048279789,3144.395172021096,137325.00000000003
nominal,14470.0,0.4302572861117739,0.002171399823917219,1.6514912782221015e-08,6.00542282989855e-11,0.001031323239441925,2.416869733760886e-05,0.0,134180.52655947916,3144.473440520831,137324.99999999997
nominal,14480.0,0.4302679620561644,0.002171401732952727,1.6463238714975134e-08,5.986632259990957e-11,0.0010313226397457036,2.4169297033830392e-05,0.0,134180.44853587638,3144.5514641236196,137324.99999999997
nominal,14490.0,0.43027860459623263,0.00217140363601499,1.641172633246026e-08,5.967900484531002e-11,0.0010313220419258917,2.41698948536422e-05,0.0,134180.37075640424,3144.6292435957266,137324.99999999997
nominal,14500.0,0.43028921383649854,0.002171405533122697,1.6360375128775166e-08,5.949227319554606e-11,0.0010313214459766185,2.417049080291545e-05,0.0,134180.29322029898,3144.7067797010236,137324.99999999997
nominal,14510.0,0.430299789881155,0.0021714074242944795,1.630918459960194e-08,5.930612581673432e-11,0.0010313208518920312,2.4171084887502934e-05,0.0,134180.21592679905,3144.784073200986,137325.00000000003
nominal,14520.0,0.43031033283406883,0.0021714093095489113,1.6258154242201225e-08,5.912056088073172e-11,0.0010313202596662948,2.4171677113239125e-05,0.0,134180.1388751453,3144.8611248547104,137324.99999999997
nominal,14530.0,0.430320842798782,0.002171411188904507,1.620728355540533e-08,5.893557656511028e-11,0.0010313196692935938,2.4172267485940253e-05,0.0,134180.06206458108,3144.9379354189205,137325.00000000003
nominal,14540.0,0.43033131987851236,0.0021714130623797234,1.615657203961601e-08,5.875117105314911e-11,0.0010313190807681295,2.4172856011404336e-05,0.0,134179.98549435203,3145.0145056479664,137324.99999999997
nominal,14550.0,0.4303417641761547,0.0021714149299929602,1.6106019196798114e-08,5.856734253381133e-11,0.0010313184940841226,2.4173442695411254e-05,0.0,134179.90916370612,3145.0908362938408,137324.99999999997
nominal,14560.0,0.43035217579428214,0.0021714167917625585,1.605562453047398e-08,5.838408920172354e-11,0.0010313179092358111,2.417402754372281e-05,0.0,134179.8330718938,3145.1669281061854,137324.99999999997
nominal,14570.0,0.4303625548351468,0.0021714186477068036,1.600538754571939e-08,5.8201409257161414e-11,0.0010313173262174514,2.4174610562082774e-05,0.0,134179.7572181677,3145.242781832293,137325.00000000003
nominal,14580.0,0.4303729014006806,0.002171420497843922,1.5955307749160105e-08,5.801930090603673e-11,0.001031316745023317,2.417519175621694e-05,0.0,134179.68160178288,3145.3183982171217,137324.99999999997
nominal,14590.0,0.4303832155924967,0.0021714223421920847,1.5905384648964218e-08,5.7837762359869874e-11,0.0010313161656477009,2.4175771131833188e-05,0.0,134179.6062219967,3145.393778003294,137325.00000000003
nominal,14600.0,0.43039349751189043,0.0021714241807694037,1.5855617754839096e-08,5.7656791835778515e-11,0.0010313155880849125,2.4176348694621544e-05,0.0,134179.5310780689,3145.468921931113,137324.99999999997
nominal,14610.0,0.43040374725984004,0.002171426013593936,1.58060065780264e-08,5.747638755645962e-11,0.0010313150123292796,2.4176924450254225e-05,0.0,134179.45616926142,3145.543830738564,137324.99999999997
nominal,14620.0,0.4304139649370079,0.002171427840683682,1.5756550631296576e-08,5.729654775016936e-11,0.0010313144383751484,2.4177498404385704e-05,0.0,134179.38149483872,3145.6185051613224,137325.00000000003
nominal,14630.0,0.43042415064374123,0.0021714296620565857,1.5707249428945584e-08,5.71172706507112e-11,0.0010313138662168813,2.4178070562652754e-05,0.0,134179.30705406723,3145.6929459327625,137325.00000000003
nominal,14640.0,0.43043430448007336,0.0021714314777305337,1.565810248678885e-08,5.693855449741399e-11,0.0010313132958488594,2.4178640930674512e-05,0.0,134179.232846216,3145.7671537839633,137324.99999999997
nominal,14650.0,0.4304444265457248,0.0021714332877233586,1.5609109322155657e-08,5.676039753511147e-11,0.0010313127272654815,2.4179209514052547e-05,0.0,134179.15887055628,3145.8411294437174,137325.00000000003
nominal,14660.0,0.430454516940104,0.002171435092052836,1.5560269453885872e-08,5.6582798014130435e-11,0.0010313121604611632,2.4179776318370892e-05,0.0,134179.0851263615,3145.9148736385373,137325.00000000003
nominal,14670.0,0.43046457576230807,0.002171436890736686,1.551158240232644e-08,5.640575419027796e-11,0.0010313115954303379,2.41803413491961e-05,0.0,134179.01161290734,3145.9883870926606,137324.99999999997
nominal,14680.0,0.43047460311112423,0.0021714386837925733,1.5463047689323985e-08,5.622926432481448e-11,0.0010313110321674567,2.418090461207731e-05,0.0,134178.93832947194,3146.0616705280586,137324.99999999997
nominal,14690.0,0.4304845990850308,0.0021714404712381077,1.5414664838220557e-08,5.605332668443839e-11,0.0010313104706669877,2.4181466112546307e-05,0.0,134178.86527533556,3146.1347246644455,137324.99999999997
nominal,14700.0,0.4304945637821975,0.002171442253090844,1.536643337385132e-08,5.587793954127753e-11,0.0010313099109234163,2.4182025856117557e-05,0.0,134178.7924497807,3146.2075502192824,137324.99999999997
nominal,14710.0,0.4305044973004875,0.0021714440293682806,1.5318352822536395e-08,5.570310117285961e-11,0.0010313093529312456,2.4182583848288282e-05,0.0,134178.71985209218,3146.280147907786,137324.99999999997
nominal,14720.0,0.43051439973745725,0.0021714458000878633,1.5270422712079158e-08,5.552880986210601e-11,0.0010313087966849954,2.4183140094538494e-05,0.0,134178.64748155707,3146.352518442936,137324.99999999997
nominal,14730.0,0.43052427119035813,0.002171447565266981,1.5222642571760423e-08,5.5355063897310617e-11,0.001031308242179203,2.4183694600331065e-05,0.0,134178.57533746454,3146.424662535478,137325.00000000003
nominal,14740.0,0.43053411175613737,0.002171449324922971,1.5175011932332833e-08,5.518186157211939e-11,0.0010313076894084222,2.418424737111177e-05,0.0,134178.50341910604,3146.4965808939382,137324.99999999997
nominal,14750.0,0.4305439215314387,0.002171451079073114,1.51275303260181e-08,5.500920118552036e-11,0.0010313071383672248,2.4184798412309357e-05,0.0,134178.43172577542,3146.568274224622,137325.00000000003
nominal,14760.0,0.43055370061260334,0.0021714528277346373,1.5080197286502462e-08,5.483708104182712e-11,0.0010313065890501984,2.4185347729335556e-05,0.0,134178.36025676838,3146.639743231627,137324.99999999997
nominal,14770.0,0.4305634490956714,0.002171454570924715,1.5033012348929045e-08,5.4665499450651064e-11,0.001031306041451949,2.4185895327585203e-05,0.0,134178.28901138317,3146.710988616847,137325.00000000003
nominal,14780.0,0.4305731670763822,0.002171456308660466,1.4985975049897137e-08,5.449445472689867e-11,0.0010313054955670977,2.418644121243623e-05,0.0,134178.21798892002,3146.7820110799803,137324.99999999997
nominal,14790.0,0.4305828546501757,0.0021714580409589574,1.4939084927455297e-08,5.4323945190746527e-11,0.0010313049513902843,2.4186985389249752e-05,0.0,134178.14718868144,3146.852811318535,137325.00000000003
nominal,14800.0,0.43059251191219305,0.0021714597678372015,1.4892341521097864e-08,5.415396916762858e-11,0.001031304408916164,2.41875278633701e-05,0.0,134178.07660997217,3146.9233900278377,137325.00000000003
nominal,14810.0,0.4306021389572777,0.002171461489312158,1.4845744371760402e-08,5.398452498821964e-11,0.0010313038681394092,2.4188068640124888e-05,0.0,134178.00625209897,3146.9937479010373,137325.00000000003
nominal,14820.0,0.43061173587997653,0.0021714632054007335,1.4799293021814093e-08,5.381561098841487e-11,0.001031303329054709,2.4188607724825056e-05,0.0,134177.93611437088,3147.063885629115,137324.99999999997
nominal,14830.0,0.43062130277454036,0.0021714649161197817,1.475298701506266e-08,5.364722550931876e-11,0.0010313027916567692,2.4189145122764935e-05,0.0,134177.86619609912,3147.133803900892,137325.00000000003
nominal,14840.0,0.43063083973492544,0.0021714666214861034,1.4706825896735915e-08,5.3479366897221506e-11,0.0010313022559403117,2.4189680839222292e-05,0.0,134177.79649659697,3147.2035034030328,137324.99999999997
nominal,14850.0,0.4306403468547937,0.0021714683215164473,1.4660809213488484e-08,5.3312033503594483e-11,0.0010313017219000758,2.4190214879458367e-05,0.0,134177.72701517996,3147.2729848200506,137325.00000000003
nominal,14860.0,0.4306498242275141,0.0021714700162275085,1.4614936513392501e-08,5.314522368506363e-11,0.001031301189530816,2.4190747248717944e-05,0.0,134177.65775116568,3147.3422488343213,137324.99999999997
nominal,14870.0,0.43065927194616366,0.002171471705635931,1.4569207345933377e-08,5.2978935803394084e-11,0.0010313006588273045,2.4191277952229408e-05,0.0,134177.58870387392,3147.411296126084,137324.99999999997
nominal,14880.0,0.4306686901035278,0.002171473389758307,1.4523621262008102e-08,5.2813168225483997e-11,0.0010313001297843293,2.4191806995204764e-05,0.0,134177.51987262655,3147.4801273734474,137325.00000000003
nominal,14890.0,0.430678078792102,0.0021714750686111753,1.4478177813917095e-08,5.2647919323334886e-11,0.0010312996023966942,2.4192334382839724e-05,0.0,134177.45125674756,3147.548743252401,137324.99999999997
nominal,14900.0,0.43068743810409205,0.0021714767422110247,1.4432876555362612e-08,5.248318747404586e-11,0.0010312990766592203,2.4192860120313733e-05,0.0,134177.3828555632,3147.6171444368183,137324.99999999997
nominal,14910.0,0.4306967681314153,0.002171478410574291,1.4387717041443246e-08,5.231897105979362e-11,0.0010312985525667438,2.419338421279004e-05,0.0,134177.31466840152,3147.6853315984636,137324.99999999997
nominal,14920.0,0.4307060689657015,0.002171480073717359,1.4342698828649263e-08,5.215526846781549e-11,0.0010312980301141182,2.419390666541573e-05,0.0,134177.246694593,3147.7533054070004,137324.99999999997
nominal,14930.0,0.430715340698294,0.002171481731656563,1.4297821474858051e-08,5.1992078090392905e-11,0.0010312975092962124,2.4194427483321794e-05,0.0,134177.17893347002,3147.821066529997,137325.00000000003
nominal,14940.0,0.43072458342024983,0.0021714833844081846,1.4253084539331688e-08,5.182939832484249e-11,0.0010312969901079107,2.419494667162316e-05,0.0,134177.11138436705,3147.888615632933,137324.99999999997
nominal,14950.0,0.43073379722234134,0.002171485031988456,1.4208487582711218e-08,5.166722757349533e-11,0.0010312964725441155,2.4195464235418747e-05,0.0,134177.0440466208,3147.9559533792026,137325.00000000003
nominal,14960.0,0.430742982195057,0.0021714866744135582,1.4164030167011045e-08,5.1505564243676516e-11,0.0010312959565997423,2.4195980179791534e-05,0.0,134176.97691956986,3148.0230804301295,137324.99999999997
nominal,14970.0,0.430752138428602,0.0021714883116996215,1.4119711855617236e-08,5.1344406747699035e-11,0.0010312954422697254,2.419649450980858e-05,0.0,134176.91000255503,3148.0899974449644,137324.99999999997
nominal,14980.0,0.43076126601289905,0.002171489943862725,1.4075532213282548e-08,5.118375350284562e-11,0.001031294929549013,2.4197007230521092e-05,0.0,134176.84329491912,3148.156705080894,137325.00000000003
nominal,14990.0,0.43077036503759,0.002171491570918898,1.4031490806119753e-08,5.1023602931344546e-11,0.0010312944184325695,2.4197518346964488e-05,0.0,134176.77679600695,3148.2232039930536,137324.99999999997
nominal,15000.0,0.4307794355920359,0.00217149319288412,1.3987587201599946e-08,5.0863953460363434e-11,0.0010312939089153757,2.419802786415842e-05,0.0,134176.71050516548,3148.2894948345265,137325.00000000003
wet_low_load,0.0,0.0,0.0012035137566728954,1.2897066187705304e-05,4.689842250074655e-08,0.001055491936779534,0.0,0.0,137324.99999999997,0.0,137324.99999999997
wet_low_load,10.0,0.00830279098789863,0.0012038973507435453,1.273888055422018e-05,4.63232020153461e-08,0.0010554295601084842,4.6638987629327034e-07,0.0,137316.88447011914,60.67975275812189,137377.5642228773
wet_low_load,20.0,0.016503746237886002,0.0012042762399402196,1.2582635105756745e-05,4.5755036748206344e-08,0.0010553671636690366,9.270593680464638e-07,0.0,137308.7663682668,120.6152536848533,137429.38162195162
wet_low_load,30.0,0.024604114789897123,0.0012046504819693347,1.2428306045476842e-05,4.519384016537033e-08,0.0010553047477036555,1.3820786371583469e-06,0.0,137300.64572598872,179.8156312087614,137480.4613571975
wet_low_load,40.0,0.03260513036409037,0.0012050201338295239,1.2275869868416288e-05,4.463952679424104e-08,0.0010552423124518312,1.8315169849750435e-06,0.0,137292.52257444392,238.2899017960311,137530.81247623995
wet_low_load,50.0,0.0405080115487482,0.0012053852518203179,1.2125303357904965e-05,4.40920122105635e-08,0.0010551798581501157,2.275442862844918e-06,0.0,137284.39694440906,296.04697132371047,137580.44391573276
wet_low_load,60.0,0.04831396198587336,0.0012057458915507209,1.1976583582030826e-05,4.355121302556663e-08,0.0010551173850321617,2.7139238825440073e-06,0.0,137276.2688662835,353.0956364361137,137629.3645027196
wet_low_load,70.0,0.05602417055450852,0.0012061021079476785,1.1829687890147264e-05,4.3017046873262774e-08,0.0010550548933287544,3.1470268265735758e-06,0.0,137268.13837009366,409.44458588458633,137677.58295597823
wet_low_load,80.0,0.06363981155180759,0.0012064539552644447,1.168459390942333e-05,4.2489432397903014e-08,0.0010549923832678485,3.57481765833137e-06,0.0,137260.00548549756,465.10240185083916,137725.10788734842
wet_low_load,90.0,0.07116204487188613,0.0012068014870888434,1.1541279541436248e-05,4.196828924158635e-08,0.0010549298550746034,3.997361532158123e-06,0.0,137251.87024178973,520.0775612540502,137771.94780304376
wet_low_load,100.0,0.07859201618247809,0.0012071447563514318,1.1399722958805745e-05,4.145353803202088e-08,0.0010548673089714167,4.414722803260838e-06,0.0,137243.73266790513,574.378437041936,137818.1111049471
wet_low_load,110.0,0.08593085709942572,0.0012074838153335605,1.1259902601869636e-05,4.0945100370435036e-08,0.0010548047451779585,4.826965037514343e-06,0.0,137235.59279242405,628.0132994659841,137863.60609189008
wet_low_load,120.0,0.09317968535902957,0.0012078187156753367,1.1121797175400204e-05,4.0442898819637103e-08,0.0010547421639112043,5.234151021142656e-06,0.0,137227.45064357616,680.990317341051,137908.4409609172
wet_low_load,130.0,0.10033960498828436,0.0012081404912309484,1.0988868261911937e-05,3.9959520952407036e-08,0.0010546795653854676,5.6363427702815864e-06,0.0,137219.30624924472,733.3175592895035,137952.62380853423
wet_low_load,140.0,0.1074350976884394,0.0012082799086701186,1.0926447796833409e-05,3.9732537443030575e-08,0.0010546169546617416,6.034915487273787e-06,0.0,137211.16026789133,785.1739463008108,137996.33421419215
wet_low_load,150.0,0.11449028560526743,0.001208418534171376,1.0864381900976002e-05,3.950684327627636e-08,0.0010545543367317027,6.431224177273461e-06,0.0,137203.01334895907,836.7357716049986,138039.74912056405
wet_low_load,160.0,0.1215053976834842,0.0012085563722331945,1.0802668560267368e-05,3.928243112824497e-08,0.0010544917116362853,6.825281700714865e-06,0.0,137194.86549777375,888.0047084115656,138082.87020618533
wet_low_load,170.0,0.12848066156732246,0.0012086934273284945,1.0741305772075771e-05,3.9059293716639163e-08,0.0010544290794161912,7.217100844980666e-06,0.0,137186.71671963087,938.9824204256176,138125.6991400565
wet_low_load,180.0,0.13541630360791926,0.001208829703904789,1.0680291545145091e-05,3.88374238005276e-08,0.0010543664401118913,7.6066943248168994e-06,0.0,137178.5670197959,989.670561901857,138168.23758169773
wet_low_load,190.0,0.14231254887066108,0.0012089652063843278,1.0619623899530215e-05,3.861681418010987e-08,0.0010543037937636253,7.99407478274557e-06,0.0,137170.41640350423,1040.0707776982624,138210.4871812025
wet_low_load,200.0,0.14916962114248736,0.0012090999391642405,1.0559300866532787e-05,3.839745769648286e-08,0.0010542411404114063,8.379254789474907e-06,0.0,137162.2648759618,1090.1847033294678,138252.44957929125
wet_low_load,210.0,0.15598774293915246,0.0012092339066166798,1.0499320488637311e-05,3.81793472314084e-08,0.0010541784800950187,8.76224684430729e-06,0.0,137154.11244234475,1140.013965019832,138294.12640736456
wet_low_load,220.0,0.16276713551244662,0.0012093671130889627,1.0439680819447645e-05,3.796247570708234e-08,0.0010541158128540215,9.143063375544867e-06,0.0,137145.95910779992,1189.560179756216,138335.51928755612
wet_low_load,230.0,0.1695080188573754,0.0012094995629037125,1.0380379923623825e-05,3.774683608590481e-08,0.0010540531387277486,9.521716740892849e-06,0.0,137137.8048774448,1238.8249553404492,138376.6298327853
wet_low_load,240.0,0.17621061171929886,0.0012096312603589983,1.0321415876819276e-05,3.753242137025191e-08,0.001053990457755311,9.898219227860524e-06,0.0,137129.64975636808,1287.8098904415078,138417.45964680958
wet_low_load,250.0,0.18287513160102983,0.0012097622097284747,1.026278676561835e-05,3.731922460224854e-08,0.001053927769975597,1.0272583054160002e-05,0.0,137121.49374962915,1336.5165746473901,138458.01032427655
wet_low_load,260.0,0.18950179476989218,0.0012098924152615204,1.0204490687474249e-05,3.710723886354272e-08,0.001053865075427274,1.0644820368102682e-05,0.0,137113.336862259,1384.9465885167008,138498.28345077566
wet_low_load,270.0,0.19609081626473854,0.0012100218811833764,1.0146525750647278e-05,3.689645727508101e-08,0.0010538023741487907,1.1014943248993468e-05,0.0,137105.17909925987,1433.10150362994,138538.28060288978
wet_low_load,280.0,0.2026424099029287,0.0012101506116952829,1.0088890074143457e-05,3.668687299688529e-08,0.0010537396661783756,1.1382963707522755e-05,0.0,137097.02046560557,1480.9828826405035,138578.0033482461
wet_low_load,290.0,0.209156788287268,0.0012102786109746155,1.0031581787653488e-05,3.647847922783086e-08,0.0010536769515540419,1.1748893686156182e-05,0.0,137088.86096624177,1528.5922793253894,138617.45324556716
wet_low_load,300.0,0.2156341628129063,0.0012104058831750209,9.974599031492056e-06,3.627126920542566e-08,0.0010536142303135857,1.2112745059522165e-05,0.0,137080.700606086,1575.9312386356207,138656.63184472165
wet_low_load,310.0,0.2220747436741979,0.001210532432426552,9.917939956537487e-06,3.606523620559086e-08,0.001053551502494589,1.2474529634797238e-05,0.0,137072.5393900278,1623.0012967463788,138695.5406867742
wet_low_load,320.0,0.2284787398715227,0.0012106582628358014,9.861602724171734e-06,3.586037354244267e-08,0.00105348876813442,1.2834259152089207e-05,0.0,137064.37732292907,1669.8039811068545,138734.18130403594
wet_low_load,330.0,0.23484635921806818,0.0012107833784860346,9.805585506220722e-06,3.5656674568075347e-08,0.0010534260272702348,1.3191945284818125e-05,0.0,137056.21440962388,1716.340810489814,138772.5552201137
wet_low_load,340.0,0.24117780834657285,0.0012109077834373233,9.74988648489502e-06,3.545413267234552e-08,0.0010533632799389788,1.3547599640095083e-05,0.0,137048.05065491912,1762.6132950408826,138810.66394995997
wet_low_load,350.0,0.24747329271603197,0.0012110314817266763,9.694503852730848e-06,3.5252741282657626e-08,0.0010533005261773867,1.3901233759098888e-05,0.0,137039.88606359414,1808.622936327551,138848.50899992167
wet_low_load,360.0,0.2537330166183647,0.0012111544773681707,9.639435812531436e-06,3.505249386375067e-08,0.0010532377660219848,1.4252859117450573e-05,0.0,137031.72064040115,1854.3712273879037,138886.09186778907
wet_low_load,370.0,0.2599571831850434,0.0012112767743530828,9.584680577308683e-06,3.485338391748612e-08,0.0010531749995090925,1.4602487125585784e-05,0.0,137023.55439006558,1899.8596527790646,138923.41404284464
wet_low_load,380.0,0.2661459943936854,0.0012113983766500165,9.530236370225192e-06,3.465540498263706e-08,0.0010531122266748223,1.4950129129125064e-05,0.0,137015.3873172858,1945.0896886253765,138960.47700591115
wet_low_load,390.0,0.27229965107460724,0.0012115192882050335,9.476101424536594e-06,3.4458550634678525e-08,0.0010530494475550819,1.5295796409242006e-05,0.0,137007.2194267336,1990.062802666298,138997.28222939986
wet_low_load,400.0,0.2784183529173418,0.0012116395129417794,9.422273983534225e-06,3.4262814485578995e-08,0.0010529866621855745,1.5639500183029358e-05,0.0,136999.05072305413,2034.7804543040354,139033.83117735817
wet_low_load,410.0,0.2845022984771182,0.0012117590547616132,9.368752300488116e-06,3.406819018359314e-08,0.0010529238706018013,1.5981251603863e-05,0.0,136990.88121086633,2079.244094650899,139070.12530551723
wet_low_load,420.0,0.2905516851813053,0.0012118779175437325,9.315534638590306e-06,3.387467141305565e-08,0.0010528610728390612,1.6321061761763898e-05,0.0,136982.7108947627,2123.455166576395,139106.16606133908
wet_low_load,430.0,0.29656670933581813,0.0012119961051452997,9.262619270898494e-06,3.368225189417634e-08,0.0010527982689324529,1.6658941683757968e-05,0.0,136974.53977930988,2167.4151047540445,139141.9548840639
wet_low_load,440.0,0.30254865961403526,0.0012120893191389709,9.220195777403102e-06,3.352798464510218e-08,0.001052735459125604,1.6994963758060032e-05,0.0,136966.36789620496,2211.1333272677325,139177.5012234727
wet_low_load,450.0,0.30850906661073185,0.0012121495489998948,9.191617198326444e-06,3.3424062539368884e-08,0.0010526726456175108,1.7329775688879265e-05,0.0,136958.1955315489,2254.694103809557,139212.88963535844
wet_low_load,460.0,0.31445099894953654,0.0012122095921745615,9.163127200360401e-06,3.332046254676509e-08,0.0010526098289925807,1.7663549848975216e-05,0.0,136950.0227613761,2298.1198609735843,139248.14262234967
wet_low_load,470.0,0.3203745138938181,0.0012122694492416163,9.134725508942226e-06,3.3217183668880816e-08,0.0010525470092604746,1.7996289454983777e-05,0.0,136941.84958694357,2341.4110172609007,139283.26060420446
wet_low_load,480.0,0.32627966852945406,0.001212329120777912,9.106411850360196e-06,3.3114224910400706e-08,0.0010524841864308235,1.8327997713570682e-05,0.0,136933.67600950424,2384.5679898754265,139318.2439993797
wet_low_load,490.0,0.3321665197653805,0.0012123886073585124,9.078185951750976e-06,3.301158527909445e-08,0.0010524213605132284,1.8658677821462386e-05,0.0,136925.5020303073,2427.5911947279264,139353.09322503523
wet_low_load,500.0,0.3380351243341405,0.0012124479095566999,9.05004754109699e-06,3.290926378580723e-08,0.001052358531517261,1.8988332965476898e-05,0.0,136917.32765059813,2470.4810464400275,139387.80869703816
wet_low_load,510.0,0.3438855387924314,0.0012125070279439788,9.021996347223794e-06,3.2807259444450155e-08,0.0010522956994524623,1.9316966322554485e-05,0.0,136909.152871618,2513.2379583482107,139422.39082996617
wet_low_load,520.0,0.34971781952164926,0.001212565963090083,8.99403209979747e-06,3.27055712719908e-08,0.001052232864328345,1.964458105978828e-05,0.0,136900.97769460457,2555.8623425077913,139456.8400371124
wet_low_load,530.0,0.3555320227284325,0.0012126247155629802,8.966154529322015e-06,3.260419828844369e-08,0.0010521700261543912,1.997118033445482e-05,0.0,136892.80212079157,2598.354609696897,139491.15673048844
wet_low_load,540.0,0.3613282044452036,0.0012126832859288774,8.938363367136744e-06,3.250313951686088e-08,0.0010521071849400544,2.029676729404446e-05,0.0,136884.62615140885,2640.715169420421,139525.34132082926
wet_low_load,550.0,0.36710642053070885,0.0012127416747522266,8.910658345413706e-06,3.2402393983322564e-08,0.0010520443406947578,2.062134507629171e-05,0.0,136876.44978768248,2682.94442991397,139559.39421759642
wet_low_load,560.0,0.372866726670557,0.0012127998825957305,8.883039197155099e-06,3.230196071692763e-08,0.0010519814934278966,2.0944916809205473e-05,0.0,136868.27303083483,2725.0427981477997,139593.31582898262
wet_low_load,570.0,0.37860917837775565,0.0012128579100203476,8.855505656190695e-06,3.220183874978434e-08,0.001051918643148836,2.1267485611099196e-05,0.0,136860.0958820843,2767.0106798307347,139627.10656191505
wet_low_load,580.0,0.3843338309932461,0.0012129157575852976,8.828057457175283e-06,3.210202711700103e-08,0.001051855789866913,2.1589054590620896e-05,0.0,136851.91834264577,2808.848479414078,139660.76682205984
wet_low_load,590.0,0.39004073968643727,0.0012129734258480669,8.800694335586099e-06,3.2002524856676714e-08,0.0010517929335914346,2.1909626846783166e-05,0.0,136843.7404137301,2850.5566000955146,139694.29701382556
wet_low_load,600.0,0.395729959455737,0.001213030915364414,8.77341602772029e-06,3.1903331009891956e-08,0.0010517300743316798,2.222920546899301e-05,0.0,136835.56209654448,2892.13544382299,139727.6975403675
wet_low_load,610.0,0.40140154512908194,0.0012130882266883746,8.746222270692363e-06,3.18044446206995e-08,0.0010516672120968985,2.2547793537081605e-05,0.0,136827.38339229245,2933.585411298587,139760.96880359104
wet_low_load,620.0,0.407055551364466,0.0012131453603722673,8.719112802431657e-06,3.170586473611512e-08,0.0010516043468963123,2.2865394121334e-05,0.0,136819.2043021737,2974.906901982386,139794.1112041561
wet_low_load,630.0,0.4126920326504672,0.0012132023169666988,8.692087361679815e-06,3.1607590406108414e-08,0.0010515414787391128,2.318201028251871e-05,0.0,136811.0248273842,3016.100314096316,139827.1251414805
wet_low_load,640.0,0.4183110433067731,0.0012132590970205688,8.665145687988267e-06,3.150962068359369e-08,0.0010514786076344653,2.34976450719172e-05,0.0,136802.84496911636,3057.166044627995,139860.01101374437
wet_low_load,650.0,0.4239126374847037,0.0012133157010810764,8.63828752171572e-06,3.141195462442079e-08,0.0010514157335915055,2.38123015313533e-05,0.0,136794.66472855877,3098.1044893345484,139892.7692178933
wet_low_load,660.0,0.4294968691677335,0.0012133721296937237,8.611512604025654e-06,3.131459128736601e-08,0.0010513528566193403,2.4125982693222508e-05,0.0,136786.4841068963,3138.9160427464303,139925.40014964272
wet_low_load,670.0,0.43506379217201196,0.0012134283834023226,8.584820676883833e-06,3.1217529734123026e-08,0.0010512899767270492,2.4438691580521226e-05,0.0,136778.30310531022,3179.601098171223,139957.90420348145
wet_low_load,680.0,0.44061346014688185,0.0012134844627489992,8.558211483055808e-06,3.112076902929384e-08,0.001051227093923684,2.475043120687588e-05,0.0,136770.12172497823,3220.160047697424,139990.28177267566
wet_low_load,690.0,0.44614592657539653,0.0012135403682741993,8.531684766104451e-06,3.102430824037982e-08,0.0010511642082182667,2.5061204576571974e-05,0.0,136761.93996707417,3260.5932821982287,140022.53324927238
wet_low_load,700.0,0.4516612447748352,0.0012135961005166937,8.505240270387473e-06,3.0928146437772625e-08,0.0010511013196197936,2.5371014684583046e-05,0.0,136753.75783276846,3300.9011913353,140054.65902410378
wet_low_load,710.0,0.4571594678972169,0.0012136516600135827,8.478877741054966e-06,3.083228269474532e-08,0.0010510384281372305,2.567986451659952e-05,0.0,136745.57532322765,3341.0841635625156,140086.65948679013
wet_low_load,720.0,0.4626406489298124,0.0012137070473003026,8.452596924046948e-06,3.073671608744344e-08,0.001050975533779518,2.598775704905748e-05,0.0,136737.3924396149,3381.1425861297184,140118.53502574458
wet_low_load,730.0,0.4681048406956553,0.0012137622629106294,8.426397566090904e-06,3.064144569487601e-08,0.0010509126365555671,2.6294695249167363e-05,0.0,136729.20918308958,3421.0768450864434,140150.28602817602
wet_low_load,740.0,0.47355209585405084,0.0012138173073766854,8.40027941469936e-06,3.054647059890676e-08,0.0010508497364742624,2.6600682074942556e-05,0.0,136721.02555480765,3460.8873252856447,140181.9128800933
wet_low_load,750.0,0.47898246690108337,0.0012138721812289424,8.374242218167442e-06,3.045178988424524e-08,0.0010507868335444598,2.6905720475227886e-05,0.0,136712.8415559213,3500.5744103873976,140213.41596630868
wet_low_load,760.0,0.48439600617012213,0.0012139268849962292,8.34828572557045e-06,3.0357402638437996e-08,0.0010507239277749885,2.7209813389728045e-05,0.0,136704.6571875793,3540.1384828625974,140244.79567044188
wet_low_load,770.0,0.4897927658323262,0.0012139814192057346,8.32240968676144e-06,3.026330795185978e-08,0.001050661019174651,2.751296374903595e-05,0.0,136696.4724509268,3579.5799239966505,140276.05237492349
wet_low_load,780.0,0.4951727978971465,0.0012140357843830139,8.296613852368818e-06,3.016950491770479e-08,0.0010505981077522212,2.7815174474660926e-05,0.0,136688.28734710542,3618.8991138931415,140307.18646099858
wet_low_load,790.0,0.5005361539335592,0.0012140976358933438,8.266822382201661e-06,3.0061172298915123e-08,0.001050535193516404,2.8116448463369677e-05,0.0,136680.10187724768,3658.0964294365112,140338.1983066842
wet_low_load,800.0,0.5058684361205231,0.001214227649286422,8.200721965804647e-06,2.982080714838053e-08,0.0010504722743036414,2.841597695121956e-05,0.0,136671.91575986342,3697.0666462242275,140368.98240608766
wet_low_load,810.0,0.5111580820856585,0.001214356623109636,8.135150079578703e-06,2.9582363925740734e-08,0.0010504093483776876,2.8713110448968735e-05,0.0,136663.728769058,3735.725262322143,140399.45403138013
wet_low_load,820.0,0.5164054327425456,0.0012144845656752489,8.070102497466612e-06,2.9345827263514946e-08,0.00105034641579222,2.900786810664071e-05,0.0,136655.54091181513,3774.074769248087,140429.61568106327
wet_low_load,830.0,0.5216108262788649,0.0012146114852290598,8.005575027202151e-06,2.911118191709873e-08,0.0010502834766004878,2.9300268921137936e-05,0.0,136647.35219506285,3812.1176385980384,140459.46983366084
wet_low_load,840.0,0.5267745981781934,0.0012147373899509355,7.941563510039899e-06,2.8878412763781445e-08,0.0010502205308553128,2.959033173746616e-05,0.0,136639.16262567346,3849.856322205428,140489.0189478789
wet_low_load,850.0,0.5318970812416253,0.0012148622879553377,7.87806382048722e-06,2.8647504801771706e-08,0.0010501575786090963,2.9878075249948946e-05,0.0,136630.97221046477,3887.293252299146,140518.26546276393
wet_low_load,860.0,0.5369786056092216,0.001214986187291846,7.81507186603836e-06,2.84184431492304e-08,0.00105009461991382,3.016351800343253e-05,0.0,136622.78095619977,3924.4308416603053,140547.21179786007
wet_low_load,870.0,0.5420194987812871,0.0012151090959456766,7.752583586910713e-06,2.819121304331168e-08,0.0010500316548210493,3.0446678394481015e-05,0.0,136614.58886958743,3961.2714837777407,140575.86035336513
wet_low_load,880.0,0.5470200856394776,0.0012152310218381966,7.690594955783142e-06,2.796579983921142e-08,0.001049968683381938,3.072757467256202e-05,0.0,136606.3959572831,3997.817553002266,140604.21351028536
wet_low_load,890.0,0.5519806884677381,0.0012153519728274357,7.629101977536445e-06,2.774218900922343e-08,0.0010499057056472302,3.100622494122282e-05,0.0,136598.20222588888,4034.0714046997023,140632.27363058855
wet_low_load,900.0,0.5569016269730738,0.001215471956708591,7.568100688995864e-06,2.7520366141803134e-08,0.0010498427216672648,3.128264715925714e-05,0.0,136590.0076819541,4070.035375402675,140660.04305735673
wet_low_load,910.0,0.5617832183061555,0.0012155909812145305,7.507587158675654e-06,2.7300316940638735e-08,0.0010497797314919781,3.1556859141862586e-05,0.0,136581.81233197573,4105.711782961208,140687.52411493694
wet_low_load,920.0,0.566625777081759,0.0012157090540162918,7.447557486525716e-06,2.7082027223729872e-08,0.0010497167351709072,3.182887856178878e-05,0.0,136573.6161823988,4141.102926692102,140714.71910909092
wet_low_load,930.0,0.5714296153990417,0.001215826182723575,7.388007803680233e-06,2.6865482922473574e-08,0.001049653732753193,3.209872295047637e-05,0.0,136565.41923961687,4176.211087527124,140741.630327144
wet_low_load,940.0,0.576195042861658,0.0012159423748852344,7.328934272208327e-06,2.665067008075755e-08,0.0010495907242875828,3.236640969918696e-05,0.0,136557.2215099721,4211.038528160011,140768.2600381321
wet_low_load,950.0,0.580922366597712,0.0012160576379897652,7.270333084866707e-06,2.643757485406075e-08,0.001049527709822435,3.26319560601239e-05,0.0,136549.02299975627,4245.587493192307,140794.6104929486
wet_low_load,960.0,0.5856118912795528,0.0012161719794657846,7.2122004648542905e-06,2.6226183508561055e-08,0.0010494646894057213,3.289537914754423e-05,0.0,136540.82371521072,4279.860209278013,140820.68392448872
wet_low_load,970.0,0.5902639191434093,0.001216285406682512,7.154532665568803e-06,2.601648242025019e-08,0.0010494016630850302,3.3156695938861646e-05,0.0,136532.62366252692,4313.858885267103,140846.482547794
wet_low_load,980.0,0.5948787500088695,0.0012163979269502441,7.0973259703653005e-06,2.5808458074055633e-08,0.0010493386309075683,3.34159232757407e-05,0.0,136524.42284784676,4347.585712347878,140872.0085601946
wet_low_load,990.0,0.5994566812982044,0.0012165095475208244,7.040576692316636e-06,2.5602097062969582e-08,0.0010492755929201662,3.367307786518224e-05,0.0,136516.22127726307,4381.042864188192,140897.26414145125
wet_low_load,1000.0,0.603998008055535,0.0012166202755881125,6.9842811739758535e-06,2.539738608718492e-08,0.0010492125491692792,3.392817628060012e-05,0.0,136508.01895682,4414.232497075532,140922.2514538955
wet_low_load,1010.0,0.6085030229658495,0.0012167301182884462,6.928435787140449e-06,2.5194311953237995e-08,0.0010491494997009914,3.418123496288939e-05,0.0,136499.81589251326,4447.156750056001,140946.97264256925
wet_low_load,1020.0,0.6129720163738647,0.0012168390827011022,6.873036932618553e-06,2.4992861573158373e-08,0.001049086444561018,3.443227022148587e-05,0.0,136491.61209029073,4479.817745072169,140971.42983536288
wet_low_load,1030.0,0.6174052763027403,0.0012169471758487528,6.81808103999695e-06,2.4793021963625268e-08,0.0010490233837947094,3.468129823541731e-05,0.0,136483.40755605264,4512.217587099836,140995.62514315243
wet_low_load,1040.0,0.6218030884726408,0.0012170544046979173,6.763564567410981e-06,2.4594780245130838e-08,0.0010489603174470528,3.492833505434607e-05,0.0,136475.20229565207,4544.358364283697,141019.56065993579
wet_low_load,1050.0,0.6261657363191498,0.001217160776159412,6.709484001316264e-06,2.439812364115005e-08,0.0010488972455626761,3.517339659960357e-05,0.0,136466.99631489543,4576.242148071915,141043.23846296733
wet_low_load,1060.0,0.6304935010115381,0.001217266297088795,6.655835856262254e-06,2.4203039477317284e-08,0.0010488341681858498,3.541649866521635e-05,0.0,136458.78961954245,4607.87099334963,141066.66061289207
wet_low_load,1070.0,0.6347866614708837,0.0012173709742868083,6.602616674667606e-06,2.4009515180609473e-08,0.0010487710853604912,3.565765691892402e-05,0.0,136450.58221530702,4639.24693857139,141089.8291538784
wet_low_load,1080.0,0.639045494388049,0.0012174748144998164,6.549823026597338e-06,2.381753827853577e-08,0.0010487079971301665,3.5896886903189e-05,0.0,136442.37410785738,4670.3720058925355,141112.7461137499
wet_low_load,1090.0,0.643270274241513,0.0012175778244202403,6.49745150954177e-06,2.3627096398333706e-08,0.0010486449035380923,3.613420403619827e-05,0.0,136434.16530281617,4701.248201299516,141135.41350411566
wet_low_load,1100.0,0.6474612733150605,0.0012176800106869893,6.445498748197246e-06,2.3438177266171797e-08,0.0010485818046271406,3.636962361285701e-05,0.0,136425.95580576124,4731.877514739183,141157.83332050045
wet_low_load,1110.0,0.6516187617153322,0.0012177813798858895,6.3939613942485835e-06,2.3250768706358483e-08,0.0010485187004398407,3.660316080577437e-05,0.0,136417.745622226,4762.261920247035,141180.00754247306
wet_low_load,1120.0,0.6557430073892311,0.0012178819385501069,6.342836126153288e-06,2.3064858640557406e-08,0.0010484555910183814,3.6834830666241324e-05,0.0,136409.53475769932,4792.403376074441,141201.93813377377
wet_low_load,1130.0,0.6598342761411925,0.0012179816931605692,6.2921196489274795e-06,2.2880435087009014e-08,0.0010483924764046139,3.706464812520072e-05,0.0,136401.3232176263,4822.303824814858,141223.62704244113
wet_low_load,1140.0,0.663892831650315,0.001218080650146384,6.241808693933529e-06,2.2697486159758283e-08,0.001048329356640056,3.7292627994209574e-05,0.0,136393.11100740862,4851.9651935290185,141245.07620093765
wet_low_load,1150.0,0.6679189354873534,0.0012181788158852525,6.191900018669406e-06,2.2516000067888746e-08,0.0010482662317658922,3.7518784966393625e-05,0.0,136384.89813240457,4881.389393869131,141266.2875262737
wet_low_load,1160.0,0.671912847131578,0.00121827619670388,6.1423904065596905e-06,2.233596511476251e-08,0.0010482031018229784,3.7743133617394365e-05,0.0,136376.6845979297,4910.578322202093,141287.26292013182
wet_low_load,1170.0,0.6758748239874968,0.001218372798878385,6.09327666674828e-06,2.215736969726647e-08,0.0010481399668518438,3.796568840630836e-05,0.0,136368.4704092572,4939.533859731696,141308.0042689889
wet_low_load,1180.0,0.6798051214014459,0.0012184686286347026,6.044555633892729e-06,2.1980202305064465e-08,0.0010480768268926934,3.8186463676619164e-05,0.0,136360.2555716178,4968.257872619882,141328.51344423767
wet_low_load,1190.0,0.6837039926780456,0.0012185636921489863,5.996224167960253e-06,2.1804451519855463e-08,0.00104801368198541,3.840547365712175e-05,0.0,136352.04009020052,4996.752212107007,141348.79230230753
wet_low_load,1200.0,0.6875716890965264,0.001218657995548006,5.94827915402535e-06,2.1630106014637632e-08,0.001047950532169559,3.862273246283953e-05,0.0,136343.82397015305,5025.018714631152,141368.8426847842
wet_low_load,1210.0,0.6914084599269226,0.0012187515449095423,5.9007175020690606e-06,2.1457154552978396e-08,0.0010478873774843885,3.8838254095934014e-05,0.0,136335.6072165817,5053.059201946481,141388.6664185282
wet_low_load,1220.0,0.6952145524461392,0.0012188443462627795,5.853536146779793e-06,2.1285585988290156e-08,0.001047824217968833,3.905205244660735e-05,0.0,136327.38983455213,5080.875481240663,141408.2653157928
wet_low_load,1230.0,0.6989902119538869,0.0012189364055886923,5.806732047355797e-06,2.1115389263111984e-08,0.0010477610536615155,3.926414129399741e-05,0.0,136319.17182908935,5108.469345251321,141427.64117434068
wet_low_load,1240.0,0.7027249226272102,0.0012191427703027056,5.708088995515133e-06,2.0756687256418662e-08,0.0010476978827033134,3.947392993632999e-05,0.0,136310.95295831186,5135.7639406001235,141446.71689891195
wet_low_load,1250.0,0.7063862433444724,0.0012193869688430228,5.592367222701368e-06,2.0335880809823153e-08,0.0010476346993652098,3.967959606942701e-05,0.0,136302.73247684466,5162.522176019451,141465.2546528641
wet_low_load,1260.0,0.7099733370262811,0.0012196262166742626,5.478991511540409e-06,1.9923605496510577e-08,0.0010475715034882907,3.988109267231024e-05,0.0,136294.5103640122,5188.737933835059,141483.24829784728
wet_low_load,1270.0,0.7134877084992323,0.0012198606141636114,5.367914299631987e-06,1.9519688362298132e-08,0.0010475082953267593,4.0078504275096254e-05,0.0,136286.28665288773,5214.42221185551,141500.70886474324
wet_low_load,1280.0,0.7169308320821287,0.0012200902596434817,5.259088988822394e-06,1.9123959959354158e-08,0.001047445075129665,4.027191369419762e-05,0.0,136278.0613758738,5239.5857849275435,141517.64716080137
wet_low_load,1290.0,0.7203041522044725,0.001220315249452764,5.152469925656064e-06,1.8736254275112958e-08,0.0010473818431410088,4.046140206706532e-05,0.0,136269.83456471624,5264.239209456255,141534.0737741725
wet_low_load,1300.0,0.7236090840124202,0.0012205356779772425,5.048012382223407e-06,1.835640866263057e-08,0.001047318599599844,4.064704888622685e-05,0.0,136261.60625051713,5288.392827833619,141549.99907835075
wet_low_load,1310.0,0.7268470139624527,0.0012207516376891898,4.9456725373969405e-06,1.798426377235251e-08,0.0010472553447403777,4.082893203263424e-05,0.0,136253.37646374802,5312.056772777247,141565.43323652528
wet_low_load,1320.0,0.7300193004030094,0.0012209632191861617,4.845407458447832e-06,1.761966348526484e-08,0.0010471920787920696,4.100712780833599e-05,0.0,136245.1452342628,5335.240971581177,141580.386205844
wet_low_load,1330.0,0.7331272741443318,0.001221170511229002,4.747175083035118e-06,1.726245484740043e-08,0.0010471288019797275,4.1181710968486684e-05,0.0,136236.9125913102,5357.95515028049,141594.8677415907
wet_low_load,1340.0,0.736172239016751,0.0012213736007790803,4.650934201560119e-06,1.6912488005673158e-08,0.0010470655145236004,4.135275475270754e-05,0.0,136228.6785635457,5380.208837731478,141608.88740127717
wet_low_load,1350.0,0.7391554724176623,0.001221572573034773,4.556644439878481e-06,1.6569616145012655e-08,0.0010470022166394735,4.152033091581135e-05,0.0,136220.4431790441,5402.01136960912,141622.4545486532
wet_low_load,1360.0,0.7420782258474057,0.001221767511467204,4.464266242362825e-06,1.6233695426773905e-08,0.0010469389085387565,4.1684509757904395e-05,0.0,136212.20646531085,5423.371892323503,141635.57835763437
wet_low_load,1370.0,0.7449417254342867,0.0012219584978552629,4.37376085530863e-06,1.5904584928395017e-08,0.0010468755904285728,4.18453601538782e-05,0.0,136203.9684492939,5444.299366856847,141648.26781615076
wet_low_load,1380.0,0.7477471724489484,0.0012221456123199116,4.285090310676721e-06,1.5582146584278986e-08,0.0010468122625118478,4.2002949582303226e-05,0.0,136195.72915739482,5464.802572522725,141660.53172991754
wet_low_load,1390.0,0.7504957438083203,0.001222328933357796,4.198217410165155e-06,1.526624512787329e-08,0.0010467489249873924,4.2157344153736986e-05,0.0,136187.48861547993,5484.8901106491,141672.378726129
wet_low_load,1400.0,0.7531885925693477,0.0012225085378741764,4.113105709604146e-06,1.4956748034924166e-08,0.001046685578049987,4.230860863845816e-05,0.0,136179.24684889126,5504.570408186677,141683.81725707793
wet_low_load,1410.0,0.7558268484127121,0.0012226845012151902,4.029719503667317e-06,1.465352546788115e-08,0.0010466222218904631,4.2456806493638435e-05,0.0,136171.00388245686,5523.8517212441,141694.855603701
wet_low_load,1420.0,0.7584116181167451,0.0012228568971994604,3.948023810892915e-06,1.4356450221428781e-08,0.0010465588566957833,4.2601999889963545e-05,0.0,136162.75974050164,5542.742138551485,141705.50187905313
wet_low_load,1430.0,0.7609439860217344,0.0012230257981490627,3.867984359008684e-06,1.4065397669122488e-08,0.00104649548264912,4.2744249737714554e-05,0.0,136154.51444685727,5561.249584853738,141715.764031711
wet_low_load,1440.0,0.7634250144848174,0.0012231912749198666,3.7895675705542547e-06,1.378024571110638e-08,0.0010464320999299319,4.2883615712320426e-05,0.0,136146.2680248722,5579.381824235069,141725.64984910726
wet_low_load,1450.0,0.7658557443256513,0.0012233533969312595,3.7127405487950253e-06,1.3500874722891e-08,0.0010463687087140404,4.3020156279392535e-05,0.0,136138.02049742176,5597.14646337612,141735.16696079788
wet_low_load,1460.0,0.7682371952630497,0.0012235122321952688,3.637471063921595e-06,1.3227167505169436e-08,0.0010463053091737005,4.315392871925168e-05,0.0,136129.77188691724,5614.550954745052,141744.32284166227
wet_low_load,1470.0,0.7705703663427651,0.0012236678473450946,3.5637275395290177e-06,1.2959009234650971e-08,0.0010462419014776766,4.3284989150957785e-05,0.0,136121.52221531572,5631.602599723938,141753.12481503966
wet_low_load,1480.0,0.7728562363566012,0.0012238203076630617,3.4914790393701088e-06,1.2696287415891303e-08,0.0010461784857913117,4.3413392555852515e-05,0.0,136113.2715041292,5648.308551671775,141761.580055801
wet_low_load,1490.0,0.775095764253026,0.0012239696771080076,3.4206952543773676e-06,1.2438891834099517e-08,0.001046115062276596,4.353919280062458e-05,0.0,136105.01977443346,5664.675818925406,141769.69559335886
wet_low_load,1500.0,0.7772898895394629,0.0012241160183421133,3.3513464899479425e-06,1.2186714508901607e-08,0.0010460516310922363,4.36624426599074e-05,0.0,136096.7670468771,5680.711267739593,141777.47831461666
wet_low_load,1510.0,0.7794395326764236,0.0012242593927571908,3.2834036534864445e-06,1.1939649649041615e-08,0.0010459881923937217,4.378319383841871e-05,0.0,136088.51334168998,5696.421625167485,141784.9349668575
wet_low_load,1520.0,0.7815455954636522,0.0012243998605004378,3.2168382422002588e-06,1.169759360800094e-08,0.0010459247463333883,4.390149699265119e-05,0.0,136080.25867869196,5711.813481882699,141792.0721605746
wet_low_load,1530.0,0.7836089614184407,0.0012245374804996702,3.151622331142284e-06,1.1460444840517395e-08,0.0010458612930604849,4.4017401752123535e-05,0.0,136072.00307730096,5726.893294944185,141798.89637224513
wet_low_load,1540.0,0.7856304961462738,0.0012246723104880428,3.0877285614961324e-06,1.1228103859985935e-08,0.0010457978327212338,4.413095674020053e-05,0.0,136063.7465565413,5741.667390505021,141805.41394704633
wet_low_load,1550.0,0.7876110477039615,0.0012248044070282695,3.0251301290987467e-06,1.1000473196722715e-08,0.001045734365458893,4.4242209594491185e-05,0.0,136055.4891350516,5756.14196646633,141811.63110151794
wet_low_load,1560.0,0.7895514469554072,0.001224933825536351,2.9638007731958006e-06,1.0777457357075637e-08,0.0010456708914138165,4.4351206986833146e-05,0.0,136047.2308310927,5770.323095077345,141817.55392617002
wet_low_load,1570.0,0.7914525079201652,0.0012250606203048232,2.903714765424993e-06,1.055896278336361e-08,0.0010456074107235132,4.4457994642872146e-05,0.0,136038.97166255512,5784.216725482803,141823.18838803793
wet_low_load,1580.0,0.7933150281149315,0.0012251848445255335,2.844846899022685e-06,1.0344897814627945e-08,0.0010455439235227029,4.456261736124442e-05,0.0,136030.7116469667,5797.828686218674,141828.54033318534
wet_low_load,1590.0,0.7951397888881103,0.0012253065503119557,2.7871724782494153e-06,1.013517264817969e-08,0.001045480429943375,4.46651190323702e-05,0.0,136022.4508014999,5811.164687657299,141833.6154891572
wet_low_load,1600.0,0.7969275557475998,0.0012254257887210512,2.730667308029715e-06,9.929699301926236e-09,0.001045416930114844,4.4765542656866324e-05,0.0,136014.1891429792,5824.2303244029545,141838.41946738213
wet_low_load,1610.0,0.7986790786819294,0.0012255426097746887,2.675307683802051e-06,9.728391577462002e-09,0.0010453534241638013,4.486393036358536e-05,0.0,136005.92668788778,5837.03107763885,141842.95776552666
wet_low_load,1620.0,0.8003950924748907,0.0012256570624806287,2.6210703815744436e-06,9.531165023907066e-09,0.0010452899122143705,4.496032342728927e-05,0.0,135997.6634523749,5849.572317426552,141847.23576980145
wet_low_load,1630.0,0.8020763170137862,0.0012257691948530834,2.5679326481817583e-06,9.33793690247912e-09,0.0010452263943881584,4.505476228596457e-05,0.0,135989.39945226212,5861.859304958788,141851.2587572209
wet_low_load,1640.0,0.8037234575914312,0.001225879053932858,2.5158721917404855e-06,9.148626151783582e-09,0.0010451628708043072,4.5147286557786546e-05,0.0,135981.1347030505,5873.897194766569,141855.0318978171
wet_low_load,1650.0,0.8053372052020307,0.001225986685807086,2.464867172297066e-06,8.963153353807511e-09,0.001045099341579543,4.5237935057739524e-05,0.0,135972.8692199267,5885.691036881578,141858.5602568083
wet_low_load,1660.0,0.8069182368310612,0.0012260921356285627,2.414896192665743e-06,8.781440700602701e-09,0.0010450358068282257,4.5326745813900194e-05,0.0,135964.60301776958,5897.245778954715,141861.8487967243
wet_low_load,1670.0,0.8084672157392722,0.0012261954476346876,2.365938289452245e-06,8.603411961644525e-09,0.0010449722666623965,4.541375608339082e-05,0.0,135956.33611115624,5908.566268331694,141864.90237948793
wet_low_load,1680.0,0.8099847917409324,0.0012262966651660223,2.317972924259362e-06,8.428992451852225e-09,0.0010449087211918254,4.5499002368009034e-05,0.0,135948.06851436832,5919.65725408656,141867.7257684549
wet_low_load,1690.0,0.8114716014764343,0.0012263958306844723,2.27097997507088e-06,8.258109000257745e-09,0.0010448451705240573,4.5582520429540756e-05,0.0,135939.80024139804,5930.5233890139725,141870.323630412
wet_low_load,1700.0,0.8129282686793715,0.0012264929857911003,2.224939727810155e-06,8.090689919309653e-09,0.0010447816147644562,4.5664345304762663e-05,0.0,135931.53130595371,5941.169231581121,141872.7005375348
wet_low_load,1710.0,0.8143554044382026,0.0012265881712435786,2.17983286806984e-06,7.926664974799418e-09,0.001044718054016251,4.574451132014051e-05,0.0,135923.261721466,5951.599247840034,141874.86096930603
wet_low_load,1720.0,0.8157536074526094,0.001226681426973287,2.135640473009271e-06,7.765965356397348e-09,0.0010446544883805763,4.582305210622949e-05,0.0,135914.99150109309,5961.817813301158,141876.80931439422
wet_low_load,1730.0,0.8171234642846588,0.001226772792102065,2.092344003416097e-06,7.608523648785805e-09,0.0010445909179565176,4.590000061178264e-05,0.0,135906.72065772646,5971.82921476892,141878.54987249535
wet_low_load,1740.0,0.818465549604871,0.001226862304958623,2.0499252959289207e-06,7.454273803377893e-09,0.001044527342841151,4.597538911757318e-05,0.0,135898.4492039962,5981.637652140098,141880.0868561363
wet_low_load,1750.0,0.8197804264333016,0.0012269500030946223,2.008366555417514e-06,7.303151110609141e-09,0.0010444637631295852,4.6049249249936675e-05,0.0,135890.17715227645,5991.2472401657205,141881.4243924422
wet_low_load,1760.0,0.821068646375735,0.0012270359233004285,1.967650347517567e-06,7.155092172791152e-09,0.001044400178915,4.612161199403871e-05,0.0,135881.90451469048,6000.662010177258,141882.56652486773
wet_low_load,1770.0,0.8223307498550876,0.001227120101620545,1.9277595913168048e-06,7.0100348775156535e-09,0.001044336590288687,4.619250770687341e-05,0.0,135873.63130311572,6009.885911777805,141883.5172148935
wet_low_load,1780.0,0.8235672663381232,0.0012272025733687346,1.888677552189318e-06,6.867918371597519e-09,0.0010442729973400857,4.626196612999861e-05,0.0,135865.35752918874,6018.922814498987,141884.28034368771
wet_low_load,1790.0,0.8247787145575697,0.0012272833731428335,1.8503878347751984e-06,6.728683035546176e-09,0.0010442094001568234,4.633001640201279e-05,0.0,135857.0832043103,6027.776509424274,141884.85971373456
wet_low_load,1800.0,0.8259656027297329,0.001227362534839266,1.8128743761025277e-06,6.592270458554645e-09,0.0010441457988247503,4.639668707077898e-05,0.0,135848.80833964996,6036.450710779382,141885.2590504293
wet_low_load,1810.0,0.8271284287676998,0.001227440091667264,1.7761214388487379e-06,6.45862341399541e-09,0.001044082193427977,4.6462006105401005e-05,0.0,135840.53294615092,6044.949057490431,141885.48200364137
wet_low_load,1820.0,0.8282676804902186,0.001227516076162799,1.7401136047386478e-06,6.327685835413264e-09,0.001044018584048908,4.652600090795678e-05,0.0,135832.2570345345,6053.275114710522,141885.532149245
wet_low_load,1830.0,0.8293838358263433,0.0012275905202022309,1.70483576807634e-06,6.199402793004872e-09,0.001043954970768278,4.658869832499378e-05,0.0,135823.98061530464,6061.43237531535,141885.41299061998
wet_low_load,1840.0,0.830477363015932,0.001227663455015681,1.6702731294081057e-06,6.073720470574929e-09,0.0010438913536651839,4.6650124658791525e-05,0.0,135815.7036987523,6069.424261368515,141885.12796012082
wet_low_load,1850.0,0.8315487208060774,0.0012277349112001332,1.6364111893139383e-06,5.950586142959775e-09,0.0010438277328171201,4.671030567839566e-05,0.0,135807.42629495988,6077.254125557107,141884.680420517
wet_low_load,1860.0,0.8325983586435571,0.0012278049187322692,1.603235742324857e-06,5.829948153908571e-09,0.0010437641083000091,4.676926663042835e-05,0.0,135799.1484138053,6084.925252598203,141884.07366640354
wet_low_load,1870.0,0.8336267168633819,0.0012278735069810452,1.570732870963533e-06,5.711755894412847e-09,0.0010437004801882354,4.682703224967954e-05,0.0,135790.8700649664,6092.440860616843,141883.31092558324
wet_low_load,1880.0,0.8346342268735203,0.0012279407047200116,1.5388889399057768e-06,5.595959781475551e-09,0.0010436368485546737,4.6883626769483494e-05,0.0,135782.59125792453,6099.804102496067,141882.39536042057
wet_low_load,1890.0,0.8356213113358807,0.001228006540139384,1.5076905902603287e-06,5.482511237310286e-09,0.0010435732134707225,4.693907393188494e-05,0.0,135774.31200196897,6107.018067199588,141881.3300691686
wet_low_load,1900.0,0.8365883843436208,0.0012280710408578699,1.477124733964705e-06,5.371362668962563e-09,0.0010435095750063327,4.699339699759909e-05,0.0,135766.03230620077,6114.085781067641,141880.11808726838
wet_low_load,1910.0,0.8375358515948662,0.0012281342339342538,1.4471785482945549e-06,5.262467448343835e-09,0.0010434459332300367,4.7046618755769844e-05,0.0,135757.75217953633,6121.0102090865785,141878.7623886229
wet_low_load,1920.0,0.8384641105629045,0.0012281961458787505,1.4178394704844059e-06,5.155779892670566e-09,0.0010433822882089784,4.709876153353006e-05,0.0,135749.4716307114,6127.794256132708,141877.26588684408
wet_low_load,1930.0,0.8393735506629303,0.0012282568026641245,1.3890951924574294e-06,5.0512552452997425e-09,0.0010433186400089392,4.714984720536804e-05,0.0,135741.19066828446,6134.44076819092,141875.63143647535
wet_low_load,1940.0,0.8402645534154081,0.001228316229736587,1.3609336556621025e-06,4.948849656953099e-09,0.0010432549886943679,4.71998972023041e-05,0.0,135732.9093006407,6140.952533548612,141873.8618341893
wet_low_load,1950.0,0.8411374926061266,0.0012283744520264711,1.3333430460134357e-06,4.848520167321584e-09,0.0010431913343284058,4.724893252088121e-05,0.0,135724.6275359951,6147.332283965415,141871.9598199605
wet_low_load,1960.0,0.8419927344430045,0.0012284314939586894,1.3063117889368859e-06,4.750224687043221e-09,0.001043127676972915,4.72969737319732e-05,0.0,135716.34538239622,6153.582695819187,141869.9280782154
wet_low_load,1970.0,0.842830637709719,0.0012284873794629813,1.2798285445126838e-06,4.653921980046122e-09,0.0010430640166885028,4.73440409894145e-05,0.0,135708.06284772942,6159.706391228787,141867.76923895822
wet_low_load,1980.0,0.8436515539162197,0.0012285421319839515,1.2538822027186096e-06,4.559571646249489e-09,0.001043000353534549,4.739015403845488e-05,0.0,135699.7799397203,6165.705939154081,141865.4858788744
wet_low_load,1990.0,0.8444558274461924,0.001228595774490905,1.2284618787691628e-06,4.467134104615137e-09,0.0010429366875692276,4.743533222404291e-05,0.0,135691.49666593762,6171.583856473663,141863.0805224113
wet_low_load,2000.0,0.8452437957015292,0.0012286483294874839,1.2035569085493658e-06,4.376570576543148e-09,0.0010428730188495347,4.7479594498941216e-05,0.0,135683.21303379687,6177.342609040695,141860.55564283757
wet_low_load,2010.0,0.8460157892438753,0.0012286998190211066,1.1791568441409474e-06,4.287843069603444e-09,0.0010428093474313107,4.752295943167755e-05,0.0,135674.92905056314,6182.984612717375,141857.9136632805
wet_low_load,2020.0,0.846772131933302,0.0012287502646922183,1.1552514494393773e-06,4.2009143615977354e-09,0.0010427456733692634,4.756544521433439e-05,0.0,135666.64472335423,6188.512234388415,141855.15695774264
wet_low_load,2030.0,0.8475131410641693,0.0012287996876633516,1.1318306958597045e-06,4.115747984944379e-09,0.0010426819967169919,4.760706967018075e-05,0.0,135658.36005914363,6193.927792953971,141852.28785209762
wet_low_load,2040.0,0.848239127498235,0.0012288481086680052,1.108884758129439e-06,4.0323082113797776e-09,0.0010426183175270085,4.764785026114926e-05,0.0,135650.07506476354,6199.233560302453,141849.308625066
wet_low_load,2050.0,0.8489503957950654,0.0012288955480193413,1.086404010166726e-06,3.9505600369699115e-09,0.0010425546358507614,4.768780409516164e-05,0.0,135641.78974690757,6204.431762263608,141846.22150917116
wet_low_load,2060.0,0.8496472443398,0.001228942025618707,1.0643790210421233e-06,3.870469167425903e-09,0.0010424909517386545,4.772694793330566e-05,0.0,135633.50411213355,6209.524579542277,141843.02869167583
wet_low_load,2070.0,0.850329965468329,0.001228987560963984,1.0428005510221944e-06,3.79200200371707e-09,0.0010424272652400717,4.7765298196866614e-05,0.0,135625.2181668666,6214.514148633233,141839.73231549983
wet_low_load,2080.0,0.85099884558993,0.0012290321731577675,1.0216595476933632e-06,3.7151256279758654e-09,0.001042363576403394,4.780287097421621e-05,0.0,135616.93191740126,6219.402562717453,141836.3344801187
wet_low_load,2090.0,0.8516541653074218,0.0012290758809153802,1.0009471421642813e-06,3.639807789688295e-09,0.0010422998852760228,4.783968202756189e-05,0.0,135608.64536990484,6224.191872540244,141832.83724244506
wet_low_load,2100.0,0.8522961995348788,0.0012291187025727235,9.806546453452653e-07,3.566016892164601e-09,0.0010422361919043977,4.7875746799559175e-05,0.0,135600.35853041927,6228.8840872715455,141829.2426176908
wet_low_load,2110.0,0.8529252176129609,0.0012291606560939697,9.60773544303125e-07,3.493721979284091e-09,0.001042172496334017,4.791108041979008e-05,0.0,135592.0714048641,6233.481175348801,141825.55258021288
wet_low_load,2120.0,0.8535414834219063,0.001229201759079098,9.412954986898492e-07,3.4228927225085423e-09,0.0010421087986094571,4.7945697711110156e-05,0.0,135583.78399903903,6237.985065302744,141821.76906434176
wet_low_load,2130.0,0.8541452554922305,0.0012292420287712783,9.222123372437782e-07,3.3534994081591928e-09,0.0010420450987743903,4.797961319586682e-05,0.0,135575.496318626,6242.397646566435,141817.89396519243
wet_low_load,2140.0,0.8547367871131843,0.0012292814820641044,9.035160543616372e-07,3.2855129249514075e-09,0.0010419813968716033,4.801284110199168e-05,0.0,135567.20836919182,6246.720770267899,141813.9291394597
wet_low_load,2150.0,0.8553163264390099,0.0012293201355086814,8.851988067401354e-07,3.21890475178231e-09,0.0010419176929430157,4.804539536896923e-05,0.0,135558.9201561904,6250.956250006695,141809.8764061971
wet_low_load,2160.0,0.8558841165930456,0.0012293580053205687,8.672529100855671e-07,3.153646945765698e-09,0.001041853987029697,4.8077289653684725e-05,0.0,135550.63168496516,6255.105862614745,141805.73754757995
wet_low_load,2170.0,0.8564403957697186,0.0012293951073865832,8.496708358901883e-07,3.089712130509775e-09,0.0010417902791718845,4.810853733615333e-05,0.0,135542.34296075112,6259.17134890173,141801.51430965285
wet_low_load,2180.0,0.8569853973344705,0.0012294314572714638,8.324452082738986e-07,3.0270734846323584e-09,0.0010417265694089993,4.813915152513324e-05,0.0,135534.05398867722,6263.154414385389,141797.2084030626
wet_low_load,2190.0,0.8575193499216558,0.0012294670702244002,8.155688008900137e-07,2.9657047305091404e-09,0.0010416628577796635,4.816914506362491e-05,0.0,135525.76477376834,6267.056730006991,141792.82150377534
wet_low_load,2200.0,0.8580424775304574,0.0012295019611854314,7.990345338937012e-07,2.905580123249822e-09,0.0010415991443217163,4.819853053425884e-05,0.0,135517.47532094762,6270.879932832317,141788.3552537799
wet_low_load,2210.0,0.8585549996188571,0.0012295361447917125,7.828354709719005e-07,2.8466744398978196e-09,0.0010415354290722293,4.822732026457419e-05,0.0,135509.18563503821,6274.625626738437,141783.81126177666
wet_low_load,2220.0,0.8590571311956998,0.001229569635383655,7.669648164334842e-07,2.7889629688490332e-09,0.0010414717120675234,4.8255526332190245e-05,0.0,135500.8957207657,6278.295383086547,141779.19110385224
wet_low_load,2230.0,0.8595490829108928,0.001229602447010943,7.514159123583782e-07,2.732421499485011e-09,0.0010414079933431827,4.828316056987316e-05,0.0,135492.60558275974,6281.890741381167,141774.4963241409
wet_low_load,2240.0,0.8600310611437761,0.0012296345934384274,7.361822358044677e-07,2.677026312016246e-09,0.0010413442729340695,4.831023457049995e-05,0.0,135484.31522555609,6285.413209915999,141769.72843547206
wet_low_load,2250.0,0.8605032680896996,0.0012296660881519002,7.212573960712001e-07,2.6227541675316364e-09,0.0010412805508743397,4.8336759691921776e-05,0.0,135476.0246535986,6288.86426640665,141764.88892000527
wet_low_load,2260.0,0.8609659018448476,0.0012296969443637519,7.066351320185586e-07,2.5695822982493037e-09,0.0010412168271974572,4.836274706172875e-05,0.0,135467.73387124116,6292.245358610567,141759.97922985174
wet_low_load,2270.0,0.861419156489342,0.0012297271750185141,6.923093094404731e-07,2.5174883979653566e-09,0.0010411531019362062,4.838820758191807e-05,0.0,135459.4428827491,6295.557904934384,141755.0007876835
wet_low_load,2280.0,0.8618632221686612,0.0012297567927982904,6.782739184914404e-07,2.4664506126961467e-09,0.0010410893751227079,4.841315193346752e-05,0.0,135451.1516923016,6298.803295028961,141749.95498733054
wet_low_load,2290.0,0.8622982851734081,0.0012297858101280766,6.645230711653295e-07,2.4164475315102885e-09,0.001041025646788431,4.8437590580816283e-05,0.0,135442.86030399287,6301.982890372348,141744.84319436524
wet_low_load,2300.0,0.8627245280174612,0.001229814239180972,6.510509988252997e-07,2.367458177546544e-09,0.0010409619169642072,4.846153377625485e-05,0.0,135434.56872183428,6305.098024840957,141739.66674667524
wet_low_load,2310.0,0.8631421295145412,0.001229842091883288,6.378520497837887e-07,2.319461999213777e-09,0.0010408981856802424,4.848499156422601e-05,0.0,135426.2769497558,6308.150005269124,141734.4269550249
wet_low_load,2320.0,0.8635512648532256,0.0012298693799195498,6.24920686931552e-07,2.2724388615692794e-09,0.00104083445296613,4.850797378553862e-05,0.0,135417.98499160763,6311.140111997353,141729.12510360498
wet_low_load,2330.0,0.8639521056704423,0.0012298961147373991,6.122514854148057e-07,2.2263690378720207e-09,0.001040770718850864,4.8530490081495904e-05,0.0,135409.69285116208,6314.06959940942,141723.76245057152
wet_low_load,2340.0,0.8643448201234729,0.001229922307552396,5.998391303594232e-07,2.181233201306993e-09,0.0010407069833628503,4.8552549897940095e-05,0.0,135401.40053211496,6316.939696458613,141718.34022857354
wet_low_load,2350.0,0.8647295729604969,0.0012299479693527243,5.876784146412888e-07,2.1370124168774133e-09,0.0010406432465299195,4.857416248921508e-05,0.0,135393.10803808703,6319.751607183288,141712.85964527034
wet_low_load,2360.0,0.8651065255897049,0.001229973110903801,5.75764236701865e-07,2.0936881334613267e-09,0.0010405795083793371,4.859533692204869e-05,0.0,135384.81537262583,6322.506511211969,141707.3218838378
wet_low_load,2370.0,0.8654758361470124,0.0012299977427527927,5.640915984079934e-07,2.0512421760290668e-09,0.0010405157689378165,4.8616082079356336e-05,0.0,135376.5225392068,6325.2055642582345,141701.72810346505
wet_low_load,2380.0,0.8658376595623983,0.0012300218752330405,5.526556029551553e-07,2.0096567380187463e-09,0.0010404520282315287,4.863640666396744e-05,0.0,135368.22954123502,6327.84989860553,141696.07943984054
wet_low_load,2390.0,0.8661921476249007,0.001230045518468394,5.414514528131909e-07,1.9689143738661485e-09,0.0010403882862861152,4.865631920227641e-05,0.0,135359.9363820465,6330.440623582191,141690.3770056287
wet_low_load,2400.0,0.866539449046293,0.0012300686823774594,5.304744477137011e-07,1.9289979916861855e-09,0.001040324543126697,4.867582804781952e-05,0.0,135351.64306490967,6332.978826026808,141684.62189093648
wet_low_load,2410.0,0.8668797095234717,0.0012300913766777602,5.197199826781923e-07,1.889890846102517e-09,0.0010402607987778864,4.8694941384779366e-05,0.0,135343.34959302665,6335.465570744176,141678.8151637708
wet_low_load,2420.0,0.8672130717995765,0.001230113610889813,5.091835460862825e-07,1.8515765312228455e-09,0.0010401970532637956,4.871366723141816e-05,0.0,135335.05596953462,6337.901900951983,141672.9578704866
wet_low_load,2430.0,0.867539675723874,0.0012301353943411232,4.988607177829745e-07,1.8140389737562704e-09,0.001040133306608049,4.8732013443441564e-05,0.0,135326.76219750725,6340.288838718463,141667.05103622572
wet_low_load,2440.0,0.8678596583104248,0.001230156736170096,4.887471672244008e-07,1.777262426270548e-09,0.0010400695588337915,4.874998771729417e-05,0.0,135318.46827995576,6342.627385391155,141661.0956653469
wet_low_load,2450.0,0.868173153795563,0.0012301776453298716,4.788386516610771e-07,1.741231460585735e-09,0.0010400058099636995,4.876759759338827e-05,0.0,135310.1742198305,6344.918522016983,141655.09274184745
wet_low_load,2460.0,0.8684802936942103,0.0012301981305920802,4.691310143580327e-07,1.7059309613019368e-09,0.0010399420600199888,4.878485045926718e-05,0.0,135301.8800200218,6347.163209753822,141649.04322977565
wet_low_load,2470.0,0.8687812068550471,0.0012302182005505223,4.596201828510169e-07,1.6713461194582431e-09,0.0010398783090244251,4.880175355270434e-05,0.0,135293.58568336163,6349.3623902737045,141642.9480736353
wet_low_load,2480.0,0.8690760195145669,0.0012302378636247736,4.5030216723803794e-07,1.6374624263201379e-09,0.0010398145569983338,4.881831396473971e-05,0.0,135285.29121262438,6351.5169861578715,141636.80819878227
wet_low_load,2490.0,0.8693648553500333,0.0012302571280637176,4.411730585055732e-07,1.6042656672929932e-09,0.0010397508039626058,4.883453864265447e-05,0.0,135276.99661052818,6353.6279012838,141630.62451181197
wet_low_load,2500.0,0.869647835531364,0.0012302760019490056,4.3222902688868655e-07,1.57174191595886e-09,0.0010396870499377105,4.885043439288553e-05,0.0,135268.70187973615,6355.696021204394,141624.39790094056
wet_low_load,2510.0,0.8699250787719638,0.0012302944931984468,4.2346632026438785e-07,1.5398775282341373e-09,0.0010396232949437013,4.8866007883880895e-05,0.0,135260.40702285737,6357.7222135194825,141618.12923637684
wet_low_load,2520.0,0.8701967013785252,0.0012303126095693309,4.148812625775842e-07,1.5086591366457604e-09,0.0010395595390002258,4.8881265648897175e-05,0.0,135252.11204244805,6359.707328239784,141611.8193706878
wet_low_load,2530.0,0.8704628172998209,0.0012303303586616813,4.064702522989403e-07,1.478073644723419e-09,0.0010394957821265322,4.8896214088740314e-05,0.0,135243.81694101248,6361.652198143501,141605.469139156
wet_low_load,2540.0,0.8707235381745062,0.0012303477479214445,3.982297609139903e-07,1.4481082215054189e-09,0.0010394320243414794,4.891085947445083e-05,0.0,135235.5217210044,6363.557639125677,141599.07936013007
wet_low_load,2550.0,0.8709789733779537,0.0012303647846436123,3.9015633144286374e-07,1.418750296155868e-09,0.0010393682656635434,4.8925207949934605e-05,0.0,135227.22638482752,6365.424450540478,141592.650835368
wet_low_load,2560.0,0.8712292300681357,0.0012303814759752837,3.8224657699009924e-07,1.3899875526912697e-09,0.0010393045061108262,4.893926553454027e-05,0.0,135218.93093483706,6367.253415536519,141586.18435037357
wet_low_load,2570.0,0.8714744132305805,0.001230397828918662,3.7449717932372457e-07,1.3618079248135438e-09,0.0010392407457010628,4.8953038125584474e-05,0.0,135210.63537334042,6369.045301385419,141579.68067472585
wet_low_load,2580.0,0.8717146257224129,0.001230413850333993,3.6690488748329866e-07,1.3341995908483585e-09,0.0010391769844516278,4.896653150082578e-05,0.0,135202.33970259814,6370.800859803674,141573.14056240182
wet_low_load,2590.0,0.8719499683155054,0.0012304295469424428,3.594665164160344e-07,1.3071509687855795e-09,0.0010391132223795442,4.897975132088857e-05,0.0,135194.04392482497,6372.520827268003,141566.56475209296
wet_low_load,2600.0,0.8721805397387522,0.0012304449253289168,3.521789456406821e-07,1.280650711420662e-09,0.0010390494595014898,4.899270313163769e-05,0.0,135185.74804219085,6374.205925324318,141559.95396751515
wet_low_load,2610.0,0.8724064367194877,0.0012304599919448233,3.4503911793841637e-07,1.2546877015942411e-09,0.0010389856958338039,4.900539236650508e-05,0.0,135177.4520568215,6375.85686089042,141553.3089177119
wet_low_load,2620.0,0.8726277540240649,0.001230474753110779,3.380440380703002e-07,1.2292510475283643e-09,0.0010389219313924956,4.9017824348769085e-05,0.0,135169.15597079988,6377.474326552559,141546.6302973524
wet_low_load,2630.0,0.8728445844976097,0.001230489215019261,3.311907715207872e-07,1.2043300782574078e-09,0.0010388581661932485,4.9030004293787646e-05,0.0,135160.85978616643,6379.059000855971,141539.9187870224
wet_low_load,2640.0,0.8730570191029722,0.001230503383737204,3.244764432666047e-07,1.1799143391512895e-09,0.0010387944002514288,4.904193731118623e-05,0.0,135152.56350492046,6380.6115485895525,141533.17505351003
wet_low_load,2650.0,0.8732651469588849,0.001230517265208547,3.178982365707002e-07,1.155993587529819e-09,0.0010387306335820907,4.9053628407001334e-05,0.0,135144.26712902056,6382.132621064732,141526.39975008531
wet_low_load,2660.0,0.8734690553773508,0.0012305308652567244,3.1145339180054134e-07,1.1325577883656048e-09,0.0010386668661999834,4.9065082485780635e-05,0.0,135135.97066038565,6383.622856388715,141519.59351677433
wet_low_load,2670.0,0.8736688299002703,0.0012305441895871113,3.0513920527045303e-07,1.1095971100743744e-09,0.0010386030981195567,4.907630435264044e-05,0.0,135127.67410089573,6385.082879732166,141512.7569806279
wet_low_load,2680.0,0.8738645543353277,0.001230557243789416,2.9895302810737867e-07,1.0871019203904679e-09,0.0010385393293549682,4.9087298715281514e-05,0.0,135119.37745239283,6386.513303591482,141505.89075598432
wet_low_load,2690.0,0.8740563107911499,0.0012305700333400246,2.9289226513963294e-07,1.0650627823259378e-09,0.001038475559920088,4.9098070185964045e-05,0.0,135111.0807166815,6387.914728045744,141498.99544472722
wet_low_load,2700.0,0.8742441797117507,0.0012305825636042993,2.8695437380822396e-07,1.0434704502117233e-09,0.0010384117898285053,4.910862328344248e-05,0.0,135102.78389552972,6389.287741008447,141492.07163653814
wet_low_load,2710.0,0.8744282399102791,0.0012305948398388285,2.8113686310020754e-07,1.0223158658189364e-09,0.0010383480190935337,4.911896243486124e-05,0.0,135094.48699066968,6390.6329184741435,141485.11990914386
wet_low_load,2720.0,0.8746085686020818,0.0012306068671936318,2.7543729250367047e-07,1.0015901545588015e-09,0.0010382842477282166,4.912909197761193e-05,0.0,135086.19000379843,6391.9508247600825,141478.14082855853
wet_low_load,2730.0,0.8747852414370959,0.0012306186507143218,2.698532709839294e-07,9.812846217597433e-10,0.0010382204757453334,4.913901616115295e-05,0.0,135077.89293657863,6393.242012742937,141471.1349493216
wet_low_load,2740.0,0.8749583325315848,0.001230630195344219,2.6438245598045414e-07,9.613907490198331e-10,0.0010381567031574038,4.9148739148792145e-05,0.0,135069.5957906391,6394.507024090752,141464.10281472985
wet_low_load,2750.0,0.8751279144992314,0.0012306415059264273,2.5902255242412554e-07,9.419001906331836e-10,0.0010380929299766942,4.915826501943342e-05,0.0,135061.29856757584,6395.746389490172,141457.044957066
wet_low_load,2760.0,0.8752940584815999,0.0012306525872058643,2.5377131177444203e-07,9.2280477008888e-10,0.0010380291562152224,4.916759776928785e-05,0.0,135053.0012689524,6396.960628869083,141449.96189782146
wet_low_load,2770.0,0.8754568341779804,0.0012306634438312531,2.486265310762273e-07,9.040964766408264e-10,0.0010379653818847624,4.917674131355015e-05,0.0,135044.70389630058,6398.150251614711,141442.8541479153
wet_low_load,2780.0,0.8756163098746286,0.0012306740803570712,2.435860520354732e-07,8.857674619471752e-10,0.0010379016069968494,4.91856994880411e-05,0.0,135036.4064511213,6399.315756787327,141435.72220790858
wet_low_load,2790.0,0.8757725524734133,0.0012306845012454624,2.3864776011388375e-07,8.67810036777759e-10,0.0010378378315627846,4.919447605081682e-05,0.0,135028.10893488475,6400.457633329607,141428.56656821436
wet_low_load,2800.0,0.8759256275198813,0.0012306947108681075,2.3380958364185014e-07,8.502166677885459e-10,0.001037774055593641,4.920307468374518e-05,0.0,135019.8113490317,6401.576360271749,141421.38770930344
wet_low_load,2810.0,0.8760755992307561,0.0012307047135080597,2.2906949294930025e-07,8.329799743610917e-10,0.0010377102791002655,4.921149899405051e-05,0.0,135011.5136949733,6402.672406932425,141414.18610190574
wet_low_load,2820.0,0.8762225305208755,0.0012307145133615403,2.2442549951428895e-07,8.160927255065052e-10,0.0010376465020932861,4.9219752515826776e-05,0.0,135003.21597409243,6403.7462331156785,141406.9622072081
wet_low_load,2830.0,0.8763664830295872,0.0012307241145396988,2.19875655128747e-07,7.99547836831807e-10,0.001037582724583116,4.9227838711520246e-05,0.0,134994.91818774375,6404.798289303804,141399.71647704754
wet_low_load,2840.0,0.8765075171466055,0.0012307335210703391,2.1541805108121524e-07,7.833383675680553e-10,0.0010375189465799558,4.923576097338197e-05,0.0,134986.62033725454,6405.829016846338,141392.44935410089
wet_low_load,2850.0,0.8766456920373465,0.0012307427368996077,2.1105081735609622e-07,7.674575176585317e-10,0.0010374551680938002,4.9243522624890904e-05,0.0,134978.3224239251,6406.8388481452075,141385.1612720703
wet_low_load,2860.0,0.8767810656677488,0.0012307517658936495,2.0677212184916436e-07,7.518986249060521e-10,0.001037391389134441,4.925112692214814e-05,0.0,134970.0244490294,6407.828206836127,141377.8526558655
wet_low_load,2870.0,0.8769136948285894,0.0012307606118402304,2.0258016959900808e-07,7.366551621782111e-10,0.0010373276097114718,4.925857705524284e-05,0.0,134961.72641381563,6408.797507966321,141370.52392178198
wet_low_load,2880.0,0.87704363515931,0.0012307692784503258,1.9847320203396843e-07,7.21720734668976e-10,0.001037263829834292,4.9265876149590585e-05,0.0,134953.4283195067,6409.747158168636,141363.17547767534
wet_low_load,2890.0,0.8771709411713572,0.0012307777693596768,1.9444949623444958e-07,7.070890772161802e-10,0.001037200049512109,4.9273027267244466e-05,0.0,134945.13016730052,6410.6775558321315,141355.8077231327
wet_low_load,2900.0,0.8772956662710504,0.0012307860881303168,1.905073642101177e-07,6.927540516731551e-10,0.0010371362687539452,4.928003340817965e-05,0.0,134936.83195837098,6411.589091269209,141348.42104964025
wet_low_load,2910.0,0.8774178627819879,0.0012307942382520642,1.866451521917415e-07,6.787096443336054e-10,0.0010370724875686389,4.928689751155196e-05,0.0,134928.53369386797,6412.482146879354,141341.01584074736
wet_low_load,2920.0,0.8775375819669957,0.0012308022231439886,1.8286123993745295e-07,6.649499634089198e-10,0.00103700870596485,4.9293622456930824e-05,0.0,134920.23537491824,6413.3570973095475,141333.59247222776
wet_low_load,2930.0,0.8776548740496337,0.001230810046155842,1.7915404005302517e-07,6.514692365564551e-10,0.0010369449239510623,4.9300211065507315e-05,0.0,134911.9370026255,6414.214309611451,141326.15131223694
wet_low_load,2940.0,0.8777697882352643,0.0012308177105694676,1.7552199732594962e-07,6.382618084579985e-10,0.0010368811415355879,4.930666610127766e-05,0.0,134903.63857807117,6415.05414339537,141318.69272146653
wet_low_load,2950.0,0.8778823727316957,0.0012308252196001736,1.719635880729836e-07,6.25322138447213e-10,0.0010368173587265704,4.93129902722028e-05,0.0,134895.3401023149,6415.8769509811345,141311.217053296
wet_low_load,2960.0,0.8779926747694041,0.0012308325763980843,1.684773195009867e-07,6.126447981854061e-10,0.001036753575531988,4.931918623134434e-05,0.0,134887.04157639458,6416.683077545879,141303.72465394047
wet_low_load,2970.0,0.8781007406213489,0.0012308397840494595,1.650617290806442e-07,6.002244693841606e-10,0.0010366897919596577,4.93252565779776e-05,0.0,134878.7430013273,6417.472861268867,141296.21586259617
wet_low_load,2980.0,0.8782066156223843,0.0012308468455779912,1.6171538393291878e-07,5.8805594157425e-10,0.0010366260080172376,4.933120385868206e-05,0.0,134870.44437810945,6418.2466334733535,141288.6910115828
wet_low_load,2990.0,0.8783103441882771,0.001230853763946071,1.584368802279713e-07,5.761341099198955e-10,0.0010365622237122304,4.9337030568409585e-05,0.0,134862.1457077171,6419.004718765576,141281.15042648267
wet_low_load,3000.0,0.8784119698343406,0.001230860542056033,1.5522484259620693e-07,5.644539730771161e-10,0.001036498439051987,4.934273915153119e-05,0.0,134853.8469911067,6419.74743517094,141273.59442627765
wet_low_load,3010.0,0.8785115351936892,0.0012308671827513712,1.5207792355130098e-07,5.530106310956399e-10,0.0010364346540437095,4.934833200286243e-05,0.0,134845.54822921517,6420.475094267423,141266.02332348263
wet_low_load,3020.0,0.8786090820351232,0.001230873688817933,1.489948029249356e-07,5.417992833634021e-10,0.0010363708686944532,4.935381146866803e-05,0.0,134837.2494229606,6421.188001316291,141258.43742427693
wet_low_load,3030.0,0.8787046512806523,0.0012308800629850874,1.4597418731293508e-07,5.308152265924912e-10,0.0010363070830111314,4.935917984764622e-05,0.0,134828.95057324236,6421.886455390161,141250.8370286325
wet_low_load,3040.0,0.8787982830226615,0.0012308863079268698,1.4301480953271086e-07,5.200538528462212e-10,0.0010362432970005163,4.9364439391893025e-05,0.0,134820.6516809415,6422.570749498457,141243.22243043996
wet_low_load,3050.0,0.878890016540732,0.0012308924262631044,1.4011542809160767e-07,5.09510647605846e-10,0.0010361795106692438,4.936959230784709e-05,0.0,134812.3527469215,6423.241170710343,141235.59391763184
wet_low_load,3060.0,0.8789798903181177,0.0012308984205605029,1.3727482666613836e-07,4.991811878768667e-10,0.0010361157240238136,4.9374640757215263e-05,0.0,134804.05377202792,6423.898000275143,141227.9517723031
wet_low_load,3070.0,0.8790679420578903,0.001230904293333741,1.344918135917101e-07,4.890611403334913e-10,0.0010360519370705957,4.937958685787946e-05,0.0,134795.75475708957,6424.541513740326,141220.29627082992
wet_low_load,3080.0,0.879154208698756,0.0012309100470465142,1.3176522136268013e-07,4.79146259500655e-10,0.0010359881498158293,4.938443268478517e-05,0.0,134787.4557029182,6425.171981067114,141212.62768398528
wet_low_load,3090.0,0.8792387264305518,0.0012309156841125702,1.2909390614260465e-07,4.694323859731078e-10,0.0010359243622656284,4.938918027081187e-05,0.0,134779.15661030923,6425.789666743715,141204.94627705295
wet_low_load,3100.0,0.8793215307094276,0.0012309212068967225,1.2647674728435405e-07,4.599154446703783e-10,0.001035860574425982,4.9393831607625935e-05,0.0,134770.85748004192,6426.394829896301,141197.2523099382
wet_low_load,3110.0,0.87940265627272,0.0012309266177158416,1.2391264686003418e-07,4.5059144312739696e-10,0.0010357967863027582,4.939838864651602e-05,0.0,134762.55831287967,6426.987724397694,141189.54603727738
wet_low_load,3120.0,0.8794821371535255,0.001230931918839828,1.2140052920034524e-07,4.414564698194372e-10,0.0010357329979017063,4.94028532992118e-05,0.0,134754.2591095706,6427.568598973882,141181.82770854444
wet_low_load,3130.0,0.8795600066949776,0.001230937112492563,1.189393404433648e-07,4.325066925213265e-10,0.0010356692092284587,4.9407227438685835e-05,0.0,134745.95987084738,6428.137697308358,141174.09756815573
wet_low_load,3140.0,0.8796362975642343,0.0012309422008528437,1.1652804809241866e-07,4.2373835669970415e-10,0.0010356054202885336,4.941151289993938e-05,0.0,134737.66059742807,6428.695258144339,141166.35585557244
wet_low_load,3150.0,0.8797110417661831,0.0012309471860552945,1.1416564058294288e-07,4.1514778393797404e-10,0.0010355416310873374,4.9415711480772186e-05,0.0,134729.36129001604,6429.241515384945,141158.602805401
wet_low_load,3160.0,0.8797842706568672,0.001230952070191265,1.118511268581025e-07,4.0673137039309996e-10,0.0010354778416301672,4.941982494253667e-05,0.0,134721.06194930043,6429.7766981912955,141150.83864749174
wet_low_load,3170.0,0.8798560149566381,0.0012309568553097053,1.0958353595309488e-07,3.9848558528398136e-10,0.001035414051922212,4.942385501087679e-05,0.0,134712.7625759564,6430.301031078665,141143.0636070351
wet_low_load,3180.0,0.8799263047630465,0.0012309615434180272,1.0736191658772264e-07,3.9040696940990046e-10,0.0010353502619685564,4.942780337645207e-05,0.0,134704.4631706455,6430.814734010665,141135.27790465616
wet_low_load,3190.0,0.8799951695634649,0.0012309661364829456,1.0518533676740891e-07,3.824921336996687e-10,0.0010352864717741814,4.9431671695646784e-05,0.0,134696.16373401572,6431.318022491518,141127.48175650722
wet_low_load,3200.0,0.8800626382474611,0.0012309706364313033,1.0305288339214427e-07,3.7473775778961545e-10,0.0010352226813439664,4.9435461591264835e-05,0.0,134687.86426670192,6431.811107656466,141119.67537435837
wet_low_load,3210.0,0.8801287391189144,0.00123097504515088,1.0096366187351349e-07,3.671405886309581e-10,0.001035158890682694,4.9439174653210506e-05,0.0,134679.56476932636,6432.294196360341,141111.8589656867
wet_low_load,3220.0,0.8801934999078926,0.0012309793644911836,9.891679575931512e-08,3.5969743912478225e-10,0.001035095099795048,4.944281243915552e-05,0.0,134671.2652424984,6432.76749126435,141104.03273376275
wet_low_load,3230.0,0.8802569477822834,0.0012309835962642263,9.691142636593139e-08,3.52405186785205e-10,0.0010350313086856177,4.944637647519247e-05,0.0,134662.96568681515,6433.231190921088,141096.19687773625
wet_low_load,3240.0,0.8803191093591916,0.0012309877422452854,9.494671241809268e-08,3.452607724294279e-10,0.0010349675173588991,4.944986825647502e-05,0.0,134654.66610286158,6433.685489857836,141088.3515927194
wet_low_load,3250.0,0.8803800107161054,0.0012309918041736468,9.302182969596302e-08,3.382611988944109e-10,0.0010349037258192979,4.945328924784509e-05,0.0,134646.36649121085,6434.1305786581615,141080.49706986902
wet_low_load,3260.0,0.880439677401837,0.0012309957837533358,9.113597068933966e-08,3.3140352977941685e-10,0.0010348399340711293,4.94566408844475e-05,0.0,134638.0668524244,6434.566644041883,141072.63349646633
wet_low_load,3270.0,0.8804981344472396,0.0012309996826538312,8.928834425892548e-08,3.2468488821427446e-10,0.0010347761421186218,4.945992457233191e-05,0.0,134629.76718705246,6434.993868943385,141064.76105599583
wet_low_load,3280.0,0.8805554063757084,0.0012310035025107663,8.747817530441997e-08,3.181024556524362e-10,0.0010347123499659181,4.946314168904274e-05,0.0,134621.4674956339,6435.412432588373,141056.87992822225
wet_low_load,3290.0,0.8806115172134692,0.0012310072449266143,8.570470443934921e-08,3.116534706885425e-10,0.001034648557617078,4.946629358419704e-05,0.0,134613.16777869698,6435.82251056906,141048.99028926605
wet_low_load,3300.0,0.8806664904996561,0.0012310109114713615,8.396718767253065e-08,3.053352279001114e-10,0.0010345847650760761,4.946938158005067e-05,0.0,134604.8680367588,6436.224274917816,141041.09231167662
wet_low_load,3310.0,0.8807203492961879,0.0012310145036831647,8.226489609591523e-08,2.9914507671241894e-10,0.0010345209723468091,4.9472406972053e-05,0.0,134596.5682703264,6436.61789417936,141033.18616450572
wet_low_load,3320.0,0.8807731161974426,0.001231018023068998,8.059711557882201e-08,2.9308042028662547e-10,0.0010344571794330935,4.9475371029390395e-05,0.0,134588.26847989621,6437.0035334814465,141025.27201337766
wet_low_load,3330.0,0.8808248133397352,0.0012310214711052836,7.89631464683596e-08,2.8713871443039854e-10,0.0010343933863386683,4.9478274995518615e-05,0.0,134579.9686659548,6437.38135460415,141017.35002055895
wet_low_load,3340.0,0.8808754624106051,0.001231024849238512,7.736230329589364e-08,2.8131746653052225e-10,0.0010343295930671976,4.948112008868449e-05,0.0,134571.66882897884,6437.751516047728,141009.42034502656
wet_low_load,3350.0,0.8809250846579133,0.0012310281588858486,7.57939144895172e-08,2.7561423450733525e-10,0.0010342657996222704,4.9483907502436954e-05,0.0,134563.36896943528,6438.114173099117,141001.48314253442
wet_low_load,3360.0,0.8809737008987569,0.0012310314014357278,7.425732209228705e-08,2.700266257901347e-10,0.0010342020060074037,4.948663840612777e-05,0.0,134555.06908778168,6438.4694778970725,140993.53856567875
wet_low_load,3370.0,0.8810213315282023,0.0012310345782484365,7.275188148620602e-08,2.6455229631347644e-10,0.001034138212226042,4.9489313945402105e-05,0.0,134546.76918446628,6438.817579496,140985.58676396223
wet_low_load,3380.0,0.8810679965278395,0.0012310376906566835,7.127696112183746e-08,2.591889495339544e-10,0.0010340744182815614,4.94919352426791e-05,0.0,134538.46925992818,6439.158623928477,140977.62788385668
wet_low_load,3390.0,0.881113715474167,0.0012310407399661596,6.983194225330667e-08,2.5393433546656967e-10,0.0010340106241772688,4.9494503397622785e-05,0.0,134530.1693145978,6439.492754266523,140969.6620688643
wet_low_load,3400.0,0.8811585075468029,0.0012310437274560845,6.84162186787506e-08,2.4878624974091123e-10,0.0010339468299164036,4.9497019487603375e-05,0.0,134521.8693488964,6439.820110681618,140961.68945957802
wet_low_load,3410.0,0.8812023915365306,0.0012310466543797448,6.702919648605374e-08,2.4374253267655905e-10,0.0010338830355021405,4.9499484568149205e-05,0.0,134513.56936323724,6440.140830503495,140953.71019374073
wet_low_load,3420.0,0.8812453858531833,0.0012310495219650178,6.567029380360957e-08,2.38801068376762e-10,0.0010338192409375892,4.9501899673389626e-05,0.0,134505.26935802473,6440.4550482777695,140945.7244063025
wet_low_load,3430.0,0.8812875085333661,0.0012310523314148882,6.433894055628611e-08,2.3395978384104036e-10,0.0010337554462257967,4.950426581648876e-05,0.0,134496.9693336554,6440.762895822375,140937.73222947778
wet_low_load,3440.0,0.8813287772480218,0.0012310550839079524,6.303457822627039e-08,2.2921664809552865e-10,0.0010336916513697478,4.9506583990070525e-05,0.0,134488.66929051757,6441.064502282854,140929.73379280043
wet_low_load,3450.0,0.8813692093098459,0.0012310577805989121,6.175665961872241e-08,2.2456967134080876e-10,0.001033627856372367,4.950885516663511e-05,0.0,134480.3692289917,6441.359994186547,140921.72922317826
wet_low_load,3460.0,0.8814088216805479,0.0012310604226190604,6.050464863225379e-08,2.2001690411728646e-10,0.0010335640612365198,4.951108029896692e-05,0.0,134472.06914945066,6441.64949549567,140913.7186449463
wet_low_load,3470.0,0.881447630977968,0.0012310630110767544,5.927802003401759e-08,2.1555643648733663e-10,0.0010335002659650134,4.9513260320534265e-05,0.0,134463.76905225962,6441.933127659311,140905.7021799189
wet_low_load,3480.0,0.8814856534830479,0.0012310655470578816,5.807625923936292e-08,2.1118639723404696e-10,0.0010334364705605976,4.9515396145880994e-05,0.0,134455.4689377764,6442.211009664393,140897.6799474408
wet_low_load,3490.0,0.8815229051466609,0.001231068031626315,5.689886209596686e-08,2.0690495307624314e-10,0.0010333726750259675,4.951748867101014e-05,0.0,134447.16880635158,6442.483258085576,140889.65206443716
wet_low_load,3500.0,0.8815594015963036,0.0012310704658243592,5.574533467233629e-08,2.0271030789940464e-10,0.0010333088793637627,4.951953877375978e-05,0.0,134438.86865832866,6442.749987134169,140881.61864546285
wet_low_load,3510.0,0.8815951581426515,0.0012310728506731883,5.461519305060665e-08,1.9860070200220596e-10,0.0010332450835765694,4.9521547314171336e-05,0.0,134430.56849404407,6443.011308706041,140873.5798027501
wet_low_load,3520.0,0.881630189785983,0.001231075187173273,5.350796312349971e-08,1.9457441135818073e-10,0.0010331812876669217,4.952351513485037e-05,0.0,134422.26831382755,6443.267332428564,140865.53564625612
wet_low_load,3530.0,0.8816645112224704,0.0012310774763048021,5.2423180395477496e-08,1.906297468926454e-10,0.0010331174916373028,4.9525443061320025e-05,0.0,134413.9681180021,6443.518165706603,140857.4862837087
wet_low_load,3540.0,0.8816981368503463,0.001231079719028092,5.136038978786117e-08,1.867650537740406e-10,0.001033053695490144,4.9527331902367354e-05,0.0,134405.66790688413,6443.763913767565,140849.4318206517
wet_low_load,3550.0,0.8817310807759445,0.001231081916283991,5.0319145447887794e-08,1.8297871071959196e-10,0.001032989899227828,4.952918245038269e-05,0.0,134397.36768078365,6444.004679705561,140841.37236048921
wet_low_load,3560.0,0.8817633568196167,0.0012310840689942724,4.9299010561711706e-08,1.7926912931531528e-10,0.0010329261028526905,4.9530995481691974e-05,0.0,134389.06744000447,6444.24056452464,140833.30800452913
wet_low_load,3570.0,0.8817949785215297,0.001231086178062023,4.82995571711625e-08,1.756347533496818e-10,0.0010328623063670182,4.953277175688243e-05,0.0,134380.76718484412,6444.471667181164,140825.2388520253
wet_low_load,3580.0,0.8818259591473475,0.0012310882443720206,4.7320365994159635e-08,1.7207405816058045e-10,0.0010327985097730518,4.953451202112174e-05,0.0,134372.46691559415,6444.69808462533,140817.1650002195
wet_low_load,3590.0,0.8818563116937952,0.001231090268791106,4.6361026248865866e-08,1.6858554999587584e-10,0.0010327347130729872,4.953621700447053e-05,0.0,134364.16663254026,6444.91991184183,140809.0865443821
wet_low_load,3600.0,0.8818860488941106,0.0012310922521685456,4.5421135481364304e-08,1.6516776538677927e-10,0.0010326709162689748,4.95378874221887e-05,0.0,134355.86633596223,6445.1372418897,140801.00357785192
wet_low_load,3610.0,0.881915183223388,0.0012310941953363893,4.450029939677107e-08,1.6181927053371295e-10,0.0010326071193631223,4.9539523975035494e-05,0.0,134347.56602613427,6445.3501659413705,140792.91619207565
wet_low_load,3620.0,0.8819437269038097,0.0012310960991098177,4.3598131693882604e-08,1.5853866070502762e-10,0.0010325433223574941,4.9541127349563436e-05,0.0,134339.26570332496,6445.558773320904,140784.82447664585
wet_low_load,3630.0,0.8819716919097744,0.0012310979642874854,4.2714253903083194e-08,1.5532455964757524e-10,0.0010324795252541136,4.9542698218406385e-05,0.0,134330.96536779756,6445.763151541468,140776.72851933903
wet_low_load,3640.0,0.8819990899729198,0.0012310997916518559,4.1848295227600006e-08,1.5217561900945457e-10,0.0010324157280549623,4.954423724056167e-05,0.0,134322.66501980988,6445.963386342047,140768.62840615195
wet_low_load,3650.0,0.8820259325870449,0.0012311015819695293,4.099989238791752e-08,1.490905177742455e-10,0.0010323519307619815,4.954574506166658e-05,0.0,134314.3646596145,6446.159561723419,140760.52422133795
wet_low_load,3660.0,0.8820522310129321,0.0012311033359915639,4.0168689469382756e-08,1.4606796170684638e-10,0.0010322881333770734,4.954722231426924e-05,0.0,134306.0642874589,6446.351759983387,140752.4160474423
wet_low_load,3670.0,0.8820779962830698,0.0012311050544537923,3.935433777292842e-08,1.4310668281064876e-10,0.0010322243359021026,4.9548669618093905e-05,0.0,134297.7639035857,6446.540061751309,140744.303965337
wet_low_load,3680.0,0.8821032392062821,0.0012311067380771288,3.855649566875219e-08,1.402054387954625e-10,0.001032160538338894,4.9550087580301e-05,0.0,134289.46350823226,6446.724546021917,140736.18805425416
wet_low_load,3690.0,0.8821279703722622,0.0012311083875678724,3.777482845301825e-08,1.3736301255642999e-10,0.0010320967406892364,4.955147679574179e-05,0.0,134281.16310163136,6446.905290188461,140728.06839181983
wet_low_load,3700.0,0.8821522001560154,0.0012311100036180034,3.7009008207447143e-08,1.3457821166344414e-10,0.0010320329429548832,4.955283784720795e-05,0.0,134272.86268401114,6447.082370075173,140719.9450540863
wet_low_load,3710.0,0.882175938722212,0.001231111586905473,3.625871366171614e-08,1.3184986786078593e-10,0.0010319691451375502,4.9554171305676066e-05,0.0,134264.56225559482,6447.255859969082,140711.8181155639
wet_low_load,3720.0,0.8821991960294502,0.0012311131380944888,3.5523630058745416e-08,1.2917683657725605e-10,0.001031905347238921,4.955547773054712e-05,0.0,134256.26181660144,6447.425832651169,140703.6876492526
wet_low_load,3730.0,0.8822219818344349,0.0012311146578357916,3.480344902259988e-08,1.2655799644581773e-10,0.001031841549260643,4.95567576698812e-05,0.0,134247.9613672453,6447.592359426911,140695.5537266722
wet_low_load,3740.0,0.8822443056960704,0.0012311161467669306,3.409786842914725e-08,1.239922488332627e-10,0.001031777751204331,4.955801166062741e-05,0.0,134239.66090773654,6447.75551015618,140687.41641789273
wet_low_load,3750.0,0.8822661769794706,0.0012311176055125291,3.340659227929869e-08,1.2147851737926797e-10,0.001031713953071567,4.955924022884914e-05,0.0,134231.360438281,6447.915353282565,140679.27579156356
wet_low_load,3760.0,0.8822876048598874,0.0012311190346845477,3.27293305748584e-08,1.190157475449396e-10,0.0010316501548639008,4.956044388994472e-05,0.0,134223.0599590803,6448.071955862075,140671.13191494235
wet_low_load,3770.0,0.8823085983265609,0.00123112043488254,3.206579919682018e-08,1.1660290617025517e-10,0.001031586356582852,4.956162314886369e-05,0.0,134214.75947033212,6448.2253835912725,140662.9848539234
wet_low_load,3780.0,0.8823291661864887,0.0012311218066939054,3.1415719786239045e-08,1.1423898104086923e-10,0.0010315225582299074,4.9562778500318556e-05,0.0,134206.4589722299,6448.375700834835,140654.8346730648
wet_low_load,3790.0,0.8823493170681221,0.001231123150694134,3.0778819627401664e-08,1.1192298046327878e-10,0.0010314587598065246,4.956391042899241e-05,0.0,134198.15846496334,6448.522970652559,140646.68143561593
wet_low_load,3800.0,0.882369059424985,0.0012311244674470493,3.015483153345488e-08,1.0965393284892682e-10,0.0010313949613141315,4.956501940974219e-05,0.0,134189.85794871819,6448.667254825801,140638.52520354398
wet_low_load,3810.0,0.8823884015392208,0.0012311257575050442,2.954349373428736e-08,1.0743088630649948e-10,0.0010313311627541274,4.956610590779794e-05,0.0,134181.55742367648,6448.808613883419,140630.36603755987
wet_low_load,3820.0,0.8824073515250661,0.0012311270214093125,2.894454976675326e-08,1.0525290824273911e-10,0.0010312673641278826,4.9567170378957946e-05,0.0,134173.25689001652,6448.947107127142,140622.20399714366
wet_low_load,3830.0,0.882425917332256,0.0012311282596900767,2.83577483670296e-08,1.0311908497101671e-10,0.001031203565436741,4.956821326977998e-05,0.0,134164.9563479131,6449.0827926564625,140614.03914056957
wet_low_load,3840.0,0.8824441067493574,0.0012311294728668094,2.778284336526315e-08,1.0102852132822963e-10,0.0010311397666820173,4.956923501776859e-05,0.0,134156.6557975374,6449.215727393003,140605.87152493038
wet_low_load,3850.0,0.8824619274070378,0.0012311306614484522,2.7219593582265437e-08,9.898034029914703e-11,0.001031075967865001,4.957023605155869e-05,0.0,134148.35523905704,6449.345967104397,140597.70120616144
wet_low_load,3860.0,0.8824793867812656,0.0012311318259336287,2.666776272835076e-08,9.69736826485482e-11,0.0010310121689869553,4.957121679109533e-05,0.0,134140.05467263644,6449.473566427686,140589.52823906412
wet_low_load,3870.0,0.8824964921964472,0.0012311329668108534,2.6127119304189292e-08,9.500770656068832e-11,0.0010309483700491164,4.9572177647809914e-05,0.0,134131.75409843648,6449.598578892236,140581.35267732872
wet_low_load,3880.0,0.8825132508284985,0.0012311340845587374,2.5597436503726928e-08,9.308158728627972e-11,0.0010308845710526972,4.957311902479274e-05,0.0,134123.45351661489,6449.721056942198,140573.17457355704
wet_low_load,3890.0,0.8825296697078561,0.0012311351796461887,2.5078492119010133e-08,9.119451679640048e-11,0.0010308207719988852,4.9574041316962164e-05,0.0,134115.15292732618,6449.841051958504,140564.99397928466
wet_low_load,3900.0,0.8825457557224269,0.001231136252532609,2.457006844695472e-08,8.934570344347169e-11,0.0010307569728888442,4.9574944911230244e-05,0.0,134106.85233072183,6449.958614280433,140556.81094500227
wet_low_load,3910.0,0.882561515620477,0.0012311373036680863,2.407195219804839e-08,8.753437162926686e-11,0.0010306931737237134,4.957583018666506e-05,0.0,134098.55172694995,6450.073793226714,140548.6255201767
wet_low_load,3920.0,0.8825769560134628,0.0012311383334935838,2.358393440686511e-08,8.575976147950949e-11,0.0010306293745046106,4.957669751464971e-05,0.0,134090.25111615608,6450.186637116224,140540.43775327227
wet_low_load,3930.0,0.8825920833788045,0.001231139342441125,2.310581034439549e-08,8.402112852507451e-11,0.0010305655752326295,4.957754725903815e-05,0.0,134081.95049848245,6450.2971932882565,140532.2476917707
wet_low_load,3940.0,0.882606904062604,0.0012311403309339748,2.263737943215427e-08,8.231774338965187e-11,0.0010305017759088422,4.957837977630782e-05,0.0,134073.64987406856,6450.405508122386,140524.05538219097
wet_low_load,3950.0,0.882621424282307,0.0012311412993868175,2.217844515803774e-08,8.064889148377358e-11,0.0010304379765342989,4.957919541570919e-05,0.0,134065.34924305105,6450.5116270579165,140515.86087010897
wet_low_load,3960.0,0.8826356501293108,0.00123114224820593,2.1728814993904075e-08,7.901387270510572e-11,0.0010303741771100286,4.957999451941225e-05,0.0,134057.04860556385,6450.61559461295,140507.66420017678
wet_low_load,3970.0,0.8826495875715197,0.0012311431777893523,2.1288300314789235e-08,7.741200114468811e-11,0.0010303103776370393,4.958077742265011e-05,0.0,134048.74796173794,6450.717454403055,140499.46541614103
wet_low_load,3980.0,0.8826632424558495,0.001231144088527056,2.0856716319766996e-08,7.58426047991527e-11,0.0010302465781163192,4.958154445385957e-05,0.0,134040.44731170213,6450.817249159575,140491.2645608617
wet_low_load,3990.0,0.8826766205106794,0.001231144980801105,2.0433881954446282e-08,7.430502528889556e-11,0.0010301827785488354,4.958229593481896e-05,0.0,134032.146655582,6450.915020747545,140483.06167632958
wet_low_load,4000.0,0.8826897273482553,0.001231145854985819,2.0019619835010093e-08,7.279861758185488e-11,0.0010301189789355364,4.9583032180783066e-05,0.0,134023.84599350116,6451.010810183255,140474.8568036844
wet_low_load,4010.0,0.8827025684670453,0.0012311467114479284,1.9613756173768936e-08,7.132274972279613e-11,0.0010300551792773506,4.9583753500615475e-05,0.0,134015.5453255803,6451.104657651468,140466.64998323173
wet_low_load,4020.0,0.8827151492540439,0.0012311475505467286,1.921612070632446e-08,6.987680256845258e-11,0.001029991379575188,4.958446019691802e-05,0.0,134007.2446519378,6451.196602522257,140458.44125446005
wet_low_load,4030.0,0.8827274749870346,0.0012311483726342312,1.882654662006971e-08,6.84601695275262e-11,0.0010299275798299403,4.958515256615785e-05,0.0,133998.9439726897,6451.286683367546,140450.23065605728
wet_low_load,4040.0,0.882739550836803,0.0012311491780553113,1.844487048423183e-08,6.707225630629755e-11,0.0010298637800424813,4.9585830898791754e-05,0.0,133990.64328794976,6451.3749379772735,140442.01822592702
wet_low_load,4050.0,0.8827513818693051,0.001231149967147852,1.8070932181337785e-08,6.571248065941012e-11,0.0010297999802136662,4.958649547938798e-05,0.0,133982.3425978291,6451.461403375252,140433.80400120435
wet_low_load,4060.0,0.8827629730477936,0.0012311507402428868,1.7704574840020072e-08,6.438027214552753e-11,0.001029736180344334,4.958714658674564e-05,0.0,133974.041902437,6451.546115834698,140425.58801827166
wet_low_load,4070.0,0.8827743292348996,0.001231151497664738,1.7345644769207356e-08,6.307507188802675e-11,0.0010296723804353058,4.9587784494011674e-05,0.0,133965.7412018802,6451.629110893453,140417.37031277368
wet_low_load,4080.0,0.882785455194673,0.0012311522397311521,1.699399139364916e-08,6.179633234054239e-11,0.0010296085804873865,4.9588409468795446e-05,0.0,133957.4404962635,6451.710423368888,140409.15091963238
wet_low_load,4090.0,0.8827963555945804,0.0012311529667534352,1.6649467190753467e-08,6.054351705728533e-11,0.0010295447805013644,4.958902177328098e-05,0.0,133949.13978568942,6451.790087372512,140400.92987306192
wet_low_load,4100.0,0.8828070350074638,0.0012311536790365807,1.6311927628688097e-08,5.93161004679567e-11,0.0010294809804780119,4.9589621664336995e-05,0.0,133940.83907025846,6451.868136324281,140392.70720658274
wet_low_load,4110.0,0.8828174979134578,0.0012311543768793998,1.5981231105793284e-08,5.811356765743011e-11,0.001029417180418086,4.959020939362457e-05,0.0,133932.5383500691,6451.944602966615,140384.48295303574
wet_low_load,4120.0,0.8828277487018705,0.0012311550605746456,1.565723889110641e-08,5.6935414149477845e-11,0.0010293533803223279,4.959078520770284e-05,0.0,133924.2376252178,6452.01951937814,140376.25714459596
wet_low_load,4130.0,0.8828377916730247,0.0012311557304091358,1.5339815066202184e-08,5.5781145695280656e-11,0.0010292895801914642,4.9591349348132366e-05,0.0,133915.93689579907,6452.092916987148,140368.0298127862
wet_low_load,4140.0,0.8828476310400606,0.0012311563866638738,1.502882646818224e-08,5.465027806611723e-11,0.0010292257800262068,4.959190205157647e-05,0.0,133907.63616190554,6452.164826584763,140359.80098849031
wet_low_load,4150.0,0.8828572709307047,0.0012311570296141658,1.4724142633793838e-08,5.35423368501594e-11,0.0010291619798272532,4.9592443549900526e-05,0.0,133899.33542362796,6452.235278337885,140351.57070196586
wet_low_load,4160.0,0.8828667153890007,0.0012311576595297367,1.442563574469882e-08,5.245685725345025e-11,0.001029098179595286,4.959297407026926e-05,0.0,133891.0346810551,6452.304301801823,140343.33898285695
wet_low_load,4170.0,0.8828759683770067,0.0012311582766748434,1.4133180573858128e-08,5.139338390493864e-11,0.0010290343793309745,4.9593493835241984e-05,0.0,133882.73393427415,6452.371925932707,140335.10586020685
wet_low_load,4180.0,0.8828850337764557,0.0012311588813083852,1.3846654433015757e-08,5.0351470665511834e-11,0.0010289705790349744,4.9594003062866014e-05,0.0,133874.43318337033,6452.4381790996285,140326.87136246994
wet_low_load,4190.0,0.8828939153903866,0.0012311594736840127,1.3565937121173741e-08,4.9330680440631775e-11,0.0010289067787079284,4.959450196676816e-05,0.0,133866.13242842729,6452.5030890965445,140318.6355175238
wet_low_load,4200.0,0.8829026169447373,0.0012311600540502344,1.3290910874240282e-08,4.833058499723738e-11,0.0010288429783504658,4.959499075624426e-05,0.0,133857.83166952681,6452.5666831539365,140310.39835268076
wet_low_load,4210.0,0.8829111420899083,0.0012311606226505204,1.3021460315584196e-08,4.735076478394252e-11,0.0010287791779632035,4.9595469636347046e-05,0.0,133849.5309067493,6452.628987950236,140302.15989469955
wet_low_load,4220.0,0.8829194944022949,0.001231161179723405,1.2757472407637152e-08,4.6390808755044184e-11,0.0010287153775467453,4.959593880797216e-05,0.0,133841.23014017323,6452.690029623008,140293.92016979624
wet_low_load,4230.0,0.8829276773857879,0.0012311617255025863,1.2498836404444573e-08,4.5450314197980254e-11,0.0010286515771016828,4.959639846794247e-05,0.0,133832.9293698756,6452.749833779934,140285.67920365557
wet_low_load,4240.0,0.8829356944732414,0.0012311622602170255,1.2245443805281271e-08,4.4528886564659164e-11,0.0010285877766285964,4.959684880909054e-05,0.0,133824.6285959319,6452.808425509538,140277.43702144147
wet_low_load,4250.0,0.8829435490279148,0.0012311627840910408,1.199718830906413e-08,4.362613930568774e-11,0.0010285239761280542,4.9597290020339605e-05,0.0,133816.3278184161,6452.865829391715,140269.1936478078
wet_low_load,4260.0,0.8829512443448834,0.0012311632973444038,1.1753965769786315e-08,4.274169370831387e-11,0.0010284601756006127,4.9597722286782806e-05,0.0,133808.02703740055,6452.9220695080485,140260.9491069086
wet_low_load,4270.0,0.88295878365242,0.0012311638001924299,1.1515674152826466e-08,4.187517873755078e-11,0.0010283963750468176,4.959814578976083e-05,0.0,133799.7262529562,6452.977169451905,140252.70342240814
wet_low_load,4280.0,0.8829661701133497,0.0012311642928460695,1.128221349214982e-08,4.1026230880544794e-11,0.0010283325744672024,4.9598560706937994e-05,0.0,133791.42546515257,6453.031152338338,140244.4566174909
wet_low_load,4290.0,0.8829734068263774,0.0012311647755119965,1.1053485848334333e-08,4.0194493993943023e-11,0.0010282687738622912,4.959896721237679e-05,0.0,133783.12467405782,6453.084040813785,140236.20871487158
wet_low_load,4300.0,0.8829804968273857,0.0012311652483926949,1.0829395267560742e-08,3.9379619154766323e-11,0.0010282049732325965,4.9599365476610825e-05,0.0,133774.82387973857,6453.135857065556,140227.9597368041
wet_low_load,4310.0,0.8829874430907112,0.001231165711686543,1.0609847741261602e-08,3.8581264513678543e-11,0.001028141172578621,4.959975566671652e-05,0.0,133766.52308226028,6453.186622831165,140219.70970509143
wet_low_load,4320.0,0.8829942485303902,0.0012311661655878983,1.0394751166760516e-08,3.779909515185642e-11,0.001028077371900857,4.9600137946383035e-05,0.0,133758.22228168693,6453.236359407424,140211.4586410944
wet_low_load,4330.0,0.883000916001382,0.0012311666102871775,1.0184015308600846e-08,3.7032782940366706e-11,0.0010280135711997866,4.9600512475981044e-05,0.0,133749.92147808138,6453.285087659392,140203.20656574075
wet_low_load,4340.0,0.8830074483007668,0.001231167045970937,9.9775517606791e-09,3.628200640246945e-11,0.0010279497704758825,4.960087941262999e-05,0.0,133741.620671505,6453.33282802913,140194.95349953417
wet_low_load,4350.0,0.8830138481689184,0.0012311674728219509,9.775273909198261e-09,3.554645057890277e-11,0.0010278859697296072,4.960123891026396e-05,0.0,133733.31986201802,6453.379600544262,140186.69946256228
wet_low_load,4360.0,0.883020118290654,0.0012311678910192883,9.577096896302112e-09,3.482580689564404e-11,0.0010278221689614146,4.960159111969629e-05,0.0,133725.01904967945,6453.425424826391,140178.44447450584
wet_low_load,4370.0,0.8830262612963612,0.001231168300738388,9.3829375844736e-09,3.4119773034449454e-11,0.0010277583681717489,4.960193618868286e-05,0.0,133716.71823454715,6453.470320099323,140170.18855464648
wet_low_load,4380.0,0.8830322797631008,0.001231168702151131,9.1927145216735e-09,3.3428052806085447e-11,0.001027694567361045,4.9602274261984024e-05,0.0,133708.4174166777,6453.514305197138,140161.93172187483
wet_low_load,4390.0,0.8830381762156881,0.0012311690954259153,9.006347907162634e-09,3.2750356026045935e-11,0.0010276307665297302,4.9602605481425384e-05,0.0,133700.1165961266,6453.557398572085,140153.67399469868
wet_low_load,4400.0,0.8830439531277519,0.0012311694807277235,8.823759558031367e-09,3.208639839284133e-11,0.0010275669656782216,4.960292998595726e-05,0.0,133691.81577294823,6453.599618302323,140145.41539125057
wet_low_load,4410.0,0.8830496129227727,0.0012311698582181947,8.644872876378769e-09,3.1435901368650064e-11,0.0010275031648069295,4.9603247911713e-05,0.0,133683.51494719592,6453.640982099511,140137.15592929543
wet_low_load,4420.0,0.8830551579750986,0.0012311702280556902,8.469612817223626e-09,3.0798592062631364e-11,0.001027439363916254,4.960355939206607e-05,0.0,133675.2141189217,6453.681507316233,140128.89562623794
wet_low_load,4430.0,0.8830605906109421,0.0012311705903953608,8.297905856972785e-09,3.017420311626467e-11,0.001027375563006589,4.9603864557686e-05,0.0,133666.91328817685,6453.721210953274,140120.6344991301
wet_low_load,4440.0,0.883065913109356,0.0012311709453892124,8.129679962598477e-09,2.956247259126718e-11,0.0010273117620783188,4.9604163536593265e-05,0.0,133658.6124550114,6453.760109666763,140112.37256467817
wet_low_load,4450.0,0.8830711277031887,0.001231171293186169,7.964864561428037e-09,2.8963143859738313e-11,0.0010272479611318208,4.960445645421291e-05,0.0,133650.3116194744,6453.798219775155,140104.10983924955
wet_low_load,4460.0,0.8830762365800217,0.0012311716339321352,7.803390511529939e-09,2.83759654964725e-11,0.0010271841601674646,4.960474343342719e-05,0.0,133642.01078161394,6453.835557266071,140095.84633888002
wet_low_load,4470.0,0.8830812418830866,0.0012311719677700578,7.645190072707152e-09,2.780069117348055e-11,0.0010271203591856123,4.960502459462717e-05,0.0,133633.70994147717,6453.872137803015,140087.5820792802
wet_low_load,4480.0,0.8830861457121655,0.0012311722948399858,7.490196878062245e-09,2.7237079556589977e-11,0.0010270565581866182,4.9605300055763165e-05,0.0,133625.40909911014,6453.907976731937,140079.3170758421
wet_low_load,4490.0,0.8830909501244701,0.0012311726152791284,7.338345906197765e-09,2.6684894204355503e-11,0.0010269927571708302,4.960556993239425e-05,0.0,133617.10825455814,6453.9430890876765,140071.05134364584
wet_low_load,4500.0,0.8830956571355062,0.0012311729292219138,7.189573453902814e-09,2.61439034687375e-11,0.0010269289561385887,4.960583433773675e-05,0.0,133608.8074078655,6453.977489600265,140062.78489746575
wet_low_load,4510.0,0.8831002687199182,0.0012311732368000445,7.043817109444404e-09,2.5613880397979647e-11,0.0010268651550902272,4.960609338271169e-05,0.0,133600.50655907553,6454.0111927011085,140054.51775177664
wet_low_load,4520.0,0.8831047868123186,0.001231173538142553,6.901015726367881e-09,2.5094602641337745e-11,0.0010268013540260727,4.960634717599142e-05,0.0,133592.20570823076,6454.044212529043,140046.24992075984
wet_low_load,4530.0,0.8831092133080984,0.0012311738333758559,6.761109397873334e-09,2.458585235590303e-11,0.001026737552946445,4.960659582404509e-05,0.0,133583.90485537288,6454.076562936261,140037.98141830918
wet_low_load,4540.0,0.8831135500642231,0.0012311741226238068,6.624039431661254e-09,2.408741611513183e-11,0.001026673751851658,4.960683943118339e-05,0.0,133575.60400054275,6454.1082574941265,140029.7122580369
wet_low_load,4550.0,0.8831177989000109,0.0012311744060077487,6.489748325330465e-09,2.3599084819383507e-11,0.0010266099507420191,4.960707809960228e-05,0.0,133567.30314378027,6454.139309498867,140021.44245327913
wet_low_load,4560.0,0.8831219615978966,0.0012311746836465643,6.35817974223599e-09,2.3120653608130868e-11,0.0010265461496178298,4.960731192942587e-05,0.0,133559.0022851247,6454.169731977149,140013.17201710184
wet_low_load,4570.0,0.8831260399041795,0.0012311749556567263,6.229278487857677e-09,2.2651921774027913e-11,0.001026482348479384,4.9607541018748425e-05,0.0,133550.7014246143,6454.19953769155,140004.90096230584
wet_low_load,4580.0,0.8831300355297556,0.001231175222152346,6.102990486650791e-09,2.2192692678730146e-11,0.0010264185473269718,4.960776546367554e-05,0.0,133542.4005622868,6454.228739145908,139996.6293014327
wet_low_load,4590.0,0.883133950150835,0.0012311754832452211,5.979262759366706e-09,2.174277367042438e-11,0.0010263547461608759,4.96079853583644e-05,0.0,133534.09969817894,6454.257348590562,139988.35704676952
wet_low_load,4600.0,0.8831377854096462,0.0012311757390448836,5.858043400806431e-09,2.1301976002932472e-11,0.0010262909449813735,4.960820079506335e-05,0.0,133525.79883232687,6454.285378027502,139980.08421035437
wet_low_load,4610.0,0.8831415429151235,0.001231175989658644,5.739281558079816e-09,2.0870114756653878e-11,0.0010262271437887368,4.9608411864150515e-05,0.0,133517.4979647659,6454.312839215393,139971.8108039813
wet_low_load,4620.0,0.8831452242435835,0.0012311762351916375,5.6229274092340655e-09,2.0447008760851144e-11,0.001026163342583232,4.96086186541718e-05,0.0,133509.1970955308,6454.339743674522,139963.5368392053
wet_low_load,4630.0,0.8831488309393851,0.0012311764757468684,5.508932142392159e-09,2.0032480517789668e-11,0.0010260995413651196,4.960882125187794e-05,0.0,133500.89622465533,6454.366102691608,139955.26232734692
wet_low_load,4640.0,0.8831523645155782,0.0012311767114252519,5.39724793524026e-09,1.9626356128146398e-11,0.0010260357401346552,4.9609019742260986e-05,0.0,133492.59535217282,6454.391927324561,139946.98727949738
wet_low_load,4650.0,0.8831558264545383,0.001231176942325658,5.287827934980982e-09,1.922846521811266e-11,0.0010259719388920896,4.9609214208589925e-05,0.0,133484.2944781159,6454.417228407109,139938.711706523
wet_low_load,4660.0,0.8831592182085882,0.0012311771685449523,5.180626238675453e-09,1.8838640867910737e-11,0.0010259081376376685,4.960940473244558e-05,0.0,133475.99360251648,6454.442016553344,139930.43561906982
wet_low_load,4670.0,0.8831625412006073,0.001231177390178036,5.075597873997029e-09,1.8456719541807375e-11,0.001025844336371631,4.9609591393754896e-05,0.0,133467.69272540574,6454.4663021621745,139922.1590275679
wet_low_load,4680.0,0.8831657968246286,0.0012311776073178865,4.972698780350931e-09,1.8082541019457928e-11,0.0010257805350942137,4.9609774270824395e-05,0.0,133459.3918468144,6454.490095421691,139913.88194223613
wet_low_load,4690.0,0.8831689864464232,0.001231177820055597,4.871885790400455e-09,1.7715948328728928e-11,0.0010257167338056468,4.9609953440373086e-05,0.0,133451.09096677246,6454.513406313435,139905.60437308587
wet_low_load,4700.0,0.8831721114040736,0.0012311780284804128,4.773116611954024e-09,1.7356787679832812e-11,0.0010256529325061567,4.961012897756463e-05,0.0,133442.79008530933,6454.536244616588,139897.32632992594
wet_low_load,4710.0,0.8831751730085354,0.0012311782326797712,4.676349810207135e-09,1.7004908400753215e-11,0.0010255891311959646,4.961030095603889e-05,0.0,133434.48920245384,6454.558619912083,139889.04782236594
wet_low_load,4720.0,0.8831781725441864,0.0012311784327393353,4.58154479039259e-09,1.6660162874154872e-11,0.0010255253298752877,4.961046944794279e-05,0.0,133426.18831823423,6454.580541586608,139880.76885982082
wet_low_load,4730.0,0.8831811112693657,0.0012311786287430332,4.488661780728872e-09,1.6322406475377713e-11,0.0010254615285443382,4.961063452396058e-05,0.0,133417.8874326781,6454.602018836556,139872.48945151464
wet_low_load,4740.0,0.8831839904169024,0.00123117882077309,4.397661815724279e-09,1.5991497511724648e-11,0.0010253977272033246,4.961079625334356e-05,0.0,133409.58654581255,6454.623060671877,139864.20960648442
wet_low_load,4750.0,0.8831868111946314,0.001231179008910065,4.308506719868153e-09,1.5667297163156916e-11,0.0010253339258524507,4.961095470393903e-05,0.0,133401.28565766412,6454.643675919863,139855.929333584
wet_low_load,4760.0,0.8831895747859011,0.0012311791932328835,4.221159091577063e-09,1.534966942391659e-11,0.001025270124491917,4.961110994221881e-05,0.0,133392.98476825893,6454.663873228841,139847.64864148776
wet_low_load,4770.0,0.8831922823500691,0.001231179373818871,4.135582287543331e-09,1.5038481045612108e-11,0.0010252063231219188,4.9611262033307124e-05,0.0,133384.68387762236,6454.683661071814,139839.36753869415
wet_low_load,4780.0,0.8831949350229898,0.0012311795507437856,4.051740407306326e-09,1.473360148111391e-11,0.001025142521742648,4.961141104100793e-05,0.0,133376.38298577935,6454.703047750006,139831.08603352934
wet_low_load,4790.0,0.8831975339174896,0.0012311797240818494,3.969598278253208e-09,1.4434902830011664e-11,0.0010250787203542927,4.961155702783163e-05,0.0,133368.0820927544,6454.722041396347,139822.80413415076
wet_low_load,4800.0,0.8832000801238339,0.001231179893905779,3.889121440830573e-09,1.4142259784838445e-11,0.001025014918957037,4.961170005502137e-05,0.0,133359.7811985715,6454.740649978893,139814.5218485504
wet_low_load,4810.0,0.8832025747101856,0.0012311800602868184,3.8102761340822196e-09,1.3855549578480797e-11,0.0010249511175510612,4.961184018257868e-05,0.0,133351.480303254,6454.758881304152,139806.23918455816
wet_low_load,4820.0,0.8832050187230522,0.0012311802232947656,3.733029281498612e-09,1.3574651932722223e-11,0.0010248873161365422,4.961197746928867e-05,0.0,133343.17940682507,6454.776743020373,139797.95614984544
wet_low_load,4830.0,0.8832074131877246,0.0012311803829980047,3.6573484771611176e-09,1.3299449007858607e-11,0.0010248235147136537,4.9612111972744674e-05,0.0,133334.87850930716,6454.794242620751,139789.67275192795
wet_low_load,4840.0,0.8832097591087079,0.0012311805394635328,3.5832019721047744e-09,1.3029825353108267e-11,0.0010247597132825646,4.961224374937242e-05,0.0,133326.57761072234,6454.811387446566,139781.3889981689
wet_low_load,4850.0,0.8832120574701429,0.0012311806927569893,3.5105586610274987e-09,1.2765667858281811e-11,0.0010246959118434416,4.961237285445369e-05,0.0,133318.27671109227,6454.828184690266,139773.10489578254
wet_low_load,4860.0,0.883214309236218,0.0012311808429426821,3.4393880692373067e-09,1.2506865706317476e-11,0.0010246321103964476,4.961249934214955e-05,0.0,133309.97581043813,6454.8446413984875,139764.8204518366
wet_low_load,4870.0,0.8832165153515751,0.0012311809900836161,3.369660339856188e-09,1.2253310326749773e-11,0.0010245683089417418,4.961262326552302e-05,0.0,133301.67490878067,6454.860764475007,139756.53567325565
wet_low_load,4880.0,0.8832186767417043,0.0012311811342415185,3.301346221316205e-09,1.2004895350240743e-11,0.0010245045074794808,4.961274467656137e-05,0.0,133293.3740061402,6454.876560683638,139748.25056682384
wet_low_load,4890.0,0.8832207943133338,0.001231181275476865,3.234417055053798e-09,1.1761516563831991e-11,0.001024440706009818,4.961286362619791e-05,0.0,133285.07310253673,6454.892036651068,139739.96513918779
wet_low_load,4900.0,0.8832228689548086,0.001231181413848906,3.1688447635335875e-09,1.1523071867394862e-11,0.0010243769045329026,4.961298016433336e-05,0.0,133276.77219798966,6454.907198869645,139731.6793968593
wet_low_load,4910.0,0.8832249015364644,0.0012311815494156896,3.104601838436498e-09,1.1289461230678174e-11,0.0010243131030488826,4.9613094339856796e-05,0.0,133268.47129251822,6454.922053700088,139723.39334621833
wet_low_load,4920.0,0.8832268929109924,0.0012311816822340878,3.041661329118089e-09,1.1060586651338504e-11,0.0010242493015579018,4.961320620066615e-05,0.0,133260.1703861412,6454.936607374171,139715.10699351536
wet_low_load,4930.0,0.883228843913797,0.0012311818123598194,2.979996831320992e-09,1.0836352113894515e-11,0.0010241855000601013,4.96133157936883e-05,0.0,133251.86947887685,6454.950865997324,139706.8203448742
wet_low_load,4940.0,0.8832307553633459,0.0012311819398474737,2.9195824760838625e-09,1.0616663549395862e-11,0.0010241216985556187,4.961342316489877e-05,0.0,133243.56857074314,6454.964835551202,139698.5334062944
wet_low_load,4950.0,0.883232628061514,0.0012311820647505332,2.860392918901052e-09,1.0401428796003824e-11,0.0010240578970445908,4.961352835934101e-05,0.0,133235.26766175788,6454.9785218961915,139690.24618365406
wet_low_load,4960.0,0.8832344627939195,0.001231182187121396,2.802403329080486e-09,1.0190557560292676e-11,0.0010239940955271492,4.961363142114527e-05,0.0,133226.96675193813,6454.991930773869,139681.958682712
wet_low_load,4970.0,0.8832362603302534,0.0012311823070113982,2.7455893793285464e-09,9.983961379376531e-12,0.0010239302940034242,4.961373239354715e-05,0.0,133218.66584130088,6455.00506780941,139673.67090911028
wet_low_load,4980.0,0.8832380214246027,0.001231182424470835,2.6899272355458662e-09,9.781553583803149e-12,0.001023866492473543,4.961383131890574e-05,0.0,133210.3649298627,6455.017938513955,139665.38286837665
wet_low_load,4990.0,0.8832397468157668,0.001231182539548982,2.6353935468255644e-09,9.583249261183869e-12,0.001023802690937631,4.961392823872134e-05,0.0,133202.06401763987,6455.03054828691,139657.0945659268
wet_low_load,5000.0,0.8832414372275663,0.0012311826522941158,2.5819654356776383e-09,9.388965220645956e-12,0.0010237388893958102,4.9614023193652914e-05,0.0,133193.76310464827,6455.042902418214,139648.80600706648
wet_low_load,5010.0,0.8832430933691485,0.001231182762753534,2.5296204883973526e-09,9.198619957808554e-12,0.0010236750878481998,4.9614116223535126e-05,0.0,133185.4621909034,6455.055006090569,139640.51719699395
wet_low_load,5020.0,0.883244715935284,0.0012311828709735762,2.478336745670796e-09,9.012133620621077e-12,0.0010236112862949181,4.9614207367395095e-05,0.0,133177.1612764207,6455.0668643816025,139632.2281408023
wet_low_load,5030.0,0.883246305606657,0.0012311829769996413,2.428092693407445e-09,8.829427976027071e-12,0.0010235474847360797,4.961429666346868e-05,0.0,133168.86036121502,6455.078482266002,139623.938843481
wet_low_load,5040.0,0.8832478630501532,0.0012311830808762088,2.378867253637099e-09,8.650426376862178e-12,0.0010234836831717973,4.961438414921662e-05,0.0,133160.55944530104,6455.089864617602,139615.64930991863
wet_low_load,5050.0,0.8832493889191376,0.0012311831826468558,2.330639775743091e-09,8.475053729974875e-12,0.0010234198816021806,4.961446986134016e-05,0.0,133152.25852869306,6455.101016211427,139607.35954490447
wet_low_load,5060.0,0.8832508838537301,0.0012311832823542765,2.283390027731918e-09,8.303236464479702e-12,0.0010233560800273385,4.9614553835796536e-05,0.0,133143.9576114052,6455.111941725702,139599.0695531309
wet_low_load,5070.0,0.8832523484810721,0.0012311833800402994,2.23709818781204e-09,8.13490250113469e-12,0.001023292278447377,4.961463610781397e-05,0.0,133135.6566934513,6455.122645743801,139590.77933919508
wet_low_load,5080.0,0.883253783415592,0.0012311834757459048,2.1917448360209583e-09,7.969981221894393e-12,0.0010232284768623996,4.961471671190652e-05,0.0,133127.3557748448,6455.133132756182,139582.488907601
wet_low_load,5090.0,0.8832551892592607,0.0012311835695112418,2.147310946120806e-09,7.808403440439292e-12,0.0010231646752725076,4.96147956818885e-05,0.0,133119.0548555989,6455.143407162265,139574.19826276117
wet_low_load,5100.0,0.8832565666018459,0.0012311836613756468,2.103777877580332e-09,7.650101373019389e-12,0.0010231008736778014,4.961487305088874e-05,0.0,133110.75393572662,6455.153473272281,139565.9074089989
wet_low_load,5110.0,0.8832579160211583,0.0012311837513776574,2.0611273677889768e-09,7.495008610141733e-12,0.0010230370720783778,4.96149488513644e-05,0.0,133102.45301524064,6455.163335309078,139557.61635054968
wet_low_load,5120.0,0.8832592380832948,0.0012311838395550308,2.0193415243700456e-09,7.343060088618347e-12,0.0010229732704743334,4.9615023115114645e-05,0.0,133094.1520941534,6455.1729974098935,139549.32509156328
wet_low_load,5130.0,0.8832605333428751,0.0012311839259447582,1.978402817692939e-09,7.19419206433796e-12,0.0010229094688657611,4.9615095873293955e-05,0.0,133085.85117247707,6455.182463628086,139541.03363610516
wet_low_load,5140.0,0.8832618023432761,0.0012311840105830813,1.938294073487872e-09,7.048342085410442e-12,0.001022845667252753,4.961516715642524e-05,0.0,133077.55025022363,6455.191737934845,139532.74198815846
wet_low_load,5150.0,0.8832630456168576,0.0012311840935055067,1.898998465684211e-09,6.905448966124402e-12,0.001022781865635399,4.961523699441258e-05,0.0,133069.2493274048,6455.200824220848,139524.45015162564
wet_low_load,5160.0,0.8832642636851866,0.0012311841747468211,1.860499509345371e-09,6.765452761255893e-12,0.0010227180640137873,4.9615305416553774e-05,0.0,133060.94840403195,6455.209726297891,139516.15813032986
wet_low_load,5170.0,0.8832654570592569,0.0012311842543411065,1.8227810537112878e-09,6.628294740768319e-12,0.001022654262388004,4.9615372451552705e-05,0.0,133052.64748011643,6455.2184479005,139507.8659280169
wet_low_load,5180.0,0.8832666262397025,0.0012311843323217534,1.7858272754543416e-09,6.493917365288514e-12,0.0010225904607581336,4.9615438127531324e-05,0.0,133044.3465556691,6455.226992687484,139499.57354835657
wet_low_load,5190.0,0.8832677717170078,0.0012311844087214757,1.7496226720564059e-09,6.362264262023293e-12,0.0010225266591242595,4.961550247204144e-05,0.0,133036.0456307009,6455.235364243479,139491.28099494433
wet_low_load,5200.0,0.8832688939717137,0.0012311844835723239,1.7141520552629773e-09,6.2332802009562806e-12,0.0010224628574864623,4.9615565512076313e-05,0.0,133027.74470522223,6455.243566080449,139482.9882713027
wet_low_load,5210.0,0.8832699934746188,0.0012311845569056988,1.6794005447532984e-09,6.106911071830175e-12,0.0010223990558448216,4.961562727408196e-05,0.0,133019.44377924356,6455.251601639159,139474.6953808827
wet_low_load,5220.0,0.8832710706869767,0.0012311846287523644,1.6453535618773956e-09,5.983103861372347e-12,0.0010223352541994157,4.961568778396823e-05,0.0,133011.14285277502,6455.259474290614,139466.40232706562
wet_low_load,5230.0,0.8832721260606908,0.0012311846991424613,1.6119968235286434e-09,5.861806631013248e-12,0.0010222714525503205,4.9615747067119726e-05,0.0,133002.84192582645,6455.267187337485,139458.10911316393
wet_low_load,5240.0,0.8832731600385022,0.0012311847681055193,1.579316336179805e-09,5.74296849519929e-12,0.001022207650897611,4.9615805148406394e-05,0.0,132994.54099840764,6455.274744015479,139449.81574242312
wet_low_load,5250.0,0.8832741730541762,0.0012311848356704686,1.5472983899970005e-09,5.626539599989092e-12,0.0010221438492413605,4.9615862052194e-05,0.0,132986.24007052815,6455.28214749471,139441.52221802284
wet_low_load,5260.0,0.8832751655326845,0.0012311849018656537,1.5159295530866592e-09,5.512471102133306e-12,0.0010220800475816405,4.961591780235432e-05,0.0,132977.93914219725,6455.289400881021,139433.2285430783
wet_low_load,5270.0,0.883276137890383,0.0012311849667188445,1.4851966658669855e-09,5.40071514860722e-12,0.001022016245918522,4.961597242227518e-05,0.0,132969.6382134242,6455.29650721729,139424.93472064147
wet_low_load,5280.0,0.883277090535187,0.0012311850302572473,1.4550868355359868e-09,5.291224856494497e-12,0.0010219524442520733,4.961602593487028e-05,0.0,132961.33728421788,6455.30346948471,139416.64075370258
wet_low_load,5290.0,0.8832780238667417,0.0012311850925075174,1.425587430683497e-09,5.183954293394534e-12,0.0010218886425823624,4.961607836258874e-05,0.0,132953.0363545871,6455.310290604025,139408.3466451911
wet_low_load,5300.0,0.8832789382765901,0.0012311851534957694,1.3966860759794328e-09,5.078858458107027e-12,0.0010218248409094549,4.961612972742458e-05,0.0,132944.73542454044,6455.316973436774,139400.05239797718
wet_low_load,5310.0,0.8832798341483381,0.0012311852132475883,1.3683706469577646e-09,4.975893261664598e-12,0.0010217610392334157,4.961618005092595e-05,0.0,132936.4344940863,6455.323520786483,139391.7580148728
wet_low_load,5320.0,0.8832807118578136,0.0012311852717880412,1.3406292649902236e-09,4.875015509055358e-12,0.001021697237554309,4.961622935420413e-05,0.0,132928.13356323307,6455.32993539984,139383.46349863295
wet_low_load,5330.0,0.8832815717732257,0.0012311853291416862,1.3134502922523844e-09,4.77618288091776e-12,0.0010216334358721963,4.961627765794239e-05,0.0,132919.8326319888,6455.336219967847,139375.16885195664
wet_low_load,5340.0,0.8832824142553193,0.0012311853853325836,1.286822326838826e-09,4.679353915777548e-12,0.0010215696341871383,4.961632498240472e-05,0.0,132911.5317003613,6455.342377126953,139366.87407748823
wet_low_load,5350.0,0.8832832396575246,0.0012311854403843066,1.2607341980282183e-09,4.584487992829884e-12,0.0010215058324991955,4.9616371347444264e-05,0.0,132903.23076835845,6455.348409460155,139358.5791778186
wet_low_load,5360.0,0.8832840483261074,0.0012311854943199499,1.2351749615551833e-09,4.49154531474612e-12,0.0010214420308084257,4.9616416772511665e-05,0.0,132894.92983598783,6455.354319498085,139350.2841554859
wet_low_load,5370.0,0.8832848406003134,0.0012311855471621397,1.2101338950236122e-09,4.400486890994953e-12,0.0010213782291148864,4.9616461276663277e-05,0.0,132886.62890325685,6455.360109720073,139341.9890129769
wet_low_load,5380.0,0.8832856168125105,0.0012311855989330443,1.1856004934284023e-09,4.311274521557826e-12,0.0010213144274186339,4.961650487856908e-05,0.0,132878.32797017286,6455.36578255518,139333.69375272802
wet_low_load,5390.0,0.8832863772883286,0.001231185649654382,1.1615644647246272e-09,4.223870780816826e-12,0.0010212506257197232,4.9616547596520585e-05,0.0,132870.02703674306,6455.371340383228,139325.39837712632
wet_low_load,5400.0,0.8832871223467962,0.0012311856993474312,1.1380157255195278e-09,4.138239001889191e-12,0.0010211868240182088,4.961658944843845e-05,0.0,132861.7261029745,6455.376785535786,139317.10288851027
wet_low_load,5410.0,0.8832878523004732,0.0012311857480330384,1.114944396863605e-09,4.054343261322199e-12,0.0010211230223141422,4.9616630451880026e-05,0.0,132853.4251688739,6455.38212029716,139308.80728917103
wet_low_load,5420.0,0.8832885674555842,0.001231185795731628,1.092340800057807e-09,3.97214836384657e-12,0.0010210592206075758,4.961667062404673e-05,0.0,132845.124234448,6455.387346905342,139300.51158135335
wet_low_load,5430.0,0.8832892681121445,0.00123118584246321,1.07019545263944e-09,3.891619827779781e-12,0.00102099541889856,4.9616709981791254e-05,0.0,132836.82329970348,6455.392467552955,139292.21576725642
wet_low_load,5440.0,0.8832899545640875,0.0012311858882473887,1.0484990643850199e-09,3.812723870490981e-12,0.0010209316171871448,4.96167485416246e-05,0.0,132828.52236464675,6455.397484388167,139283.91984903492
wet_low_load,5450.0,0.8832906270993878,0.0012311859331033714,1.0272425334139206e-09,3.735427394232438e-12,0.0010208678154733789,4.9616786319723066e-05,0.0,132820.22142928423,6455.4023995155985,139275.6238287998
wet_low_load,5460.0,0.8832912860001815,0.0012311859770499755,1.0064169423657142e-09,3.6596979722389595e-12,0.00102080401375731,4.961682333193499e-05,0.0,132811.92049362202,6455.407214997201,139267.3277086192
wet_low_load,5470.0,0.8832919315428849,0.0012311860201056372,9.860135546715322e-10,3.585503835169207e-12,0.0010207402120389836,4.961685959378743e-05,0.0,132803.61955766613,6455.411932853123,139259.03149051924
wet_low_load,5480.0,0.8832925639983106,0.0012311860622884186,9.660238108770953e-10,3.512813857734892e-12,0.0010206764103184473,4.961689512049263e-05,0.0,132795.3186214227,6455.41655506256,139250.7351764853
wet_low_load,5490.0,0.8832931836317809,0.0012311861036160162,9.46439325054682e-10,3.441597545653389e-12,0.001020612608595745,4.961692992695445e-05,0.0,132787.01768489747,6455.421083564583,139242.43876846207
wet_low_load,5500.0,0.8832937907032387,0.001231186144105767,9.272518813031885e-10,3.371825022920685e-12,0.0010205488068709204,4.961696402777459e-05,0.0,132778.71674809614,6455.425520258946,139234.1422683551
wet_low_load,5510.0,0.8832943854673578,0.0012311861837746574,9.084534302549642e-10,3.3034670191089604e-12,0.0010204850051440167,4.9616997437258744e-05,0.0,132770.41581102432,6455.429867006895,139225.8456780312
wet_low_load,5520.0,0.8832949681736486,0.0012311862226393284,8.900360857486673e-10,3.2364948572678807e-12,0.001020421203415076,4.961703016942257e-05,0.0,132762.11487368745,6455.43412563194,139217.54899931938
wet_low_load,5530.0,0.8832955390665626,0.0012311862607160846,8.719921215097419e-10,3.1708804418536064e-12,0.00102035740168414,4.9617062237997575e-05,0.0,132753.81393609094,6455.438297920623,139209.25223401157
wet_low_load,5540.0,0.8832960983855961,0.0012311862980208996,8.54313967880024e-10,3.1065962468364505e-12,0.0010202935999512486,4.96170936564369e-05,0.0,132745.51299824007,6455.442385623266,139200.9553838633
wet_low_load,5550.0,0.8832966463653897,0.001231186334569423,8.369942086769436e-10,3.0436153042797945e-12,0.001020229798216442,4.961712443792092e-05,0.0,132737.21206014004,6455.4463904547065,139192.65845059472
wet_low_load,5560.0,0.8832971832358272,0.0012311863703769873,8.200255780679727e-10,2.9819111929744457e-12,0.001020165996479759,4.9617154595362834e-05,0.0,132728.91112179583,6455.450314095017,139184.36143589084
wet_low_load,5570.0,0.883297709222132,0.0012311864054586142,8.034009575077545e-10,2.9214580273009253e-12,0.0010201021947412368,4.9617184141414034e-05,0.0,132720.61018321235,6455.454158190211,139176.06434140255
wet_low_load,5580.0,0.883298224544961,0.001231186439829021,7.871133727963578e-10,2.86223044653221e-12,0.0010200383930009133,4.9617213088469405e-05,0.0,132712.30924439448,6455.457924352926,139167.76716874744
wet_low_load,5590.0,0.8832987294204981,0.0012311864735026266,7.711559910968739e-10,2.8042036039886324e-12,0.0010199745912588254,4.9617241448672575e-05,0.0,132704.00830534715,6455.461614163113,139159.46991951024
wet_low_load,5600.0,0.8832992240605447,0.0012311865064935572,7.555221180995507e-10,2.7473531567256386e-12,0.0010199107895150087,4.9617269233920995e-05,0.0,132695.7073660748,6455.4652291686925,139151.1725952435
wet_low_load,5610.0,0.8832997086726075,0.0012311865388156527,7.402051952274305e-10,2.6916552553724742e-12,0.0010198469877694977,4.961729645587086e-05,0.0,132687.40642658205,6455.468770886194,139142.87519746824
wet_low_load,5620.0,0.8833001834599872,0.001231186570482473,7.251987968470708e-10,2.6370865339893478e-12,0.001019783186022327,4.961732312594211e-05,0.0,132679.10548687333,6455.472240801411,139134.57772767474
wet_low_load,5630.0,0.883300648621862,0.0012311866015073023,7.104966276156371e-10,2.583624100420498e-12,0.0010197193842735304,4.961734925532313e-05,0.0,132670.80454695312,6455.475640370014,139126.28018732314
wet_low_load,5640.0,0.883301104353373,0.0012311866319031563,6.960925197949612e-10,2.5312455265271313e-12,0.0010196555825231404,4.961737485497551e-05,0.0,132662.5036068256,6455.47897101816,139117.98257784374
wet_low_load,5650.0,0.8833015508457044,0.0012311866616827863,6.819804307070548e-10,2.4799288389347444e-12,0.0010195917807711901,4.9617399935638564e-05,0.0,132654.20266649505,6455.482234143092,139109.68490063812
wet_low_load,5660.0,0.8833019882861649,0.0012311866908586847,6.681544401692928e-10,2.4296525097065187e-12,0.0010195279790177108,4.961742450783394e-05,0.0,132645.90172596555,6455.48543111373,139101.38715707927
wet_low_load,5670.0,0.883302416858266,0.0012311867194430917,6.546087480126077e-10,2.380395447318573e-12,0.0010194641772627332,4.961744858186995e-05,0.0,132637.60078524117,6455.4885632712385,139093.08934851238
wet_low_load,5680.0,0.8833028367417985,0.0012311867474479987,6.413376716699862e-10,2.3321369878908587e-12,0.0010194003755062877,4.961747216784592e-05,0.0,132629.29984432575,6455.4916319295935,139084.79147625534
wet_low_load,5690.0,0.8833032481129081,0.0012311867748851537,6.283356437802133e-10,2.2848568864735026e-12,0.0010193365737484045,4.9617495275656434e-05,0.0,132620.99890322334,6455.494638376131,139076.49354159948
wet_low_load,5700.0,0.8833036511441696,0.0012311868017660674,6.155972098407437e-10,2.238535308511795e-12,0.0010192727719891123,4.9617517914995487e-05,0.0,132612.69796193758,6455.497583872091,139068.19554580963
wet_low_load,5710.0,0.8833040460046598,0.0012311868281020162,6.031170259207134e-10,2.1931528215298665e-12,0.00101920897022844,4.961754009536055e-05,0.0,132604.39702047224,6455.500469653142,139059.8974901254
wet_low_load,5720.0,0.8833044328600267,0.0012311868539040486,5.908898564561122e-10,2.1486903871131348e-12,0.0010191451684664155,4.9617561826056526e-05,0.0,132596.096078831,6455.503296929905,139051.59937576088
wet_low_load,5730.0,0.8833048118725604,0.0012311868791829888,5.789105720110761e-10,2.105129352767549e-12,0.0010190813667030662,4.961758311619968e-05,0.0,132587.7951370174,6455.506066888448,139043.30120390587
wet_low_load,5740.0,0.8833051832012612,0.0012311869039494416,5.671741471331999e-10,2.062451444120727e-12,0.0010190175649384186,4.9617603974721476e-05,0.0,132579.49419503487,6455.508780690806,139035.00297572566
wet_low_load,5750.0,0.8833055470019056,0.0012311869282137968,5.556756582630597e-10,2.0206387573202167e-12,0.0010189537631724995,4.961762441037231e-05,0.0,132571.1932528869,6455.511439475447,139026.70469236234
wet_low_load,5760.0,0.8833059034271122,0.0012311869519862335,5.444102816462766e-10,1.9796737514410055e-12,0.0010188899614053345,4.961764443172516e-05,0.0,132562.89231057686,6455.514044357764,139018.40635493462
wet_low_load,5770.0,0.8833062526264055,0.0012311869752767248,5.333732913353662e-10,1.9395392412195133e-12,0.001018826159636949,4.961766404717922e-05,0.0,132554.59136810803,6455.516596430531,139010.10796453856
wet_low_load,5780.0,0.8833065947462784,0.0012311869980950409,5.225600571881999e-10,1.9002183897752718e-12,0.0010187623578673673,4.961768326496339e-05,0.0,132546.29042548352,6455.519096764374,139001.80952224787
wet_low_load,5790.0,0.8833069299302542,0.0012311870204507545,5.119660429257577e-10,1.8616947015482093e-12,0.0010186985560966142,4.9617702093139746e-05,0.0,132537.98948270665,6455.521546408211,138993.51102911486
wet_low_load,5800.0,0.8833072583189462,0.0012311870423532443,5.015868042449395e-10,1.823952015436143e-12,0.0010186347543247132,4.9617720539606926e-05,0.0,132529.6885397804,6455.523946389696,138985.2124861701
wet_low_load,5810.0,0.8833075800501172,0.0012311870638116982,4.914179869364575e-10,1.7869744979507543e-12,0.0010185709525516874,4.961773861210343e-05,0.0,132521.38759670782,6455.526297715648,138976.9138944235
wet_low_load,5820.0,0.8833078952587375,0.0012311870848351187,4.814553250535511e-10,1.7507466365583676e-12,0.00101850715077756,4.961775631821088e-05,0.0,132513.08665349195,6455.528601372474,138968.61525486442
wet_low_load,5830.0,0.8833082040770404,0.0012311871054323253,4.716946391594758e-10,1.7152532333071843e-12,0.0010184433490023528,4.961777366535719e-05,0.0,132504.78571013556,6455.530858326587,138960.31656846215
wet_low_load,5840.0,0.8833085066345784,0.0012311871256119585,4.621318345377222e-10,1.6804793983189894e-12,0.001018379547226088,4.9617790660819676e-05,0.0,132496.48476664157,6455.533069524801,138952.01783616637
wet_low_load,5850.0,0.8833088030582785,0.001231187145382484,4.5276289946322233e-10,1.6464105435026265e-12,0.0010183157454487874,4.961780731172815e-05,0.0,132488.18382301283,6455.535235894743,138943.71905890756
wet_low_load,5860.0,0.8833090934724934,0.001231187164752196,4.4358390357858706e-10,1.6130323766494072e-12,0.0010182519436704714,4.961782362506784e-05,0.0,132479.88287925196,6455.537358345228,138935.4202375972
wet_low_load,5870.0,0.8833093779990554,0.00123118718372922,4.345909961805586e-10,1.580330895202031e-12,0.001018188141891161,4.961783960768239e-05,0.0,132471.58193536173,6455.539437766649,138927.1213731284
wet_low_load,5880.0,0.8833096567573263,0.001231187202321517,4.257804046513055e-10,1.5482923805502016e-12,0.0010181243401108761,4.9617855266276674e-05,0.0,132463.2809913447,6455.541475031345,138918.82246637606
wet_low_load,5890.0,0.8833099298642484,0.001231187220536887,4.1714843284906003e-10,1.5169033921784e-12,0.0010180605383296366,4.961787060741964e-05,0.0,132454.98004720348,6455.543470993971,138910.52351819744
wet_low_load,5900.0,0.8833101974343933,0.0012311872383829717,4.0869145955635373e-10,1.4861507620231042e-12,0.0010179967365474619,4.96178856375471e-05,0.0,132446.6791029406,6455.545426491859,138902.22452943245
wet_low_load,5910.0,0.8833104595800096,0.0012311872558672572,4.0040593698161626e-10,1.4560215890240589e-12,0.0010179329347643705,4.961790036296434e-05,0.0,132438.37815855845,6455.54734234536,138893.9255009038
wet_low_load,5920.0,0.8833107164110706,0.0012311872729970786,3.922883892480686e-10,1.4265032336293403e-12,0.0010178691329803815,4.961791478984886e-05,0.0,132430.0772140595,6455.5492193581995,138885.62643341767
wet_low_load,5930.0,0.8833109680353197,0.001231187289779622,3.8433541095461395e-10,1.3975833125622323e-12,0.0010178053311955132,4.961792892425289e-05,0.0,132421.77626944616,6455.551058317803,138877.32732776395
wet_low_load,5940.0,0.8833112145583162,0.0012311873062219281,3.7654366573672894e-10,1.3692496935881051e-12,0.0010177415294097827,4.961794277210598e-05,0.0,132413.4753247206,6455.552859995636,138869.02818471624
wet_low_load,5950.0,0.883311456083479,0.0012311873223308945,3.689098848730943e-10,1.3414904904476154e-12,0.001017677727623208,4.961795633921745e-05,0.0,132405.17437988528,6455.554625147522,138860.7290050328
wet_low_load,5960.0,0.8833116927121308,0.001231187338113279,3.6143086590747223e-10,1.3142940578453535e-12,0.001017613925835806,4.961796963127885e-05,0.0,132396.87343494227,6455.55635451396,138852.42978945622
wet_low_load,5970.0,0.8833119245435402,0.0012311873535757027,3.54103471297689e-10,1.2876489865370508e-12,0.0010175501240475937,4.961798265386638e-05,0.0,132388.57248989388,6455.558048820444,138844.1305387143
wet_low_load,5980.0,0.8833121516749631,0.0012311873687246518,3.469246271188274e-10,1.2615440986139176e-12,0.0010174863222585876,4.961799541244315e-05,0.0,132380.27154474217,6455.559708777753,138835.83125351992
wet_low_load,5990.0,0.8833123742016837,0.001231187383566482,3.398913217638781e-10,1.2359684427777384e-12,0.0010174225204688037,4.961800791236153e-05,0.0,132371.9705994893,6455.561335082259,138827.5319345715
wet_low_load,6000.0,0.8833125922170544,0.0012311873981074195,3.3300060468589604e-10,1.2109112897668946e-12,0.0010173587186782579,4.961802015886537e-05,0.0,132363.66965413725,6455.5629284162105,138819.23258255346
wet_low_load,6010.0,0.883312805812535,0.0012311874123535642,3.262495851520146e-10,1.1863621278255074e-12,0.001017294916886965,4.961803215709223e-05,0.0,132355.36870868804,6455.564489448036,138810.93319813607
wet_low_load,6020.0,0.8833130150777315,0.0012311874263108925,3.1963543102625947e-10,1.162310658277307e-12,0.001017231115094941,4.961804391207549e-05,0.0,132347.0677631437,6455.5660188326,138802.6337819763
wet_low_load,6030.0,0.8833132201004329,0.00123118743998526,3.1315536760064314e-10,1.1387467912750658e-12,0.0010171673133022,4.961805542874651e-05,0.0,132338.76681750608,6455.567517211501,138794.33433471757
wet_low_load,6040.0,0.8833134209666486,0.0012311874533824027,3.0680667641185986e-10,1.115660641497672e-12,0.0010171035115087575,4.961806671193666e-05,0.0,132330.4658717772,6455.568985213324,138786.0348569905
wet_low_load,6050.0,0.8833136177606442,0.0012311874665079413,3.005866941121907e-10,1.0930425240443297e-12,0.0010170397097146269,4.961807776637937e-05,0.0,132322.1649259588,6455.570423453913,138777.7353494127
wet_low_load,6060.0,0.883313810564977,0.001231187479367382,2.9449281135142017e-10,1.0708829503688004e-12,0.0010169759079198225,4.961808859671209e-05,0.0,132313.86398005267,6455.571832536625,138769.43581258933
wet_low_load,6070.0,0.883313999460531,0.0012311874919661194,2.8852247166468174e-10,1.0491726242352063e-12,0.0010169121061243574,4.96180992074783e-05,0.0,132305.56303406064,6455.573213052589,138761.13624711323
wet_low_load,6080.0,0.8833141845265493,0.0012311875043094392,2.8267317044839525e-10,1.0279024379941644e-12,0.0010168483043282456,4.961810960312929e-05,0.0,132297.26208798445,6455.574565580944,138752.8366535654
wet_low_load,6090.0,0.8833143658406698,0.0012311875164025187,2.76942453835407e-10,1.007063468492389e-12,0.0010167845025314999,4.9618119788026197e-05,0.0,132288.9611418258,6455.575890689095,138744.53703251493
wet_low_load,6100.0,0.8833145434789557,0.001231187528250432,2.713279177310663e-10,9.866469735675137e-13,0.001016720700734133,4.961812976644168e-05,0.0,132280.66019558633,6455.577188932935,138736.23738451928
wet_low_load,6110.0,0.883314717515928,0.001231187539858149,2.6582720677561014e-10,9.666443882749458e-13,0.0010166568989361578,4.9618139542561796e-05,0.0,132272.3592492677,6455.578460857096,138727.9377101248
wet_low_load,6120.0,0.8833148880245975,0.0012311875512305394,2.6043801335906384e-10,9.470473213056865e-13,0.001016593097137587,4.9618149120487746e-05,0.0,132264.05830287156,6455.57970699516,138719.63800986673
wet_low_load,6130.0,0.8833150550764943,0.0012311875623723738,2.551580766505413e-10,9.278475514565135e-13,0.0010165292953384318,4.961815850423757e-05,0.0,132255.75735639947,6455.580927869903,138711.33828426932
wet_low_load,6140.0,0.8833152187416987,0.0012311875732883267,2.499851816588854e-10,9.090370242141286e-13,0.0010164654935387054,4.961816769774787e-05,0.0,132247.45640985298,6455.58212399349,138703.03853384647
wet_low_load,6150.0,0.8833153790888701,0.001231187583982977,2.4491715829415566e-10,8.906078483423841e-13,0.001016401691738418,4.961817670487542e-05,0.0,132239.15546323353,6455.583295867711,138694.73875910125
wet_low_load,6160.0,0.883315536185276,0.0012311875944608116,2.399518804621498e-10,8.725522925896356e-13,0.001016337889937581,4.9618185529398815e-05,0.0,132230.85451654257,6455.584443984179,138686.43896052675
wet_low_load,6170.0,0.8833156900968201,0.001231187604726226,2.3508726517417237e-10,8.548627824515357e-13,0.0010162740881362066,4.961819417502004e-05,0.0,132222.55356978168,6455.585568824544,138678.13913860623
wet_low_load,6180.0,0.8833158408880701,0.0012311876147835267,2.3032127166357908e-10,8.375318969584692e-13,0.001016210286334305,4.961820264536604e-05,0.0,132214.25262295225,6455.586670860688,138669.83929381293
wet_low_load,6190.0,0.8833159886222844,0.0012311876246369326,2.2565190055229663e-10,8.205523656447149e-13,0.0010161464845318867,4.9618210943990206e-05,0.0,132205.95167605553,6455.587750554926,138661.53942661046
wet_low_load,6200.0,0.8833161333614394,0.0012311876342905776,2.2107719298007276e-10,8.039170653820826e-13,0.001016082682728963,4.9618219074373915e-05,0.0,132197.6507290931,6455.588808360206,138653.23953745328
wet_low_load,6210.0,0.8833162751662549,0.0012311876437485114,2.1659522980148896e-10,7.876190174599598e-13,0.001016018880925543,4.961822703992796e-05,0.0,132189.34978206607,6455.589844720287,138644.9396267864
wet_low_load,6220.0,0.8833164140962194,0.0012311876530147017,2.122041307872085e-10,7.716513846807581e-13,0.0010159550791216377,4.9618234843993974e-05,0.0,132181.04883497593,6455.590860069934,138636.63969504586
wet_low_load,6230.0,0.8833165502096159,0.001231187662093036,2.0790205381675394e-10,7.560074684245597e-13,0.0010158912773172565,4.961824248984586e-05,0.0,132172.74788782385,6455.591854835099,138628.33974265895
wet_low_load,6240.0,0.8833166835635451,0.0012311876709873223,2.0368719412718896e-10,7.406807059170506e-13,0.0010158274755124091,4.961824998069113e-05,0.0,132164.44694061112,6455.592829433095,138620.0397700442
wet_low_load,6250.0,0.8833168142139509,0.0012311876797012921,1.9955778352707178e-10,7.2566466737117e-13,0.001015763673707105,4.961825731967228e-05,0.0,132156.14599333896,6455.593784272778,138611.73977761174
wet_low_load,6260.0,0.8833169422156424,0.001231187688238601,1.9551208969002966e-10,7.109530534182895e-13,0.0010156998719013535,4.96182645098681e-05,0.0,132147.84504600862,6455.594719754716,138603.43976576332
wet_low_load,6270.0,0.8833170676223179,0.0012311876966028307,1.915484153958174e-10,6.965396923484268e-13,0.0010156360700951635,4.9618271554294965e-05,0.0,132139.5440986212,6455.5956362713505,138595.13973489252
wet_low_load,6280.0,0.8833171904865867,0.0012311877047974898,1.8766509784252656e-10,6.824185376091874e-13,0.0010155722682885441,4.9618278455908076e-05,0.0,132131.2431511779,6455.596534207173,138586.83968538512
wet_low_load,6290.0,0.8833173108599919,0.001231187712826016,1.838605079367719e-10,6.685836652246251e-13,0.001015508466481504,4.961828521760274e-05,0.0,132122.9422036799,6455.597413938876,138578.53961761878
wet_low_load,6300.0,0.8833174287930317,0.0012311877206917776,1.801330495991243e-10,6.550292712695428e-13,0.0010154446646740516,4.961829184221559e-05,0.0,132114.64125612823,6455.598275835522,138570.23953196374
wet_low_load,6310.0,0.8833175443351801,0.0012311877283980744,1.7648115912544799e-10,6.417496695470834e-13,0.0010153808628661954,4.96182983325257e-05,0.0,132106.3403085241,6455.599120258682,138561.93942878276
wet_low_load,6320.0,0.8833176575349087,0.0012311877359481391,1.729033044965686e-10,6.287392890784313e-13,0.0010153170610579432,4.961830469125585e-05,0.0,132098.03936086837,6455.599947562602,138553.63930843095
wet_low_load,6330.0,0.8833177684397057,0.0012311877433451393,1.6939798477349176e-10,6.159926719036063e-13,0.0010152532592493035,4.961831092107359e-05,0.0,132089.7384131622,6455.600758094347,138545.33917125658
wet_low_load,6340.0,0.8833178770960969,0.0012311877505921777,1.6596372943502322e-10,6.035044706728116e-13,0.0010151894574402841,4.961831702459239e-05,0.0,132081.4374654067,6455.601552193943,138537.03901760062
wet_low_load,6350.0,0.883317983549665,0.0012311877576922949,1.6259909777044629e-10,5.912694464379865e-13,0.0010151256556308924,4.9618323004372745e-05,0.0,132073.13651760275,6455.602330194521,138528.73884779724
wet_low_load,6360.0,0.8833180878450686,0.0012311877646484692,1.5930267827050514e-10,5.792824664382004e-13,0.0010150618538211365,4.9618328862923254e-05,0.0,132064.83556975136,6455.603092422463,138520.4386621738
wet_low_load,6370.0,0.8833181900260606,0.001231187771463619,1.5607308806158679e-10,5.675385020421337e-13,0.0010149980520110231,4.961833460270164e-05,0.0,132056.5346218535,6455.603839197536,138512.13846105104
wet_low_load,6380.0,0.8833182901355073,0.0012311877781406033,1.5290897228315188e-10,5.560326264841885e-13,0.0010149342502005607,4.9618340226115806e-05,0.0,132048.23367391023,6455.604570833016,138503.83824474327
wet_low_load,6390.0,0.8833183882154055,0.001231187784682223,1.4980900356257427e-10,5.447600129548154e-13,0.0010148704483897545,4.961834573552483e-05,0.0,132039.93272592223,6455.605287635834,138495.53801355805
wet_low_load,6400.0,0.883318484306901,0.0012311877910912226,1.4677188142560608e-10,5.337159324567493e-13,0.0010148066465786127,4.9618351133239975e-05,0.0,132031.63177789058,6455.605989906697,138487.23776779725
wet_low_load,6410.0,0.8833185784503054,0.0012311877973702908,1.4379633175427663e-10,5.228957518337332e-13,0.0010147428447671413,4.961835642152566e-05,0.0,132023.33082981606,6455.606677940215,138478.93750775626
wet_low_load,6420.0,0.8833186706851127,0.0012311878035220613,1.408811062803667e-10,5.122949319286061e-13,0.001014679042955348,4.9618361602600366e-05,0.0,132015.0298816996,6455.6073520250275,138470.6372337246
wet_low_load,6430.0,0.8833187610500166,0.0012311878095491154,1.380249820331431e-10,5.019090255750658e-13,0.0010146152411432388,4.961836667863762e-05,0.0,132006.72893354206,6455.6080124439195,138462.336945986
wet_low_load,6440.0,0.8833188495829261,0.0012311878154539812,1.3522676083791514e-10,4.917336757742368e-13,0.00101455143933082,4.961837165176687e-05,0.0,131998.42798534426,6455.6086594739445,138454.0366448182
wet_low_load,6450.0,0.8833189363209816,0.0012311878212391356,1.3248526881120295e-10,4.817646138589198e-13,0.001014487637518098,4.961837652407439e-05,0.0,131990.127037107,6455.6092933865375,138445.73633049356
wet_low_load,6460.0,0.8833190213005709,0.001231187826907006,1.2979935585929407e-10,4.719976576701601e-13,0.0010144238357050793,4.9618381297604186e-05,0.0,131981.82608883115,6455.609914447634,138437.4360032788
wet_low_load,6470.0,0.8833191045573442,0.0012311878324599702,1.2716789520814006e-10,4.624287098477819e-13,0.0010143600338917693,4.961838597435881e-05,0.0,131973.5251405174,6455.610522917776,138429.13566343518
wet_low_load,6480.0,0.8833191861262282,0.0012311878379003575,1.2458978293918254e-10,4.5305375614248194e-13,0.0010142962320781746,4.96183905563002e-05,0.0,131965.22419216658,6455.611119052223,138420.8353112188
wet_low_load,6490.0,0.8833192660414422,0.0012311878432304502,1.2206393749892105e-10,4.4386886363244015e-13,0.0010142324302643002,4.9618395045350556e-05,0.0,131956.9232437794,6455.611703101062,138412.53494688048
wet_low_load,6500.0,0.8833193443365115,0.0012311878484524842,1.195892992677733e-10,4.3487017915553916e-13,0.001014168628450152,4.961839944339306e-05,0.0,131948.62229535656,6455.612275309303,138404.23457066587
wet_low_load,6510.0,0.8833194210442818,0.0012311878535686506,1.1716483010521846e-10,4.2605392765533977e-13,0.0010141048266357356,4.9618403752272757e-05,0.0,131940.32134689888,6455.612835917002,138395.93418281584
wet_low_load,6520.0,0.8833194961969327,0.0012311878585810952,1.1478951292712776e-10,4.174164106441009e-13,0.0010140410248210563,4.9618407973797254e-05,0.0,131932.02039840695,6455.613385159333,138387.6337835663
wet_low_load,6530.0,0.8833195698259918,0.001231187863491921,1.1246235125429591e-10,4.0895400456107594e-13,0.00101397722300612,4.961841210973754e-05,0.0,131923.71944988164,6455.613923266712,138379.3333731483
wet_low_load,6540.0,0.8833196419623471,0.0012311878683031884,1.1018236881941778e-10,4.0066315934333736e-13,0.0010139134211909315,4.961841616182869e-05,0.0,131915.41850132347,6455.614450464881,138371.03295178837
wet_low_load,6550.0,0.8833197126362609,0.0012311878730169156,1.0794860914103087e-10,3.925403968764759e-13,0.0010138496193754958,4.961842013177059e-05,0.0,131907.11755273314,6455.614966975005,138362.73251970814
wet_low_load,6560.0,0.8833197818773815,0.0012311878776350798,1.0576013513218608e-10,3.845823095715857e-13,0.001013785817559818,4.96184240212287e-05,0.0,131898.8166041113,6455.61547301377,138354.43207712506
wet_low_load,6570.0,0.8833198497147564,0.0012311878821596187,1.0361602870234221e-10,3.76785558917608e-13,0.001013722015743903,4.961842783183467e-05,0.0,131890.51565545864,6455.61596879346,138346.13162425207
wet_low_load,6580.0,0.8833199161768442,0.0012311878865924302,1.0151539037450707e-10,3.691468740891166e-13,0.001013658213927756,4.9618431565187095e-05,0.0,131882.21470677573,6455.61645452206,138337.83116129783
wet_low_load,6590.0,0.8833199812915263,0.0012311878909353742,9.945733891423707e-11,3.6166305059722565e-13,0.001013594412111381,4.961843522285216e-05,0.0,131873.91375806325,6455.616930403341,138329.53068846656
wet_low_load,6600.0,0.8833200450861196,0.0012311878951902723,9.744101092814357e-11,3.543309488296129e-13,0.0010135306102947834,4.9618438806364324e-05,0.0,131865.61280932176,6455.617396636943,138321.23020595868
wet_low_load,6610.0,0.8833201075873861,0.0012311878993589095,9.546556055896105e-11,3.471474929416765e-13,0.0010134668084779675,4.961844231722687e-05,0.0,131857.31186055185,6455.617853418452,138312.9297139703
wet_low_load,6620.0,0.8833201688215463,0.001231187903443035,9.353015906880688e-11,3.401096693411159e-13,0.0010134030066609372,4.961844575691269e-05,0.0,131849.01091175404,6455.618300939498,138304.62921269354
wet_low_load,6630.0,0.883320228814288,0.0012311879074443613,9.163399455373124e-11,3.332145256499317e-13,0.0010133392048436972,4.961844912686472e-05,0.0,131840.70996292896,6455.618739387814,138296.3287023168
wet_low_load,6640.0,0.8833202875907791,0.001231187911364568,8.977627154137642e-11,3.264591692413688e-13,0.001013275403026252,4.9618452428496724e-05,0.0,131832.40901407722,6455.619168947339,138288.02818302455
wet_low_load,6650.0,0.8833203451756773,0.001231187915205299,8.795621068943317e-11,3.198407661433933e-13,0.0010132116012086054,4.961845566319377e-05,0.0,131824.10806519925,6455.619589798278,138279.72765499752
wet_low_load,6660.0,0.8833204015931396,0.0012311879189681658,8.617304847308545e-11,3.1335653990212887e-13,0.001013147799390761,4.961845883231285e-05,0.0,131815.80711629553,6455.62000211718,138271.4271184127
wet_low_load,6670.0,0.8833204568668339,0.0012311879226547468,8.442603683857404e-11,3.0700377032208736e-13,0.0010130839975727242,4.961846193718343e-05,0.0,131807.50616736678,6455.620406077018,138263.12657344382
wet_low_load,6680.0,0.8833205110199486,0.0012311879262665885,8.271444287624176e-11,3.0077979227724277e-13,0.001013020195754498,4.961846497910806e-05,0.0,131799.2052184134,6455.620801847261,138254.8260202607
wet_low_load,6690.0,0.8833205640752011,0.0012311879298052065,8.103754856642363e-11,2.94681994786995e-13,0.0010129563939360862,4.9618467959362854e-05,0.0,131790.90426943585,6455.621189593938,138246.5254590298
wet_low_load,6700.0,0.8833206160548488,0.001231187933272085,7.939465042962221e-11,2.8870781974408075e-13,0.0010128925921174927,4.9618470879198065e-05,0.0,131782.60332043472,6455.62156947971,138238.22488991442
wet_low_load,6710.0,0.8833206669806977,0.0012311879366686785,7.778505925545712e-11,2.8285476092893494e-13,0.0010128287902987213,4.961847373983859e-05,0.0,131774.30237141042,6455.621941663945,138229.92431307433
wet_low_load,6720.0,0.8833207168741118,0.0012311879399964118,7.620809979603908e-11,2.771203628946875e-13,0.001012764988479776,4.961847654248451e-05,0.0,131766.00142236348,6455.622306302781,138221.62372866625
wet_low_load,6730.0,0.8833207657560223,0.001231187943256681,7.466311049576639e-11,2.71502219984605e-13,0.0010127011866606593,4.9618479288311565e-05,0.0,131757.70047329422,6455.622663549187,138213.3231368434
wet_low_load,6740.0,0.8833208136469354,0.0012311879464508538,7.314944321688626e-11,2.6599797533413186e-13,0.001012637384841375,4.9618481978471665e-05,0.0,131749.39952420318,6455.623013553031,138205.0225377562
wet_low_load,6750.0,0.8833208605669418,0.0012311879495802702,7.16664629633621e-11,2.6060531986677123e-13,0.0010125735830219266,4.961848461409335e-05,0.0,131741.09857509076,6455.623356461146,138196.7219315519
wet_low_load,6760.0,0.883320906535725,0.001231187952646243,7.021354760897592e-11,2.5532199130536696e-13,0.0010125097812023179,4.96184871962823e-05,0.0,131732.79762595752,6455.623692417379,138188.4213183749
wet_low_load,6770.0,0.8833209515725693,0.0012311879556500586,6.879008764406545e-11,2.5014577325114706e-13,0.0010124459793825517,4.9618489726121755e-05,0.0,131724.49667680377,6455.624021562673,138180.12069836646
wet_low_load,6780.0,0.8833209956963685,0.0012311879585929766,6.739548589854442e-11,2.450744941765251e-13,0.0010123821775626317,4.9618492204673034e-05,0.0,131716.19572763002,6455.624344035107,138171.82007166513
wet_low_load,6790.0,0.8833210389256331,0.0012311879614762323,6.602915731828584e-11,2.401060266119485e-13,0.0010123183757425602,4.961849463297593e-05,0.0,131707.89477843657,6455.624659969966,138163.5194384065
wet_low_load,6800.0,0.8833210812784977,0.0012311879643010348,6.469052872964682e-11,2.3523828628962477e-13,0.0010122545739223406,4.96184970120491e-05,0.0,131699.59382922383,6455.62496949978,138155.21879872362
wet_low_load,6810.0,0.8833211227727303,0.001231187967068569,6.337903855232444e-11,2.3046923109936153e-13,0.001012190772101976,4.961849934289063e-05,0.0,131691.2928799922,6455.625272754407,138146.9181527466
wet_low_load,6820.0,0.883321163425738,0.0012311879697799964,6.209413660623219e-11,2.2579686038629884e-13,0.0010121269702814694,4.961850162647831e-05,0.0,131682.99193074214,6455.62556986106,138138.61750060323
wet_low_load,6830.0,0.8833212032545754,0.0012311879724364542,6.083528384976685e-11,2.2121921399915216e-13,0.001012063168460823,4.961850386377015e-05,0.0,131674.69098147392,6455.625860944386,138130.31684241828
wet_low_load,6840.0,0.8833212422759512,0.0012311879750390568,5.960195218244975e-11,2.1673437157254455e-13,0.0010119993666400408,4.9618506055704724e-05,0.0,131666.39003218798,6455.626146126493,138122.01617831446
wet_low_load,6850.0,0.8833212805062352,0.0012311879775888962,5.839362421114573e-11,2.1234045167689353e-13,0.0010119355648191247,4.9618508203201565e-05,0.0,131658.0890828846,6455.626425527021,138113.7155084116
wet_low_load,6860.0,0.8833213179614651,0.0012311879800870418,5.7209793036610787e-11,2.08035611042221e-13,0.0010118717629980783,4.961851030716156e-05,0.0,131649.7881335643,6455.626699263176,138105.41483282746
wet_low_load,6870.0,0.8833213546573541,0.001231187982534542,5.6049962019711036e-11,2.0381804370804011e-13,0.0010118079611769028,4.961851236846735e-05,0.0,131641.4871842272,6455.626967449799,138097.114151677
wet_low_load,6880.0,0.8833213906092965,0.001231187984932423,5.491364459931058e-11,1.9968598036112936e-13,0.0010117441593556018,4.9618514387983676e-05,0.0,131633.18623487378,6455.627230199395,138088.81346507315
wet_low_load,6890.0,0.8833214258323747,0.0012311879872816912,5.3800364072042973e-11,1.956376875347017e-13,0.0010116803575341779,4.961851636655776e-05,0.0,131624.88528550434,6455.627487622192,138080.51277312654
wet_low_load,6900.0,0.883321460341365,0.0012311879895833319,5.270965341189318e-11,1.9167146695233882e-13,0.0010116165557126327,4.961851830501963e-05,0.0,131616.58433611918,6455.62773982618,138072.21207594534
wet_low_load,6910.0,0.8833214941507447,0.0012311879918383108,5.164105504234574e-11,1.87785654699439e-13,0.0010115527538909698,4.9618520204182504e-05,0.0,131608.28338671863,6455.627986917164,138063.91137363578
wet_low_load,6920.0,0.8833215272746964,0.001231187994047574,5.059412069577726e-11,1.8397862071191732e-13,0.0010114889520691911,4.961852206484306e-05,0.0,131599.98243730306,6455.628228998797,138055.6106663019
wet_low_load,6930.0,0.8833215597271166,0.001231187996212048,4.956841115341735e-11,1.8024876783060853e-13,0.001011425150247299,4.961852388778191e-05,0.0,131591.6814878727,6455.628466172639,138047.30995404537
wet_low_load,6940.0,0.8833215915216193,0.001231187998332641,4.8563496123375837e-11,1.765945313577303e-13,0.0010113613484252955,4.961852567376378e-05,0.0,131583.3805384279,6455.628698538185,138039.00923696606
wet_low_load,6950.0,0.8833216226715426,0.0012311880004102426,4.757895403396673e-11,1.7301437830533357e-13,0.0010112975466031833,4.9618527423537914e-05,0.0,131575.07958896892,6455.628926192916,138030.70851516185
wet_low_load,6960.0,0.8833216531899544,0.0012311880024457244,4.66143718549843e-11,1.6950680674539745e-13,0.0010112337447809642,4.961852913783836e-05,0.0,131566.77863949604,6455.629149232334,138022.40778872836
wet_low_load,6970.0,0.8833216830896573,0.0012311880044399402,4.566934493761382e-11,1.660703452276866e-13,0.0010111699429586408,4.961853081738428e-05,0.0,131558.47769000957,6455.629367750009,138014.10705775963
wet_low_load,6980.0,0.8833217123831948,0.0012311880063937267,4.474347682893135e-11,1.6270355210520488e-13,0.0010111061411362152,4.961853246288028e-05,0.0,131550.17674050984,6455.629581837611,138005.80632234746
wet_low_load,6990.0,0.8833217410828559,0.0012311880083079037,4.383637911266157e-11,1.5940501495513297e-13,0.001011042339313689,4.961853407501665e-05,0.0,131541.87579099703,6455.629791584953,137997.50558258197
wet_low_load,7000.0,0.8833217692006798,0.0012311880101832737,4.2947671269417324e-11,1.5617335007060845e-13,0.0010109785374910652,4.961853565446969e-05,0.0,131533.57484147148,6455.629997080023,137989.20483855152
wet_low_load,7010.0,0.8833217967484631,0.0012311880120206241,4.2076980454776986e-11,1.5300720165373447e-13,0.0010109147356683445,4.9618537201902027e-05,0.0,131525.27389193335,6455.630198409031,137980.9040903424
wet_low_load,7020.0,0.883321823737762,0.0012311880138207252,4.122394141288711e-11,1.4990524150140765e-13,0.0010108509338455293,4.96185387179628e-05,0.0,131516.9729423829,6455.630395656437,137972.60333803933
wet_low_load,7030.0,0.8833218501798991,0.0012311880155843322,4.0388196279103736e-11,1.4686616828764993e-13,0.001010787132022622,4.9618540203288045e-05,0.0,131508.67199282048,6455.630588904989,137964.3025817255
wet_low_load,7040.0,0.8833218760859666,0.0012311880173121851,3.956939446056077e-11,1.438887071293119e-13,0.001010723330199624,4.961854165850083e-05,0.0,131500.37104324627,6455.630778235754,137956.001821482
wet_low_load,7050.0,0.8833219014668328,0.001231188019005009,3.8767192453210855e-11,1.4097160892076672e-13,0.001010659528376537,4.961854308421167e-05,0.0,131492.0700936605,6455.630963728162,137947.70105738865
wet_low_load,7060.0,0.8833219263331455,0.0012311880206635135,3.798125371138228e-11,1.3811364985957192e-13,0.0010105957265533635,4.961854448101866e-05,0.0,131483.76914406344,6455.631145460029,137939.40028952347
wet_low_load,7070.0,0.8833219506953358,0.0012311880222883947,3.721124855037022e-11,1.3531363109225534e-13,0.0010105319247301046,4.9618545849507756e-05,0.0,131475.46819445526,6455.63132350759,137931.09951796284
wet_low_load,7080.0,0.8833219745636244,0.0012311880238803344,3.645685392620815e-11,1.3257037791348415e-13,0.0010104681229067625,4.9618547190253074e-05,0.0,131467.16724483628,6455.631497945542,137922.79874278183
wet_low_load,7090.0,0.8833219979480241,0.00123118802544,3.571775336536412e-11,1.2988273951041496e-13,0.0010104043210833386,4.961854850381707e-05,0.0,131458.86629520665,6455.6316688470615,137914.4979640537
wet_low_load,7100.0,0.883322020858345,0.001231188026968046,3.4993636809733724e-11,1.272495883990317e-13,0.0010103405192598343,4.961854979075079e-05,0.0,131450.56534556657,6455.631836283842,137906.19718185044
wet_low_load,7110.0,0.8833220433041983,0.0012311880284651138,3.4284200479420756e-11,1.2466981992516638e-13,0.0010102767174362517,4.961855105159413e-05,0.0,131442.2643959163,6455.632000326129,137897.89639624243
wet_low_load,7120.0,0.8833220652949999,0.0012311880299318307,3.3589146768552166e-11,1.2214235188564423e-13,0.0010102129156125924,4.9618552286876014e-05,0.0,131433.963446256,6455.6321610427385,137889.59560729875
wet_low_load,7130.0,0.8833220868399757,0.0012311880313688127,3.2908184081800696e-11,1.196661239338207e-13,0.0010101491137888578,4.961855349711467e-05,0.0,131425.66249658598,6455.632318501093,137881.29481508705
wet_low_load,7140.0,0.8833221079481637,0.0012311880327766623,3.2241026757304887e-11,1.1724009729929048e-13,0.0010100853119650493,4.961855468281779e-05,0.0,131417.3615469063,6455.632472767245,137872.99401967356
wet_low_load,7150.0,0.8833221286284193,0.00123118803415597,3.158739490488578e-11,1.1486325419958462e-13,0.0010100215101411685,4.9618555844482805e-05,0.0,131409.06059721726,6455.632623905916,137864.69322112313
wet_low_load,7160.0,0.8833221488894178,0.0012311880355073148,3.094701432811988e-11,1.1253459755679955e-13,0.001009957708317217,4.961855698259704e-05,0.0,131400.75964751898,6455.632771980509,137856.39241949946
wet_low_load,7170.0,0.8833221687396592,0.0012311880368312631,3.031961637695545e-11,1.1025315046165617e-13,0.001009893906493196,4.9618558097637947e-05,0.0,131392.45869781164,6455.63291705314,137848.0916148648
wet_low_load,7180.0,0.8833221881874707,0.001231188038128371,2.9704937851150715e-11,1.0801795582236623e-13,0.0010098301046691071,4.96185591900733e-05,0.0,131384.1577480955,6455.63305918467,137839.7908072802
wet_low_load,7190.0,0.883322207241011,0.0012311880393991819,2.9102720882536316e-11,1.058280759364957e-13,0.0010097663028449523,4.961856026036139e-05,0.0,131375.85679837078,6455.633198434727,137831.4899968055
wet_low_load,7200.0,0.8833222259082733,0.0012311880406442293,2.8512712835912436e-11,1.0368259213059067e-13,0.0010097025010207324,4.9618561308951215e-05,0.0,131367.55584863757,6455.633334861726,137823.1891834993
wet_low_load,7210.0,0.8833222441970887,0.0012311880418640357,2.7934666193005296e-11,1.0158060433820107e-13,0.0010096386991964475,4.9618562336282674e-05,0.0,131359.25489889592,6455.633468522901,137814.88836741884
wet_low_load,7220.0,0.8833222621151294,0.0012311880430591125,2.736833846691682e-11,9.952123078878843e-14,0.0010095748973721003,4.961856334278673e-05,0.0,131350.95394914618,6455.633599474323,137806.58754862047
wet_low_load,7230.0,0.8833222796699127,0.001231188044229961,2.6813492059823106e-11,9.750360749026582e-14,0.0010095110955476915,4.961856432888565e-05,0.0,131342.65299938843,6455.63372777093,137798.28672715934
wet_low_load,7240.0,0.8833222968688027,0.0012311880453770728,2.626989421892871e-11,9.552688806883165e-14,0.0010094472937232227,4.961856529499309e-05,0.0,131334.35204962283,6455.633853466542,137789.98590308937
wet_low_load,7250.0,0.8833223137190144,0.0012311880465009288,2.5737316900941375e-11,9.359024327615044e-14,0.001009383491898695,4.961856624151434e-05,0.0,131326.05109984957,6455.633976613887,137781.68507646344
wet_low_load,7260.0,0.8833223302276169,0.0012311880476020005,2.5215536676357307e-11,9.169286064129929e-14,0.0010093196900741095,4.96185671688465e-05,0.0,131317.75015006884,6455.634097264632,137773.38424733345
wet_low_load,7270.0,0.8833223464015356,0.0012311880486807498,2.4704334654922276e-11,8.983394419971736e-14,0.0010092558882494674,4.961856807737858e-05,0.0,131309.4492002807,6455.634215469389,137765.0834157501
wet_low_load,7280.0,0.8833223622475557,0.0012311880497376294,2.4203496384834697e-11,8.801271412667161e-14,0.00100919208642477,4.961856896749172e-05,0.0,131301.1482504854,6455.634331277747,137756.78258176314
wet_low_load,7290.0,0.8833223777723246,0.0012311880507730824,2.3712811760419035e-11,8.622840640152376e-14,0.0010091282846000182,4.961856983955932e-05,0.0,131292.847300683,6455.634444738285,137748.48174542128
wet_low_load,7300.0,0.8833223929823553,0.0012311880517875435,2.3232074930646252e-11,8.448027247507727e-14,0.0010090644827752135,4.9618570693947244e-05,0.0,131284.54635087372,6455.634555898605,137740.1809067723
wet_low_load,7310.0,0.8833224078840286,0.001231188052781438,2.2761084216971607e-11,8.276757897080583e-14,0.0010090006809503566,4.961857153101391e-05,0.0,131276.24540105765,6455.6346648053395,137731.88006586296
wet_low_load,7320.0,0.8833224224835959,0.0012311880537551833,2.229964203710169e-11,8.10896074076425e-14,0.0010089368791254486,4.961857235111048e-05,0.0,131267.94445123491,6455.634771504176,137723.5792227391
wet_low_load,7330.0,0.8833224367871818,0.0012311880547091873,2.1847554814361902e-11,7.944565387040691e-14,0.0010088730773004906,4.9618573154580984e-05,0.0,131259.6435014057,6455.634876039874,137715.2783774456
wet_low_load,7340.0,0.8833224508007869,0.0012311880556438505,2.1404632889605022e-11,7.78350286894728e-14,0.0010088092754754836,4.961857394176249e-05,0.0,131251.3425515701,6455.63497845629,137706.9775300264
wet_low_load,7350.0,0.88332246453029,0.001231188056559565,2.097069045175451e-11,7.625705618819821e-14,0.0010087454736504287,4.9618574712985235e-05,0.0,131243.04160172827,6455.635078796386,137698.67668052463
wet_low_load,7360.0,0.883322477981451,0.001231188057456715,2.0545545448866047e-11,7.471107435951288e-14,0.0010086816718253265,4.961857546857276e-05,0.0,131234.74065188027,6455.63517710226,137690.37582898253
wet_low_load,7370.0,0.8833224911599127,0.0012311880583356768,2.0129019538152586e-11,7.319643468419121e-14,0.0010086178700001785,4.9618576208842045e-05,0.0,131226.43970202634,6455.635273415151,137682.0749754415
wet_low_load,7380.0,0.8833225040712035,0.0012311880591968191,1.9720937980105243e-11,7.171250174583723e-14,0.0010085540681749857,4.9618576934103625e-05,0.0,131218.13875216656,6455.6353677754605,137673.774119942
wet_low_load,7390.0,0.8833225167207396,0.0012311880600405034,1.9321129590212408e-11,7.025865305531785e-14,0.0010084902663497477,4.961857764466175e-05,0.0,131209.8378023009,6455.635460222775,137665.47326252368
wet_low_load,7400.0,0.8833225291138281,0.0012311880608670833,1.8929426626304374e-11,6.88342786411068e-14,0.0010084264645244664,4.961857834081453e-05,0.0,131201.53685242962,6455.635550795878,137657.1724032255
wet_low_load,7410.0,0.8833225412556679,0.0012311880616769056,1.8545664773306735e-11,6.743878099384267e-14,0.0010083626626991437,4.9618579022853995e-05,0.0,131193.23590255293,6455.635639532765,137648.87154208572
wet_low_load,7420.0,0.8833225531513523,0.0012311880624703102,1.8169683044984568e-11,6.607157470903479e-14,0.0010082988608737789,4.9618579691066266e-05,0.0,131184.9349526708,6455.635726470664,137640.57067914144
wet_low_load,7430.0,0.8833225648058721,0.00123118806324763,1.7801323702627272e-11,6.47320861913719e-14,0.0010082350590483733,4.9618580345731674e-05,0.0,131176.63400278334,6455.635811646044,137632.2698144294
wet_low_load,7440.0,0.8833225762241166,0.0012311880640091908,1.7440432211849883e-11,6.341975349763594e-14,0.001008171257222928,4.961858098712486e-05,0.0,131168.33305289072,6455.63589509464,137623.96894798538
wet_low_load,7450.0,0.8833225874108754,0.0012311880647553125,1.7086857186688904e-11,6.213402613341419e-14,0.0010081074553974436,4.9618581615514896e-05,0.0,131160.03210299302,6455.635976851456,137615.66807984444
wet_low_load,7460.0,0.8833225983708419,0.0012311880654863076,1.6740450287958347e-11,6.08743646834849e-14,0.0010080436535719211,4.961858223116539e-05,0.0,131151.7311530903,6455.636056950794,137607.36721004112
wet_low_load,7470.0,0.8833226091086138,0.001231188066202483,1.6401066198685782e-11,5.964024072249375e-14,0.0010079798517463607,4.961858283433463e-05,0.0,131143.43020318274,6455.636135426255,137599.06633860897
wet_low_load,7480.0,0.8833226196286955,0.0012311880669041394,1.606856254787937e-11,5.843113653774315e-14,0.001007916049920764,4.961858342527563e-05,0.0,131135.1292532704,6455.6362123107565,137590.76546558118
wet_low_load,7490.0,0.8833226299355008,0.0012311880675915708,1.5742799831753793e-11,5.724654484274105e-14,0.0010078522480951309,4.9618584004236326e-05,0.0,131126.82830335337,6455.636287636559,137582.46459098993
wet_low_load,7500.0,0.8833226400333533,0.0012311880682650657,1.542364139763664e-11,5.608596871867869e-14,0.0010077884462694625,4.961858457145958e-05,0.0,131118.5273534317,6455.636361435261,137574.16371486697
wet_low_load,7510.0,0.8833226499264888,0.0012311880689249066,1.5110953362653236e-11,5.4948921318739035e-14,0.0010077246444437594,4.9618585127183344e-05,0.0,131110.22640350554,6455.636433737818,137565.8628372434
wet_low_load,7520.0,0.8833226596190576,0.0012311880695713704,1.480460455019917e-11,5.383492563708789e-14,0.0010076608426180227,4.961858567164075e-05,0.0,131101.92545357498,6455.636504574562,137557.56195814954
wet_low_load,7530.0,0.8833226691151265,0.0012311880702047281,1.450446642980096e-11,5.274351429018531e-14,0.0010075970407922524,4.961858620506021e-05,0.0,131093.62450364008,6455.636573975214,137549.26107761532
wet_low_load,7540.0,0.8833226784186784,0.0012311880708252457,1.4210413106951656e-11,5.1674229479824196e-14,0.0010075332389664496,4.96185867276655e-05,0.0,131085.32355370096,6455.636641968884,137540.96019566985
wet_low_load,7550.0,0.8833226875336171,0.0012311880714331834,1.3922321201138095e-11,5.0626622549593066e-14,0.0010074694371406151,4.961858723967587e-05,0.0,131077.0226037577,6455.636708584101,137532.6593123418
wet_low_load,7560.0,0.8833226964637657,0.0012311880720287962,1.3640069874640021e-11,4.9600254089600074e-14,0.0010074056353147497,4.9618587741306096e-05,0.0,131068.7216538104,6455.636773848806,137524.35842765923
wet_low_load,7570.0,0.8833227052128708,0.0012311880726123337,1.3363540711404376e-11,4.859469349601591e-14,0.0010073418334888534,4.9618588232766626e-05,0.0,131060.42070385911,6455.636837790382,137516.0575416495
wet_low_load,7580.0,0.8833227137846026,0.0012311880731840413,1.3092617710269033e-11,4.760951894643284e-14,0.0010072780316629272,4.961858871426362e-05,0.0,131052.11975390393,6455.63690043565,137507.75665433958
wet_low_load,7590.0,0.8833227221825573,0.0012311880737441584,1.2827187207035766e-11,4.6644317116493686e-14,0.0010072142298369715,4.9618589185999094e-05,0.0,131043.8188039449,6455.636961810892,137499.45576575576
wet_low_load,7600.0,0.8833227304102574,0.00123118807429292,1.2567137862611792e-11,4.569868313677015e-14,0.0010071504280109872,4.9618589648170925e-05,0.0,131035.51785398214,6455.637021941855,137491.15487592402
wet_low_load,7610.0,0.883322738471155,0.0012311880748305565,1.2312360578306471e-11,4.47722202847508e-14,0.0010070866261849747,4.9618590100973e-05,0.0,131027.2169040157,6455.637080853765,137482.8539848695
wet_low_load,7620.0,0.8833227463686321,0.0012311880753572931,1.2062748450938562e-11,4.386453982159476e-14,0.0010070228243589344,4.961859054459531e-05,0.0,131018.91595404567,6455.637138571339,137474.55309261705
wet_low_load,7630.0,0.8833227541060011,0.0012311880758733513,1.1818196788929852e-11,4.2975261050654e-14,0.0010069590225328673,4.961859097922394e-05,0.0,131010.61500407215,6455.6371951187875,137466.25219919093
wet_low_load,7640.0,0.8833227616865081,0.0012311880763789473,1.1578602997955702e-11,4.210401090165709e-14,0.0010068952207067737,4.9618591405041196e-05,0.0,131002.31405409519,6455.637250519831,137457.951304615
wet_low_load,7650.0,0.8833227691133334,0.001231188076874293,1.134386655976923e-11,4.125042385370628e-14,0.001006831418880654,4.9618591822225746e-05,0.0,130994.01310411481,6455.637304797715,137449.65040891254
wet_low_load,7660.0,0.8833227763895924,0.0012311880773595966,1.1113889001708119e-11,4.041414182439315e-14,0.001006767617054509,4.961859223095259e-05,0.0,130985.71215413116,6455.637357975206,137441.3495121064
wet_low_load,7670.0,0.8833227835183377,0.0012311880778350613,1.0888573848413742e-11,3.959481399423179e-14,0.001006703815228339,4.9618592631393197e-05,0.0,130977.41120414423,6455.637410074615,137433.04861421883
wet_low_load,7680.0,0.8833227905025598,0.001231188078300887,1.0667826576091384e-11,3.8792096640332305e-14,0.0010066400134021445,4.961859302371555e-05,0.0,130969.11025415415,6455.637461117796,137424.74771527195
wet_low_load,7690.0,0.8833227973451889,0.0012311880787572687,1.0451554571005626e-11,3.8005652985474995e-14,0.0010065762115759262,4.961859340808424e-05,0.0,130960.80930416097,6455.637511126168,137416.44681528708
wet_low_load,7700.0,0.883322804049095,0.001231188079204398,1.0239667124398145e-11,3.723515317962961e-14,0.0010065124097496845,4.96185937846605e-05,0.0,130952.5083541647,6455.637560120699,137408.1459142854
wet_low_load,7710.0,0.8833228106170912,0.0012311880796424628,1.00320753240675e-11,3.64802739057e-14,0.0010064486079234198,4.961859415360233e-05,0.0,130944.20740416549,6455.637608121954,137399.84501228743
wet_low_load,7720.0,0.8833228170519323,0.0012311880800716464,9.828692097567815e-12,3.574069853661023e-14,0.0010063848060971334,4.961859451506448e-05,0.0,130935.90645416343,6455.637655150063,137391.5441093135
wet_low_load,7730.0,0.8833228233563177,0.001231188080492129,9.629432126658443e-12,3.501611682421252e-14,0.0010063210042708234,4.96185948691986e-05,0.0,130927.6055041583,6455.637701224757,137383.24320538304
wet_low_load,7740.0,0.8833228295328928,0.001231188080904087,9.43421180325826e-12,3.430622473912094e-14,0.0010062572024444926,4.9618595216153266e-05,0.0,130919.30455415047,6455.637746365366,137374.94230051583
wet_low_load,7750.0,0.8833228355842482,0.0012311880813076932,9.242949242151154e-12,3.3610724516913285e-14,0.0010061934006181412,4.961859555607401e-05,0.0,130911.00360413996,6455.6377905908275,137366.64139473077
wet_low_load,7760.0,0.8833228415129227,0.0012311880817031172,9.055564202211969e-12,3.292932437167988e-14,0.001006129598791768,4.961859588910345e-05,0.0,130902.70265412661,6455.637833919692,137358.3404880463
wet_low_load,7770.0,0.8833228473214036,0.0012311880820905245,8.871978070312868e-12,3.226173843750133e-14,0.0010060657969653754,4.961859621538128e-05,0.0,130894.40170411074,6455.637876370137,137350.03958048086
wet_low_load,7780.0,0.8833228530121273,0.0012311880824700779,8.692113840147518e-12,3.160768669144552e-14,0.0010060019951389626,4.961859653504439e-05,0.0,130886.10075409224,6455.637917959973,137341.73867205222
wet_low_load,7790.0,0.883322858587481,0.0012311880828419365,8.515896057173945e-12,3.0966894753359795e-14,0.00100593819331253,4.961859684822685e-05,0.0,130877.79980407115,6455.637958706643,137333.43776277782
wet_low_load,7800.0,0.8833228640498042,0.0012311880832062562,8.343250783886182e-12,3.033909375958611e-14,0.0010058743914860785,4.9618597155060086e-05,0.0,130869.49885404763,6455.637998627246,137325.1368526749
wet_low_load,7810.0,0.8833228694013882,0.0012311880835631898,8.174105594732075e-12,2.972402034448027e-14,0.0010058733393238611,4.9618597455672804e-05,0.0,130869.36196226148,6455.638037738527,137324.99999999997
wet_low_load,7820.0,0.8833228746444778,0.0012311880839128875,8.008389539690863e-12,2.912141650796677e-14,0.0010058733390293428,4.9618597750191106e-05,0.0,130869.36192394311,6455.638076056892,137324.99999999997
wet_low_load,7830.0,0.8833228797812724,0.0012311880842554954,7.846033103615598e-12,2.8531029467693085e-14,0.0010058733387407954,4.9618598038738544e-05,0.0,130869.36188640159,6455.6381135984175,137324.99999999997
wet_low_load,7840.0,0.8833228848139277,0.0012311880845911577,7.686968154564135e-12,2.7952611471142304e-14,0.0010058733384580977,4.961859832143619e-05,0.0,130869.36184962114,6455.638150378854,137324.99999999997
wet_low_load,7850.0,0.8833228897445544,0.0012311880849200148,7.531127979374514e-12,2.738591992499823e-14,0.0010058733381811313,4.9618598598402615e-05,0.0,130869.36181358637,6455.638186413628,137324.99999999997
wet_low_load,7860.0,0.883322894575221,0.001231188085242205,7.378447201502767e-12,2.6830717096373693e-14,0.00100587333790978,4.961859886975402e-05,0.0,130869.36177828214,6455.63822171786,137325.00000000003
wet_low_load,7870.0,0.883322899307954,0.0012311880855578636,7.228861763235227e-12,2.6286770048128093e-14,0.0010058733376439298,4.961859913560424e-05,0.0,130869.36174369362,6455.638256306359,137324.99999999997
wet_low_load,7880.0,0.883322903944739,0.0012311880858671225,7.082308916371159e-12,2.5753850604986032e-14,0.0010058733373834693,4.96185993960648e-05,0.0,130869.36170980636,6455.638290193635,137325.00000000003
wet_low_load,7890.0,0.8833229084875212,0.0012311880861701117,6.938727174788924e-12,2.523173518105063e-14,0.001005873337128289,4.9618599651244965e-05,0.0,130869.36167660609,6455.638323393904,137324.99999999997
wet_low_load,7900.0,0.8833229129382061,0.0012311880864669582,6.7980563110578386e-12,2.4720204767483045e-14,0.0010058733368782822,4.961859990125179e-05,0.0,130869.3616440789,6455.6383559210935,137324.99999999997
wet_low_load,7910.0,0.883322917298661,0.001231188086757787,6.660237308157304e-12,2.4219044756935646e-14,0.0010058733366333438,4.961860014619015e-05,0.0,130869.36161221113,6455.63838778885,137324.99999999997
wet_low_load,7920.0,0.8833229215707149,0.0012311880870427194,6.525212356088669e-12,2.372804493123152e-14,0.0010058733363933713,4.961860038616279e-05,0.0,130869.36158098947,6455.638419010541,137325.00000000003
wet_low_load,7930.0,0.8833229257561603,0.0012311880873218755,6.392924801053258e-12,2.3246999276557297e-14,0.0010058733361582636,4.96186006212704e-05,0.0,130869.36155040073,6455.638449599267,137324.99999999997
wet_low_load,7940.0,0.8833229298567529,0.001231188087595372,6.263319154769728e-12,2.2775706017344462e-14,0.0010058733359279224,4.961860085161161e-05,0.0,130869.36152043215,6455.638479567857,137325.00000000003
wet_low_load,7950.0,0.883322933874213,0.0012311880878633239,6.136341037722866e-12,2.2313967409901328e-14,0.001005873335702251,4.961860107728304e-05,0.0,130869.36149107112,6455.638508928887,137324.99999999997
wet_low_load,7960.0,0.8833229378102262,0.0012311880881258435,6.011937180010619e-12,2.186158974549316e-14,0.0010058733354811546,4.961860129837938e-05,0.0,130869.36146230533,6455.638537694673,137324.99999999997
wet_low_load,7970.0,0.8833229416664433,0.0012311880883830412,5.890055401015304e-12,2.1418383276419284e-14,0.0010058733352645407,4.9618601514993364e-05,0.0,130869.36143412275,6455.638565877281,137325.00000000003
wet_low_load,7980.0,0.8833229454444822,0.0012311880886350243,5.770644567898995e-12,2.098416206508725e-14,0.0010058733350523181,4.9618601727215863e-05,0.0,130869.36140651148,6455.638593488532,137324.99999999997
wet_low_load,7990.0,0.8833229491459278,0.001231188088881899,5.6536545854391244e-12,2.0558743947051358e-14,0.001005873334844398,4.9618601935135916e-05,0.0,130869.36137945998,6455.638620540014,137324.99999999997
wet_low_load,8000.0,0.8833229527723327,0.001231188089123769,5.539036379934861e-12,2.01419504724904e-14,0.0010058733346406934,4.961860213884074e-05,0.0,130869.36135295696,6455.638647043073,137325.00000000003
wet_low_load,8010.0,0.8833229563252186,0.0012311880893607352,5.4267418602435905e-12,1.9733606764522144e-14,0.0010058733344411183,4.96186023384158e-05,0.0,130869.3613269912,6455.638673008828,137325.00000000003
wet_low_load,8020.0,0.8833229598060757,0.0012311880895928974,5.31672392371015e-12,1.9333541540764177e-14,0.0010058733342455893,4.961860253394481e-05,0.0,130869.36130155186,6455.638698448172,137325.00000000003
wet_low_load,8030.0,0.8833229632163644,0.0012311880898203528,5.208936410427045e-12,1.8941586947007436e-14,0.0010058733340540243,4.9618602725509806e-05,0.0,130869.36127662823,6455.638723371775,137325.00000000003
wet_low_load,8040.0,0.8833229665575154,0.001231188090043197,5.10333410238742e-12,1.855757855413607e-14,0.0010058733338663428,4.961860291319115e-05,0.0,130869.3612522099,6455.638747790097,137324.99999999997
wet_low_load,8050.0,0.8833229698309301,0.0012311880902615235,4.9998727073914304e-12,1.81813552996052e-14,0.0010058733336824664,4.961860309706757e-05,0.0,130869.36122828664,6455.638771713377,137324.99999999997
wet_low_load,8060.0,0.883322973037982,0.0012311880904754236,4.898508809918331e-12,1.7812759308793928e-14,0.0010058733335023178,4.961860327721622e-05,0.0,130869.36120484835,6455.638795151654,137324.99999999997
wet_low_load,8070.0,0.8833229761800163,0.0012311880906849875,4.799199897384499e-12,1.7451635990489086e-14,0.0010058733333258214,4.961860345371265e-05,0.0,130869.36118188525,6455.6388181147595,137325.00000000003
wet_low_load,8080.0,0.8833229792583512,0.0012311880908903027,4.701904303392227e-12,1.7097833830517185e-14,0.001005873333152903,4.9618603626630917e-05,0.0,130869.36115938767,6455.638840612328,137324.99999999997
wet_low_load,8090.0,0.8833229822742782,0.0012311880910914556,4.606581211117852e-12,1.675120440406491e-14,0.0010058733329834904,4.9618603796043564e-05,0.0,130869.3611373462,6455.638862653795,137324.99999999997
wet_low_load,8100.0,0.8833229852290623,0.0012311880912885304,4.5131906346770325e-12,1.641160230791648e-14,0.0010058733328175123,4.9618603962021655e-05,0.0,130869.3611157516,6455.638884248409,137324.99999999997
wet_low_load,8110.0,0.8833229881239432,0.0012311880914816096,4.421693392019695e-12,1.60788850618898e-14,0.0010058733326548993,4.9618604124634824e-05,0.0,130869.36109459479,6455.638905405231,137325.00000000003
wet_low_load,8120.0,0.8833229909601356,0.0012311880916707747,4.332051091377506e-12,1.5752913059554563e-14,0.0010058733324955827,4.96186042839513e-05,0.0,130869.36107386688,6455.638926133133,137325.00000000003
wet_low_load,8130.0,0.8833229937388288,0.001231188091856105,4.244226140581232e-12,1.5433549602113568e-14,0.001005873332339496,4.96186044400379e-05,0.0,130869.36105355916,6455.638946440814,137324.99999999997
wet_low_load,8140.0,0.883322996461189,0.0012311880920376776,4.158181687768437e-12,1.5120660682794316e-14,0.0010058733321865738,4.961860459296012e-05,0.0,130869.36103366318,6455.638966336792,137324.99999999997
wet_low_load,8150.0,0.883322999128358,0.0012311880922155694,4.073881634936009e-12,1.481411503613094e-14,0.0010058733320367518,4.96186047427821e-05,0.0,130869.36101417059,6455.6389858294115,137324.99999999997
wet_low_load,8160.0,0.8833230017414546,0.0012311880923898547,3.9912906252346624e-12,1.4513784091762405e-14,0.0010058733318899673,4.96186048895667e-05,0.0,130869.36099507315,6455.639004926852,137325.00000000003
wet_low_load,8170.0,0.8833230043015747,0.0012311880925606068,3.910374021793119e-12,1.421954189742952e-14,0.0010058733317461585,4.961860503337546e-05,0.0,130869.36097636289,6455.639023637122,137324.99999999997
wet_low_load,8180.0,0.8833230068097931,0.001231188092727897,3.83109785181393e-12,1.3931264915687015e-14,0.0010058733316052652,4.961860517426877e-05,0.0,130869.36095803192,6455.639041968075,137324.99999999997
wet_low_load,8190.0,0.8833230092671616,0.0012311880928917956,3.7534288760301786e-12,1.3648832276473375e-14,0.0010058733314672282,4.9618605312305696e-05,0.0,130869.36094007261,6455.639059927399,137324.99999999997
wet_low_load,8200.0,0.8833230116747111,0.0012311880930523716,3.677334505696253e-12,1.3372125475259099e-14,0.0010058733313319898,4.961860544754416e-05,0.0,130869.36092247737,6455.639077522627,137324.99999999997
wet_low_load,8210.0,0.8833230140334516,0.0012311880932096922,3.60278281868147e-12,1.310102843156898e-14,0.0010058733311994932,4.96186055800409e-05,0.0,130869.36090523888,6455.6390947611435,137325.00000000003
wet_low_load,8220.0,0.8833230163443727,0.0012311880933638234,3.5297425391412848e-12,1.2835427415059214e-14,0.0010058733310696825,4.961860570985149e-05,0.0,130869.36088834981,6455.639111650176,137324.99999999997
wet_low_load,8230.0,0.8833230186084438,0.0012311880935148298,3.4581830298939954e-12,1.2575211017796346e-14,0.0010058733309425037,4.961860583703039e-05,0.0,130869.3608718032,6455.639128196814,137325.00000000003
wet_low_load,8240.0,0.883323020826615,0.0012311880936627748,3.388074255998325e-12,1.232027002181209e-14,0.001005873330817903,4.961860596163097e-05,0.0,130869.36085559201,6455.639144407999,137324.99999999997
wet_low_load,8250.0,0.8833230229998162,0.0012311880938077205,3.319386827952103e-12,1.2070497556189464e-14,0.0010058733306958286,4.961860608370547e-05,0.0,130869.3608397095,6455.639160290528,137325.00000000003
wet_low_load,8260.0,0.8833230251289594,0.0012311880939497276,3.2520919237652326e-12,1.1825788813691753e-14,0.001005873330576229,4.9618606203305115e-05,0.0,130869.36082414894,6455.6391758510645,137325.00000000003
wet_low_load,8270.0,0.8833230272149379,0.0012311880940888557,3.1861613084414506e-12,1.1586041121605274e-14,0.001005873330459054,4.961860632048008e-05,0.0,130869.36080890386,6455.639191096137,137325.00000000003
wet_low_load,8280.0,0.8833230292586269,0.0012311880942251633,3.1215673178846995e-12,1.1351153883217088e-14,0.0010058733303442543,4.9618606435279535e-05,0.0,130869.36079396783,6455.639206032146,137324.99999999997
wet_low_load,8290.0,0.8833230312608835,0.0012311880943587075,3.058282863981326e-12,1.112102859629573e-14,0.0010058733302317825,4.961860654775162e-05,0.0,130869.36077933467,6455.639220665348,137325.00000000003
wet_low_load,8300.0,0.8833230332225478,0.0012311880944895445,2.9962813939424997e-12,1.0895568705245451e-14,0.0010058733301215907,4.9618606657943524e-05,0.0,130869.36076499814,6455.6392350018905,137325.00000000003
wet_low_load,8310.0,0.8833230351444428,0.0012311880946177286,2.9355368945393773e-12,1.0674679616506825e-14,0.0010058733300136323,4.961860676590148e-05,0.0,130869.36075095218,6455.639249047782,137324.99999999994
wet_low_load,8320.0,0.8833230370273744,0.0012311880947433144,2.876023894644202e-12,1.0458268707797098e-14,0.0010058733299078632,4.961860687167076e-05,0.0,130869.36073719108,6455.639262808916,137324.99999999997
wet_low_load,8330.0,0.8833230388721328,0.001231188094866354,2.8177174152553596e-12,1.0246245146383125e-14,0.0010058733298042382,4.9618606975295754e-05,0.0,130869.3607237089,6455.639276291069,137324.99999999997
wet_low_load,8340.0,0.8833230406794921,0.001231188094986899,2.7605929966024317e-12,1.0038519987645205e-14,0.001005873329702714,4.961860707681994e-05,0.0,130869.3607105001,6455.6392894998935,137324.99999999997
wet_low_load,8350.0,0.88332304245021,0.0012311880951050003,2.7046266854407032e-12,9.835006128875283e-15,0.0010058733296032481,4.961860717628588e-05,0.0,130869.36069755907,6455.639302440931,137324.99999999997
wet_low_load,8360.0,0.8833230441850299,0.0012311880952207074,2.6497949850762172e-12,9.635618127549879e-15,0.0010058733295057987,4.961860727373533e-05,0.0,130869.3606848804,6455.639315119613,137325.00000000003
wet_low_load,8370.0,0.8833230458846792,0.0012311880953340686,2.596074907881818e-12,9.44027239229752e-15,0.0010058733294103248,4.961860736920916e-05,0.0,130869.36067245874,6455.639327541256,137324.99999999997
wet_low_load,8380.0,0.8833230475498708,0.0012311880954451316,2.543443922781109e-12,9.248886991931305e-15,0.0010058733293167865,4.96186074627474e-05,0.0,130869.3606602889,6455.639339711068,137324.99999999997
wet_low_load,8390.0,0.8833230491813037,0.001231188095553943,2.491879932378562e-12,9.061381572285679e-15,0.0010058733292251446,4.961860755438933e-05,0.0,130869.36064836582,6455.63935163416,137324.99999999997
wet_low_load,8400.0,0.8833230507796621,0.0012311880956605485,2.441361311923034e-12,8.87767749790194e-15,0.0010058733291353605,4.961860764417338e-05,0.0,130869.36063668443,6455.639363315532,137324.99999999997
wet_low_load,8410.0,0.8833230523456166,0.0012311880957649928,2.3918668686501838e-12,8.697697704182485e-15,0.0010058733290473968,4.961860773213721e-05,0.0,130869.36062523992,6455.639374760085,137324.99999999997
wet_low_load,8420.0,0.8833230538798239,0.0012311880958673195,2.3433758451706066e-12,8.521366709711296e-15,0.0010058733289612161,4.961860781831772e-05,0.0,130869.36061402735,6455.6393859726195,137324.99999999997
wet_low_load,8430.0,0.8833230553829279,0.0012311880959675718,2.2958678906707117e-12,8.348610511529858e-15,0.001005873328876783,4.961860790275107e-05,0.0,130869.36060304218,6455.639396957838,137325.00000000003
wet_low_load,8440.0,0.8833230568555589,0.0012311880960657916,2.2493230820885466e-12,8.179356662140169e-15,0.0010058733287940614,4.961860798547268e-05,0.0,130869.36059227966,6455.6394077203495,137325.00000000003
wet_low_load,8450.0,0.8833230582983349,0.0012311880961620202,2.2037218876913805e-12,8.013534137059563e-15,0.0010058733287130167,4.961860806651725e-05,0.0,130869.36058173532,6455.63941826467,137324.99999999997
wet_low_load,8460.0,0.883323059711861,0.001231188096256298,2.1590451840163634e-12,7.851073396423139e-15,0.0010058733286336153,4.9618608145918774e-05,0.0,130869.36057140477,6455.639428595223,137325.00000000003
wet_low_load,8470.0,0.8833230610967302,0.0012311880963486643,2.1152742236832736e-12,7.691906267939176e-15,0.0010058733285558234,4.9618608223710564e-05,0.0,130869.36056128365,6455.63943871634,137324.99999999997
wet_low_load,8480.0,0.8833230624535235,0.0012311880964391583,2.0723906464059465e-12,7.535965986930713e-15,0.0010058733284796088,4.961860829992526e-05,0.0,130869.36055136775,6455.639448632269,137324.99999999997
wet_low_load,8490.0,0.8833230637828101,0.0012311880965278175,2.030376463745681e-12,7.383187140893385e-15,0.001005873328404939,4.961860837459483e-05,0.0,130869.36054165283,6455.639458347168,137324.99999999997
wet_low_load,8500.0,0.8833230650851479,0.0012311880966146792,1.98921403878245e-12,7.233505595572543e-15,0.0010058733283317834,4.96186084477506e-05,0.0,130869.3605321349,6455.639467865116,137325.00000000003
wet_low_load,8510.0,0.8833230663610829,0.0012311880966997802,1.9488861149140183e-12,7.0868585996873385e-15,0.0010058733282601107,4.961860851942327e-05,0.0,130869.3605228099,6455.639477190104,137324.99999999997
wet_low_load,8520.0,0.8833230676111504,0.0012311880967831557,1.909375775198364e-12,6.943184637084959e-15,0.001005873328189891,4.961860858964289e-05,0.0,130869.36051367394,6455.639486326042,137324.99999999997
wet_low_load,8530.0,0.8833230688358753,0.001231188096864841,1.8706664279541157e-12,6.802423374378602e-15,0.001005873328121095,4.961860865843895e-05,0.0,130869.36050472321,6455.639495276768,137324.99999999997
wet_low_load,8540.0,0.8833230700357709,0.0012311880969448701,1.832741848265169e-12,6.664515811873342e-15,0.0010058733280536936,4.961860872584028e-05,0.0,130869.36049595395,6455.639504046031,137324.99999999997
wet_low_load,8550.0,0.8833230712113405,0.001231188097023277,1.7955861330879396e-12,6.52940412031978e-15,0.001005873327987659,4.961860879187515e-05,0.0,130869.3604873625,6455.639512637513,137325.00000000003
wet_low_load,8560.0,0.8833230723630773,0.0012311880971000943,1.759183687698835e-12,6.397031591632127e-15,0.0010058733279229627,4.961860885657128e-05,0.0,130869.36047894518,6455.639521054816,137324.99999999997
wet_low_load,8570.0,0.8833230734914648,0.0012311880971753542,1.7235192350116189e-12,6.267342672769522e-15,0.001005873327859578,4.9618608919955804e-05,0.0,130869.36047069852,6455.639529301474,137324.99999999997
wet_low_load,8580.0,0.8833230745969761,0.0012311880972490882,1.6885778181185084e-12,6.140282974976393e-15,0.0010058733277974786,4.961860898205532e-05,0.0,130869.36046261905,6455.639537380943,137324.99999999997
wet_low_load,8590.0,0.883323075680075,0.0012311880973213275,1.6543447841965491e-12,6.015799215260178e-15,0.0010058733277366382,4.961860904289587e-05,0.0,130869.3604547034,6455.639545296616,137325.00000000003
wet_low_load,8600.0,0.8833230767412158,0.0012311880973921022,1.6208057667199227e-12,5.893839151708809e-15,0.0010058733276770311,4.961860910250297e-05,0.0,130869.36044694821,6455.63955305181,137325.00000000003
wet_low_load,8610.0,0.8833230777808438,0.0012311880974614422,1.5879466947773093e-12,5.774351617372032e-15,0.0010058733276186323,4.961860916090165e-05,0.0,130869.36043935022,6455.639560649782,137324.99999999997
wet_low_load,8620.0,0.8833230787993953,0.0012311880975293763,1.5557537812134264e-12,5.6572864771397315e-15,0.0010058733275614177,4.9618609218116396e-05,0.0,130869.36043190627,6455.639568093719,137325.00000000003
wet_low_load,8630.0,0.8833230797972973,0.0012311880975959333,1.5242135268641937e-12,5.542594643142522e-15,0.001005873327505363,4.9618609274171207e-05,0.0,130869.36042461327,6455.639575386743,137325.00000000003
wet_low_load,8640.0,0.8833230807749686,0.001231188097661141,1.4933126951457445e-12,5.430227982348161e-15,0.0010058733274504444,4.9618609329089604e-05,0.0,130869.3604174681,6455.639582531911,137324.99999999997
wet_low_load,8650.0,0.8833230817328194,0.0012311880977250265,1.463038321371788e-12,5.320139350442865e-15,0.0010058733273966393,4.9618609382894634e-05,0.0,130869.36041046777,6455.639589532226,137324.99999999997
wet_low_load,8660.0,0.8833230826712511,0.0012311880977876168,1.4333777161417414e-12,5.212282604151786e-15,0.0010058733273439252,4.961860943560885e-05,0.0,130869.36040360937,6455.63959639062,137325.00000000003
wet_low_load,8670.0,0.8833230835906578,0.0012311880978489384,1.404318428918313e-12,5.106612468793865e-15,0.0010058733272922797,4.9618609487254365e-05,0.0,130869.36039689003,6455.639603109972,137325.00000000003
wet_low_load,8680.0,0.8833230844914253,0.0012311880979090169,1.3758482632740955e-12,5.003084593723983e-15,0.0010058733272416812,4.9618609537852875e-05,0.0,130869.36039030692,6455.639609693101,137325.00000000003
wet_low_load,8690.0,0.8833230853739311,0.0012311880979678771,1.3479552845148618e-12,4.9016555800540426e-15,0.0010058733271921083,4.961860958742558e-05,0.0,130869.36038385723,6455.639616142768,137324.99999999997
wet_low_load,8700.0,0.8833230862385459,0.001231188098025544,1.3206277798690175e-12,4.802282835887336e-15,0.0010058733271435408,4.96186096359933e-05,0.0,130869.36037753835,6455.639622461681,137325.00000000003
wet_low_load,8710.0,0.883323087085632,0.001231188098082042,1.2938542982981484e-12,4.7049247210841756e-15,0.0010058733270959578,4.9618609683576376e-05,0.0,130869.36037134752,6455.639628652489,137325.00000000003
wet_low_load,8720.0,0.8833230879155447,0.0012311880981373947,1.2676236089924071e-12,4.609540396336025e-15,0.0010058733270493392,4.961860973019478e-05,0.0,130869.36036528222,6455.639634717784,137324.99999999997
wet_low_load,8730.0,0.8833230887286323,0.001231188098191625,1.2419247022175451e-12,4.516089826245617e-15,0.001005873327003666,4.9618609775868076e-05,0.0,130869.36035933989,6455.639640660118,137324.99999999997
wet_low_load,8740.0,0.883323089525236,0.0012311880982447561,1.2167467960911768e-12,4.424533803967915e-15,0.0010058733269589185,4.9618609820615424e-05,0.0,130869.360353518,6455.639646481982,137324.99999999997
wet_low_load,8750.0,0.8833230903056897,0.0012311880982968097,1.1920793348887135e-12,4.334833945049867e-15,0.0010058733269150784,4.9618609864455586e-05,0.0,130869.36034781417,6455.639652185815,137324.99999999997
wet_low_load,8760.0,0.8833230910703211,0.0012311880983478084,1.1679119610912762e-12,4.2469525857864585e-15,0.001005873326872127,4.961860990740697e-05,0.0,130869.36034222599,6455.639657774014,137324.99999999997
wet_low_load,8770.0,0.8833230918194511,0.001231188098397773,1.1442345348674533e-12,4.160852854063466e-15,0.0010058733268300465,4.96186099494876e-05,0.0,130869.36033675111,6455.639663248922,137325.00000000003
wet_low_load,8780.0,0.8833230925533935,0.0012311880984467245,1.1210371383084655e-12,4.076498684758056e-15,0.0010058733267888189,4.9618609990715096e-05,0.0,130869.36033138716,6455.639668612835,137324.99999999997
wet_low_load,8790.0,0.8833230932724567,0.0012311880984946838,1.098310017829925e-12,3.993854610290636e-15,0.0010058733267484272,4.961861003110679e-05,0.0,130869.36032613198,6455.639673868006,137324.99999999997
wet_low_load,8800.0,0.8833230939769422,0.0012311880985416707,1.0760436519344717e-12,3.9128860070344426e-15,0.0010058733267088544,4.9618610070679614e-05,0.0,130869.36032098338,6455.639679016636,137325.00000000003
wet_low_load,8810.0,0.8833230946671454,0.001231188098587705,1.0542286986957305e-12,3.833558904348111e-15,0.0010058733266700838,4.961861010945017e-05,0.0,130869.3603159391,6455.639684060887,137324.99999999997
wet_low_load,8820.0,0.8833230953433558,0.0012311880986328064,1.032856010157871e-12,3.755840036937713e-15,0.0010058733266320992,4.961861014743471e-05,0.0,130869.3603109971,6455.639689002873,137324.99999999997
wet_low_load,8830.0,0.8833230960058572,0.001231188098676993,1.0119166162419818e-12,3.679696786334478e-15,0.0010058733265948848,4.961861018464918e-05,0.0,130869.36030615533,6455.63969384467,137324.99999999997
wet_low_load,8840.0,0.8833230966549276,0.001231188098720284,9.914017315223339e-13,3.605097205535759e-15,0.0010058733265584248,4.961861022110918e-05,0.0,130869.36030141168,6455.639698588307,137325.00000000003
wet_low_load,8850.0,0.8833230972908389,0.0012311880987626973,9.713027586145126e-13,3.5320100313255e-15,0.001005873326522704,4.961861025683002e-05,0.0,130869.36029676422,6455.639703235774,137325.00000000003
wet_low_load,8860.0,0.8833230979138585,0.0012311880988042506,9.516112483648692e-13,3.460404539508615e-15,0.0010058733264877073,4.961861029182669e-05,0.0,130869.36029221099,6455.6397077890215,137324.99999999997
wet_low_load,8870.0,0.8833230985242473,0.0012311880988449618,9.32318956601728e-13,3.390250751279011e-15,0.00100587332645342,4.961861032611385e-05,0.0,130869.36028775004,6455.63971224996,137324.99999999997
wet_low_load,8880.0,0.8833230991222617,0.0012311880988848474,9.13417774678685e-13,3.321519180649763e-15,0.0010058733264198282,4.961861035970591e-05,0.0,130869.36028337956,6455.6397166204615,137325.00000000003
wet_low_load,8890.0,0.8833230997081524,0.0012311880989239244,8.948997828376833e-13,3.254181028500666e-15,0.001005873326386917,4.961861039261695e-05,0.0,130869.36027909763,6455.63972090236,137324.99999999997
wet_low_load,8900.0,0.8833231002821649,0.0012311880989622093,8.767572188687943e-13,3.188208068613797e-15,0.0010058733263546733,4.961861042486076e-05,0.0,130869.36027490256,6455.639725097447,137325.00000000003
wet_low_load,8910.0,0.8833231008445404,0.001231188098999718,8.589824620165915e-13,3.1235725891512416e-15,0.0010058733263230831,4.961861045645089e-05,0.0,130869.36027079252,6455.639729207489,137325.00000000003
wet_low_load,8920.0,0.8833231013955147,0.0012311880990364661,8.415680541559744e-13,3.0602474696580884e-15,0.0010058733262921335,4.9618610487400586e-05,0.0,130869.3602667658,6455.639733234205,137325.00000000003
wet_low_load,8930.0,0.8833231019353189,0.0012311880990724694,8.245066972510694e-13,2.99820617182207e-15,0.0010058733262618112,4.961861051772283e-05,0.0,130869.36026282072,6455.639737179287,137325.00000000003
wet_low_load,8940.0,0.8833231024641796,0.0012311880991077427,8.077912296383075e-13,2.937422653230209e-15,0.0010058733262321036,4.961861054743033e-05,0.0,130869.36025895562,6455.639741044389,137324.99999999997
wet_low_load,8950.0,0.8833231029823183,0.001231188099142301,7.914146429670831e-13,2.8778714289712107e-15,0.0010058733262029984,4.961861057653557e-05,0.0,130869.36025516885,6455.63974483113,137324.99999999997
wet_low_load,8960.0,0.8833231034899529,0.0012311880991761586,7.753700567887656e-13,2.8195274792318746e-15,0.0010058733261744833,4.961861060505076e-05,0.0,130869.36025145889,6455.639748541105,137325.00000000003
wet_low_load,8970.0,0.8833231039872961,0.0012311880992093298,7.596507473558198e-13,2.7623663540211627e-15,0.0010058733261465462,4.9618610632987844e-05,0.0,130869.36024782412,6455.639752175866,137325.00000000003
wet_low_load,8980.0,0.8833231044745561,0.0012311880992418285,7.442501315281795e-13,2.706364114647925e-15,0.0010058733261191755,4.961861066035854e-05,0.0,130869.36024426307,6455.639755736937,137325.00000000003
wet_low_load,8990.0,0.8833231049519381,0.0012311880992736683,7.291617261156666e-13,2.651497185875151e-15,0.0010058733260923597,4.961861068717436e-05,0.0,130869.36024077419,6455.6397592258145,137325.00000000003
wet_low_load,9000.0,0.8833231054196419,0.0012311880993048628,7.143792164876592e-13,2.5977426054096695e-15,0.0010058733260660873,4.961861071344652e-05,0.0,130869.36023735604,6455.639762643959,137324.99999999997
wet_low_load,9010.0,0.8833231058778637,0.0012311880993354247,6.998963989748516e-13,2.5450778144540052e-15,0.001005873326040348,4.961861073918606e-05,0.0,130869.36023400721,6455.639765992807,137324.99999999997
wet_low_load,9020.0,0.883323106326796,0.001231188099365367,6.857071893395838e-13,2.4934806885075772e-15,0.00100587332601513,4.9618610764403786e-05,0.0,130869.36023072623,6455.6397692737655,137324.99999999997
wet_low_load,9030.0,0.8833231067666271,0.0012311880993947024,6.718056405635329e-13,2.4429296020492103e-15,0.0010058733259904237,4.9618610789110266e-05,0.0,130869.3602275118,6455.639772488206,137324.99999999997
wet_low_load,9040.0,0.8833231071975411,0.001231188099423443,6.581859267540879e-13,2.393403370014865e-15,0.0010058733259662182,4.961861081331586e-05,0.0,130869.36022436252,6455.639775637481,137325.00000000003
wet_low_load,9050.0,0.883323107619719,0.001231188099451601,6.448423346740195e-13,2.344881216996434e-15,0.0010058733259425032,4.9618610837030715e-05,0.0,130869.36022127708,6455.639778722907,137324.99999999997
wet_low_load,9060.0,0.8833231080333382,0.0012311880994791882,6.317692510359862e-13,2.2973427310399497e-15,0.001005873325919269,4.961861086026481e-05,0.0,130869.36021825418,6455.639781745784,137324.99999999997
wet_low_load,9070.0,0.883323108438572,0.0012311880995062158,6.189612040071488e-13,2.2507680145714498e-15,0.001005873325896506,4.961861088302786e-05,0.0,130869.3602152926,6455.639784707376,137324.99999999997
wet_low_load,9080.0,0.8833231088355904,0.0012311880995326957,6.064128157753251e-13,2.2051375119102727e-15,0.0010058733258742046,4.961861090532945e-05,0.0,130869.36021239107,6455.639787608928,137325.00000000003
wet_low_load,9090.0,0.8833231092245598,0.0012311880995586387,5.941188288070116e-13,2.160432104752769e-15,0.001005873325852355,4.961861092717889e-05,0.0,130869.36020954832,6455.639790451654,137324.99999999997
wet_low_load,9100.0,0.8833231096056434,0.0012311880995840559,5.820740846715594e-13,2.1166330351693066e-15,0.0010058733258309486,4.9618610948585374e-05,0.0,130869.36020676325,6455.639793236748,137324.99999999997
wet_low_load,9110.0,0.8833231099790012,0.0012311880996089576,5.702735265822735e-13,2.0737219148446304e-15,0.0010058733258099762,4.9618610969557876e-05,0.0,130869.36020403463,6455.639795965381,137325.00000000003
wet_low_load,9120.0,0.8833231103447898,0.0012311880996333545,5.58712205325643e-13,2.0316807466387017e-15,0.0010058733257894289,4.9618610990105195e-05,0.0,130869.3602013613,6455.639798638694,137325.00000000003
wet_low_load,9130.0,0.8833231107031626,0.0012311880996572569,5.47385272485078e-13,1.990491899945738e-15,0.001005873325769298,4.961861101023595e-05,0.0,130869.36019874219,6455.63980125781,137324.99999999997
wet_low_load,9140.0,0.8833231110542702,0.0012311880996806748,5.362879677354147e-13,1.9501380644924166e-15,0.0010058733257495755,4.9618611029958596e-05,0.0,130869.36019617617,6455.639803823829,137325.00000000003
wet_low_load,9150.0,0.8833231113982596,0.0012311880997036178,5.254156442539046e-13,1.9106023427414706e-15,0.0010058733257302525,4.9618611049281396e-05,0.0,130869.36019366214,6455.639806337826,137324.99999999997
wet_low_load,9160.0,0.8833231117352751,0.0012311880997260957,5.147637407681266e-13,1.871868148247733e-15,0.0010058733257113214,4.961861106821246e-05,0.0,130869.36019119914,6455.6398088008555,137324.99999999997
wet_low_load,9170.0,0.8833231120654587,0.0012311880997481178,5.043277730856582e-13,1.8339191748569383e-15,0.0010058733256927742,4.9618611086759745e-05,0.0,130869.36018878603,6455.639811213954,137324.99999999997
wet_low_load,9180.0,0.8833231123889479,0.0012311880997696934,4.941033891512161e-13,1.796739596913513e-15,0.001005873325674603,4.9618611104931e-05,0.0,130869.36018642185,6455.63981357813,137324.99999999997
wet_low_load,9190.0,0.883323112705879,0.0012311880997908319,4.840862843433625e-13,1.7603137612485908e-15,0.0010058733256568001,4.9618611122733864e-05,0.0,130869.36018410564,6455.639815894374,137324.99999999997
wet_low_load,9200.0,0.8833231130163851,0.0012311880998115417,4.742722539905473e-13,1.7246263781474444e-15,0.0010058733256393582,4.961861114017582e-05,0.0,130869.36018183631,6455.639818163663,137324.99999999997
wet_low_load,9210.0,0.883323113320596,0.0012311880998318314,4.64657193371108e-13,1.6896625213494835e-15,0.0010058733256222698,4.961861115726415e-05,0.0,130869.36017961307,6455.639820386945,137324.99999999997
wet_low_load,9220.0,0.8833231136186397,0.00123118809985171,4.552370553616227e-13,1.655407474042264e-15,0.001005873325605528,4.961861117400606e-05,0.0,130869.36017743486,6455.639822565155,137325.00000000003
wet_low_load,9230.0,0.883323113910641,0.0012311880998711856,4.460078970237218e-13,1.621846898268079e-15,0.0010058733255891253,4.961861119040855e-05,0.0,130869.36017530077,6455.639824699205,137324.99999999997
wet_low_load,9240.0,0.8833231141967224,0.0012311880998902664,4.369658465698035e-13,1.5889667147992853e-15,0.0010058733255730555,4.961861120647851e-05,0.0,130869.36017320999,6455.6398267899895,137324.99999999997
wet_low_load,9250.0,0.883323114477004,0.0012311880999089603,4.2810710844523115e-13,1.556753121619022e-15,0.0010058733255573114,4.961861122222267e-05,0.0,130869.3601711616,6455.639828838387,137325.00000000003
wet_low_load,9260.0,0.8833231147516033,0.0012311880999272753,4.194279667164651e-13,1.525192606241691e-15,0.0010058733255418864,4.9618611237647646e-05,0.0,130869.36016915475,6455.639830845256,137325.00000000003
wet_low_load,9270.0,0.8833231150206358,0.0012311880999452188,4.109247749066675e-13,1.494271908751518e-15,0.0010058733255267742,4.961861125275991e-05,0.0,130869.36016718858,6455.639832811441,137325.00000000003
wet_low_load,9280.0,0.8833231152842139,0.0012311880999627987,4.0259397463042685e-13,1.4639780895651883e-15,0.0010058733255119683,4.96186112675658e-05,0.0,130869.36016526226,6455.6398347377635,137325.00000000003
wet_low_load,9290.0,0.8833231155424485,0.0012311880999800221,3.944320667946381e-13,1.4342984247077747e-15,0.0010058733254974625,4.961861128207152e-05,0.0,130869.36016337496,6455.639836625033,137325.00000000003
wet_low_load,9300.0,0.8833231157954479,0.0012311880999968962,3.8643562515102954e-13,1.4052204550946526e-15,0.0010058733254832508,4.961861129628317e-05,0.0,130869.36016152595,6455.639838474044,137324.99999999997
wet_low_load,9310.0,0.883323116043318,0.0012311881000134286,3.786013005313278e-13,1.376732001932101e-15,0.0010058733254693273,4.96186113102067e-05,0.0,130869.36015971443,6455.639840285566,137324.99999999997
wet_low_load,9320.0,0.883323116286163,0.0012311881000296255,3.709258047536316e-13,1.3488211081950238e-15,0.001005873325455686,4.9618611323847946e-05,0.0,130869.36015793963,6455.639842060365,137324.99999999997
wet_low_load,9330.0,0.8833231165240848,0.001231188100045494,3.634059140105437e-13,1.3214760509474315e-15,0.0010058733254423213,4.961861133721265e-05,0.0,130869.3601562008,6455.639843799182,137324.99999999997
wet_low_load,9340.0,0.883323116757183,0.001231188100061041,3.560384807276321e-13,1.2946853844641167e-15,0.0010058733254292276,4.9618611350306396e-05,0.0,130869.36015449725,6455.6398455027465,137325.00000000003
wet_low_load,9350.0,0.8833231169855555,0.0012311881000762728,3.488204089994746e-13,1.2684378509071801e-15,0.0010058733254163993,4.961861136313469e-05,0.0,130869.3601528282,6455.639847171775,137325.00000000003
wet_low_load,9360.0,0.8833231172092981,0.0012311881000911956,3.4174867407141653e-13,1.2427224511687873e-15,0.001005873325403831,4.96186113757029e-05,0.0,130869.36015119303,6455.6398488069635,137324.99999999997
wet_low_load,9370.0,0.8833231174285048,0.001231188100105816,3.3482030455187894e-13,1.2175283801886505e-15,0.0010058733253915178,4.961861138801633e-05,0.0,130869.360149591,6455.639850409006,137325.00000000003
wet_low_load,9380.0,0.8833231176432674,0.00123118810012014,3.2803239511785274e-13,1.192845073155828e-15,0.0010058733253794539,4.961861140008012e-05,0.0,130869.36014802143,6455.639851978567,137324.99999999997
wet_low_load,9390.0,0.8833231178536763,0.0012311881001341736,3.213820921153386e-13,1.1686621531466858e-15,0.0010058733253676345,4.9618611411899345e-05,0.0,130869.36014648368,6455.639853516311,137324.99999999997
wet_low_load,9400.0,0.8833231180598194,0.0012311881001479228,3.1486661642923667e-13,1.1449695142881331e-15,0.001005873325356055,4.961861142347895e-05,0.0,130869.36014497711,6455.639855022878,137324.99999999997
wet_low_load,9410.0,0.8833231182617833,0.001231188100161393,3.084832321431272e-13,1.1217572077931898e-15,0.0010058733253447102,4.9618611434823804e-05,0.0,130869.3601435011,6455.639856498902,137324.99999999997
wet_low_load,9420.0,0.8833231184596527,0.0012311881001745904,3.0222926009179814e-13,1.0990154912429021e-15,0.0010058733253335954,4.961861144593865e-05,0.0,130869.360142055,6455.6398579450015,137324.99999999997
wet_low_load,9430.0,0.8833231186535107,0.00123118810018752,2.9610207701421176e-13,1.0767348255062244e-15,0.0010058733253227059,4.961861145682817e-05,0.0,130869.36014063822,6455.639859361784,137324.99999999997
wet_low_load,9440.0,0.8833231188434385,0.0012311881002001876,2.9009910962427433e-13,1.0549058531791792e-15,0.001005873325312037,4.961861146749692e-05,0.0,130869.36013925016,6455.639860749845,137324.99999999997
wet_low_load,9450.0,0.8833231190295159,0.0012311881002125984,2.8421784308116545e-13,1.0335194293860562e-15,0.0010058733253015847,4.961861147794938e-05,0.0,130869.36013789024,6455.639862109764,137325.00000000003
wet_low_load,9460.0,0.8833231192118208,0.0012311881002247576,2.784558091308768e-13,1.0125665786577339e-15,0.001005873325291344,4.9618611488189936e-05,0.0,130869.3601365579,6455.639863442114,137324.99999999997
wet_low_load,9470.0,0.8833231193904296,0.0012311881002366703,2.7281059881170645e-13,9.920385411334779e-16,0.001005873325281311,4.961861149822287e-05,0.0,130869.36013525253,6455.639864747452,137324.99999999997
wet_low_load,9480.0,0.8833231195654178,0.0012311881002483413,2.67279825184809e-13,9.719266370356688e-16,0.0010058733252714814,4.961861150805242e-05,0.0,130869.36013397365,6455.639866026326,137324.99999999997
wet_low_load,9490.0,0.8833231197368582,0.001231188100259776,2.61861182626502e-13,9.52222482278189e-16,0.0010058733252618513,4.961861151768268e-05,0.0,130869.36013272073,6455.639867279273,137324.99999999997
wet_low_load,9500.0,0.8833231199048229,0.0012311881002709786,2.565523934651903e-13,9.329177944188736e-16,0.0010058733252524162,4.9618611527117713e-05,0.0,130869.36013149316,6455.639868506821,137324.99999999997
wet_low_load,9510.0,0.8833231200693827,0.0012311881002819542,2.5135122322795904e-13,9.14004448101669e-16,0.0010058733252431725,4.961861153636147e-05,0.0,130869.36013029053,6455.639869709481,137324.99999999997
wet_low_load,9520.0,0.8833231202306061,0.0012311881002927073,2.462555060515621e-13,8.954745674602257e-16,0.0010058733252341161,4.961861154541782e-05,0.0,130869.36012911222,6455.63987088776,137324.99999999997
wet_low_load,9530.0,0.883323120388561,0.0012311881003032425,2.412630947074782e-13,8.773203443908298e-16,0.0010058733252252434,4.9618611554290564e-05,0.0,130869.36012795786,6455.639872042149,137324.99999999997
wet_low_load,9540.0,0.8833231205433137,0.001231188100313564,2.3637189194212994e-13,8.595341525168361e-16,0.0010058733252165505,4.961861156298344e-05,0.0,130869.36012682687,6455.639873173138,137324.99999999997
wet_low_load,9550.0,0.8833231206949289,0.0012311881003236763,2.3157985725314736e-13,8.421085718296266e-16,0.001005873325208034,4.9618611571500065e-05,0.0,130869.3601257188,6455.639874281196,137324.99999999997
wet_low_load,9560.0,0.8833231208434701,0.0012311881003335835,2.2688498063134664e-13,8.250362932048967e-16,0.0010058733251996899,4.9618611579844024e-05,0.0,130869.36012463318,6455.639875366789,137324.99999999997
wet_low_load,9570.0,0.8833231209890002,0.00123118810034329,2.2228527239633467e-13,8.083100814412169e-16,0.0010058733251915152,4.9618611588018833e-05,0.0,130869.36012356961,6455.639876430373,137325.00000000003
wet_low_load,9580.0,0.8833231211315801,0.0012311881003527995,2.1777881317145299e-13,7.919229569871017e-16,0.001005873325183506,4.961861159602792e-05,0.0,130869.3601225276,6455.6398774723975,137324.99999999997
wet_low_load,9590.0,0.8833231212712691,0.0012311881003621162,2.1336372254355867e-13,7.758680819765769e-16,0.0010058733251756594,4.961861160387463e-05,0.0,130869.3601215067,6455.639878493296,137325.00000000003
wet_low_load,9600.0,0.8833231214081264,0.0012311881003712443,2.0903813365203599e-13,7.601386678255853e-16,0.0010058733251679718,4.961861161156227e-05,0.0,130869.3601205065,6455.639879493498,137325.00000000003
wet_low_load,9610.0,0.8833231215422093,0.001231188100380187,2.0480023469341075e-13,7.447281261578571e-16,0.00100587332516044,4.961861161909406e-05,0.0,130869.36011952658,6455.639880473422,137325.00000000003
wet_low_load,9620.0,0.8833231216735735,0.0012311881003889487,2.0064826214508677e-13,7.296300441639519e-16,0.001005873325153061,4.961861162647314e-05,0.0,130869.36011856655,6455.639881433479,137325.00000000003
wet_low_load,9630.0,0.8833231218022746,0.0012311881003975328,1.965804634958962e-13,7.148380490759861e-16,0.0010058733251458313,4.961861163370262e-05,0.0,130869.36011762593,6455.639882374073,137324.99999999997
wet_low_load,9640.0,0.8833231219283666,0.0012311881004059427,1.9259512773928556e-13,7.003459190519474e-16,0.0010058733251387484,4.9618611640785544e-05,0.0,130869.3601167044,6455.639883295597,137324.99999999997
wet_low_load,9650.0,0.8833231220519022,0.001231188100414182,1.8869059130254646e-13,6.861476047365324e-16,0.001005873325131809,4.961861164772487e-05,0.0,130869.36011580154,6455.639884198441,137324.99999999997
wet_low_load,9660.0,0.8833231221729334,0.0012311881004222545,1.8486521094176122e-13,6.722371306973135e-16,0.0010058733251250105,4.961861165452352e-05,0.0,130869.36011491703,6455.639885082979,137324.99999999997
wet_low_load,9670.0,0.883323122291511,0.0012311881004301631,1.8111738068246185e-13,6.586086570271339e-16,0.0010058733251183498,4.961861166118433e-05,0.0,130869.36011405043,6455.639885949586,137325.00000000003
wet_low_load,9680.0,0.8833231224076843,0.0012311881004379117,1.774455419840254e-13,6.452565163055468e-16,0.0010058733251118238,4.96186116677101e-05,0.0,130869.36011320134,6455.639886798622,137324.99999999997
wet_low_load,9690.0,0.8833231225215028,0.0012311881004455029,1.7384812952956534e-13,6.321750164711466e-16,0.0010058733251054304,4.9618611674103585e-05,0.0,130869.36011236956,6455.639887630448,137324.99999999997
wet_low_load,9700.0,0.8833231226330136,0.0012311881004529403,1.703236559292263e-13,6.1935874883355e-16,0.0010058733250991666,4.961861168036745e-05,0.0,130869.3601115546,6455.639888445409,137324.99999999997
wet_low_load,9710.0,0.8833231227422638,0.001231188100460227,1.668706337931529e-13,6.068023047023741e-16,0.0010058733250930298,4.9618611686504316e-05,0.0,130869.36011075616,6455.639889243848,137325.00000000003
wet_low_load,9720.0,0.8833231228492991,0.001231188100467366,1.6348761300093943e-13,5.945004109125069e-16,0.0010058733250870172,4.961861169251678e-05,0.0,130869.3601099739,6455.6398900261,137324.99999999997
wet_low_load,9730.0,0.8833231229541644,0.0012311881004743602,1.6017318324272872e-13,5.824479390644681e-16,0.0010058733250811267,4.961861169840734e-05,0.0,130869.36010920753,6455.639890792492,137325.00000000003
wet_low_load,9740.0,0.8833231230569036,0.0012311881004812126,1.569259486082237e-13,5.706398131208133e-16,0.0010058733250753555,4.961861170417848e-05,0.0,130869.36010845666,6455.639891543347,137324.99999999997
wet_low_load,9750.0,0.8833231231575601,0.001231188100487926,1.5374454283328043e-13,5.590710648482923e-16,0.0010058733250697014,4.961861170983262e-05,0.0,130869.36010772102,6455.639892278981,137325.00000000003
wet_low_load,9760.0,0.883323123256176,0.0012311881004945034,1.5062763268803995e-13,5.47736846138327e-16,0.0010058733250641618,4.9618611715372134e-05,0.0,130869.36010700026,6455.639892999702,137324.99999999997
wet_low_load,9770.0,0.8833231233527924,0.0012311881005009474,1.4757392051802706e-13,5.366324382473711e-16,0.0010058733250587347,4.961861172079934e-05,0.0,130869.3601062942,6455.639893705809,137325.00000000003
wet_low_load,9780.0,0.8833231234474505,0.0012311881005072607,1.4458210443360183e-13,5.257531070312793e-16,0.0010058733250534174,4.961861172611653e-05,0.0,130869.36010560239,6455.639894397603,137324.99999999997
wet_low_load,9790.0,0.8833231235401892,0.0012311881005134461,1.4165095284885895e-13,5.150943739958506e-16,0.0010058733250482082,4.961861173132591e-05,0.0,130869.36010492464,6455.639895075371,137325.00000000003
wet_low_load,9800.0,0.8833231236310478,0.0012311881005195062,1.3877922231943186e-13,5.046517175252067e-16,0.0010058733250431044,4.9618611736429685e-05,0.0,130869.36010426062,6455.639895739398,137325.00000000003
wet_low_load,9810.0,0.8833231237200645,0.0012311881005254433,1.359657109055684e-13,4.944207669293396e-16,0.0010058733250381039,4.9618611741429985e-05,0.0,130869.36010361002,6455.639896389964,137324.99999999997
wet_low_load,9820.0,0.8833231238072764,0.00123118810053126,1.3320924207850483e-13,4.843972439218357e-16,0.001005873325033205,4.961861174632891e-05,0.0,130869.36010297267,6455.63989702734,137324.99999999997
wet_low_load,9830.0,0.8833231238927204,0.0012311881005369588,1.3050865116793868e-13,4.745769133379588e-16,0.0010058733250284055,4.9618611751128526e-05,0.0,130869.3601023482,6455.639897651795,137324.99999999997
wet_low_load,9840.0,0.8833231239764321,0.0012311881005425422,1.278628116200501e-13,4.64955678618364e-16,0.001005873325023703,4.961861175583084e-05,0.0,130869.36010173638,6455.63989826359,137324.99999999997
wet_low_load,9850.0,0.8833231240584467,0.0012311881005480122,1.2527061128057935e-13,4.55529495565743e-16,0.0010058733250190963,4.961861176043782e-05,0.0,130869.36010113702,6455.639898862982,137325.00000000003
wet_low_load,9860.0,0.8833231241387984,0.0012311881005533714,1.2273096933548572e-13,4.462944339472207e-16,0.0010058733250145825,4.9618611764951385e-05,0.0,130869.36010054976,6455.63989945022,137324.99999999997
wet_low_load,9870.0,0.8833231242175212,0.001231188100558622,1.202428117469921e-13,4.3724658817088033e-16,0.0010058733250101605,4.961861176937346e-05,0.0,130869.36009997442,6455.639900025555,137324.99999999997
wet_low_load,9880.0,0.8833231242946483,0.0012311881005637661,1.178050898883098e-13,4.2838214504839926e-16,0.001005873325005828,4.961861177370589e-05,0.0,130869.36009941075,6455.639900589227,137324.99999999997
wet_low_load,9890.0,0.8833231243702118,0.001231188100568806,1.15416789013968e-13,4.196974145962472e-16,0.0010058733250015836,4.961861177795049e-05,0.0,130869.36009885855,6455.6399011414715,137325.00000000003
wet_low_load,9900.0,0.8833231244442431,0.0012311881005737436,1.1307691301322073e-13,4.111887745935299e-16,0.001005873324997425,4.961861178210903e-05,0.0,130869.3600983175,6455.639901682519,137325.00000000003
wet_low_load,9910.0,0.8833231245167739,0.0012311881005785813,1.1078446408125612e-13,4.0285259665911313e-16,0.0010058733249933506,4.9618611786183276e-05,0.0,130869.36009778739,6455.639902212601,137324.99999999997
wet_low_load,9920.0,0.8833231245878339,0.0012311881005833208,1.0853850031743682e-13,3.9468545569977025e-16,0.0010058733249893592,4.961861179017491e-05,0.0,130869.3600972681,6455.639902731931,137325.00000000003
wet_low_load,9930.0,0.8833231246574534,0.0012311881005879642,1.0633806626859834e-13,3.866838773403575e-16,0.0010058733249854483,4.961861179408562e-05,0.0,130869.36009675926,6455.639903240736,137324.99999999997
wet_low_load,9940.0,0.8833231247256613,0.0012311881005925133,1.0418224883322353e-13,3.788445412117219e-16,0.001005873324981617,4.961861179791704e-05,0.0,130869.36009626077,6455.639903739224,137324.99999999997
wet_low_load,9950.0,0.8833231247924865,0.0012311881005969705,1.020701340627623e-13,3.7116412386459013e-16,0.0010058733249778632,4.961861180167079e-05,0.0,130869.3600957724,6455.639904227607,137324.99999999997
wet_low_load,9960.0,0.883323124857957,0.001231188100601337,1.0000083511371889e-13,3.636394004135232e-16,0.0010058733249741856,4.961861180534844e-05,0.0,130869.36009529392,6455.639904706088,137325.00000000003
wet_low_load,9970.0,0.8833231249221003,0.0012311881006056152,9.797348801248709e-14,3.562672291363166e-16,0.0010058733249705824,4.961861180895154e-05,0.0,130869.36009482511,6455.639905174869,137324.99999999997
wet_low_load,9980.0,0.8833231249849431,0.0012311881006098065,9.59872414909549e-14,3.4904451451256326e-16,0.0010058733249670524,4.961861181248159e-05,0.0,130869.36009436587,6455.639905634147,137324.99999999997
wet_low_load,9990.0,0.8833231250465119,0.001231188100613913,9.404126460980109e-14,3.4196823494473116e-16,0.001005873324963594,4.961861181594007e-05,0.0,130869.3600939159,6455.639906084113,137325.00000000003
wet_low_load,10000.0,0.8833231251068323,0.0012311881006179363,9.213474337036332e-14,3.350354304376848e-16,0.0010058733249602055,4.961861181932843e-05,0.0,130869.36009347504,6455.639906524956,137324.99999999997
wet_low_load,10010.0,0.88332312516593,0.0012311881006218778,9.026686716211109e-14,3.282431533167675e-16,0.0010058733249568858,4.9618611822648105e-05,0.0,130869.36009304311,6455.639906956863,137324.99999999997
wet_low_load,10020.0,0.8833231252238297,0.0012311881006257395,8.843685756176585e-14,3.2158857295187577e-16,0.0010058733249536335,4.961861182590048e-05,0.0,130869.36009261997,6455.639907380016,137324.99999999997
wet_low_load,10030.0,0.8833231252805555,0.001231188100629523,8.664395139264215e-14,3.1506891415506233e-16,0.001005873324950447,4.961861182908692e-05,0.0,130869.36009220542,6455.639907794587,137324.99999999997
wet_low_load,10040.0,0.8833231253361312,0.0012311881006332299,8.488739225431807e-14,3.086814263793384e-16,0.0010058733249473254,4.9618611832208756e-05,0.0,130869.36009179927,6455.639908200755,137325.00000000003
wet_low_load,10050.0,0.8833231253905801,0.0012311881006368613,8.316645000439309e-14,3.024234545614294e-16,0.0010058733249442666,4.96186118352673e-05,0.0,130869.3600914013,6455.639908598687,137324.99999999997
wet_low_load,10060.0,0.8833231254439254,0.0012311881006404192,8.14803877242031e-14,2.962923189971021e-16,0.0010058733249412703,4.961861183826385e-05,0.0,130869.36009101146,6455.6399089885535,137325.00000000003
wet_low_load,10070.0,0.8833231254961892,0.0012311881006439051,7.982850999969839e-14,2.902854909079941e-16,0.0010058733249383345,4.961861184119964e-05,0.0,130869.36009062949,6455.639909370515,137325.00000000003
wet_low_load,10080.0,0.8833231255473931,0.0012311881006473204,7.82101290401258e-14,2.8440046923682106e-16,0.001005873324935458,4.9618611844075904e-05,0.0,130869.36009025529,6455.639909744732,137324.99999999997
wet_low_load,10090.0,0.8833231255975592,0.0012311881006506662,7.662455112550154e-14,2.786347313654601e-16,0.0010058733249326403,4.961861184689387e-05,0.0,130869.36008988867,6455.639910111364,137325.00000000003
wet_low_load,10100.0,0.8833231256467082,0.0012311881006539442,7.507111980529146e-14,2.729858902010598e-16,0.0010058733249298792,4.9618611849654693e-05,0.0,130869.36008952942,6455.6399104705615,137324.99999999997
wet_low_load,10110.0,0.8833231256948609,0.0012311881006571558,7.354917862896146e-14,2.674515586507689e-16,0.0010058733249271744,4.961861185235956e-05,0.0,130869.3600891775,6455.63991082248,137324.99999999997
wet_low_load,10120.0,0.8833231257420374,0.0012311881006603024,7.205809147476814e-14,2.6202942354461143e-16,0.0010058733249245244,4.961861185500959e-05,0.0,130869.36008883273,6455.639911167261,137324.99999999997
wet_low_load,10130.0,0.8833231257882573,0.0012311881006633852,7.059723916162707e-14,2.5671723331500747e-16,0.001005873324921928,4.9618611857605887e-05,0.0,130869.36008849491,6455.6399115050535,137324.99999999994
wet_low_load,10140.0,0.8833231258335403,0.0012311881006664054,6.9165999120322e-14,2.5151272407389817e-16,0.0010058733249193844,4.9618611860149554e-05,0.0,130869.360088164,6455.639911835999,137324.99999999997
wet_low_load,10150.0,0.8833231258779053,0.0012311881006693644,6.776377503965808e-14,2.464137274169385e-16,0.0010058733249168924,4.961861186264165e-05,0.0,130869.36008783977,6455.639912160232,137325.00000000003
wet_low_load,10160.0,0.8833231259213709,0.0012311881006722633,6.638997738470402e-14,2.4141809958074186e-16,0.0010058733249144506,4.961861186508323e-05,0.0,130869.36008752207,6455.6399124778945,137324.99999999997
wet_low_load,10170.0,0.8833231259639551,0.0012311881006751037,6.504403525525336e-14,2.365237645645576e-16,0.0010058733249120586,4.96186118674753e-05,0.0,130869.36008721088,6455.639912789115,137324.99999999997
wet_low_load,10180.0,0.883323126005676,0.0012311881006778862,6.372538198626439e-14,2.317286617682341e-16,0.0010058733249097152,4.961861186981887e-05,0.0,130869.36008690599,6455.639913094025,137325.00000000003
wet_low_load,10190.0,0.883323126046551,0.0012311881006806125,6.243346107709076e-14,2.2703076755305733e-16,0.0010058733249074191,4.961861187211493e-05,0.0,130869.36008660725,6455.639913392756,137325.00000000003
wet_low_load,10200.0,0.8833231260865975,0.0012311881006832836,6.116773212071214e-14,2.2242811680258956e-16,0.0010058733249051696,4.961861187436445e-05,0.0,130869.36008631457,6455.63991368543,137325.00000000003
wet_low_load,10210.0,0.8833231261258321,0.0012311881006859004,5.992766063933879e-14,2.1791876596123192e-16,0.0010058733249029657,4.961861187656836e-05,0.0,130869.36008602784,6455.639913972169,137324.99999999997
wet_low_load,10220.0,0.8833231261642711,0.001231188100688464,5.871273502507058e-14,2.1350085463662026e-16,0.0010058733249008064,4.961861187872758e-05,0.0,130869.36008574688,6455.639914253097,137324.99999999997
wet_low_load,10230.0,0.883323126201931,0.001231188100690976,5.75224351996779e-14,2.0917249163519235e-16,0.001005873324898691,4.9618611880843036e-05,0.0,130869.3600854717,6455.639914528328,137325.00000000003
wet_low_load,10240.0,0.8833231262388274,0.0012311881006934367,5.635626818998544e-14,2.0493188432721975e-16,0.0010058733248966183,4.9618611882915604e-05,0.0,130869.36008520202,6455.63991479798,137324.99999999997
wet_low_load,10250.0,0.8833231262749757,0.0012311881006958477,5.521374356391674e-14,2.0077724932333359e-16,0.001005873324894588,4.961861188494615e-05,0.0,130869.36008493787,6455.639915062164,137325.00000000003
wet_low_load,10260.0,0.8833231263103913,0.0012311881006982098,5.4094375971593025e-14,1.967068217148837e-16,0.0010058733248925985,4.961861188693554e-05,0.0,130869.360084679,6455.639915320994,137325.00000000003
wet_low_load,10270.0,0.8833231263450889,0.0012311881007005241,5.299770462709099e-14,1.9271892591669448e-16,0.0010058733248906495,4.96186118888846e-05,0.0,130869.36008442544,6455.639915574578,137325.00000000003
wet_low_load,10280.0,0.883323126379083,0.0012311881007027914,5.192327043855322e-14,1.8881189250382986e-16,0.0010058733248887398,4.9618611890794135e-05,0.0,130869.360084177,6455.639915823017,137324.99999999997
wet_low_load,10290.0,0.883323126412388,0.0012311881007050127,5.0870612620056415e-14,1.849840458911142e-16,0.001005873324886869,4.9618611892664967e-05,0.0,130869.36008393358,6455.639916066422,137324.99999999997
wet_low_load,10300.0,0.8833231264450176,0.001231188100707189,4.9839300878863364e-14,1.8123382137768494e-16,0.0010058733248850362,4.9618611894497865e-05,0.0,130869.36008369511,6455.639916304892,137325.00000000003
wet_low_load,10310.0,0.8833231264769861,0.0012311881007093211,4.8828888828610865e-14,1.7755959574040312e-16,0.0010058733248832403,4.9618611896293615e-05,0.0,130869.36008346148,6455.639916538528,137324.99999999997
wet_low_load,10320.0,0.8833231265083062,0.0012311881007114102,4.78389656583195e-14,1.739598751211618e-16,0.0010058733248814809,4.961861189805295e-05,0.0,130869.36008323255,6455.639916767427,137324.99999999997
wet_low_load,10330.0,0.8833231265389914,0.0012311881007134567,4.686911462777922e-14,1.7043314410101534e-16,0.0010058733248797574,4.9618611899776615e-05,0.0,130869.3600830083,6455.639916991684,137325.00000000003
wet_low_load,10340.0,0.8833231265690542,0.0012311881007154618,4.5918931702274186e-14,1.6697793346281522e-16,0.0010058733248780685,4.961861190146533e-05,0.0,130869.36008278857,6455.639917211396,137324.99999999994
wet_low_load,10350.0,0.8833231265985082,0.0012311881007174264,4.4987991671264875e-14,1.635926969864177e-16,0.0010058733248764142,4.961861190311983e-05,0.0,130869.36008257334,6455.639917426655,137325.00000000003
wet_low_load,10360.0,0.8833231266273646,0.001231188100719351,4.407594132201228e-14,1.6027615026186281e-16,0.0010058733248747933,4.9618611904740776e-05,0.0,130869.36008236246,6455.639917637548,137325.00000000003
wet_low_load,10370.0,0.8833231266556364,0.0012311881007212365,4.318236560837225e-14,1.5702678403044454e-16,0.0010058733248732052,4.9618611906328875e-05,0.0,130869.36008215585,6455.639917844169,137325.00000000003
wet_low_load,10380.0,0.8833231266833346,0.001231188100723084,4.230692148200115e-14,1.538433508436405e-16,0.0010058733248716493,4.961861190788476e-05,0.0,130869.36008195343,6455.639918046597,137325.00000000003
wet_low_load,10390.0,0.8833231267104713,0.001231188100724894,4.144922269587502e-14,1.5072444616681824e-16,0.001005873324870125,4.96186119094091e-05,0.0,130869.36008175508,6455.63991824492,137325.00000000003
wet_low_load,10400.0,0.8833231267370579,0.0012311881007266673,4.0608910955057184e-14,1.4766876710929883e-16,0.0010058733248686314,4.961861191090254e-05,0.0,130869.36008156076,6455.639918439226,137324.99999999997
wet_low_load,10410.0,0.8833231267631055,0.0012311881007284044,3.978563558790747e-14,1.446750385014817e-16,0.0010058733248671683,4.9618611912365706e-05,0.0,130869.36008137041,6455.63991862959,137325.00000000003
wet_low_load,10420.0,0.883323126788625,0.0012311881007301066,3.89790526990493e-14,1.417420098147247e-16,0.0010058733248657348,4.9618611913799204e-05,0.0,130869.36008118391,6455.639918816097,137324.99999999997
wet_low_load,10430.0,0.8833231268136271,0.001231188100731774,3.8188821781237874e-14,1.3886844284086498e-16,0.0010058733248643303,4.961861191520364e-05,0.0,130869.36008100117,6455.63991899882,137324.99999999997
wet_low_load,10440.0,0.8833231268381225,0.0012311881007334078,3.7414605715360184e-14,1.3605311169221883e-16,0.0010058733248629545,4.961861191657961e-05,0.0,130869.36008082217,6455.639919177842,137325.00000000003
wet_low_load,10450.0,0.8833231268621213,0.0012311881007350085,3.6656086017028064e-14,1.3329485824373839e-16,0.0010058733248616064,4.9618611917927684e-05,0.0,130869.36008064677,6455.639919353233,137325.00000000003
wet_low_load,10460.0,0.8833231268856334,0.0012311881007365767,3.5912950131083976e-14,1.3059254593121443e-16,0.0010058733248602856,4.9618611919248425e-05,0.0,130869.36008047494,6455.639919525069,137325.00000000003
wet_low_load,10470.0,0.8833231269086691,0.0012311881007381132,3.518487110281028e-14,1.27944985828401e-16,0.0010058733248589915,4.96186119205424e-05,0.0,130869.36008030655,6455.639919693422,137324.99999999997
wet_low_load,10480.0,0.8833231269312376,0.0012311881007396183,3.447155839990607e-14,1.2535112145420387e-16,0.0010058733248577238,4.961861192181013e-05,0.0,130869.36008014162,6455.639919858359,137324.99999999997
wet_low_load,10490.0,0.8833231269533487,0.001231188100741093,3.3772702855345595e-14,1.2280982856489305e-16,0.001005873324856482,4.961861192305217e-05,0.0,130869.36007998006,6455.639920019956,137325.00000000003
wet_low_load,10500.0,0.8833231269750116,0.0012311881007425378,3.3088013089795e-14,1.2032004759925455e-16,0.0010058733248552649,4.961861192426903e-05,0.0,130869.36007982172,6455.639920178277,137324.99999999997
wet_low_load,10510.0,0.8833231269962352,0.0012311881007439536,3.2417208735348747e-14,1.178807590376318e-16,0.001005873324854073,4.9618611925461215e-05,0.0,130869.36007966661,6455.639920333386,137325.00000000003
wet_low_load,10520.0,0.8833231270170283,0.0012311881007453403,3.1760008577068344e-14,1.154909402802485e-16,0.0010058733248529048,4.9618611926629226e-05,0.0,130869.36007951465,6455.639920485349,137324.99999999997
wet_low_load,10530.0,0.8833231270374,0.001231188100746699,3.111612885891646e-14,1.1314955948696895e-16,0.0010058733248517605,4.9618611927773554e-05,0.0,130869.36007936577,6455.639920634233,137325.00000000003
wet_low_load,10540.0,0.8833231270573589,0.0012311881007480302,3.048529598925114e-14,1.1085562177909504e-16,0.0010058733248506395,4.96186119288947e-05,0.0,130869.36007921991,6455.6399207801,137325.00000000003
wet_low_load,10550.0,0.8833231270769132,0.0012311881007493345,2.9867253317089355e-14,1.0860819388032492e-16,0.0010058733248495407,4.961861192999312e-05,0.0,130869.36007907699,6455.6399209230085,137324.99999999997
wet_low_load,10560.0,0.883323127096071,0.0012311881007506123,2.926174165034925e-14,1.0640633327399726e-16,0.0010058733248484648,4.961861193106926e-05,0.0,130869.36007893698,6455.639921063021,137324.99999999997
wet_low_load,10570.0,0.8833231271148404,0.0012311881007518641,2.866850433804781e-14,1.0424910668381021e-16,0.0010058733248474103,4.961861193212359e-05,0.0,130869.3600787998,6455.639921200195,137324.99999999997
wet_low_load,10580.0,0.883323127133229,0.0012311881007530906,2.808730336392685e-14,1.0213564859609764e-16,0.0010058733248463775,4.961861193315653e-05,0.0,130869.3600786654,6455.639921334587,137324.99999999997
wet_low_load,10590.0,0.8833231271512451,0.001231188100754292,2.7517877841838623e-14,1.0006501033395861e-16,0.0010058733248453655,4.961861193416854e-05,0.0,130869.36007853375,6455.639921466253,137324.99999999997
wet_low_load,10600.0,0.8833231271688959,0.0012311881007554693,2.6959994837722628e-14,9.80363448644459e-17,0.0010058733248443738,4.9618611935160034e-05,0.0,130869.36007840472,6455.639921595253,137324.99999999997
wet_low_load,10610.0,0.8833231271861888,0.0012311881007566227,2.6413427346749004e-14,9.60488267154509e-17,0.0010058733248434024,4.961861193613142e-05,0.0,130869.36007827833,6455.639921721635,137324.99999999997
wet_low_load,10620.0,0.8833231272031309,0.0012311881007577529,2.5877944975956097e-14,9.41016180943858e-17,0.001005873324842451,4.96186119370831e-05,0.0,130869.36007815457,6455.639921845453,137324.99999999997
wet_low_load,10630.0,0.8833231272197296,0.0012311881007588598,2.5353316485349307e-14,9.219387812854291e-17,0.0010058733248415185,4.96186119380155e-05,0.0,130869.36007803323,6455.639921966763,137324.99999999997
wet_low_load,10640.0,0.8833231272359919,0.0012311881007599445,2.48393207993294e-14,9.032480290665235e-17,0.0010058733248406052,4.961861193892899e-05,0.0,130869.3600779144,6455.639922085614,137325.00000000003
wet_low_load,10650.0,0.8833231272519246,0.0012311881007610072,2.4335742771527773e-14,8.84936100782828e-17,0.00100587332483971,4.961861193982397e-05,0.0,130869.36007779796,6455.639922202055,137324.99999999997
wet_low_load,10660.0,0.8833231272675341,0.0012311881007620483,2.3842379114037086e-14,8.66995604146803e-17,0.0010058733248388331,4.96186119407008e-05,0.0,130869.36007768384,6455.639922316134,137324.99999999997
wet_low_load,10670.0,0.8833231272828271,0.0012311881007630683,2.3359020609719366e-14,8.494189312625223e-17,0.001005873324837974,4.961861194155985e-05,0.0,130869.36007757207,6455.6399224279,137324.99999999997
wet_low_load,10680.0,0.88332312729781,0.0012311881007640675,2.288546227660138e-14,8.3219862824005e-17,0.0010058733248371325,4.961861194240148e-05,0.0,130869.36007746261,6455.639922537402,137324.99999999997
wet_low_load,10690.0,0.8833231273124894,0.0012311881007650467,2.2421498285676942e-14,8.153272103882523e-17,0.0010058733248363078,4.961861194322606e-05,0.0,130869.36007735529,6455.639922644683,137324.99999999997
wet_low_load,10700.0,0.8833231273268711,0.0012311881007660058,2.196694144266471e-14,7.98797870642353e-17,0.0010058733248355,4.9618611944033917e-05,0.0,130869.36007725023,6455.6399227497905,137324.99999999997
wet_low_load,10710.0,0.8833231273409612,0.0012311881007669456,2.1521602859217448e-14,7.826037403351799e-17,0.0010058733248347086,4.96186119448254e-05,0.0,130869.36007714724,6455.639922852766,137324.99999999997
wet_low_load,10720.0,0.8833231273547657,0.0012311881007678663,2.108528941182318e-14,7.6673779679357e-17,0.0010058733248339332,4.961861194560083e-05,0.0,130869.36007704635,6455.6399229536555,137325.00000000003
wet_low_load,10730.0,0.8833231273682904,0.0012311881007687684,2.0657818988398247e-14,7.511934177599361e-17,0.0010058733248331734,4.9618611946360553e-05,0.0,130869.3600769475,6455.6399230524985,137324.99999999997
wet_low_load,10740.0,0.8833231273815408,0.0012311881007696522,2.0239019641254356e-14,7.359643505910674e-17,0.001005873324832429,4.9618611947104865e-05,0.0,130869.36007685064,6455.639923149336,137324.99999999997
wet_low_load,10750.0,0.8833231273945227,0.001231188100770518,1.98287084112749e-14,7.21043942228178e-17,0.0010058733248316997,4.9618611947834086e-05,0.0,130869.36007675577,6455.639923244213,137324.99999999997
wet_low_load,10760.0,0.8833231274072413,0.0012311881007713663,1.9426716738903376e-14,7.0642606323285e-17,0.0010058733248309855,4.961861194854853e-05,0.0,130869.36007666282,6455.639923337165,137324.99999999997
wet_low_load,10770.0,0.8833231274197023,0.0012311881007721975,1.9032865900187913e-14,6.921042145522876e-17,0.0010058733248302855,4.9618611949248495e-05,0.0,130869.36007657176,6455.6399234282335,137324.99999999997
wet_low_load,10780.0,0.8833231274319107,0.0012311881007730117,1.864700258216506e-14,6.780728211696385e-17,0.0010058733248295996,4.961861194993427e-05,0.0,130869.36007648252,6455.639923517457,137324.99999999997
wet_low_load,10790.0,0.8833231274438713,0.0012311881007738095,1.8268967542640728e-14,6.643260924596627e-17,0.0010058733248289279,4.961861195060613e-05,0.0,130869.36007639513,6455.63992360487,137324.99999999997
wet_low_load,10800.0,0.8833231274555897,0.001231188100774591,1.789858883392663e-14,6.508577757791501e-17,0.0010058733248282695,4.9618611951264386e-05,0.0,130869.36007630949,6455.639923690512,137324.99999999997
wet_low_load,10810.0,0.8833231274670704,0.0012311881007753566,1.7535723307454676e-14,6.376626657256244e-17,0.0010058733248276247,4.961861195190929e-05,0.0,130869.36007622557,6455.639923774418,137324.99999999997
wet_low_load,10820.0,0.8833231274783182,0.0012311881007761069,1.718021934432731e-14,6.247352488846295e-17,0.0010058733248269928,4.96186119525411e-05,0.0,130869.36007614338,6455.639923856619,137324.99999999997
wet_low_load,10830.0,0.8833231274893381,0.001231188100776842,1.683191939641634e-14,6.120697962333215e-17,0.001005873324826374,4.961861195316012e-05,0.0,130869.36007606283,6455.639923937158,137325.00000000003
wet_low_load,10840.0,0.8833231275001348,0.0012311881007775619,1.6490673538890107e-14,5.996608559596401e-17,0.0010058733248257672,4.9618611953766596e-05,0.0,130869.3600759839,6455.639924016063,137324.99999999994
wet_low_load,10850.0,0.8833231275107121,0.0012311881007782675,1.615636064603715e-14,5.8750402349226e-17,0.0010058733248251733,4.961861195436075e-05,0.0,130869.36007590665,6455.639924093366,137325.00000000003
wet_low_load,10860.0,0.8833231275210752,0.0012311881007789586,1.58288163934657e-14,5.755933233987527e-17,0.001005873324824591,4.961861195494288e-05,0.0,130869.36007583089,6455.639924169103,137324.99999999997
wet_low_load,10870.0,0.8833231275312283,0.0012311881007796358,1.5507912032167778e-14,5.6392407389701e-17,0.0010058733248240208,4.9618611955513205e-05,0.0,130869.3600757567,6455.639924243305,137324.99999999997
wet_low_load,10880.0,0.8833231275411754,0.0012311881007802993,1.5193520507201293e-14,5.5249165480731965e-17,0.0010058733248234622,4.961861195607196e-05,0.0,130869.36007568403,6455.639924316003,137325.00000000003
wet_low_load,10890.0,0.8833231275509209,0.0012311881007809492,1.4885496975932267e-14,5.4129079912480964e-17,0.0010058733248229147,4.961861195661939e-05,0.0,130869.36007561277,6455.639924387225,137325.00000000003
wet_low_load,10900.0,0.8833231275604687,0.001231188100781586,1.458372370078103e-14,5.303172254829465e-17,0.0010058733248223782,4.961861195715572e-05,0.0,130869.36007554298,6455.639924457006,137324.99999999997
wet_low_load,10910.0,0.883323127569823,0.0012311881007822099,1.4288066850541917e-14,5.1956606729243334e-17,0.0010058733248218528,4.9618611957681176e-05,0.0,130869.36007547464,6455.639924525371,137324.99999999997
wet_low_load,10920.0,0.8833231275789877,0.0012311881007828211,1.3998402758404627e-14,5.0903282757835e-17,0.001005873324821338,4.9618611958195975e-05,0.0,130869.36007540765,6455.6399245923485,137324.99999999997
wet_low_load,10930.0,0.8833231275879666,0.00123118810078342,1.3714610298657705e-14,4.98713101769371e-17,0.0010058733248208337,4.9618611958700346e-05,0.0,130869.36007534203,6455.6399246579695,137324.99999999997
wet_low_load,10940.0,0.8833231275967637,0.0012311881007840068,1.3436564957457903e-14,4.886023620893782e-17,0.0010058733248203397,4.9618611959194505e-05,0.0,130869.36007527776,6455.639924722262,137325.00000000003
wet_low_load,10950.0,0.8833231276053822,0.0012311881007845817,1.3164161702719761e-14,4.7869678918980943e-17,0.0010058733248198553,4.961861195967863e-05,0.0,130869.36007521473,6455.63992478525,137324.99999999997
wet_low_load,10960.0,0.883323127613826,0.0012311881007851448,1.2897281949830666e-14,4.689920709029332e-17,0.001005873324819381,4.961861196015294e-05,0.0,130869.36007515305,6455.63992484696,137324.99999999997
wet_low_load,10970.0,0.883323127622099,0.0012311881007856967,1.2635802879013263e-14,4.5948374105502764e-17,0.0010058733248189163,4.9618611960617656e-05,0.0,130869.36007509257,6455.639924907421,137324.99999999997
wet_low_load,10980.0,0.8833231276302039,0.0012311881007862372,1.237963301070925e-14,4.5016847311669994e-17,0.001005873324818461,4.961861196107293e-05,0.0,130869.36007503333,6455.639924966656,137324.99999999997
wet_low_load,10990.0,0.8833231276381446,0.0012311881007867668,1.2128656301404854e-14,4.410420473238128e-17,0.001005873324818015,4.961861196151898e-05,0.0,130869.36007497531,6455.639925024689,137324.99999999997
wet_low_load,11000.0,0.8833231276459244,0.0012311881007872857,1.1882764330882825e-14,4.3210052112301175e-17,0.001005873324817578,4.961861196195599e-05,0.0,130869.36007491846,6455.639925081545,137324.99999999997
wet_low_load,11010.0,0.8833231276535465,0.0012311881007877942,1.1641855455189493e-14,4.2334019837052694e-17,0.0010058733248171497,4.961861196238415e-05,0.0,130869.36007486274,6455.639925137251,137324.99999999997
wet_low_load,11020.0,0.8833231276610138,0.001231188100788292,1.1405837347733608e-14,4.1475772173576754e-17,0.0010058733248167304,4.9618611962803604e-05,0.0,130869.36007480817,6455.639925191825,137324.99999999997
wet_low_load,11030.0,0.8833231276683299,0.0012311881007887801,1.1174603282363815e-14,4.06349210267775e-17,0.0010058733248163195,4.9618611963214564e-05,0.0,130869.36007475473,6455.639925245293,137325.00000000003
wet_low_load,11040.0,0.8833231276754975,0.001231188100789258,1.0948060085455916e-14,3.981112758347605e-17,0.0010058733248159168,4.961861196361719e-05,0.0,130869.36007470233,6455.639925297676,137324.99999999997
wet_low_load,11050.0,0.8833231276825197,0.0012311881007897264,1.072610950118803e-14,3.900403454977465e-17,0.0010058733248155224,4.961861196401165e-05,0.0,130869.36007465099,6455.639925348997,137324.99999999997
wet_low_load,11060.0,0.8833231276893997,0.0012311881007901853,1.0508658355935958e-14,3.821330311249439e-17,0.001005873324815136,4.961861196439811e-05,0.0,130869.36007460071,6455.639925399278,137325.00000000003
wet_low_load,11070.0,0.8833231276961402,0.001231188100790635,1.0295614323108451e-14,3.7438597538576184e-17,0.0010058733248147573,4.9618611964776744e-05,0.0,130869.36007455149,6455.63992544854,137325.00000000003
wet_low_load,11080.0,0.8833231277027439,0.0012311881007910754,1.008689354644373e-14,3.667961289615901e-17,0.0010058733248143863,4.96186119651477e-05,0.0,130869.36007450319,6455.639925496805,137325.00000000003
wet_low_load,11090.0,0.8833231277092141,0.001231188100791507,9.882394381988124e-15,3.59359795708659e-17,0.0010058733248140227,4.961861196551114e-05,0.0,130869.36007445588,6455.63992554409,137324.99999999997
wet_low_load,11100.0,0.8833231277155529,0.0012311881007919297,9.682045678974065e-15,3.5207438832632954e-17,0.0010058733248136666,4.961861196586721e-05,0.0,130869.36007440956,6455.639925590415,137324.99999999997
wet_low_load,11110.0,0.8833231277217631,0.001231188100792344,9.485761040040931e-15,3.4493676509239746e-17,0.001005873324813318,4.9618611966216056e-05,0.0,130869.36007436422,6455.639925635803,137324.99999999997
wet_low_load,11120.0,0.8833231277278476,0.0012311881007927496,9.29345237376221e-15,3.379437226822621e-17,0.0010058733248129762,4.961861196655784e-05,0.0,130869.36007431975,6455.63992568027,137325.00000000003
wet_low_load,11130.0,0.8833231277338086,0.0012311881007931473,9.105045141238541e-15,3.3109255059049236e-17,0.0010058733248126412,4.961861196689268e-05,0.0,130869.36007427615,6455.639925723835,137324.99999999997
wet_low_load,11140.0,0.8833231277396487,0.0012311881007935367,8.920459721372884e-15,3.243803535044684e-17,0.0010058733248123131,4.961861196722074e-05,0.0,130869.36007423345,6455.639925766516,137324.99999999997
wet_low_load,11150.0,0.8833231277453706,0.0012311881007939184,8.739610563837565e-15,3.178040205031841e-17,0.0010058733248119918,4.961861196754215e-05,0.0,130869.36007419165,6455.639925808334,137324.99999999997
wet_low_load,11160.0,0.8833231277509764,0.0012311881007942924,8.562429058963858e-15,3.113610566895948e-17,0.001005873324811677,4.9618611967857043e-05,0.0,130869.36007415068,6455.639925849303,137324.99999999997
wet_low_load,11170.0,0.8833231277564685,0.0012311881007946587,8.388844055984192e-15,3.050488747630615e-17,0.0010058733248113684,4.9618611968165546e-05,0.0,130869.36007411053,6455.639925889442,137324.99999999997
wet_low_load,11180.0,0.8833231277618495,0.0012311881007950175,8.218768310505001e-15,2.9886430220018187e-17,0.001005873324811066,4.9618611968467815e-05,0.0,130869.36007407121,6455.639925928768,137324.99999999997
wet_low_load,11190.0,0.8833231277671212,0.001231188100795369,8.052149306483555e-15,2.928054293266747e-17,0.00100587332481077,4.961861196876394e-05,0.0,130869.36007403271,6455.639925967296,137325.00000000003
wet_low_load,11200.0,0.883323127772286,0.0012311881007957136,7.88890488172397e-15,2.8686926842632614e-17,0.00100587332481048,4.9618611969054064e-05,0.0,130869.36007399496,6455.639926005042,137324.99999999997
wet_low_load,11210.0,0.8833231277773462,0.0012311881007960512,7.728970661722255e-15,2.81053478608082e-17,0.0010058733248101957,4.961861196933831e-05,0.0,130869.36007395799,6455.639926042024,137324.99999999997
wet_low_load,11220.0,0.8833231277823039,0.0012311881007963817,7.572274648677893e-15,2.753554417701052e-17,0.0010058733248099173,4.961861196961679e-05,0.0,130869.36007392175,6455.6399260782555,137325.00000000003
wet_low_load,11230.0,0.8833231277871609,0.0012311881007967056,7.418761785449313e-15,2.6977315583452045e-17,0.0010058733248096443,4.9618611969889624e-05,0.0,130869.36007388624,6455.639926113754,137324.99999999997
wet_low_load,11240.0,0.8833231277919196,0.001231188100797023,7.268357533137156e-15,2.6430391029589652e-17,0.001005873324809377,4.961861197015693e-05,0.0,130869.36007385147,6455.63992614853,137325.00000000003
wet_low_load,11250.0,0.8833231277965816,0.001231188100797334,7.121005987566903e-15,2.589456722751601e-17,0.0010058733248091152,4.961861197041881e-05,0.0,130869.36007381741,6455.639926182603,137324.99999999997
wet_low_load,11260.0,0.8833231278011493,0.0012311881007976387,6.976636845003933e-15,2.5369588527287027e-17,0.0010058733248088586,4.9618611970675386e-05,0.0,130869.36007378402,6455.639926215985,137325.00000000003
wet_low_load,11270.0,0.8833231278056244,0.001231188100797937,6.8351950483066734e-15,2.485525472111517e-17,0.001005873324808607,4.9618611970926765e-05,0.0,130869.3600737513,6455.63992624869,137324.99999999997
wet_low_load,11280.0,0.8833231278100087,0.0012311881007982296,6.696622999234712e-15,2.4351356360853495e-17,0.001005873324808361,4.961861197117304e-05,0.0,130869.36007371926,6455.639926280731,137325.00000000003
wet_low_load,11290.0,0.883323127814304,0.001231188100798516,6.560862252514687e-15,2.385768091823522e-17,0.0010058733248081196,4.9618611971414324e-05,0.0,130869.36007368787,6455.639926312124,137324.99999999997
wet_low_load,11300.0,0.8833231278185124,0.0012311881007987969,6.427849280675555e-15,2.3373997384274743e-17,0.0010058733248078833,4.961861197165072e-05,0.0,130869.36007365711,6455.63992634288,137324.99999999997
wet_low_load,11310.0,0.8833231278226351,0.0012311881007990718,6.297544273168795e-15,2.290016099334107e-17,0.0010058733248076517,4.96186119718823e-05,0.0,130869.36007362699,6455.63992637301,137324.99999999997
wet_low_load,11320.0,0.8833231278266745,0.0012311881007993411,6.169871844062102e-15,2.2435897614771274e-17,0.0010058733248074247,4.961861197210921e-05,0.0,130869.36007359745,6455.639926402532,137324.99999999997
wet_low_load,11330.0,0.883323127830632,0.001231188100799605,6.044788794675165e-15,2.198105016245514e-17,0.0010058733248072024,4.961861197233151e-05,0.0,130869.36007356855,6455.639926431455,137324.99999999997
wet_low_load,11340.0,0.8833231278345094,0.0012311881007998637,5.922239220833465e-15,2.1535415348485327e-17,0.0010058733248069847,4.9618611972549315e-05,0.0,130869.36007354023,6455.639926459792,137324.99999999997
wet_low_load,11350.0,0.8833231278383081,0.001231188100800117,5.802173994626063e-15,2.1098814525912953e-17,0.0010058733248067713,4.96186119727627e-05,0.0,130869.36007351245,6455.6399264875545,137325.00000000003
wet_low_load,11360.0,0.8833231278420299,0.0012311881008003653,5.684540600010227e-15,2.0671056727309914e-17,0.0010058733248065623,4.961861197297176e-05,0.0,130869.36007348525,6455.639926514754,137325.00000000003
wet_low_load,11370.0,0.8833231278456761,0.0012311881008006086,5.5692975323715435e-15,2.025199102680561e-17,0.0010058733248063574,4.961861197317658e-05,0.0,130869.36007345859,6455.639926541403,137324.99999999997
wet_low_load,11380.0,0.8833231278492484,0.0012311881008008469,5.456390581601387e-15,1.9841420296732315e-17,0.0010058733248061568,4.961861197337724e-05,0.0,130869.36007343247,6455.63992656751,137325.00000000003
wet_low_load,11390.0,0.883323127852748,0.0012311881008010802,5.34577909011829e-15,1.9439196691339232e-17,0.0010058733248059601,4.9618611973573825e-05,0.0,130869.36007340692,6455.639926593087,137324.99999999997
wet_low_load,11400.0,0.8833231278561768,0.001231188100801309,5.237405459681838e-15,1.904511076247941e-17,0.0010058733248057676,4.961861197376643e-05,0.0,130869.36007338185,6455.639926618146,137324.99999999997
wet_low_load,11410.0,0.8833231278595364,0.001231188100801533,5.1312222564469864e-15,1.8658990023443585e-17,0.0010058733248055787,4.9618611973955145e-05,0.0,130869.36007335728,6455.639926642699,137324.99999999997
wet_low_load,11420.0,0.8833231278628277,0.0012311881008017524,5.0271939050299495e-15,1.8280705109199813e-17,0.001005873324805394,4.961861197414003e-05,0.0,130869.36007333324,6455.639926666751,137324.99999999997
wet_low_load,11430.0,0.8833231278660523,0.0012311881008019675,4.925277206750418e-15,1.791009893363788e-17,0.001005873324805213,4.961861197432116e-05,0.0,130869.36007330968,6455.639926690319,137325.00000000003
wet_low_load,11440.0,0.8833231278692114,0.0012311881008021783,4.825427268862186e-15,1.7547008250407948e-17,0.0010058733248050353,4.9618611974498615e-05,0.0,130869.36007328657,6455.639926713406,137324.99999999997
wet_low_load,11450.0,0.8833231278723065,0.0012311881008023847,4.72760258675084e-15,1.7191282133639414e-17,0.0010058733248048616,4.9618611974672474e-05,0.0,130869.36007326399,6455.639926736027,137325.00000000003
wet_low_load,11460.0,0.883323127875339,0.001231188100802587,4.631757420637227e-15,1.684275425686264e-17,0.0010058733248046912,4.9618611974842816e-05,0.0,130869.36007324183,6455.639926758188,137324.99999999997
wet_low_load,11470.0,0.8833231278783096,0.001231188100802785,4.537865512499982e-15,1.6501329136363568e-17,0.0010058733248045244,4.961861197500969e-05,0.0,130869.36007322013,6455.6399267799,137325.00000000003
wet_low_load,11480.0,0.8833231278812202,0.0012311881008029793,4.4458692640986924e-15,1.6166797323995243e-17,0.0010058733248043607,4.9618611975173186e-05,0.0,130869.36007319881,6455.639926801172,137324.99999999997
wet_low_load,11490.0,0.8833231278840719,0.0012311881008031694,4.355739876313151e-15,1.5839054095684183e-17,0.0010058733248042007,4.961861197533337e-05,0.0,130869.36007317799,6455.639926822012,137325.00000000003
wet_low_load,11500.0,0.8833231278868657,0.0012311881008033557,4.267434997495996e-15,1.5517945445439984e-17,0.0010058733248040437,4.961861197549031e-05,0.0,130869.36007315756,6455.63992684243,137324.99999999997
wet_low_load,11510.0,0.8833231278896029,0.0012311881008035383,4.180923287428178e-15,1.5203357408829738e-17,0.0010058733248038897,4.961861197564406e-05,0.0,130869.36007313755,6455.6399268624355,137324.99999999994
wet_low_load,11520.0,0.8833231278922847,0.0012311881008037172,4.096159006330546e-15,1.4895123659383803e-17,0.0010058733248037393,4.9618611975794704e-05,0.0,130869.36007311795,6455.639926882035,137324.99999999997
wet_low_load,11530.0,0.8833231278949121,0.0012311881008038924,4.013117590247629e-15,1.4593154873627736e-17,0.0010058733248035916,4.961861197594229e-05,0.0,130869.36007309874,6455.639926901236,137324.99999999997
wet_low_load,11540.0,0.8833231278974862,0.0012311881008040641,3.931757534565011e-15,1.4297300125690948e-17,0.0010058733248034472,4.961861197608689e-05,0.0,130869.36007307995,6455.639926920049,137325.00000000003
wet_low_load,11550.0,0.8833231279000082,0.0012311881008042322,3.852046652030698e-15,1.4007442371020718e-17,0.0010058733248033056,4.9618611976228555e-05,0.0,130869.36007306154,6455.639926938482,137325.00000000003
wet_low_load,11560.0,0.883323127902479,0.001231188100804397,3.7739527553926934e-15,1.3723464565064336e-17,0.0010058733248031666,4.9618611976367346e-05,0.0,130869.36007304343,6455.639926956538,137324.99999999997
wet_low_load,11570.0,0.8833231279048996,0.0012311881008045585,3.697445351464896e-15,1.344525582350871e-17,0.0010058733248030306,4.961861197650332e-05,0.0,130869.36007302577,6455.639926974228,137324.99999999997
wet_low_load,11580.0,0.8833231279072713,0.0012311881008047168,3.622485476731732e-15,1.3172674460842661e-17,0.0010058733248028975,4.961861197663654e-05,0.0,130869.36007300846,6455.639926991561,137324.99999999997
wet_low_load,11590.0,0.8833231279095947,0.0012311881008048716,3.5490519553695206e-15,1.2905643474070981e-17,0.001005873324802767,4.961861197676705e-05,0.0,130869.36007299145,6455.639927008542,137324.99999999997
wet_low_load,11600.0,0.8833231279118712,0.0012311881008050234,3.4770990475991095e-15,1.2643996536724034e-17,0.001005873324802639,4.961861197689493e-05,0.0,130869.36007297481,6455.63992702518,137324.99999999997
wet_low_load,11610.0,0.8833231279141015,0.0012311881008051722,3.406606424629765e-15,1.2387659725926415e-17,0.0010058733248025137,4.961861197702021e-05,0.0,130869.3600729585,6455.6399270414795,137324.99999999997
wet_low_load,11620.0,0.8833231279162865,0.001231188100805318,3.3375444403083328e-15,1.2136525237484845e-17,0.0010058733248023912,4.961861197714295e-05,0.0,130869.36007294258,6455.639927057448,137325.00000000003
wet_low_load,11630.0,0.8833231279184273,0.0012311881008054608,3.2698834484816593e-15,1.1890485267206032e-17,0.0010058733248022708,4.96186119772632e-05,0.0,130869.3600729269,6455.6399270730935,137324.99999999997
wet_low_load,11640.0,0.8833231279205247,0.0012311881008056007,3.2035912618977487e-15,1.1649422770537266e-17,0.001005873324802153,4.961861197738102e-05,0.0,130869.3600729116,6455.639927088423,137325.00000000003
wet_low_load,11650.0,0.8833231279225797,0.0012311881008057377,3.1386390814363944e-15,1.141323302340507e-17,0.0010058733248020375,4.9618611977496455e-05,0.0,130869.36007289657,6455.639927103442,137324.99999999997
wet_low_load,11660.0,0.8833231279245929,0.001231188100805872,3.075009119405704e-15,1.1181851343293469e-17,0.0010058733248019245,4.9618611977609544e-05,0.0,130869.36007288184,6455.639927118154,137325.00000000003
wet_low_load,11670.0,0.8833231279265653,0.0012311881008060035,3.0126674944877876e-15,1.0955154525410136e-17,0.0010058733248018137,4.9618611977720336e-05,0.0,130869.36007286744,6455.639927132569,137325.00000000003
wet_low_load,11680.0,0.8833231279284977,0.0012311881008061324,2.9515930308589636e-15,1.0733065566759866e-17,0.001005873324801705,4.9618611977828885e-05,0.0,130869.36007285329,6455.639927146693,137324.99999999997
wet_low_load,11690.0,0.8833231279303909,0.0012311881008062588,2.8917535412672363e-15,1.051546742278995e-17,0.0010058733248015986,4.961861197793523e-05,0.0,130869.36007283944,6455.639927160529,137324.99999999997
wet_low_load,11700.0,0.8833231279322458,0.0012311881008063824,2.8331278498889244e-15,1.0302283090505178e-17,0.0010058733248014945,4.961861197803942e-05,0.0,130869.36007282589,6455.639927174083,137324.99999999997
wet_low_load,11710.0,0.8833231279340631,0.0012311881008065036,2.7756888516697158e-15,1.0093414006071693e-17,0.0010058733248013924,4.961861197814151e-05,0.0,130869.36007281263,6455.639927187366,137324.99999999997
wet_low_load,11720.0,0.8833231279358431,0.0012311881008066224,2.719428076280138e-15,9.88882936829141e-18,0.0010058733248012924,4.96186119782415e-05,0.0,130869.36007279962,6455.639927200375,137324.99999999997
wet_low_load,11730.0,0.8833231279375874,0.0012311881008067386,2.6642980898751445e-15,9.68835669045507e-18,0.0010058733248011944,4.9618611978339476e-05,0.0,130869.36007278686,6455.639927213123,137324.99999999997
wet_low_load,11740.0,0.8833231279392963,0.0012311881008068527,2.610283645861685e-15,9.491940530406126e-18,0.0010058733248010986,4.9618611978435475e-05,0.0,130869.3600727744,6455.639927225611,137325.00000000003
wet_low_load,11750.0,0.8833231279409706,0.0012311881008069644,2.557366956547867e-15,9.299516205628607e-18,0.0010058733248010045,4.961861197852952e-05,0.0,130869.36007276214,6455.639927237849,137324.99999999997
wet_low_load,11760.0,0.883323127942611,0.0012311881008070737,2.5055175287475896e-15,9.110972831809414e-18,0.0010058733248009123,4.961861197862167e-05,0.0,130869.36007275018,6455.639927249837,137324.99999999997
wet_low_load,11770.0,0.8833231279442182,0.001231188100807181,2.4547209629007492e-15,8.926258046911814e-18,0.001005873324800822,4.961861197871195e-05,0.0,130869.3600727384,6455.639927261583,137325.00000000003
wet_low_load,11780.0,0.8833231279457928,0.001231188100807286,2.4049526950518756e-15,8.745282527461364e-18,0.0010058733248007336,4.96186119788004e-05,0.0,130869.36007272691,6455.6399272730905,137325.00000000003
wet_low_load,11790.0,0.8833231279473355,0.001231188100807389,2.356194090476129e-15,8.567978510822286e-18,0.001005873324800647,4.961861197888705e-05,0.0,130869.36007271564,6455.639927284365,137324.99999999997
wet_low_load,11800.0,0.8833231279488467,0.0012311881008074896,2.3084290555475118e-15,8.394287474718223e-18,0.001005873324800562,4.9618611978971945e-05,0.0,130869.36007270459,6455.6399272954095,137325.00000000003
wet_low_load,11810.0,0.8833231279503275,0.0012311881008075884,2.2616262500469754e-15,8.224095454716272e-18,0.0010058733248004788,4.9618611979055124e-05,0.0,130869.36007269376,6455.639927306232,137324.99999999997
wet_low_load,11820.0,0.8833231279517781,0.0012311881008076851,2.2157772036450474e-15,8.057371649618352e-18,0.0010058733248003973,4.961861197913661e-05,0.0,130869.36007268314,6455.6399273168345,137324.99999999997
wet_low_load,11830.0,0.8833231279531994,0.00123118810080778,2.1708539642544683e-15,7.894014415470793e-18,0.0010058733248003175,4.9618611979216447e-05,0.0,130869.36007267277,6455.639927327221,137324.99999999997
wet_low_load,11840.0,0.8833231279545919,0.001231188100807873,2.1268438263810294e-15,7.733977550476468e-18,0.0010058733248002392,4.9618611979294665e-05,0.0,130869.3600726626,6455.639927337397,137324.99999999997
wet_low_load,11850.0,0.883323127955956,0.0012311881008079638,2.083728155299891e-15,7.577193291999602e-18,0.0010058733248001627,4.961861197937129e-05,0.0,130869.36007265263,6455.639927347367,137324.99999999997
wet_low_load,11860.0,0.8833231279572926,0.001231188100808053,2.04148323408853e-15,7.423575396685563e-18,0.0010058733248000877,4.961861197944637e-05,0.0,130869.36007264286,6455.639927357135,137325.00000000003
wet_low_load,11870.0,0.8833231279586022,0.0012311881008081403,2.000090428022107e-15,7.27305610189857e-18,0.001005873324800014,4.9618611979519935e-05,0.0,130869.36007263327,6455.639927366706,137324.99999999997
wet_low_load,11880.0,0.8833231279598851,0.001231188100808226,1.9595438078699907e-15,7.125613846799965e-18,0.001005873324799942,4.9618611979592e-05,0.0,130869.36007262392,6455.639927376083,137324.99999999997
wet_low_load,11890.0,0.883323127961142,0.0012311881008083096,1.919817962643764e-15,6.981156227795505e-18,0.0010058733247998713,4.96186119796626e-05,0.0,130869.3600726147,6455.6399273852685,137324.99999999997
wet_low_load,11900.0,0.8833231279623734,0.0012311881008083918,1.8808959516844817e-15,6.839621642489024e-18,0.0010058733247998023,4.9618611979731775e-05,0.0,130869.36007260576,6455.639927394268,137325.00000000003
wet_low_load,11910.0,0.8833231279635797,0.0012311881008084723,1.8427701516956184e-15,6.700982369802248e-18,0.0010058733247997344,4.961861197979954e-05,0.0,130869.3600725969,6455.639927403084,137324.99999999997
wet_low_load,11920.0,0.883323127964762,0.0012311881008085512,1.8054024461945477e-15,6.565099804343809e-18,0.001005873324799668,4.9618611979865945e-05,0.0,130869.36007258829,6455.639927411724,137324.99999999997
wet_low_load,11930.0,0.88332312796592,0.0012311881008086284,1.7687996114448476e-15,6.431998587072172e-18,0.001005873324799603,4.9618611979931e-05,0.0,130869.3600725798,6455.639927420188,137324.99999999997
wet_low_load,11940.0,0.8833231279670546,0.001231188100808704,1.7329404716228368e-15,6.3016017149921325e-18,0.0010058733247995393,4.961861197999473e-05,0.0,130869.36007257152,6455.639927428479,137324.99999999997
wet_low_load,11950.0,0.883323127968166,0.0012311881008087782,1.6978114742013592e-15,6.17385990618676e-18,0.001005873324799477,4.9618611980057164e-05,0.0,130869.36007256343,6455.639927436602,137325.00000000003
wet_low_load,11960.0,0.883323127969255,0.0012311881008088509,1.6633914433567334e-15,6.048696157660848e-18,0.0010058733247994157,4.961861198011833e-05,0.0,130869.36007255541,6455.63992744456,137324.99999999997
wet_low_load,11970.0,0.883323127970322,0.001231188100808922,1.6296702146935925e-15,5.9260735079767e-18,0.0010058733247993558,4.961861198017827e-05,0.0,130869.36007254767,6455.639927452359,137325.00000000003
wet_low_load,11980.0,0.8833231279713675,0.0012311881008089918,1.5966257653553077e-15,5.8059118740193005e-18,0.001005873324799297,4.961861198023699e-05,0.0,130869.36007254,6455.639927459999,137325.00000000003
wet_low_load,11990.0,0.8833231279723915,0.0012311881008090601,1.5642580953418792e-15,5.68821125578865e-18,0.0010058733247992396,4.961861198029452e-05,0.0,130869.36007253255,6455.639927467483,137325.00000000003
wet_low_load,12000.0,0.8833231279733949,0.001231188100809127,1.5325468758625727e-15,5.572897730409354e-18,0.0010058733247991832,4.961861198035088e-05,0.0,130869.36007252517,6455.639927474816,137325.00000000003
wet_low_load,12010.0,0.8833231279743778,0.0012311881008091924,1.501477707357285e-15,5.459918935844672e-18,0.001005873324799128,4.9618611980406094e-05,0.0,130869.36007251799,6455.6399274820005,137324.99999999997
wet_low_load,12020.0,0.883323127975341,0.0012311881008092568,1.4710370372988599e-15,5.349225590177671e-18,0.001005873324799074,4.9618611980460196e-05,0.0,130869.36007251099,6455.639927489038,137325.00000000003
wet_low_load,12030.0,0.8833231279762845,0.0012311881008093197,1.4412138542589832e-15,5.240777651850847e-18,0.0010058733247990208,4.96186119805132e-05,0.0,130869.36007250406,6455.639927495936,137324.99999999997
wet_low_load,12040.0,0.8833231279772089,0.0012311881008093813,1.4119979938422879e-15,5.134538159426501e-18,0.0010058733247989688,4.9618611980565126e-05,0.0,130869.3600724973,6455.6399275026915,137324.99999999997
wet_low_load,12050.0,0.8833231279781146,0.0012311881008094418,1.3833708213239343e-15,5.030439350268851e-18,0.001005873324798918,4.9618611980616e-05,0.0,130869.36007249069,6455.63992750931,137325.00000000003
wet_low_load,12060.0,0.8833231279790019,0.001231188100809501,1.3553264074732917e-15,4.928459663539242e-18,0.0010058733247988681,4.961861198066584e-05,0.0,130869.36007248418,6455.639927515795,137324.99999999997
wet_low_load,12070.0,0.8833231279798711,0.0012311881008095589,1.327854587894993e-15,4.828562137799974e-18,0.0010058733247988194,4.9618611980714665e-05,0.0,130869.36007247784,6455.6399275221465,137325.00000000003
wet_low_load,12080.0,0.8833231279807229,0.0012311881008096157,1.3009333397324095e-15,4.730666689936034e-18,0.0010058733247987714,4.961861198076251e-05,0.0,130869.36007247162,6455.639927528372,137324.99999999997
wet_low_load,12090.0,0.8833231279815573,0.0012311881008096714,1.2745592748537524e-15,4.63476099946819e-18,0.0010058733247987246,4.9618611980809383e-05,0.0,130869.36007246551,6455.63992753447,137324.99999999997
wet_low_load,12100.0,0.8833231279823748,0.0012311881008097258,1.2487222288636544e-15,4.540808104958743e-18,0.0010058733247986786,4.9618611980855306e-05,0.0,130869.36007245955,6455.639927540445,137324.99999999997
wet_low_load,12110.0,0.8833231279831758,0.0012311881008097794,1.2234044140702234e-15,4.4487433238917206e-18,0.0010058733247986337,4.96186119809003e-05,0.0,130869.36007245372,6455.639927546298,137325.00000000003
wet_low_load,12120.0,0.8833231279839606,0.0012311881008098317,1.1985990542098812e-15,4.3585420153086585e-18,0.0010058733247985897,4.961861198094439e-05,0.0,130869.36007244799,6455.639927552035,137325.00000000003
wet_low_load,12130.0,0.8833231279847295,0.0012311881008098828,1.1742993730190499e-15,4.27017953825109e-18,0.0010058733247985466,4.961861198098757e-05,0.0,130869.36007244237,6455.639927557654,137325.00000000003
wet_low_load,12140.0,0.8833231279854826,0.0012311881008099331,1.1504935120364677e-15,4.183612771041701e-18,0.001005873324798504,4.961861198102988e-05,0.0,130869.36007243683,6455.639927563158,137324.99999999997
wet_low_load,12150.0,0.8833231279862206,0.0012311881008099824,1.1271696128008733e-15,4.098798592003175e-18,0.0010058733247984627,4.9618611981071333e-05,0.0,130869.36007243145,6455.639927568551,137324.99999999997
wet_low_load,12160.0,0.8833231279869436,0.0012311881008100305,1.1043183579498468e-15,4.015703119817625e-18,0.0010058733247984221,4.9618611981111944e-05,0.0,130869.36007242616,6455.639927573834,137325.00000000003
wet_low_load,12170.0,0.8833231279876519,0.0012311881008100778,1.0819312771539157e-15,3.9342955532869654e-18,0.0010058733247983822,4.9618611981151734e-05,0.0,130869.36007242097,6455.639927579012,137324.99999999997
wet_low_load,12180.0,0.8833231279883459,0.0012311881008101242,1.059995664918871e-15,3.854529690614076e-18,0.0010058733247983432,4.961861198119072e-05,0.0,130869.3600724159,6455.639927584083,137324.99999999997
wet_low_load,12190.0,0.8833231279890259,0.0012311881008101695,1.0385030509152404e-15,3.776374730600874e-18,0.001005873324798305,4.9618611981228915e-05,0.0,130869.36007241093,6455.639927589054,137324.99999999997
wet_low_load,12200.0,0.8833231279896919,0.001231188100810214,1.0174525881100766e-15,3.69982759312755e-18,0.0010058733247982675,4.961861198126633e-05,0.0,130869.36007240605,6455.639927593921,137324.99999999997
wet_low_load,12210.0,0.8833231279903445,0.0012311881008102575,9.96826488811487e-16,3.6248235956781345e-18,0.0010058733247982309,4.961861198130299e-05,0.0,130869.3600724013,6455.6399275986905,137324.99999999997
wet_low_load,12220.0,0.8833231279909839,0.0012311881008103,9.76617976755894e-16,3.5513380972941594e-18,0.001005873324798195,4.96186119813389e-05,0.0,130869.36007239664,6455.6399276033635,137324.99999999997
wet_low_load,12230.0,0.8833231279916106,0.0012311881008103419,9.56809264251405e-16,3.479306415459654e-18,0.00100587332479816,4.9618611981374104e-05,0.0,130869.36007239205,6455.639927607943,137325.00000000003
wet_low_load,12240.0,0.883323127992224,0.0012311881008103829,9.374215271217012e-16,3.408805553169822e-18,0.0010058733247981255,4.961861198140856e-05,0.0,130869.3600723876,6455.6399276124275,137325.00000000003
wet_low_load,12250.0,0.8833231279928253,0.001231188100810423,9.184166488841565e-16,3.3396969050332957e-18,0.0010058733247980916,4.961861198144234e-05,0.0,130869.36007238316,6455.639927616822,137324.99999999997
wet_low_load,12260.0,0.8833231279934146,0.0012311881008104622,8.997912414069817e-16,3.271968150570842e-18,0.0010058733247980585,4.961861198147544e-05,0.0,130869.36007237885,6455.639927621129,137324.99999999997
wet_low_load,12270.0,0.8833231279939918,0.0012311881008105006,8.815478457890186e-16,3.2056285301418853e-18,0.0010058733247980262,4.961861198150787e-05,0.0,130869.36007237468,6455.639927625348,137325.00000000003
wet_low_load,12280.0,0.883323127994557,0.0012311881008105383,8.636830738984781e-16,3.140665723267193e-18,0.0010058733247979943,4.9618611981539614e-05,0.0,130869.36007237052,6455.639927629478,137324.99999999997
wet_low_load,12290.0,0.8833231279951113,0.0012311881008105754,8.461655855163119e-16,3.076965765513861e-18,0.0010058733247979633,4.9618611981570744e-05,0.0,130869.36007236646,6455.639927633529,137324.99999999997
wet_low_load,12300.0,0.8833231279956539,0.0012311881008106116,8.290140153673596e-16,3.014596419517671e-18,0.0010058733247979327,4.961861198160123e-05,0.0,130869.36007236251,6455.639927637493,137324.99999999997
wet_low_load,12310.0,0.8833231279961857,0.001231188100810647,8.122054935620453e-16,2.9534745220438003e-18,0.001005873324797903,4.96186119816311e-05,0.0,130869.36007235863,6455.63992764138,137325.00000000003
wet_low_load,12320.0,0.8833231279967066,0.0012311881008106817,7.957408671333162e-16,2.8936031532120583e-18,0.0010058733247978737,4.961861198166037e-05,0.0,130869.36007235483,6455.639927645187,137325.00000000003
wet_low_load,12330.0,0.8833231279972171,0.0012311881008107157,7.796065835540163e-16,2.834933031105513e-18,0.001005873324797845,4.961861198168904e-05,0.0,130869.36007235112,6455.639927648917,137325.00000000003
wet_low_load,12340.0,0.8833231279977173,0.001231188100810749,7.637984076594093e-16,2.777448755125124e-18,0.001005873324797817,4.961861198171713e-05,0.0,130869.36007234742,6455.639927652573,137325.00000000003
wet_low_load,12350.0,0.8833231279982071,0.0012311881008107818,7.483163394494952e-16,2.721150325270891e-18,0.0010058733247977892,4.961861198174465e-05,0.0,130869.36007234383,6455.639927656153,137324.99999999994
wet_low_load,12360.0,0.8833231279986872,0.001231188100810814,7.331434382653289e-16,2.66597613914665e-18,0.0010058733247977625,4.961861198177161e-05,0.0,130869.36007234035,6455.639927659661,137325.00000000003
wet_low_load,12370.0,0.8833231279991574,0.0012311881008108452,7.182830922386994e-16,2.611938517231634e-18,0.001005873324797736,4.961861198179803e-05,0.0,130869.3600723369,6455.639927663097,137325.00000000003
wet_low_load,12380.0,0.8833231279996181,0.001231188100810876,7.037200547765562e-16,2.558982017369295e-18,0.00100587332479771,4.9618611981823905e-05,0.0,130869.36007233351,6455.639927666464,137324.99999999997
wet_low_load,12390.0,0.8833231280000696,0.001231188100810906,6.894492436812158e-16,2.5070881588407844e-18,0.0010058733247976849,4.961861198184927e-05,0.0,130869.36007233027,6455.639927669765,137325.00000000003
wet_low_load,12400.0,0.8833231280005117,0.0012311881008109356,6.754757411503616e-16,2.456275422364951e-18,0.00100587332479766,4.9618611981874104e-05,0.0,130869.360072327,6455.639927672995,137324.99999999997
wet_low_load,12410.0,0.883323128000945,0.0012311881008109644,6.617800654262068e-16,2.406472965186206e-18,0.0010058733247976354,4.9618611981898444e-05,0.0,130869.36007232382,6455.639927676162,137324.99999999997
wet_low_load,12420.0,0.8833231280013695,0.0012311881008109928,6.483656046405405e-16,2.357693107783783e-18,0.0010058733247976118,4.961861198192229e-05,0.0,130869.36007232073,6455.639927679265,137325.00000000003
wet_low_load,12430.0,0.8833231280017855,0.0012311881008110206,6.35217112200312e-16,2.309880408001134e-18,0.0010058733247975884,4.9618611981945654e-05,0.0,130869.3600723177,6455.639927682305,137324.99999999997
wet_low_load,12440.0,0.8833231280021928,0.0012311881008110477,6.223422114020466e-16,2.2630625869165325e-18,0.0010058733247975654,4.961861198196854e-05,0.0,130869.3600723147,6455.639927685283,137324.99999999997
wet_low_load,12450.0,0.8833231280025922,0.0012311881008110744,6.097205734550103e-16,2.2171657216545827e-18,0.001005873324797543,4.961861198199097e-05,0.0,130869.36007231179,6455.6399276882,137324.99999999997
wet_low_load,12460.0,0.8833231280029833,0.0012311881008111004,5.973581275898338e-16,2.1722113730539405e-18,0.0010058733247975211,4.961861198201294e-05,0.0,130869.36007230895,6455.63992769106,137325.00000000003
wet_low_load,12470.0,0.8833231280033665,0.001231188100811126,5.8524470941115e-16,2.1281625796769087e-18,0.0010058733247974995,4.961861198203447e-05,0.0,130869.36007230612,6455.639927693861,137324.99999999997
wet_low_load,12480.0,0.8833231280037419,0.001231188100811151,5.73380318918959e-16,2.085019341523487e-18,0.0010058733247974784,4.961861198205555e-05,0.0,130869.36007230337,6455.639927696603,137324.99999999997
wet_low_load,12490.0,0.8833231280041097,0.0012311881008111756,5.61755638750841e-16,2.0427477772757853e-18,0.0010058733247974578,4.961861198207621e-05,0.0,130869.36007230074,6455.639927699291,137325.00000000003
wet_low_load,12500.0,0.88332312800447,0.0012311881008111995,5.503681278079542e-16,2.0013386465743787e-18,0.0010058733247974374,4.9618611982096453e-05,0.0,130869.36007229806,6455.639927701925,137324.99999999997
wet_low_load,12510.0,0.8833231280048232,0.0012311881008112231,5.39205927629037e-16,1.9607488277419525e-18,0.0010058733247974177,4.961861198211629e-05,0.0,130869.36007229549,6455.639927704505,137324.99999999997
wet_low_load,12520.0,0.883323128005169,0.001231188100811246,5.282758144776675e-16,1.9210029617369725e-18,0.0010058733247973982,4.9618611982135715e-05,0.0,130869.36007229296,6455.639927707033,137324.99999999997
wet_low_load,12530.0,0.8833231280055077,0.0012311881008112689,5.175693180243732e-16,1.8820702473613566e-18,0.0010058733247973793,4.961861198215474e-05,0.0,130869.3600722905,6455.639927709508,137325.00000000003
wet_low_load,12540.0,0.8833231280058397,0.001231188100811291,5.070771209067342e-16,1.8439168032972148e-18,0.0010058733247973605,4.961861198217339e-05,0.0,130869.36007228805,6455.639927711935,137324.99999999997
wet_low_load,12550.0,0.8833231280061649,0.0012311881008113127,4.967992231247505e-16,1.806542629544547e-18,0.0010058733247973425,4.961861198219166e-05,0.0,130869.36007228571,6455.639927714311,137325.00000000003
wet_low_load,12560.0,0.8833231280064836,0.001231188100811334,4.867254602830551e-16,1.7699107646656548e-18,0.0010058733247973245,4.961861198220956e-05,0.0,130869.36007228335,6455.639927716641,137325.00000000003
wet_low_load,12570.0,0.8833231280067958,0.0012311881008113547,4.768575264475425e-16,1.7340273689001541e-18,0.001005873324797307,4.96186119822271e-05,0.0,130869.36007228107,6455.639927718922,137324.99999999997
wet_low_load,12580.0,0.8833231280071017,0.0012311881008113751,4.6719033942052915e-16,1.6988739615291966e-18,0.0010058733247972898,4.961861198224428e-05,0.0,130869.36007227884,6455.6399277211585,137325.00000000003
wet_low_load,12590.0,0.8833231280074014,0.001231188100811395,4.577162759054898e-16,1.6644228214745082e-18,0.001005873324797273,4.9618611982261117e-05,0.0,130869.36007227666,6455.639927723348,137325.00000000003
wet_low_load,12600.0,0.8833231280076952,0.0012311881008114146,4.484311007376882e-16,1.6306585481370476e-18,0.0010058733247972564,4.961861198227762e-05,0.0,130869.3600722745,6455.639927725495,137324.99999999997
wet_low_load,12610.0,0.8833231280079828,0.0012311881008114339,4.393390490818605e-16,1.5975965421158563e-18,0.0010058733247972401,4.961861198229378e-05,0.0,130869.36007227238,6455.639927727598,137324.99999999997
wet_low_load,12620.0,0.8833231280082645,0.0012311881008114525,4.304367328062178e-16,1.565224482931701e-18,0.0010058733247972243,4.96186119823096e-05,0.0,130869.36007227031,6455.639927729657,137324.99999999997
wet_low_load,12630.0,0.8833231280085407,0.001231188100811471,4.2170636421886773e-16,1.5334776880686098e-18,0.0010058733247972089,4.961861198232512e-05,0.0,130869.36007226832,6455.639927731676,137324.99999999997
wet_low_load,12640.0,0.8833231280088112,0.0012311881008114892,4.1315810771517733e-16,1.5023931189642808e-18,0.0010058733247971937,4.961861198234031e-05,0.0,130869.36007226635,6455.639927733652,137324.99999999997
wet_low_load,12650.0,0.8833231280090763,0.0012311881008115067,4.0477841076799054e-16,1.4719214937017836e-18,0.001005873324797179,4.96186119823552e-05,0.0,130869.36007226443,6455.639927735589,137325.00000000003
wet_low_load,12660.0,0.8833231280093359,0.001231188100811524,3.9657489667383264e-16,1.4420905333593912e-18,0.0010058733247971642,4.961861198236978e-05,0.0,130869.3600722625,6455.639927737487,137324.99999999997
wet_low_load,12670.0,0.8833231280095902,0.001231188100811541,3.8853570697144207e-16,1.4128571162597892e-18,0.00100587332479715,4.961861198238407e-05,0.0,130869.36007226065,6455.639927739345,137324.99999999997
wet_low_load,12680.0,0.8833231280098396,0.0012311881008115577,3.806540653972408e-16,1.3841966014445119e-18,0.001005873324797136,4.961861198239808e-05,0.0,130869.36007225883,6455.639927741168,137325.00000000003
wet_low_load,12690.0,0.8833231280100838,0.001231188100811574,3.729342071159651e-16,1.3561243895126002e-18,0.0010058733247971224,4.9618611982411794e-05,0.0,130869.36007225708,6455.639927742952,137325.00000000003
wet_low_load,12700.0,0.8833231280103229,0.00123118810081159,3.65379520259404e-16,1.328652800943287e-18,0.0010058733247971087,4.9618611982425224e-05,0.0,130869.36007225528,6455.639927744699,137324.99999999997
wet_low_load,12710.0,0.8833231280105571,0.0012311881008116056,3.579747582345069e-16,1.3017263935800251e-18,0.0010058733247970957,4.9618611982438384e-05,0.0,130869.36007225359,6455.639927746412,137325.00000000003
wet_low_load,12720.0,0.8833231280107868,0.0012311881008116208,3.507148388435903e-16,1.2753266867039647e-18,0.0010058733247970827,4.9618611982451286e-05,0.0,130869.3600722519,6455.63992774809,137324.99999999997
wet_low_load,12730.0,0.8833231280110118,0.0012311881008116358,3.4360569131728497e-16,1.2494752411537632e-18,0.0010058733247970701,4.961861198246392e-05,0.0,130869.36007225026,6455.639927749736,137325.00000000003
wet_low_load,12740.0,0.8833231280112323,0.0012311881008116505,3.366363042272766e-16,1.2241320153719147e-18,0.0010058733247970577,4.9618611982476304e-05,0.0,130869.36007224866,6455.639927751346,137325.00000000003
wet_low_load,12750.0,0.8833231280114482,0.001231188100811665,3.298117597712487e-16,1.1993154900772678e-18,0.0010058733247970454,4.961861198248843e-05,0.0,130869.36007224706,6455.639927752923,137324.99999999997
wet_low_load,12760.0,0.8833231280116597,0.0012311881008116791,3.2312697575151775e-16,1.1750071845509735e-18,0.0010058733247970337,4.961861198250032e-05,0.0,130869.36007224553,6455.639927754471,137324.99999999997
wet_low_load,12770.0,0.883323128011867,0.001231188100811693,3.1657517590450573e-16,1.151182457834566e-18,0.0010058733247970222,4.961861198251196e-05,0.0,130869.36007224405,6455.639927755985,137325.00000000003
wet_low_load,12780.0,0.88332312801207,0.0012311881008117065,3.101572072631599e-16,1.127844390047854e-18,0.0010058733247970107,4.9618611982523365e-05,0.0,130869.36007224256,6455.639927757468,137325.00000000003
wet_low_load,12790.0,0.8833231280122688,0.0012311881008117197,3.0387645795926926e-16,1.1050053016700698e-18,0.0010058733247969994,4.961861198253453e-05,0.0,130869.36007224105,6455.639927758921,137324.99999999997
wet_low_load,12800.0,0.8833231280124636,0.0012311881008117327,2.9771768139978325e-16,1.0826097505446663e-18,0.0010058733247969884,4.9618611982545476e-05,0.0,130869.36007223962,6455.639927760345,137324.99999999997
wet_low_load,12810.0,0.8833231280126544,0.0012311881008117455,2.9168595978238537e-16,1.060676217390492e-18,0.0010058733247969777,4.9618611982556196e-05,0.0,130869.36007223827,6455.639927761739,137324.99999999997
wet_low_load,12820.0,0.8833231280128417,0.0012311881008117578,2.8576604651402507e-16,1.039149260051e-18,0.0010058733247969673,4.961861198256671e-05,0.0,130869.3600722369,6455.639927763108,137325.00000000003
wet_low_load,12830.0,0.8833231280130249,0.0012311881008117702,2.7997657631954193e-16,1.0180966411619705e-18,0.001005873324796957,4.9618611982577006e-05,0.0,130869.36007223555,6455.639927764447,137324.99999999997
wet_low_load,12840.0,0.8833231280132046,0.0012311881008117821,2.7429891447409635e-16,9.97450598087623e-19,0.0010058733247969467,4.9618611982587096e-05,0.0,130869.36007223421,6455.63992776576,137324.99999999997
wet_low_load,12850.0,0.8833231280133805,0.0012311881008117938,2.687372961424246e-16,9.772265314269984e-19,0.0010058733247969372,4.961861198259698e-05,0.0,130869.36007223297,6455.639927767046,137325.00000000003
wet_low_load,12860.0,0.883323128013553,0.0012311881008118053,2.6328748615979045e-16,9.57409040581056e-19,0.0010058733247969274,4.9618611982606665e-05,0.0,130869.3600722317,6455.639927768307,137325.00000000003
wet_low_load,12870.0,0.8833231280137218,0.0012311881008118166,2.579503315591411e-16,9.380012056696039e-19,0.0010058733247969179,4.961861198261615e-05,0.0,130869.36007223048,6455.63992776954,137325.00000000003
wet_low_load,12880.0,0.8833231280138872,0.0012311881008118277,2.527215971757403e-16,9.18987626093601e-19,0.0010058733247969086,4.961861198262544e-05,0.0,130869.36007222926,6455.639927770749,137324.99999999997
wet_low_load,12890.0,0.8833231280140493,0.0012311881008118385,2.475987419107463e-16,9.003590614936227e-19,0.0010058733247968995,4.961861198263455e-05,0.0,130869.36007222805,6455.639927771933,137324.99999999997
wet_low_load,12900.0,0.8833231280142082,0.0012311881008118491,2.4257668356647555e-16,8.8209703115082e-19,0.0010058733247968906,4.9618611982643474e-05,0.0,130869.36007222693,6455.639927773094,137325.00000000003
wet_low_load,12910.0,0.8833231280143639,0.0012311881008118595,2.3765711620882257e-16,8.642076953048092e-19,0.0010058733247968819,4.9618611982652215e-05,0.0,130869.36007222577,6455.639927774232,137325.00000000003
wet_low_load,12920.0,0.8833231280145162,0.0012311881008118695,2.3284258093662913e-16,8.467002943150148e-19,0.001005873324796873,4.9618611982660774e-05,0.0,130869.36007222463,6455.639927775347,137324.99999999994
wet_low_load,12930.0,0.8833231280146655,0.0012311881008118795,2.2812291335452817e-16,8.295378667437387e-19,0.0010058733247968648,4.961861198266916e-05,0.0,130869.36007222356,6455.639927776438,137324.99999999997
wet_low_load,12940.0,0.8833231280148117,0.0012311881008118892,2.2350234862725596e-16,8.127358131900215e-19,0.0010058733247968565,4.9618611982677376e-05,0.0,130869.36007222248,6455.639927777506,137324.99999999997
wet_low_load,12950.0,0.883323128014955,0.0012311881008118988,2.189715693923927e-16,7.962602523359733e-19,0.0010058733247968485,4.9618611982685426e-05,0.0,130869.36007222145,6455.639927778554,137324.99999999997
wet_low_load,12960.0,0.8833231280150956,0.0012311881008119083,2.1452972861699116e-16,7.801081040617859e-19,0.0010058733247968407,4.961861198269332e-05,0.0,130869.36007222041,6455.63992777958,137324.99999999997
wet_low_load,12970.0,0.8833231280152332,0.0012311881008119174,2.1018190849873483e-16,7.642978490863084e-19,0.0010058733247968329,4.9618611982701045e-05,0.0,130869.3600722194,6455.639927780586,137324.99999999997
wet_low_load,12980.0,0.8833231280153679,0.0012311881008119263,2.059213327740457e-16,7.488048464510752e-19,0.0010058733247968255,4.961861198270862e-05,0.0,130869.36007221845,6455.639927781571,137325.00000000003
wet_low_load,12990.0,0.8833231280155001,0.0012311881008119352,2.0174630737702925e-16,7.336229359164699e-19,0.001005873324796818,4.961861198271604e-05,0.0,130869.36007221747,6455.639927782536,137324.99999999997
wet_low_load,13000.0,0.8833231280156295,0.001231188100811944,1.9765429120884373e-16,7.187428771230681e-19,0.0010058733247968106,4.961861198272331e-05,0.0,130869.36007221648,6455.639927783482,137324.99999999997
wet_low_load,13010.0,0.8833231280157563,0.0012311881008119523,1.9364697833538363e-16,7.041708303104859e-19,0.0010058733247968036,4.9618611982730434e-05,0.0,130869.3600722156,6455.639927784409,137325.00000000003
wet_low_load,13020.0,0.8833231280158804,0.0012311881008119606,1.8972436875664897e-16,6.899067954787234e-19,0.0010058733247967965,4.9618611982737407e-05,0.0,130869.36007221467,6455.639927785317,137324.99999999997
wet_low_load,13030.0,0.8833231280160021,0.0012311881008119686,1.858779921431672e-16,6.759199714296988e-19,0.0010058733247967897,4.9618611982744244e-05,0.0,130869.36007221378,6455.6399277862065,137324.99999999997
wet_low_load,13040.0,0.8833231280161215,0.0012311881008119766,1.821061544290438e-16,6.622041979237955e-19,0.001005873324796783,4.9618611982750946e-05,0.0,130869.36007221292,6455.639927787078,137324.99999999997
wet_low_load,13050.0,0.8833231280162384,0.0012311881008119844,1.7841054968017328e-16,6.4876563520063e-19,0.0010058733247967765,4.961861198275751e-05,0.0,130869.36007221208,6455.639927787933,137324.99999999997
wet_low_load,13060.0,0.8833231280163528,0.001231188100811992,1.7479287196245016e-16,6.356104434998187e-19,0.00100587332479677,4.961861198276394e-05,0.0,130869.36007221123,6455.639927788768,137324.99999999997
wet_low_load,13070.0,0.8833231280164648,0.0012311881008119996,1.712522742429272e-16,6.227355427015534e-19,0.0010058733247967637,4.961861198277024e-05,0.0,130869.3600722104,6455.639927789588,137324.99999999997
wet_low_load,13080.0,0.8833231280165748,0.001231188100812007,1.677785921262373e-16,6.101039713681356e-19,0.0010058733247967576,4.961861198277641e-05,0.0,130869.36007220963,6455.63992779039,137325.00000000003
wet_low_load,13090.0,0.8833231280166824,0.0012311881008120141,1.6437436671122227e-16,5.977249698589899e-19,0.0010058733247967516,4.9618611982782455e-05,0.0,130869.36007220883,6455.639927791177,137325.00000000003
wet_low_load,13100.0,0.8833231280167878,0.001231188100812021,1.6104468019556561e-16,5.856170188929658e-19,0.0010058733247967457,4.961861198278838e-05,0.0,130869.36007220806,6455.639927791947,137325.00000000003
wet_low_load,13110.0,0.8833231280168911,0.001231188100812028,1.577810622497948e-16,5.73749317271981e-19,0.0010058733247967399,4.961861198279418e-05,0.0,130869.3600722073,6455.639927792702,137325.00000000003
wet_low_load,13120.0,0.8833231280169922,0.0012311881008120347,1.5458435990685707e-16,5.621249451158438e-19,0.0010058733247967342,4.961861198279986e-05,0.0,130869.36007220656,6455.639927793441,137325.00000000003
wet_low_load,13130.0,0.8833231280170913,0.0012311881008120413,1.514511850349634e-16,5.507315819453214e-19,0.0010058733247967286,4.961861198280543e-05,0.0,130869.36007220583,6455.639927794166,137324.99999999997
wet_low_load,13140.0,0.8833231280171885,0.0012311881008120478,1.4838069060116657e-16,5.395661476406057e-19,0.0010058733247967232,4.961861198281088e-05,0.0,130869.36007220512,6455.639927794876,137325.00000000003
wet_low_load,13150.0,0.8833231280172835,0.0012311881008120543,1.4537711177020282e-16,5.286440428007375e-19,0.0010058733247967177,4.961861198281622e-05,0.0,130869.3600722044,6455.63992779557,137324.99999999997
wet_low_load,13160.0,0.8833231280173769,0.0012311881008120603,1.4242604898196884e-16,5.179129053889775e-19,0.0010058733247967125,4.9618611982821466e-05,0.0,130869.36007220375,6455.639927796252,137324.99999999997
wet_low_load,13170.0,0.883323128017468,0.0012311881008120664,1.395444428954097e-16,5.074343378014898e-19,0.0010058733247967073,4.961861198282659e-05,0.0,130869.36007220308,6455.6399277969185,137324.99999999997
wet_low_load,13180.0,0.8833231280175577,0.0012311881008120725,1.3670942362094957e-16,4.9712517680345285e-19,0.0010058733247967023,4.9618611982831624e-05,0.0,130869.36007220243,6455.639927797575,137324.99999999997
wet_low_load,13190.0,0.8833231280176453,0.0012311881008120783,1.3394047291637526e-16,4.870562651504554e-19,0.0010058733247966976,4.961861198283654e-05,0.0,130869.36007220182,6455.639927798215,137325.00000000003
wet_low_load,13200.0,0.8833231280177313,0.001231188100812084,1.3122488528747797e-16,4.771814010453745e-19,0.0010058733247966928,4.9618611982841375e-05,0.0,130869.36007220119,6455.639927798843,137325.00000000003
wet_low_load,13210.0,0.8833231280178154,0.0012311881008120896,1.2856520183309947e-16,4.675098248476344e-19,0.0010058733247966878,4.96186119828461e-05,0.0,130869.36007220052,6455.639927799458,137324.99999999997
wet_low_load,13220.0,0.8833231280178979,0.0012311881008120952,1.2595803442145073e-16,4.580292160780027e-19,0.0010058733247966833,4.961861198285073e-05,0.0,130869.36007219992,6455.639927800061,137324.99999999997
wet_low_load,13230.0,0.8833231280179786,0.0012311881008121005,1.2340677118432078e-16,4.487518952157119e-19,0.0010058733247966787,4.9618611982855266e-05,0.0,130869.36007219933,6455.63992780065,137324.99999999997
wet_low_load,13240.0,0.8833231280180577,0.0012311881008121059,1.209080239899206e-16,4.396655417815294e-19,0.0010058733247966744,4.961861198285971e-05,0.0,130869.36007219879,6455.639927801229,137325.00000000003
wet_low_load,13250.0,0.8833231280181353,0.001231188100812111,1.184558636076194e-16,4.3074859493679777e-19,0.00100587332479667,4.961861198286407e-05,0.0,130869.36007219822,6455.639927801795,137325.00000000003
wet_low_load,13260.0,0.8833231280182113,0.001231188100812116,1.160519841033117e-16,4.2200721492113334e-19,0.0010058733247966657,4.961861198286834e-05,0.0,130869.36007219765,6455.639927802352,137325.00000000003
wet_low_load,13270.0,0.8833231280182857,0.001231188100812121,1.1370062064173375e-16,4.1345680233357723e-19,0.0010058733247966614,4.961861198287252e-05,0.0,130869.36007219709,6455.639927802896,137324.99999999997
wet_low_load,13280.0,0.8833231280183587,0.0012311881008121258,1.1139499695930755e-16,4.0507271621566373e-19,0.0010058733247966575,4.961861198287662e-05,0.0,130869.36007219658,6455.639927803429,137325.00000000003
wet_low_load,13290.0,0.8833231280184303,0.0012311881008121306,1.0913172492424406e-16,3.968426360881601e-19,0.0010058733247966536,4.9618611982880636e-05,0.0,130869.36007219608,6455.639927803952,137325.00000000003
wet_low_load,13300.0,0.8833231280185002,0.0012311881008121354,1.0692096893191033e-16,3.8880352338876473e-19,0.0010058733247966494,4.961861198288457e-05,0.0,130869.36007219553,6455.639927804463,137324.99999999997
wet_low_load,13310.0,0.8833231280185687,0.00123118810081214,1.0475595271872834e-16,3.8093073715901207e-19,0.0010058733247966455,4.9618611982888416e-05,0.0,130869.36007219502,6455.639927804963,137324.99999999997
wet_low_load,13320.0,0.8833231280186359,0.0012311881008121445,1.0263328815290906e-16,3.732119569196693e-19,0.0010058733247966416,4.961861198289219e-05,0.0,130869.36007219453,6455.639927805455,137324.99999999997
wet_low_load,13330.0,0.8833231280187018,0.0012311881008121488,1.0054874006971623e-16,3.656317820716953e-19,0.0010058733247966382,4.961861198289589e-05,0.0,130869.36007219406,6455.639927805935,137325.00000000003
wet_low_load,13340.0,0.8833231280187663,0.0012311881008121531,9.850993176567513e-17,3.582179336933641e-19,0.0010058733247966345,4.9618611982899515e-05,0.0,130869.36007219358,6455.639927806406,137324.99999999997
wet_low_load,13350.0,0.8833231280188295,0.0012311881008121573,9.651347510899674e-17,3.5095809130544264e-19,0.001005873324796631,4.9618611982903066e-05,0.0,130869.36007219316,6455.639927806868,137325.00000000003
wet_low_load,13360.0,0.8833231280188915,0.0012311881008121614,9.45551349349448e-17,3.4383685430889014e-19,0.0010058733247966275,4.961861198290654e-05,0.0,130869.36007219269,6455.639927807321,137325.00000000003
wet_low_load,13370.0,0.8833231280189521,0.0012311881008121655,9.263914640825557e-17,3.368696233027475e-19,0.001005873324796624,4.961861198290995e-05,0.0,130869.36007219223,6455.639927807765,137324.99999999997
wet_low_load,13380.0,0.8833231280190116,0.0012311881008121694,9.075873326535103e-17,3.3003175732854914e-19,0.0010058733247966206,4.961861198291329e-05,0.0,130869.3600721918,6455.6399278082,137324.99999999997
wet_low_load,13390.0,0.8833231280190699,0.0012311881008121733,8.891643660507292e-17,3.233324967457197e-19,0.0010058733247966173,4.9618611982916564e-05,0.0,130869.36007219135,6455.6399278086255,137324.99999999997
wet_low_load,13400.0,0.8833231280191269,0.0012311881008121772,8.711310346036852e-17,3.167749216740673e-19,0.001005873324796614,4.961861198291977e-05,0.0,130869.36007219096,6455.639927809042,137324.99999999997
wet_low_load,13410.0,0.8833231280191828,0.001231188100812181,8.534788679829056e-17,3.1035595199378377e-19,0.001005873324796611,4.961861198292291e-05,0.0,130869.36007219054,6455.6399278094505,137324.99999999997
wet_low_load,13420.0,0.8833231280192375,0.0012311881008121846,8.361739848705002e-17,3.040632672256364e-19,0.001005873324796608,4.961861198292598e-05,0.0,130869.36007219016,6455.6399278098515,137324.99999999997
wet_low_load,13430.0,0.8833231280192912,0.001231188100812188,8.191909742780515e-17,2.978876270102005e-19,0.001005873324796605,4.9618611982929e-05,0.0,130869.36007218975,6455.6399278102435,137324.99999999997
wet_low_load,13440.0,0.8833231280193438,0.0012311881008121915,8.025975988413397e-17,2.918536723059417e-19,0.0010058733247966022,4.961861198293195e-05,0.0,130869.36007218937,6455.639927810628,137325.00000000003
wet_low_load,13450.0,0.8833231280193953,0.001231188100812195,7.863176255951121e-17,2.8593368203458616e-19,0.0010058733247965991,4.9618611982934847e-05,0.0,130869.360072189,6455.639927811003,137324.99999999997
wet_low_load,13460.0,0.8833231280194459,0.0012311881008121985,7.703171732214784e-17,2.8011533571690116e-19,0.0010058733247965963,4.9618611982937686e-05,0.0,130869.36007218862,6455.639927811373,137324.99999999997
wet_low_load,13470.0,0.8833231280194953,0.0012311881008122017,7.54697885674109e-17,2.7443559479058507e-19,0.0010058733247965935,4.9618611982940464e-05,0.0,130869.36007218827,6455.639927811734,137324.99999999997
wet_low_load,13480.0,0.8833231280195436,0.001231188100812205,7.394343519645866e-17,2.688852188962133e-19,0.0010058733247965909,4.9618611982943175e-05,0.0,130869.36007218792,6455.639927812088,137325.00000000003
wet_low_load,13490.0,0.883323128019591,0.001231188100812208,7.24450339127658e-17,2.6343648695551194e-19,0.0010058733247965883,4.961861198294584e-05,0.0,130869.36007218758,6455.639927812434,137325.00000000003
wet_low_load,13500.0,0.8833231280196374,0.0012311881008122113,7.097797284812135e-17,2.58101719447714e-19,0.0010058733247965855,4.9618611982948447e-05,0.0,130869.3600721872,6455.639927812774,137324.99999999997
wet_low_load,13510.0,0.883323128019683,0.0012311881008122143,6.953632277189453e-17,2.528593555341619e-19,0.0010058733247965829,4.961861198295101e-05,0.0,130869.36007218687,6455.639927813107,137324.99999999997
wet_low_load,13520.0,0.8833231280197277,0.0012311881008122171,6.812516588176887e-17,2.4772787593370495e-19,0.0010058733247965805,4.9618611982953515e-05,0.0,130869.36007218658,6455.639927813433,137324.99999999997
wet_low_load,13530.0,0.8833231280197712,0.0012311881008122201,6.674958437542788e-17,2.4272576136519226e-19,0.001005873324796578,4.961861198295596e-05,0.0,130869.36007218625,6455.639927813751,137325.00000000003
wet_low_load,13540.0,0.883323128019814,0.001231188100812223,6.539517869276826e-17,2.3780064979188453e-19,0.0010058733247965757,4.961861198295837e-05,0.0,130869.36007218595,6455.639927814064,137325.00000000003
wet_low_load,13550.0,0.8833231280198561,0.0012311881008122258,6.4065336965579e-17,2.3296486169301454e-19,0.0010058733247965733,4.961861198296073e-05,0.0,130869.36007218562,6455.639927814373,137325.00000000003
wet_low_load,13560.0,0.8833231280198971,0.0012311881008122284,6.277022358922718e-17,2.2825535850628063e-19,0.001005873324796571,4.9618611982963036e-05,0.0,130869.36007218534,6455.639927814672,137324.99999999997
wet_low_load,13570.0,0.8833231280199373,0.0012311881008122312,6.150052120129298e-17,2.236382589137926e-19,0.0010058733247965688,4.961861198296529e-05,0.0,130869.36007218502,6455.639927814965,137325.00000000003
wet_low_load,13580.0,0.8833231280199769,0.0012311881008122338,6.024775947230387e-17,2.190827617174686e-19,0.0010058733247965664,4.9618611982967515e-05,0.0,130869.36007218473,6455.639927815254,137324.99999999997
wet_low_load,13590.0,0.8833231280200154,0.0012311881008122364,5.902972609415219e-17,2.1465354943328068e-19,0.0010058733247965644,4.961861198296968e-05,0.0,130869.3600721845,6455.639927815537,137325.00000000003
wet_low_load,13600.0,0.8833231280200532,0.001231188100812239,5.783710370441814e-17,2.1031674074333864e-19,0.001005873324796562,4.9618611982971804e-05,0.0,130869.36007218416,6455.639927815813,137324.99999999997
wet_low_load,13610.0,0.8833231280200905,0.0012311881008122414,5.665803384184015e-17,2.0602921397032778e-19,0.00100587332479656,4.96186119829739e-05,0.0,130869.36007218392,6455.639927816085,137324.99999999997
wet_low_load,13620.0,0.8833231280201267,0.0012311881008122438,5.551369233009959e-17,2.0186797210945305e-19,0.0010058733247965581,4.961861198297593e-05,0.0,130869.36007218366,6455.63992781635,137325.00000000003
wet_low_load,13630.0,0.8833231280201623,0.0012311881008122462,5.438713851025137e-17,1.9777141276455042e-19,0.001005873324796556,4.961861198297793e-05,0.0,130869.36007218338,6455.63992781661,137324.99999999997
wet_low_load,13640.0,0.8833231280201973,0.0012311881008122486,5.328260754703176e-17,1.9375493653466094e-19,0.001005873324796554,4.9618611982979895e-05,0.0,130869.36007218313,6455.639927816865,137324.99999999997
wet_low_load,13650.0,0.8833231280202313,0.0012311881008122507,5.220856976991331e-17,1.8984934461786655e-19,0.0010058733247965523,4.9618611982981806e-05,0.0,130869.3600721829,6455.639927817114,137325.00000000003
wet_low_load,13660.0,0.883323128020265,0.001231188100812253,5.114130825637289e-17,1.8596839365953777e-19,0.0010058733247965501,4.9618611982983703e-05,0.0,130869.36007218261,6455.63992781736,137324.99999999997
wet_low_load,13670.0,0.8833231280202977,0.0012311881008122553,5.011046915956441e-17,1.8221988785296146e-19,0.0010058733247965484,4.961861198298553e-05,0.0,130869.3600721824,6455.639927817598,137324.99999999997
wet_low_load,13680.0,0.88332312802033,0.0012311881008122574,4.908894742517572e-17,1.7850526336427533e-19,0.0010058733247965467,4.961861198298735e-05,0.0,130869.36007218216,6455.639927817835,137324.99999999997
wet_low_load,13690.0,0.8833231280203613,0.0012311881008122594,4.80996129427827e-17,1.749076834283007e-19,0.001005873324796545,4.961861198298911e-05,0.0,130869.36007218194,6455.639927818064,137325.00000000003
wet_low_load,13700.0,0.8833231280203923,0.0012311881008122616,4.712044285575673e-17,1.7134706493002446e-19,0.001005873324796543,4.9618611982990846e-05,0.0,130869.36007218169,6455.63992781829,137324.99999999997
wet_low_load,13710.0,0.8833231280204223,0.0012311881008122635,4.616922485599015e-17,1.678880903854187e-19,0.0010058733247965415,4.961861198299254e-05,0.0,130869.36007218147,6455.63992781851,137324.99999999997
wet_low_load,13720.0,0.8833231280204521,0.0012311881008122655,4.5229018284537875e-17,1.6446915739831953e-19,0.0010058733247965397,4.961861198299421e-05,0.0,130869.36007218125,6455.639927818727,137324.99999999997
wet_low_load,13730.0,0.883323128020481,0.0012311881008122674,4.4316763800344994e-17,1.6115186836489086e-19,0.0010058733247965382,4.961861198299583e-05,0.0,130869.36007218108,6455.639927818938,137325.00000000003
wet_low_load,13740.0,0.8833231280205095,0.0012311881008122694,4.3414673711519164e-17,1.5787154076916057e-19,0.0010058733247965365,4.961861198299743e-05,0.0,130869.36007218085,6455.639927819147,137324.99999999997
wet_low_load,13750.0,0.8833231280205373,0.001231188100812271,4.253714757816371e-17,1.5468053664786802e-19,0.001005873324796535,4.961861198299899e-05,0.0,130869.36007218063,6455.63992781935,137324.99999999997
wet_low_load,13760.0,0.8833231280205646,0.001231188100812273,4.1674021004911577e-17,1.5154189456331482e-19,0.0010058733247965334,4.961861198300053e-05,0.0,130869.36007218045,6455.639927819549,137324.99999999997
wet_low_load,13770.0,0.8833231280205911,0.0012311881008122748,4.083545838712982e-17,1.4849257595319932e-19,0.001005873324796532,4.961861198300202e-05,0.0,130869.36007218025,6455.639927819743,137324.99999999997
wet_low_load,13780.0,0.8833231280206176,0.0012311881008122765,3.999689576934806e-17,1.4544325734308385e-19,0.0010058733247965304,4.961861198300351e-05,0.0,130869.36007218003,6455.639927819938,137324.99999999997
wet_low_load,13790.0,0.8833231280206431,0.0012311881008122783,3.919306150240373e-17,1.4252022364510447e-19,0.001005873324796529,4.9618611983004933e-05,0.0,130869.36007217987,6455.6399278201225,137325.00000000003
wet_low_load,13800.0,0.8833231280206684,0.00123118810081228,3.839346240019567e-17,1.3961259054616607e-19,0.0010058733247965276,4.9618611983006357e-05,0.0,130869.36007217967,6455.639927820308,137324.99999999997
wet_low_load,13810.0,0.8833231280206928,0.0012311881008122815,3.7621815385247004e-17,1.3680660140089819e-19,0.001005873324796526,4.961861198300773e-05,0.0,130869.3600721795,6455.639927820487,137324.99999999994
wet_low_load,13820.0,0.883323128020717,0.0012311881008122832,3.6856097600929116e-17,1.3402217309428767e-19,0.001005873324796525,4.961861198300909e-05,0.0,130869.36007217932,6455.639927820664,137325.00000000003
wet_low_load,13830.0,0.8833231280207408,0.0012311881008122848,3.6105626409661806e-17,1.3129318694422472e-19,0.0010058733247965237,4.961861198301042e-05,0.0,130869.36007217916,6455.639927820836,137325.00000000003
wet_low_load,13840.0,0.8833231280207636,0.0012311881008122863,3.5382260272706634e-17,1.286627646280241e-19,0.0010058733247965224,4.961861198301171e-05,0.0,130869.36007217901,6455.639927821005,137325.00000000003
wet_low_load,13850.0,0.8833231280207866,0.0012311881008122878,3.46563530369097e-17,1.260231019523989e-19,0.001005873324796521,4.9618611983013e-05,0.0,130869.36007217882,6455.639927821173,137325.00000000003
wet_low_load,13860.0,0.8833231280208086,0.0012311881008122893,3.396178602016117e-17,1.2349740370967697e-19,0.0010058733247965196,4.961861198301424e-05,0.0,130869.36007217864,6455.639927821334,137324.99999999994
wet_low_load,13870.0,0.8833231280208304,0.0012311881008122908,3.327399526699068e-17,1.2099634642542063e-19,0.0010058733247965185,4.961861198301546e-05,0.0,130869.3600721785,6455.639927821492,137324.99999999997
wet_low_load,13880.0,0.8833231280208521,0.0012311881008122921,3.258620451382019e-17,1.184952891411643e-19,0.0010058733247965172,4.961861198301668e-05,0.0,130869.36007217832,6455.63992782165,137324.99999999997
wet_low_load,13890.0,0.8833231280208725,0.0012311881008122937,3.193991837506516e-17,1.1614515772750964e-19,0.0010058733247965163,4.961861198301783e-05,0.0,130869.36007217821,6455.639927821801,137325.00000000003
wet_low_load,13900.0,0.8833231280208931,0.001231188100812295,3.1291091137468363e-17,1.137857859544304e-19,0.001005873324796515,4.961861198301898e-05,0.0,130869.36007217805,6455.63992782195,137324.99999999997
wet_low_load,13910.0,0.8833231280209135,0.0012311881008122963,3.0645652031660586e-17,1.1143873466058393e-19,0.001005873324796514,4.9618611983020126e-05,0.0,130869.3600721779,6455.6399278221,137325.00000000003
wet_low_load,13920.0,0.8833231280209328,0.0012311881008122976,3.0034941276690236e-17,1.0921796827887356e-19,0.0010058733247965128,4.961861198302121e-05,0.0,130869.36007217776,6455.63992782224,137325.00000000003
wet_low_load,13930.0,0.883323128020952,0.0012311881008122989,2.94276186535089e-17,1.0700952237639598e-19,0.0010058733247965115,4.9618611983022294e-05,0.0,130869.36007217759,6455.639927822382,137324.99999999997
wet_low_load,13940.0,0.8833231280209712,0.0012311881008123002,2.8821143063274823e-17,1.0480415659372662e-19,0.0010058733247965107,4.961861198302337e-05,0.0,130869.36007217747,6455.639927822522,137325.00000000003
wet_low_load,13950.0,0.8833231280209893,0.0012311881008123012,2.8248548790930916e-17,1.0272199560338513e-19,0.0010058733247965096,4.961861198302439e-05,0.0,130869.36007217734,6455.639927822654,137324.99999999997
wet_low_load,13960.0,0.8833231280210074,0.0012311881008123025,2.7676801551534264e-17,1.0064291473285185e-19,0.0010058733247965085,4.9618611983025405e-05,0.0,130869.3600721772,6455.639927822786,137324.99999999997
wet_low_load,13970.0,0.8833231280210255,0.0012311881008123038,2.710505431213761e-17,9.856383386231858e-20,0.0010058733247965076,4.961861198302642e-05,0.0,130869.36007217708,6455.639927822918,137325.00000000003
wet_low_load,13980.0,0.8833231280210426,0.001231188100812305,2.6564647291789367e-17,9.65987174246886e-20,0.0010058733247965068,4.961861198302738e-05,0.0,130869.36007217696,6455.639927823044,137325.00000000003
wet_low_load,13990.0,0.8833231280210596,0.001231188100812306,2.602762840323014e-17,9.464592146629141e-20,0.0010058733247965057,4.961861198302833e-05,0.0,130869.36007217683,6455.6399278231665,137324.99999999997
wet_low_load,14000.0,0.8833231280210765,0.001231188100812307,2.5493997646459932e-17,9.270544598712702e-20,0.0010058733247965048,4.961861198302928e-05,0.0,130869.36007217673,6455.63992782329,137325.00000000003
wet_low_load,14010.0,0.8833231280210929,0.0012311881008123082,2.4974766449793045e-17,9.081733254470197e-20,0.0010058733247965037,4.961861198303021e-05,0.0,130869.36007217658,6455.639927823411,137324.99999999997
wet_low_load,14020.0,0.8833231280211087,0.0012311881008123093,2.4476711076807517e-17,8.900622209748187e-20,0.0010058733247965029,4.961861198303109e-05,0.0,130869.36007217645,6455.639927823527,137324.99999999997
wet_low_load,14030.0,0.8833231280211243,0.0012311881008123104,2.3982043835611006e-17,8.720743212949455e-20,0.001005873324796502,4.961861198303197e-05,0.0,130869.36007217635,6455.63992782364,137324.99999999997
wet_low_load,14040.0,0.88332312802114,0.0012311881008123114,2.3487376594414494e-17,8.540864216150725e-20,0.0010058733247965011,4.961861198303285e-05,0.0,130869.36007217623,6455.639927823755,137324.99999999997
wet_low_load,14050.0,0.883323128021155,0.0012311881008123123,2.3013038143952086e-17,8.368377506891666e-20,0.0010058733247965003,4.961861198303369e-05,0.0,130869.36007217612,6455.639927823865,137324.99999999997
wet_low_load,14060.0,0.8833231280211694,0.0012311881008123134,2.2557334418329272e-17,8.202667061210644e-20,0.0010058733247964996,4.9618611983034505e-05,0.0,130869.36007217606,6455.6399278239705,137325.00000000003
wet_low_load,14070.0,0.883323128021184,0.0012311881008123143,2.2097395527970187e-17,8.035416555625522e-20,0.0010058733247964987,4.961861198303532e-05,0.0,130869.36007217594,6455.639927824076,137325.00000000003
wet_low_load,14080.0,0.8833231280211984,0.0012311881008123153,2.164084476940012e-17,7.869398097963679e-20,0.0010058733247964979,4.961861198303613e-05,0.0,130869.36007217583,6455.6399278241815,137324.99999999997
wet_low_load,14090.0,0.8833231280212123,0.0012311881008123162,2.1202928735669646e-17,7.71015590387987e-20,0.001005873324796497,4.961861198303691e-05,0.0,130869.3600721757,6455.6399278242825,137324.99999999997
wet_low_load,14100.0,0.8833231280212256,0.001231188100812317,2.078195336088426e-17,7.557073949412457e-20,0.0010058733247964963,4.9618611983037656e-05,0.0,130869.36007217561,6455.63992782438,137324.99999999997
wet_low_load,14110.0,0.8833231280212388,0.001231188100812318,2.036436611788789e-17,7.405224042868322e-20,0.0010058733247964955,4.96186119830384e-05,0.0,130869.3600721755,6455.639927824477,137324.99999999997
wet_low_load,14120.0,0.8833231280212521,0.0012311881008123188,1.9942543710155247e-17,7.25183407642009e-20,0.0010058733247964948,4.961861198303915e-05,0.0,130869.3600721754,6455.639927824574,137324.99999999997
wet_low_load,14130.0,0.8833231280212653,0.0012311881008123197,1.9524956467158877e-17,7.099984169875955e-20,0.001005873324796494,4.961861198303989e-05,0.0,130869.36007217532,6455.639927824671,137324.99999999997
wet_low_load,14140.0,0.8833231280212774,0.0012311881008123205,1.9142944607947188e-17,6.961070766526249e-20,0.0010058733247964933,4.961861198304057e-05,0.0,130869.36007217523,6455.63992782476,137324.99999999997
wet_low_load,14150.0,0.8833231280212894,0.0012311881008123214,1.876347384757726e-17,6.823081399119002e-20,0.0010058733247964929,4.961861198304125e-05,0.0,130869.36007217517,6455.639927824847,137325.00000000003
wet_low_load,14160.0,0.8833231280213015,0.001231188100812322,1.8381461988365572e-17,6.684167995769297e-20,0.0010058733247964922,4.9618611983041925e-05,0.0,130869.3600721751,6455.639927824936,137325.00000000003
wet_low_load,14170.0,0.8833231280213136,0.001231188100812323,1.7998603096206628e-17,6.544946580438774e-20,0.0010058733247964916,4.96186119830426e-05,0.0,130869.36007217498,6455.639927825024,137325.00000000003
wet_low_load,14180.0,0.8833231280213254,0.0012311881008123238,1.762675563236199e-17,6.409729320858904e-20,0.0010058733247964907,4.961861198304327e-05,0.0,130869.36007217488,6455.63992782511,137324.99999999997
wet_low_load,14190.0,0.8833231280213363,0.0012311881008123244,1.7282860255776744e-17,6.284676456646088e-20,0.00100587332479649,4.961861198304388e-05,0.0,130869.3600721748,6455.639927825189,137324.99999999997
wet_low_load,14200.0,0.8833231280213472,0.0012311881008123253,1.6938964879191498e-17,6.159623592433271e-20,0.0010058733247964896,4.9618611983044487e-05,0.0,130869.36007217475,6455.639927825268,137325.00000000003
wet_low_load,14210.0,0.883323128021358,0.001231188100812326,1.6595069502606252e-17,6.034570728220455e-20,0.001005873324796489,4.9618611983045096e-05,0.0,130869.36007217466,6455.639927825348,137325.00000000003
wet_low_load,14220.0,0.8833231280213688,0.0012311881008123266,1.6254562257810024e-17,5.910749911930916e-20,0.0010058733247964883,4.9618611983045706e-05,0.0,130869.36007217459,6455.639927825428,137325.00000000003
wet_low_load,14230.0,0.8833231280213797,0.0012311881008123275,1.5910666881224778e-17,5.7856970477181e-20,0.0010058733247964875,4.9618611983046316e-05,0.0,130869.36007217447,6455.639927825507,137324.99999999994
wet_low_load,14240.0,0.8833231280213897,0.0012311881008123281,1.5595570624846178e-17,5.671116590853154e-20,0.001005873324796487,4.961861198304688e-05,0.0,130869.36007217442,6455.63992782558,137324.99999999997
wet_low_load,14250.0,0.8833231280213993,0.0012311881008123288,1.5289791730887375e-17,5.559924265777226e-20,0.0010058733247964866,4.961861198304742e-05,0.0,130869.36007217437,6455.6399278256495,137324.99999999997
wet_low_load,14260.0,0.883323128021409,0.0012311881008123294,1.4984859869875827e-17,5.449039952682118e-20,0.001005873324796486,4.961861198304796e-05,0.0,130869.36007217426,6455.639927825722,137324.99999999997
wet_low_load,14270.0,0.8833231280214187,0.00123118810081233,1.4679080975917025e-17,5.33784762760619e-20,0.0010058733247964855,4.9618611983048505e-05,0.0,130869.3600721742,6455.639927825791,137324.99999999997
wet_low_load,14280.0,0.8833231280214283,0.0012311881008123305,1.4374149114905477e-17,5.2269633145110814e-20,0.001005873324796485,4.961861198304905e-05,0.0,130869.36007217415,6455.639927825862,137325.00000000003
wet_low_load,14290.0,0.883323128021438,0.0012311881008123312,1.4068370220946674e-17,5.115770989435153e-20,0.0010058733247964844,4.961861198304959e-05,0.0,130869.36007217405,6455.639927825932,137324.99999999997
wet_low_load,14300.0,0.8833231280214469,0.0012311881008123318,1.3788002315405501e-17,5.013819023783818e-20,0.001005873324796484,4.961861198305009e-05,0.0,130869.36007217401,6455.639927825998,137325.00000000003
wet_low_load,14310.0,0.8833231280214554,0.0012311881008123325,1.3517798805231379e-17,4.9155632019023196e-20,0.0010058733247964833,4.9618611983050565e-05,0.0,130869.36007217392,6455.639927826061,137324.99999999997
wet_low_load,14320.0,0.8833231280214638,0.001231188100812333,1.3250983426846275e-17,4.818539427944099e-20,0.001005873324796483,4.961861198305104e-05,0.0,130869.36007217388,6455.6399278261215,137324.99999999997
wet_low_load,14330.0,0.8833231280214723,0.0012311881008123336,1.298416804846117e-17,4.7215156539858794e-20,0.0010058733247964825,4.9618611983051514e-05,0.0,130869.36007217382,6455.639927826182,137324.99999999997
wet_low_load,14340.0,0.8833231280214807,0.0012311881008123342,1.271819970302332e-17,4.6247998920084794e-20,0.001005873324796482,4.961861198305199e-05,0.0,130869.36007217377,6455.639927826245,137325.00000000003
wet_low_load,14350.0,0.8833231280214892,0.0012311881008123346,1.2451384324638215e-17,4.527776118050259e-20,0.0010058733247964814,4.961861198305246e-05,0.0,130869.36007217367,6455.639927826306,137324.99999999997
wet_low_load,14360.0,0.8833231280214976,0.0012311881008123353,1.218456894625311e-17,4.430752344092039e-20,0.0010058733247964812,4.9618611983052937e-05,0.0,130869.36007217366,6455.639927826367,137325.00000000003
wet_low_load,14370.0,0.8833231280215051,0.0012311881008123357,1.1945705655127398e-17,4.343892965500871e-20,0.0010058733247964805,4.9618611983053363e-05,0.0,130869.36007217354,6455.639927826424,137324.99999999997
wet_low_load,14380.0,0.8833231280215124,0.0012311881008123362,1.1717853792315991e-17,4.2610377426603597e-20,0.0010058733247964803,4.961861198305377e-05,0.0,130869.36007217353,6455.639927826477,137325.00000000003
wet_low_load,14390.0,0.8833231280215197,0.0012311881008123368,1.1485766764768313e-17,4.176642459915749e-20,0.0010058733247964799,4.9618611983054177e-05,0.0,130869.36007217345,6455.63992782653,137325.00000000003
wet_low_load,14400.0,0.8833231280215269,0.0012311881008123372,1.1257914901956906e-17,4.0937872370752377e-20,0.0010058733247964794,4.961861198305458e-05,0.0,130869.36007217341,6455.639927826583,137324.99999999997
wet_low_load,14410.0,0.8833231280215341,0.0012311881008123377,1.1030063039145499e-17,4.010932014234726e-20,0.001005873324796479,4.961861198305499e-05,0.0,130869.36007217337,6455.639927826635,137324.99999999997
wet_low_load,14420.0,0.8833231280215413,0.0012311881008123381,1.0802211176334092e-17,3.928076791394215e-20,0.0010058733247964786,4.9618611983055396e-05,0.0,130869.36007217331,6455.639927826689,137324.99999999997
wet_low_load,14430.0,0.8833231280215486,0.0012311881008123385,1.0573512280575431e-17,3.844913556572883e-20,0.0010058733247964781,4.96186119830558e-05,0.0,130869.36007217325,6455.639927826741,137324.99999999997
wet_low_load,14440.0,0.8833231280215559,0.0012311881008123392,1.0342272285975007e-17,3.760826285809093e-20,0.001005873324796478,4.961861198305621e-05,0.0,130869.36007217321,6455.639927826794,137325.00000000003
wet_low_load,14450.0,0.8833231280215624,0.0012311881008123396,1.0134749213897704e-17,3.685363350508256e-20,0.0010058733247964775,4.961861198305658e-05,0.0,130869.36007217316,6455.639927826843,137325.00000000003
wet_low_load,14460.0,0.8833231280215685,0.00123118810081234,9.942472734870977e-18,3.615444630862173e-20,0.001005873324796477,4.961861198305692e-05,0.0,130869.36007217312,6455.639927826887,137324.99999999997
wet_low_load,14470.0,0.8833231280215745,0.0012311881008123403,9.752737354686014e-18,3.5464499471585504e-20,0.0010058733247964766,4.961861198305726e-05,0.0,130869.36007217306,6455.639927826931,137324.99999999997
wet_low_load,14480.0,0.8833231280215805,0.0012311881008123407,9.563001974501051e-18,3.477455263454927e-20,0.0010058733247964764,4.96186119830576e-05,0.0,130869.36007217303,6455.639927826975,137324.99999999997
wet_low_load,14490.0,0.8833231280215866,0.0012311881008123411,9.36987846252707e-18,3.407228531828025e-20,0.001005873324796476,4.961861198305794e-05,0.0,130869.36007217297,6455.639927827018,137324.99999999997
wet_low_load,14500.0,0.8833231280215926,0.0012311881008123416,9.180990115289361e-18,3.3385418601052217e-20,0.0010058733247964755,4.9618611983058276e-05,0.0,130869.36007217293,6455.639927827063,137324.99999999994
wet_low_load,14510.0,0.8833231280215986,0.001231188100812342,8.991254735104398e-18,3.269547176401599e-20,0.0010058733247964753,4.9618611983058615e-05,0.0,130869.36007217289,6455.6399278271065,137324.99999999997
wet_low_load,14520.0,0.8833231280216047,0.0012311881008123424,8.798131223130418e-18,3.199320444774697e-20,0.0010058733247964749,4.9618611983058954e-05,0.0,130869.36007217281,6455.639927827151,137324.99999999997
wet_low_load,14530.0,0.8833231280216107,0.0012311881008123429,8.608395842945454e-18,3.130325761071074e-20,0.0010058733247964747,4.961861198305929e-05,0.0,130869.36007217279,6455.639927827194,137324.99999999997
wet_low_load,14540.0,0.8833231280216167,0.001231188100812343,8.419507495707745e-18,3.0616390893482707e-20,0.0010058733247964742,4.961861198305963e-05,0.0,130869.36007217273,6455.639927827238,137324.99999999997
wet_low_load,14550.0,0.8833231280216218,0.0012311881008123435,8.257724202782174e-18,3.002808801011699e-20,0.001005873324796474,4.9618611983059916e-05,0.0,130869.3600721727,6455.639927827277,137324.99999999997
wet_low_load,14560.0,0.8833231280216266,0.0012311881008123437,8.106952338170909e-18,2.9479826684257844e-20,0.0010058733247964738,4.961861198306019e-05,0.0,130869.36007217268,6455.639927827312,137324.99999999997
wet_low_load,14570.0,0.8833231280216315,0.0012311881008123442,7.952792341770626e-18,2.891924487916591e-20,0.0010058733247964736,4.961861198306046e-05,0.0,130869.36007217265,6455.639927827347,137325.00000000003
wet_low_load,14580.0,0.8833231280216363,0.0012311881008123444,7.80202047715936e-18,2.8370983553306763e-20,0.0010058733247964731,4.961861198306073e-05,0.0,130869.3600721726,6455.639927827383,137324.99999999997
wet_low_load,14590.0,0.8833231280216411,0.0012311881008123448,7.647013447811823e-18,2.7807321628406624e-20,0.0010058733247964731,4.9618611983061e-05,0.0,130869.3600721726,6455.6399278274175,137325.00000000003
wet_low_load,14600.0,0.8833231280216459,0.001231188100812345,7.496241583200558e-18,2.725906030254748e-20,0.0010058733247964727,4.961861198306127e-05,0.0,130869.36007217255,6455.639927827452,137324.99999999997
wet_low_load,14610.0,0.8833231280216508,0.0012311881008123455,7.342081586800275e-18,2.6698478497455546e-20,0.0010058733247964723,4.961861198306154e-05,0.0,130869.36007217248,6455.639927827487,137324.99999999997
wet_low_load,14620.0,0.8833231280216556,0.0012311881008123457,7.19130972218901e-18,2.6150217171596395e-20,0.0010058733247964723,4.9618611983061813e-05,0.0,130869.36007217248,6455.639927827523,137325.00000000003
wet_low_load,14630.0,0.8833231280216605,0.0012311881008123461,7.036302692841473e-18,2.5586555246696262e-20,0.0010058733247964718,4.9618611983062085e-05,0.0,130869.36007217244,6455.639927827559,137324.99999999997
wet_low_load,14640.0,0.8833231280216652,0.0012311881008123463,6.8855308282302075e-18,2.5038293920837114e-20,0.0010058733247964716,4.9618611983062356e-05,0.0,130869.3600721724,6455.639927827594,137324.99999999997
wet_low_load,14650.0,0.8833231280216701,0.0012311881008123468,6.731370831829925e-18,2.4477712115745175e-20,0.0010058733247964714,4.9618611983062627e-05,0.0,130869.36007217239,6455.6399278276285,137325.00000000003
wet_low_load,14660.0,0.8833231280216749,0.001231188100812347,6.580598967218659e-18,2.392945078988603e-20,0.001005873324796471,4.96186119830629e-05,0.0,130869.36007217232,6455.639927827663,137324.99999999997
wet_low_load,14670.0,0.883323128021679,0.0012311881008123474,6.451002926288751e-18,2.345819245923182e-20,0.0010058733247964708,4.961861198306313e-05,0.0,130869.3600721723,6455.639927827694,137324.99999999997
wet_low_load,14680.0,0.8833231280216827,0.0012311881008123476,6.334959412514912e-18,2.3036216045508768e-20,0.0010058733247964708,4.961861198306333e-05,0.0,130869.3600721723,6455.63992782772,137325.00000000003
wet_low_load,14690.0,0.8833231280216862,0.0012311881008123479,6.22230403053009e-18,2.262656011101851e-20,0.0010058733247964703,4.9618611983063535e-05,0.0,130869.36007217223,6455.639927827747,137324.99999999997
wet_low_load,14700.0,0.8833231280216899,0.001231188100812348,6.1071075497035054e-18,2.2207663817103654e-20,0.0010058733247964703,4.961861198306374e-05,0.0,130869.36007217223,6455.639927827773,137325.00000000003
wet_low_load,14710.0,0.8833231280216934,0.0012311881008123483,5.9944521677186835e-18,2.179800788261339e-20,0.0010058733247964701,4.961861198306394e-05,0.0,130869.36007217222,6455.6399278277995,137325.00000000003
wet_low_load,14720.0,0.8833231280216971,0.0012311881008123485,5.878408653944844e-18,2.1376031468890342e-20,0.00100587332479647,4.9618611983064144e-05,0.0,130869.36007217217,6455.639927827826,137325.00000000003
wet_low_load,14730.0,0.8833231280217008,0.0012311881008123487,5.7632121731182595e-18,2.0957135174975486e-20,0.0010058733247964697,4.961861198306435e-05,0.0,130869.36007217215,6455.639927827853,137325.00000000003
wet_low_load,14740.0,0.8833231280217043,0.001231188100812349,5.6505567911334376e-18,2.0547479240485224e-20,0.0010058733247964695,4.961861198306455e-05,0.0,130869.3600721721,6455.63992782788,137324.99999999997
wet_low_load,14750.0,0.883323128021708,0.0012311881008123492,5.5345132773595984e-18,2.0125502826762174e-20,0.0010058733247964692,4.9618611983064754e-05,0.0,130869.36007217209,6455.639927827906,137324.99999999997
wet_low_load,14760.0,0.8833231280217115,0.0012311881008123496,5.422704928322031e-18,1.971892701208011e-20,0.001005873324796469,4.961861198306496e-05,0.0,130869.36007217206,6455.639927827932,137324.99999999997
wet_low_load,14770.0,0.8833231280217152,0.0012311881008123498,5.306661414548192e-18,1.9296950598357057e-20,0.0010058733247964688,4.961861198306516e-05,0.0,130869.36007217204,6455.639927827959,137324.99999999997
wet_low_load,14780.0,0.8833231280217189,0.00123118810081235,5.1906179007743525e-18,1.8874974184634007e-20,0.0010058733247964686,4.9618611983065364e-05,0.0,130869.360072172,6455.639927827985,137324.99999999997
wet_low_load,14790.0,0.8833231280217224,0.0012311881008123503,5.078809551736785e-18,1.8468398369951943e-20,0.0010058733247964684,4.961861198306557e-05,0.0,130869.36007217197,6455.639927828011,137324.99999999997
wet_low_load,14800.0,0.8833231280217261,0.0012311881008123505,4.962766037962946e-18,1.804642195622889e-20,0.0010058733247964682,4.961861198306577e-05,0.0,130869.36007217194,6455.639927828038,137324.99999999997
wet_low_load,14810.0,0.8833231280217296,0.0012311881008123507,4.850110655978124e-18,1.7636766021738628e-20,0.0010058733247964682,4.9618611983065974e-05,0.0,130869.36007217194,6455.639927828064,137325.00000000003
wet_low_load,14820.0,0.8833231280217333,0.001231188100812351,4.734914175151539e-18,1.7217869727823775e-20,0.0010058733247964677,4.961861198306618e-05,0.0,130869.3600721719,6455.639927828091,137324.99999999997
wet_low_load,14830.0,0.8833231280217365,0.0012311881008123511,4.633270221481023e-18,1.6848255350840083e-20,0.0010058733247964675,4.961861198306636e-05,0.0,130869.36007217185,6455.639927828114,137324.99999999997
wet_low_load,14840.0,0.883323128021739,0.0012311881008123513,4.5561902232808815e-18,1.6567964448294114e-20,0.0010058733247964675,4.9618611983066496e-05,0.0,130869.36007217185,6455.639927828132,137324.99999999997
wet_low_load,14850.0,0.8833231280217414,0.0012311881008123516,4.478263192133486e-18,1.6284593425939947e-20,0.0010058733247964675,4.961861198306663e-05,0.0,130869.36007217185,6455.639927828151,137325.00000000003
wet_low_load,14860.0,0.8833231280217437,0.0012311881008123516,4.404571325722362e-18,1.6016623002626768e-20,0.001005873324796467,4.961861198306677e-05,0.0,130869.36007217181,6455.639927828169,137324.99999999997
wet_low_load,14870.0,0.8833231280217462,0.0012311881008123518,4.3274913275222204e-18,1.57363321000808e-20,0.001005873324796467,4.96186119830669e-05,0.0,130869.36007217181,6455.639927828185,137324.99999999997
wet_low_load,14880.0,0.8833231280217486,0.001231188100812352,4.250411329322079e-18,1.5456041197534832e-20,0.0010058733247964669,4.961861198306704e-05,0.0,130869.3600721718,6455.639927828203,137324.99999999997
wet_low_load,14890.0,0.8833231280217511,0.0012311881008123522,4.173331331121938e-18,1.5175750294988863e-20,0.0010058733247964666,4.9618611983067173e-05,0.0,130869.36007217175,6455.63992782822,137324.99999999997
wet_low_load,14900.0,0.8833231280217534,0.0012311881008123522,4.099639464710814e-18,1.4907779871675684e-20,0.0010058733247964666,4.961861198306731e-05,0.0,130869.36007217175,6455.639927828238,137324.99999999997
wet_low_load,14910.0,0.8833231280217558,0.0012311881008123524,4.022559466510672e-18,1.4627488969129715e-20,0.0010058733247964666,4.9618611983067445e-05,0.0,130869.36007217175,6455.639927828256,137325.00000000003
wet_low_load,14920.0,0.8833231280217583,0.0012311881008123526,3.945479468310531e-18,1.4347198066583748e-20,0.0010058733247964664,4.961861198306758e-05,0.0,130869.36007217172,6455.639927828272,137324.99999999997
wet_low_load,14930.0,0.8833231280217607,0.0012311881008123529,3.86839947011039e-18,1.406690716403778e-20,0.0010058733247964662,4.9618611983067716e-05,0.0,130869.36007217171,6455.639927828291,137324.99999999997
wet_low_load,14940.0,0.883323128021763,0.0012311881008123529,3.7947076036992655e-18,1.37989367407246e-20,0.0010058733247964662,4.961861198306785e-05,0.0,130869.36007217171,6455.639927828309,137325.00000000003
wet_low_load,14950.0,0.8833231280217655,0.001231188100812353,3.71678057255187e-18,1.3515565718370433e-20,0.001005873324796466,4.961861198306799e-05,0.0,130869.36007217168,6455.639927828327,137324.99999999997
wet_low_load,14960.0,0.8833231280217679,0.0012311881008123533,3.6397005743517286e-18,1.3235274815824466e-20,0.001005873324796466,4.961861198306812e-05,0.0,130869.36007217168,6455.639927828344,137325.00000000003
wet_low_load,14970.0,0.8833231280217704,0.0012311881008123535,3.562620576151587e-18,1.2954983913278496e-20,0.0010058733247964658,4.961861198306826e-05,0.0,130869.36007217166,6455.639927828362,137325.00000000003
wet_low_load,14980.0,0.8833231280217727,0.0012311881008123535,3.488928709740463e-18,1.2687013489965318e-20,0.0010058733247964656,4.961861198306839e-05,0.0,130869.36007217162,6455.63992782838,137324.99999999997
wet_low_load,14990.0,0.8833231280217752,0.0012311881008123537,3.4118487115403218e-18,1.240672258741935e-20,0.0010058733247964656,4.961861198306853e-05,0.0,130869.36007217162,6455.639927828397,137325.00000000003
wet_low_load,15000.0,0.8833231280217776,0.001231188100812354,3.3347687133401804e-18,1.212643168487338e-20,0.0010058733247964653,4.9618611983068664e-05,0.0,130869.36007217159,6455.639927828414,137324.99999999997
