regime,time_s,anode_relative_humidity,water_flux_lambda_m_s,water_source_mol_s,water_vapor_mol,liquid_water_mol
dry_high_load,0.0,0.0,3.3503839621021375e-06,1.2183214407644134e-08,0.0,0.0
dry_high_load,10.0,0.002156604611797221,3.3083195591102727e-06,1.2030252942219173e-08,1.211422230880663e-07,0.0
dry_high_load,20.0,0.004286132838764855,3.266783278870629e-06,1.1879211923165922e-08,2.4076349354833e-07,0.0
dry_high_load,30.0,0.006388924627600333,3.2257684907496635e-06,1.1730067239089684e-08,3.588829070919071e-07,0.0
dry_high_load,40.0,0.008465315656936572,3.1852686473620965e-06,1.1582795081316712e-08,4.75519319681366e-07,0.0
dry_high_load,50.0,0.010515637390927963,3.1452772835257187e-06,1.143737194009352e-08,5.906913505407947e-07,0.0
dry_high_load,60.0,0.012540217132163547,3.105788015229326e-06,1.1293774600833912e-08,7.044173851280759e-07,0.0
dry_high_load,70.0,0.014539378073915903,3.0667945386136067e-06,1.1151980140413113e-08,8.167155780698447e-07,0.0
dry_high_load,80.0,0.016513439351734008,3.0282906289648296e-06,1.101196592350847e-08,9.276038560595979e-07,0.0
dry_high_load,90.0,0.018462716094388366,2.990270139721161e-06,1.0873709598986039e-08,1.0370999207194174e-06,0.0
dry_high_load,100.0,0.02038751947417651,2.952727001491461e-06,1.0737189096332583e-08,1.1452212514257638e-06,0.0
dry_high_load,110.0,0.022288156756596893,2.9156552210863973e-06,1.0602382622132351e-08,1.2519851080997917e-06,0.0
dry_high_load,120.0,0.024164931349399177,2.879048880561725e-06,1.0469268656588088e-08,1.3574085339626346e-06,0.0
dry_high_load,130.0,0.02601814285101863,2.8429021362735747e-06,1.0337825950085725e-08,1.4615083582560936e-06,0.0
dry_high_load,140.0,0.02784808709840243,2.807209217945607e-06,1.0208033519802206e-08,1.5643011989291692e-06,0.0
dry_high_load,150.0,0.029655056214235555,2.7719644277478735e-06,1.0079870646355903e-08,1.6658034652908647e-06,0.0
dry_high_load,160.0,0.03143933865357367,2.737162139387246e-06,9.953316870499075e-09,1.7660313606296796e-06,0.0
dry_high_load,170.0,0.033201219249890626,2.702796797209265e-06,9.82835198985187e-09,1.86500088480022e-06,0.0
dry_high_load,180.0,0.034940979260547754,2.6688629153112637e-06,9.704956055677321e-09,1.9627278367773306e-06,0.0
dry_high_load,190.0,0.03665889641169229,2.635355076666627e-06,9.583109369696825e-09,2.0592278171781583e-06,0.0
dry_high_load,200.0,0.03835524494259216,2.6022679322600474e-06,9.462792480945625e-09,2.1545162307525554e-06,0.0
dry_high_load,210.0,0.040030295649414085,2.5695962002336347e-06,9.343986182667762e-09,2.2486082888422116e-06,0.0
dry_high_load,220.0,0.04168431592845204,2.5373346650437472e-06,9.226671509249989e-09,2.3415190118089126e-06,0.0
dry_high_load,230.0,0.043317569818813,2.5054781766284133e-06,9.11082973319423e-09,2.433263231432312e-06,0.0
dry_high_load,240.0,0.04493031804456677,2.474021649585198e-06,8.996442362127993e-09,2.523855593277598e-06,0.0
dry_high_load,250.0,0.0465228180563666,2.4429600623594002e-06,8.883491135852364e-09,2.613310559033436e-06,0.0
dry_high_load,260.0,0.04809532407254722,2.4122884564424356e-06,8.771958023427038e-09,2.7016424088205545e-06,0.0
dry_high_load,270.0,0.04964808711970699,2.382001935580286e-06,8.661825220291949e-09,2.7888652434713513e-06,0.0
dry_high_load,280.0,0.05118135507278041,2.3520956649918894e-06,8.553075145425051e-09,2.8749929867808735e-06,0.0
dry_high_load,290.0,0.05269537269460757,2.322564870597339e-06,8.445690438535778e-09,2.96003938772954e-06,0.0
dry_high_load,300.0,0.05419038167500686,2.293404838255775e-06,8.339653957293725e-09,3.044018022677958e-06,0.0
dry_high_load,310.0,0.05566662066935699,2.2646109130128444e-06,8.23494877459216e-09,3.126942297534179e-06,0.0
dry_high_load,320.0,0.05712432533669473,2.2361784983576067e-06,8.13155817584584e-09,3.208825449893749e-06,0.0
dry_high_load,330.0,0.058563728377334284,2.2081030554887726e-06,8.029465656322807e-09,3.2896805511528915e-06,0.0
dry_high_load,340.0,0.059985059570014314,2.1803801025901528e-06,7.928654918509645e-09,3.369520508595151e-06,0.0
dry_high_load,350.0,0.06138854580857861,2.153005214115206e-06,7.829109869509839e-09,3.448358067451848e-06,0.0
dry_high_load,360.0,0.06277441113819625,2.125974020080566e-06,7.730814618474785e-09,3.526205812936657e-06,0.0
dry_high_load,370.0,0.06414287679112698,2.0992822053684416e-06,7.63375347406706e-09,3.60307617225465e-06,0.0
dry_high_load,380.0,0.06549416122203766,2.0729255090377728e-06,7.537910941955536e-09,3.6789814165861055e-06,0.0
dry_high_load,390.0,0.06682848014287504,2.046899723644038e-06,7.4432717223419546e-09,3.7539336630454154e-06,0.0
dry_high_load,400.0,0.06814604655730101,2.0212006945675985e-06,7.349820707518539e-09,3.827944876615398e-06,0.0
dry_high_load,410.0,0.06944707079469535,1.995824319350478e-06,7.257542979456282e-09,3.901026872057327e-06,0.0
dry_high_load,420.0,0.07073176054373168,1.9707665470414654e-06,7.16642380742351e-09,3.973191315796977e-06,0.0
dry_high_load,430.0,0.07200032088553163,1.946023377549445e-06,7.076448645634344e-09,4.044449727786988e-06,0.0
dry_high_load,440.0,0.07325295432640302,1.921590861004843e-06,6.987603130926701e-09,4.11481348334585e-06,0.0
dry_high_load,450.0,0.07448986083016691,1.8974650971290886e-06,6.899873080469413e-09,4.184293814973804e-06,0.0
dry_high_load,460.0,0.07571123785007881,1.8736422346119943e-06,6.813244489498161e-09,4.252901814145938e-06,0.0
dry_high_load,470.0,0.0769172803603489,1.8501184704969563e-06,6.727703529079839e-09,4.320648433082765e-06,0.0
dry_high_load,480.0,0.07810818088726686,1.826890049573867e-06,6.64323654390497e-09,4.387544486498585e-06,0.0
dry_high_load,490.0,0.07928412953993577,1.8039532637796536e-06,6.5598300501078305e-09,4.453600653327891e-06,0.0
dry_high_load,500.0,0.08044531404061994,1.781304451606345e-06,6.4774707331139815e-09,4.5188274784300875e-06,0.0
dry_high_load,510.0,0.08159191975471214,1.758939997516564e-06,6.396145445514777e-09,4.583235374272828e-06,0.0
dry_high_load,520.0,0.0827241297203242,1.7368563313663643e-06,6.315841204968597e-09,4.6468346225942e-06,0.0
dry_high_load,530.0,0.0838421246775063,1.715049927835311e-06,6.2365451921284025e-09,4.70963537604405e-06,0.0
dry_high_load,540.0,0.08494608309709935,1.693517305863718e-06,6.158244748595337e-09,4.771647659804698e-06,0.0
dry_high_load,550.0,0.08603618120922514,1.6722550280969476e-06,6.08092737489799e-09,4.832881373191303e-06,0.0
dry_high_load,560.0,0.08711259303141887,1.6512597003366906e-06,6.004580728497056e-09,4.893346291232147e-06,0.0
dry_high_load,570.0,0.08817549039640823,1.6305279709991352e-06,5.9291926218150365e-09,4.953052066229055e-06,0.0
dry_high_load,580.0,0.08922504297954403,1.610056530579936e-06,5.854751020290676e-09,5.012008229298249e-06,0.0
dry_high_load,590.0,0.09026141832588622,1.5898421111259032e-06,5.7812440404578296e-09,5.070224191891842e-06,0.0
dry_high_load,600.0,0.09128478187694987,1.569881485713323e-06,5.708659948048446e-09,5.12770924730023e-06,0.0
dry_high_load,610.0,0.09229529699711544,1.5501714679328295e-06,5.636987156119379e-09,5.184472572135628e-06,0.0
dry_high_load,620.0,0.09329312499970736,1.530708911380743e-06,5.566214223202701e-09,5.2405232277969705e-06,0.0
dry_high_load,630.0,0.09427842517274532,1.5114907091567927e-06,5.4963298514792456e-09,5.2958701619164355e-06,0.0
dry_high_load,640.0,0.09525135480437207,1.4925137933681502e-06,5.427322884975091e-09,5.350522209787786e-06,0.0
dry_high_load,650.0,0.09621206920796213,1.4737751346396854e-06,5.359182307780674e-09,5.404488095776798e-06,0.0
dry_high_load,660.0,0.09716072174691523,1.4552717416303733e-06,5.2918972422922655e-09,5.4577764347139695e-06,0.0
dry_high_load,670.0,0.09809746385913841,1.437000660555772e-06,5.225456947475534e-09,5.510395733269748e-06,0.0
dry_high_load,680.0,0.09902244508122071,1.4189589747164966e-06,5.159850817150896e-09,5.562354391312487e-06,0.0
dry_high_load,690.0,0.09993581307230451,1.401143804032613e-06,5.09506837830041e-09,5.613660703249363e-06,0.0
dry_high_load,700.0,0.10084008283676629,1.3923275881968959e-06,5.063009411625076e-09,5.664455943572498e-06,0.0
dry_high_load,710.0,0.10173905210651796,1.3842331094399158e-06,5.033574943417876e-09,5.7149534409949935e-06,0.0
dry_high_load,720.0,0.10263279510070138,1.376185688995148e-06,5.004311596345992e-09,5.7651573646036594e-06,0.0
dry_high_load,730.0,0.10352134220295396,1.368185053282932e-06,4.975218375574298e-09,5.815069421128306e-06,0.0
dry_high_load,740.0,0.1044047236202738,1.3602309303140994e-06,4.9462942920512695e-09,5.864691307376445e-06,0.0
dry_high_load,750.0,0.10528296938404672,1.3523230496807253e-06,4.917538362475364e-09,5.914024710290976e-06,0.0
dry_high_load,760.0,0.1061561093510671,1.3444611425469373e-06,4.888949609261589e-09,5.963071307007535e-06,0.0
dry_high_load,770.0,0.10702417320455301,1.336644941639775e-06,4.860527060508272e-09,6.011832764911514e-06,0.0
dry_high_load,780.0,0.10788719045515514,1.3288741812401052e-06,4.832269749964018e-09,6.060310741694735e-06,0.0
dry_high_load,790.0,0.1087451904419602,1.3211485971735873e-06,4.804176716994862e-09,6.108506885411815e-06,0.0
dry_high_load,800.0,0.10959820233348828,1.3134679268016925e-06,4.776247006551608e-09,6.15642283453619e-06,0.0
dry_high_load,810.0,0.11044625512868446,1.3058319090127759e-06,4.748479669137366e-09,6.204060218015816e-06,0.0
dry_high_load,820.0,0.11128937765790468,1.2982402842131988e-06,4.7208737607752674e-09,6.251420655328548e-06,0.0
dry_high_load,830.0,0.11212759858389576,1.2906927943185048e-06,4.693428342976381e-09,6.29850575653719e-06,0.0
dry_high_load,840.0,0.11296094640276995,1.283189182744645e-06,4.666142482707799e-09,6.345317122344239e-06,0.0
dry_high_load,850.0,0.11378944944497357,1.2757291943992557e-06,4.639015252360929e-09,6.3918563441462985e-06,0.0
dry_high_load,860.0,0.11461313587625029,1.268312575672985e-06,4.612045729719945e-09,6.4381250040881786e-06,0.0
dry_high_load,870.0,0.11543203369859838,1.2609390744308735e-06,4.585232997930449e-09,6.4841246751166815e-06,0.0
dry_high_load,880.0,0.11624617075122294,1.2536084400037808e-06,4.558576145468293e-09,6.529856921034079e-06,0.0
dry_high_load,890.0,0.11705557471148215,1.2463204231798648e-06,4.532074266108599e-09,6.575323296551274e-06,0.0
dry_high_load,900.0,0.11786027309582829,1.2390747761961081e-06,4.505726458894938e-09,6.620525347340653e-06,0.0
dry_high_load,910.0,0.1186602932607431,1.231871252729897e-06,4.4795318281087155e-09,6.665464610088633e-06,0.0
dry_high_load,920.0,0.11945566240366784,1.2247096078906466e-06,4.453489483238714e-09,6.710142612547905e-06,0.0
dry_high_load,930.0,0.12024640756392795,1.2175895982114742e-06,4.4275985389508145e-09,6.754560873589371e-06,0.0
dry_high_load,940.0,0.12103255562365209,1.2105109816409257e-06,4.401858115057911e-09,6.7987209032537735e-06,0.0
dry_high_load,950.0,0.12181413330868623,1.2034735175347429e-06,4.376267336489973e-09,6.842624202803039e-06,0.0
dry_high_load,960.0,0.12259116718950214,1.1964769666476858e-06,4.3508253332643116e-09,6.8862722647713105e-06,0.0
dry_high_load,970.0,0.12336368368210063,1.189521091125397e-06,4.325531240455988e-09,6.929666573015689e-06,0.0
dry_high_load,980.0,0.12413170904890962,1.182605654496318e-06,4.300384198168429e-09,6.972808602766675e-06,0.0
dry_high_load,990.0,0.124895269399677,1.175730421663647e-06,4.275383351504171e-09,7.015699820678325e-06,0.0
dry_high_load,1000.0,0.12565439069235826,1.168895158897349e-06,4.250527850535814e-09,7.058341684878113e-06,0.0
dry_high_load,1010.0,0.12640909873399883,1.1620996338262092e-06,4.225816850277123e-09,7.100735645016494e-06,0.0
dry_high_load,1020.0,0.12715941918161153,1.1553436154299335e-06,4.201249510654303e-09,7.1428831423161905e-06,0.0
dry_high_load,1030.0,0.12790537754304884,1.1486268740312936e-06,4.17682499647743e-09,7.184785609621192e-06,0.0
dry_high_load,1040.0,0.1286469991778699,1.1419491812883211e-06,4.152542477412076e-09,7.226444471445454e-06,0.0
dry_high_load,1050.0,0.1293843092982028,1.1353103101865428e-06,4.128401127951064e-09,7.267861144021343e-06,0.0
dry_high_load,1060.0,0.13011733296960157,1.1287100350312642e-06,4.104400127386414e-09,7.309037035347766e-06,0.0
dry_high_load,1070.0,0.13084609511189846,1.1221481314398956e-06,4.080538659781438e-09,7.3499735452380484e-06,0.0
dry_high_load,1080.0,0.1315706205000509,1.1156243763343259e-06,4.056815913943003e-09,7.390672065367516e-06,0.0
dry_high_load,1090.0,0.1322909337649839,1.1091385479333372e-06,4.033231083393953e-09,7.431133979320806e-06,0.0
dry_high_load,1100.0,0.13300705939442742,1.1026904257450662e-06,4.009783366345695e-09,7.471360662638909e-06,0.0
dry_high_load,1110.0,0.1337190217337487,1.0962797905595076e-06,3.986471965670936e-09,7.5113534828659246e-06,0.0
dry_high_load,1120.0,0.13442684498678004,1.0899064244410623e-06,3.96329608887659e-09,7.5511137995955575e-06,0.0
dry_high_load,1130.0,0.13513055321664158,1.0835701107211286e-06,3.940254948076831e-09,7.590642964517333e-06,0.0
dry_high_load,1140.0,0.13583017034655942,1.0772706339907352e-06,3.917347759966309e-09,7.629942321462559e-06,0.0
dry_high_load,1150.0,0.13652572016067874,1.0710077800932203e-06,3.894573745793528e-09,7.669013206449996e-06,0.0
dry_high_load,1160.0,0.1372172263048726,1.0647813361169488e-06,3.871932131334359e-09,7.707856947731293e-06,0.0
dry_high_load,1170.0,0.1379047122875456,1.0585910903880758e-06,3.84942214686573e-09,7.746474865836127e-06,0.0
dry_high_load,1180.0,0.13858820148043316,1.0524368324633504e-06,3.827043027139455e-09,7.784868273617104e-06,0.0
dry_high_load,1190.0,0.13926771711939614,1.0463183531229598e-06,3.804794011356217e-09,7.823038476294395e-06,0.0
dry_high_load,1200.0,0.1399432823052105,1.04023544436342e-06,3.782674343139708e-09,7.860986771500095e-06,0.0
dry_high_load,1210.0,0.14061492000435297,1.0341878993905004e-06,3.76068327051091e-09,7.89871444932235e-06,0.0
dry_high_load,1220.0,0.14128265304978163,1.028175512612197e-06,3.738820045862534e-09,7.936222792349207e-06,0.0
dry_high_load,1230.0,0.1419465041417122,1.022198079631741e-06,3.7170839259336025e-09,7.973513075712224e-06,0.0
dry_high_load,1240.0,0.14260649584838958,1.0162553972406522e-06,3.6954741717841897e-09,8.010586567129808e-06,0.0
dry_high_load,1250.0,0.14326265060685536,1.0103472634118286e-06,3.6739900487702852e-09,8.047444526950322e-06,0.0
dry_high_load,1260.0,0.1439149907237105,1.0044734772926786e-06,3.652630826518831e-09,8.084088208194935e-06,0.0
dry_high_load,1270.0,0.14456353837587338,9.986338391982952e-07,3.631395778902891e-09,8.1205188566002e-06,0.0
dry_high_load,1280.0,0.1452083156113342,9.92828150604664e-07,3.61028418401696e-09,8.15673771066043e-06,0.0
dry_high_load,1290.0,0.14584934434990415,9.870562141419179e-07,3.5892953241524283e-09,8.192746001669781e-06,0.0
dry_high_load,1300.0,0.14648664638396075,9.813178335876232e-07,3.568428485773175e-09,8.228544953764121e-06,0.0
dry_high_load,1310.0,0.1471202433791887,9.756128138601126e-07,3.5476829594913185e-09,8.264135783962647e-06,0.0
dry_high_load,1320.0,0.1477501568753164,9.69940961011851e-07,3.527058040043094e-09,8.299519702209252e-06,0.0
dry_high_load,1330.0,0.14837640828684823,9.643020822228423e-07,3.5065530262648805e-09,8.334697911413667e-06,0.0
dry_high_load,1340.0,0.14899901890379252,9.586959857940756e-07,3.4861672210693652e-09,8.369671607492341e-06,0.0
dry_high_load,1350.0,0.14961800989238536,9.531224811410066e-07,3.4658999314218417e-09,8.404441979409114e-06,0.0
dry_high_load,1360.0,0.15023340229581023,9.475813787870789e-07,3.44575046831665e-09,8.43901020921563e-06,0.0
dry_high_load,1370.0,0.15084521703491321,9.420724903572837e-07,3.4257181467537585e-09,8.473377472091514e-06,0.0
dry_high_load,1380.0,0.15145347490891425,9.365956285717552e-07,3.405802285715473e-09,8.507544936384332e-06,0.0
dry_high_load,1390.0,0.15205819659611444,9.311506072394028e-07,3.3860022081432825e-09,8.54151376364931e-06,0.0
dry_high_load,1400.0,0.15265940265459874,9.25737241251583e-07,3.366317240914846e-09,8.57528510868882e-06,0.0
dry_high_load,1410.0,0.15325711352293508,9.203553465758048e-07,3.346746714821108e-09,8.60886011959164e-06,0.0
dry_high_load,1420.0,0.15385134952086912,9.150047402494742e-07,3.327289964543542e-09,8.642239937771985e-06,0.0
dry_high_load,1430.0,0.154442130850015,9.096852403736744e-07,3.307946328631543e-09,8.67542569800831e-06,0.0
dry_high_load,1440.0,0.15502947759454205,9.043966661069824e-07,3.2887151494799357e-09,8.70841852848188e-06,0.0
dry_high_load,1450.0,0.15561340972185764,8.991388376593204e-07,3.2695957733066193e-09,8.741219550815131e-06,0.0
dry_high_load,1460.0,0.15619394708328616,8.939115762858426e-07,3.250587550130336e-09,8.77382988010981e-06,0.0
dry_high_load,1470.0,0.15677110941474362,8.887147042808606e-07,3.2316898337485835e-09,8.806250624984867e-06,0.0
dry_high_load,1480.0,0.15734491633740869,8.835480449718014e-07,3.2129019817156413e-09,8.83848288761415e-06,0.0
dry_high_load,1490.0,0.15791538735838978,8.78411422713201e-07,3.1942233553207305e-09,8.870527763763874e-06,0.0
dry_high_load,1500.0,0.15848254187138813,8.733046628807334e-07,3.1756533195663028e-09,8.902386342829878e-06,0.0
dry_high_load,1510.0,0.15904639915735727,8.682275918652731e-07,3.157191243146447e-09,8.934059707874656e-06,0.0
dry_high_load,1520.0,0.15960697838515825,8.631800370669953e-07,3.138836498425437e-09,8.965548935664171e-06,0.0
dry_high_load,1530.0,0.1601642986122115,8.581618268895062e-07,3.1205884614163855e-09,8.99685509670447e-06,0.0
dry_high_load,1540.0,0.16071837878514456,8.531727907340104e-07,3.1024465117600374e-09,9.02797925527807e-06,0.0
dry_high_load,1550.0,0.1612692377404364,8.482127589935109e-07,3.0844100327036754e-09,9.058922469480143e-06,0.0
dry_high_load,1560.0,0.16181689420505754,8.432815630470428e-07,3.0664784110801553e-09,9.08968579125449e-06,0.0
dry_high_load,1570.0,0.16236136679710694,8.383790352539412e-07,3.0486510372870584e-09,9.120270266429297e-06,0.0
dry_high_load,1580.0,0.16290267402644468,8.335050089481427e-07,3.030927305265973e-09,9.150676934752689e-06,0.0
dry_high_load,1590.0,0.1634408342953213,8.286593184325193e-07,3.0133066124818882e-09,9.180906829928076e-06,0.0
dry_high_load,1600.0,0.16397586589900365,8.238417989732434e-07,2.995788359902703e-09,9.210960979649307e-06,0.0
dry_high_load,1610.0,0.16450778702639657,8.190522867941893e-07,2.9783719519788697e-09,9.240840405635599e-06,0.0
dry_high_load,1620.0,0.16503661576066114,8.142906190713673e-07,2.9610567966231534e-09,9.270546123666254e-06,0.0
dry_high_load,1630.0,0.16556237007982982,8.095566339273846e-07,2.943842305190489e-09,9.300079143615222e-06,0.0
dry_high_load,1640.0,0.16608506785741733,8.048501704259441e-07,2.9267278924579777e-09,9.329440469485418e-06,0.0
dry_high_load,1650.0,0.16660472686302844,8.001710685663728e-07,2.9097129766049914e-09,9.358631099442849e-06,0.0
dry_high_load,1660.0,0.16712136476296194,7.955191692781827e-07,2.8927969791933913e-09,9.387652025850558e-06,0.0
dry_high_load,1670.0,0.16763499912081126,7.908943144156634e-07,2.8759793251478664e-09,9.416504235302352e-06,0.0
dry_high_load,1680.0,0.1681456473980617,7.862963467525038e-07,2.859259442736377e-09,9.445188708656352e-06,0.0
dry_high_load,1690.0,0.1686533269546838,7.817251099764506e-07,2.842636763550729e-09,9.473706421068323e-06,0.0
dry_high_load,1700.0,0.1691580550497237,7.771804486839904e-07,2.8261107224872376e-09,9.502058342024842e-06,0.0
dry_high_load,1710.0,0.1696598488418897,7.726622083750706e-07,2.809680757727529e-09,9.530245435376238e-06,0.0
dry_high_load,1720.0,0.1701587253901359,7.681702354478424e-07,2.7933463107194267e-09,9.558268659369385e-06,0.0
dry_high_load,1730.0,0.17065470165424185,7.63704377193443e-07,2.7771068261579742e-09,9.586128966680254e-06,0.0
dry_high_load,1740.0,0.17114779449538908,7.592644817908029e-07,2.7609617519665554e-09,9.613827304446308e-06,0.0
dry_high_load,1750.0,0.17163802067673467,7.548503983014823e-07,2.7449105392781175e-09,9.641364614298709e-06,0.0
dry_high_load,1760.0,0.17212539686398073,7.504619766645436e-07,2.728952642416522e-09,9.66874183239432e-06,0.0
dry_high_load,1770.0,0.1726099396259411,7.460990676914481e-07,2.7130875188779927e-09,9.695959889447529e-06,0.0
dry_high_load,1780.0,0.17309166543510474,7.417615230609833e-07,2.697314629312666e-09,9.723019710761899e-06,0.0
dry_high_load,1790.0,0.1735705906681956,7.374491953142221e-07,2.6816334375062618e-09,9.749922216261621e-06,0.0
dry_high_load,1800.0,0.17404673160672945,7.331619378495086e-07,2.6660434103618495e-09,9.776668320522781e-06,0.0
dry_high_load,1810.0,0.1745201044375672,7.288996049174763e-07,2.650544017881732e-09,9.803258932804457e-06,0.0
dry_high_load,1820.0,0.17499072525346548,7.246620516160895e-07,2.635134733149416e-09,9.82969495707964e-06,0.0
dry_high_load,1830.0,0.1754586100536236,7.204491338857205e-07,2.6198150323117106e-09,9.855977292065946e-06,0.0
dry_high_load,1840.0,0.17592377474422724,7.162607085042515e-07,2.6045843945609143e-09,9.88210683125618e-06,0.0
dry_high_load,1850.0,0.17638623513898943,7.120966330822059e-07,2.589442302117112e-09,9.908084462948709e-06,0.0
dry_high_load,1860.0,0.1768460069596883,7.079567660579048e-07,2.5743882402105624e-09,9.933911070277668e-06,0.0
dry_high_load,1870.0,0.17730310583670114,7.038409666926583e-07,2.559421697064212e-09,9.959587531242967e-06,0.0
dry_high_load,1880.0,0.1777575473095361,6.997490950659792e-07,2.5445421638762876e-09,9.985114718740153e-06,0.0
dry_high_load,1890.0,0.17820934682736045,6.956810120708249e-07,2.5297491348029993e-09,1.0010493500590084e-05,0.0
dry_high_load,1900.0,0.17865851974952557,6.916365794088712e-07,2.5150421069413493e-09,1.0035724739568424e-05,0.0
dry_high_load,1910.0,0.17910508134608918,6.8761565958581e-07,2.500420580312036e-09,1.0060809293434971e-05,0.0
dry_high_load,1920.0,0.17954904679833464,6.836181159066734e-07,2.4858840578424483e-09,1.0085748014962832e-05,0.0
dry_high_load,1930.0,0.17999043119928693,6.79643812471187e-07,2.4714320453497703e-09,1.0110541751967409e-05,0.0
dry_high_load,1940.0,0.1804292495542257,6.756926141691515e-07,2.457064051524187e-09,1.0135191347335207e-05,0.0
dry_high_load,1950.0,0.1808655167811955,6.717643866758478e-07,2.442779587912173e-09,1.0159697639052512e-05,0.0
dry_high_load,1960.0,0.18129924771151285,6.678589964474712e-07,2.428578168899895e-09,1.018406146023386e-05,0.0
dry_high_load,1970.0,0.18173045709027041,6.639763107165919e-07,2.4144593116966976e-09,1.0208283639150368e-05,0.0
dry_high_load,1980.0,0.18215915957683848,6.601161974876399e-07,2.40042253631869e-09,1.0232364999257892e-05,0.0
dry_high_load,1990.0,0.182585369745363,6.562785255324198e-07,2.386467365572435e-09,1.0256306359225016e-05,0.0
dry_high_load,2000.0,0.18300910208526125,6.524631643856485e-07,2.3725933250387214e-09,1.028010853296089e-05,0.0
dry_high_load,2010.0,0.18343037100171444,6.486699843405192e-07,2.358799943056433e-09,1.0303772329642893e-05,0.0
dry_high_load,2020.0,0.18384919081615742,6.448988564442926e-07,2.345086750706518e-09,1.0327298553744154e-05,0.0
dry_high_load,2030.0,0.1842655757667653,6.411496524939141e-07,2.331453281796051e-09,1.0350688005060879e-05,0.0
dry_high_load,2040.0,0.18467954000893796,6.374222450316528e-07,2.3178990728423736e-09,1.0373941478739565e-05,0.0
dry_high_load,2050.0,0.1850910976157808,6.337165073407714e-07,2.30442366305735e-09,1.0397059765304017e-05,0.0
dry_high_load,2060.0,0.18550026257858349,6.30032313441216e-07,2.2910265943316942e-09,1.0420043650682226e-05,0.0
dry_high_load,2070.0,0.18590704880729544,6.263695380853346e-07,2.2777074112193985e-09,1.0442893916233086e-05,0.0
dry_high_load,2080.0,0.1863114701309988,6.227280567536191e-07,2.2644656609222512e-09,1.0465611338772962e-05,0.0
dry_high_load,2090.0,0.18671354029837853,6.191077456504713e-07,2.2513008932744407e-09,1.0488196690602096e-05,0.0
dry_high_load,2100.0,0.18711327297818972,6.155084816999958e-07,2.238212660727257e-09,1.0510650739530853e-05,0.0
dry_high_load,2110.0,0.1875106817597225,6.119301425418141e-07,2.225200518333869e-09,1.0532974248905842e-05,0.0
dry_high_load,2120.0,0.18790578015326384,6.083726065269058e-07,2.2122640237342023e-09,1.0555167977635854e-05,0.0
dry_high_load,2130.0,0.1882985815905568,6.048357527134742e-07,2.199402737139906e-09,1.057723268021766e-05,0.0
dry_high_load,2140.0,0.18868909942525736,6.013194608628318e-07,2.1866162213193884e-09,1.0599169106761671e-05,0.0
dry_high_load,2150.0,0.18907734693338824,5.978236114353159e-07,2.1739040415829664e-09,1.062097800301743e-05,0.0
dry_high_load,2160.0,0.1894633373137902,5.943480855862226e-07,2.1612657657680823e-09,1.0642660110398965e-05,0.0
dry_high_load,2170.0,0.18984708368857095,5.908927651617669e-07,2.148700964224607e-09,1.0664216166010005e-05,0.0
dry_high_load,2180.0,0.19022859910355094,5.874575326950675e-07,2.136209209800245e-09,1.068564690266902e-05,0.0
dry_high_load,2190.0,0.1906078965287071,5.840422714021515e-07,2.1237900778260053e-09,1.0706953048934146e-05,0.0
dry_high_load,2200.0,0.19098498885861376,5.806468651779847e-07,2.111443146101762e-09,1.0728135329127956e-05,0.0
dry_high_load,2210.0,0.19135988891288086,5.77271198592525e-07,2.099167994881909e-09,1.0749194463362073e-05,0.0
dry_high_load,2220.0,0.19173260943658998,5.739151568867975e-07,2.0869642068610815e-09,1.0770131167561664e-05,0.0
dry_high_load,2230.0,0.19210316310072745,5.705786259689938e-07,2.0748313671599768e-09,1.0790946153489766e-05,0.0
dry_high_load,2240.0,0.19247156250261496,5.672614924105948e-07,2.0627690633112535e-09,1.0811640128771483e-05,0.0
dry_high_load,2250.0,0.1928378201663383,5.639636434425108e-07,2.0507768852454935e-09,1.0832213796918057e-05,0.0
dry_high_load,2260.0,0.19320194854317274,5.606849669512507e-07,2.038854425277275e-09,1.0852667857350772e-05,0.0
dry_high_load,2270.0,0.19356396001200646,5.574253514751097e-07,2.0270012780913077e-09,1.0873003005424737e-05,0.0
dry_high_load,2280.0,0.1939238668797613,5.541846862003806e-07,2.0152170407286564e-09,1.089321993245252e-05,0.0
dry_high_load,2290.0,0.1942816813818113,5.509628609575854e-07,2.0035013125730377e-09,1.0913319325727656e-05,0.0
dry_high_load,2300.0,0.1946374156823983,5.477597662177327e-07,1.9918536953372096e-09,1.0933301868548001e-05,0.0
dry_high_load,2310.0,0.19499108187504613,5.445752930885893e-07,1.9802737930494153e-09,1.0953168240238982e-05,0.0
dry_high_load,2320.0,0.19534269198297094,5.414093333109841e-07,1.9687612120399423e-09,1.0972919116176667e-05,0.0
dry_high_load,2330.0,0.19569225795949058,5.382617792551232e-07,1.9573155609277204e-09,1.0992555167810744e-05,0.0
dry_high_load,2340.0,0.19603979168843064,5.35132523916933e-07,1.9459364506070287e-09,1.101207706268734e-05,0.0
dry_high_load,2350.0,0.19638530498452858,5.320214609144216e-07,1.9346234942342603e-09,1.1031485464471711e-05,0.0
dry_high_load,2360.0,0.1967288095938352,5.289284844840645e-07,1.92337630721478e-09,1.1050781032970809e-05,0.0
dry_high_load,2370.0,0.1970703171941143,5.258534894772051e-07,1.9121945071898365e-09,1.1069964424155716e-05,0.0
dry_high_load,2380.0,0.19740983939523932,5.227963713564836e-07,1.9010777140235766e-09,1.1089036290183935e-05,0.0
dry_high_load,2390.0,0.1977473877395882,5.197570261922818e-07,1.8900255497901155e-09,1.110799727942157e-05,0.0
dry_high_load,2400.0,0.1980829737024358,5.167353506591893e-07,1.8790376387606882e-09,1.1126848036465361e-05,0.0
dry_high_load,2410.0,0.19841660869234398,5.137312420324916e-07,1.8681136073908786e-09,1.1145589202164603e-05,0.0
dry_high_load,2420.0,0.1987483040515494,5.107445981846783e-07,1.857253084307921e-09,1.1164221413642929e-05,0.0
dry_high_load,2430.0,0.19907807105634914,5.077753175819698e-07,1.8464557002980718e-09,1.118274530431997e-05,0.0
dry_high_load,2440.0,0.19940592091748405,5.048232992808677e-07,1.8357210882940641e-09,1.1201161503932888e-05,0.0
dry_high_load,2450.0,0.19973186478051982,5.018884429247211e-07,1.8250488833626222e-09,1.1219470638557783e-05,0.0
dry_high_load,2460.0,0.20005591372622608,4.989706487403151e-07,1.8144387226920548e-09,1.1237673330630988e-05,0.0
dry_high_load,2470.0,0.20037807877095273,4.960698175344812e-07,1.8038902455799312e-09,1.125577019897021e-05,0.0
dry_high_load,2480.0,0.20069837086700487,4.931858506907214e-07,1.7934030934208047e-09,1.1273761858795586e-05,0.0
dry_high_load,2490.0,0.2010168009030149,4.903186501658585e-07,1.7829769096940303e-09,1.1291648921750591e-05,0.0
dry_high_load,2500.0,0.2013333797043127,4.874681184867021e-07,1.7726113399516438e-09,1.1309431995922824e-05,0.0
dry_high_load,2510.0,0.2016481180332937,4.846341587467347e-07,1.7623060318063079e-09,1.1327111685864692e-05,0.0
dry_high_load,2520.0,0.2019610265897847,4.818166746028178e-07,1.7520606349193372e-09,1.1344688592613961e-05,0.0
dry_high_load,2530.0,0.20227211601140765,4.79015570271917e-07,1.741874800988789e-09,1.1362163313714171e-05,0.0
dry_high_load,2540.0,0.20258139687394136,4.7623075052784366e-07,1.731748183737613e-09,1.137953644323498e-05,0.0
dry_high_load,2550.0,0.20288887969168096,4.7346212069801975e-07,1.7216804389018897e-09,1.139680857179234e-05,0.0
dry_high_load,2560.0,0.20319457491779522,4.7070958666025926e-07,1.7116712242191243e-09,1.1413980286568573e-05,0.0
dry_high_load,2570.0,0.20349849294468217,4.679730548395672e-07,1.701720199416608e-09,1.1431052171332346e-05,0.0
dry_high_load,2580.0,0.20380064410432222,4.6525243220495926e-07,1.6918270261998518e-09,1.1448024806458509e-05,0.0
dry_high_load,2590.0,0.2041010386686295,4.625476262662989e-07,1.6819913682410865e-09,1.1464898768947826e-05,0.0
dry_high_load,2600.0,0.2043996868498011,4.5985854507115194e-07,1.672212891167825e-09,1.1481674632446599e-05,0.0
dry_high_load,2610.0,0.20469659880066393,4.571850972016638e-07,1.6624912625515047e-09,1.1498352967266149e-05,0.0
dry_high_load,2620.0,0.2049917846150203,4.545271917714487e-07,1.652826151896177e-09,1.1514934340402225e-05,0.0
dry_high_load,2630.0,0.20528525432799075,4.5188473842250096e-07,1.643217230627276e-09,1.1531419315554267e-05,0.0
dry_high_load,2640.0,0.20557701791635555,4.4925764732212163e-07,1.633664172080442e-09,1.1547808453144587e-05,0.0
dry_high_load,2650.0,0.20586708529889336,4.4664582915986815e-07,1.6241666514904293e-09,1.156410231033739e-05,0.0
dry_high_load,2660.0,0.20615546633671902,4.440491951445135e-07,1.6147243459800488e-09,1.1580301441057756e-05,0.0
dry_high_load,2670.0,0.20644217083361824,4.4146765700103234e-07,1.6053369345492083e-09,1.1596406396010427e-05,0.0
dry_high_load,2680.0,0.20672720853638116,4.389011269675971e-07,1.596004098063989e-09,1.1612417722698557e-05,0.0
dry_high_load,2690.0,0.2070105891351339,4.3634951779259383e-07,1.5867255192457956e-09,1.1628335965442333e-05,0.0
dry_high_load,2700.0,0.20729232226366764,4.338127427316578e-07,1.5775008826605737e-09,1.1644161665397455e-05,0.0
dry_high_load,2710.0,0.20757241749976618,4.3129071554472487e-07,1.56832987470809e-09,1.1659895360573538e-05,0.0
dry_high_load,2720.0,0.20785088436553162,4.2878335049309873e-07,1.559212183611268e-09,1.1675537585852413e-05,0.0
dry_high_load,2730.0,0.20812773232770812,4.2629056233653584e-07,1.5501474994055846e-09,1.1691088873006302e-05,0.0
dry_high_load,2740.0,0.20840297079800374,4.238122663303474e-07,1.5411355139285359e-09,1.1706549750715909e-05,0.0
dry_high_load,2750.0,0.20867660913341024,4.2134837822252026e-07,1.5321759208091644e-09,1.1721920744588373e-05,0.0
dry_high_load,2760.0,0.2089486566365214,4.188988142508495e-07,1.5232684154576343e-09,1.1737202377175154e-05,0.0
dry_high_load,2770.0,0.209219122555849,4.1646349114009477e-07,1.51441269505489e-09,1.1752395167989785e-05,0.0
dry_high_load,2780.0,0.20948801608613762,4.140423260991454e-07,1.5056084585423466e-09,1.176749963352555e-05,0.0
dry_high_load,2790.0,0.2097553463686767,4.116352368182094e-07,1.4968554066116703e-09,1.1782516287273015e-05,0.0
dry_high_load,2800.0,0.2100211224916118,4.0924214146601245e-07,1.4881532416945906e-09,1.1797445639737513e-05,0.0
dry_high_load,2810.0,0.2102853534902532,4.068629586870178e-07,1.4795016679527918e-09,1.1812288198456483e-05,0.0
dry_high_load,2820.0,0.21054804834738344,4.0449760759865854e-07,1.4709003912678491e-09,1.1827044468016733e-05,0.0
dry_high_load,2830.0,0.21080921599356228,4.021460077885905e-07,1.4623491192312378e-09,1.1841714950071585e-05,0.0
dry_high_load,2840.0,0.2110688653074306,3.9980807931195604e-07,1.4538475611343853e-09,1.1856300143357936e-05,0.0
dry_high_load,2850.0,0.2113270051160121,3.974837426886686e-07,1.4453954279587946e-09,1.187080054371321e-05,0.0
dry_high_load,2860.0,0.21158364419501346,3.951729189007082e-07,1.4369924323662117e-09,1.1885216644092218e-05,0.0
dry_high_load,2870.0,0.21183879126912256,3.9287552938943816e-07,1.4286382886888658e-09,1.1899548934583906e-05,0.0
dry_high_load,2880.0,0.21209245501230517,3.905914960529315e-07,1.4203327129197508e-09,1.1913797902428027e-05,0.0
dry_high_load,2890.0,0.21234464404810002,3.883207412433165e-07,1.4120754227029688e-09,1.1927964032031711e-05,0.0
dry_high_load,2900.0,0.21259536694991146,3.860631877641395e-07,1.4038661373241435e-09,1.194204780498591e-05,0.0
dry_high_load,2910.0,0.21284463224130157,3.838187588677356e-07,1.3957045777008566e-09,1.1956049700081797e-05,0.0
dry_high_load,2920.0,0.2130924483962792,3.8158737825262634e-07,1.3875904663731865e-09,1.1969970193327014e-05,0.0
dry_high_load,2930.0,0.21333882383958883,3.7936897006091777e-07,1.3795235274942462e-09,1.198380975796189e-05,0.0
dry_high_load,2940.0,0.21358376694699632,3.771634588757285e-07,1.3715034868208307e-09,1.1997568864475491e-05,0.0
dry_high_load,2950.0,0.21382728604557394,3.7497076971862314e-07,1.363530071704084e-09,1.201124798062164e-05,0.0
dry_high_load,2960.0,0.21406938941398362,3.7279082804706076e-07,1.3556030110802207e-09,1.2024847571434819e-05,0.0
dry_high_load,2970.0,0.21431008528275802,3.7062355975186595e-07,1.3477220354613305e-09,1.2038368099245963e-05,0.0
dry_high_load,2980.0,0.21454938183458055,3.6846889115470556e-07,1.3398868769262018e-09,1.2051810023698184e-05,0.0
dry_high_load,2990.0,0.21478728720456364,3.6632674900558463e-07,1.3320972691112166e-09,1.2065173801762408e-05,0.0
dry_high_load,3000.0,0.21502380948052496,3.6419706048035786e-07,1.324352947201301e-09,1.2078459887752888e-05,0.0
dry_high_load,3010.0,0.21525895670326278,3.6207975317825176e-07,1.3166536479209154e-09,1.2091668733342671e-05,0.0
dry_high_load,3020.0,0.21549273686682907,3.599747551194045e-07,1.3089991095251072e-09,1.2104800787578942e-05,0.0
dry_high_load,3030.0,0.21572515791880137,3.5788199474241814e-07,1.3013890717906113e-09,1.211785649689829e-05,0.0
dry_high_load,3040.0,0.21595622776055284,3.558014009019271e-07,1.2938232760070074e-09,1.2130836305141885e-05,0.0
dry_high_load,3050.0,0.21618595424752113,3.537329028661776e-07,1.2863014649679184e-09,1.2143740653570574e-05,0.0
dry_high_load,3060.0,0.21641434518947505,3.5167643031462594e-07,1.278823382962276e-09,1.2156569980879867e-05,0.0
dry_high_load,3070.0,0.21664140835078052,3.496319133355443e-07,1.2713887757656155e-09,1.2169324723214868e-05,0.0
dry_high_load,3080.0,0.21686715145066424,3.475992824236463e-07,1.2639973906314409e-09,1.2182005314185094e-05,0.0
dry_high_load,3090.0,0.21709158216347604,3.4557846847772484e-07,1.2566489762826354e-09,1.2194612184879211e-05,0.0
dry_high_load,3100.0,0.21731470811895007,3.4356940279830034e-07,1.2493432829029102e-09,1.2207145763879696e-05,0.0
dry_high_load,3110.0,0.21753653690246394,3.415720170852872e-07,1.2420800621283169e-09,1.221960647727741e-05,0.0
dry_high_load,3120.0,0.21775707605529676,3.3958624343567083e-07,1.234859067038803e-09,1.2231994748686077e-05,0.0
dry_high_load,3130.0,0.21797633307488534,3.3761201434120045e-07,1.2276800521498197e-09,1.2244310999256685e-05,0.0
dry_high_load,3140.0,0.21819431541507925,3.3564926268609244e-07,1.2205427734039724e-09,1.2256555647691811e-05,0.0
dry_high_load,3150.0,0.21841103048639396,3.336979217447508e-07,1.2134469881627301e-09,1.2268729110259842e-05,0.0
dry_high_load,3160.0,0.21862648565626314,3.3175792517949633e-07,1.2063924551981684e-09,1.2280831800809139e-05,0.0
dry_high_load,3170.0,0.21884068824928882,3.2982920703831296e-07,1.1993789346847742e-09,1.2292864130782103e-05,0.0
dry_high_load,3180.0,0.21905364554749043,3.27911701752606e-07,1.1924061881912943e-09,1.2304826509229153e-05,0.0
dry_high_load,3190.0,0.21926536479055259,3.2600534413497136e-07,1.1854739786726228e-09,1.2316719342822649e-05,0.0
dry_high_load,3200.0,0.21947585317607093,3.241100693769811e-07,1.1785820704617494e-09,1.2328543035870703e-05,0.0
dry_high_load,3210.0,0.2196851178597969,3.2222581304697983e-07,1.1717302292617446e-09,1.2340297990330928e-05,0.0
dry_high_load,3220.0,0.2198931659558812,3.2035251108789336e-07,1.164918222137794e-09,1.2351984605824108e-05,0.0
dry_high_load,3230.0,0.22010000453711534,3.184900998150517e-07,1.158145817509279e-09,1.2363603279647773e-05,0.0
dry_high_load,3240.0,0.2203056406351723,3.166385159140247e-07,1.151412785141908e-09,1.2375154406789718e-05,0.0
dry_high_load,3250.0,0.2205100812408455,3.147976964384679e-07,1.1447188961398833e-09,1.2386638379941424e-05,0.0
dry_high_load,3260.0,0.22071333330428644,3.1296757880798465e-07,1.1380639229381259e-09,1.2398055589511402e-05,0.0
dry_high_load,3270.0,0.22091540373524104,3.1114810080599724e-07,1.1314476392945354e-09,1.2409406423638482e-05,0.0
dry_high_load,3280.0,0.2211162994032845,3.0933920057763205e-07,1.1248698202822982e-09,1.242069126820499e-05,0.0
dry_high_load,3290.0,0.2213160271380549,3.075408166276163e-07,1.118330242282241e-09,1.2431910506849883e-05,0.0
dry_high_load,3300.0,0.22151459372948518,3.0575288781818956e-07,1.1118286829752344e-09,1.2443064520981773e-05,0.0
dry_high_load,3310.0,0.22171200592803414,3.0397535336702343e-07,1.1053649213346305e-09,1.2454153689791902e-05,0.0
dry_high_load,3320.0,0.22190827044491607,3.02208152845154e-07,1.0989387376187417e-09,1.2465178390267048e-05,0.0
dry_high_load,3330.0,0.22210339395232861,3.004512261749301e-07,1.092549913363382e-09,1.2476138997202315e-05,0.0
dry_high_load,3340.0,0.22229738308367966,2.987045136279709e-07,1.0861982313744396e-09,1.248703588321389e-05,0.0
dry_high_load,3350.0,0.22249024443381307,2.969679558231322e-07,1.0798834757204806e-09,1.2497869418751708e-05,0.0
dry_high_load,3360.0,0.2226819845592326,2.952414937244912e-07,1.0736054317254225e-09,1.2508639972112044e-05,0.0
dry_high_load,3370.0,0.222872609978325,2.9352506863933783e-07,1.0673638859612283e-09,1.2519347909450033e-05,0.0
dry_high_load,3380.0,0.2230621271715814,2.918186222161803e-07,1.0611586262406554e-09,1.2529993594792122e-05,0.0
dry_high_load,3390.0,0.2232505425818178,2.901220964427601e-07,1.0549894416100366e-09,1.2540577390048439e-05,0.0
dry_high_load,3400.0,0.22343786261439413,2.8843543364408085e-07,1.048856122342112e-09,1.2551099655025103e-05,0.0
dry_high_load,3410.0,0.2236240936374319,2.8675857648044686e-07,1.0427584599288974e-09,1.2561560747436456e-05,0.0
dry_high_load,3420.0,0.22380924198203053,2.850914679455161e-07,1.0366962470746038e-09,1.2571961022917207e-05,0.0
dry_high_load,3430.0,0.22399331394248298,2.8343405136435786e-07,1.0306692776885739e-09,1.2582300835034556e-05,0.0
dry_high_load,3440.0,0.22417631577648942,2.8178627039153035e-07,1.0246773468782921e-09,1.2592580535300176e-05,0.0
dry_high_load,3450.0,0.22435825370537005,2.8014806900916263e-07,1.0187202509424094e-09,1.2602800473182194e-05,0.0
dry_high_load,3460.0,0.22453913391427668,2.7851939152505084e-07,1.012797787363821e-09,1.2612960996117051e-05,0.0
dry_high_load,3470.0,0.2247189625524029,2.769001825707656e-07,1.0069097548027838e-09,1.2623062449521322e-05,0.0
dry_high_load,3480.0,0.22489774573319304,2.7529038709976915e-07,1.0010559530900695e-09,1.2633105176803459e-05,0.0
dry_high_load,3490.0,0.2250754895345503,2.7368995038554334e-07,9.952361832201576e-10,1.264308951937546e-05,0.0
dry_high_load,3500.0,0.2252521999990432,2.720988180197296e-07,9.89450247344471e-10,1.265301581666449e-05,0.0
dry_high_load,3510.0,0.22542788313411077,2.7051693591028123e-07,9.836979487646589e-10,1.2662884406124397e-05,0.0
dry_high_load,3520.0,0.22560254491226722,2.689442502796207e-07,9.779790919258932e-10,1.2672695623247203e-05,0.0
dry_high_load,3530.0,0.2257761912713046,2.673807076628153e-07,9.722934824102374e-10,1.2682449801574498e-05,0.0
dry_high_load,3540.0,0.22594882811449507,2.6582625490575584e-07,9.66640926930021e-10,1.2692147272708797e-05,0.0
dry_high_load,3550.0,0.2261204613107912,2.64280839163352e-07,9.6102123332128e-10,1.270178836632479e-05,0.0
dry_high_load,3560.0,0.22629109669502548,2.6274440789773685e-07,9.554342105372247e-10,1.271137341018056e-05,0.0
dry_high_load,3570.0,0.22646074006810915,2.6121690887647715e-07,9.49879668641735e-10,1.2720902730128729e-05,0.0
dry_high_load,3580.0,0.22662939719722885,2.596982901708012e-07,9.443574188029132e-10,1.273037665012753e-05,0.0
dry_high_load,3590.0,0.2267970738160431,2.5818850015383084e-07,9.388672732866575e-10,1.2739795492251826e-05,0.0
dry_high_load,3600.0,0.22696377562487685,2.566874874988292e-07,9.334090454502877e-10,1.2749159576704048e-05,0.0
dry_high_load,3610.0,0.22712950829091558,2.5519520117745273e-07,9.279825497361915e-10,1.2758469221825095e-05,0.0
dry_high_load,3620.0,0.22729427744839792,2.537115904580177e-07,9.225876016655188e-10,1.276772474410515e-05,0.0
dry_high_load,3630.0,0.22745808869880696,2.5223660490377664e-07,9.172240178319149e-10,1.2776926458194434e-05,0.0
dry_high_load,3640.0,0.22762094761106103,2.5077019437120126e-07,9.118916158952771e-10,1.2786074676913913e-05,0.0
dry_high_load,3650.0,0.2277828597217025,2.493123090082818e-07,9.065902145755701e-10,1.279516971126592e-05,0.0
dry_high_load,3660.0,0.22794383053508666,2.4786289925282745e-07,9.013196336466451e-10,1.280421187044474e-05,0.0
dry_high_load,3670.0,0.22810386552356834,2.4642191583078396e-07,8.960796939301234e-10,1.281320146184712e-05,0.0
dry_high_load,3680.0,0.22826297012768818,2.4498930975455903e-07,8.908702172893054e-10,1.282213879108271e-05,0.0
dry_high_load,3690.0,0.2284211497563575,2.435650323213555e-07,8.856910266231108e-10,1.2831024161984462e-05,0.0
dry_high_load,3700.0,0.2285784097870422,2.4214903511151663e-07,8.805419458600603e-10,1.2839857876618952e-05,0.0
dry_high_load,3710.0,0.2287347555659455,2.4074126998688017e-07,8.754227999522914e-10,1.2848640235296651e-05,0.0
dry_high_load,3720.0,0.22889019240818997,2.3934168908913975e-07,8.703334148695991e-10,1.2857371536582144e-05,0.0
dry_high_load,3730.0,0.22904472559799788,2.3795024483822107e-07,8.652736175935311e-10,1.2866052077304264e-05,0.0
dry_high_load,3740.0,0.22919836038887095,2.3656688993066268e-07,8.602432361115004e-10,1.2874682152566193e-05,0.0
dry_high_load,3750.0,0.22935110200376907,2.3519157733800737e-07,8.552420994109357e-10,1.2883262055755493e-05,0.0
dry_high_load,3760.0,0.22950295563528772,2.338242603052043e-07,8.502700374734701e-10,1.289179207855408e-05,0.0
dry_high_load,3770.0,0.22965392644583452,2.3246489234901973e-07,8.453268812691626e-10,1.2900272510948132e-05,0.0
dry_high_load,3780.0,0.22980401956780483,2.311134272564552e-07,8.40412462750746e-10,1.2908703641237962e-05,0.0
dry_high_load,3790.0,0.22995324010375612,2.2976981908317864e-07,8.355266148479222e-10,1.291708575604781e-05,0.0
dry_high_load,3800.0,0.23010159312658152,2.2843402215196e-07,8.306691714616727e-10,1.2925419140335589e-05,0.0
dry_high_load,3810.0,0.23024908367968208,2.2710599105112219e-07,8.25839967458626e-10,1.2933704077402566e-05,0.0
dry_high_load,3820.0,0.23039571677713866,2.257856806329915e-07,8.210388386654235e-10,1.294194084890301e-05,0.0
dry_high_load,3830.0,0.23054149740388172,2.2447304601236984e-07,8.16265621863163e-10,1.2950129734853741e-05,0.0
dry_high_load,3840.0,0.23068643051586146,2.2316804256500268e-07,8.115201547818278e-10,1.2958271013643675e-05,0.0
dry_high_load,3850.0,0.23083052104021595,2.2187062592606494e-07,8.068022760947814e-10,1.2966364962043276e-05,0.0
dry_high_load,3860.0,0.23097377387543874,2.2058075198865178e-07,8.021118254132791e-10,1.2974411855213968e-05,0.0
dry_high_load,3870.0,0.23111619389154525,2.1929837690228046e-07,7.974486432810198e-10,1.2982411966717488e-05,0.0
dry_high_load,3880.0,0.23125778593023846,2.1802345707139867e-07,7.928125711687224e-10,1.299036556852518e-05,0.0
dry_high_load,3890.0,0.23139855480507354,2.1675594915390182e-07,7.882034514687338e-10,1.2998272931027254e-05,0.0
dry_high_load,3900.0,0.23153850530162123,2.154958100596624e-07,7.836211274896813e-10,1.3006134323041963e-05,0.0
dry_high_load,3910.0,0.23167764217763095,2.142429969490603e-07,7.790654434511282e-10,1.3013950011824757e-05,0.0
dry_high_load,3920.0,0.23181597016319225,2.1299746723153046e-07,7.745362444782926e-10,1.3021720263077362e-05,0.0
dry_high_load,3930.0,0.23195349396089568,2.1175917856411332e-07,7.700333765967756e-10,1.3029445340956808e-05,0.0
dry_high_load,3940.0,0.23209021824599263,2.1052808885001638e-07,7.655566867273321e-10,1.3037125508084415e-05,0.0
dry_high_load,3950.0,0.23222614766655436,2.093041562371814e-07,7.611060226806595e-10,1.304476102555472e-05,0.0
dry_high_load,3960.0,0.23236128684362986,2.0808733911686354e-07,7.56681233152231e-10,1.3052352152944353e-05,0.0
dry_high_load,3970.0,0.23249564037140327,2.0687759612221407e-07,7.52282167717142e-10,1.3059899148320862e-05,0.0
dry_high_load,3980.0,0.23262921281734958,2.0567488612687807e-07,7.479086768250111e-10,1.3067402268251484e-05,0.0
dry_high_load,3990.0,0.2327620087223903,2.0447916824359263e-07,7.435606117948822e-10,1.3074861767811869e-05,0.0
dry_high_load,4000.0,0.2328940326010476,2.032904018227996e-07,7.392378248101802e-10,1.3082277900594746e-05,0.0
dry_high_load,4010.0,0.23302528894159802,2.0210854645126085e-07,7.349401689136757e-10,1.3089650918718561e-05,0.0
dry_high_load,4020.0,0.2331557822062249,2.00933561950686e-07,7.306674980024944e-10,1.3096981072836031e-05,0.0
dry_high_load,4030.0,0.23328551683117,1.9976540837636772e-07,7.264196668231553e-10,1.3104268612142666e-05,0.0
dry_high_load,4040.0,0.2334144972268844,1.9860404601582147e-07,7.221965309666234e-10,1.311151378438525e-05,0.0
dry_high_load,4050.0,0.23354272777817858,1.9744943538743676e-07,7.179979468634063e-10,1.311871683587026e-05,0.0
dry_high_load,4060.0,0.23367021284437126,1.9630153723913423e-07,7.138237717786698e-10,1.3125878011472235e-05,0.0
dry_high_load,4070.0,0.23379695675943762,1.951603125470326e-07,7.096738638073912e-10,1.3132997554642103e-05,0.0
dry_high_load,4080.0,0.23392296383215683,1.9402572251412008e-07,7.055480818695275e-10,1.314007570741546e-05,0.0
dry_high_load,4090.0,0.23404823834625837,1.9289772856893647e-07,7.014462857052234e-10,1.3147112710420795e-05,0.0
dry_high_load,4100.0,0.23417278456056767,1.9177629236426248e-07,6.973683358700453e-10,1.3154108802887674e-05,0.0
dry_high_load,4110.0,0.234296606709151,1.906613757758141e-07,6.93314093730233e-10,1.3161064222654872e-05,0.0
dry_high_load,4120.0,0.2344197090014592,1.8955294090094958e-07,6.892834214579983e-10,1.316797920617845e-05,0.0
dry_high_load,4130.0,0.23454209562247103,1.8845095005737772e-07,6.85276182026828e-10,1.317485398853981e-05,0.0
dry_high_load,4140.0,0.2346637707328353,1.8735536578187883e-07,6.81292239206832e-10,1.3181688803453671e-05,0.0
dry_high_load,4150.0,0.23478473846901238,1.8626615082902952e-07,6.773314575601073e-10,1.3188483883276026e-05,0.0
dry_high_load,4160.0,0.23490500294341454,1.8518326816994087e-07,6.733937024361486e-10,1.3195239459012023e-05,0.0
dry_high_load,4170.0,0.23502456824454643,1.8410668099099165e-07,6.694788399672423e-10,1.3201955760323853e-05,0.0
dry_high_load,4180.0,0.2351434384371433,1.8303635269258467e-07,6.655867370639442e-10,1.3208633015538517e-05,0.0
dry_high_load,4190.0,0.23526161756230965,1.8197224688789808e-07,6.617172614105384e-10,1.3215271451655616e-05,0.0
dry_high_load,4200.0,0.23537910963765651,1.8091432740164992e-07,6.57870281460545e-10,1.3221871294355056e-05,0.0
dry_high_load,4210.0,0.23549591865743788,1.7986255826886825e-07,6.540456664322481e-10,1.322843276800472e-05,0.0
dry_high_load,4220.0,0.2356120485926868,1.7881690373366764e-07,6.502432863042458e-10,1.3234956095668108e-05,0.0
dry_high_load,4230.0,0.23572750339135012,1.7777732824803405e-07,6.464630118110329e-10,1.3241441499111906e-05,0.0
dry_high_load,4240.0,0.23584228697842288,1.7674379647061636e-07,6.427047144386049e-10,1.3247889198813534e-05,0.0
dry_high_load,4250.0,0.2359564032560814,1.7571627326552653e-07,6.389682664200964e-10,1.3254299413968629e-05,0.0
dry_high_load,4260.0,0.23606985610381642,1.746947237011417e-07,6.352535407314243e-10,1.3260672362498512e-05,0.0
dry_high_load,4270.0,0.2361826493785647,1.736791130489196e-07,6.315604110869803e-10,1.3267008261057591e-05,0.0
dry_high_load,4280.0,0.23629478691484013,1.7266940678221675e-07,6.278887519353336e-10,1.3273307325040721e-05,0.0
dry_high_load,4290.0,0.23640627252486424,1.7166557057511443e-07,6.242384384549615e-10,1.3279569768590536e-05,0.0
dry_high_load,4300.0,0.23651710999869557,1.70667570301253e-07,6.206093465500108e-10,1.3285795804604715e-05,0.0
dry_high_load,4310.0,0.23662730310435878,1.6967537203267055e-07,6.170013528460746e-10,1.3291985644743234e-05,0.0
dry_high_load,4320.0,0.23673685558797264,1.6868894203864893e-07,6.134143346859961e-10,1.3298139499435561e-05,0.0
dry_high_load,4330.0,0.23684577117387728,1.6770824678456887e-07,6.098481701257049e-10,1.3304257577887796e-05,0.0
dry_high_load,4340.0,0.23695405356476093,1.667332529307691e-07,6.063027379300694e-10,1.3310340088089797e-05,0.0
dry_high_load,4350.0,0.23706170644178579,1.657639273314123e-07,6.027779175687719e-10,1.3316387236822243e-05,0.0
dry_high_load,4360.0,0.23716873346471315,1.6480023703335828e-07,5.992735892122119e-10,1.3322399229663672e-05,0.0
dry_high_load,4370.0,0.2372751382720277,1.638421492750457e-07,5.957896337274389e-10,1.3328376270997457e-05,0.0
dry_high_load,4380.0,0.23738092448106138,1.6288963148537628e-07,5.923259326740954e-10,1.3334318564018761e-05,0.0
dry_high_load,4390.0,0.23748609568811627,1.6194265128260822e-07,5.888823683003935e-10,1.3340226310741453e-05,0.0
dry_high_load,4400.0,0.237590655468587,1.610011764732541e-07,5.854588235391057e-10,1.3346099712004963e-05,0.0
dry_high_load,4410.0,0.237694607377082,1.6006517505098857e-07,5.820551820035948e-10,1.3351938967481116e-05,0.0
dry_high_load,4420.0,0.23779795494754463,1.5913461519555956e-07,5.786713279838529e-10,1.3357744275680916e-05,0.0
dry_high_load,4430.0,0.2379007016933732,1.5820946527170504e-07,5.753071464425636e-10,1.3363515833961304e-05,0.0
dry_high_load,4440.0,0.23800285110754038,1.572896938280799e-07,5.719625230111996e-10,1.3369253838531849e-05,0.0
dry_high_load,4450.0,0.238104406662712,1.5637526959618485e-07,5.686373439861267e-10,1.3374958484461443e-05,0.0
dry_high_load,4460.0,0.23820537181136509,1.5546616148930425e-07,5.653314963247427e-10,1.3380629965684912e-05,0.0
dry_high_load,4470.0,0.23830574998590529,1.5456233860144902e-07,5.620448676416327e-10,1.3386268475009617e-05,0.0
dry_high_load,4480.0,0.23840554459878346,1.5366377020630608e-07,5.587773462047493e-10,1.3391874204122011e-05,0.0
dry_high_load,4490.0,0.2385047590426117,1.5277042575619482e-07,5.555288209316175e-10,1.3397447343594148e-05,0.0
dry_high_load,4500.0,0.23860339669027872,1.5188227488102676e-07,5.522991813855518e-10,1.3402988082890167e-05,0.0
dry_high_load,4510.0,0.23870146089506467,1.5099928738727275e-07,5.490883177719008e-10,1.3408496610372741e-05,0.0
dry_high_load,4520.0,0.2387989549907547,1.501214332569396e-07,5.458961209343257e-10,1.3413973113309463e-05,0.0
dry_high_load,4530.0,0.23889588229175282,1.4924868264654615e-07,5.427224823510769e-10,1.3419417777879225e-05,0.0
dry_high_load,4540.0,0.23899224609319406,1.4838100588611203e-07,5.395672941313164e-10,1.3424830789178536e-05,0.0
dry_high_load,4550.0,0.23908804967105687,1.475183734781462e-07,5.364304490114406e-10,1.3430212331227833e-05,0.0
dry_high_load,4560.0,0.2391832962822745,1.4666075609664387e-07,5.333118403514321e-10,1.3435562586977724e-05,0.0
dry_high_load,4570.0,0.23927798916484544,1.4580812458609236e-07,5.302113621312448e-10,1.3440881738315205e-05,0.0
dry_high_load,4580.0,0.23937213153794368,1.4496044996047828e-07,5.271289089471937e-10,1.3446169966069852e-05,0.0
dry_high_load,4590.0,0.2394657266020281,1.4411770340230187e-07,5.240643760083704e-10,1.3451427450019964e-05,0.0
dry_high_load,4600.0,0.23955877753895136,1.432798562615976e-07,5.210176591330822e-10,1.345665436889867e-05,0.0
dry_high_load,4610.0,0.23965128751206796,1.424468800549605e-07,5.179886547453108e-10,1.3461850900400021e-05,0.0
dry_high_load,4620.0,0.2397432596663418,1.4161874646457753e-07,5.149772598711909e-10,1.346701722118501e-05,0.0
dry_high_load,4630.0,0.23983469712845323,1.4079542733726462e-07,5.119833721355076e-10,1.3472153506887598e-05,0.0
dry_high_load,4640.0,0.2399256030069051,1.3997689468351045e-07,5.090068897582197e-10,1.3477259932120666e-05,0.0
dry_high_load,4650.0,0.24001598039212857,1.391631206765247e-07,5.060477115509989e-10,1.3482336670481962e-05,0.0
dry_high_load,4660.0,0.24010583235658822,1.3835407765129166e-07,5.031057369137879e-10,1.348738389456e-05,0.0
dry_high_load,4670.0,0.24019516195488663,1.3754973810362745e-07,5.001808658313725e-10,1.3492401775939941e-05,0.0
dry_high_load,4680.0,0.2402839722238677,1.367500746892513e-07,4.972729988700047e-10,1.3497390485209393e-05,0.0
dry_high_load,4690.0,0.24037226618272048,1.3595506022284895e-07,4.943820371739962e-10,1.3502350191964244e-05,0.0
dry_high_load,4700.0,0.24046004683308153,1.3516466767715312e-07,4.915078824623749e-10,1.350728106481441e-05,0.0
dry_high_load,4710.0,0.24054731715913702,1.3437887018202182e-07,4.886504370255339e-10,1.3512183271389574e-05,0.0
dry_high_load,4720.0,0.24063408012772403,1.3359764102352771e-07,4.858096037219189e-10,1.3517056978344876e-05,0.0
dry_high_load,4730.0,0.24072033868843176,1.3282095364304678e-07,4.829852859747155e-10,1.3521902351366592e-05,0.0
dry_high_load,4740.0,0.24080609577370132,1.320487816363587e-07,4.801773877685769e-10,1.352671955517775e-05,0.0
dry_high_load,4750.0,0.2408913542989259,1.3128109875274628e-07,4.7738581364635e-10,1.3531508753543745e-05,0.0
dry_high_load,4760.0,0.24097611716254969,1.3051787889410417e-07,4.746104687058332e-10,1.3536270109277903e-05,0.0
dry_high_load,4770.0,0.24106038724616624,1.2975909611405264e-07,4.71851258596555e-10,1.354100378424701e-05,0.0
dry_high_load,4780.0,0.24114416741461664,1.2900472461705433e-07,4.691080895165611e-10,1.3545709939376817e-05,0.0
dry_high_load,4790.0,0.24122746051608687,1.282547387575376e-07,4.663808682092276e-10,1.3550388734657513e-05,0.0
dry_high_load,4800.0,0.24131026938220465,1.2750911303902426e-07,4.6366950196008817e-10,1.3555040329149166e-05,0.0
dry_high_load,4810.0,0.24139259682813546,1.2676782211326498e-07,4.6097389859369076e-10,1.3559664880987118e-05,0.0
dry_high_load,4820.0,0.2414744456526788,1.260308407793726e-07,4.582939664704457e-10,1.3564262547387388e-05,0.0
dry_high_load,4830.0,0.2415558186383627,1.2529814398297118e-07,4.556296144835315e-10,1.3568833484651981e-05,0.0
dry_high_load,4840.0,0.24163671855153862,1.2456970681534148e-07,4.529807520557871e-10,1.357337784817423e-05,0.0
dry_high_load,4850.0,0.2417171481424756,1.238455045125734e-07,4.5034728913663047e-10,1.3577895792444065e-05,0.0
dry_high_load,4860.0,0.24179711014545355,1.2312551245472534e-07,4.4772913619900113e-10,1.358238747105327e-05,0.0
dry_high_load,4870.0,0.24187660727885632,1.2240970616498734e-07,4.4512620423631754e-10,1.3586853036700704e-05,0.0
dry_high_load,4880.0,0.24195564224526403,1.2169806130884822e-07,4.4253840475944795e-10,1.3591292641197488e-05,0.0
dry_high_load,4890.0,0.24203421773154496,1.209905536932697e-07,4.399656497937079e-10,1.3595706435472168e-05,0.0
dry_high_load,4900.0,0.2421123364089471,1.2028715926586082e-07,4.374078518758575e-10,1.3600094569575854e-05,0.0
dry_high_load,4910.0,0.2421900009331887,1.1958785411406386e-07,4.3486492405114123e-10,1.3604457192687313e-05,0.0
dry_high_load,4920.0,0.24226721394454853,1.1889261446434e-07,4.323367798703272e-10,1.3608794453118032e-05,0.0
dry_high_load,4930.0,0.24234397806795596,1.1820141668135991e-07,4.2982333338676324e-10,1.3613106498317282e-05,0.0
dry_high_load,4940.0,0.24242029591307981,1.1751423726720249e-07,4.273244991534635e-10,1.3617393474877111e-05,0.0
dry_high_load,4950.0,0.2424961700744173,1.1683105286055464e-07,4.2484019222019864e-10,1.3621655528537335e-05,0.0
dry_high_load,4960.0,0.24257160313138226,1.1615184023591651e-07,4.223703281306054e-10,1.3625892804190498e-05,0.0
dry_high_load,4970.0,0.24264659764839272,1.1547657630281358e-07,4.199148229193221e-10,1.3630105445886785e-05,0.0
dry_high_load,4980.0,0.24272115617495815,1.1480523810501037e-07,4.1747359310912855e-10,1.3634293596838934e-05,0.0
dry_high_load,4990.0,0.2427952812457661,1.1413780281973033e-07,4.150465557081102e-10,1.3638457399427091e-05,0.0
dry_high_load,5000.0,0.24286897538076835,1.1347424775688103e-07,4.1263362820684003e-10,1.364259699520366e-05,0.0
dry_high_load,5010.0,0.24294224108526663,1.1281455035828102e-07,4.102347285755673e-10,1.3646712524898108e-05,0.0
dry_high_load,5020.0,0.24301508084999776,1.1215868819689432e-07,4.078497752614338e-10,1.3650804128421754e-05,0.0
dry_high_load,5030.0,0.24308749715121836,1.1150663897606704e-07,4.054786871856983e-10,1.3654871944872526e-05,0.0
dry_high_load,5040.0,0.24315949245078908,1.1085838052876929e-07,4.0312138374097917e-10,1.365891611253969e-05,0.0
dry_high_load,5050.0,0.24323106919625806,1.1021389081684343e-07,4.007777847885215e-10,1.3662936768908543e-05,0.0
dry_high_load,5060.0,0.24330222982094443,1.0957314793025253e-07,3.984478106554637e-10,1.36669340506651e-05,0.0
dry_high_load,5070.0,0.2433729767440208,1.0893613008633713e-07,3.9613138213213496e-10,1.3670908093700726e-05,0.0
dry_high_load,5080.0,0.24344331237059563,1.0830281562907425e-07,3.9382842046936086e-10,1.3674859033116769e-05,0.0
dry_high_load,5090.0,0.24351323909179506,1.0767318302833967e-07,3.915388473757806e-10,1.3678787003229147e-05,0.0
dry_high_load,5100.0,0.24358275928484402,1.0704721087917905e-07,3.892625850151965e-10,1.3682692137572918e-05,0.0
dry_high_load,5110.0,0.2436518753131471,1.0642487790107755e-07,3.869995560039183e-10,1.3686574568906809e-05,0.0
dry_high_load,5120.0,0.24372058952636905,1.0580616293723774e-07,3.8474968340813716e-10,1.3690434429217742e-05,0.0
dry_high_load,5130.0,0.24378890426051444,1.0519104495385945e-07,3.8251289074130707e-10,1.3694271849725317e-05,0.0
dry_high_load,5140.0,0.2438568218380072,1.045795030394261e-07,3.802891019615494e-10,1.369808696088627e-05,0.0
dry_high_load,5150.0,0.24392434456776943,1.0397151640399341e-07,3.780782414690669e-10,1.3701879892398901e-05,0.0
dry_high_load,5160.0,0.24399147474530025,1.0336706437848026e-07,3.7588023410356453e-10,1.3705650773207509e-05,0.0
dry_high_load,5170.0,0.24405821465275343,1.0276612641396918e-07,3.7369500514170606e-10,1.3709399731506745e-05,0.0
dry_high_load,5180.0,0.24412456655901513,1.021686820810068e-07,3.7152248029457014e-10,1.3713126894745988e-05,0.0
dry_high_load,5190.0,0.24419053271978108,1.0157471106890853e-07,3.693625857051219e-10,1.3716832389633673e-05,0.0
dry_high_load,5200.0,0.24425611537763323,1.0098419318506919e-07,3.6721524794570614e-10,1.3720516342141599e-05,0.0
dry_high_load,5210.0,0.24432131676211602,1.0039710835427451e-07,3.650803940155436e-10,1.3724178877509211e-05,0.0
dry_high_load,5220.0,0.2443861390898121,9.981343661802162e-08,3.629579513382604e-10,1.3727820120247862e-05,0.0
dry_high_load,5230.0,0.24445058456441776,9.923315813383824e-08,3.6084784775941167e-10,1.3731440194145037e-05,0.0
dry_high_load,5240.0,0.24451465537681774,9.86562531746093e-08,3.5875001154403376e-10,1.3735039222268567e-05,0.0
dry_high_load,5250.0,0.24457835370515993,9.808270212790504e-08,3.5666437137420013e-10,1.3738617326970817e-05,0.0
dry_high_load,5260.0,0.24464168171492903,9.751248549531712e-08,3.5459085634660764e-10,1.374217462989283e-05,0.0
dry_high_load,5270.0,0.24470464155902075,9.694558389179075e-08,3.5252939597014815e-10,1.3745711251968488e-05,0.0
dry_high_load,5280.0,0.24476723537781422,9.638197804497247e-08,3.504799201635362e-10,1.3749227313428588e-05,0.0
dry_high_load,5290.0,0.24482946529924562,9.582164879454757e-08,3.484423592529002e-10,1.3752722933804969e-05,0.0
dry_high_load,5300.0,0.2448913334388799,9.526457709159401e-08,3.4641664396943276e-10,1.3756198231934546e-05,0.0
dry_high_load,5310.0,0.24495284189998293,9.471074399793253e-08,3.4440270544702735e-10,1.3759653325963367e-05,0.0
dry_high_load,5320.0,0.24501399277359281,9.416013068548564e-08,3.4240047521994776e-10,1.3763088333350607e-05,0.0
dry_high_load,5330.0,0.2450747881385914,9.361271843563202e-08,3.4040988522048005e-10,1.3766503370872594e-05,0.0
dry_high_load,5340.0,0.2451352300617745,9.306848863857586e-08,3.3843086777663947e-10,1.3769898554626755e-05,0.0
dry_high_load,5350.0,0.24519532059792246,9.252742279271073e-08,3.364633556098571e-10,1.3773274000035568e-05,0.0
dry_high_load,5360.0,0.24525506178986975,9.198950250399197e-08,3.3450728183269805e-10,1.3776629821850487e-05,0.0
dry_high_load,5370.0,0.2453144556685746,9.1454709485312e-08,3.3256257994658905e-10,1.3779966134155845e-05,0.0
dry_high_load,5380.0,0.24537350425318813,9.092302555587579e-08,3.306291838395483e-10,1.3783283050372733e-05,0.0
dry_high_load,5390.0,0.24543220955112266,9.039443264058681e-08,3.2870702778395196e-10,1.3786580683262848e-05,0.0
dry_high_load,5400.0,0.24549057355812023,8.986891276942956e-08,3.2679604643428926e-10,1.3789859144932334e-05,0.0
dry_high_load,5410.0,0.2455485982583205,8.9346448076859e-08,3.2489617482494176e-10,1.3793118546835598e-05,0.0
dry_high_load,5420.0,0.24560628562432796,8.882702080119414e-08,3.2300734836797864e-10,1.3796358999779085e-05,0.0
dry_high_load,5430.0,0.24566363761727902,8.831061328401494e-08,3.2112950285096334e-10,1.3799580613925053e-05,0.0
dry_high_load,5440.0,0.24572065618690894,8.77972079695594e-08,3.192625744347614e-10,1.3802783498795318e-05,0.0
dry_high_load,5450.0,0.24577734327161777,8.728678740412961e-08,3.1740649965138035e-10,1.3805967763274975e-05,0.0
dry_high_load,5460.0,0.24583370079853667,8.67793342354946e-08,3.1556121540179846e-10,1.3809133515616109e-05,0.0
dry_high_load,5470.0,0.24588973068359282,8.627483121230626e-08,3.1372665895384087e-10,1.3812280863441456e-05,0.0
dry_high_load,5480.0,0.24594543483157522,8.577326118350691e-08,3.119027679400251e-10,1.381540991374808e-05,0.0
dry_high_load,5490.0,0.2460008151361989,8.52746070977501e-08,3.1008948035545483e-10,1.3818520772911003e-05,0.0
dry_high_load,5500.0,0.24605587348016975,8.477885200281825e-08,3.082867345557027e-10,1.3821613546686821e-05,0.0
dry_high_load,5510.0,0.24611061173524812,8.428597904504907e-08,3.0649446925472387e-10,1.38246883402173e-05,0.0
dry_high_load,5520.0,0.24616503176231272,8.379597146876078e-08,3.0471262352276646e-10,1.382774525803295e-05,0.0
dry_high_load,5530.0,0.24621913541142376,8.330881261568295e-08,3.0294113678430156e-10,1.3830784404056582e-05,0.0
dry_high_load,5540.0,0.24627292452188593,8.282448592438999e-08,3.0117994881596356e-10,1.3833805881606835e-05,0.0
dry_high_load,5550.0,0.24632640092231078,8.234297492973901e-08,2.9942899974450543e-10,1.383680979340169e-05,0.0
dry_high_load,5560.0,0.24637956643067915,8.186426326230818e-08,2.97688230044757e-10,1.3839796241561969e-05,0.0
dry_high_load,5570.0,0.24643242285440267,8.138833464784278e-08,2.959575805376101e-10,1.3842765327614797e-05,0.0
dry_high_load,5580.0,0.24648497199038544,8.091517290669935e-08,2.942369923879976e-10,1.384571715249706e-05,0.0
dry_high_load,5590.0,0.2465372156250849,8.044476195329806e-08,2.92526407102902e-10,1.3848651816558834e-05,0.0
dry_high_load,5600.0,0.24658915553457283,7.997708579557407e-08,2.908257665293602e-10,1.3851569419566794e-05,0.0
dry_high_load,5610.0,0.24664079348459553,7.951212853443416e-08,2.8913501285248783e-10,1.3854470060707612e-05,0.0
dry_high_load,5620.0,0.24669213123063385,7.904987436321713e-08,2.874540885935168e-10,1.3857353838591326e-05,0.0
dry_high_load,5630.0,0.24674317051796307,7.859030756715555e-08,2.8578293660783833e-10,1.386022085125469e-05,0.0
dry_high_load,5640.0,0.2467939130817118,7.813341252284296e-08,2.841215000830653e-10,1.3863071196164501e-05,0.0
dry_high_load,5650.0,0.24684436064692156,7.767917369769983e-08,2.824697225370903e-10,1.3865904970220931e-05,0.0
dry_high_load,5660.0,0.24689451492860495,7.722757564944838e-08,2.8082754781617587e-10,1.3868722269760807e-05,0.0
dry_high_load,5670.0,0.2469443776318041,7.6778603025587e-08,2.791949200930436e-10,1.3871523190560884e-05,0.0
dry_high_load,5680.0,0.24699395045164874,7.633224056286702e-08,2.7757178386497093e-10,1.3874307827841113e-05,0.0
dry_high_load,5690.0,0.24704323507341377,7.588847308677407e-08,2.7595808395190565e-10,1.3877076276267872e-05,0.0
dry_high_load,5700.0,0.24709223317257642,7.544728551101397e-08,2.743537654945962e-10,1.3879828629957177e-05,0.0
dry_high_load,5710.0,0.24714094641487339,7.500866283699836e-08,2.727587739527213e-10,1.3882564982477894e-05,0.0
dry_high_load,5720.0,0.24718937645635736,7.457259015333476e-08,2.7117305510303544e-10,1.3885285426854913e-05,0.0
dry_high_load,5730.0,0.2472375249434533,7.413905263532093e-08,2.695965550375306e-10,1.3887990055572306e-05,0.0
dry_high_load,5740.0,0.24728539351301454,7.370803554443917e-08,2.6802922016159696e-10,1.3890678960576484e-05,0.0
dry_high_load,5750.0,0.24733298379237836,7.327952422785594e-08,2.6647099719220336e-10,1.3893352233279315e-05,0.0
dry_high_load,5760.0,0.24738029739942125,7.285350411792422e-08,2.64921833156088e-10,1.3896009964561227e-05,0.0
dry_high_load,5770.0,0.24742733594261396,7.242996073168822e-08,2.633816753879571e-10,1.3898652244774307e-05,0.0
dry_high_load,5780.0,0.2474741010210762,7.200887967039061e-08,2.6185047152869306e-10,1.3901279163745366e-05,0.0
dry_high_load,5790.0,0.247520594224631,7.159024661898252e-08,2.6032816952357275e-10,1.3903890810778995e-05,0.0
dry_high_load,5800.0,0.2475668171338586,7.117404734563903e-08,2.588147176205055e-10,1.39064872746606e-05,0.0
dry_high_load,5810.0,0.2476127713201507,7.076026770127107e-08,2.5731006436825843e-10,1.390906864365943e-05,0.0
dry_high_load,5820.0,0.24765845834576317,7.034889361904916e-08,2.558141586147242e-10,1.3911635005531559e-05,0.0
dry_high_load,5830.0,0.24770387976386957,6.993991111392339e-08,2.543269495051759e-10,1.3914186447522883e-05,0.0
dry_high_load,5840.0,0.24774903711861393,6.953330628214672e-08,2.5284838648053346e-10,1.3916723056372082e-05,0.0
dry_high_load,5850.0,0.2477939319451632,6.912906530080404e-08,2.51378419275651e-10,1.3919244918313571e-05,0.0
dry_high_load,5860.0,0.24783856576975943,6.87271744273408e-08,2.4991699791760287e-10,1.3921752119080432e-05,0.0
dry_high_load,5870.0,0.24788294010977163,6.832761999909778e-08,2.484640727239919e-10,1.3924244743907318e-05,0.0
dry_high_load,5880.0,0.24792705647374746,6.793038843284393e-08,2.470195943012506e-10,1.392672287753337e-05,0.0
dry_high_load,5890.0,0.24797091636146434,6.75354662243173e-08,2.4558351354297195e-10,1.392918660420508e-05,0.0
dry_high_load,5900.0,0.2480145212639806,6.714283994776447e-08,2.441557816282344e-10,1.393163600767916e-05,0.0
dry_high_load,5910.0,0.24805787266368612,6.675249625548397e-08,2.427363500199417e-10,1.3934071171225403e-05,0.0
dry_high_load,5920.0,0.24810097203435258,6.636442187737379e-08,2.413251704631774e-10,1.3936492177629485e-05,0.0
dry_high_load,5930.0,0.24814382084118397,6.597860362047797e-08,2.399221949835562e-10,1.3938899109195813e-05,0.0
dry_high_load,5940.0,0.24818642054086584,6.559502836854088e-08,2.385273758856032e-10,1.3941292047750296e-05,0.0
dry_high_load,5950.0,0.24822877258161521,6.521368308155996e-08,2.371406657511271e-10,1.394367107464314e-05,0.0
dry_high_load,5960.0,0.24827087840322976,6.483455479534126e-08,2.3576201743760454e-10,1.3946036270751612e-05,0.0
dry_high_load,5970.0,0.24831273943713666,6.445763062106088e-08,2.3439138407658496e-10,1.394838771648279e-05,0.0
dry_high_load,5980.0,0.24835435710644133,6.408289774482514e-08,2.3302871907209134e-10,1.395072549177629e-05,0.0
dry_high_load,5990.0,0.2483957328259757,6.371034342723607e-08,2.3167397609904023e-10,1.3953049676106995e-05,0.0
dry_high_load,6000.0,0.24843686800234652,6.33399550029575e-08,2.303271091016636e-10,1.3955360348487744e-05,0.0
dry_high_load,6010.0,0.2484777640339829,6.297171988028543e-08,2.28988072291947e-10,1.3957657587472031e-05,0.0
dry_high_load,6020.0,0.24851842231118412,6.260562554071832e-08,2.276568201480666e-10,1.3959941471156663e-05,0.0
dry_high_load,6030.0,0.2485588442161667,6.224165953853406e-08,2.2633330741285108e-10,1.3962212077184425e-05,0.0
dry_high_load,6040.0,0.2485990311231114,6.187980950036472e-08,2.250174890922353e-10,1.3964469482746708e-05,0.0
dry_high_load,6050.0,0.24863898439821028,6.152006312477515e-08,2.237093204537278e-10,1.3966713764586155e-05,0.0
dry_high_load,6060.0,0.24867870539971254,6.116240818184818e-08,2.2240875702490244e-10,1.3968944998999245e-05,0.0
dry_high_load,6070.0,0.24871819547797117,6.080683251276635e-08,2.2111575459187758e-10,1.3971163261838895e-05,0.0
dry_high_load,6080.0,0.24875745597548865,6.045332402939922e-08,2.1983026919781533e-10,1.3973368628517051e-05,0.0
dry_high_load,6090.0,0.24879648822696265,6.010187071389173e-08,2.1855225714142443e-10,1.3975561174007229e-05,0.0
dry_high_load,6100.0,0.2488352935593316,5.975246061825567e-08,2.172816749754751e-10,1.3977740972847094e-05,0.0
dry_high_load,6110.0,0.24887387329181931,5.9405081863965054e-08,2.1601847950532743e-10,1.3979908099140963e-05,0.0
dry_high_load,6120.0,0.2489122287359802,5.9059722641551646e-08,2.1476262778746053e-10,1.3982062626562338e-05,0.0
dry_high_load,6130.0,0.24895036119574396,5.871637121020155e-08,2.135140771280056e-10,1.3984204628356421e-05,0.0
dry_high_load,6140.0,0.2489882719674594,5.837501589735967e-08,2.1227278508130785e-10,1.3986334177342578e-05,0.0
dry_high_load,6150.0,0.2490259623399392,5.8035645098327966e-08,2.1103870944846528e-10,1.3988451345916847e-05,0.0
dry_high_load,6160.0,0.2490634335945031,5.7698247275876925e-08,2.0981180827591605e-10,1.3990556206054369e-05,0.0
dry_high_load,6170.0,0.2491006870050217,5.736281095984869e-08,2.085920398539952e-10,1.399264882931185e-05,0.0
dry_high_load,6180.0,0.24913772383796007,5.702932474676808e-08,2.0737936271552027e-10,1.399472928683e-05,0.0
dry_high_load,6190.0,0.24917454535242023,5.669777729945654e-08,2.061737356343874e-10,1.3996797649335938e-05,0.0
dry_high_load,6200.0,0.24921115280018435,5.63681573466457e-08,2.0497511762416616e-10,1.3998853987145599e-05,0.0
dry_high_load,6210.0,0.2492475474257572,5.6040453682593855e-08,2.037834679367049e-10,1.4000898370166127e-05,0.0
dry_high_load,6220.0,0.24928373046640845,5.5714655166705255e-08,2.0259874606074635e-10,1.4002930867898257e-05,0.0
dry_high_load,6230.0,0.24931970315221474,5.539075072315188e-08,2.0142091172055228e-10,1.4004951549438668e-05,0.0
dry_high_load,6240.0,0.2493554667061016,5.506872934049525e-08,2.0024992487452816e-10,1.4006960483482341e-05,0.0
dry_high_load,6250.0,0.2493910223438847,5.474858007131543e-08,1.9908574571387427e-10,1.4008957738324883e-05,0.0
dry_high_load,6260.0,0.24942637127431155,5.443029203183514e-08,1.9792833466121868e-10,1.4010943381864858e-05,0.0
dry_high_load,6270.0,0.24946151469910255,5.4113854401551325e-08,1.967776523692775e-10,1.4012917481606099e-05,0.0
dry_high_load,6280.0,0.24949645381299154,5.379925642286814e-08,1.956336597195205e-10,1.401488010465999e-05,0.0
dry_high_load,6290.0,0.24953118980376668,5.348648740073044e-08,1.9449631782083793e-10,1.4016831317747752e-05,0.0
dry_high_load,6300.0,0.24956572385231088,5.317553670225909e-08,1.9336558800821485e-10,1.4018771187202724e-05,0.0
dry_high_load,6310.0,0.24960005713264174,5.2866393756391437e-08,1.9224143184142338e-10,1.4020699778972598e-05,0.0
dry_high_load,6320.0,0.24963419081195146,5.255904805352171e-08,1.9112381110371528e-10,1.402261715862167e-05,0.0
dry_high_load,6330.0,0.24966812605064675,5.2253489145142125e-08,1.9001268780051679e-10,1.4024523391333075e-05,0.0
dry_high_load,6340.0,0.24970186400238817,5.1949706643488367e-08,1.889080241581395e-10,1.4026418541910994e-05,0.0
dry_high_load,6350.0,0.2497354058141292,5.1647690221188097e-08,1.8780978262250215e-10,1.4028302674782863e-05,0.0
dry_high_load,6360.0,0.2497687526261554,5.134742961090773e-08,1.8671792585784625e-10,1.4030175854001553e-05,0.0
dry_high_load,6370.0,0.24980190557212317,5.104891460500345e-08,1.8563241674546707e-10,1.4032038143247569e-05,0.0
dry_high_load,6380.0,0.24983486577909822,5.0752135055176484e-08,1.8455321838245991e-10,1.4033889605831186e-05,0.0
dry_high_load,6390.0,0.24986763436759396,5.045708087212496e-08,1.8348029408045438e-10,1.403573030469463e-05,0.0
dry_high_load,6400.0,0.24990021245160945,5.0163742025203825e-08,1.8241360736437752e-10,1.4037560302414193e-05,0.0
dry_high_load,6410.0,0.24993260113866753,4.987210854208095e-08,1.8135312197120342e-10,1.403937966120238e-05,0.0
dry_high_load,6420.0,0.24996480152985212,4.958217050840149e-08,1.8029880184873266e-10,1.4041188442910009e-05,0.0
dry_high_load,6430.0,0.249996814719846,4.929391806744739e-08,1.7925061115435412e-10,1.4042986709028325e-05,0.0
dry_high_load,6440.0,0.2500286417969677,4.9007341419805546e-08,1.7820851425383832e-10,1.4044774520691079e-05,0.0
dry_high_load,6450.0,0.25006028384320894,4.8722430823030895e-08,1.7717247572011233e-10,1.4046551938676623e-05,0.0
dry_high_load,6460.0,0.2500917419342708,4.843917659131969e-08,1.7614246033207158e-10,1.4048319023409957e-05,0.0
dry_high_load,6470.0,0.25012301713960094,4.8157569095175956e-08,1.7511843307336707e-10,1.4050075834964797e-05,0.0
dry_high_load,6480.0,0.2501541105224295,4.7877598761086894e-08,1.7410035913122505e-10,1.4051822433065613e-05,0.0
dry_high_load,6490.0,0.2501850231398053,4.759925607119696e-08,1.7308820389526166e-10,1.4053558877089656e-05,0.0
dry_high_load,6500.0,0.2502157560426321,4.732253156298262e-08,1.720819329563004e-10,1.405528522606898e-05,0.0
dry_high_load,6510.0,0.2502463102757039,4.704741582893321e-08,1.7108151210521165e-10,1.4057001538692453e-05,0.0
dry_high_load,6520.0,0.2502766868777406,4.677389951623079e-08,1.7008690733174832e-10,1.4058707873307737e-05,0.0
dry_high_load,6530.0,0.2503068868814236,4.6501973326428455e-08,1.6909808482337617e-10,1.4060404287923295e-05,0.0
dry_high_load,6540.0,0.2503369113134306,4.6231628015138425e-08,1.681150109641397e-10,1.4062090840210342e-05,0.0
dry_high_load,6550.0,0.2503667611944705,4.596285439171695e-08,1.6713765233351614e-10,1.4063767587504817e-05,0.0
dry_high_load,6560.0,0.2503964375393182,4.5695643318950696e-08,1.6616597570527525e-10,1.406543458680933e-05,0.0
dry_high_load,6570.0,0.250425941356849,4.542998571274694e-08,1.651999480463525e-10,1.4067091894795094e-05,0.0
dry_high_load,6580.0,0.2504552736500731,4.5165872541824405e-08,1.6423953651572507e-10,1.4068739567803862e-05,0.0
dry_high_load,6590.0,0.2504844354161695,4.490329482740642e-08,1.6328470846329606e-10,1.4070377661849831e-05,0.0
dry_high_load,6600.0,0.2505134276465201,4.4642243642914304e-08,1.6233543142877927e-10,1.4072006232621561e-05,0.0
dry_high_load,6610.0,0.250542251326743,4.4382710113668554e-08,1.613916731406129e-10,1.407362533548385e-05,0.0
dry_high_load,6620.0,0.25057090743672655,4.412468541658012e-08,1.604534015148368e-10,1.407523502547963e-05,0.0
dry_high_load,6630.0,0.25059939695066225,4.3868160779856065e-08,1.5952058465402202e-10,1.4076835357331833e-05,0.0
dry_high_load,6640.0,0.250627720837078,4.3613127482699055e-08,1.5859319084617838e-10,1.4078426385445253e-05,0.0
dry_high_load,6650.0,0.25065588005887113,4.3359576855011345e-08,1.576711885636776e-10,1.408000816390839e-05,0.0
dry_high_load,6660.0,0.2506838755733409,4.310750027710043e-08,1.5675454646218334e-10,1.4081580746495301e-05,0.0
dry_high_load,6670.0,0.25071170833222134,4.2856889179383624e-08,1.558432333795768e-10,1.4083144186667416e-05,0.0
dry_high_load,6680.0,0.25073937928171347,4.2607735042100103e-08,1.5493721833490945e-10,1.4084698537575364e-05,0.0
dry_high_load,6690.0,0.2507668893625172,4.2360029395020554e-08,1.5403647052734745e-10,1.4086243852060765e-05,0.0
dry_high_load,6700.0,0.2507942395098638,4.2113763817156444e-08,1.5314095933511433e-10,1.4087780182658052e-05,0.0
dry_high_load,6710.0,0.2508214306535473,4.1868929936477955e-08,1.5225065431446527e-10,1.408930758159623e-05,0.0
dry_high_load,6720.0,0.2508484637179564,4.162551942962494e-08,1.5136552519863611e-10,1.409082610080067e-05,0.0
dry_high_load,6730.0,0.25087533962210556,4.138352402162802e-08,1.5048554189682916e-10,1.4092335791894866e-05,0.0
dry_high_load,6740.0,0.25090205927966663,4.114293548562444e-08,1.4961067449317977e-10,1.4093836706202196e-05,0.0
dry_high_load,6750.0,0.25092862359899953,4.090374564257977e-08,1.487408932457446e-10,1.4095328894747657e-05,0.0
dry_high_load,6760.0,0.25095503348318354,4.0665946361008424e-08,1.4787616858548515e-10,1.4096812408259614e-05,0.0
dry_high_load,6770.0,0.25098128983004747,4.0429529556700266e-08,1.4701647111527368e-10,1.4098287297171502e-05,0.0
dry_high_load,6780.0,0.2510073935322007,4.019448719244214e-08,1.461617716088805e-10,1.4099753611623567e-05,0.0
dry_high_load,6790.0,0.25103334547706313,3.996081127774769e-08,1.453120410099916e-10,1.4101211401464552e-05,0.0
dry_high_load,6800.0,0.2510591465468959,3.972849386858182e-08,1.4446725043120659e-10,1.4102660716253403e-05,0.0
dry_high_load,6810.0,0.25108479761883046,3.9497527067096265e-08,1.436273711530773e-10,1.4104101605260945e-05,0.0
dry_high_load,6820.0,0.2511102995648994,3.926790302135595e-08,1.427923746231125e-10,1.4105534117471556e-05,0.0
dry_high_load,6830.0,0.2511356532520654,3.9039613925074735e-08,1.419622324548172e-10,1.4106958301584847e-05,0.0
dry_high_load,6840.0,0.2511608595422511,3.8812652017347976e-08,1.411369164267199e-10,1.4108374206017302e-05,0.0
dry_high_load,6850.0,0.2511859192923681,3.858700958239204e-08,1.403163984814256e-10,1.410978187890393e-05,0.0
dry_high_load,6860.0,0.25121083335434624,3.8362678949279413e-08,1.3950065072465239e-10,1.4111181368099898e-05,0.0
dry_high_load,6870.0,0.2512356025751626,3.813965249167844e-08,1.3868964542428522e-10,1.4112572721182164e-05,0.0
dry_high_load,6880.0,0.25126022779687024,3.79179226275937e-08,1.3788335500943161e-10,1.411395598545109e-05,0.0
dry_high_load,6890.0,0.2512847098566268,3.769748181910918e-08,1.370817520694879e-10,1.4115331207932052e-05,0.0
dry_high_load,6900.0,0.2513090495867231,3.747832257213115e-08,1.3628480935320415e-10,1.4116698435377037e-05,0.0
dry_high_load,6910.0,0.25133324781461136,3.726043743613303e-08,1.3549249976775646e-10,1.4118057714266239e-05,0.0
dry_high_load,6920.0,0.251357305362933,3.70438190039053e-08,1.3470479637783743e-10,1.4119409090809622e-05,0.0
dry_high_load,6930.0,0.2513812230495472,3.6828459911299046e-08,1.3392167240472378e-10,1.412075261094851e-05,0.0
dry_high_load,6940.0,0.25140500168755825,3.661435283697863e-08,1.3314310122537683e-10,1.4122088320357134e-05,0.0
dry_high_load,6950.0,0.25142864208534343,3.6401490502172046e-08,1.323690563715347e-10,1.4123416264444204e-05,0.0
dry_high_load,6960.0,0.2514521450465804,3.618986567042292e-08,1.315995115288106e-10,1.4124736488354432e-05,0.0
dry_high_load,6970.0,0.25147551137027463,3.5979471147344474e-08,1.3083444053579805e-10,1.4126049036970078e-05,0.0
dry_high_load,6980.0,0.25149874185078624,3.577029978037705e-08,1.3007381738318924e-10,1.412735395491247e-05,0.0
dry_high_load,6990.0,0.2515218372778574,3.5562344458542465e-08,1.2931761621288167e-10,1.4128651286543528e-05,0.0
dry_high_load,7000.0,0.25154479843663896,3.5355598112202206e-08,1.285658113170989e-10,1.4129941075967265e-05,0.0
dry_high_load,7010.0,0.2515676261077172,3.515005371282002e-08,1.2781837713752732e-10,1.4131223367031291e-05,0.0
dry_high_load,7020.0,0.2515903210671404,3.494570427271926e-08,1.2707528826443368e-10,1.41324982033283e-05,0.0
dry_high_load,7030.0,0.25161288408644517,3.4742542844847194e-08,1.2633651943580795e-10,1.4133765628197563e-05,0.0
dry_high_load,7040.0,0.2516353159326826,3.4540562522539725e-08,1.2560204553650807e-10,1.413502568472638e-05,0.0
dry_high_load,7050.0,0.2516576173684445,3.433975643928573e-08,1.2487184159740263e-10,1.4136278415751562e-05,0.0
dry_high_load,7060.0,0.2516797891518892,3.414011776849199e-08,1.2414588279451633e-10,1.4137523863860887e-05,0.0
dry_high_load,7070.0,0.2517018320367676,3.3941639723252596e-08,1.2342414444819123e-10,1.413876207139454e-05,0.0
dry_high_load,7080.0,0.25172374677244824,3.3744315556119606e-08,1.227066020222531e-10,1.4139993080446557e-05,0.0
dry_high_load,7090.0,0.2517455341039433,3.354813855887181e-08,1.219932311231702e-10,1.414121693286625e-05,0.0
dry_high_load,7100.0,0.2517671947719337,3.3353102062286244e-08,1.212840074992227e-10,1.4142433670259638e-05,0.0
dry_high_load,7110.0,0.2517887295127943,3.315919943591372e-08,1.2057890703968625e-10,1.414364333399086e-05,0.0
dry_high_load,7120.0,0.25181013905861893,3.2966424087850983e-08,1.1987790577400355e-10,1.4144845965183576e-05,0.0
dry_high_load,7130.0,0.25183142413724535,3.2774769464517934e-08,1.191809798709743e-10,1.414604160472237e-05,0.0
dry_high_load,7140.0,0.25185258547228,3.2584229050433803e-08,1.1848810563794108e-10,1.414723029325414e-05,0.0
dry_high_load,7150.0,0.25187362378312234,3.239479636799841e-08,1.177992595199942e-10,1.4148412071189473e-05,0.0
dry_high_load,7160.0,0.25189453978498966,3.220646497726832e-08,1.171144180991575e-10,1.4149586978704028e-05,0.0
dry_high_load,7170.0,0.25191533418894124,3.20192284757396e-08,1.1643355809359851e-10,1.4150755055739896e-05,0.0
dry_high_load,7180.0,0.2519360077019025,3.183308049813054e-08,1.1575665635683831e-10,1.4151916342006959e-05,0.0
dry_high_load,7190.0,0.25195656102668895,3.1648014716165236e-08,1.1508368987696447e-10,1.4153070876984239e-05,0.0
dry_high_load,7200.0,0.2519769948620303,3.146402483835804e-08,1.1441463577584739e-10,1.415421869992124e-05,0.0
dry_high_load,7210.0,0.25199730990259417,3.128110460979795e-08,1.1374947130835618e-10,1.4155359849839296e-05,0.0
dry_high_load,7220.0,0.2520175068390094,3.1099247811940295e-08,1.1308817386160105e-10,1.4156494365532868e-05,0.0
dry_high_load,7230.0,0.25203758635789014,3.0918448262390475e-08,1.1243072095414716e-10,1.4157622285570897e-05,0.0
dry_high_load,7240.0,0.25205754914185846,3.073869981469711e-08,1.117770902352622e-10,1.4158743648298082e-05,0.0
dry_high_load,7250.0,0.25207739586956807,3.055999635814259e-08,1.1112725948415487e-10,1.4159858491836215e-05,0.0
dry_high_load,7260.0,0.25209712721572725,3.038233181753367e-08,1.1048120660921334e-10,1.416096685408545e-05,0.0
dry_high_load,7270.0,0.25211674385112176,3.020570015299604e-08,1.098389096472583e-10,1.4162068772725612e-05,0.0
dry_high_load,7280.0,0.2521362464426376,3.00300953597704e-08,1.0920034676280144e-10,1.4163164285217462e-05,0.0
dry_high_load,7290.0,0.2521556356532839,2.985551146800434e-08,1.0856549624728848e-10,1.416425342880399e-05,0.0
dry_high_load,7300.0,0.25217491214221505,2.9681942542555773e-08,1.0793433651838461e-10,1.4165336240511653e-05,0.0
dry_high_load,7310.0,0.2521940765647536,2.950938268278292e-08,1.0730684611921061e-10,1.4166412757151662e-05,0.0
dry_high_load,7320.0,0.2522131295724122,2.9337826022351583e-08,1.0668300371764211e-10,1.4167483015321216e-05,0.0
dry_high_load,7330.0,0.2522320718129158,2.9167266729031012e-08,1.060627881055673e-10,1.4168547051404753e-05,0.0
dry_high_load,7340.0,0.2522509039302237,2.8997699004496977e-08,1.0544617819817081e-10,1.416960490157518e-05,0.0
dry_high_load,7350.0,0.25226962656455165,2.882911708413356e-08,1.0483315303321294e-10,1.4170656601795123e-05,0.0
dry_high_load,7360.0,0.25228824035239333,2.866151523683897e-08,1.0422369177032352e-10,1.417170218781812e-05,0.0
dry_high_load,7370.0,0.2523067459265418,2.8494887764832428e-08,1.0361777369029972e-10,1.417274169518985e-05,0.0
dry_high_load,7380.0,0.25232514391611177,2.832922900345277e-08,1.030153781943737e-10,1.4173775159249356e-05,0.0
dry_high_load,7390.0,0.2523434349465602,2.8164533320975288e-08,1.0241648480354648e-10,1.4174802615130221e-05,0.0
dry_high_load,7400.0,0.2523616196397079,2.8000795118415005e-08,1.0182107315787273e-10,1.4175824097761778e-05,0.0
dry_high_load,7410.0,0.25237969861376075,2.7838008829335878e-08,1.0122912301576681e-10,1.4176839641870296e-05,0.0
dry_high_load,7420.0,0.2523976724833305,2.767616891966551e-08,1.0064061425332911e-10,1.4177849281980154e-05,0.0
dry_high_load,7430.0,0.25241554185945586,2.751526988750266e-08,1.0005552686364602e-10,1.4178853052415023e-05,0.0
dry_high_load,7440.0,0.25243330734962316,2.73553062629326e-08,9.947384095611853e-11,1.4179850987299028e-05,0.0
dry_high_load,7450.0,0.25245096955778706,2.719627260784054e-08,9.889553675578377e-11,1.4180843120557907e-05,0.0
dry_high_load,7460.0,0.2524685290843909,2.7038163515728255e-08,9.83205946026482e-11,1.4181829485920165e-05,0.0
dry_high_load,7470.0,0.2524859865263875,2.688097361152647e-08,9.774899495100534e-11,1.418281011691823e-05,0.0
dry_high_load,7480.0,0.252503342477259,2.6724697551416763e-08,9.718071836878822e-11,1.4183785046889574e-05,0.0
dry_high_load,7490.0,0.25252059752703737,2.6569330022646283e-08,9.661574553689557e-11,1.4184754308977864e-05,0.0
dry_high_load,7500.0,0.25253775226232433,2.641486574334987e-08,9.605405724854497e-11,1.4185717936134081e-05,0.0
dry_high_load,7510.0,0.2525548072663113,2.626129946236794e-08,9.549563440861067e-11,1.418667596111764e-05,0.0
dry_high_load,7520.0,0.2525717631187993,2.6108625959069468e-08,9.494045803297986e-11,1.4187628416497506e-05,0.0
dry_high_load,7530.0,0.2525886203962185,2.595684004317515e-08,9.438850924790962e-11,1.4188575334653297e-05,0.0
dry_high_load,7540.0,0.252605379671648,2.5805936554578906e-08,9.383976928937783e-11,1.418951674777639e-05,0.0
dry_high_load,7550.0,0.25262204151483514,2.5655910363174236e-08,9.329421950245175e-11,1.4190452687871017e-05,0.0
dry_high_load,7560.0,0.25263860649221515,2.5506756368678667e-08,9.275184134064969e-11,1.4191383186755347e-05,0.0
dry_high_load,7570.0,0.25265507516693,2.5358469500461597e-08,9.221261636531489e-11,1.4192308276062564e-05,0.0
dry_high_load,7580.0,0.2526714480988478,2.5211044717371077e-08,9.167652624498572e-11,1.4193227987241954e-05,0.0
dry_high_load,7590.0,0.25268772584458193,2.506447700756165e-08,9.114355275476963e-11,1.419414235155997e-05,0.0
dry_high_load,7600.0,0.25270390895750966,2.491876138832643e-08,9.061367777573245e-11,1.4195051400101286e-05,0.0
dry_high_load,7610.0,0.2527199979877912,2.4773892905924937e-08,9.008688329427249e-11,1.4195955163769868e-05,0.0
dry_high_load,7620.0,0.2527359934823884,2.4629866635416238e-08,8.956315140151357e-11,1.4196853673290018e-05,0.0
dry_high_load,7630.0,0.2527518959850832,2.4486677680490804e-08,8.904246429269382e-11,1.4197746959207415e-05,0.0
dry_high_load,7640.0,0.2527677060364962,2.4344321173305134e-08,8.852480426656411e-11,1.4198635051890155e-05,0.0
dry_high_load,7650.0,0.25278342417410493,2.420279227431552e-08,8.80101537247837e-11,1.419951798152979e-05,0.0
dry_high_load,7660.0,0.2527990509322624,2.406208617211351e-08,8.749849517132185e-11,1.4200395778142345e-05,0.0
dry_high_load,7670.0,0.252814586842215,2.3922198083262013e-08,8.698981121186186e-11,1.4201268471569347e-05,0.0
dry_high_load,7680.0,0.25283003243212077,2.3783123252132874e-08,8.648408455321045e-11,1.4202136091478836e-05,0.0
dry_high_load,7690.0,0.2528453882270671,2.3644856950745307e-08,8.598129800271019e-11,1.4202998667366369e-05,0.0
dry_high_load,7700.0,0.2528606547490886,2.3507394478607496e-08,8.54814344676636e-11,1.4203856228556024e-05,0.0
dry_high_load,7710.0,0.2528758325171852,2.337073116255185e-08,8.4984476954734e-11,1.4204708804201408e-05,0.0
dry_high_load,7720.0,0.2528909220473395,2.3234862356579786e-08,8.449040856938102e-11,1.4205556423286633e-05,0.0
dry_high_load,7730.0,0.2529059238525343,2.3099783441702902e-08,8.399921251528326e-11,1.4206399114627313e-05,0.0
dry_high_load,7740.0,0.25292083844277014,2.2965489825786073e-08,8.351087209376752e-11,1.4207236906871536e-05,0.0
dry_high_load,7750.0,0.2529356663250826,2.2831976943391172e-08,8.302537070324061e-11,1.4208069828500838e-05,0.0
dry_high_load,7760.0,0.25295040800355956,2.2699240255620787e-08,8.254269183862103e-11,1.420889790783118e-05,0.0
dry_high_load,7770.0,0.25296506397935825,2.256727524996703e-08,8.206281909078919e-11,1.4209721173013896e-05,0.0
dry_high_load,7780.0,0.25297963475072244,2.2436077440154415e-08,8.158573614601605e-11,1.4210539652036666e-05,0.0
dry_high_load,7790.0,0.2529941208129994,2.2305642365988444e-08,8.111142678541252e-11,1.4211353372724464e-05,0.0
dry_high_load,7800.0,0.2530085226586563,2.2175965593206745e-08,8.063987488438815e-11,1.4212162362740488e-05,0.0
dry_high_load,7810.0,0.25302284077729764,2.2047042713324276e-08,8.017106441208826e-11,1.4212966649587116e-05,0.0
dry_high_load,7820.0,0.2530370756556813,2.1918869343486578e-08,7.970497943086028e-11,1.4213766260606842e-05,0.0
dry_high_load,7830.0,0.2530512277777354,2.1791441126318577e-08,7.924160409570392e-11,1.4214561222983196e-05,0.0
dry_high_load,7840.0,0.2530652976245748,2.1664753729777415e-08,7.878092265373605e-11,1.4215351563741677e-05,0.0
dry_high_load,7850.0,0.25307928567451715,2.1538802847005486e-08,7.83229194436563e-11,1.4216137309750664e-05,0.0
dry_high_load,7860.0,0.2530931924030994,2.1413584196184115e-08,7.786757889521496e-11,1.4216918487722335e-05,0.0
dry_high_load,7870.0,0.25310701828309407,2.128909352038596e-08,7.741488552867621e-11,1.4217695124213576e-05,0.0
dry_high_load,7880.0,0.2531207637845249,2.1165326587432922e-08,7.696482395430152e-11,1.4218467245626876e-05,0.0
dry_high_load,7890.0,0.25313442937468317,2.1042279189752576e-08,7.651737887182754e-11,1.421923487821123e-05,0.0
dry_high_load,7900.0,0.25314801551814364,2.0919947144230783e-08,7.60725350699301e-11,1.4219998048063037e-05,0.0
dry_high_load,7910.0,0.25316152267677994,2.079832629207532e-08,7.563027742572843e-11,1.4220756781126973e-05,0.0
dry_high_load,7920.0,0.25317495130978085,2.0677412498669346e-08,7.519059090425216e-11,1.422151110319689e-05,0.0
dry_high_load,7930.0,0.25318830187366526,2.0557201653435445e-08,7.475346055794707e-11,1.4222261039916671e-05,0.0
dry_high_load,7940.0,0.25320157482229827,2.0437689669692065e-08,7.431887152615295e-11,1.4223006616781129e-05,0.0
dry_high_load,7950.0,0.2532147706069064,2.0318872484515443e-08,7.38868090346016e-11,1.4223747859136856e-05,0.0
dry_high_load,7960.0,0.2532278896760927,2.020074605860387e-08,7.345725839492314e-11,1.422448479218308e-05,0.0
dry_high_load,7970.0,0.25324093247585244,2.008330637613772e-08,7.303020500413714e-11,1.4225217440972544e-05,0.0
dry_high_load,7980.0,0.25325389944958776,1.996654944464456e-08,7.260563434416202e-11,1.422594583041233e-05,0.0
dry_high_load,7990.0,0.25326679103812333,1.9850471294861086e-08,7.218353198131303e-11,1.4226669985264727e-05,0.0
dry_high_load,8000.0,0.2532796076797208,1.9735067980601827e-08,7.176388356582481e-11,1.4227389930148062e-05,0.0
dry_high_load,8010.0,0.253292349810094,1.9620335578621928e-08,7.134667483135246e-11,1.422810568953754e-05,0.0
dry_high_load,8020.0,0.25330501786242376,1.9506270188485017e-08,7.093189159449096e-11,1.4228817287766083e-05,0.0
dry_high_load,8030.0,0.2533176122673724,1.9392867932430214e-08,7.051951975429169e-11,1.422952474902514e-05,0.0
dry_high_load,8040.0,0.2533301334530987,1.928012495524106e-08,7.010954529178565e-11,1.4230228097365527e-05,0.0
dry_high_load,8050.0,0.2533425818452721,1.916803742411316e-08,6.970195426950239e-11,1.4230927356698236e-05,0.0
dry_high_load,8060.0,0.2533549578670875,1.905660152852523e-08,6.929673283100083e-11,1.4231622550795245e-05,0.0
dry_high_load,8070.0,0.25336726193927944,1.8945813480109074e-08,6.889386720039662e-11,1.4232313703290336e-05,0.0
dry_high_load,8080.0,0.2533794944801365,1.883566951251935e-08,6.849334368188853e-11,1.4233000837679893e-05,0.0
dry_high_load,8090.0,0.2533916559055155,1.8726165881308845e-08,6.809514865930488e-11,1.4233683977323697e-05,0.0
dry_high_load,8100.0,0.25340374662885556,1.861729886379677e-08,6.769926859562461e-11,1.4234363145445726e-05,0.0
dry_high_load,8110.0,0.2534157670611921,1.8509064758948262e-08,6.730569003253913e-11,1.423503836513494e-05,0.0
dry_high_load,8120.0,0.25342771761117133,1.8401459887240335e-08,6.691439958996485e-11,1.4235709659346075e-05,0.0
dry_high_load,8130.0,0.2534395986850633,1.8294480590544792e-08,6.652538396561741e-11,1.4236377050900407e-05,0.0
dry_high_load,8140.0,0.2534514106867764,1.818812323199989e-08,6.613862993454503e-11,1.4237040562486544e-05,0.0
dry_high_load,8150.0,0.2534631540178708,1.8082384195885825e-08,6.575412434867571e-11,1.4237700216661188e-05,0.0
dry_high_load,8160.0,0.253474829077572,1.797725988750531e-08,6.537185413638293e-11,1.4238356035849908e-05,0.0
dry_high_load,8170.0,0.25348643626278483,1.7872746733057354e-08,6.499180630202673e-11,1.4239008042347892e-05,0.0
dry_high_load,8180.0,0.2534979759681066,1.7768841179517632e-08,6.461396792551865e-11,1.4239656258320727e-05,0.0
dry_high_load,8190.0,0.25350944858584035,1.7665539694519678e-08,6.423832616188972e-11,1.4240300705805121e-05,0.0
dry_high_load,8200.0,0.2535208545060085,1.7562838766232917e-08,6.386486824084697e-11,1.4240941406709671e-05,0.0
dry_high_load,8210.0,0.25353219411636624,1.7460734903240268e-08,6.349358146632824e-11,1.4241578382815618e-05,0.0
dry_high_load,8220.0,0.2535434678024142,1.7359224634426124e-08,6.312445321609498e-11,1.4242211655777559e-05,0.0
dry_high_load,8230.0,0.25355467594741204,1.7258304508852475e-08,6.275747094128171e-11,1.4242841247124208e-05,0.0
dry_high_load,8240.0,0.2535658189323913,1.7157971095643918e-08,6.239262216597787e-11,1.424346717825912e-05,0.0
dry_high_load,8250.0,0.25357689713616816,1.705822098387183e-08,6.202989448680666e-11,1.4244089470461416e-05,0.0
dry_high_load,8260.0,0.25358791093535676,1.6959050782436e-08,6.166927557249454e-11,1.4244708144886508e-05,0.0
dry_high_load,8270.0,0.25359886070438153,1.6860457119952594e-08,6.131075316346396e-11,1.4245323222566813e-05,0.0
dry_high_load,8280.0,0.2536097468154902,1.6762436644637066e-08,6.09543150714075e-11,1.424593472441248e-05,0.0
dry_high_load,8290.0,0.25362056963876645,1.6664986024190016e-08,6.059994917887279e-11,1.4246542671212096e-05,0.0
dry_high_load,8300.0,0.2536313295421424,1.656810194568538e-08,6.024764343885592e-11,1.4247147083633382e-05,0.0
dry_high_load,8310.0,0.2536420268914111,1.6471781115458204e-08,5.989738587439346e-11,1.424774798222391e-05,0.0
dry_high_load,8320.0,0.2536526620502389,1.637602025899113e-08,5.954916457814955e-11,1.4248345387411793e-05,0.0
dry_high_load,8330.0,0.25366323538017826,1.62808161208026e-08,5.920296771200945e-11,1.4248939319506388e-05,0.0
dry_high_load,8340.0,0.2536737472406794,1.6186165464338432e-08,5.88587835066852e-11,1.4249529798698975e-05,0.0
dry_high_load,8350.0,0.25368419798910313,1.6092065071859582e-08,5.851660026130757e-11,1.4250116845063455e-05,0.0
dry_high_load,8360.0,0.2536945879807323,1.5998511744335003e-08,5.817640634303637e-11,1.4250700478557022e-05,0.0
dry_high_load,8370.0,0.2537049175687846,1.5905502301330466e-08,5.783819018665623e-11,1.4251280719020848e-05,0.0
dry_high_load,8380.0,0.25371518710442414,1.581303358090226e-08,5.7501940294190026e-11,1.425185758618076e-05,0.0
dry_high_load,8390.0,0.2537253969367735,1.5721102439488562e-08,5.7167645234503854e-11,1.4252431099647894e-05,0.0
dry_high_load,8400.0,0.2537355474129254,1.562970575180461e-08,5.683529364292585e-11,1.4253001278919386e-05,0.0
dry_high_load,8410.0,0.2537456388779551,1.5538840410732172e-08,5.6504874220844255e-11,1.425356814337902e-05,0.0
dry_high_load,8420.0,0.2537556716749313,1.5448503327219593e-08,5.617637573534397e-11,1.4254131712297886e-05,0.0
dry_high_load,8430.0,0.2537656461449286,1.535869143017041e-08,5.5849787018801485e-11,1.4254692004835046e-05,0.0
dry_high_load,8440.0,0.25377556262703843,1.526940166634531e-08,5.552509696852839e-11,1.4255249040038173e-05,0.0
dry_high_load,8450.0,0.2537854214583809,1.51806310002554e-08,5.5202294546383265e-11,1.42558028368442e-05,0.0
dry_high_load,8460.0,0.2537952229741164,1.509237641405697e-08,5.488136877838897e-11,1.4256353414079979e-05,0.0
dry_high_load,8470.0,0.2538049675074567,1.5004634907451745e-08,5.4562308754369976e-11,1.42569007904629e-05,0.0
dry_high_load,8480.0,0.25381465538967635,1.491740349758525e-08,5.4245103627582716e-11,1.425744498460154e-05,0.0
dry_high_load,8490.0,0.25382428695012405,1.4830679218943256e-08,5.39297426143391e-11,1.4257986014996293e-05,0.0
dry_high_load,8500.0,0.2538338625162339,1.4744459123250984e-08,5.361621499363993e-11,1.425852390004e-05,0.0
dry_high_load,8510.0,0.2538433824135363,1.4658740279375271e-08,5.3304510106819156e-11,1.4259058658018572e-05,0.0
dry_high_load,8520.0,0.2538528469656691,1.4573519773223354e-08,5.299461735717582e-11,1.425959030711161e-05,0.0
dry_high_load,8530.0,0.25386225649438876,1.4488794707643126e-08,5.268652620961135e-11,1.4260118865393025e-05,0.0
dry_high_load,8540.0,0.253871611319581,1.4404562202326156e-08,5.2380226190276924e-11,1.4260644350831659e-05,0.0
dry_high_load,8550.0,0.25388091175927197,1.432081939370964e-08,5.2075706886216867e-11,1.4261166781291881e-05,0.0
dry_high_load,8560.0,0.25389015812963894,1.4237563434876669e-08,5.177295794500606e-11,1.4261686174534213e-05,0.0
dry_high_load,8570.0,0.25389935074502096,1.4154791495462836e-08,5.147196907441031e-11,1.4262202548215918e-05,0.0
dry_high_load,8580.0,0.25390848991792975,1.407250076155693e-08,5.117273004202519e-11,1.4262715919891607e-05,0.0
dry_high_load,8590.0,0.25391757595906006,1.3990688435608811e-08,5.0875230674941125e-11,1.4263226307013831e-05,0.0
dry_high_load,8600.0,0.2539266091773005,1.390935173633053e-08,5.0579460859383736e-11,1.426373372693369e-05,0.0
dry_high_load,8610.0,0.2539355898797437,1.3828487898605054e-08,5.0285410540382006e-11,1.4264238196901394e-05,0.0
dry_high_load,8620.0,0.2539445183716973,1.3748094173388857e-08,4.9993069721414024e-11,1.4264739734066883e-05,0.0
dry_high_load,8630.0,0.2539533949566937,1.3668167827621716e-08,4.970242846407896e-11,1.4265238355480384e-05,0.0
dry_high_load,8640.0,0.2539622199365009,1.3588706144131837e-08,4.9413476887752125e-11,1.4265734078093007e-05,0.0
dry_high_load,8650.0,0.2539709936111324,1.350970642154417e-08,4.9126205169251515e-11,1.4266226918757305e-05,0.0
dry_high_load,8660.0,0.25397971627885746,1.3431165974189136e-08,4.884060354250594e-11,1.4266716894227865e-05,0.0
dry_high_load,8670.0,0.2539883882362116,1.3353082132008398e-08,4.855666229821235e-11,1.4267204021161868e-05,0.0
dry_high_load,8680.0,0.25399700977800604,1.3275452240469732e-08,4.827437178352629e-11,1.4267688316119651e-05,0.0
dry_high_load,8690.0,0.25400558119733824,1.3198273660471315e-08,4.7993722401713864e-11,1.4268169795565279e-05,0.0
dry_high_load,8700.0,0.25401410278560177,1.312154376825384e-08,4.7714704611832144e-11,1.42686484758671e-05,0.0
dry_high_load,8710.0,0.254022574832496,1.3045259955312645e-08,4.743730892840961e-11,1.4269124373298302e-05,0.0
dry_high_load,8720.0,0.2540309976260362,1.2969419628307705e-08,4.7161525921118923e-11,1.426959750403747e-05,0.0
dry_high_load,8730.0,0.2540393714525632,1.2894020208974492e-08,4.688734621445269e-11,1.427006788416913e-05,0.0
dry_high_load,8740.0,0.25404769659675325,1.2819059134038629e-08,4.661476048741319e-11,1.4270535529684302e-05,0.0
dry_high_load,8750.0,0.2540559733416273,1.274453385512865e-08,4.6343759473195084e-11,1.4271000456481032e-05,0.0
dry_high_load,8760.0,0.25406420196856117,1.2670441838686422e-08,4.607433395885971e-11,1.4271462680364947e-05,0.0
dry_high_load,8770.0,0.2540723827572949,1.259678056588372e-08,4.5806474785031703e-11,1.4271922217049785e-05,0.0
dry_high_load,8780.0,0.254080515985942,1.2523547532536454e-08,4.55401728455871e-11,1.4272379082157932e-05,0.0
dry_high_load,8790.0,0.2540886019309994,1.245074024901786e-08,4.527541908733767e-11,1.4272833291220949e-05,0.0
dry_high_load,8800.0,0.25409664086735634,1.2378356240176537e-08,4.501220450973286e-11,1.4273284859680098e-05,0.0
dry_high_load,8810.0,0.2541046330683041,1.2306393045248792e-08,4.475052016454105e-11,1.427373380288688e-05,0.0
dry_high_load,8820.0,0.2541125788055451,1.223484821777816e-08,4.449035715555694e-11,1.427418013610354e-05,0.0
dry_high_load,8830.0,0.25412047834920215,1.2163719325530923e-08,4.4231706638294263e-11,1.4274623874503596e-05,0.0
dry_high_load,8840.0,0.25412833196782775,1.2093003950412457e-08,4.397455981968166e-11,1.4275065033172359e-05,0.0
dry_high_load,8850.0,0.254136139928413,1.2022699688388038e-08,4.3718907957774674e-11,1.4275503627107433e-05,0.0
dry_high_load,8860.0,0.25414390249639696,1.195280414939687e-08,4.3464742361443155e-11,1.427593967121923e-05,0.0
dry_high_load,8870.0,0.2541516199356755,1.1883314957273943e-08,4.321205439008706e-11,1.4276373180331484e-05,0.0
dry_high_load,8880.0,0.2541592925086101,1.1814229749669778e-08,4.296083545334464e-11,1.4276804169181746e-05,0.0
dry_high_load,8890.0,0.25416692047603734,1.1745546177965724e-08,4.2711077010784446e-11,1.4277232652421892e-05,0.0
dry_high_load,8900.0,0.25417450409727693,1.16772619072009e-08,4.246277057163963e-11,1.4277658644618608e-05,0.0
dry_high_load,8910.0,0.2541820436301415,1.1609374615984953e-08,4.2215907694490735e-11,1.4278082160253908e-05,0.0
dry_high_load,8920.0,0.25418953933094446,1.1541881996426481e-08,4.197047998700538e-11,1.4278503213725603e-05,0.0
dry_high_load,8930.0,0.2541969914545092,1.1474781754050238e-08,4.1726479105637224e-11,1.4278921819347805e-05,0.0
dry_high_load,8940.0,0.25420440025417784,1.1408071607718781e-08,4.148389675534102e-11,1.4279337991351407e-05,0.0
dry_high_load,8950.0,0.2542117659818193,1.1341749289559628e-08,4.124272468930773e-11,1.4279751743884566e-05,0.0
dry_high_load,8960.0,0.25421908888783873,1.1275812544881188e-08,4.100295470865886e-11,1.4280163091013197e-05,0.0
dry_high_load,8970.0,0.2542263692211851,1.1210259132102033e-08,4.0764578662189206e-11,1.428057204672143e-05,0.0
dry_high_load,8980.0,0.2542336072293601,1.1145086822672762e-08,4.0527588446082767e-11,1.42809786249121e-05,0.0
dry_high_load,8990.0,0.25424080315842684,1.1080293400998283e-08,4.0291976003630115e-11,1.4281382839407217e-05,0.0
dry_high_load,9000.0,0.2542479572530176,1.1015876664366028e-08,4.005773332496737e-11,1.4281784703948434e-05,0.0
dry_high_load,9010.0,0.25425506975634266,1.095183442286697e-08,3.9824852446788975e-11,1.428218423219752e-05,0.0
dry_high_load,9020.0,0.2542621409101982,1.0888164499325311e-08,3.959332545209203e-11,1.4282581437736809e-05,0.0
dry_high_load,9030.0,0.2542691709549749,1.0824864729221625e-08,3.936314446989681e-11,1.4282976334069684e-05,0.0
dry_high_load,9040.0,0.25427616012966575,1.0761932960620217e-08,3.91343016749826e-11,1.4283368934621016e-05,0.0
dry_high_load,9050.0,0.25428310867187437,1.0699367054095855e-08,3.8906789287621283e-11,1.4283759252737636e-05,0.0
dry_high_load,9060.0,0.2542900168178228,1.0637164882663048e-08,3.868059957332017e-11,1.4284147301688768e-05,0.0
dry_high_load,9070.0,0.2542968848023603,1.0575324331698325e-08,3.8455724842539356e-11,1.4284533094666512e-05,0.0
dry_high_load,9080.0,0.2543037128589703,1.0513843298874593e-08,3.823215745045306e-11,1.4284916644786262e-05,0.0
dry_high_load,9090.0,0.2543105012197791,1.045271969408575e-08,3.800988979667545e-11,1.4285297965087165e-05,0.0
dry_high_load,9100.0,0.2543172501155634,1.0391951439377654e-08,3.778891432500965e-11,1.4285677068532565e-05,0.0
dry_high_load,9110.0,0.2543239597757582,1.0331536468876332e-08,3.756922352318666e-11,1.4286053968010442e-05,0.0
dry_high_load,9120.0,0.254330630428465,1.0271472728716412e-08,3.7350809922605125e-11,1.428642867633385e-05,0.0
dry_high_load,9130.0,0.25433726230045867,1.0211758176975896e-08,3.713366609809416e-11,1.4286801206241353e-05,0.0
dry_high_load,9140.0,0.2543438556171961,1.01523907836012e-08,3.691778466764072e-11,1.4287171570397455e-05,0.0
dry_high_load,9150.0,0.2543504106028233,1.009336853034151e-08,3.6703158292150945e-11,1.4287539781393039e-05,0.0
dry_high_load,9160.0,0.25435692748018324,1.0034689410680173e-08,3.648977967520062e-11,1.4287905851745784e-05,0.0
dry_high_load,9170.0,0.25436340647082323,9.976351429765021e-09,3.627764156278189e-11,1.4288269793900597e-05,0.0
dry_high_load,9180.0,0.2543698477950027,9.918352604341255e-09,3.6066736743059104e-11,1.4288631620230034e-05,0.0
dry_high_load,9190.0,0.2543762516717005,9.860690962684522e-09,3.5857058046125524e-11,1.4288991343034722e-05,0.0
dry_high_load,9200.0,0.25438261831862263,9.803364544531881e-09,3.564859834375229e-11,1.428934897454378e-05,0.0
dry_high_load,9210.0,0.2543889479522092,9.746371401017647e-09,3.5441350549155076e-11,1.4289704526915231e-05,0.0
dry_high_load,9220.0,0.2543952407876421,9.689709594605832e-09,3.5235307616748473e-11,1.4290058012236415e-05,0.0
dry_high_load,9230.0,0.2544014970388521,9.633377199025779e-09,3.5030462541911916e-11,1.4290409442524394e-05,0.0
dry_high_load,9240.0,0.2544077169185264,9.577372299204813e-09,3.482680836074477e-11,1.429075882972637e-05,0.0
dry_high_load,9250.0,0.25441390063811586,9.521692991201759e-09,3.462433814982457e-11,1.4291106185720103e-05,0.0
dry_high_load,9260.0,0.2544200484078416,9.466337382147853e-09,3.442304502599218e-11,1.4291451522314274e-05,0.0
dry_high_load,9270.0,0.25442616043670313,9.41130359017475e-09,3.4222922146089996e-11,1.4291794851248938e-05,0.0
dry_high_load,9280.0,0.2544322369324844,9.35658974435883e-09,3.4023962706759377e-11,1.429213618419588e-05,0.0
dry_high_load,9290.0,0.2544382781017618,9.302193984650044e-09,3.3826159944181976e-11,1.4292475532759039e-05,0.0
dry_high_load,9300.0,0.2544442841499105,9.248114461813263e-09,3.3629507133866404e-11,1.4292812908474887e-05,0.0
dry_high_load,9310.0,0.2544502552811118,9.194349337363897e-09,3.343399759041416e-11,1.4293148322812832e-05,0.0
dry_high_load,9320.0,0.25445619169836,9.140896783506279e-09,3.323962466729556e-11,1.4293481787175603e-05,0.0
dry_high_load,9330.0,0.254462093603469,9.087754983070981e-09,3.304638175662175e-11,1.429381331289963e-05,0.0
dry_high_load,9340.0,0.25446796119707993,9.034922129450228e-09,3.2854262288909915e-11,1.4294142911255449e-05,0.0
dry_high_load,9350.0,0.254473794678667,8.982396426543056e-09,3.266325973288384e-11,1.4294470593448066e-05,0.0
dry_high_load,9360.0,0.25447959424654504,8.93017608868712e-09,3.2473367595225886e-11,1.429479637061735e-05,0.0
dry_high_load,9370.0,0.25448536009787576,8.878259340603643e-09,3.228457942037688e-11,1.4295120253838401e-05,0.0
dry_high_load,9380.0,0.25449109242867474,8.826644417333672e-09,3.209688879030425e-11,1.4295442254121933e-05,0.0
dry_high_load,9390.0,0.254496791433818,8.775329564179e-09,3.191028932428727e-11,1.429576238241465e-05,0.0
dry_high_load,9400.0,0.2545024573070485,8.724313036642873e-09,3.1724774678701354e-11,1.4296080649599617e-05,0.0
dry_high_load,9410.0,0.2545080902409831,8.673593100370276e-09,3.1540338546800994e-11,1.4296397066496627e-05,0.0
dry_high_load,9420.0,0.2545136904271187,8.623168031088211e-09,3.135697465850258e-11,1.4296711643862576e-05,0.0
dry_high_load,9430.0,0.2545192580558388,8.573036114549803e-09,3.1174676780181094e-11,1.429702439239181e-05,0.0
dry_high_load,9440.0,0.25452479331642036,8.523195646472243e-09,3.099343871444452e-11,1.4297335322716522e-05,0.0
dry_high_load,9450.0,0.2545302963970396,8.473644932483225e-09,3.0813254299939e-11,1.4297644445407072e-05,0.0
dry_high_load,9460.0,0.2545357674847791,8.424382288058256e-09,3.063411741112093e-11,1.4297951770972382e-05,0.0
dry_high_load,9470.0,0.2545412067656336,8.375406038467297e-09,3.0456021958062895e-11,1.4298257309860274e-05,0.0
dry_high_load,9480.0,0.25454661442451654,8.326714518716744e-09,3.02789618862427e-11,1.4298561072457833e-05,0.0
dry_high_load,9490.0,0.25455199064526646,8.27830607349267e-09,3.010293117633697e-11,1.429886306909175e-05,0.0
dry_high_load,9500.0,0.254557335610653,8.230179057103867e-09,2.992792384401406e-11,1.4299163310028693e-05,0.0
dry_high_load,9510.0,0.2545626495023834,8.182331833427e-09,2.9753933939734545e-11,1.4299461805475631e-05,0.0
dry_high_load,9520.0,0.2545679325011083,8.134762775850704e-09,2.958095554854801e-11,1.42997585655802e-05,0.0
dry_high_load,9530.0,0.2545731847864284,8.087470267219674e-09,2.940898278988972e-11,1.430005360043104e-05,0.0
dry_high_load,9540.0,0.2545784065369,8.040452699780038e-09,2.923800981738195e-11,1.4300346920058143e-05,0.0
dry_high_load,9550.0,0.2545835979300414,7.993708475125779e-09,2.9068030818639194e-11,1.4300638534433184e-05,0.0
dry_high_load,9560.0,0.2545887591423391,7.947236004142409e-09,2.88990400150633e-11,1.430092845346987e-05,0.0
dry_high_load,9570.0,0.2545938903492531,7.901033706955085e-09,2.8731031661654852e-11,1.430121668702427e-05,0.0
dry_high_load,9580.0,0.2545989917252239,7.855100012872074e-09,2.8564000046807535e-11,1.4301503244895157e-05,0.0
dry_high_load,9590.0,0.25460406344367736,7.809433360335197e-09,2.8397939492127984e-11,1.4301788136824337e-05,0.0
dry_high_load,9600.0,0.25460910567703154,7.764032196862236e-09,2.8232844352226303e-11,1.4302071372496983e-05,0.0
dry_high_load,9610.0,0.2546141185967018,7.718894978998858e-09,2.8068709014541296e-11,1.4302352961541955e-05,0.0
dry_high_load,9620.0,0.2546191023731071,7.674020172262294e-09,2.7905527899135613e-11,1.4302632913532139e-05,0.0
dry_high_load,9630.0,0.2546240571756757,7.629406251090303e-09,2.774329545851019e-11,1.4302911237984772e-05,0.0
dry_high_load,9640.0,0.2546289831728507,7.58505169879183e-09,2.7582006177424834e-11,1.430318794436175e-05,0.0
dry_high_load,9650.0,0.25463388053209607,7.540955007491315e-09,2.7421654572695688e-11,1.4303463042069972e-05,0.0
dry_high_load,9660.0,0.2546387494199022,7.497114678079568e-09,2.7262235193016604e-11,1.4303736540461646e-05,0.0
dry_high_load,9670.0,0.2546435900017915,7.453529220164e-09,2.710374261877818e-11,1.4304008448834603e-05,0.0
dry_high_load,9680.0,0.2546484024423241,7.410197152015056e-09,2.6946171461872924e-11,1.4304278776432629e-05,0.0
dry_high_load,9690.0,0.25465318690510347,7.367117000519195e-09,2.678951636552434e-11,1.4304547532445765e-05,0.0
dry_high_load,9700.0,0.254657943552782,7.3242873011249e-09,2.6633772004090543e-11,1.4304814726010625e-05,0.0
dry_high_load,9710.0,0.25466267254706637,7.281706597796299e-09,2.6478933082895627e-11,1.4305080366210709e-05,0.0
dry_high_load,9720.0,0.25466737404872325,7.2393734429621325e-09,2.6324994338044114e-11,1.4305344462076707e-05,0.0
dry_high_load,9730.0,0.2546720482175846,7.197286397467047e-09,2.6171950536243807e-11,1.4305607022586804e-05,0.0
dry_high_load,9740.0,0.25467669521255315,7.155444030522683e-09,2.6019796474627934e-11,1.4305868056666993e-05,0.0
dry_high_load,9750.0,0.25468131519160797,7.113844919657271e-09,2.5868526980571892e-11,1.4306127573191375e-05,0.0
dry_high_load,9760.0,0.2546859083118096,7.0724876506701084e-09,2.5718136911527663e-11,1.430638558098246e-05,0.0
dry_high_load,9770.0,0.2546904747293054,7.031370817582641e-09,2.5568621154845966e-11,1.4306642088811463e-05,0.0
dry_high_load,9780.0,0.25469501459933513,6.990493022588066e-09,2.5419974627592964e-11,1.4306897105398614e-05,0.0
dry_high_load,9790.0,0.25469952807623597,6.949852876007918e-09,2.5272192276392426e-11,1.4307150639413441e-05,0.0
dry_high_load,9800.0,0.25470401531344783,6.909448996241252e-09,2.512526907724091e-11,1.4307402699475075e-05,0.0
dry_high_load,9810.0,0.2547084764635185,6.869280009720805e-09,2.497920003534838e-11,1.4307653294152532e-05,0.0
dry_high_load,9820.0,0.2547129116781091,6.8293445508634485e-09,2.4833980184957992e-11,1.4307902431965015e-05,0.0
dry_high_load,9830.0,0.25471732110799894,6.7896412620252925e-09,2.468960458918288e-11,1.4308150121382204e-05,0.0
dry_high_load,9840.0,0.2547217049030907,6.750168793455736e-09,2.4546068339839035e-11,1.4308396370824532e-05,0.0
dry_high_load,9850.0,0.2547260632124156,6.7109258032517256e-09,2.4403366557279e-11,1.4308641188663478e-05,0.0
dry_high_load,9860.0,0.2547303961841385,6.6719109573099e-09,2.4261494390217816e-11,1.430888458322186e-05,0.0
dry_high_load,9870.0,0.25473470396556297,6.63312292928339e-09,2.412044701557596e-11,1.4309126562774107e-05,0.0
dry_high_load,9880.0,0.254738986703136,6.594560400537561e-09,2.39802196383184e-11,1.430936713554654e-05,0.0
dry_high_load,9890.0,0.2547432445424533,6.556222060102368e-09,2.3840807491281335e-11,1.4309606309717654e-05,0.0
dry_high_load,9900.0,0.2547474776282641,6.518106604630005e-09,2.3702205835018193e-11,1.4309844093418405e-05,0.0
dry_high_load,9910.0,0.25475168610447635,6.480212738348526e-09,2.3564409957630998e-11,1.4310080494732475e-05,0.0
dry_high_load,9920.0,0.254755870114161,6.442539173020769e-09,2.3427415174620975e-11,1.431031552169655e-05,0.0
dry_high_load,9930.0,0.2547600297995574,6.405084627899036e-09,2.3291216828723765e-11,1.4310549182300593e-05,0.0
dry_high_load,9940.0,0.2547641653020782,6.367847829679143e-09,2.3155810289742336e-11,1.4310781484488118e-05,0.0
dry_high_load,9950.0,0.2547682767623134,6.330827512462517e-09,2.3021190954409147e-11,1.4311012436156453e-05,0.0
dry_high_load,9960.0,0.2547723643200362,6.294022417707486e-09,2.2887354246209035e-11,1.4311242045157023e-05,0.0
dry_high_load,9970.0,0.2547764281142069,6.257431294190321e-09,2.275429561523753e-11,1.4311470319295601e-05,0.0
dry_high_load,9980.0,0.254780468282978,6.2210528979618256e-09,2.2622010538043e-11,1.4311697266332582e-05,0.0
dry_high_load,9990.0,0.254784484963699,6.1848859923028616e-09,2.249049451746495e-11,1.4311922893983246e-05,0.0
dry_high_load,10000.0,0.25478847829292056,6.148929347686238e-09,2.2359743082495405e-11,1.4312147209918017e-05,0.0
dry_high_load,10010.0,0.2547924484063998,6.113181741731391e-09,2.2229751788114144e-11,1.4312370221762728e-05,0.0
dry_high_load,10020.0,0.25479639543910454,6.077641959164153e-09,2.2100516215142372e-11,1.431259193709888e-05,0.0
dry_high_load,10030.0,0.25480031952521776,6.042308791777151e-09,2.197203197009873e-11,1.431281236346389e-05,0.0
dry_high_load,10040.0,0.2548042207981425,6.00718103838534e-09,2.1844294685037595e-11,1.4313031508351363e-05,0.0
dry_high_load,10050.0,0.2548080993905062,5.972257504788307e-09,2.1717300017412022e-11,1.4313249379211334e-05,0.0
dry_high_load,10060.0,0.2548119554341653,5.937537003727075e-09,2.1591043649916632e-11,1.4313465983450531e-05,0.0
dry_high_load,10070.0,0.2548157890602096,5.903018354845775e-09,2.1465521290348267e-11,1.4313681328432619e-05,0.0
dry_high_load,10080.0,0.25481960039896695,5.868700384648866e-09,2.134072867145042e-11,1.4313895421478455e-05,0.0
dry_high_load,10090.0,0.25482338958000733,5.834581926465991e-09,2.121666155078542e-11,1.4314108269866336e-05,0.0
dry_high_load,10100.0,0.25482715673214756,5.800661820407288e-09,2.1093315710571956e-11,1.4314319880832242e-05,0.0
dry_high_load,10110.0,0.2548309019834555,5.766938913327398e-09,2.0970686957554172e-11,1.4314530261570085e-05,0.0
dry_high_load,10120.0,0.25483462546125446,5.733412058784167e-09,2.0848771122851516e-11,1.4314739419231958e-05,0.0
dry_high_load,10130.0,0.25483832729212774,5.700080116999262e-09,2.0727564061815493e-11,1.4314947360928377e-05,0.0
dry_high_load,10140.0,0.2548420076019225,5.666941954822805e-09,2.0607061653901106e-11,1.4315154093728514e-05,0.0
dry_high_load,10150.0,0.25484566651575424,5.633996445692082e-09,2.048725980251666e-11,1.4315359624660445e-05,0.0
dry_high_load,10160.0,0.2548493041580114,5.601242469592369e-09,2.0368154434881338e-11,1.4315563960711392e-05,0.0
dry_high_load,10170.0,0.2548529206523589,5.5686789130215635e-09,2.0249741501896593e-11,1.4315767108827951e-05,0.0
dry_high_load,10180.0,0.254856516121743,5.5363046689514385e-09,2.013201697800523e-11,1.4315969075916329e-05,0.0
dry_high_load,10190.0,0.25486009068839494,5.504118636788463e-09,2.0014976861048955e-11,1.4316169868842591e-05,0.0
dry_high_load,10200.0,0.2548636444738356,5.4721197223382286e-09,1.989861717213901e-11,1.4316369494432885e-05,0.0
dry_high_load,10210.0,0.25486717759887917,5.440306837767756e-09,1.9782933955519108e-11,1.4316567959473667e-05,0.0
dry_high_load,10220.0,0.2548706901836377,5.4086789015669556e-09,1.966792327842529e-11,1.4316765270711948e-05,0.0
dry_high_load,10230.0,0.25487418234752485,5.377234838514533e-09,1.9553581230961938e-11,1.4316961434855507e-05,0.0
dry_high_load,10240.0,0.25487765420925984,5.345973579640933e-09,1.9439903925967027e-11,1.4317156458573128e-05,0.0
dry_high_load,10250.0,0.254881105886872,5.314894062189375e-09,1.9326887498870452e-11,1.431735034849483e-05,0.0
dry_high_load,10260.0,0.25488453749770434,5.283995229582819e-09,1.9214528107573886e-11,1.4317543111212081e-05,0.0
dry_high_load,10270.0,0.25488794915841784,5.25327603138479e-09,1.9102821932308325e-11,1.4317734753278035e-05,0.0
dry_high_load,10280.0,0.254891340984995,5.222735423268463e-09,1.8991765175521682e-11,1.4317925281207744e-05,0.0
dry_high_load,10290.0,0.25489471309274414,5.192372366977061e-09,1.8881354061734767e-11,1.431811470147838e-05,0.0
dry_high_load,10300.0,0.25489806559630335,5.16218583028913e-09,1.8771584837415018e-11,1.4318303020529473e-05,0.0
dry_high_load,10310.0,0.25490139860964406,5.132174786985503e-09,1.8662453770856373e-11,1.4318490244763099e-05,0.0
dry_high_load,10320.0,0.2549047122460753,5.102338216811606e-09,1.85539571520422e-11,1.4318676380544127e-05,0.0
dry_high_load,10330.0,0.2549080066182473,5.072675105445061e-09,1.844609129252749e-11,1.4318861434200421e-05,0.0
dry_high_load,10340.0,0.2549112818381552,5.0431844444613816e-09,1.8338852525314113e-11,1.4319045412023049e-05,0.0
dry_high_load,10350.0,0.2549145380171433,5.013865231296912e-09,1.823223720471604e-11,1.4319228320266512e-05,0.0
dry_high_load,10360.0,0.2549177752659085,4.984716469217491e-09,1.8126241706245422e-11,1.4319410165148952e-05,0.0
dry_high_load,10370.0,0.25492099369450405,4.955737167283297e-09,1.8020862426484714e-11,1.4319590952852357e-05,0.0
dry_high_load,10380.0,0.25492419341234346,4.926926340316237e-09,1.791609578296813e-11,1.431977068952277e-05,0.0
dry_high_load,10390.0,0.25492737452820435,4.898283008863316e-09,1.781193821404842e-11,1.431994938127052e-05,0.0
dry_high_load,10400.0,0.25493053715023156,4.8698061991693165e-09,1.770838617879751e-11,1.4320127034170392e-05,0.0
dry_high_load,10410.0,0.25493368138594147,4.841494943137202e-09,1.760543615686255e-11,1.4320303654261868e-05,0.0
dry_high_load,10420.0,0.2549368073422254,4.8133482782991036e-09,1.7503084648360376e-11,1.4320479247549315e-05,0.0
dry_high_load,10430.0,0.254939915125353,4.785365247783713e-09,1.7401328173758952e-11,1.4320653820002188e-05,0.0
dry_high_load,10440.0,0.25494300484097654,4.757544900280068e-09,1.7300163273745696e-11,1.4320827377555247e-05,0.0
dry_high_load,10450.0,0.2549460765941336,4.7298862900102375e-09,1.7199586509128132e-11,1.4320999926108743e-05,0.0
dry_high_load,10460.0,0.2549491304892515,4.7023884766926885e-09,1.7099594460700684e-11,1.4321171471528629e-05,0.0
dry_high_load,10470.0,0.25495216663015025,4.6750505255134844e-09,1.7000183729139943e-11,1.4321342019646752e-05,0.0
dry_high_load,10480.0,0.2549551851200463,4.647871507093464e-09,1.6901350934885323e-11,1.4321511576261061e-05,0.0
dry_high_load,10490.0,0.254958186061556,4.6208504974562666e-09,1.6803092718022784e-11,1.4321680147135787e-05,0.0
dry_high_load,10500.0,0.25496116955669945,4.593986577995719e-09,1.6705405738166246e-11,1.4321847738001663e-05,0.0
dry_high_load,10510.0,0.2549641357069031,4.567278835449791e-09,1.6608286674362876e-11,1.4322014354556092e-05,0.0
dry_high_load,10520.0,0.2549670846130041,4.540726361862268e-09,1.65117322249537e-11,1.4322180002463362e-05,0.0
dry_high_load,10530.0,0.25497001637525335,4.514328254556914e-09,1.6415739107479686e-11,1.4322344687354833e-05,0.0
dry_high_load,10540.0,0.25497293109331887,4.4880836161050746e-09,1.6320304058563905e-11,1.4322508414829125e-05,0.0
dry_high_load,10550.0,0.2549758288662893,4.461991554295394e-09,1.622542383380143e-11,1.4322671190452304e-05,0.0
dry_high_load,10560.0,0.254978709792677,4.436051182103958e-09,1.6131095207650754e-11,1.4322833019758082e-05,0.0
dry_high_load,10570.0,0.254981573970422,4.410261617662743e-09,1.6037314973319064e-11,1.4322993908248e-05,0.0
dry_high_load,10580.0,0.2549844214968945,4.3846219842322976e-09,1.5944079942662898e-11,1.4323153861391613e-05,0.0
dry_high_load,10590.0,0.25498725246889903,4.359131410167861e-09,1.5851386946064947e-11,1.432331288462668e-05,0.0
dry_high_load,10600.0,0.25499006698267707,4.333789028893955e-09,1.5759232832341653e-11,1.4323470983359345e-05,0.0
dry_high_load,10610.0,0.25499286513391073,4.3085939788719794e-09,1.5667614468625377e-11,1.4323628162964324e-05,0.0
dry_high_load,10620.0,0.25499564701772576,4.2835454035724784e-09,1.5576528740263555e-11,1.4323784428785088e-05,0.0
dry_high_load,10630.0,0.2549984127286949,4.2586424514463365e-09,1.548597255071395e-11,1.4323939786134038e-05,0.0
dry_high_load,10640.0,0.25500116236084125,4.23388427589217e-09,1.539594282142607e-11,1.4324094240292699e-05,0.0
dry_high_load,10650.0,0.255003896007641,4.209270035234302e-09,1.5306436491761095e-11,1.4324247796511883e-05,0.0
dry_high_load,10660.0,0.25500661376202716,4.184798892687404e-09,1.5217450518863284e-11,1.4324400460011879e-05,0.0
dry_high_load,10670.0,0.2550093157163923,4.160470016332347e-09,1.5128981877572168e-11,1.4324552235982627e-05,0.0
dry_high_load,10680.0,0.2550120019625919,4.1362825790857165e-09,1.5041027560311696e-11,1.4324703129583895e-05,0.0
dry_high_load,10690.0,0.25501467259194743,4.112235758673127e-09,1.4953584576993185e-11,1.432485314594545e-05,0.0
dry_high_load,10700.0,0.25501732769524954,4.088328737599363e-09,1.4866649954906773e-11,1.4325002290167243e-05,0.0
dry_high_load,10710.0,0.25501996736276084,4.064560703124242e-09,1.4780220738633607e-11,1.432515056731957e-05,0.0
dry_high_load,10720.0,0.2550225916842195,4.040930847228943e-09,1.4694293989923428e-11,1.432529798244326e-05,0.0
dry_high_load,10730.0,0.2550252007488416,4.017438366595889e-09,1.4608866787621414e-11,1.432544454054982e-05,0.0
dry_high_load,10740.0,0.25502779464532493,3.994082462574866e-09,1.4523936227544965e-11,1.4325590246621638e-05,0.0
dry_high_load,10750.0,0.2550303734618514,3.970862341160154e-09,1.4439499422400558e-11,1.432573510561213e-05,0.0
dry_high_load,10760.0,0.25503293728609033,3.9477772129619385e-09,1.4355553501679776e-11,1.4325879122445913e-05,0.0
dry_high_load,10770.0,0.2550354862052013,3.924826293179631e-09,1.4272095611562291e-11,1.432602230201897e-05,0.0
dry_high_load,10780.0,0.2550380203058372,3.9020088015745485e-09,1.4189122914816538e-11,1.4326164649198831e-05,0.0
dry_high_load,10790.0,0.25504053967414725,3.8793239624453536e-09,1.4106632590710374e-11,1.4326306168824722e-05,0.0
dry_high_load,10800.0,0.25504304439577974,3.856771004598405e-09,1.4024621834903291e-11,1.4326446865707736e-05,0.0
dry_high_load,10810.0,0.25504553455588497,3.834349161325738e-09,1.394308785936632e-11,1.4326586744630995e-05,0.0
dry_high_load,10820.0,0.2550480102391184,3.812057670374779e-09,1.3862027892271923e-11,1.432672581034982e-05,0.0
dry_high_load,10830.0,0.25505047152964316,3.789895773925268e-09,1.3781439177910064e-11,1.4326864067591879e-05,0.0
dry_high_load,10840.0,0.25505291851113315,3.767862718562997e-09,1.3701318976592713e-11,1.4327001521057355e-05,0.0
dry_high_load,10850.0,0.25505535126677575,3.745957755253766e-09,1.362166456455915e-11,1.4327138175419107e-05,0.0
dry_high_load,10860.0,0.255057769879275,3.7241801393162786e-09,1.3542473233877375e-11,1.4327274035322836e-05,0.0
dry_high_load,10870.0,0.25506017443085366,3.7025291304011744e-09,1.3463742292367906e-11,1.4327409105387223e-05,0.0
dry_high_load,10880.0,0.2550625650032569,3.6810039924613865e-09,1.3385469063495948e-11,1.4327543390204105e-05,0.0
dry_high_load,10890.0,0.25506494167775445,3.6596039937294818e-09,1.3307650886289024e-11,1.432767689433862e-05,0.0
dry_high_load,10900.0,0.25506730453514354,3.638328406693097e-09,1.3230285115247624e-11,1.4327809622329363e-05,0.0
dry_high_load,10910.0,0.2550696536557518,3.617176508067622e-09,1.3153369120245894e-11,1.4327941578688553e-05,0.0
dry_high_load,10920.0,0.2550719891194398,3.5961475787746004e-09,1.3076900286453091e-11,1.4328072767902171e-05,0.0
dry_high_load,10930.0,0.25507431100560385,3.5752409039154723e-09,1.3000876014238081e-11,1.432820319443012e-05,0.0
dry_high_load,10940.0,0.25507661939317866,3.554455772748068e-09,1.2925293719083882e-11,1.432833286270637e-05,0.0
dry_high_load,10950.0,0.25507891436064,3.533791478662891e-09,1.285015083150142e-11,1.432846177713911e-05,0.0
dry_high_load,10960.0,0.2550811959860074,3.513247319157709e-09,1.2775444796937122e-11,1.4328589942110917e-05,0.0
dry_high_load,10970.0,0.2550834643468471,3.492822595813199e-09,1.2701173075684358e-11,1.4328717361978876e-05,0.0
dry_high_load,10980.0,0.25508571952027387,3.472516614273467e-09,1.2627333142812605e-11,1.4328844041074746e-05,0.0
dry_high_load,10990.0,0.2550879615829546,3.4523286842166137e-09,1.2553922488060411e-11,1.4328969983705103e-05,0.0
dry_high_load,11000.0,0.2550901906111104,3.4322581193344056e-09,1.2480938615761473e-11,1.4329095194151486e-05,0.0
dry_high_load,11010.0,0.25509240668051913,3.412304237308981e-09,1.2408379044759929e-11,1.4329219676670546e-05,0.0
dry_high_load,11020.0,0.2550946098665181,3.3924663597904043e-09,1.2336241308328742e-11,1.4329343435494178e-05,0.0
dry_high_load,11030.0,0.2550968002440068,3.372743812369984e-09,1.2264522954072667e-11,1.4329466474829685e-05,0.0
dry_high_load,11040.0,0.25509897788744923,3.353135924561215e-09,1.219322154385896e-11,1.4329588798859903e-05,0.0
dry_high_load,11050.0,0.2551011428708763,3.3336420297758488e-09,1.2122334653730358e-11,1.4329710411743354e-05,0.0
dry_high_load,11060.0,0.2551032952678887,3.3142614653008136e-09,1.205185987382114e-11,1.4329831317614381e-05,0.0
dry_high_load,11070.0,0.2551054351516593,3.294993572274708e-09,1.1981794808271663e-11,1.4329951520583298e-05,0.0
dry_high_load,11080.0,0.2551075625949353,3.27583769566853e-09,1.191213707515829e-11,1.433007102473651e-05,0.0
dry_high_load,11090.0,0.25510967767004117,3.256793184259634e-09,1.1842884306398668e-11,1.433018983413668e-05,0.0
dry_high_load,11100.0,0.25511178044888105,3.2378593906107627e-09,1.1774034147675499e-11,1.4330307952822844e-05,0.0
dry_high_load,11110.0,0.2551138710029407,3.219035671051627e-09,1.1705584258369552e-11,1.4330425384810557e-05,0.0
dry_high_load,11120.0,0.2551159494032907,3.200321385649894e-09,1.1637532311454159e-11,1.4330542134092037e-05,0.0
dry_high_load,11130.0,0.255118015720588,3.181715898197635e-09,1.1569875993445944e-11,1.4330658204636279e-05,0.0
dry_high_load,11140.0,0.25512007002507914,3.163218576183161e-09,1.1502613004302402e-11,1.4330773600389209e-05,0.0
dry_high_load,11150.0,0.2551221123866021,3.144828790772176e-09,1.1435741057353366e-11,1.433088832527382e-05,0.0
dry_high_load,11160.0,0.2551241428745889,3.1265459167870263e-09,1.1369257879225548e-11,1.4331002383190293e-05,0.0
dry_high_load,11170.0,0.2551261615580679,3.108369332683829e-09,1.1303161209759377e-11,1.4331115778016132e-05,0.0
dry_high_load,11180.0,0.25512816850566616,3.0902984205323556e-09,1.1237448801935836e-11,1.4331228513606302e-05,0.0
dry_high_load,11190.0,0.25513016378561176,3.0723325659950677e-09,1.1172118421800245e-11,1.4331340593793356e-05,0.0
dry_high_load,11200.0,0.2551321474657361,3.0544711583059414e-09,1.110716784838524e-11,1.4331452022387564e-05,0.0
dry_high_load,11210.0,0.25513411961347626,3.0367135902492916e-09,1.1042594873633786e-11,1.4331562803177052e-05,0.0
dry_high_load,11220.0,0.25513608029587737,3.019059258139231e-09,1.0978397302324475e-11,1.4331672939927913e-05,0.0
dry_high_load,11230.0,0.2551380295795945,3.001507561801247e-09,1.0914572952004533e-11,1.433178243638435e-05,0.0
dry_high_load,11240.0,0.2551399675308956,2.984057904548063e-09,1.0851119652902047e-11,1.4331891296268799e-05,0.0
dry_high_load,11250.0,0.2551418942156629,2.966709693162695e-09,1.0788035247864345e-11,1.4331999523282055e-05,0.0
dry_high_load,11260.0,0.25514380969939615,2.949462337874948e-09,1.0725317592272536e-11,1.43321071211034e-05,0.0
dry_high_load,11270.0,0.2551457140472138,2.932315252346382e-09,1.0662964553986842e-11,1.4332214093390717e-05,0.0
dry_high_load,11280.0,0.255147607323856,2.915267853645534e-09,1.0600974013256486e-11,1.4332320443780632e-05,0.0
dry_high_load,11290.0,0.25514948959368655,2.8983195622290736e-09,1.0539343862651176e-11,1.4332426175888632e-05,0.0
dry_high_load,11300.0,0.255151360920695,2.881469801923379e-09,1.0478072006994104e-11,1.4332531293309177e-05,0.0
dry_high_load,11310.0,0.25515322136849883,2.8647179999063257e-09,1.0417156363295729e-11,1.433263579961583e-05,0.0
dry_high_load,11320.0,0.25515507100034573,2.8480635866835706e-09,1.0356594860667529e-11,1.4332739698361388e-05,0.0
dry_high_load,11330.0,0.2551569098791156,2.8315059960737275e-09,1.0296385440268099e-11,1.4332842993077978e-05,0.0
dry_high_load,11340.0,0.255158738067323,2.8150446651846514e-09,1.0236526055216911e-11,1.433294568727721e-05,0.0
dry_high_load,11350.0,0.25516055562711887,2.7986790343979792e-09,1.0177014670538104e-11,1.4333047784450267e-05,0.0
dry_high_load,11360.0,0.2551623626202928,2.782408547349649e-09,1.0117849263089631e-11,1.4333149288068037e-05,0.0
dry_high_load,11370.0,0.25516415910827533,2.7662326509078757e-09,1.0059027821483182e-11,1.4333250201581233e-05,0.0
dry_high_load,11380.0,0.2551659451521397,2.7501507951587533e-09,1.000054834603183e-11,1.4333350528420507e-05,0.0
dry_high_load,11390.0,0.2551677208126042,2.7341624333835954e-09,9.942408848667618e-12,1.4333450271996563e-05,0.0
dry_high_load,11400.0,0.2551694861500341,2.7182670220430537e-09,9.88460735288383e-12,1.433354943570028e-05,0.0
dry_high_load,11410.0,0.2551712412244437,2.7024640207578483e-09,9.827141893664901e-12,1.4333648022902818e-05,0.0
dry_high_load,11420.0,0.2551729860954983,2.6867528922901326e-09,9.770010517418663e-12,1.4333746036955745e-05,0.0
dry_high_load,11430.0,0.2551747208225167,2.671133102524435e-09,9.713211281907035e-12,1.4333843481191144e-05,0.0
dry_high_load,11440.0,0.25517644546447227,2.6556041204530484e-09,9.656742256192903e-12,1.4333940358921717e-05,0.0
dry_high_load,11450.0,0.2551781600799961,2.6401654181512533e-09,9.600601520550011e-12,1.433403667344092e-05,0.0
dry_high_load,11460.0,0.25517986472737797,2.624816470768001e-09,9.544787166429092e-12,1.433413242802305e-05,0.0
dry_high_load,11470.0,0.25518155946456905,2.6095567565000796e-09,9.489297296363923e-12,1.4334227625923377e-05,0.0
dry_high_load,11480.0,0.25518324434918355,2.5943857565796192e-09,9.434130023925887e-12,1.4334322270378244e-05,0.0
dry_high_load,11490.0,0.25518491943850075,2.5793029552533406e-09,9.37928347364851e-12,1.4334416364605181e-05,0.0
dry_high_load,11500.0,0.2551865847894669,2.564307839767308e-09,9.324755780972027e-12,1.4334509911803008e-05,0.0
dry_high_load,11510.0,0.255188240458697,2.549399900349777e-09,9.270545092181006e-12,1.4334602915151949e-05,0.0
dry_high_load,11520.0,0.2551898865024773,2.534578630189383e-09,9.21664956432503e-12,1.4334695377813744e-05,0.0
dry_high_load,11530.0,0.25519152297676656,2.519843525423919e-09,9.163067365177886e-12,1.4334787302931747e-05,0.0
dry_high_load,11540.0,0.2551931499371982,2.505194085119794e-09,9.109796673162885e-12,1.4334878693631039e-05,0.0
dry_high_load,11550.0,0.25519476743908237,2.4906298112550926e-09,9.056835677291244e-12,1.4334969553018534e-05,0.0
dry_high_load,11560.0,0.2551963755374076,2.4761502087028467e-09,9.00418257710126e-12,1.4335059884183084e-05,0.0
dry_high_load,11570.0,0.25519797428684254,2.461754785216847e-09,8.951835582606714e-12,1.4335149690195578e-05,0.0
dry_high_load,11580.0,0.2551995637417383,2.447443051410467e-09,8.899792914219879e-12,1.4335238974109059e-05,0.0
dry_high_load,11590.0,0.2552011439561299,2.433214520742265e-09,8.848052802699146e-12,1.4335327738958818e-05,0.0
dry_high_load,11600.0,0.2552027149837382,2.4190687095007355e-09,8.796613489093583e-12,1.4335415987762497e-05,0.0
dry_high_load,11610.0,0.25520427687797176,2.405005136785252e-09,8.745473224673642e-12,1.43355037235202e-05,0.0
dry_high_load,11620.0,0.2552058296919286,2.391023324491667e-09,8.694630270878789e-12,1.4335590949214585e-05,0.0
dry_high_load,11630.0,0.2552073734783982,2.3771227972945253e-09,8.644082899252819e-12,1.4335677667810975e-05,0.0
dry_high_load,11640.0,0.2552089082898631,2.363303082632028e-09,8.593829391389192e-12,1.4335763882257449e-05,0.0
dry_high_load,11650.0,0.25521043417850053,2.3495637106903625e-09,8.543868038874045e-12,1.4335849595484951e-05,0.0
dry_high_load,11660.0,0.2552119511961845,2.335904214386975e-09,8.49419714322536e-12,1.433593481040738e-05,0.0
dry_high_load,11670.0,0.2552134593944876,2.3223241293536273e-09,8.444815015831372e-12,1.43360195299217e-05,0.0
dry_high_load,11680.0,0.25521495882468226,2.308822993923694e-09,8.395719977904341e-12,1.4336103756908026e-05,0.0
dry_high_load,11690.0,0.2552164495377432,2.2954003491120442e-09,8.346910360407432e-12,1.4336187494229741e-05,0.0
dry_high_load,11700.0,0.2552179315843486,2.282055738603182e-09,8.29838450401157e-12,1.4336270744733571e-05,0.0
dry_high_load,11710.0,0.25521940501488194,2.2687887087353672e-09,8.250140759037697e-12,1.4336353511249695e-05,0.0
dry_high_load,11720.0,0.25522086987943393,2.2555988084830366e-09,8.20217748539286e-12,1.4336435796591842e-05,0.0
dry_high_load,11730.0,0.25522232622780405,2.242485589442618e-09,8.15449305251861e-12,1.4336517603557373e-05,0.0
dry_high_load,11740.0,0.25522377410950214,2.2294486058191895e-09,8.107085839342506e-12,1.4336598934927397e-05,0.0
dry_high_load,11750.0,0.25522521357375044,2.2164874144065726e-09,8.059954234205718e-12,1.4336679793466853e-05,0.0
dry_high_load,11760.0,0.2552266446694848,2.2036015745778047e-09,8.01309663482838e-12,1.4336760181924602e-05,0.0
dry_high_load,11770.0,0.2552280674453568,2.190790648265445e-09,7.966511448237981e-12,1.4336840103033527e-05,0.0
dry_high_load,11780.0,0.2552294819497349,2.178054199951622e-09,7.920197090733169e-12,1.4336919559510615e-05,0.0
dry_high_load,11790.0,0.25523088823070655,2.1653917966474923e-09,7.874151987809062e-12,1.4336998554057073e-05,0.0
dry_high_load,11800.0,0.25523228633607964,2.152803007883289e-09,7.82837457412105e-12,1.4337077089358389e-05,0.0
dry_high_load,11810.0,0.25523367631338406,2.1402874056909566e-09,7.78286329342166e-12,1.4337155168084446e-05,0.0
dry_high_load,11820.0,0.25523505820987336,2.1278445645912346e-09,7.73761659851358e-12,1.4337232792889603e-05,0.0
dry_high_load,11830.0,0.2552364320725265,2.1154740615773514e-09,7.692632951190367e-12,1.4337309966412792e-05,0.0
dry_high_load,11840.0,0.25523779794804924,2.103175476102319e-09,7.64791082219025e-12,1.4337386691277601e-05,0.0
dry_high_load,11850.0,0.2552391558828757,2.0909483900649574e-09,7.603448691145298e-12,1.433746297009236e-05,0.0
dry_high_load,11860.0,0.25524050592317027,2.078792387793165e-09,7.559245046520599e-12,1.433753880545024e-05,0.0
dry_high_load,11870.0,0.2552418481148288,2.066707056032272e-09,7.515298385571898e-12,1.4337614199929337e-05,0.0
dry_high_load,11880.0,0.2552431825034804,2.054691983930007e-09,7.471607214290933e-12,1.4337689156092756e-05,0.0
dry_high_load,11890.0,0.2552445091344888,2.0427467630227296e-09,7.428170047355378e-12,1.4337763676488705e-05,0.0
dry_high_load,11900.0,0.25524582805295415,2.030870987221458e-09,7.384985408078026e-12,1.4337837763650576e-05,0.0
dry_high_load,11910.0,0.2552471393037143,2.0190642527976782e-09,7.342051828355192e-12,1.433791142009703e-05,0.0
dry_high_load,11920.0,0.25524844293134635,2.007326158371276e-09,7.299367848622822e-12,1.4337984648332081e-05,0.0
dry_high_load,11930.0,0.2552497389801685,1.9956563048935953e-09,7.2569320177948916e-12,1.43380574508452e-05,0.0
dry_high_load,11940.0,0.2552510274942411,1.984054295637273e-09,7.214742893226446e-12,1.4338129830111379e-05,0.0
dry_high_load,11950.0,0.2552523085173684,1.9725197361812055e-09,7.1727990406589286e-12,1.4338201788591213e-05,0.0
dry_high_load,11960.0,0.25525358209310006,1.9610522343965723e-09,7.131099034169352e-12,1.4338273328731004e-05,0.0
dry_high_load,11970.0,0.25525484826473244,1.949651400434977e-09,7.089641456127188e-12,1.4338344452962825e-05,0.0
dry_high_load,11980.0,0.2552561070753102,1.938316846714895e-09,7.048424897145072e-12,1.433841516370461e-05,0.0
dry_high_load,11990.0,0.25525735856762777,1.9270481879076982e-09,7.007447956027993e-12,1.4338485463360237e-05,0.0
dry_high_load,12000.0,0.2552586027842309,1.915845040923466e-09,6.966709239721694e-12,1.433855535431961e-05,0.0
dry_high_load,12010.0,0.2552598397674179,1.904707024901457e-09,6.926207363278025e-12,1.4338624838958737e-05,0.0
dry_high_load,12020.0,0.25526106955924116,1.8936337611940154e-09,6.8859409497964184e-12,1.4338693919639818e-05,0.0
dry_high_load,12030.0,0.2552622922015086,1.8826248733553467e-09,6.845908630383078e-12,1.4338762598711314e-05,0.0
dry_high_load,12040.0,0.25526350773578516,1.87167998712712e-09,6.806109044098616e-12,1.4338830878508034e-05,0.0
dry_high_load,12050.0,0.25526471620339397,1.860798730428937e-09,6.766540837923406e-12,1.4338898761351215e-05,0.0
dry_high_load,12060.0,0.2552659176454181,1.8499807333409693e-09,6.727202666694433e-12,1.4338966249548596e-05,0.0
dry_high_load,12070.0,0.25526711210270175,1.839225628095699e-09,6.688093193075268e-12,1.4339033345394508e-05,0.0
dry_high_load,12080.0,0.2552682996158515,1.8285330490635193e-09,6.649211087503705e-12,1.4339100051169929e-05,0.0
dry_high_load,12090.0,0.25526948022523815,1.8179026327389704e-09,6.610555028141709e-12,1.4339166369142593e-05,0.0
dry_high_load,12100.0,0.25527065397099746,1.807334017732269e-09,6.572123700844613e-12,1.4339232301567037e-05,0.0
dry_high_load,12110.0,0.25527182089303213,1.7968268447525793e-09,6.533915799100287e-12,1.43392978506847e-05,0.0
dry_high_load,12120.0,0.25527298103101265,1.7863807565997548e-09,6.495930023999107e-12,1.433936301872398e-05,0.0
dry_high_load,12130.0,0.2552741344243792,1.775995398147609e-09,6.458165084173123e-12,1.4339427807900333e-05,0.0
dry_high_load,12140.0,0.2552752811123424,1.7656704163365043e-09,6.420619695769106e-12,1.4339492220416325e-05,0.0
dry_high_load,12150.0,0.25527642113388493,1.7554054601591635e-09,6.3832925823969574e-12,1.4339556258461721e-05,0.0
dry_high_load,12160.0,0.25527755452776296,1.745200180648812e-09,6.346182475086588e-12,1.4339619924213555e-05,0.0
dry_high_load,12170.0,0.2552786813325072,1.7350542308679546e-09,6.309288112247107e-12,1.4339683219836201e-05,0.0
dry_high_load,12180.0,0.25527980158642455,1.7249672658943988e-09,6.272608239615994e-12,1.433974614748146e-05,0.0
dry_high_load,12190.0,0.2552809153275991,1.7149389428119382e-09,6.2361416102252285e-12,1.4339808709288612e-05,0.0
dry_high_load,12200.0,0.2552820225938934,1.7049689206999759e-09,6.199886984363548e-12,1.4339870907384501e-05,0.0
dry_high_load,12210.0,0.2552831234229501,1.695056860616584e-09,6.16384312951485e-12,1.4339932743883618e-05,0.0
dry_high_load,12220.0,0.2552842178521929,1.6852024255934213e-09,6.128008820339713e-12,1.4339994220888148e-05,0.0
dry_high_load,12230.0,0.2552853059188281,1.6754052806173106e-09,6.092382838608401e-12,1.4340055340488065e-05,0.0
dry_high_load,12240.0,0.2552863876598454,1.6656650926266384e-09,6.056963973187775e-12,1.4340116104761183e-05,0.0
dry_high_load,12250.0,0.2552874631120196,1.655981530494838e-09,6.021751019981228e-12,1.4340176515773242e-05,0.0
dry_high_load,12260.0,0.2552885323119118,1.646354265019378e-09,5.986742781888647e-12,1.4340236575577972e-05,0.0
dry_high_load,12270.0,0.25528959529587036,1.636782968912657e-09,5.951938068773298e-12,1.4340296286217162e-05,0.0
dry_high_load,12280.0,0.2552906521000326,1.6272673167882388e-09,5.917335697411777e-12,1.4340355649720735e-05,0.0
dry_high_load,12290.0,0.2552917027603254,1.6178069851536529e-09,5.882934491467828e-12,1.4340414668106808e-05,0.0
dry_high_load,12300.0,0.25529274731246704,1.6084016523962066e-09,5.848733281440751e-12,1.4340473343381762e-05,0.0
dry_high_load,12310.0,0.255293785791968,1.5990509987721857e-09,5.814730904626129e-12,1.4340531677540322e-05,0.0
dry_high_load,12320.0,0.25529481823413236,1.5897547063977483e-09,5.78092620508272e-12,1.4340589672565613e-05,0.0
dry_high_load,12330.0,0.25529584467405897,1.5805124592366431e-09,5.747318033587792e-12,1.4340647330429226e-05,0.0
dry_high_load,12340.0,0.25529686514664257,1.5713239430904689e-09,5.713905247601704e-12,1.4340704653091297e-05,0.0
dry_high_load,12350.0,0.2552978796865753,1.5621888455849094e-09,5.680686711217852e-12,1.4340761642500569e-05,0.0
dry_high_load,12360.0,0.2552988883283473,1.5531068561648638e-09,5.647661295144959e-12,1.4340818300594448e-05,0.0
dry_high_load,12370.0,0.25529989110624823,1.5440776660800466e-09,5.614827876654714e-12,1.434087462929908e-05,0.0
dry_high_load,12380.0,0.2553008880543685,1.5351009683741879e-09,5.5821853395425006e-12,1.434093063052941e-05,0.0
dry_high_load,12390.0,0.2553018792066004,1.5261764578752929e-09,5.549732574091973e-12,1.4340986306189256e-05,0.0
dry_high_load,12400.0,0.255302864596639,1.5173038311871713e-09,5.517468477044259e-12,1.4341041658171362e-05,0.0
dry_high_load,12410.0,0.2553038442579835,1.5084827866763084e-09,5.485391951550212e-12,1.4341096688357472e-05,0.0
dry_high_load,12420.0,0.2553048182239385,1.4997130244629713e-09,5.453501907138077e-12,1.4341151398618388e-05,0.0
dry_high_load,12430.0,0.25530578652761493,1.4909942464106207e-09,5.421797259674983e-12,1.4341205790814037e-05,0.0
dry_high_load,12440.0,0.2553067492019312,1.4823261561153233e-09,5.390276931328447e-12,1.4341259866793537e-05,0.0
dry_high_load,12450.0,0.2553077062796142,1.473708458898552e-09,5.358939850540189e-12,1.434131362839525e-05,0.0
dry_high_load,12460.0,0.2553086577932008,1.4651408617929978e-09,5.327784951974537e-12,1.434136707744685e-05,0.0
dry_high_load,12470.0,0.25530960377503853,1.456623073534947e-09,5.296811176490716e-12,1.434142021576539e-05,0.0
dry_high_load,12480.0,0.255310544257287,1.448154804554328e-09,5.266017471106647e-12,1.4341473045157355e-05,0.0
dry_high_load,12490.0,0.2553114792719187,1.439735766964759e-09,5.235402788962759e-12,1.4341525567418732e-05,0.0
dry_high_load,12500.0,0.25531240885072043,1.4313656745527485e-09,5.204966089282721e-12,1.4341577784335064e-05,0.0
dry_high_load,12510.0,0.2553133330252941,1.423044242768801e-09,5.174706337341093e-12,1.4341629697681517e-05,0.0
dry_high_load,12520.0,0.25531425182705786,1.414771188717888e-09,5.144622504428683e-12,1.4341681309222933e-05,0.0
dry_high_load,12530.0,0.25531516528724724,1.4065462311501312e-09,5.114713567818658e-12,1.4341732620713893e-05,0.0
dry_high_load,12540.0,0.25531607343691615,1.3983690904508489e-09,5.084978510730359e-12,1.434178363389878e-05,0.0
dry_high_load,12550.0,0.25531697630693806,1.3902394886295453e-09,5.055416322289255e-12,1.4341834350511837e-05,0.0
dry_high_load,12560.0,0.2553178739280069,1.3821571493124988e-09,5.026025997499995e-12,1.4341884772277226e-05,0.0
dry_high_load,12570.0,0.2553187663306381,1.374121797733868e-09,4.9968065372140645e-12,1.4341934900909078e-05,0.0
dry_high_load,12580.0,0.25531965354516983,1.3661331607229862e-09,4.967756948083585e-12,1.4341984738111567e-05,0.0
dry_high_load,12590.0,0.2553205356017636,1.35819096670055e-09,4.9388762425474536e-12,1.4342034285578948e-05,0.0
dry_high_load,12600.0,0.25532141253040586,1.3502949456629492e-09,4.91016343877436e-12,1.4342083544995641e-05,0.0
dry_high_load,12610.0,0.2553222843609086,1.3424448291778193e-09,4.881617560646615e-12,1.4342132518036262e-05,0.0
dry_high_load,12620.0,0.2553231511229106,1.3346403503721837e-09,4.853237637717031e-12,1.4342181206365701e-05,0.0
dry_high_load,12630.0,0.25532401284587813,1.3268812439269477e-09,4.8250227051889e-12,1.434222961163916e-05,0.0
dry_high_load,12640.0,0.25532486955910644,1.3191672460620756e-09,4.796971803862092e-12,1.4342277735502225e-05,0.0
dry_high_load,12650.0,0.25532572129172015,1.3114980945346846e-09,4.769083980126125e-12,1.434232557959091e-05,0.0
dry_high_load,12660.0,0.25532656807267484,1.303873528623163e-09,4.74135828590241e-12,1.434237314553172e-05,0.0
dry_high_load,12670.0,0.25532740993075753,1.2962932891244176e-09,4.713793778634245e-12,1.4342420434941706e-05,0.0
dry_high_load,12680.0,0.25532824689458805,1.2887571183403208e-09,4.68638952123753e-12,1.4342467449428514e-05,0.0
dry_high_load,12690.0,0.2553290789926197,1.281264760072417e-09,4.659144582081516e-12,1.4342514190590447e-05,0.0
dry_high_load,12700.0,0.25532990625314056,1.2738159596096405e-09,4.6320580349441464e-12,1.4342560660016515e-05,0.0
dry_high_load,12710.0,0.255330728704274,1.2664104637242917e-09,4.6051289589974245e-12,1.4342606859286487e-05,0.0
dry_high_load,12720.0,0.25533154637398003,1.2590480206591207e-09,4.5783564387604385e-12,1.4342652789970953e-05,0.0
dry_high_load,12730.0,0.25533235929005615,1.2517283801209735e-09,4.5517395640762665e-12,1.434269845363137e-05,0.0
dry_high_load,12740.0,0.25533316748013823,1.2444512932714757e-09,4.525277430078093e-12,1.4342743851820118e-05,0.0
dry_high_load,12750.0,0.25533397097170146,1.2372165127191966e-09,4.498969137160714e-12,1.4342788986080553e-05,0.0
dry_high_load,12760.0,0.2553347697920612,1.2300237925116028e-09,4.472813790951282e-12,1.434283385794705e-05,0.0
dry_high_load,12770.0,0.25533556396837426,1.2228728881240468e-09,4.4468105022692606e-12,1.434287846894508e-05,0.0
dry_high_load,12780.0,0.25533635352763934,1.2157635564555316e-09,4.420958387111024e-12,1.434292282059123e-05,0.0
dry_high_load,12790.0,0.2553371384966982,1.2086955558176994e-09,4.395256566609816e-12,1.4342966914393276e-05,0.0
dry_high_load,12800.0,0.25533791890223667,1.2016686459272084e-09,4.3697041670080296e-12,1.4343010751850232e-05,0.0
dry_high_load,12810.0,0.25533869477078536,1.1946825878972622e-09,4.3443003196264075e-12,1.4343054334452392e-05,0.0
dry_high_load,12820.0,0.25533946612872066,1.1877371442304105e-09,4.319044160837855e-12,1.4343097663681388e-05,0.0
dry_high_load,12830.0,0.25534023300226555,1.180832078810078e-09,4.2939348320366466e-12,1.4343140741010237e-05,0.0
dry_high_load,12840.0,0.25534099541749067,1.1739671568918833e-09,4.268971479606848e-12,1.4343183567903392e-05,0.0
dry_high_load,12850.0,0.25534175340031506,1.1671421450960147e-09,4.244153254894599e-12,1.4343226145816796e-05,0.0
dry_high_load,12860.0,0.255342506976507,1.1603568114002426e-09,4.2194793141827e-12,1.4343268476197924e-05,0.0
dry_high_load,12870.0,0.2553432561716851,1.1536109251306023e-09,4.194948818656735e-12,1.4343310560485837e-05,0.0
dry_high_load,12880.0,0.2553440010113189,1.146904256953982e-09,4.170560934378116e-12,1.4343352400111231e-05,0.0
dry_high_load,12890.0,0.25534474152072995,1.1402365788709235e-09,4.1463148322579035e-12,1.4343393996496486e-05,0.0
dry_high_load,12900.0,0.2553454777250926,1.133607664207575e-09,4.122209688027545e-12,1.434343535105571e-05,0.0
dry_high_load,12910.0,0.2553462096494348,1.1270172876076446e-09,4.098244682209616e-12,1.4343476465194786e-05,0.0
dry_high_load,12920.0,0.25534693731863894,1.1204652250249884e-09,4.0744190000908664e-12,1.4343517340311432e-05,0.0
dry_high_load,12930.0,0.25534766075744286,1.1139512537166228e-09,4.05073183169681e-12,1.4343557977795232e-05,0.0
dry_high_load,12940.0,0.25534837999044063,1.107475152232772e-09,4.0271823717555335e-12,1.4343598379027702e-05,0.0
dry_high_load,12950.0,0.25534909504208314,1.1010367004132672e-09,4.0037698196846076e-12,1.4343638545382316e-05,0.0
dry_high_load,12960.0,0.25534980593667933,1.0946356793763249e-09,3.980493379550271e-12,1.4343678478224568e-05,0.0
dry_high_load,12970.0,0.25535051269839665,1.088271871513675e-09,3.9573522600497274e-12,1.4343718178912009e-05,0.0
dry_high_load,12980.0,0.25535121535126215,1.081945060481668e-09,3.934345674478792e-12,1.4343757648794305e-05,0.0
dry_high_load,12990.0,0.25535191391916323,1.0756550311938627e-09,3.911472840704954e-12,1.4343796889213274e-05,0.0
dry_high_load,13000.0,0.25535260842584845,1.069401569813827e-09,3.888732981141189e-12,1.4343835901502931e-05,0.0
dry_high_load,13010.0,0.25535329889492797,1.0631844637519615e-09,3.866125322734404e-12,1.434387468698953e-05,0.0
dry_high_load,13020.0,0.25535398534987513,1.0570035016496168e-09,3.843649096907697e-12,1.4343913246991627e-05,0.0
dry_high_load,13030.0,0.25535466781402655,1.0508584733801535e-09,3.821303539564194e-12,1.4343951582820097e-05,0.0
dry_high_load,13040.0,0.2553553463105833,1.0447491700366594e-09,3.7990878910423975e-12,1.4343989695778215e-05,0.0
dry_high_load,13050.0,0.25535602086261144,1.0386753839285616e-09,3.77700139610386e-12,1.4344027587161654e-05,0.0
dry_high_load,13060.0,0.255356691493043,1.0326369085714623e-09,3.755043303896227e-12,1.4344065258258577e-05,0.0
dry_high_load,13070.0,0.2553573582246768,1.0266335386812093e-09,3.7332128679316694e-12,1.4344102710349645e-05,0.0
dry_high_load,13080.0,0.25535802108017885,1.0206650701686019e-09,3.711509346067643e-12,1.4344139944708074e-05,0.0
dry_high_load,13090.0,0.25535868008208373,1.0147313001285917e-09,3.689932000467605e-12,1.4344176962599688e-05,0.0
dry_high_load,13100.0,0.25535933525279464,1.0088320268383766e-09,3.668480097594096e-12,1.434421376528294e-05,0.0
dry_high_load,13110.0,0.2553599866145849,1.0029670497453303e-09,3.647152908164837e-12,1.4344250354008973e-05,0.0
dry_high_load,13120.0,0.25536063418959803,9.971361694655204e-10,3.6259497071473463e-12,1.4344286730021655e-05,0.0
dry_high_load,13130.0,0.25536127799984915,9.913391877703673e-10,3.6048697737104263e-12,1.4344322894557627e-05,0.0
dry_high_load,13140.0,0.2553619180672249,9.855759075889737e-10,3.5839123912326307e-12,1.4344358848846329e-05,0.0
dry_high_load,13150.0,0.2553625544134852,9.798461329909722e-10,3.5630768472398982e-12,1.4344394594110066e-05,0.0
dry_high_load,13160.0,0.25536318706026323,9.741496691877959e-10,3.5423624334101663e-12,1.4344430131564035e-05,0.0
dry_high_load,13170.0,0.2553638160290664,9.684863225227255e-10,3.521768445537183e-12,1.4344465462416362e-05,0.0
dry_high_load,13180.0,0.255364441341277,9.628559004651721e-10,3.5012941835097166e-12,1.434450058786815e-05,0.0
dry_high_load,13190.0,0.25536506301815315,9.572582116043244e-10,3.480938951288452e-12,1.4344535509113524e-05,0.0
dry_high_load,13200.0,0.2553656810808295,9.516930656389842e-10,3.460702056869033e-12,1.434457022733967e-05,0.0
dry_high_load,13210.0,0.25536629555031753,9.461602733792604e-10,3.440582812288219e-12,1.434460474372686e-05,0.0
dry_high_load,13220.0,0.2553669064475067,9.406596467317464e-10,3.4205805335699864e-12,1.4344639059448514e-05,0.0
dry_high_load,13230.0,0.255367513793165,9.35190998698037e-10,3.4006945407201337e-12,1.4344673175671224e-05,0.0
dry_high_load,13240.0,0.2553681176079399,9.297541433647766e-10,3.3809241576900963e-12,1.4344707093554809e-05,0.0
dry_high_load,13250.0,0.2553687179123585,9.243488959028116e-10,3.36126871237386e-12,1.4344740814252333e-05,0.0
dry_high_load,13260.0,0.25536931472682867,9.189750725551202e-10,3.341727536564073e-12,1.4344774338910165e-05,0.0
dry_high_load,13270.0,0.25536990807163984,9.136324906323659e-10,3.3222999659358757e-12,1.4344807668668011e-05,0.0
dry_high_load,13280.0,0.2553704979669632,9.083209685097208e-10,3.302985340035348e-12,1.4344840804658946e-05,0.0
dry_high_load,13290.0,0.25537108443285295,9.030403256158541e-10,3.283783002239469e-12,1.4344873748009461e-05,0.0
dry_high_load,13300.0,0.25537166748924633,8.977903824318735e-10,3.2646922997522667e-12,1.4344906499839489e-05,0.0
dry_high_load,13310.0,0.25537224715596507,8.925709604794666e-10,3.2457125835616964e-12,1.4344939061262465e-05,0.0
dry_high_load,13320.0,0.2553728234527155,8.873818823196307e-10,3.2268432084350203e-12,1.4344971433385349e-05,0.0
dry_high_load,13330.0,0.2553733963990893,8.822229715452607e-10,3.208083532891857e-12,1.4345003617308654e-05,0.0
dry_high_load,13340.0,0.25537396601456425,8.770940527747968e-10,3.1894329191810786e-12,1.4345035614126508e-05,0.0
dry_high_load,13350.0,0.2553745323185051,8.719949516448126e-10,3.1708907332538635e-12,1.434506742492667e-05,0.0
dry_high_load,13360.0,0.2553750953301638,8.669254948074745e-10,3.1524563447544523e-12,1.434509905079058e-05,0.0
dry_high_load,13370.0,0.2553756550686805,8.61885509921012e-10,3.1341291269854976e-12,1.4345130492793389e-05,0.0
dry_high_load,13380.0,0.25537621155308404,8.568748256465418e-10,3.115908456896515e-12,1.4345161752003998e-05,0.0
dry_high_load,13390.0,0.2553767648022927,8.51893271640656e-10,3.0977937150569304e-12,1.4345192829485095e-05,0.0
dry_high_load,13400.0,0.25537731483511455,8.469406785522459e-10,3.0797842856445298e-12,1.4345223726293184e-05,0.0
dry_high_load,13410.0,0.2553778616702486,8.420168780119137e-10,3.0618795564069586e-12,1.4345254443478633e-05,0.0
dry_high_load,13420.0,0.255378405326285,8.371217026311261e-10,3.0440789186586402e-12,1.43452849820857e-05,0.0
dry_high_load,13430.0,0.25537894582170584,8.322549859926846e-10,3.0263817672461254e-12,1.434531534315258e-05,0.0
dry_high_load,13440.0,0.25537948317488574,8.274165626494554e-10,3.0087875005434733e-12,1.4345345527711419e-05,0.0
dry_high_load,13450.0,0.25538001740409255,8.226062681137809e-10,2.9912955204137482e-12,1.434537553678837e-05,0.0
dry_high_load,13460.0,0.25538054852748787,8.178239388559982e-10,2.9739052322036295e-12,1.4345405371403624e-05,0.0
dry_high_load,13470.0,0.25538107656312786,8.130694122946975e-10,2.95661604470799e-12,1.4345435032571438e-05,0.0
dry_high_load,13480.0,0.25538160152896355,8.083425267956636e-10,2.9394273701660492e-12,1.434546452130017e-05,0.0
dry_high_load,13490.0,0.25538212344284156,8.036431216650999e-10,2.9223386242367262e-12,1.4345493838592312e-05,0.0
dry_high_load,13500.0,0.2553826423225049,7.989710371415809e-10,2.9053492259693845e-12,1.4345522985444541e-05,0.0
dry_high_load,13510.0,0.2553831581855934,7.943261143933001e-10,2.888458597793818e-12,1.4345551962847724e-05,0.0
dry_high_load,13520.0,0.25538367104964427,7.897081955110815e-10,2.8716661654948416e-12,1.4345580771786984e-05,0.0
dry_high_load,13530.0,0.2553841809320928,7.851171235056269e-10,2.8549713582022792e-12,1.43456094132417e-05,0.0
dry_high_load,13540.0,0.2553846878502729,7.805527422988337e-10,2.838373608359395e-12,1.4345637888185567e-05,0.0
dry_high_load,13550.0,0.25538519182141783,7.760148967193483e-10,2.821872351706721e-12,1.4345666197586621e-05,0.0
dry_high_load,13560.0,0.25538569286266055,7.715034324991776e-10,2.8054670272697364e-12,1.4345694342407266e-05,0.0
dry_high_load,13570.0,0.2553861909910344,7.670181962671245e-10,2.789157077334998e-12,1.434572232360431e-05,0.0
dry_high_load,13580.0,0.25538668622347366,7.625590355434943e-10,2.772941947430888e-12,1.4345750142128999e-05,0.0
dry_high_load,13590.0,0.2553871785768143,7.581257987343769e-10,2.7568210863068245e-12,1.4345777798927054e-05,0.0
dry_high_load,13600.0,0.2553876680677944,7.537183351276235e-10,2.7407939459186306e-12,1.4345805294938693e-05,0.0
dry_high_load,13610.0,0.2553881547130545,7.493364948883997e-10,2.724859981412362e-12,1.4345832631098665e-05,0.0
dry_high_load,13620.0,0.2553886385291387,7.449801290509269e-10,2.7090186510942793e-12,1.4345859808336293e-05,0.0
dry_high_load,13630.0,0.2553891195324947,7.406490895165764e-10,2.6932694164239138e-12,1.4345886827575492e-05,0.0
dry_high_load,13640.0,0.2553895977394748,7.363432290473052e-10,2.6776117419902e-12,1.4345913689734805e-05,0.0
dry_high_load,13650.0,0.25539007316633583,7.320624012629025e-10,2.6620450955014634e-12,1.4345940395727434e-05,0.0
dry_high_load,13660.0,0.25539054582924064,7.278064606308263e-10,2.6465689477484587e-12,1.4345966946461281e-05,0.0
dry_high_load,13670.0,0.25539101574425777,7.235752624668375e-10,2.631182772606682e-12,1.434599334283896e-05,0.0
dry_high_load,13680.0,0.2553914829273624,7.19368662927166e-10,2.615886047007876e-12,1.434601958575784e-05,0.0
dry_high_load,13690.0,0.2553919473944368,7.151865190057567e-10,2.600678250930024e-12,1.4346045676110072e-05,0.0
dry_high_load,13700.0,0.25539240916127115,7.110286885247415e-10,2.585558867362696e-12,1.4346071614782627e-05,0.0
dry_high_load,13710.0,0.2553928682435635,7.068950301361325e-10,2.570527382313209e-12,1.4346097402657313e-05,0.0
dry_high_load,13720.0,0.25539332465692083,7.027854033116581e-10,2.5555832847696656e-12,1.4346123040610811e-05,0.0
dry_high_load,13730.0,0.25539377841685934,6.986996683408569e-10,2.5407260666940246e-12,1.4346148529514711e-05,0.0
dry_high_load,13740.0,0.25539422953880503,6.946376863255722e-10,2.52595522300208e-12,1.434617387023553e-05,0.0
dry_high_load,13750.0,0.2553946780380942,6.905993191746577e-10,2.5112702515442095e-12,1.4346199063634748e-05,0.0
dry_high_load,13760.0,0.25539512392997393,6.865844296005901e-10,2.4966706530930546e-12,1.434622411056884e-05,0.0
dry_high_load,13770.0,0.255395567229603,6.825928811114212e-10,2.4821559313142586e-12,1.4346249011889306e-05,0.0
dry_high_load,13780.0,0.2553960079520515,6.786245380135318e-10,2.467725592776479e-12,1.4346273768442679e-05,0.0
dry_high_load,13790.0,0.2553964461123024,6.74679265396808e-10,2.453379146897483e-12,1.434629838107059e-05,0.0
dry_high_load,13800.0,0.25539688172525127,6.707569291395118e-10,2.4391161059618606e-12,1.4346322850609766e-05,0.0
dry_high_load,13810.0,0.2553973148057072,6.668573958976932e-10,2.4249359850825203e-12,1.434634717789207e-05,0.0
dry_high_load,13820.0,0.2553977453683932,6.629805331030727e-10,2.4108383021929916e-12,1.4346371363744533e-05,0.0
dry_high_load,13830.0,0.2553981734279467,6.591262089577473e-10,2.396822578028172e-12,1.4346395408989376e-05,0.0
dry_high_load,13840.0,0.25539859899891987,6.552942924308022e-10,2.3828883361120075e-12,1.434641931444404e-05,0.0
dry_high_load,13850.0,0.2553990220957805,6.514846532517464e-10,2.369035102733623e-12,1.4346443080921214e-05,0.0
dry_high_load,13860.0,0.25539944273291215,6.476971619092424e-10,2.3552624069426993e-12,1.434646670922886e-05,0.0
dry_high_load,13870.0,0.25539986092461475,6.439316896434824e-10,2.341569780521754e-12,1.4346490200170247e-05,0.0
dry_high_load,13880.0,0.2554002766851051,6.401881084438595e-10,2.327956757977671e-12,1.434651355454397e-05,0.0
dry_high_load,13890.0,0.25540069002851745,6.364662910436734e-10,2.3144228765224483e-12,1.4346536773143982e-05,0.0
dry_high_load,13900.0,0.25540110096890367,6.327661109167423e-10,2.3009676760608805e-12,1.434655985675962e-05,0.0
dry_high_load,13910.0,0.25540150952023416,6.290874422714737e-10,2.287590699168995e-12,1.4346582806175639e-05,0.0
dry_high_load,13920.0,0.255401915696398,6.254301600481116e-10,2.274291491084042e-12,1.434660562217222e-05,0.0
dry_high_load,13930.0,0.25540231951120357,6.217941399130191e-10,2.2610695996837055e-12,1.4346628305525022e-05,0.0
dry_high_load,13940.0,0.25540272097837885,6.181792582576194e-10,2.2479245754822517e-12,1.434665085700518e-05,0.0
dry_high_load,13950.0,0.2554031201115722,6.145853921897137e-10,2.234855971598959e-12,1.4346673277379355e-05,0.0
dry_high_load,13960.0,0.25540351692435237,6.110124195334817e-10,2.2218633437581148e-12,1.4346695567409749e-05,0.0
dry_high_load,13970.0,0.25540391143020946,6.074602188218574e-10,2.2089462502612995e-12,1.434671772785413e-05,0.0
dry_high_load,13980.0,0.2554043036425552,6.039286692933537e-10,2.1961042519758315e-12,1.4346739759465867e-05,0.0
dry_high_load,13990.0,0.255404693574723,6.004176508912147e-10,2.1833369123316894e-12,1.4346761662993945e-05,0.0
dry_high_load,14000.0,0.2554050812399691,5.96927044254522e-10,2.1706437972891707e-12,1.4346783439182991e-05,0.0
dry_high_load,14010.0,0.2554054666514725,5.93456730716289e-10,2.15802447533196e-12,1.4346805088773313e-05,0.0
dry_high_load,14020.0,0.2554058498223358,5.900065922996494e-10,2.1454785174532704e-12,1.4346826612500907e-05,0.0
dry_high_load,14030.0,0.25540623076558494,5.865765117155273e-10,2.1330054971473718e-12,1.4346848011097491e-05,0.0
dry_high_load,14040.0,0.2554066094941707,5.831663723533205e-10,2.120604990375711e-12,1.4346869285290534e-05,0.0
dry_high_load,14050.0,0.25540698602096823,5.797760582830175e-10,2.108276575574609e-12,1.4346890435803267e-05,0.0
dry_high_load,14060.0,0.2554073603587779,5.76405454247363e-10,2.0960198336267745e-12,1.4346911463354725e-05,0.0
dry_high_load,14070.0,0.25540773252032567,5.730544456603751e-10,2.083834347855909e-12,1.4346932368659758e-05,0.0
dry_high_load,14080.0,0.25540810251826357,5.697229186001459e-10,2.07171970400053e-12,1.4346953152429062e-05,0.0
dry_high_load,14090.0,0.25540847036517006,5.664107598084175e-10,2.0596754902124268e-12,1.4346973815369209e-05,0.0
dry_high_load,14100.0,0.2554088360735504,5.63117856685077e-10,2.0477012970366434e-12,1.4346994358182644e-05,0.0
dry_high_load,14110.0,0.2554091996558372,5.598440972856147e-10,2.035796717402235e-12,1.4347014781567744e-05,0.0
dry_high_load,14120.0,0.25540956112439067,5.56589370315619e-10,2.0239613466022508e-12,1.4347035086218819e-05,0.0
dry_high_load,14130.0,0.2554099204914994,5.533535651267522e-10,2.0121947822790986e-12,1.4347055272826143e-05,0.0
dry_high_load,14140.0,0.2554102777693804,5.501365717150574e-10,2.0004966244183905e-12,1.4347075342075986e-05,0.0
dry_high_load,14150.0,0.25541063297017963,5.469382807162991e-10,1.9888664753319965e-12,1.4347095294650616e-05,0.0
dry_high_load,14160.0,0.25541098610597257,5.437585834000342e-10,1.9773039396364875e-12,1.434711513122834e-05,0.0
dry_high_load,14170.0,0.2554113371887643,5.405973716710943e-10,1.9658086242585244e-12,1.4347134852483525e-05,0.0
dry_high_load,14180.0,0.2554116862304902,5.37454538060692e-10,1.9543801384025163e-12,1.4347154459086607e-05,0.0
dry_high_load,14190.0,0.2554120332430164,5.343299757243031e-10,1.94301809354292e-12,1.4347173951704137e-05,0.0
dry_high_load,14200.0,0.2554123782381398,5.312235784410313e-10,1.9317221034219317e-12,1.4347193330998781e-05,0.0
dry_high_load,14210.0,0.25541272122758885,5.281352406049264e-10,1.920491784017914e-12,1.4347212597629358e-05,0.0
dry_high_load,14220.0,0.2554130622230238,5.250648572256193e-10,1.909326753547706e-12,1.4347231752250852e-05,0.0
dry_high_load,14230.0,0.2554134012360372,5.220123239215458e-10,1.898226632441984e-12,1.4347250795514449e-05,0.0
dry_high_load,14240.0,0.25541373827815406,5.189775369193114e-10,1.88719104334295e-12,1.434726972806754e-05,0.0
dry_high_load,14250.0,0.2554140733608324,5.159603930492444e-10,1.876219611088161e-12,1.4347288550553755e-05,0.0
dry_high_load,14260.0,0.2554144064954637,5.1296078973989e-10,1.865311962690509e-12,1.4347307263612979e-05,0.0
dry_high_load,14270.0,0.2554147376933732,5.09978625017587e-10,1.8544677273366796e-12,1.4347325867881383e-05,0.0
dry_high_load,14280.0,0.2554150669658204,5.070137974992678e-10,1.8436865363609737e-12,1.4347344363991441e-05,0.0
dry_high_load,14290.0,0.25541539432399896,5.040662063954233e-10,1.832968023256085e-12,1.4347362752571937e-05,0.0
dry_high_load,14300.0,0.25541571977903793,5.011357514978207e-10,1.8223118236284384e-12,1.4347381034248013e-05,0.0
dry_high_load,14310.0,0.25541604334200146,4.982223331831033e-10,1.8117175752112844e-12,1.4347399209641171e-05,0.0
dry_high_load,14320.0,0.25541636502388926,4.953258524079204e-10,1.801184917846983e-12,1.43474172793693e-05,0.0
dry_high_load,14330.0,0.25541668483563734,4.924462107023625e-10,1.7907134934631363e-12,1.43474352440467e-05,0.0
dry_high_load,14340.0,0.25541700278811785,4.895833101720791e-10,1.7803029460802876e-12,1.4347453104284094e-05,0.0
dry_high_load,14350.0,0.25541731889214003,4.867370534883259e-10,1.7699529217757304e-12,1.4347470860688657e-05,0.0
dry_high_load,14360.0,0.2554176331584501,4.839073438900823e-10,1.7596630686912081e-12,1.434748851386404e-05,0.0
dry_high_load,14370.0,0.2554179455977318,4.810940851800284e-10,1.7494330370182847e-12,1.4347506064410375e-05,0.0
dry_high_load,14380.0,0.2554182562206069,4.782971817167093e-10,1.7392624789698516e-12,1.4347523512924312e-05,0.0
dry_high_load,14390.0,0.2554185650376351,4.755165384189827e-10,1.7291510487963007e-12,1.4347540859999027e-05,0.0
dry_high_load,14400.0,0.2554188720593152,4.727520607545836e-10,1.7190984027439401e-12,1.4347558106224252e-05,0.0
dry_high_load,14410.0,0.2554191772960845,4.700036547433007e-10,1.7091041990665477e-12,1.434757525218629e-05,0.0
dry_high_load,14420.0,0.2554194807583199,4.672712269499883e-10,1.6991680979999573e-12,1.4347592298468032e-05,0.0
dry_high_load,14430.0,0.2554197824563378,4.645546844839312e-10,1.6892897617597497e-12,1.434760924564898e-05,0.0
dry_high_load,14440.0,0.25542008240039477,4.6185393499312723e-10,1.6794688545204625e-12,1.4347626094305275e-05,0.0
dry_high_load,14450.0,0.25542038060068767,4.5916888666344e-10,1.6697050424125089e-12,1.4347642845009697e-05,0.0
dry_high_load,14460.0,0.2554206770673542,4.564994482128817e-10,1.6599979935013878e-12,1.434765949833171e-05,0.0
dry_high_load,14470.0,0.2554209718104729,4.5384552889288346e-10,1.650347377792303e-12,1.4347676054837453e-05,0.0
dry_high_load,14480.0,0.25542126484006394,4.512070384800368e-10,1.6407528672001334e-12,1.4347692515089781e-05,0.0
dry_high_load,14490.0,0.255421556166089,4.4858388727694073e-10,1.6312141355525113e-12,1.4347708879648278e-05,0.0
dry_high_load,14500.0,0.2554218457984521,4.459759861069078e-10,1.6217308585705735e-12,1.434772514906927e-05,0.0
dry_high_load,14510.0,0.2554221337469995,4.4338324631227e-10,1.6123027138627997e-12,1.4347741323905853e-05,0.0
dry_high_load,14520.0,0.2554224200215204,4.408055797490847e-10,1.6029293809057622e-12,1.4347757404707906e-05,0.0
dry_high_load,14530.0,0.2554227046317468,4.382428987884054e-10,1.5936105410487468e-12,1.4347773392022111e-05,0.0
dry_high_load,14540.0,0.25542298758735443,4.356951163088701e-10,1.5843458774868002e-12,1.4347789286391972e-05,0.0
dry_high_load,14550.0,0.2554232688979626,4.331621456964895e-10,1.5751350752599618e-12,1.434780508835783e-05,0.0
dry_high_load,14560.0,0.25542354857313465,4.306439008406236e-10,1.5659778212386311e-12,1.4347820798456892e-05,0.0
dry_high_load,14570.0,0.2554238266223785,4.2814029613080543e-10,1.5568738041120196e-12,1.4347836417223236e-05,0.0
dry_high_load,14580.0,0.2554241030551467,4.256512464546233e-10,1.547822714380448e-12,1.4347851945187838e-05,0.0
dry_high_load,14590.0,0.2554243778808368,4.231766671945446e-10,1.5388242443437983e-12,1.4347867382878584e-05,0.0
dry_high_load,14600.0,0.25542465110879164,4.207164742257981e-10,1.5298780880938111e-12,1.434788273082029e-05,0.0
dry_high_load,14610.0,0.25542492274830014,4.182705839100213e-10,1.5209839414909862e-12,1.4347897989534732e-05,0.0
dry_high_load,14620.0,0.25542519280859666,4.1583891309907186e-10,1.5121415021784429e-12,1.4347913159540635e-05,0.0
dry_high_load,14630.0,0.2554254612988623,4.134213791246518e-10,1.503350469544188e-12,1.434792824135372e-05,0.0
dry_high_load,14640.0,0.2554257282282247,4.1101789979978946e-10,1.4946105447265068e-12,1.4347943235486716e-05,0.0
dry_high_load,14650.0,0.2554259936057582,4.086283934175692e-10,1.4859214306093424e-12,1.4347958142449351e-05,0.0
dry_high_load,14660.0,0.2554262574404847,4.062527787430845e-10,1.4772828317930341e-12,1.4347972962748407e-05,0.0
dry_high_load,14670.0,0.2554265197413734,4.0389097501619065e-10,1.4686944546043294e-12,1.4347987696887716e-05,0.0
dry_high_load,14680.0,0.25542678051734163,4.015429019438818e-10,1.4601560070686608e-12,1.4348002345368176e-05,0.0
dry_high_load,14690.0,0.25542703977725456,3.992084797024083e-10,1.4516671989178482e-12,1.4348016908687775e-05,0.0
dry_high_load,14700.0,0.25542729752992616,3.9688762892922985e-10,1.4432277415608356e-12,1.4348031387341613e-05,0.0
dry_high_load,14710.0,0.25542755378411874,3.9458027072682733e-10,1.4348373480975537e-12,1.4348045781821897e-05,0.0
dry_high_load,14720.0,0.25542780854854397,3.922863266540206e-10,1.4264957332873475e-12,1.4348060092617984e-05,0.0
dry_high_load,14730.0,0.2554280618318629,3.900057187249097e-10,1.418202613545126e-12,1.4348074320216385e-05,0.0
dry_high_load,14740.0,0.25542831364268614,3.8773836940823967e-10,1.4099577069390532e-12,1.4348088465100783e-05,0.0
dry_high_load,14750.0,0.2554285639895742,3.8548420162358875e-10,1.4017607331766861e-12,1.4348102527752041e-05,0.0
dry_high_load,14760.0,0.25542881288103775,3.832431387394627e-10,1.393611413598046e-12,1.4348116508648234e-05,0.0
dry_high_load,14770.0,0.2554290603255383,3.810151045665185e-10,1.3855094711509763e-12,1.4348130408264659e-05,0.0
dry_high_load,14780.0,0.25542930633148775,3.788000233632817e-10,1.3774546304119332e-12,1.434814422707384e-05,0.0
dry_high_load,14790.0,0.2554295509072494,3.765978198244999e-10,1.3694466175436359e-12,1.4348157965545565e-05,0.0
dry_high_load,14800.0,0.2554297940611378,3.7440841908431907e-10,1.3614851603066146e-12,1.4348171624146883e-05,0.0
dry_high_load,14810.0,0.2554300358014193,3.7223174671162475e-10,1.3535699880422717e-12,1.4348185203342138e-05,0.0
dry_high_load,14820.0,0.255430276136312,3.700677287094069e-10,1.3457008316705705e-12,1.434819870359296e-05,0.0
dry_high_load,14830.0,0.2554305150739863,3.6791629150904247e-10,1.3378774236692452e-12,1.4348212125358308e-05,0.0
dry_high_load,14840.0,0.25543075262256515,3.6577736197050694e-10,1.3300994980745706e-12,1.4348225469094465e-05,0.0
dry_high_load,14850.0,0.25543098879012427,3.636508673785629e-10,1.3223667904675013e-12,1.4348238735255066e-05,0.0
dry_high_load,14860.0,0.25543122358469234,3.615367354417012e-10,1.3146790379698225e-12,1.4348251924291104e-05,0.0
dry_high_load,14870.0,0.25543145701425146,3.594348942874822e-10,1.3070359792272077e-12,1.4348265036650953e-05,0.0
dry_high_load,14880.0,0.25543168908673725,3.57345272462324e-10,1.2994373544084506e-12,1.4348278072780384e-05,0.0
dry_high_load,14890.0,0.25543191981003927,3.5526779892705563e-10,1.291882905189293e-12,1.4348291033122568e-05,0.0
dry_high_load,14900.0,0.25543214919200113,3.5320240305628173e-10,1.2843723747501152e-12,1.4348303918118105e-05,0.0
dry_high_load,14910.0,0.25543237724042095,3.511490146347826e-10,1.2769055077628458e-12,1.4348316728205033e-05,0.0
dry_high_load,14920.0,0.2554326039630514,3.49107563856032e-10,1.2694820503855707e-12,1.4348329463818844e-05,0.0
dry_high_load,14930.0,0.25543282936760014,3.4707798131859714e-10,1.2621017502494439e-12,1.4348342125392495e-05,0.0
dry_high_load,14940.0,0.25543305346173,3.450601980252917e-10,1.254764356455606e-12,1.4348354713356429e-05,0.0
dry_high_load,14950.0,0.2554332762530594,3.4305414537851715e-10,1.247469619558244e-12,1.434836722813859e-05,0.0
dry_high_load,14960.0,0.25543349774916213,3.4105975518216865e-10,1.2402172915715223e-12,1.4348379670164423e-05,0.0
dry_high_load,14970.0,0.2554337179575683,3.3907695963422335e-10,1.2330071259426302e-12,1.4348392039856911e-05,0.0
dry_high_load,14980.0,0.25543393688576405,3.371056913280111e-10,1.2258388775564038e-12,1.4348404337636571e-05,0.0
dry_high_load,14990.0,0.2554341545411921,3.351458832475556e-10,1.2187123027183838e-12,1.434841656392148e-05,0.0
dry_high_load,15000.0,0.25543437093125176,3.331974687688452e-10,1.2116271591594369e-12,1.4348428719127277e-05,0.0
nominal,0.0,0.0,4.347040440569484e-06,1.5807419783889032e-08,0.0,0.0
nominal,10.0,0.002798356715111379,4.293199269333355e-06,1.5611633706666747e-08,1.571911474210861e-07,0.0
nominal,20.0,0.005562053802566214,4.24002495909374e-06,1.541827257852269e-08,3.124353712741013e-07,0.0
nominal,30.0,0.008291520546373509,4.1875092503054134e-06,1.5227306364746958e-08,4.657567855848167e-07,0.0
nominal,40.0,0.010987180913556115,4.135643985723465e-06,1.503870540263078e-08,6.171792057097345e-07,0.0
nominal,50.0,0.01364945362000536,4.084421109136232e-06,1.4852440396859023e-08,7.667261520353178e-07,0.0
nominal,60.0,0.016278752195520038,4.033832664113933e-06,1.4668482414959754e-08,9.14420853631404e-07,0.0
nominal,70.0,0.018875485048039823,3.9838707927727965e-06,1.4486802882810165e-08,1.0602862518593668e-06,0.0
nominal,80.0,0.021440055527083116,3.934527734554504e-06,1.4307373580198195e-08,1.2043450039355883e-06,0.0
nominal,90.0,0.023972861986399186,3.88579582502074e-06,1.4130166636439055e-08,1.3466194864507972e-06,0.0
nominal,100.0,0.02647429784584429,3.83766749466268e-06,1.3955154526046107e-08,1.4871317988458154e-06,0.0
nominal,110.0,0.02894475165249144,3.7901352677252225e-06,1.3782310064455353e-08,1.6259037668442552e-06,0.0
nominal,120.0,0.031384607140983255,3.743191761045779e-06,1.361160640380283e-08,1.762956945842701e-06,0.0
nominal,130.0,0.033794243293137335,3.6968296829074567e-06,1.3443017028754387e-08,1.8983126242589013e-06,0.0
nominal,140.0,0.036174034396813354,3.651041831906432e-06,1.3276515752387024e-08,2.0319918268384898e-06,0.0
nominal,150.0,0.03852435010405105,3.6058210958333646e-06,1.3112076712121324e-08,2.164015317920752e-06,0.0
nominal,160.0,0.04084555548848811,3.5611604505686583e-06,1.2949674365704209e-08,2.2944036046639387e-06,0.0
nominal,170.0,0.04313801110206698,3.5170529589914055e-06,1.2789283487241473e-08,2.423176940230641e-06,0.0
nominal,180.0,0.04540207303103919,3.4734917699018508e-06,1.2630879163279456e-08,2.550355326933701e-06,0.0
nominal,190.0,0.04763809295127614,3.430470116957194e-06,1.2474436788935248e-08,2.6759585193431655e-06,0.0
nominal,200.0,0.049846418182894765,3.3879813176205773e-06,1.2319932064074825e-08,2.800006027354756e-06,0.0
nominal,210.0,0.05202739174420662,3.3460187721230897e-06,1.2167340989538506e-08,2.9225171192203322e-06,0.0
nominal,220.0,0.05418135240499879,3.3045759624386283e-06,1.2016639863413191e-08,3.043510824540823e-06,0.0
nominal,230.0,0.05630863473915492,3.263646451271453e-06,1.1867805277350736e-08,3.1630059372220877e-06,0.0
nominal,240.0,0.05840956917662438,3.2232238810562866e-06,1.172081411293195e-08,3.2810210183941657e-06,0.0
nominal,250.0,0.060484482054747865,3.183301972970795e-06,1.1575643538075618e-08,3.3975743992943692e-06,0.0
nominal,260.0,0.0625336956689472,3.1438745259603015e-06,1.1432271003492004e-08,3.5126841841146663e-06,0.0
nominal,270.0,0.06455752832278745,3.1049354157745777e-06,1.129067423918028e-08,3.6263682528138027e-06,0.0
nominal,280.0,0.06655629437741879,3.0664785940165687e-06,1.1150831250969338e-08,3.7386442638945814e-06,0.0
nominal,290.0,0.06853030430040617,3.028498087202894e-06,1.101272031710143e-08,3.849529657146758e-06,0.0
nominal,300.0,0.07047986471395412,2.9909879958359915e-06,1.087631998485815e-08,3.9590416563559555e-06,0.0
nominal,310.0,0.07240527844253417,2.9539424934877517e-06,1.0741609067228187e-08,4.067197271979021e-06,0.0
nominal,320.0,0.07430684455992263,2.917355825894497e-06,1.0608566639616351e-08,4.174013303786265e-06,0.0
nominal,330.0,0.07618485843565545,2.881222310063178e-06,1.0477172036593374e-08,4.279506343470955e-06,0.0
nominal,340.0,0.07803961178090792,2.8455363333886328e-06,1.0347404848685937e-08,4.383692777226499e-06,0.0
nominal,350.0,0.07987139269380605,2.810292352781788e-06,1.02192449192065e-08,4.486588788291708e-06,0.0
nominal,360.0,0.08168048570417676,2.775484893808647e-06,1.0092672341122352e-08,4.58821035946453e-06,0.0
nominal,370.0,0.08346717181774374,2.7411085498399533e-06,9.967667453963465e-09,4.688573275584657e-06,0.0
nominal,380.0,0.085231728559776,2.707157981211378e-06,9.844210840768647e-09,4.787693125985367e-06,0.0
nominal,390.0,0.08697443001819578,2.6736279143941117e-06,9.722283325069497e-09,4.885585306915025e-06,0.0
nominal,400.0,0.08869554688615247,2.640513141175731e-06,9.601865967911747e-09,4.982265023928562e-06,0.0
nominal,410.0,0.09039534650406929,2.607808517851209e-06,9.482940064913487e-09,5.077747294249353e-06,0.0
nominal,420.0,0.09207409290116916,2.5755089644239434e-06,9.365487143359793e-09,5.172046949101841e-06,0.0
nominal,430.0,0.09373204683648637,2.5436094638166827e-06,9.24948895933339e-09,5.26517863601526e-06,0.0
nominal,440.0,0.09536946583937005,2.512105061092228e-06,9.134927494880828e-09,5.357156821098834e-06,0.0
nominal,450.0,0.09698660424948609,2.480990862683784e-06,9.021784955213759e-09,5.447995791288785e-06,0.0
nominal,460.0,0.09858371325632377,2.450262035634839e-06,8.910043765944869e-09,5.537709656567527e-06,0.0
nominal,470.0,0.1001610437492103,2.421582193929037e-06,8.805753432469225e-09,5.626312510056573e-06,0.0
nominal,480.0,0.10172461732061244,2.407697491407074e-06,8.755263605116631e-09,5.714142600637504e-06,0.0
nominal,490.0,0.10327922578070654,2.393892400043719e-06,8.705063272886252e-09,5.801469097046305e-06,0.0
nominal,500.0,0.10482492053303526,2.3801664633699506e-06,8.655150775890728e-09,5.888294886756833e-06,0.0
nominal,510.0,0.10636175268640714,2.366519227534018e-06,8.605524463760064e-09,5.974622840686941e-06,0.0
nominal,520.0,0.10788977305658652,2.3529502412864348e-06,8.556182695587034e-09,6.060455813293412e-06,0.0
nominal,530.0,0.10940903216797372,2.339459055965058e-06,8.507123839872937e-09,6.145796642666335e-06,0.0
nominal,540.0,0.11091958025527583,2.3260452254802527e-06,8.458346274473645e-09,6.230648150622959e-06,0.0
nominal,550.0,0.11242146726516755,2.312708306300142e-06,8.40984838654597e-09,6.3150131428009875e-06,0.0
nominal,560.0,0.1139147428579427,2.299447857435943e-06,8.361628572494339e-09,6.398894408751345e-06,0.0
nominal,570.0,0.11539945640915635,2.2862634404273836e-06,8.313685237917757e-09,6.482294722030426e-06,0.0
nominal,580.0,0.11687565701125738,2.273154619328204e-06,8.266016797557105e-09,6.565216840291794e-06,0.0
nominal,590.0,0.11834339347521175,2.260120960691745e-06,8.218621675242708e-09,6.647663505377368e-06,0.0
nominal,600.0,0.11980271433211644,2.247162033556614e-06,8.171498303842232e-09,6.729637443408081e-06,0.0
nominal,610.0,0.1212536678348041,2.2342774094324337e-06,8.124645125208848e-09,6.811141364874019e-06,0.0
nominal,620.0,0.12269630195943865,2.2214666622856773e-06,8.078060590129734e-09,6.892177964724047e-06,0.0
nominal,630.0,0.1241306644071015,2.20872936852558e-06,8.031743158274836e-09,6.972749922454913e-06,0.0
nominal,640.0,0.1255568026053689,2.1960651069901323e-06,7.985691298145935e-09,7.052859902199854e-06,0.0
nominal,650.0,0.12697476370988006,2.183473458932154e-06,7.939903487026012e-09,7.13251055281668e-06,0.0
nominal,660.0,0.1283845946058965,2.17095400800545e-06,7.894378210928908e-09,7.211704507975359e-06,0.0
nominal,670.0,0.12978634190985208,2.158506340251042e-06,7.849113964549242e-09,7.290444386245104e-06,0.0
nominal,680.0,0.13118005197089466,2.1461300440834813e-06,7.804109251212658e-09,7.3687327911809545e-06,0.0
nominal,690.0,0.13256577087241853,2.1338247102772397e-06,7.759362582826324e-09,7.446572311409866e-06,0.0
nominal,700.0,0.13394354443358805,2.1215899319531795e-06,7.714872479829742e-09,7.523965520716297e-06,0.0
nominal,710.0,0.1353134182108529,2.109425304565097e-06,7.670637471145806e-09,7.600914978127323e-06,0.0
nominal,720.0,0.13667543749945427,2.097330425886349e-06,7.626656094132178e-09,7.677423227997239e-06,0.0
nominal,730.0,0.13802964733492254,2.085304895996552e-06,7.582926894532914e-09,7.753492800091697e-06,0.0
nominal,740.0,0.13937609249456648,2.0733483172683578e-06,7.539448426430392e-09,7.829126209671353e-06,0.0
nominal,750.0,0.14071481749895373,2.0614602943543086e-06,7.496219252197486e-09,7.904325957575028e-06,0.0
nominal,760.0,0.14204586661338317,2.0496404341737592e-06,7.453237942450033e-09,7.979094530302417e-06,0.0
nominal,770.0,0.14336928384934802,2.0378883458998878e-06,7.410503075999591e-09,8.053434400096278e-06,0.0
nominal,780.0,0.1446851129659916,2.026203640946766e-06,7.3680132398064195e-09,8.127348025024202e-06,0.0
nominal,790.0,0.14599339747155396,2.0145859329565128e-06,7.3257670289327735e-09,8.200837849059874e-06,0.0
nominal,800.0,0.14729418062481073,2.0030348377865203e-06,7.283763046496436e-09,8.273906302163898e-06,0.0
nominal,810.0,0.148587505436503,1.9915499734967524e-06,7.241999903624553e-09,8.346555800364123e-06,0.0
nominal,820.0,0.1498734146707602,1.9801309603371123e-06,7.20047621940768e-09,8.418788745835556e-06,0.0
nominal,830.0,0.15115195084651348,1.96877742073489e-06,7.159190620854144e-09,8.49060752697977e-06,0.0
nominal,840.0,0.15242315623890187,1.9574889792822757e-06,7.118141742844637e-09,8.562014518503884e-06,0.0
nominal,850.0,0.15368707288067018,1.9462652627239467e-06,7.077328228087078e-09,8.633012081499086e-06,0.0
nominal,860.0,0.15494374256355867,1.9351058999447274e-06,7.036748727071735e-09,8.703602563518698e-06,0.0
nominal,870.0,0.156193206839685,1.924010521957316e-06,6.996401898026602e-09,8.773788298655805e-06,0.0
nominal,880.0,0.1574355070229181,1.9129787618900847e-06,6.9562864068730345e-09,8.843571607620425e-06,0.0
nominal,890.0,0.15867068419024433,1.9020102549749505e-06,6.9164009271816364e-09,8.91295479781625e-06,0.0
nominal,900.0,0.15989877918312562,1.891104638535311e-06,6.876744140128402e-09,8.981940163416939e-06,0.0
nominal,910.0,0.16111983260884985,1.8802615519740553e-06,6.837314734451109e-09,9.050529985441971e-06,0.0
nominal,920.0,0.16233388484187364,1.8694806367616399e-06,6.798111406405962e-09,9.118726531832071e-06,0.0
nominal,930.0,0.16354097602515735,1.858761536424232e-06,6.759132859724479e-09,9.186532057524206e-06,0.0
nominal,940.0,0.16474114607149234,1.8481038965319251e-06,6.720377805570636e-09,9.253948804526136e-06,0.0
nominal,950.0,0.16593443466482075,1.837507364687019e-06,6.681844962498249e-09,9.32097900199055e-06,0.0
nominal,960.0,0.16712088126154762,1.826971590512366e-06,6.643533056408603e-09,9.387624866288775e-06,0.0
nominal,970.0,0.16830052509184554,1.8164962256397892e-06,6.605440820508323e-09,9.453888601084056e-06,0.0
nominal,980.0,0.16947340516095186,1.8060809236985592e-06,6.567566995267488e-09,9.519772397404428e-06,0.0
nominal,990.0,0.17063956025045837,1.795725340303944e-06,6.529910328377978e-09,9.585278433715161e-06,0.0
nominal,1000.0,0.1717990289195936,1.7854291330458217e-06,6.492469574712078e-09,9.650408875990785e-06,0.0
nominal,1010.0,0.17295184950649772,1.7751919614773585e-06,6.4552434962813024e-09,9.715165877786712e-06,0.0
nominal,1020.0,0.17409806012949047,1.7650134871037498e-06,6.418230862195453e-09,9.77955158031045e-06,0.0
nominal,1030.0,0.17523769868833128,1.7548933733710308e-06,6.38143044862193e-09,9.843568112492398e-06,0.0
nominal,1040.0,0.1763708028654725,1.7448312856549467e-06,6.34484103874526e-09,9.907217591056237e-06,0.0
nominal,1050.0,0.17749741012730538,1.734826891249888e-06,6.308461422726864e-09,9.970502120588917e-06,0.0
nominal,1060.0,0.1786175577253991,1.7248798593578897e-06,6.2722903976650525e-09,1.0033423793610263e-05,0.0
nominal,1070.0,0.17973128269773217,1.7149898610776944e-06,6.236326767555251e-09,1.0095984690642141e-05,0.0
nominal,1080.0,0.18083862186991734,1.7051565693938753e-06,6.200569343250455e-09,1.0158186880277273e-05,0.0
nominal,1090.0,0.1819396118564191,1.6953796591660256e-06,6.16501694242191e-09,1.0220032419247615e-05,0.0
nominal,1100.0,0.1830342890617646,1.6856588071180044e-06,6.129668389520015e-09,1.0281523352492386e-05,0.0
nominal,1110.0,0.18412268968174708,1.6759936918272511e-06,6.094522515735458e-09,1.0342661713225662e-05,0.0
nominal,1120.0,0.18520484970462286,1.6663839937141543e-06,6.05957815896056e-09,1.0403449523003624e-05,0.0
nominal,1130.0,0.18628080491230117,1.6568293950314884e-06,6.024834163750866e-09,1.0463888791791383e-05,0.0
nominal,1140.0,0.18735059088152745,1.6473295798539034e-06,5.99028938128692e-09,1.0523981518029454e-05,0.0
nominal,1150.0,0.18841424298505954,1.6378842340674816e-06,5.955942669336296e-09,1.0583729688699829e-05,0.0
nominal,1160.0,0.1894717963928376,1.628493045359349e-06,5.921792892215814e-09,1.0643135279391684e-05,0.0
nominal,1170.0,0.19052328607314648,1.6191557032073514e-06,5.887838920754004e-09,1.0702200254366687e-05,0.0
nominal,1180.0,0.19156874679377245,1.6098718988697842e-06,5.854079632253759e-09,1.076092656662396e-05,0.0
nominal,1190.0,0.19260821312315263,1.6006413253751846e-06,5.820513910455216e-09,1.081931615796466e-05,0.0
nominal,1200.0,0.19364171943151792,1.5914636775121832e-06,5.787140645498847e-09,1.0877370959056166e-05,0.0
nominal,1210.0,0.1946692998920297,1.5823386518194089e-06,5.753958733888758e-09,1.093509288949594e-05,0.0
nominal,1220.0,0.1956909884819093,1.5732659465754585e-06,5.720967078456212e-09,1.0992483857874971e-05,0.0
nominal,1230.0,0.1967068189835621,1.5642452617889171e-06,5.6881645883233346e-09,1.1049545761840916e-05,0.0
nominal,1240.0,0.19771682498569407,1.5552762991884403e-06,5.655550178867055e-09,1.110628048816082e-05,0.0
nominal,1250.0,0.19872103988442263,1.5463587622128916e-06,5.6231227716832415e-09,1.1162689912783516e-05,0.0
nominal,1260.0,0.19971949688438062,1.5374923560015381e-06,5.5908812945510474e-09,1.121877590090164e-05,0.0
nominal,1270.0,0.20071222899981475,1.528676787384296e-06,5.558824681397439e-09,1.1274540307013334e-05,0.0
nominal,1280.0,0.2016992690556767,1.519911764872042e-06,5.5269518722619706e-09,1.1329984974983528e-05,0.0
nominal,1290.0,0.2026806496887087,1.5111969986469734e-06,5.495261813261721e-09,1.138511173810493e-05,0.0
nominal,1300.0,0.2036564033485227,1.5025322005530246e-06,5.463753456556452e-09,1.1439922419158644e-05,0.0
nominal,1310.0,0.20462656229867326,1.4939170840863393e-06,5.43242576031396e-09,1.149441883047443e-05,0.0
nominal,1320.0,0.20559115861772428,1.4853513643857985e-06,5.40127768867563e-09,1.1548602773990635e-05,0.0
nominal,1330.0,0.20655022420031002,1.476834758223599e-06,5.3703082117221776e-09,1.1602476041313783e-05,0.0
nominal,1340.0,0.20750379075818925,1.4683669839958903e-06,5.339516305439601e-09,1.1656040413777801e-05,0.0
nominal,1350.0,0.20845188982129406,1.4599477617134636e-06,5.308900951685321e-09,1.1709297662502923e-05,0.0
nominal,1360.0,0.20939455273877247,1.4515768129924922e-06,5.278461138154516e-09,1.1762249548454262e-05,0.0
nominal,1370.0,0.21033181068002482,1.4432538610453277e-06,5.248195858346646e-09,1.1814897822500023e-05,0.0
nominal,1380.0,0.21126369463573438,1.434978630671349e-06,5.2181041115321775e-09,1.1867244225469402e-05,0.0
nominal,1390.0,0.21219023541889243,1.4267508482478588e-06,5.188184902719486e-09,1.1919290488210157e-05,0.0
nominal,1400.0,0.21311146366581657,1.4185702417210417e-06,5.158437242621969e-09,1.1971038331645822e-05,0.0
nominal,1410.0,0.21402740983716412,1.4104365405969641e-06,5.128860147625323e-09,1.2022489466832616e-05,0.0
nominal,1420.0,0.21493810421893905,1.4023494759326332e-06,5.099452639755029e-09,1.2073645595016024e-05,0.0
nominal,1430.0,0.21584357692349357,1.3943087803271025e-06,5.070213746644009e-09,1.2124508407687043e-05,0.0
nominal,1440.0,0.21674385789052375,1.3863141879126313e-06,5.041142501500477e-09,1.2175079586638118e-05,0.0
nominal,1450.0,0.2176389768880594,1.3783654343458933e-06,5.012237943075975e-09,1.2225360804018741e-05,0.0
nominal,1460.0,0.21852896351344858,1.3704622567992344e-06,4.983499115633579e-09,1.2275353722390757e-05,0.0
nominal,1470.0,0.21941384719433601,1.362604393951985e-06,4.954925068916308e-09,1.2325059994783323e-05,0.0
nominal,1480.0,0.2202936571896362,1.3547915859818183e-06,4.926514858115702e-09,1.2374481264747567e-05,0.0
nominal,1490.0,0.2211684225905009,1.3470235745561582e-06,4.8982675438405744e-09,1.2423619166410942e-05,0.0
nominal,1500.0,0.22203817232128106,1.339300102823638e-06,4.870182192085956e-09,1.2472475324531253e-05,0.0
nominal,1510.0,0.22290293514048296,1.33162091540561e-06,4.842257874202218e-09,1.2521051354550367e-05,0.0
nominal,1520.0,0.22376273964171955,1.3239857583876967e-06,4.814493666864351e-09,1.2569348862647655e-05,0.0
nominal,1530.0,0.2246176142546556,1.3163943793113984e-06,4.786888652041448e-09,1.2617369445793083e-05,0.0
nominal,1540.0,0.2254675872459478,1.3088465271657446e-06,4.759441916966343e-09,1.266511469180002e-05,0.0
nominal,1550.0,0.22631268672017935,1.3013419523789948e-06,4.732152554105435e-09,1.271258617937773e-05,0.0
nominal,1560.0,0.2271529406207894,1.293880406810386e-06,4.705019661128676e-09,1.2759785478183594e-05,0.0
nominal,1570.0,0.2279883767309969,1.2864616437419267e-06,4.6780423408797324e-09,1.2806714148874992e-05,0.0
nominal,1580.0,0.2288190226747192,1.2790854178702418e-06,4.651219701346333e-09,1.2853373743160915e-05,0.0
nominal,1590.0,0.22964490591748574,1.2717514852984573e-06,4.6245508556307524e-09,1.2899765803853273e-05,0.0
nominal,1600.0,0.23046605376734575,1.2644596035281407e-06,4.598034921920511e-09,1.2945891864917907e-05,0.0
nominal,1610.0,0.23128249337577153,1.25720953145128e-06,4.571671023459199e-09,1.2991753451525303e-05,0.0
nominal,1620.0,0.2320942517385561,1.2500010293423118e-06,4.545458288517497e-09,1.3037352080101036e-05,0.0
nominal,1630.0,0.2329013556967059,1.2428338588501938e-06,4.519395850364341e-09,1.3082689258375899e-05,0.0
nominal,1640.0,0.23370383193732816,1.235707782990526e-06,4.493482847238276e-09,1.3127766485435765e-05,0.0
nominal,1650.0,0.23450170699451342,1.228622566137713e-06,4.467718422318956e-09,1.3172585251771144e-05,0.0
nominal,1660.0,0.23529500725021288,1.221577974017173e-06,4.44210172369881e-09,1.3217147039326479e-05,0.0
nominal,1670.0,0.2360837589351108,1.214573773697591e-06,4.416631904354875e-09,1.3261453321549145e-05,0.0
nominal,1680.0,0.23686798812949153,1.2076097335832198e-06,4.391308122120799e-09,1.3305505563438155e-05,0.0
nominal,1690.0,0.2376477207641022,1.2006856234062184e-06,4.366129539658975e-09,1.3349305221592616e-05,0.0
nominal,1700.0,0.23842298262101008,1.1938012142190398e-06,4.341095324432872e-09,1.3392853744259892e-05,0.0
nominal,1710.0,0.2391937993344548,1.1869562783868618e-06,4.3162046486794974e-09,1.3436152571383475e-05,0.0
nominal,1720.0,0.2399601963916963,1.1801505895800579e-06,4.291456689382028e-09,1.3479203134650616e-05,0.0
nominal,1730.0,0.2407221991338572,1.1733839227667166e-06,4.266850628242605e-09,1.3522006857539647e-05,0.0
nominal,1740.0,0.24147983275676121,1.1666560542051971e-06,4.242385651655262e-09,1.3564565155367069e-05,0.0
nominal,1750.0,0.2422331223117657,1.1599667614367348e-06,4.218060950679035e-09,1.3606879435334326e-05,0.0
nominal,1760.0,0.24298209270659035,1.1533158232780832e-06,4.193875721011211e-09,1.364895109657435e-05,0.0
nominal,1770.0,0.24372676870614077,1.146703019814201e-06,4.16982916296073e-09,1.3690781530197825e-05,0.0
nominal,1780.0,0.244467174933327,1.1401281323909816e-06,4.145920481421751e-09,1.373237211933917e-05,0.0
nominal,1790.0,0.2452033358698783,1.1335909436080205e-06,4.122148885847347e-09,1.37737242392023e-05,0.0
nominal,1800.0,0.24593527585715186,1.1270912373114314e-06,4.0985135902233865e-09,1.3814839257106059e-05,0.0
nominal,1810.0,0.24666301909693839,1.1206287985866937e-06,4.075013813042522e-09,1.3855718532529466e-05,0.0
nominal,1820.0,0.2473865896522617,1.1142034137515519e-06,4.0516487772783695e-09,1.3896363417156642e-05,0.0
nominal,1830.0,0.2481060114481749,1.1078148703489453e-06,4.028417710359801e-09,1.3936775254921518e-05,0.0
nominal,1840.0,0.2488213082725513,1.1014629571399846e-06,4.005319844145399e-09,1.3976955382052277e-05,0.0
nominal,1850.0,0.24953250377687083,1.0951474640969685e-06,3.9823544148980665e-09,1.4016905127115517e-05,0.0
nominal,1860.0,0.2502396214770022,1.088868182396438e-06,3.959520663259774e-09,1.4056625811060193e-05,0.0
nominal,1870.0,0.25094268475398035,1.0826249044122723e-06,3.936817834226444e-09,1.4096118747261299e-05,0.0
nominal,1880.0,0.2516417168547798,1.0764174237088221e-06,3.914245177122989e-09,1.4135385241563282e-05,0.0
nominal,1890.0,0.2523367408930831,1.0702455350340853e-06,3.891801945578491e-09,1.4174426592323235e-05,0.0
nominal,1900.0,0.25302777985004504,1.06410903431292e-06,3.869487397501527e-09,1.4213244090453812e-05,0.0
nominal,1910.0,0.2537148565750528,1.0580077186402954e-06,3.847300795055619e-09,1.4251839019465925e-05,0.0
nominal,1920.0,0.2543979937864813,1.051941386274584e-06,3.8252414046348505e-09,1.429021265551118e-05,0.0
nominal,1930.0,0.25507721407244416,1.0459098366308919e-06,3.803308496839606e-09,1.4328366267424068e-05,0.0
nominal,1940.0,0.25575253989154106,1.0399128702744237e-06,3.781501346452449e-09,1.4366301116763925e-05,0.0
nominal,1950.0,0.2564239935736,1.0339502889138902e-06,3.759819232414146e-09,1.4404018457856645e-05,0.0
nominal,1960.0,0.2570915973204158,1.0280218953949508e-06,3.7382614377998204e-09,1.4441519537836154e-05,0.0
nominal,1970.0,0.257755373206484,1.0221274936936963e-06,3.7168272497952586e-09,1.4478805596685646e-05,0.0
nominal,1980.0,0.2584153431797311,1.0162668889101643e-06,3.6955159596733243e-09,1.4515877867278581e-05,0.0
nominal,1990.0,0.2590715290622399,1.0104398872618973e-06,3.674326862770535e-09,1.4552737575419461e-05,0.0
nominal,2000.0,0.2597239525509714,1.0046462960775345e-06,3.6532592584637613e-09,1.4589385939884352e-05,0.0
nominal,2010.0,0.260372635218482,9.988859237904405e-07,3.632312450147056e-09,1.4625824172461179e-05,0.0
nominal,2020.0,0.26101759851363665,9.931585799323722e-07,3.6114857452086256e-09,1.4662053477989804e-05,0.0
nominal,2030.0,0.2616588637623185,9.874640751271806e-07,3.5907784550079287e-09,1.4698075054401859e-05,0.0
nominal,2040.0,0.2622964521681338,9.818022210845472e-07,3.570189894852899e-09,1.4733890092760361e-05,0.0
nominal,2050.0,0.2629303848131129,9.761728305937605e-07,3.5497193839773108e-09,1.476949977729909e-05,0.0
nominal,2060.0,0.26356068265840754,9.705757175175259e-07,3.5293662455182753e-09,1.4804905285461746e-05,0.0
nominal,2070.0,0.2641873665449837,9.65010696785809e-07,3.5091298064938503e-09,1.484010778794088e-05,0.0
nominal,2080.0,0.264810457194311,9.594775843897172e-07,3.4890093977807893e-09,1.4875108448716616e-05,0.0
nominal,2090.0,0.26542997520904765,9.539761973754165e-07,3.469004354092423e-09,1.4909908425095114e-05,0.0
nominal,2100.0,0.2660459410737218,9.485063538380798e-07,3.449114013956653e-09,1.4944508867746864e-05,0.0
nominal,2110.0,0.26665837515540874,9.430678729158748e-07,3.42933771969409e-09,1.4978910920744713e-05,0.0
nominal,2120.0,0.2672672977044044,9.376605747839818e-07,3.4096748173962967e-09,1.50131157216017e-05,0.0
nominal,2130.0,0.267872728854895,9.322842806486482e-07,3.3901246569041748e-09,1.5047124401308675e-05,0.0
nominal,2140.0,0.26847468862562274,9.26938812741277e-07,3.3706865917864615e-09,1.5080938084371687e-05,0.0
nominal,2150.0,0.26907319692054776,9.216239943125484e-07,3.3513599793183575e-09,1.5114557888849172e-05,0.0
nominal,2160.0,0.26966827352950606,9.163396496265767e-07,3.332144180460279e-09,1.514798492638891e-05,0.0
nominal,2170.0,0.2702599381288643,9.110856039550972e-07,3.3130385598367168e-09,1.5181220302264803e-05,0.0
nominal,2180.0,0.2708482102821699,9.05861683571691e-07,3.2940424857152396e-09,1.52142651154134e-05,0.0
nominal,2190.0,0.27143310944079824,9.006677157460397e-07,3.2751553299855985e-09,1.5247120458470249e-05,0.0
nominal,2200.0,0.2720146549445958,8.955035287382142e-07,3.2563764681389603e-09,1.5279787417806015e-05,0.0
nominal,2210.0,0.2725928660225194,8.903689517929966e-07,3.23770527924726e-09,1.5312267073562405e-05,0.0
nominal,2220.0,0.27316776179327235,8.852638151342331e-07,3.219141145942665e-09,1.5344560499687883e-05,0.0
nominal,2230.0,0.27373936126593645,8.801879499592191e-07,3.2006834543971602e-09,1.537666876397319e-05,0.0
nominal,2240.0,0.27430768334060035,8.751411884331231e-07,3.1823315943022656e-09,1.5408592928086623e-05,0.0
nominal,2250.0,0.2748727468089847,8.701233636834314e-07,3.164084958848841e-09,1.5440334047609172e-05,0.0
nominal,2260.0,0.2754345703550637,8.651343097944316e-07,3.1459429447070236e-09,1.5471893172069408e-05,0.0
nominal,2270.0,0.27599317255568245,8.601738618017285e-07,3.127904952006285e-09,1.5503271344978188e-05,0.0
nominal,2280.0,0.2765485718811713,8.552418556867898e-07,3.1099703843155987e-09,1.553446960386314e-05,0.0
nominal,2290.0,0.27710078669595695,8.503381283715196e-07,3.0921386486237076e-09,1.556548898030301e-05,0.0
nominal,2300.0,0.27764983525916925,8.454625177128681e-07,3.07440915531952e-09,1.5596330499961736e-05,0.0
nominal,2310.0,0.27819573572524514,8.406148624974709e-07,3.056781318172621e-09,1.562699518262238e-05,0.0
nominal,2320.0,0.2787385061445289,8.357950024363177e-07,3.0392545543138818e-09,1.5657484042220842e-05,0.0
nominal,2330.0,0.2792781644638689,8.310027781594523e-07,3.02182828421619e-09,1.5687798086879374e-05,0.0
nominal,2340.0,0.27981472852721107,8.262380312107039e-07,3.0045019316752867e-09,1.571793831893993e-05,0.0
nominal,2350.0,0.28034821607618926,8.215006040424441e-07,2.9872749237907055e-09,1.5747905734997325e-05,0.0
nominal,2360.0,0.2808786447507112,8.167903400103832e-07,2.9701466909468477e-09,1.577770132593214e-05,0.0
nominal,2370.0,0.28140603208954224,8.121070833683873e-07,2.9531166667941355e-09,1.5807326076943522e-05,0.0
nominal,2380.0,0.2819303955308851,8.074506792633284e-07,2.9361842882302843e-09,1.583678096758175e-05,0.0
nominal,2390.0,0.2824517524129567,8.02820973729964e-07,2.919348995381687e-09,1.586606697178063e-05,0.0
nominal,2400.0,0.28297011997456106,7.982178136858497e-07,2.9026102315849076e-09,1.5895185057889683e-05,0.0
nominal,2410.0,0.2834855153556595,7.93641046926273e-07,2.8859674433682653e-09,1.592413618870617e-05,0.0
nominal,2420.0,0.28399795559793783,7.890905221192206e-07,2.8694200804335292e-09,1.5952921321506963e-05,0.0
nominal,2430.0,0.284507457645369,7.845660888003785e-07,2.8529675956377394e-09,1.5981541408080133e-05,0.0
nominal,2440.0,0.28501403834477385,7.800675973681544e-07,2.8366094449751065e-09,1.6009997394756462e-05,0.0
nominal,2450.0,0.2855177144463779,7.755948990787335e-07,2.8203450875590305e-09,1.6038290222440716e-05,0.0
nominal,2460.0,0.28601850260436573,7.71147846041154e-07,2.804173985604196e-09,1.6066420826642784e-05,0.0
nominal,2470.0,0.2865164193774311,7.667262912124236e-07,2.7880956044088124e-09,1.6094390137508585e-05,0.0
nominal,2480.0,0.2870114812293248,7.623300883926535e-07,2.7721094123369216e-09,1.6122199079850833e-05,0.0
nominal,2490.0,0.28750370452939844,7.579590922202299e-07,2.7562148808008355e-09,1.6149848573179596e-05,0.0
nominal,2500.0,0.28799310555314683,7.536131581669976e-07,2.7404114842436272e-09,1.6177339531732747e-05,0.0
nominal,2510.0,0.28847970048274485,7.492921425334925e-07,2.7246987001217907e-09,1.620467286450614e-05,0.0
nominal,2520.0,0.28896350540758353,7.449959024441809e-07,2.7090760088879302e-09,1.6231849475283705e-05,0.0
nominal,2530.0,0.28944453632480155,7.407242958427405e-07,2.6935428939736016e-09,1.6258870262667315e-05,0.0
nominal,2540.0,0.2899228091398143,7.364771814873613e-07,2.6780988417722228e-09,1.6285736120106498e-05,0.0
nominal,2550.0,0.29039833966683964,7.322544189460767e-07,2.662743341622097e-09,1.6312447935927983e-05,0.0
nominal,2560.0,0.2908711436294211,7.280558685921191e-07,2.6474758857895234e-09,1.633900659336507e-05,0.0
nominal,2570.0,0.2913412366609477,7.238813915993026e-07,2.632295969452009e-09,1.6365412970586845e-05,0.0
nominal,2580.0,0.2918086343051706,7.197308499374337e-07,2.6172030906815765e-09,1.6391667940727203e-05,0.0
nominal,2590.0,0.29227335201671745,7.156041063677474e-07,2.602196750428172e-09,1.6417772371913716e-05,0.0
nominal,2600.0,0.2927354051616028,7.115010244383713e-07,2.587276452503168e-09,1.6443727127296343e-05,0.0
nominal,2610.0,0.2931948090177371,7.074214684798068e-07,2.5724417035629336e-09,1.6469533065075992e-05,0.0
nominal,2620.0,0.2936515787754313,7.033653036004491e-07,2.557692013092542e-09,1.649519103853287e-05,0.0
nominal,2630.0,0.2941057295378988,6.993323956821287e-07,2.5430268933895583e-09,1.6520701896054686e-05,0.0
nominal,2640.0,0.2945572763217558,6.953226113756688e-07,2.528445859547886e-09,1.6546066481164758e-05,0.0
nominal,2650.0,0.29500623405751664,6.913358180964865e-07,2.5139484294417687e-09,1.6571285632549826e-05,0.0
nominal,2660.0,0.29545261759008873,6.873718840201971e-07,2.499534123709807e-09,1.659636018408787e-05,0.0
nominal,2670.0,0.295896441679262,6.83430678078269e-07,2.4852024657391597e-09,1.662129096487558e-05,0.0
nominal,2680.0,0.2963377210001983,6.795120699536768e-07,2.4709529816497332e-09,1.6646078799255877e-05,0.0
nominal,2690.0,0.296776470143916,6.756159300765977e-07,2.456785200278537e-09,1.6670724506845114e-05,0.0
nominal,2700.0,0.2972127036177723,6.717421296201309e-07,2.442698653164112e-09,1.6695228902560164e-05,0.0
nominal,2710.0,0.2976464358459431,6.678905404960329e-07,2.428692874531028e-09,1.6719592796645393e-05,0.0
nominal,2720.0,0.29807768116989997,6.640610353504839e-07,2.4147674012744867e-09,1.674381699469945e-05,0.0
nominal,2730.0,0.29850645384888447,6.602534875598761e-07,2.4009217729450035e-09,1.6767902297701897e-05,0.0
nominal,2740.0,0.2989327680603793,6.56467771226629e-07,2.387155531733196e-09,1.6791849502039682e-05,0.0
nominal,2750.0,0.29935663790057737,6.527037611750234e-07,2.3734682224546303e-09,1.6815659399533498e-05,0.0
nominal,2760.0,0.29977807738484774,6.489613329470658e-07,2.3598593925347843e-09,1.6839332777463937e-05,0.0
nominal,2770.0,0.3001971972413905,6.460361553486418e-07,2.34922238308597e-09,1.6862875855728814e-05,0.0
nominal,2780.0,0.300614822581572,6.440147510472785e-07,2.3418718219901032e-09,1.6886334983030475e-05,0.0
nominal,2790.0,0.30103114119975055,6.419996715859652e-07,2.3345442603126007e-09,1.690972070827803e-05,0.0
nominal,2800.0,0.30144615718457246,6.399908971746976e-07,2.327239626089809e-09,1.6933033261141632e-05,0.0
nominal,2810.0,0.3018598746118912,6.37988408085392e-07,2.3199578475832434e-09,1.695627287057282e-05,0.0
nominal,2820.0,0.302272297544807,6.359921846516928e-07,2.3126988532788825e-09,1.6979439764806755e-05,0.0
nominal,2830.0,0.3026834300337072,6.340022072687786e-07,2.3054625718864674e-09,1.7002534171364474e-05,0.0
nominal,2840.0,0.30309327611630543,6.320184563931711e-07,2.2982489323388035e-09,1.7025556317055106e-05,0.0
nominal,2850.0,0.3035018398176818,6.300409125425412e-07,2.2910578637910586e-09,1.704850642797812e-05,0.0
nominal,2860.0,0.3039091251503222,6.280695562955193e-07,2.28388929562007e-09,1.7071384729525524e-05,0.0
nominal,2870.0,0.30431513611415767,6.261043682915036e-07,2.276743157423649e-09,1.70941914463841e-05,0.0
nominal,2880.0,0.3047198766966035,6.241453292304717e-07,2.269619379019897e-09,1.7116926802537578e-05,0.0
nominal,2890.0,0.3051233508725991,6.221924198727874e-07,2.2625178904464993e-09,1.7139591021268892e-05,0.0
nominal,2900.0,0.3055255626046462,6.20245621039016e-07,2.255438621960058e-09,1.716218432516231e-05,0.0
nominal,2910.0,0.3059265158428481,6.183049136097336e-07,2.2483815040353945e-09,1.718470693610566e-05,0.0
nominal,2920.0,0.30632621452494885,6.163702785253381e-07,2.2413464673648653e-09,1.72071590752925e-05,0.0
nominal,2930.0,0.30672466257637104,6.144416967858666e-07,2.2343334428576965e-09,1.7229540963224276e-05,0.0
nominal,2940.0,0.3071218639102554,6.125191494508027e-07,2.227342361639282e-09,1.7251852819712515e-05,0.0
nominal,2950.0,0.30751782242749814,6.106026176388967e-07,2.2203731550505332e-09,1.727409486388095e-05,0.0
nominal,2960.0,0.30791254201679064,6.086920825279732e-07,2.213425754647175e-09,1.729626731416772e-05,0.0
nominal,2970.0,0.3083060265546559,6.06787525354754e-07,2.2065000921991055e-09,1.7318370388327457e-05,0.0
nominal,2980.0,0.30869827990548815,6.048889274146676e-07,2.1995960996897003e-09,1.734040430343346e-05,0.0
nominal,2990.0,0.3090893059215898,6.029962700616696e-07,2.192713709315162e-09,1.7362369275879824e-05,0.0
nominal,3000.0,0.30947910844321,6.011095347080558e-07,2.185852853483839e-09,1.7384265521383565e-05,0.0
nominal,3010.0,0.30986769129858194,5.992287028242831e-07,2.1790134648155742e-09,1.7406093254986726e-05,0.0
nominal,3020.0,0.31025505830396033,5.973537559387857e-07,2.172195476141039e-09,1.7427852691058506e-05,0.0
nominal,3030.0,0.31064121326365923,5.954846756377943e-07,2.1653988205010697e-09,1.744954404329735e-05,0.0
nominal,3040.0,0.31102615997008926,5.936214435651544e-07,2.1586234311460156e-09,1.7471167524733058e-05,0.0
nominal,3050.0,0.31140990220379466,5.917640414221481e-07,2.1518692415350837e-09,1.749272334772887e-05,0.0
nominal,3060.0,0.3117924437334909,5.899124509673112e-07,2.1451361853356767e-09,1.751421172398357e-05,0.0
nominal,3070.0,0.3121737883161012,5.880666540162569e-07,2.138424196422752e-09,1.753563286453353e-05,0.0
nominal,3080.0,0.3125539396967935,5.862266324414965e-07,2.1317332088781686e-09,1.755698697975481e-05,0.0
nominal,3090.0,0.3129329016090178,5.84392368172259e-07,2.125063156990032e-09,1.757827427936524e-05,0.0
nominal,3100.0,0.3133106777745418,5.825638431943187e-07,2.118413975252068e-09,1.759949497242641e-05,0.0
nominal,3110.0,0.31368727190348833,5.807410395498132e-07,2.111785598362957e-09,1.762064926734581e-05,0.0
nominal,3120.0,0.3140626876943717,5.789239393370687e-07,2.105177961225704e-09,1.764173737187883e-05,0.0
nominal,3130.0,0.3144369288341333,5.771125247104264e-07,2.098590998947005e-09,1.7662759493130792e-05,0.0
nominal,3140.0,0.31480999899817885,5.753067778800636e-07,2.0920246468365944e-09,1.7683715837559008e-05,0.0
nominal,3150.0,0.31518190185041356,5.73506681111822e-07,2.0854788404066254e-09,1.77046066109748e-05,0.0
nominal,3160.0,0.31555264104327885,5.717122167270312e-07,2.078953515371022e-09,1.772543201854552e-05,0.0
nominal,3170.0,0.3159222202177877,5.699233671023369e-07,2.0724486076448613e-09,1.7746192264796568e-05,0.0
nominal,3180.0,0.3162906430035605,5.681401146695277e-07,2.065964053343737e-09,1.7766887553613384e-05,0.0
nominal,3190.0,0.31665791301886126,5.6636244191536e-07,2.059499788783127e-09,1.7787518088243484e-05,0.0
nominal,3200.0,0.317024033870632,5.645903313813908e-07,2.0530557504777843e-09,1.7808084071298415e-05,0.0
nominal,3210.0,0.3173890091545295,5.628237656638003e-07,2.046631875141092e-09,1.7828585704755786e-05,0.0
nominal,3220.0,0.31775284245495955,5.610627274132265e-07,2.04022809968446e-09,1.7849023189961214e-05,0.0
nominal,3230.0,0.3181155373451127,5.593071993345916e-07,2.0338443612166967e-09,1.786939672763033e-05,0.0
nominal,3240.0,0.3184770973869993,5.575571641869327e-07,2.0274805970433913e-09,1.7889706517850732e-05,0.0
nominal,3250.0,0.31883752613148425,5.558126047832332e-07,2.0211367446663023e-09,1.790995276008396e-05,0.0
nominal,3260.0,0.3191968271183222,5.540735039902529e-07,2.014812741782738e-09,1.793013565316746e-05,0.0
nominal,3270.0,0.3195550038761922,5.523398447283603e-07,2.0085085262849466e-09,1.7950255395316524e-05,0.0
nominal,3280.0,0.319912059922732,5.506116099713659e-07,2.002224036259512e-09,1.7970312184126236e-05,0.0
nominal,3290.0,0.320267998764573,5.488887827463535e-07,1.9959592099867397e-09,1.799030621657342e-05,0.0
nominal,3300.0,0.32062282389737473,5.471713461335142e-07,1.989713985940051e-09,1.801023768901857e-05,0.0
nominal,3310.0,0.32097653880585886,5.454592832659799e-07,1.983488302785381e-09,1.8030106797207784e-05,0.0
nominal,3320.0,0.3213291469638438,5.437525773296572e-07,1.9772820993805715e-09,1.8049913736274692e-05,0.0
nominal,3330.0,0.3216806518342785,5.420512115630634e-07,1.9710953147747755e-09,1.806965870074236e-05,0.0
nominal,3340.0,0.32203105686927636,5.403551692571628e-07,1.9649278882078645e-09,1.8089341884525185e-05,0.0
nominal,3350.0,0.3223803655101498,5.38664433755198e-07,1.9587797591098105e-09,1.8108963480930848e-05,0.0
nominal,3360.0,0.322728581187443,5.369789884525334e-07,1.952650867100121e-09,1.8128523682662156e-05,0.0
nominal,3370.0,0.3230757073209669,5.352988167964844e-07,1.9465411519872155e-09,1.8148022681818984e-05,0.0
nominal,3380.0,0.32342174731983164,5.336239022861606e-07,1.9404505537678565e-09,1.8167460669900132e-05,0.0
nominal,3390.0,0.32376670458248047,5.31954228472302e-07,1.9343790126265524e-09,1.818683783780521e-05,0.0
nominal,3400.0,0.32411058249672337,5.302897789571161e-07,1.9283264689349672e-09,1.8206154375836514e-05,0.0
nominal,3410.0,0.32445338443976984,5.286305373941193e-07,1.9222928632513425e-09,1.8225410473700903e-05,0.0
nominal,3420.0,0.3247951137782624,5.269764874879744e-07,1.916278136319907e-09,1.8244606320511648e-05,0.0
nominal,3430.0,0.32513577386830966,5.253276129943314e-07,1.9102822290702957e-09,1.8263742104790302e-05,0.0
nominal,3440.0,0.3254753680555191,5.236838977196675e-07,1.904305082616972e-09,1.828281801446855e-05,0.0
nominal,3450.0,0.32581389967502994,5.220453255211286e-07,1.8983466382586492e-09,1.830183423689004e-05,0.0
nominal,3460.0,0.32615137205154615,5.204118803063706e-07,1.892406837477711e-09,1.8320790958812245e-05,0.0
nominal,3470.0,0.326487788499369,5.187835460334002e-07,1.886485621939637e-09,1.8339688366408293e-05,0.0
nominal,3480.0,0.3268231523224292,5.171603067104201e-07,1.8805829334924365e-09,1.835852664526877e-05,0.0
nominal,3490.0,0.3271574668143198,5.1554214639567e-07,1.8746987141660724e-09,1.8377305980403565e-05,0.0
nominal,3500.0,0.3274907352583285,5.139290491972694e-07,1.8688329061718883e-09,1.8396026556243693e-05,0.0
nominal,3510.0,0.32782296092746976,5.123209992730633e-07,1.8629854519020483e-09,1.8414688556643086e-05,0.0
nominal,3520.0,0.3281541470845171,5.107179808304646e-07,1.8571562939289617e-09,1.843329216488042e-05,0.0
nominal,3530.0,0.3284842969820351,5.091199781263006e-07,1.8513453750047292e-09,1.845183756366091e-05,0.0
nominal,3540.0,0.3288134138624107,5.075269754666598e-07,1.8455526380605808e-09,1.847032493511807e-05,0.0
nominal,3550.0,0.32914150095788636,5.059389572067332e-07,1.8397780262063023e-09,1.848875446081555e-05,0.0
nominal,3560.0,0.3294685614905906,5.043559077506652e-07,1.8340214827296915e-09,1.8507126321748903e-05,0.0
nominal,3570.0,0.3297945986725705,5.02777811551397e-07,1.8282829510959888e-09,1.8525440698347352e-05,0.0
nominal,3580.0,0.3301196157058225,5.01204653110517e-07,1.8225623749473345e-09,1.8543697770475574e-05,0.0
nominal,3590.0,0.3304436157823243,4.996364169781068e-07,1.8168596981022063e-09,1.8561897717435447e-05,0.0
nominal,3600.0,0.3307666020840661,4.980730877525894e-07,1.8111748645548707e-09,1.858004071796784e-05,0.0
nominal,3610.0,0.33108857778308204,4.965146500805785e-07,1.8055078184748306e-09,1.8598126950254353e-05,0.0
nominal,3620.0,0.331409546041481,4.949610886567273e-07,1.799858504206281e-09,1.8616156591919057e-05,0.0
nominal,3630.0,0.33172951001147805,4.934123882235778e-07,1.7942268662675551e-09,1.863412982003027e-05,0.0
nominal,3640.0,0.3320484728354247,4.918685335714137e-07,1.7886128493505952e-09,1.8652046811102243e-05,0.0
nominal,3650.0,0.3323664376458408,4.903295095381071e-07,1.783016398320389e-09,1.8669907741096954e-05,0.0
nominal,3660.0,0.33268340756544446,4.887953010089714e-07,1.7774374582144414e-09,1.8687712785425795e-05,0.0
nominal,3670.0,0.3329993857071831,4.872658929166135e-07,1.771875974242231e-09,1.8705462118951312e-05,0.0
nominal,3680.0,0.3333143751742638,4.857412702407857e-07,1.766331891784675e-09,1.8723155915988908e-05,0.0
nominal,3690.0,0.3336283790601842,4.842214180082357e-07,1.7608051563935843e-09,1.874079435030858e-05,0.0
nominal,3700.0,0.3339414004487623,4.827063212925636e-07,1.75529571379114e-09,1.8758377595136598e-05,0.0
nominal,3710.0,0.33425344241416727,4.811959652140715e-07,1.7498035098693508e-09,1.8775905823157228e-05,0.0
nominal,3720.0,0.3345645080209491,4.79690334939621e-07,1.7443284906895307e-09,1.8793379206514406e-05,0.0
nominal,3730.0,0.3348746003240693,4.781894156824841e-07,1.7388706024817602e-09,1.881079791681345e-05,0.0
nominal,3740.0,0.33518372236893046,4.7669319270219984e-07,1.7334297916443629e-09,1.8828162125122734e-05,0.0
nominal,3750.0,0.33549187719140644,4.752016513044291e-07,1.7280060047433782e-09,1.8845472001975377e-05,0.0
nominal,3760.0,0.33579906781787183,4.7371477684081116e-07,1.7225991885120404e-09,1.8862727717370894e-05,0.0
nominal,3770.0,0.33610529726523214,4.7223255470881796e-07,1.717209289850247e-09,1.8879929440776902e-05,0.0
nominal,3780.0,0.33641056854095297,4.707549703516126e-07,1.7118362558240457e-09,1.8897077341130752e-05,0.0
nominal,3790.0,0.3367148846430901,4.6928200925790434e-07,1.7064800336651064e-09,1.8914171586841217e-05,0.0
nominal,3800.0,0.33701824856031803,4.6781365696180917e-07,1.7011405707702148e-09,1.8931212345790107e-05,0.0
nominal,3810.0,0.33732066327196036,4.663498990427048e-07,1.6958178147007446e-09,1.8948199785333953e-05,0.0
nominal,3820.0,0.3376221317480184,4.6489072112509003e-07,1.6905117131821456e-09,1.8965134072305645e-05,0.0
nominal,3830.0,0.33792265694920065,4.634361088784438e-07,1.6852222141034315e-09,1.8982015373016054e-05,0.0
nominal,3840.0,0.33822224182695165,4.61986048017084e-07,1.6799492655166687e-09,1.899884385325568e-05,0.0
nominal,3850.0,0.33852088932348096,4.6054052430002856e-07,1.6746928156364675e-09,1.9015619678296276e-05,0.0
nominal,3860.0,0.3388186023717924,4.5909952353085306e-07,1.6694528128394655e-09,1.9032343012892467e-05,0.0
nominal,3870.0,0.33911538389571233,4.5766303155755427e-07,1.6642292056638336e-09,1.9049014021283365e-05,0.0
nominal,3880.0,0.3394112368099189,4.5623103427240833e-07,1.6590219428087574e-09,1.906563286719421e-05,0.0
nominal,3890.0,0.3397061640199705,4.5480351761183347e-07,1.6538309731339396e-09,1.908219971383794e-05,0.0
nominal,3900.0,0.3400001684223338,4.533804675562533e-07,1.6486562456591026e-09,1.9098714723916812e-05,0.0
nominal,3910.0,0.34029325290441315,4.519618701299561e-07,1.6434977095634766e-09,1.9115178059624007e-05,0.0
nominal,3920.0,0.34058542034457795,4.5054771140096054e-07,1.6383553141853109e-09,1.9131589882645202e-05,0.0
nominal,3930.0,0.3408766736121916,4.491379774808769e-07,1.6332290090213702e-09,1.9147950354160183e-05,0.0
nominal,3940.0,0.34116701556763945,4.4773265452477115e-07,1.6281187437264403e-09,1.9164259634844404e-05,0.0
nominal,3950.0,0.34145644906235667,4.463317287310305e-07,1.623024468112838e-09,1.9180517884870577e-05,0.0
nominal,3960.0,0.34174497693885686,4.449351863412243e-07,1.6179461321499062e-09,1.9196725263910252e-05,0.0
nominal,3970.0,0.34203260203075947,4.4354301363997186e-07,1.6128836859635338e-09,1.9212881931135382e-05,0.0
nominal,3980.0,0.3423193271628175,4.4215519695480823e-07,1.607837079835666e-09,1.9228988045219866e-05,0.0
nominal,3990.0,0.3426051551509456,4.4077172265604787e-07,1.6028062642038103e-09,1.9245043764341126e-05,0.0
nominal,4000.0,0.3428900888022477,4.393925771566515e-07,1.5977911896605508e-09,1.926104924618166e-05,0.0
nominal,4010.0,0.3431741309150444,4.3801774691209294e-07,1.592791806953065e-09,1.9277004647930592e-05,0.0
nominal,4020.0,0.34345728427890077,4.3664721842022506e-07,1.5878080669826364e-09,1.9292910126285216e-05,0.0
nominal,4030.0,0.3437395516746531,4.3528097822115005e-07,1.5828399208041818e-09,1.9308765837452515e-05,0.0
nominal,4040.0,0.3440209358744369,4.3391901289708373e-07,1.5778873196257587e-09,1.9324571937150716e-05,0.0
nominal,4050.0,0.34430143964171384,4.3256130907222527e-07,1.5729502148080917e-09,1.934032858061082e-05,0.0
nominal,4060.0,0.3445810657312988,4.312078534126266e-07,1.5680285578640964e-09,1.9356035922578116e-05,0.0
nominal,4070.0,0.3448598168893871,4.2985863262606034e-07,1.563122300458401e-09,1.9371694117313704e-05,0.0
nominal,4080.0,0.34513769585358156,4.2851363346188867e-07,1.5582313944068677e-09,1.9387303318596025e-05,0.0
nominal,4090.0,0.3454147053529189,4.271728427109356e-07,1.553355791676129e-09,1.940286367972234e-05,0.0
nominal,4100.0,0.3456908481078972,4.258362472053544e-07,1.5484954443831067e-09,1.9418375353510263e-05,0.0
nominal,4110.0,0.3459661268305019,4.2450383381850133e-07,1.5436503047945502e-09,1.9433838492299243e-05,0.0
nominal,4120.0,0.346240544224233,4.2317558946480403e-07,1.53882032532656e-09,1.9449253247952075e-05,0.0
nominal,4130.0,0.34651410298413154,4.218515010996339e-07,1.5340054585441232e-09,1.9464619771856383e-05,0.0
nominal,4140.0,0.34678680579680576,4.205315557191789e-07,1.5292056571606503e-09,1.947993821492611e-05,0.0
nominal,4150.0,0.347058655340458,4.192157403603134e-07,1.524420874037503e-09,1.9495208727603007e-05,0.0
nominal,4160.0,0.3473296542849102,4.1790404210047473e-07,1.5196510621835442e-09,1.9510431459858087e-05,0.0
nominal,4170.0,0.347599805291631,4.165964480575326e-07,1.5148961747546638e-09,1.9525606561193125e-05,0.0
nominal,4180.0,0.34786911101376133,4.152929453896642e-07,1.5101561650533243e-09,1.9540734180642116e-05,0.0
nominal,4190.0,0.3481375740961406,4.1399352129522865e-07,1.505430986528104e-09,1.955581446677273e-05,0.0
nominal,4200.0,0.34840519717533286,4.1269816301263926e-07,1.5007205927732333e-09,1.9570847567687784e-05,0.0
nominal,4210.0,0.3486719828796523,4.1140685782024086e-07,1.4960249375281484e-09,1.9585833631026693e-05,0.0
nominal,4220.0,0.3489379338291893,4.1011959303618316e-07,1.4913439746770296e-09,1.9600772803966903e-05,0.0
nominal,4230.0,0.3492030526358364,4.088363560182957e-07,1.4866776582483479e-09,1.9615665233225376e-05,0.0
nominal,4240.0,0.3494673419033133,4.075571341639662e-07,1.4820259424144223e-09,1.963051106505998e-05,0.0
nominal,4250.0,0.3497308042271933,4.0628191491001293e-07,1.477388781490956e-09,1.9645310445270974e-05,0.0
nominal,4260.0,0.34999344219492806,4.0501068573256507e-07,1.4727661299366001e-09,1.9660063519202408e-05,0.0
nominal,4270.0,0.3502552583858733,4.0374343414693756e-07,1.4681579423525e-09,1.9674770431743564e-05,0.0
nominal,4280.0,0.350516255371314,4.0248014770750994e-07,1.463564173481854e-09,1.9689431327330363e-05,0.0
nominal,4290.0,0.35077643571449,4.012208140076016e-07,1.45898477820946e-09,1.9704046349946816e-05,0.0
nominal,4300.0,0.3510358019706207,3.99965420679354e-07,1.454419711561287e-09,1.971861564312639e-05,0.0
nominal,4310.0,0.35129435668693054,3.987139553936044e-07,1.4498689287040159e-09,1.9733139349953474e-05,0.0
nominal,4320.0,0.3515521024026738,3.974664058597687e-07,1.4453323849446132e-09,1.9747617613064738e-05,0.0
nominal,4330.0,0.3518090416491598,3.962227598257178e-07,1.4408100357298828e-09,1.9762050574650565e-05,0.0
nominal,4340.0,0.3520651769497771,3.949830050776612e-07,1.4363018366460407e-09,1.977643837645641e-05,0.0
nominal,4350.0,0.35232051082001914,3.937471294400224e-07,1.431807743418263e-09,1.9790781159784236e-05,0.0
nominal,4360.0,0.35257504576750853,3.9251512077532134e-07,1.4273277119102593e-09,1.9805079065493886e-05,0.0
nominal,4370.0,0.3528287842920216,3.9128696698405637e-07,1.4228616981238412e-09,1.9819332234004445e-05,0.0
nominal,4380.0,0.35308172888551287,3.900626560045845e-07,1.418409658198489e-09,1.983354080529564e-05,0.0
nominal,4390.0,0.35333388203214,3.888421758130021e-07,1.4139715484109167e-09,1.984770491890922e-05,0.0
nominal,4400.0,0.3535852462082878,3.8762551442302765e-07,1.4095473251746459e-09,1.9861824713950308e-05,0.0
nominal,4410.0,0.35383582388259244,3.864126598858847e-07,1.4051369450395805e-09,1.9875900329088774e-05,0.0
nominal,4420.0,0.3540856175159662,3.852036002901825e-07,1.4007403646915726e-09,1.9889931902560615e-05,0.0
nominal,4430.0,0.354334629561621,3.839983237618015e-07,1.3963575409520052e-09,1.9903919572169275e-05,0.0
nominal,4440.0,0.3545828624650932,3.82796818463774e-07,1.3919884307773598e-09,1.991786347528704e-05,0.0
nominal,4450.0,0.35483031866426695,3.815990725961706e-07,1.387632991258802e-09,1.9931763748856357e-05,0.0
nominal,4460.0,0.35507700058939856,3.8040507439598264e-07,1.3832911796217549e-09,1.9945620529391193e-05,0.0
nominal,4470.0,0.35532291066314003,3.7921481213700774e-07,1.3789629532254825e-09,1.995943395297836e-05,0.0
nominal,4480.0,0.3555680513005633,3.7802827412973325e-07,1.374648269562666e-09,1.9973204155278878e-05,0.0
nominal,4490.0,0.35581242490918363,3.76845448721222e-07,1.370347086258989e-09,1.998693127152929e-05,0.0
nominal,4500.0,0.3560560338889831,3.756663242949998e-07,1.3660593610727263e-09,2.0000615436542984e-05,0.0
nominal,4510.0,0.35629888063243476,3.744908892709376e-07,1.3617850518943182e-09,2.0014256784711538e-05,0.0
nominal,4520.0,0.3565409675245257,3.733191321051401e-07,1.3575241167459637e-09,2.002785545000602e-05,0.0
nominal,4530.0,0.35678229694278024,3.7215104128983363e-07,1.353276513781213e-09,2.0041411565978316e-05,0.0
nominal,4540.0,0.357022871257284,3.709866053532498e-07,1.3490422012845445e-09,2.0054925265762434e-05,0.0
nominal,4550.0,0.3572626928307064,3.698258128595159e-07,1.3448211376709667e-09,2.006839668207581e-05,0.0
nominal,4560.0,0.35750176401832434,3.6866865240854105e-07,1.3406132814856037e-09,2.008182594722062e-05,0.0
nominal,4570.0,0.35774008716804545,3.6751511263590337e-07,1.3364185914032848e-09,2.0095213193085083e-05,0.0
nominal,4580.0,0.3579776646204305,3.663651822127414e-07,1.3322370262281502e-09,2.0108558551144733e-05,0.0
nominal,4590.0,0.3582144987087173,3.652188498456386e-07,1.3280685448932312e-09,2.0121862152463746e-05,0.0
nominal,4600.0,0.3584505917588427,3.640761042765167e-07,1.3239131064600605e-09,2.0135124127696192e-05,0.0
nominal,4610.0,0.35868594608946597,3.6293693428252253e-07,1.3197706701182634e-09,2.0148344607087333e-05,0.0
nominal,4620.0,0.35892056401199135,3.6180132867591924e-07,1.3156411951851607e-09,2.01615237204749e-05,0.0
nominal,4630.0,0.3591544478305911,3.606692763039743e-07,1.311524641105361e-09,2.0174661597290387e-05,0.0
nominal,4640.0,0.3593875998422276,3.595407660488524e-07,1.307420967450372e-09,2.0187758366560286e-05,0.0
nominal,4650.0,0.3596200223366765,3.5841578682750446e-07,1.3033301339181979e-09,2.0200814156907385e-05,0.0
nominal,4660.0,0.3598517175965487,3.572943275915596e-07,1.2992521003329438e-09,2.021382909655202e-05,0.0
nominal,4670.0,0.36008268789731285,3.561763773272177e-07,1.295186826644428e-09,2.0226803313313326e-05,0.0
nominal,4680.0,0.360312935507318,3.550619250551386e-07,1.2911342729277765e-09,2.0239736934610507e-05,0.0
nominal,4690.0,0.3605424626878156,3.5395095983033703e-07,1.2870943993830435e-09,2.0252630087464075e-05,0.0
nominal,4700.0,0.3607712716929817,3.5284347074207346e-07,1.2830671663348123e-09,2.0265482898497106e-05,0.0
nominal,4710.0,0.3609993647699396,3.5173944691374553e-07,1.2790525342318018e-09,2.0278295493936494e-05,0.0
nominal,4720.0,0.36122674415878103,3.506388775027858e-07,1.2750504636464938e-09,2.0291067999614158e-05,0.0
nominal,4730.0,0.36145341209258874,3.495417517005514e-07,1.2710609152747323e-09,2.0303800540968302e-05,0.0
nominal,4740.0,0.3616793707974585,3.4844805873221845e-07,1.2670838499353396e-09,2.031649324304465e-05,0.0
nominal,4750.0,0.3619046224925205,3.473577878566777e-07,1.263119228569737e-09,2.0329146230497656e-05,0.0
nominal,4760.0,0.3621291693899617,3.4627092836642695e-07,1.2591670122415524e-09,2.0341759627591752e-05,0.0
nominal,4770.0,0.362353013695047,3.4518746958746855e-07,1.2552271621362491e-09,2.035433355820254e-05,0.0
nominal,4780.0,0.3625761576061415,3.4410740087920164e-07,1.251299639560733e-09,2.0366868145818032e-05,0.0
nominal,4790.0,0.3627986033147314,3.4303071163431995e-07,1.2473844059429815e-09,2.0379363513539852e-05,0.0
nominal,4800.0,0.36302035300544594,3.419573912787076e-07,1.2434814228316639e-09,2.039181978408444e-05,0.0
nominal,4810.0,0.36324140885607914,3.408874292713321e-07,1.2395906518957529e-09,2.040423707978428e-05,0.0
nominal,4820.0,0.3634617730376104,3.398208151041456e-07,1.2357120549241658e-09,2.0416615522589074e-05,0.0
nominal,4830.0,0.36368144771422667,3.387575383019771e-07,1.2318455938253712e-09,2.0428955234066954e-05,0.0
nominal,4840.0,0.363900435043343,3.376975884224332e-07,1.2279912306270297e-09,2.0441256335405677e-05,0.0
nominal,4850.0,0.3641187371756243,3.3664095505579316e-07,1.2241489274756114e-09,2.045351894741381e-05,0.0
nominal,4860.0,0.364336356255006,3.3558762782490805e-07,1.220318646636029e-09,2.046574319052192e-05,0.0
nominal,4870.0,0.36455329441871515,3.3453759638509897e-07,1.2165003504912688e-09,2.0477929184783736e-05,0.0
nominal,4880.0,0.364769553797292,3.334908504240532e-07,1.2126940015420114e-09,2.049007704987738e-05,0.0
nominal,4890.0,0.36498513651461006,3.3244737966172597e-07,1.208899562406276e-09,2.050218690510648e-05,0.0
nominal,4900.0,0.36520004468789763,3.314071738502376e-07,1.2051169958190455e-09,2.051425886940139e-05,0.0
nominal,4910.0,0.36541428042775825,3.303702227737732e-07,1.2013462646319024e-09,2.0526293061320325e-05,0.0
nominal,4920.0,0.3656278458381916,3.293365162484826e-07,1.1975873318126638e-09,2.0538289599050553e-05,0.0
nominal,4930.0,0.3658407430166139,3.283060441223804e-07,1.1938401604450194e-09,2.055024860040953e-05,0.0
nominal,4940.0,0.3660529740538787,3.272787962752468e-07,1.19010471372817e-09,2.056217018284606e-05,0.0
nominal,4950.0,0.3662645410342978,3.2625476261852544e-07,1.1863809549764562e-09,2.057405446344149e-05,0.0
nominal,4960.0,0.36647544603566096,3.252339330952277e-07,1.1826688476190097e-09,2.0585901558910806e-05,0.0
nominal,4970.0,0.36668569112925664,3.242162976798333e-07,1.1789683551993937e-09,2.059771158560379e-05,0.0
nominal,4980.0,0.3668952783798927,3.232018463781892e-07,1.1752794413752334e-09,2.06094846595062e-05,0.0
nominal,4990.0,0.3671042098459159,3.2219056922741607e-07,1.1716020699178764e-09,2.0621220896240855e-05,0.0
nominal,5000.0,0.367312487579233,3.211824562958051e-07,1.1679362047120185e-09,2.063292041106882e-05,0.0
nominal,5010.0,0.3675201136253302,3.2017749768272494e-07,1.1642818097553632e-09,2.06445833188905e-05,0.0
nominal,5020.0,0.36772709002329373,3.191756835185215e-07,1.1606388491582599e-09,2.06562097342468e-05,0.0
nominal,5030.0,0.3679334188058294,3.18177003964423e-07,1.1570072871433564e-09,2.0667799771320212e-05,0.0
nominal,5040.0,0.3681391019992831,3.171814492124418e-07,1.1533870880452427e-09,2.0679353543935985e-05,0.0
nominal,5050.0,0.36834414162365997,3.1618900948528077e-07,1.1497782163101118e-09,2.0690871165563187e-05,0.0
nominal,5060.0,0.36854853969264534,3.1519967503623173e-07,1.146180636495388e-09,2.0702352749315878e-05,0.0
nominal,5070.0,0.3687522982136233,3.1421343614908635e-07,1.1425943132694047e-09,2.0713798407954177e-05,0.0
nominal,5080.0,0.3689554191876972,3.132302831380368e-07,1.1390192114110428e-09,2.0725208253885378e-05,0.0
nominal,5090.0,0.369157904609709,3.122502063475813e-07,1.1354552958093865e-09,2.0736582399165067e-05,0.0
nominal,5100.0,0.36935975646825914,3.1127319615242856e-07,1.1319025314633763e-09,2.0747920955498233e-05,0.0
nominal,5110.0,0.3695609767457255,3.1029924295740623e-07,1.128360883481477e-09,2.0759224034240313e-05,0.0
nominal,5120.0,0.36976156741828353,3.093283371973633e-07,1.124830317081321e-09,2.077049174639834e-05,0.0
nominal,5130.0,0.3699615304559253,3.083604693370773e-07,1.121310797589372e-09,2.078172420263202e-05,0.0
nominal,5140.0,0.3701608678224786,3.0739562987116226e-07,1.11780229044059e-09,2.079292151325479e-05,0.0
nominal,5150.0,0.37035958147562703,3.064338093239721e-07,1.11430476117808e-09,2.0804083788234945e-05,0.0
nominal,5160.0,0.37055767336692835,3.054749982495108e-07,1.1108181754527663e-09,2.081521113719668e-05,0.0
nominal,5170.0,0.3707551454418342,3.0451918723133766e-07,1.107342499023046e-09,2.08263036694212e-05,0.0
nominal,5180.0,0.370951999639709,3.035663668824752e-07,1.103877697754455e-09,2.0837361493847765e-05,0.0
nominal,5190.0,0.37114823789384904,3.0261652784531733e-07,1.1004237376193357e-09,2.0848384719074775e-05,0.0
nominal,5200.0,0.37134386213150156,3.016696607915369e-07,1.0969805846964976e-09,2.0859373453360834e-05,0.0
nominal,5210.0,0.37153887427388327,3.0072575642199566e-07,1.0935482051708932e-09,2.087032780462581e-05,0.0
nominal,5220.0,0.37173327623619973,2.9978480546665095e-07,1.090126565333276e-09,2.0881247880451888e-05,0.0
nominal,5230.0,0.37192706992766383,2.988467986844658e-07,1.0867156315798756e-09,2.0892133788084644e-05,0.0
nominal,5240.0,0.3721202572515148,2.9791172686331743e-07,1.0833153704120631e-09,2.0902985634434097e-05,0.0
nominal,5250.0,0.37231284010503674,2.9697958081990726e-07,1.0799257484360264e-09,2.091380352607574e-05,0.0
nominal,5260.0,0.37250482037957705,2.960503513996713e-07,1.076546732362441e-09,2.0924587569251596e-05,0.0
nominal,5270.0,0.37269619996056574,2.951240294766876e-07,1.0731782890061365e-09,2.0935337869871287e-05,0.0
nominal,5280.0,0.37288698072753296,2.942006059535908e-07,1.0698203852857846e-09,2.0946054533513026e-05,0.0
nominal,5290.0,0.3730771645541281,2.9328007176147964e-07,1.0664729882235622e-09,2.095673766542469e-05,0.0
nominal,5300.0,0.373266753308138,2.9236241785982885e-07,1.0631360649448319e-09,2.0967387370524835e-05,0.0
nominal,5310.0,0.3734557488515053,2.9144763523640126e-07,1.0598095826778226e-09,2.097800375340374e-05,0.0
nominal,5320.0,0.3736441530403468,2.9053571490715685e-07,1.0564935087532974e-09,2.0988586918324427e-05,0.0
nominal,5330.0,0.3738319677249715,2.896266479161679e-07,1.0531878106042467e-09,2.099913696922368e-05,0.0
nominal,5340.0,0.37401919474989914,2.8872042533552734e-07,1.0498924557655536e-09,2.100965400971308e-05,0.0
nominal,5350.0,0.37420583595387796,2.878170382652637e-07,1.0466074118736861e-09,2.1020138143080012e-05,0.0
nominal,5360.0,0.3743918931699029,2.86916477833253e-07,1.0433326466663744e-09,2.1030589472288686e-05,0.0
nominal,5370.0,0.3745773682252334,2.8601873519513207e-07,1.0400681279822983e-09,2.104100809998113e-05,0.0
nominal,5380.0,0.3747622629414118,2.851238015342103e-07,1.0368138237607646e-09,2.1051394128478222e-05,0.0
nominal,5390.0,0.3749465791342808,2.842316680613841e-07,1.0335697020413966e-09,2.1061747659780685e-05,0.0
nominal,5400.0,0.37513031861400153,2.833423260150507e-07,1.0303357309638205e-09,2.107206879557009e-05,0.0
nominal,5410.0,0.375313483185071,2.824557666610223e-07,1.0271118787673537e-09,2.1082357637209837e-05,0.0
nominal,5420.0,0.37549607464634055,2.81571981292438e-07,1.0238981137906836e-09,2.1092614285746192e-05,0.0
nominal,5430.0,0.37567809479103265,2.806909612296816e-07,1.0206944044715693e-09,2.1102838841909243e-05,0.0
nominal,5440.0,0.3758595454067589,2.798126978202948e-07,1.0175007193465264e-09,2.1113031406113888e-05,0.0
nominal,5450.0,0.3760404282755378,2.789371824388919e-07,1.014317027050516e-09,2.112319207846085e-05,0.0
nominal,5460.0,0.37622074517381177,2.7806440648707564e-07,1.0111432963166387e-09,2.1133320958737634e-05,0.0
nominal,5470.0,0.3764004978724652,2.7719436139335167e-07,1.0079794959758241e-09,2.114341814641953e-05,0.0
nominal,5480.0,0.3765796881368411,2.76327038613047e-07,1.0048255949565344e-09,2.1153483740670553e-05,0.0
nominal,5490.0,0.3767583177267592,2.754624296282228e-07,1.0016815622844465e-09,2.1163517840344465e-05,0.0
nominal,5500.0,0.3769363883965326,2.7460052594759337e-07,9.985473670821575e-10,2.11735205439857e-05,0.0
nominal,5510.0,0.37711390189498534,2.737413191064413e-07,9.954229785688773e-10,2.1183491949830363e-05,0.0
nominal,5520.0,0.37729085996546957,2.7288480066653455e-07,9.923083660601255e-10,2.1193432155807188e-05,0.0
nominal,5530.0,0.3774672643458827,2.720309622160435e-07,9.892034989674308e-10,2.1203341259538498e-05,0.0
nominal,5540.0,0.3776431167686842,2.7117979536945896e-07,9.861083467980324e-10,2.121321935834115e-05,0.0
nominal,5550.0,0.3778184189609126,2.703312917675104e-07,9.830228791545831e-10,2.122306654922751e-05,0.0
nominal,5560.0,0.3779931726442033,2.6948544307708053e-07,9.799470657348383e-10,2.1232882928906405e-05,0.0
nominal,5570.0,0.37816737953480417,2.686422409911279e-07,9.76880876331374e-10,2.124266859378406e-05,0.0
nominal,5580.0,0.37834104134359337,2.678016772286022e-07,9.738242808312806e-10,2.125242363996505e-05,0.0
nominal,5590.0,0.37851415977609576,2.669637435343644e-07,9.707772492158704e-10,2.126214816325325e-05,0.0
nominal,5600.0,0.3786867365324998,2.6612843167910484e-07,9.677397515603812e-10,2.127184225915277e-05,0.0
nominal,5610.0,0.37885877330767387,2.65295733459264e-07,9.647117580336873e-10,2.1281506022868882e-05,0.0
nominal,5620.0,0.37903027179118354,2.644656406969497e-07,9.61693238897999e-10,2.1291139549308984e-05,0.0
nominal,5630.0,0.3792012336673077,2.6363814523985823e-07,9.586841645085752e-10,2.1300742933083505e-05,0.0
nominal,5640.0,0.37937166061505523,2.628132389611937e-07,9.556845053134316e-10,2.131031626850684e-05,0.0
nominal,5650.0,0.3795415543081817,2.619909137595882e-07,9.526942318530477e-10,2.1319859649598302e-05,0.0
nominal,5660.0,0.3797109164152055,2.6117116155902235e-07,9.49713314760081e-10,2.1329373170083005e-05,0.0
nominal,5670.0,0.3798797485994239,2.603539743087483e-07,9.467417247590846e-10,2.1338856923392794e-05,0.0
nominal,5680.0,0.38004805251893087,2.5953934398320393e-07,9.437794326661958e-10,2.1348311002667212e-05,0.0
nominal,5690.0,0.38021582982663127,2.587272625819428e-07,9.40826409388883e-10,2.135773550075433e-05,0.0
nominal,5700.0,0.3803830821702586,2.579177221295495e-07,9.378826259256344e-10,2.1367130510211732e-05,0.0
nominal,5710.0,0.3805498111923906,2.5711071467556404e-07,9.349480533656872e-10,2.1376496123307374e-05,0.0
nominal,5720.0,0.38071601853046555,2.56306232294402e-07,9.320226628887344e-10,2.1385832432020527e-05,0.0
nominal,5730.0,0.38088170581679837,2.555042670852775e-07,9.291064257646452e-10,2.1395139528042665e-05,0.0
nominal,5740.0,0.3810468746785963,2.547048111721268e-07,9.261993133531883e-10,2.140441750277836e-05,0.0
nominal,5750.0,0.38121152673797576,2.539078567035276e-07,9.233012971037365e-10,2.1413666447346192e-05,0.0
nominal,5760.0,0.38137566361197683,2.5311339585262734e-07,9.204123485550085e-10,2.1422886452579627e-05,0.0
nominal,5770.0,0.38153928691258043,2.523214208170617e-07,9.175324393347697e-10,2.1432077609027915e-05,0.0
nominal,5780.0,0.38170239824672386,2.515319238188782e-07,9.14661541159557e-10,2.1441240006957004e-05,0.0
nominal,5790.0,0.38186499921631617,2.507448971044627e-07,9.117996258344095e-10,2.145037373635039e-05,0.0
nominal,5800.0,0.3820270914182541,2.499603329444614e-07,9.089466652525867e-10,2.1459478886910018e-05,0.0
nominal,5810.0,0.38218867644443816,2.4917822363370354e-07,9.061026313952856e-10,2.1468555548057175e-05,0.0
nominal,5820.0,0.3823497558817873,2.483985614911303e-07,9.032674963313827e-10,2.1477603808933328e-05,0.0
nominal,5830.0,0.38251033131225587,2.4762133885971306e-07,9.004412322171383e-10,2.1486623758401058e-05,0.0
nominal,5840.0,0.38267040431284777,2.468465481063839e-07,8.976238112959413e-10,2.1495615485044875e-05,0.0
nominal,5850.0,0.3828299764556327,2.4607418162195777e-07,8.948152058980282e-10,2.1504579077172125e-05,0.0
nominal,5860.0,0.38298904930776173,2.4530423182105736e-07,8.920153884402084e-10,2.151351462281385e-05,0.0
nominal,5870.0,0.3831476244314821,2.445366911420405e-07,8.892243314256016e-10,2.1522422209725638e-05,0.0
nominal,5880.0,0.3833057033841529,2.4377155204692513e-07,8.864420074433641e-10,2.15313019253885e-05,0.0
nominal,5890.0,0.38346328771826077,2.4300880702131264e-07,8.836683891684095e-10,2.154015385700974e-05,0.0
nominal,5900.0,0.38362037898143414,2.4224844857431986e-07,8.80903449361163e-10,2.154897809152377e-05,0.0
nominal,5910.0,0.3837769787164594,2.4149046923849984e-07,8.78147160867272e-10,2.1557774715593005e-05,0.0
nominal,5920.0,0.3839330884612954,2.407348615697718e-07,8.753994966173518e-10,2.1566543815608694e-05,0.0
nominal,5930.0,0.38408870974908915,2.399816181473463e-07,8.726604296267137e-10,2.157528547769178e-05,0.0
nominal,5940.0,0.38424384410819024,2.392307315736535e-07,8.699299329951036e-10,2.158399978769374e-05,0.0
nominal,5950.0,0.3843984930621662,2.384821944742703e-07,8.672079799064372e-10,2.1592686831197408e-05,0.0
nominal,5960.0,0.3845526581298176,2.3773599949784716e-07,8.64494543628535e-10,2.1601346693517857e-05,0.0
nominal,5970.0,0.3847063408251926,2.3699213931603645e-07,8.617895975128597e-10,2.160997945970321e-05,0.0
nominal,5980.0,0.3848595426576021,2.36250606623421e-07,8.59093114994258e-10,2.1618585214535467e-05,0.0
nominal,5990.0,0.3850122651316345,2.3551139413744062e-07,8.564050695906931e-10,2.1627164042531378e-05,0.0
nominal,6000.0,0.38516450974717037,2.3477449459832298e-07,8.537254349029925e-10,2.163571602794322e-05,0.0
nominal,6010.0,0.38531627799939716,2.3403990076901105e-07,8.510541846145854e-10,2.1644241254759657e-05,0.0
nominal,6020.0,0.3854675713788241,2.3330760543509172e-07,8.483912924912426e-10,2.165273980670656e-05,0.0
nominal,6030.0,0.3856183913712969,2.3257760140472422e-07,8.457367323808153e-10,2.1661211767247836e-05,0.0
nominal,6040.0,0.38576873945801177,2.3184988150857255e-07,8.430904782129911e-10,2.166965721958622e-05,0.0
nominal,6050.0,0.38591861711553044,2.311244385997327e-07,8.404525039990279e-10,2.1678076246664122e-05,0.0
nominal,6060.0,0.38606802581579486,2.3040126555366148e-07,8.378227838314961e-10,2.1686468931164433e-05,0.0
nominal,6070.0,0.3862169670261412,2.2968035526810853e-07,8.35201291884031e-10,2.1694835355511336e-05,0.0
nominal,6080.0,0.3863654422093144,2.2896170066304662e-07,8.325880024110785e-10,2.1703175601871106e-05,0.0
nominal,6090.0,0.3865134528234825,2.2824529468060132e-07,8.299828897476412e-10,2.1711489752152928e-05,0.0
nominal,6100.0,0.3866610003222511,2.2753113028498148e-07,8.273859283090235e-10,2.17197778880097e-05,0.0
nominal,6110.0,0.3868080861546777,2.2681920046241003e-07,8.247970925905819e-10,2.1728040090838834e-05,0.0
nominal,6120.0,0.3869547117652857,2.261094982210562e-07,8.22216357167477e-10,2.173627644178306e-05,0.0
nominal,6130.0,0.3871008785940786,2.2540201659096584e-07,8.196436966944211e-10,2.174448702173121e-05,0.0
nominal,6140.0,0.38724658807655427,2.2469674862399403e-07,8.170790859054327e-10,2.1752671911319014e-05,0.0
nominal,6150.0,0.3873918416437191,2.2399368739373502e-07,8.145224996135817e-10,2.176083119092992e-05,0.0
nominal,6160.0,0.38753664072210176,2.2329282599545648e-07,8.119739127107508e-10,2.1768964940695834e-05,0.0
nominal,6170.0,0.38768098673376755,2.2259415754602986e-07,8.094333001673812e-10,2.1777073240497958e-05,0.0
nominal,6180.0,0.3878248810963322,2.2189767518386373e-07,8.069006370322316e-10,2.178515616996753e-05,0.0
nominal,6190.0,0.3879683252229758,2.212033720688355e-07,8.04375898432129e-10,2.1793213808486655e-05,0.0
nominal,6200.0,0.38811132052245667,2.20511241382226e-07,8.018590595717308e-10,2.1801246235189025e-05,0.0
nominal,6210.0,0.3882538683991253,2.198212763266503e-07,7.993500957332737e-10,2.1809253528960752e-05,0.0
nominal,6220.0,0.3883959702529381,2.1913347012599193e-07,7.968489822763343e-10,2.1817235768441115e-05,0.0
nominal,6230.0,0.3885376274794708,2.184478160253381e-07,7.94355694637593e-10,2.1825193032023314e-05,0.0
nominal,6240.0,0.38867884146993265,2.1776430729091073e-07,7.918702083305844e-10,2.1833125397855283e-05,0.0
nominal,6250.0,0.3888196136111803,2.1708293720999942e-07,7.893924989454523e-10,2.184103294384045e-05,0.0
nominal,6260.0,0.38895994528573036,2.1640369909090027e-07,7.869225421487281e-10,2.1848915747638453e-05,0.0
nominal,6270.0,0.38909983787177405,2.157265862628457e-07,7.844603136830752e-10,2.185677388666596e-05,0.0
nominal,6280.0,0.3892392927431901,2.1505159207594144e-07,7.820057893670596e-10,2.1864607438097404e-05,0.0
nominal,6290.0,0.3893783112695585,2.1437870990109966e-07,7.795589450949077e-10,2.1872416478865738e-05,0.0
nominal,6300.0,0.38951689481617413,2.1370793312997455e-07,7.77119756836271e-10,2.1880201085663204e-05,0.0
nominal,6310.0,0.38965504474405976,2.1303925517489722e-07,7.746882006359898e-10,2.188796133494208e-05,0.0
nominal,6320.0,0.3897927624099797,2.1237266946881138e-07,7.722642526138595e-10,2.1895697302915427e-05,0.0
nominal,6330.0,0.38993004916645285,2.1170816946520893e-07,7.69847888964396e-10,2.190340906555784e-05,0.0
nominal,6340.0,0.3900669063617663,2.1104574863806553e-07,7.674390859566018e-10,2.1911096698606185e-05,0.0
nominal,6350.0,0.3902033353399887,2.1038540048177424e-07,7.650378199337244e-10,2.1918760277560382e-05,0.0
nominal,6360.0,0.39033933744098254,2.097271185110875e-07,7.626440673130453e-10,2.1926399877684076e-05,0.0
nominal,6370.0,0.3904749140004186,2.0907089626104626e-07,7.602578045856226e-10,2.1934015574005448e-05,0.0
nominal,6380.0,0.39061006634978834,2.0841672728692087e-07,7.578790083160758e-10,2.1941607441317917e-05,0.0
nominal,6390.0,0.39074479581641675,2.0776460516414766e-07,7.55507655142355e-10,2.1949175554180865e-05,0.0
nominal,6400.0,0.3908791037234758,2.0711452348826505e-07,7.531437217755092e-10,2.1956719986920382e-05,0.0
nominal,6410.0,0.39101299138999757,2.0646647587484913e-07,7.507871849994513e-10,2.1964240813630015e-05,0.0
nominal,6420.0,0.39114646013088683,2.0582045595945358e-07,7.484380216707403e-10,2.1971738108171463e-05,0.0
nominal,6430.0,0.39127951125693416,2.0517645739754539e-07,7.460962087183467e-10,2.1979211944175325e-05,0.0
nominal,6440.0,0.39141214607482855,2.0453447386444436e-07,7.43761723143434e-10,2.19866623950418e-05,0.0
nominal,6450.0,0.3915443658871708,2.0389449905525802e-07,7.4143454201912e-10,2.199408953394144e-05,0.0
nominal,6460.0,0.39167617199248567,2.0325652668482268e-07,7.391146424902642e-10,2.2001493433815846e-05,0.0
nominal,6470.0,0.39180756568523495,2.0262055048764087e-07,7.368020017732394e-10,2.2008874167378377e-05,0.0
nominal,6480.0,0.39193854825583035,2.0198656421781802e-07,7.344965971557018e-10,2.2016231807114892e-05,0.0
nominal,6490.0,0.39206912099064584,2.0135456164900338e-07,7.321984059963758e-10,2.202356642528445e-05,0.0
nominal,6500.0,0.3921992851720303,2.0072453657432852e-07,7.299074057248309e-10,2.2030878093919995e-05,0.0
nominal,6510.0,0.3923290420783205,2.0009648280634455e-07,7.276235738412528e-10,2.203816688482911e-05,0.0
nominal,6520.0,0.39245839298385304,1.9947039417696416e-07,7.253468879162332e-10,2.2045432869594678e-05,0.0
nominal,6530.0,0.39258733915897753,1.9884626453739848e-07,7.230773255905399e-10,2.205267611957561e-05,0.0
nominal,6540.0,0.39271588187006834,1.982240877580993e-07,7.208148645749064e-10,2.2059896705907535e-05,0.0
nominal,6550.0,0.39284402237953786,1.976038577286954e-07,7.185594826498012e-10,2.2067094699503516e-05,0.0
nominal,6560.0,0.3929717619458485,1.969855683579346e-07,7.163111576652167e-10,2.207427017105473e-05,0.0
nominal,6570.0,0.39309910182352453,1.9636921357362586e-07,7.140698675404576e-10,2.208142319103116e-05,0.0
nominal,6580.0,0.3932260432631652,1.957547873225767e-07,7.118355902639153e-10,2.208855382968228e-05,0.0
nominal,6590.0,0.39335258751145685,1.9514228357053334e-07,7.096083038928484e-10,2.209566215703779e-05,0.0
nominal,6600.0,0.39347873581118475,1.9453169630212468e-07,7.073879865531806e-10,2.210274824290825e-05,0.0
nominal,6610.0,0.39360448940124576,1.939230195208003e-07,7.051746164392736e-10,2.2109812156885785e-05,0.0
nominal,6620.0,0.39372984951666024,1.933162472487727e-07,7.029681718137188e-10,2.2116853968344785e-05,0.0
nominal,6630.0,0.39385481738858436,1.927113735269582e-07,7.007686310071206e-10,2.2123873746442567e-05,0.0
nominal,6640.0,0.39397939424432177,1.9210839241492013e-07,6.985759724178913e-10,2.2130871560120048e-05,0.0
nominal,6650.0,0.3941035813073364,1.9150729799080693e-07,6.963901745120251e-10,2.2137847478102453e-05,0.0
nominal,6660.0,0.39422737979726385,1.9090808435129732e-07,6.942112158228993e-10,2.2144801568899956e-05,0.0
nominal,6670.0,0.3943507909299234,1.903107456115414e-07,6.920390749510596e-10,2.2151733900808372e-05,0.0
nominal,6680.0,0.3944738159173304,1.8971527590510181e-07,6.898737305640066e-10,2.215864454190982e-05,0.0
nominal,6690.0,0.3945964559677077,1.89121669383897e-07,6.877151613959889e-10,2.2165533560073404e-05,0.0
nominal,6700.0,0.3947187122854977,1.8852992021814437e-07,6.855633462477977e-10,2.2172401022955857e-05,0.0
nominal,6710.0,0.3948405860713743,1.8794002259630161e-07,6.834182639865513e-10,2.2179246998002227e-05,0.0
nominal,6720.0,0.39496207852225446,1.8735197072501049e-07,6.812798935454925e-10,2.2186071552446528e-05,0.0
nominal,6730.0,0.39508319083131005,1.867657588290402e-07,6.791482139237825e-10,2.2192874753312402e-05,0.0
nominal,6740.0,0.3952039241879799,1.8618138115122886e-07,6.770232041862866e-10,2.219965666741379e-05,0.0
nominal,6750.0,0.3953242797779806,1.855988319524306e-07,6.749048434633839e-10,2.2206417361355556e-05,0.0
nominal,6760.0,0.3954442587833191,1.850181055114557e-07,6.72793110950748e-10,2.2213156901534177e-05,0.0
nominal,6770.0,0.39556386238230384,1.8443919612501573e-07,6.706879859091481e-10,2.221987535413837e-05,0.0
nominal,6780.0,0.3956830917495564,1.8386209810766746e-07,6.685894476642452e-10,2.222657278514976e-05,0.0
nominal,6790.0,0.39580194805602315,1.8328680579175674e-07,6.664974756063881e-10,2.223324926034352e-05,0.0
nominal,6800.0,0.39592043246898656,1.8271331352736332e-07,6.64412049190412e-10,2.223990484528902e-05,0.0
nominal,6810.0,0.3960385461520766,1.8214161568224613e-07,6.623331479354404e-10,2.224653960535045e-05,0.0
nominal,6820.0,0.3961562902652827,1.8157170664178527e-07,6.602607514246736e-10,2.2253153605687504e-05,0.0
nominal,6830.0,0.39627366596496433,1.810035808089303e-07,6.58194839305201e-10,2.2259746911255973e-05,0.0
nominal,6840.0,0.39639067440386294,1.8043723260414303e-07,6.561353912877928e-10,2.2266319586808416e-05,0.0
nominal,6850.0,0.3965073167311133,1.7987265646534268e-07,6.540823871467005e-10,2.2272871696894787e-05,0.0
nominal,6860.0,0.3966235940922544,1.7930984684785235e-07,6.52035806719463e-10,2.2279403305863066e-05,0.0
nominal,6870.0,0.396739507629241,1.7874879822434426e-07,6.499956299067063e-10,2.228591447785989e-05,0.0
nominal,6880.0,0.3968550584804549,1.7818950508478417e-07,6.479618366719423e-10,2.2292405276831198e-05,0.0
nominal,6890.0,0.3969702477807158,1.776319619363792e-07,6.459344070413788e-10,2.2298875766522834e-05,0.0
nominal,6900.0,0.3970850766612926,1.7707616330352383e-07,6.439133211037229e-10,2.230532601048118e-05,0.0
nominal,6910.0,0.39719954624991455,1.7652210372774445e-07,6.418985590099798e-10,2.2311756072053795e-05,0.0
nominal,6920.0,0.3973136576707824,1.7596977776764652e-07,6.3989010097326e-10,2.2318166014390025e-05,0.0
nominal,6930.0,0.3974274120445793,1.7541917999886165e-07,6.378879272685877e-10,2.232455590044163e-05,0.0
nominal,6940.0,0.397540810488482,1.7487030501399327e-07,6.358920182327027e-10,2.2330925792963397e-05,0.0
nominal,6950.0,0.3976538541161715,1.743231474225647e-07,6.339023542638716e-10,2.233727575451376e-05,0.0
nominal,6960.0,0.397766544037844,1.737777018509667e-07,6.31918915821697e-10,2.234360584745539e-05,0.0
nominal,6970.0,0.39787888136022237,1.7323396294240197e-07,6.299416834269162e-10,2.234991613395586e-05,0.0
nominal,6980.0,0.3979908671865663,1.726919253568356e-07,6.279706376612202e-10,2.2356206675988204e-05,0.0
nominal,6990.0,0.3981025026166837,1.721515837709401e-07,6.260057591670548e-10,2.236247753533156e-05,0.0
nominal,7000.0,0.398213788746941,1.7161293287804524e-07,6.240470286474372e-10,2.2368728773571753e-05,0.0
nominal,7010.0,0.3983247266702745,1.7107596738808435e-07,6.220944268657612e-10,2.237496045210192e-05,0.0
nominal,7020.0,0.39843531747620053,1.7054068202754348e-07,6.201479346456126e-10,2.2381172632123092e-05,0.0
nominal,7030.0,0.3985455622508263,1.7000707153940942e-07,6.182075328705796e-10,2.2387365374644813e-05,0.0
nominal,7040.0,0.3986554620768609,1.6947513068311738e-07,6.162732024840632e-10,2.2393538740485725e-05,0.0
nominal,7050.0,0.3987650180336257,1.6894485423449954e-07,6.143449244890891e-10,2.2399692790274184e-05,0.0
nominal,7060.0,0.3988742311970647,1.6841623698573488e-07,6.124226799481268e-10,2.240582758444884e-05,0.0
nominal,7070.0,0.39898310263975567,1.6788927374529673e-07,6.105064499828971e-10,2.2411943183259226e-05,0.0
nominal,7080.0,0.39909163343091986,1.67363959337904e-07,6.085962157741963e-10,2.241803964676636e-05,0.0
nominal,7090.0,0.3991998246364335,1.668402886044664e-07,6.066919585616959e-10,2.242411703484334e-05,0.0
nominal,7100.0,0.39930767731883765,1.6631825640203693e-07,6.047936596437705e-10,2.2430175407175933e-05,0.0
nominal,7110.0,0.39941519253734875,1.6579785760376024e-07,6.029013003773098e-10,2.243621482326314e-05,0.0
nominal,7120.0,0.3995223713478687,1.6527908709882416e-07,6.010148621775423e-10,2.2442235342417788e-05,0.0
nominal,7130.0,0.399629214802996,1.6476193979240599e-07,5.991343265178399e-10,2.244823702376713e-05,0.0
nominal,7140.0,0.39973572395203516,1.642464106056265e-07,5.972596749295509e-10,2.24542199262534e-05,0.0
nominal,7150.0,0.3998418998410081,1.637324944754949e-07,5.953908890017996e-10,2.246018410863443e-05,0.0
nominal,7160.0,0.3999477435126633,1.632201863548647e-07,5.935279503813261e-10,2.2466129629484184e-05,0.0
nominal,7170.0,0.40005325600648656,1.627094812123818e-07,5.916708407722974e-10,2.2472056547193344e-05,0.0
nominal,7180.0,0.4001584383587118,1.622003740324315e-07,5.898195419361145e-10,2.2477964919969927e-05,0.0
nominal,7190.0,0.40026329160232993,1.6169285981509621e-07,5.879740356912589e-10,2.2483854805839784e-05,0.0
nominal,7200.0,0.40036781676709987,1.6118693357610212e-07,5.861343039130986e-10,2.2489726262647218e-05,0.0
nominal,7210.0,0.40047201487955897,1.6068259034676825e-07,5.843003285337026e-10,2.249557934805556e-05,0.0
nominal,7220.0,0.40057588696303176,1.6017982517396484e-07,5.824720915416903e-10,2.2501414119547678e-05,0.0
nominal,7230.0,0.4006794340376415,1.5967863312005657e-07,5.806495749820238e-10,2.250723063442661e-05,0.0
nominal,7240.0,0.4007826571203194,1.5917900926285855e-07,5.788327609558491e-10,2.251302894981609e-05,0.0
nominal,7250.0,0.4008855572248148,1.5868094869558725e-07,5.770216316203172e-10,2.251880912266111e-05,0.0
nominal,7260.0,0.40098813536170497,1.5818444652681186e-07,5.752161691884067e-10,2.25245712097285e-05,0.0
nominal,7270.0,0.4010903925384051,1.5768949788040764e-07,5.734163559287549e-10,2.2530315267607447e-05,0.0
nominal,7280.0,0.40119232975917846,1.5719609789550566e-07,5.716221741654751e-10,2.253604135271009e-05,0.0
nominal,7290.0,0.401293948025146,1.56704241726446e-07,5.698336062779854e-10,2.254174952127206e-05,0.0
nominal,7300.0,0.4013952483342961,1.562139245427321e-07,5.68050634700844e-10,2.2547439829353022e-05,0.0
nominal,7310.0,0.40149623168149445,1.5572514152898074e-07,5.662732419235662e-10,2.255311233283723e-05,0.0
nominal,7320.0,0.401596899058494,1.5523788788487617e-07,5.645014104904588e-10,2.2558767087434093e-05,0.0
nominal,7330.0,0.40169725145394475,1.5475215882512102e-07,5.6273512300044e-10,2.2564404148678705e-05,0.0
nominal,7340.0,0.4017972898534028,1.5426794957939355e-07,5.609743621068855e-10,2.2570023571932382e-05,0.0
nominal,7350.0,0.401897015239341,1.5378525539229505e-07,5.592191105174364e-10,2.257562541238324e-05,0.0
nominal,7360.0,0.4019964285911579,1.533040715233079e-07,5.574693509938468e-10,2.25812097250467e-05,0.0
nominal,7370.0,0.40209553088518757,1.5282439324674675e-07,5.557250663518063e-10,2.2586776564766048e-05,0.0
nominal,7380.0,0.4021943230947091,1.5234621585171317e-07,5.539862394607751e-10,2.259232598621296e-05,0.0
nominal,7390.0,0.4022928061899565,1.518695346420478e-07,5.522528532438101e-10,2.2597858043888068e-05,0.0
nominal,7400.0,0.40239098113812777,1.5139434493628594e-07,5.505248906774034e-10,2.2603372792121456e-05,0.0
nominal,7410.0,0.40248884890339476,1.5092064206761052e-07,5.488023347913109e-10,2.2608870285073222e-05,0.0
nominal,7420.0,0.4025864104469122,1.5044842138380806e-07,5.470851686683929e-10,2.2614350576733988e-05,0.0
nominal,7430.0,0.4026836667268278,1.4997767824721913e-07,5.453733754444332e-10,2.2619813720925468e-05,0.0
nominal,7440.0,0.4027806186982912,1.4950840803469681e-07,5.436669383079883e-10,2.2625259771300947e-05,0.0
nominal,7450.0,0.4028772673134633,1.49040606137559e-07,5.419658405002144e-10,2.263068878134585e-05,0.0
nominal,7460.0,0.40297361352152566,1.4857426796154543e-07,5.402700653147106e-10,2.263610080437823e-05,0.0
nominal,7470.0,0.4030696582686903,1.4810938892676858e-07,5.385795960973403e-10,2.2641495893549333e-05,0.0
nominal,7480.0,0.40316540249820826,1.4764596446767267e-07,5.368944162460824e-10,2.264687410184408e-05,0.0
nominal,7490.0,0.40326084715037946,1.4718399003298642e-07,5.352145092108597e-10,2.2652235482081625e-05,0.0
nominal,7500.0,0.40335599316256143,1.4672346108568023e-07,5.335398584933825e-10,2.2657580086915833e-05,0.0
nominal,7510.0,0.4034508414691789,1.462643731029197e-07,5.318704476469807e-10,2.2662907968835833e-05,0.0
nominal,7520.0,0.40354539300173287,1.458067215760225e-07,5.302062602764454e-10,2.266821918016651e-05,0.0
nominal,7530.0,0.4036396486888097,1.4535050201041314e-07,5.285472800378659e-10,2.267351377306904e-05,0.0
nominal,7540.0,0.40373360945609044,1.4489570992557903e-07,5.268934906384691e-10,2.2678791799541385e-05,0.0
nominal,7550.0,0.4038272762263595,1.4444234085502789e-07,5.252448758364649e-10,2.2684053311418805e-05,0.0
nominal,7560.0,0.403920649919514,1.439903903462426e-07,5.236014194408822e-10,2.2689298360374373e-05,0.0
nominal,7570.0,0.40401373145257274,1.4353985396063756e-07,5.219631053114092e-10,2.2694526997919475e-05,0.0
nominal,7580.0,0.4041065217396853,1.4309072727351518e-07,5.20329917358237e-10,2.2699739275404325e-05,0.0
nominal,7590.0,0.4041990216921411,1.426430058740216e-07,5.187018395418966e-10,2.270493524401848e-05,0.0
nominal,7600.0,0.40429123221837776,1.4219668536510628e-07,5.170788558731137e-10,2.2710114954791293e-05,0.0
nominal,7610.0,0.4043831542239909,1.4175176136347464e-07,5.154609504126349e-10,2.271527845859249e-05,0.0
nominal,7620.0,0.40447478861174246,1.4130822949954776e-07,5.138481072710828e-10,2.2720425806132605e-05,0.0
nominal,7630.0,0.4045661362815696,1.4086608541741932e-07,5.122403106087975e-10,2.272555704796351e-05,0.0
nominal,7640.0,0.40465719813059386,1.4042532477481145e-07,5.106375446356779e-10,2.2730672234478905e-05,0.0
nominal,7650.0,0.40474797505312926,1.399859432430351e-07,5.090397936110367e-10,2.2735771415914798e-05,0.0
nominal,7660.0,0.40483846794069217,1.3954793650694258e-07,5.074470418434275e-10,2.2740854642350026e-05,0.0
nominal,7670.0,0.40492867768200896,1.3911130026489037e-07,5.058592736905104e-10,2.2745921963706727e-05,0.0
nominal,7680.0,0.4050186051630257,1.3867603022869246e-07,5.042764735588816e-10,2.2750973429750842e-05,0.0
nominal,7690.0,0.4051082512669161,1.3824212212358139e-07,5.026986259039322e-10,2.2756009090092594e-05,0.0
nominal,7700.0,0.40519761687409045,1.3780957168816553e-07,5.011257152296928e-10,2.2761028994186973e-05,0.0
nominal,7710.0,0.4052867028622045,1.373783746743861e-07,4.995577260886767e-10,2.2766033191334235e-05,0.0
nominal,7720.0,0.40537551010616746,1.369485268474775e-07,4.979946430817363e-10,2.2771021730680368e-05,0.0
nominal,7730.0,0.4054640394781516,1.365200239859221e-07,4.964364508578984e-10,2.2775994661217605e-05,0.0
nominal,7740.0,0.40555229184759983,1.3609286188141338e-07,4.948831341142303e-10,2.2780952031784867e-05,0.0
nominal,7750.0,0.4056402680812347,1.3566703633881105e-07,4.933346775956766e-10,2.278589389106827e-05,0.0
nominal,7760.0,0.40572796904306696,1.3524254317610127e-07,4.917910660949136e-10,2.27908202876016e-05,0.0
nominal,7770.0,0.40581539559440366,1.3481937822435632e-07,4.902522844522047e-10,2.2795731269766767e-05,0.0
nominal,7780.0,0.40590254859385716,1.3439753732769174e-07,4.887183175552426e-10,2.280062688579431e-05,0.0
nominal,7790.0,0.405989428897353,1.3397701634322766e-07,4.871891503390096e-10,2.280550718376385e-05,0.0
nominal,7800.0,0.4060760373581391,1.33557811141045e-07,4.856647677856182e-10,2.281037221160459e-05,0.0
nominal,7810.0,0.40616237482679285,1.3313991760414964e-07,4.841451549241804e-10,2.2815222017095732e-05,0.0
nominal,7820.0,0.406248442151231,1.3272333162842671e-07,4.826302968306426e-10,2.2820056647867012e-05,0.0
nominal,7830.0,0.4063342401767168,1.3230804912260438e-07,4.811201786276522e-10,2.282487615139912e-05,0.0
nominal,7840.0,0.40641976974586874,1.3189406600821212e-07,4.796147854844077e-10,2.2829680575024177e-05,0.0
nominal,7850.0,0.40650503169866903,1.3148137821953964e-07,4.781141026165077e-10,2.2834469965926227e-05,0.0
nominal,7860.0,0.40659002687247137,1.31069981703599e-07,4.766181152858145e-10,2.283924437114165e-05,0.0
nominal,7870.0,0.40667475610200954,1.3065987242008376e-07,4.751268088003045e-10,2.2844003837559668e-05,0.0
nominal,7880.0,0.4067592202194056,1.3025104634132858e-07,4.73640168513922e-10,2.2848748411922793e-05,0.0
nominal,7890.0,0.4068434200541779,1.2984349945227043e-07,4.721581798264379e-10,2.2853478140827278e-05,0.0
nominal,7900.0,0.40692735643324923,1.294372277504098e-07,4.706808281833084e-10,2.285819307072358e-05,0.0
nominal,7910.0,0.4070110301809549,1.2903222724577102e-07,4.692080990755308e-10,2.2862893247916808e-05,0.0
nominal,7920.0,0.40709444211905116,1.2862849396086183e-07,4.677399780394976e-10,2.286757871856719e-05,0.0
nominal,7930.0,0.4071775930667229,1.2822602393063547e-07,4.662764506568561e-10,2.2872249528690537e-05,0.0
nominal,7940.0,0.4072604838405918,1.278248132024524e-07,4.648175025543723e-10,2.2876905724158656e-05,0.0
nominal,7950.0,0.40734311525472455,1.2742485783603941e-07,4.633631194037796e-10,2.2881547350699836e-05,0.0
nominal,7960.0,0.4074254881206404,1.270261539034535e-07,4.619132869216491e-10,2.2886174453899278e-05,0.0
nominal,7970.0,0.4075076032473197,1.266286974890404e-07,4.604679908692378e-10,2.2890787079199565e-05,0.0
nominal,7980.0,0.40758946144121144,1.262324846893989e-07,4.5902721705235956e-10,2.289538527190108e-05,0.0
nominal,7990.0,0.40767106350624127,1.2583751161334052e-07,4.575909513212382e-10,2.2899969077162468e-05,0.0
nominal,8000.0,0.40775241024381936,1.254437743818527e-07,4.5615917957037337e-10,2.2904538540001073e-05,0.0
nominal,8010.0,0.4078335024528485,1.2505126912805912e-07,4.5473188773839673e-10,2.290909370529339e-05,0.0
nominal,8020.0,0.40791434092973156,1.246599919971838e-07,4.5330906180794107e-10,2.291363461777549e-05,0.0
nominal,8030.0,0.4079949264683795,1.2426993914651195e-07,4.5189068780549795e-10,2.291816132204347e-05,0.0
nominal,8040.0,0.40807525986021953,1.2388110674535062e-07,4.504767518012749e-10,2.2922673862553894e-05,0.0
nominal,8050.0,0.408155341894202,1.2349349097499597e-07,4.490672399090762e-10,2.292717228362421e-05,0.0
nominal,8060.0,0.4082351733568093,1.2310708802868913e-07,4.4766213828614226e-10,2.2931656629433228e-05,0.0
nominal,8070.0,0.4083147550320624,1.227218941115855e-07,4.4626143313303805e-10,2.293612694402149e-05,0.0
nominal,8080.0,0.40839408770152946,1.2233790544071192e-07,4.448651106934979e-10,2.2940583271291767e-05,0.0
nominal,8090.0,0.40847317214433326,1.2195511824493248e-07,4.434731572542999e-10,2.294502565500945e-05,0.0
nominal,8100.0,0.40855200913715833,1.2157352876491219e-07,4.4208555914513514e-10,2.2949454138802986e-05,0.0
nominal,8110.0,0.40863059945425934,1.2119313325307753e-07,4.407023027384637e-10,2.2953868766164316e-05,0.0
nominal,8120.0,0.4087089438674682,1.2081392797358146e-07,4.393233744493871e-10,2.2958269580449295e-05,0.0
nominal,8130.0,0.40878704314620196,1.204359092022656e-07,4.379487607355113e-10,2.296265662487813e-05,0.0
nominal,8140.0,0.40886489805747006,1.2005907322662483e-07,4.365784480968175e-10,2.296702994253578e-05,0.0
nominal,8150.0,0.40894250936588217,1.1968341634576962e-07,4.3521242307552583e-10,2.2971389576372407e-05,0.0
nominal,8160.0,0.40901987783365545,1.193089348703907e-07,4.3385067225596616e-10,2.297573556920378e-05,0.0
nominal,8170.0,0.4090970042206223,1.1893562512272162e-07,4.3249318226444216e-10,2.2980067963711702e-05,0.0
nominal,8180.0,0.40917388928423737,1.1856348343650457e-07,4.311399397691075e-10,2.2984386802444426e-05,0.0
nominal,8190.0,0.4092505337795855,1.1819250615695257e-07,4.297909314798275e-10,2.298869212781707e-05,0.0
nominal,8200.0,0.40932693845938867,1.1782268964071509e-07,4.2844614414805484e-10,2.2992983982112038e-05,0.0
nominal,8210.0,0.4094031040740139,1.174540302558402e-07,4.271055645666916e-10,2.299726240747944e-05,0.0
nominal,8220.0,0.40947903137148045,1.1708652438174011e-07,4.2576917956996393e-10,2.300152744593751e-05,0.0
nominal,8230.0,0.40955472109746677,1.167201684091566e-07,4.244369760332966e-10,2.300577913937299e-05,0.0
nominal,8240.0,0.40963017399531826,1.1635495874012388e-07,4.231089408731777e-10,2.3010017529541578e-05,0.0
nominal,8250.0,0.4097053908060545,1.1599089178793421e-07,4.2178506104703345e-10,2.301424265806831e-05,0.0
nominal,8260.0,0.40978037226837644,1.1562796397710217e-07,4.204653235530987e-10,2.3018454566447982e-05,0.0
nominal,8270.0,0.4098551191186736,1.1526617174333015e-07,4.1914971543029136e-10,2.302265329604556e-05,0.0
nominal,8280.0,0.40992963209103156,1.149055115334725e-07,4.1783822375808176e-10,2.3026838888096588e-05,0.0
nominal,8290.0,0.41000391191723884,1.145459798055016e-07,4.165308356563694e-10,2.303101138370757e-05,0.0
nominal,8300.0,0.4100779593267942,1.1418757302847272e-07,4.152275382853553e-10,2.303517082385639e-05,0.0
nominal,8310.0,0.4101517750469141,1.1383028768248848e-07,4.1392831884541256e-10,2.3039317249392742e-05,0.0
nominal,8320.0,0.41022535980253927,1.1347412025866574e-07,4.126331645769663e-10,2.3043450701038474e-05,0.0
nominal,8330.0,0.4102987143163423,1.1311906725910066e-07,4.1134206276036594e-10,2.304757121938803e-05,0.0
nominal,8340.0,0.4103718393087347,1.1276512519683269e-07,4.100550007157552e-10,2.305167884490884e-05,0.0
nominal,8350.0,0.41044473549787375,1.1241229059581301e-07,4.0877196580295636e-10,2.305577361794171e-05,0.0
nominal,8360.0,0.41051740359966954,1.1206055999086923e-07,4.074929454213426e-10,2.305985557870122e-05,0.0
nominal,8370.0,0.41058984432779233,1.1170992992767032e-07,4.062179270097102e-10,2.3063924767276125e-05,0.0
nominal,8380.0,0.4106620583936792,1.1136039696269457e-07,4.0494689804616204e-10,2.306798122362974e-05,0.0
nominal,8390.0,0.41073404650654144,1.1101195766319349e-07,4.036798460479763e-10,2.3072024987600356e-05,0.0
nominal,8400.0,0.41080580937337097,1.1066460860716073e-07,4.024167585714935e-10,2.3076056098901587e-05,0.0
nominal,8410.0,0.4108773476989477,1.10318346383297e-07,4.0115762321198904e-10,2.3080074597122796e-05,0.0
nominal,8420.0,0.4109486621858462,1.0997316759097687e-07,3.999024276035522e-10,2.3084080521729473e-05,0.0
nominal,8430.0,0.411019753534443,1.0962906884021419e-07,3.9865115941896064e-10,2.3088073912063627e-05,0.0
nominal,8440.0,0.4110906224429229,1.0928604675163136e-07,3.974038063695685e-10,2.309205480734416e-05,0.0
nominal,8450.0,0.41116126960728644,1.0894409795642281e-07,3.9616035620517386e-10,2.3096023246667277e-05,0.0
nominal,8460.0,0.4112316957213563,1.0860321909632473e-07,3.9492079671390804e-10,2.309997926900684e-05,0.0
nominal,8470.0,0.41130190147678425,1.0826340682358095e-07,3.9368511572211246e-10,2.3103922913214773e-05,0.0
nominal,8480.0,0.41137188756305765,1.0792465780091109e-07,3.9245330109422206e-10,2.310785421802142e-05,0.0
nominal,8490.0,0.41144165466750676,1.0758696870147614e-07,3.9122534073264046e-10,2.311177322203595e-05,0.0
nominal,8500.0,0.4115112034753111,1.0725033620884705e-07,3.900012225776256e-10,2.3115679963746717e-05,0.0
nominal,8510.0,0.41158053466950667,1.0691475701696982e-07,3.8878093460716294e-10,2.3119574481521673e-05,0.0
nominal,8520.0,0.4116496489309918,1.065802278301372e-07,3.875644648368625e-10,2.3123456813608698e-05,0.0
nominal,8530.0,0.4117185469385347,1.0624674536295244e-07,3.8635180131982697e-10,2.3127326998135997e-05,0.0
nominal,8540.0,0.4117872293687796,1.0591430634029943e-07,3.8514293214654336e-10,2.3131185073112488e-05,0.0
nominal,8550.0,0.4118556968962535,1.0558290749730938e-07,3.8393784544476135e-10,2.3135031076428145e-05,0.0
nominal,8560.0,0.411923950193373,1.0525254557932891e-07,3.8273652937937783e-10,2.3138865045854397e-05,0.0
nominal,8570.0,0.4119919899304506,1.0492321734188885e-07,3.81538972152323e-10,2.3142687019044484e-05,0.0
nominal,8580.0,0.4120598167757015,1.0459491955067127e-07,3.80345162002441e-10,2.3146497033533836e-05,0.0
nominal,8590.0,0.41212743139525027,1.0426764898147768e-07,3.7915508720537336e-10,2.3150295126740433e-05,0.0
nominal,8600.0,0.4121948344531368,1.039414024201993e-07,3.779687360734519e-10,2.3154081335965177e-05,0.0
nominal,8610.0,0.4122620266113238,1.036161766627825e-07,3.7678609695557266e-10,2.3157855698392266e-05,0.0
nominal,8620.0,0.4123290085297023,1.0329196851519965e-07,3.756071582370896e-10,2.3161618251089542e-05,0.0
nominal,8630.0,0.4123957808660987,1.0296877479341759e-07,3.744319083397003e-10,2.3165369031008862e-05,0.0
nominal,8640.0,0.41246234427628115,1.02646592323365e-07,3.7326033572132724e-10,2.316910807498647e-05,0.0
nominal,8650.0,0.412528699413966,1.0232541794090182e-07,3.7209242887600654e-10,2.317283541974336e-05,0.0
nominal,8660.0,0.4125948469308241,1.0200524849178915e-07,3.7092817633377866e-10,2.3176551101885606e-05,0.0
nominal,8670.0,0.41266078747648705,1.0168608083165774e-07,3.697675666605736e-10,2.3180255157904755e-05,0.0
nominal,8680.0,0.4127265216985541,1.0136791182597577e-07,3.686105884580937e-10,2.3183947624178178e-05,0.0
nominal,8690.0,0.4127920502425982,1.0105073835001953e-07,3.6745723036370734e-10,2.3187628536969423e-05,0.0
nominal,8700.0,0.412857373752172,1.0073455728884325e-07,3.6630748105033905e-10,2.3191297932428564e-05,0.0
nominal,8710.0,0.41292249286881516,1.0041936553724544e-07,3.65161329226347e-10,2.3194955846592583e-05,0.0
nominal,8720.0,0.4129874082320593,1.0010515999974322e-07,3.6401876363542985e-10,2.3198602315385678e-05,0.0
nominal,8730.0,0.41305212047943546,9.979193759053746e-08,3.628797730564998e-10,2.3202237374619665e-05,0.0
nominal,8740.0,0.41311663024647954,9.947969523348558e-08,3.6174434630358386e-10,2.3205861059994287e-05,0.0
nominal,8750.0,0.4131809381667392,9.916842986206913e-08,3.606124722257059e-10,2.3209473407097602e-05,0.0
nominal,8760.0,0.4132450448717796,9.885813841936442e-08,3.5948413970677964e-10,2.3213074451406313e-05,0.0
nominal,8770.0,0.41330895099118986,9.85488178580134e-08,3.5835933766550316e-10,2.321666422828611e-05,0.0
nominal,8780.0,0.41337265715258925,9.8240465140192e-08,3.572380550552436e-10,2.3220242772992035e-05,0.0
nominal,8790.0,0.41343616398163296,9.793307723758265e-08,3.5612028086393686e-10,2.3223810120668815e-05,0.0
nominal,8800.0,0.4134994721020188,9.762665113134213e-08,3.550060041139713e-10,2.3227366306351215e-05,0.0
nominal,8810.0,0.4135625821354929,9.732118381207397e-08,3.538952138620871e-10,2.3230911364964367e-05,0.0
nominal,8820.0,0.41362549470185617,9.701667227979669e-08,3.5278789919926066e-10,2.323444533132414e-05,0.0
nominal,8830.0,0.41368821041896997,9.671311354391669e-08,3.516840492506061e-10,2.323796824013745e-05,0.0
nominal,8840.0,0.4137507299027625,9.641050462319764e-08,3.5058365317526406e-10,2.324148012600263e-05,0.0
nominal,8850.0,0.413813053767235,9.61088425457301e-08,3.4948670016629125e-10,2.3244981023409754e-05,0.0
nominal,8860.0,0.4138751826244673,9.580812434890413e-08,3.483931794505604e-10,2.3248470966740984e-05,0.0
nominal,8870.0,0.4139371170846243,9.550834707937956e-08,3.473030802886529e-10,2.3251949990270902e-05,0.0
nominal,8880.0,0.4139988577559613,9.520950779305781e-08,3.4621639197475564e-10,2.3255418128166836e-05,0.0
nominal,8890.0,0.41406040524483084,9.491160355505125e-08,3.4513310383654995e-10,2.3258875414489213e-05,0.0
nominal,8900.0,0.4141217601556878,9.461463143965683e-08,3.440532052351157e-10,2.326232188319188e-05,0.0
nominal,8910.0,0.41418292309109633,9.431858853032307e-08,3.4297668556481113e-10,2.3265757568122463e-05,0.0
nominal,8920.0,0.4142438946517347,9.402347191962672e-08,3.41903534253188e-10,2.3269182503022667e-05,0.0
nominal,8930.0,0.4143046754364019,9.372927870924086e-08,3.408337407608758e-10,2.327259672152862e-05,0.0
nominal,8940.0,0.4143652660420234,9.343600600990646e-08,3.39767294581478e-10,2.3276000257171216e-05,0.0
nominal,8950.0,0.4144256670636567,9.314365094140603e-08,3.387041852414764e-10,2.327939314337642e-05,0.0
nominal,8960.0,0.41448587909449763,9.285221063253303e-08,3.376444023001201e-10,2.3282775413465623e-05,0.0
nominal,8970.0,0.41454590272588554,9.25616822210668e-08,3.3658793534933375e-10,2.328614710065593e-05,0.0
nominal,8980.0,0.41460573854731025,9.227206285373883e-08,3.3553477401359575e-10,2.328950823806055e-05,0.0
nominal,8990.0,0.4146653871464166,9.198334968621059e-08,3.3448490794985665e-10,2.3292858858689063e-05,0.0
nominal,9000.0,0.41472484910901075,9.169553988304331e-08,3.3343832684743017e-10,2.3296198995447757e-05,0.0
nominal,9010.0,0.4147841250190659,9.140863061767003e-08,3.3239502042789097e-10,2.3299528681139965e-05,0.0
nominal,9020.0,0.41484321545872804,9.112261907236823e-08,3.3135497844497536e-10,2.3302847948466374e-05,0.0
nominal,9030.0,0.414902121008322,9.083750243822989e-08,3.3031819068447226e-10,2.3306156830025376e-05,0.0
nominal,9040.0,0.4149608422463563,9.055327791513869e-08,3.292846469641406e-10,2.330945535831334e-05,0.0
nominal,9050.0,0.4150193797495298,9.026994271173725e-08,3.2825433713358997e-10,2.3312743565724963e-05,0.0
nominal,9060.0,0.4150777340927366,8.998749404540323e-08,3.272272510741935e-10,2.3316021484553592e-05,0.0
nominal,9070.0,0.4151359058490719,8.970592914222263e-08,3.2620337869899134e-10,2.3319289146991504e-05,0.0
nominal,9080.0,0.41519389558983816,8.94252452369575e-08,3.251827099525727e-10,2.3322546585130277e-05,0.0
nominal,9090.0,0.41525170388455,8.914543957302372e-08,3.241652348109953e-10,2.332579383096107e-05,0.0
nominal,9100.0,0.41530933130094017,8.886650940246259e-08,3.231509432816821e-10,2.3329030916374935e-05,0.0
nominal,9110.0,0.4153667784049647,8.858845198591397e-08,3.221398254033235e-10,2.3332257873163137e-05,0.0
nominal,9120.0,0.41542404576080927,8.83112645925878e-08,3.2113187124577377e-10,2.333547473301748e-05,0.0
nominal,9130.0,0.4154811339308938,8.803494450023973e-08,3.201270709099626e-10,2.3338681527530597e-05,0.0
nominal,9140.0,0.41553804347587886,8.775948899514167e-08,3.191254145277879e-10,2.3341878288196276e-05,0.0
nominal,9150.0,0.4155947749546703,8.748489537205875e-08,3.181268922620318e-10,2.3345065046409754e-05,0.0
nominal,9160.0,0.41565132892442563,8.721116093421807e-08,3.1713149430624746e-10,2.334824183346805e-05,0.0
nominal,9170.0,0.41570770594055895,8.69382829932857e-08,3.1613921088467525e-10,2.335140868057025e-05,0.0
nominal,9180.0,0.4157639065567464,8.666625886933961e-08,3.1515003225214405e-10,2.335456561881782e-05,0.0
nominal,9190.0,0.4158199313249314,8.639508589084445e-08,3.1416394869397973e-10,2.3357712679214888e-05,0.0
nominal,9200.0,0.41587578079533094,8.612476139462147e-08,3.131809505258962e-10,2.336084989266861e-05,0.0
nominal,9210.0,0.41593145551644006,8.585528272582654e-08,3.122010280939147e-10,2.3363977289989416e-05,0.0
nominal,9220.0,0.4159869560350379,8.558664723792057e-08,3.112241717742566e-10,2.3367094901891336e-05,0.0
nominal,9230.0,0.4160422828961923,8.531885229264781e-08,3.102503719732647e-10,2.3370202758992293e-05,0.0
nominal,9240.0,0.41609743664326615,8.505189526000473e-08,3.0927961912728987e-10,2.3373300891814422e-05,0.0
nominal,9250.0,0.41615241781792167,8.47857735182197e-08,3.0831190370261705e-10,2.3376389330784335e-05,0.0
nominal,9260.0,0.41620722696012674,8.452048445372175e-08,3.0734721619535175e-10,2.337946810623346e-05,0.0
nominal,9270.0,0.41626186460815945,8.425602546111925e-08,3.063855471313427e-10,2.3382537248398314e-05,0.0
nominal,9280.0,0.4163163312986135,8.399239394317298e-08,3.054268870660836e-10,2.3385596787420795e-05,0.0
nominal,9290.0,0.41637062756640403,8.372958731076888e-08,3.0447122658461404e-10,2.3388646753348505e-05,0.0
nominal,9300.0,0.4164247539447723,8.346760298289431e-08,3.0351855630143384e-10,2.3391687176135032e-05,0.0
nominal,9310.0,0.4164787109652907,8.32064383866147e-08,3.0256886686041707e-10,2.3394718085640212e-05,0.0
nominal,9320.0,0.4165324991578691,8.29460909570423e-08,3.016221489346992e-10,2.339773951163049e-05,0.0
nominal,9330.0,0.4165861190507589,8.268655813731708e-08,3.0067839322660756e-10,2.340075148377915e-05,0.0
nominal,9340.0,0.4166395711705584,8.24278373785797e-08,2.997375904675625e-10,2.3403754031666634e-05,0.0
nominal,9350.0,0.4166928560422186,8.216992613994466e-08,2.9879973141798054e-10,2.3406747184780826e-05,0.0
nominal,9360.0,0.4167459741890481,8.191282188847651e-08,2.978648068671873e-10,2.340973097251736e-05,0.0
nominal,9370.0,0.4167989261327175,8.165652209916663e-08,2.9693280763333316e-10,2.3412705424179877e-05,0.0
nominal,9380.0,0.41685171239326557,8.140102425490671e-08,2.960037245632971e-10,2.341567056898033e-05,0.0
nominal,9390.0,0.41690433348910394,8.114632584646265e-08,2.950775485325914e-10,2.3418626436039277e-05,0.0
nominal,9400.0,0.4169567899370218,8.089242437245413e-08,2.941542704452877e-10,2.342157305438615e-05,0.0
nominal,9410.0,0.4170090822521918,8.063931733932502e-08,2.9323388123390914e-10,2.3424510452959566e-05,0.0
nominal,9420.0,0.4170612109481743,8.038700226132319e-08,2.92316371859357e-10,2.3427438660607578e-05,0.0
nominal,9430.0,0.4171131765369229,8.013547666047302e-08,2.9140173331081093e-10,2.3430357706087984e-05,0.0
nominal,9440.0,0.4171649795287894,7.988473806655326e-08,2.904899566056482e-10,2.34332676180686e-05,0.0
nominal,9450.0,0.41721662043252844,7.963478401707197e-08,2.895810327893526e-10,2.343616842512753e-05,0.0
nominal,9460.0,0.4172680997553032,7.938561205724073e-08,2.8867495293542083e-10,2.3439060155753483e-05,0.0
nominal,9470.0,0.4173194180026899,7.913721973995266e-08,2.877717081452824e-10,2.3441942838346016e-05,0.0
nominal,9480.0,0.4173705756786826,7.88896046257587e-08,2.868712895482134e-10,2.3444816501215822e-05,0.0
nominal,9490.0,0.4174215732856985,7.864276428284165e-08,2.8597368830124233e-10,2.3447681172585013e-05,0.0
nominal,9500.0,0.41747241132458307,7.839669628699291e-08,2.850788955890651e-10,2.345053688058741e-05,0.0
nominal,9510.0,0.4175230902946144,7.815139822158957e-08,2.8418690262396204e-10,2.345338365326879e-05,0.0
nominal,9520.0,0.4175736106935079,7.790686767757231e-08,2.8329770064571744e-10,2.3456221518587162e-05,0.0
nominal,9530.0,0.4176239730174227,7.766310225341532e-08,2.824112809215102e-10,2.3459050504413098e-05,0.0
nominal,9540.0,0.41767417776096477,7.742009955511009e-08,2.8152763474585483e-10,2.346187063852993e-05,0.0
nominal,9550.0,0.4177242254171924,7.717785719613896e-08,2.806467534405053e-10,2.3464681948634062e-05,0.0
nominal,9560.0,0.4177741164776217,7.69363727974492e-08,2.797686283543606e-10,2.346748446233526e-05,0.0
nominal,9570.0,0.4178238514322305,7.669564398743333e-08,2.7889325086339386e-10,2.347027820715688e-05,0.0
nominal,9580.0,0.41787343076946337,7.645566840190564e-08,2.780206123705659e-10,2.347306321053616e-05,0.0
nominal,9590.0,0.41792285497623693,7.621644368407571e-08,2.7715070430572984e-10,2.34758394998245e-05,0.0
nominal,9600.0,0.4179721245379441,7.597796748452848e-08,2.7628351812555803e-10,2.3478607102287707e-05,0.0
nominal,9610.0,0.41802123993845897,7.574023746119983e-08,2.754190453134539e-10,2.3481366045106285e-05,0.0
nominal,9620.0,0.4180702016601417,7.550325127935421e-08,2.745572773794698e-10,2.348411635537569e-05,0.0
nominal,9630.0,0.4181190101838432,7.526700661156054e-08,2.7369820586022013e-10,2.348685806010659e-05,0.0
nominal,9640.0,0.4181676659889098,7.503150113767043e-08,2.728418223188015e-10,2.348959118622515e-05,0.0
nominal,9650.0,0.4182161695531879,7.479673254479583e-08,2.719881183447121e-10,2.3492315760573272e-05,0.0
nominal,9660.0,0.41826452135302905,7.456269852728372e-08,2.7113708555375895e-10,2.349503180990889e-05,0.0
nominal,9670.0,0.4183127218632939,7.43293967866975e-08,2.7028871558799086e-10,2.3497739360906194e-05,0.0
nominal,9680.0,0.4183607715573575,7.409682503179103e-08,2.694430001156037e-10,2.350043844015592e-05,0.0
nominal,9690.0,0.41840867090711387,7.386498097848744e-08,2.685999308308634e-10,2.3503129074165613e-05,0.0
nominal,9700.0,0.41845642038298025,7.363386234985673e-08,2.6775949945402446e-10,2.350581128935986e-05,0.0
nominal,9710.0,0.4185040204539023,7.340346687609272e-08,2.669216977312462e-10,2.3508485112080585e-05,0.0
nominal,9720.0,0.418551471587358,7.317379229449218e-08,2.66086517434517e-10,2.3511150568587274e-05,0.0
nominal,9730.0,0.4185987742493628,7.294483634943178e-08,2.6525395036157006e-10,2.3513807685057257e-05,0.0
nominal,9740.0,0.41864592890447416,7.27165967923446e-08,2.644239883357985e-10,2.3516456487585958e-05,0.0
nominal,9750.0,0.4186929360157957,7.248907138170079e-08,2.6359662320618466e-10,2.351909700218715e-05,0.0
nominal,9760.0,0.41873979604498235,7.226225788298285e-08,2.6277184684721033e-10,2.3521729254793207e-05,0.0
nominal,9770.0,0.41878650945224416,7.203615406866608e-08,2.619496511587857e-10,2.3524353271255362e-05,0.0
nominal,9780.0,0.41883307669635145,7.181075771819516e-08,2.6113002806616416e-10,2.352696907734396e-05,0.0
nominal,9790.0,0.41887949823463916,7.158606661796182e-08,2.603129695198611e-10,2.3529576698748727e-05,0.0
nominal,9800.0,0.41892577452301105,7.136207856128547e-08,2.594984674955835e-10,2.3532176161078988e-05,0.0
nominal,9810.0,0.4189719060159445,7.113879134838936e-08,2.586865139941431e-10,2.3534767489863948e-05,0.0
nominal,9820.0,0.41901789316649485,7.091620278637918e-08,2.578771010413788e-10,2.3537350710552933e-05,0.0
nominal,9830.0,0.4190637364262998,7.069431068922353e-08,2.570702206880855e-10,2.3539925848515634e-05,0.0
nominal,9840.0,0.41910943624558394,7.047311287772972e-08,2.5626586500992624e-10,2.3542492929042367e-05,0.0
nominal,9850.0,0.4191549930731633,7.025260717952346e-08,2.55464026107358e-10,2.354505197734432e-05,0.0
nominal,9860.0,0.41920040735644926,7.003279142902876e-08,2.546646961055591e-10,2.3547603018553782e-05,0.0
nominal,9870.0,0.41924567954145353,6.981366346744494e-08,2.538678671543452e-10,2.355014607772442e-05,0.0
nominal,9880.0,0.4192908100727922,6.959522114272607e-08,2.530735314280948e-10,2.3552681179831502e-05,0.0
nominal,9890.0,0.4193357993936903,6.9377462309559e-08,2.5228168112566907e-10,2.3555208349772162e-05,0.0
nominal,9900.0,0.4193806479459858,6.916038482934529e-08,2.5149230847034647e-10,2.355772761236561e-05,0.0
nominal,9910.0,0.41942535617013443,6.894398657017577e-08,2.5070540570973007e-10,2.356023899235342e-05,0.0
nominal,9920.0,0.41946992450521353,6.872826540681353e-08,2.499209651156855e-10,2.3562742514399733e-05,0.0
nominal,9930.0,0.4195143533889269,6.851321922066992e-08,2.491389789842542e-10,2.3565238203091538e-05,0.0
nominal,9940.0,0.4195586432576086,6.829884589978594e-08,2.4835943963558516e-10,2.3567726082938884e-05,0.0
nominal,9950.0,0.41960279454622723,6.808514333881194e-08,2.4758233941386154e-10,2.357020617837511e-05,0.0
nominal,9960.0,0.4196468076883908,6.787210943898368e-08,2.4680767068721334e-10,2.3572678513757136e-05,0.0
nominal,9970.0,0.41969068311635055,6.765974210810414e-08,2.460354258476514e-10,2.357514311336566e-05,0.0
nominal,9980.0,0.41973442126100474,6.744803926052507e-08,2.452655973110002e-10,2.3577600001405396e-05,0.0
nominal,9990.0,0.41977802255190394,6.723699881712107e-08,2.4449817751680384e-10,2.3580049202005332e-05,0.0
nominal,10000.0,0.4198214874172545,6.702661870527346e-08,2.4373315892826707e-10,2.358249073921896e-05,0.0
nominal,10010.0,0.41986481628392286,6.681689685884877e-08,2.429705340321773e-10,2.3584924637024512e-05,0.0
nominal,10020.0,0.4199080095774398,6.660783121817849e-08,2.4221029533883087e-10,2.3587350919325177e-05,0.0
nominal,10030.0,0.41995106772200474,6.639941973003824e-08,2.414524353819572e-10,2.3589769609949368e-05,0.0
nominal,10040.0,0.4199939911404899,6.619166034762764e-08,2.406969467186459e-10,2.359218073265095e-05,0.0
nominal,10050.0,0.42003678025444435,6.598455103055063e-08,2.3994382192927497e-10,2.3594584311109444e-05,0.0
nominal,10060.0,0.42007943548409776,6.577808974479724e-08,2.3919305361744447e-10,2.359698036893028e-05,0.0
nominal,10070.0,0.42012195724836543,6.557227446271966e-08,2.3844463440988963e-10,2.3599368929645042e-05,0.0
nominal,10080.0,0.4201643459648517,6.536710316301513e-08,2.376985569564186e-10,2.3601750016711677e-05,0.0
nominal,10090.0,0.4202066020498543,6.516257383070501e-08,2.3695481392983636e-10,2.3604123653514738e-05,0.0
nominal,10100.0,0.4202487259183682,6.495868445711717e-08,2.362133980258806e-10,2.3606489863365597e-05,0.0
nominal,10110.0,0.4202907179840902,6.475543303986212e-08,2.3547430196313497e-10,2.3608848669502703e-05,0.0
nominal,10120.0,0.42033257865942236,6.455281758281704e-08,2.3473751848297105e-10,2.3611200095091783e-05,0.0
nominal,10130.0,0.4203743083554765,6.435083609610513e-08,2.340030403494732e-10,2.361354416322608e-05,0.0
nominal,10140.0,0.4204159074820782,6.414948659607476e-08,2.332708603493627e-10,2.3615880896926583e-05,0.0
nominal,10150.0,0.42045737644777054,6.394876710528144e-08,2.3254097129193251e-10,2.3618210319142253e-05,0.0
nominal,10160.0,0.4204987156598183,6.374867565246883e-08,2.318133660089775e-10,2.362053245275023e-05,0.0
nominal,10170.0,0.42053992552421215,6.354921027254683e-08,2.3108803735471572e-10,2.3622847320556094e-05,0.0
nominal,10180.0,0.4205810064456724,6.335036900657463e-08,2.3036497820572588e-10,2.3625154945294064e-05,0.0
nominal,10190.0,0.4206219588276528,6.3152149901742e-08,2.2964418146088e-10,2.362745534962721e-05,0.0
nominal,10200.0,0.42066278307234495,6.295455101134713e-08,2.2892564004126225e-10,2.36297485561477e-05,0.0
nominal,10210.0,0.420703479580682,6.275757039478013e-08,2.2820934689010952e-10,2.3632034587377023e-05,0.0
nominal,10220.0,0.42074404875234234,6.256120611750394e-08,2.2749529497274155e-10,2.363431346576618e-05,0.0
nominal,10230.0,0.42078449098575393,6.236545625103407e-08,2.267834772764875e-10,2.3636585213695922e-05,0.0
nominal,10240.0,0.42082480667809824,6.217031887291957e-08,2.2607388681061656e-10,2.3638849853476996e-05,0.0
nominal,10250.0,0.42086499622531404,6.197579206672392e-08,2.2536651660626877e-10,2.3641107407350337e-05,0.0
nominal,10260.0,0.420905060022101,6.178187392200868e-08,2.246613597163952e-10,2.364335789748727e-05,0.0
nominal,10270.0,0.4209449984619238,6.15885625343126e-08,2.2395840921568212e-10,2.3645601345989763e-05,0.0
nominal,10280.0,0.4209848119370161,6.139585600513308e-08,2.232576582004839e-10,2.364783777489062e-05,0.0
nominal,10290.0,0.4210245008383843,6.120375244190778e-08,2.2255909978875552e-10,2.365006720615371e-05,0.0
nominal,10300.0,0.4210640655558113,6.101224995799627e-08,2.2186272711998643e-10,2.365228966167418e-05,0.0
nominal,10310.0,0.4211035064778603,6.082134667266152e-08,2.211685333551328e-10,2.3654505163278657e-05,0.0
nominal,10320.0,0.421142823991879,6.063104071105064e-08,2.2047651167654775e-10,2.3656713732725494e-05,0.0
nominal,10330.0,0.42118201848400294,6.044133020417717e-08,2.1978665528791695e-10,2.365891539170495e-05,0.0
nominal,10340.0,0.42122109033915933,6.02522132889032e-08,2.1909895741419343e-10,2.3661110161839414e-05,0.0
nominal,10350.0,0.4212600399410712,6.006368810791968e-08,2.184134113015261e-10,2.366329806468363e-05,0.0
nominal,10360.0,0.42129886767226077,5.987575280972948e-08,2.177300102171981e-10,2.3665479121724887e-05,0.0
nominal,10370.0,0.4213375739140535,5.968840554862823e-08,2.1704874744955715e-10,2.3667653354383256e-05,0.0
nominal,10380.0,0.4213761590465817,5.950164448468692e-08,2.163696163079524e-10,2.3669820784011778e-05,0.0
nominal,10390.0,0.4214146234487883,5.9315467783733115e-08,2.1569261012266585e-10,2.3671981431896683e-05,0.0
nominal,10400.0,0.4214529674984303,5.9129873617334066e-08,2.150177222448511e-10,2.3674135319257594e-05,0.0
nominal,10410.0,0.421491191572083,5.8944860162778e-08,2.1434494604646543e-10,2.3676282467247744e-05,0.0
nominal,10420.0,0.42152929604514316,5.876042560305621e-08,2.1367427492020436e-10,2.3678422896954173e-05,0.0
nominal,10430.0,0.42156728129183335,5.8576568126844326e-08,2.130057022794339e-10,2.3680556629397953e-05,0.0
nominal,10440.0,0.42160514768520485,5.839328592848685e-08,2.12339221558134e-10,2.368268368553437e-05,0.0
nominal,10450.0,0.42164289559714185,5.821057720797726e-08,2.1167482621082638e-10,2.368480408625315e-05,0.0
nominal,10460.0,0.4216805253983648,5.802844017094189e-08,2.1101250971251593e-10,2.368691785237865e-05,0.0
nominal,10470.0,0.42171803745843445,5.784687302862049e-08,2.1035226555861997e-10,2.3689025004670077e-05,0.0
nominal,10480.0,0.42175543214575506,5.76658739978501e-08,2.0969408726490944e-10,2.369112556382168e-05,0.0
nominal,10490.0,0.421792709827578,5.7485441301048215e-08,2.0903796836744803e-10,2.369321955046295e-05,0.0
nominal,10500.0,0.42182987087000595,5.7305573166192374e-08,2.083839024225177e-10,2.3695306985158843e-05,0.0
nominal,10510.0,0.4218669156379956,5.7126267826806694e-08,2.0773188300656978e-10,2.3697387888409953e-05,0.0
nominal,10520.0,0.4219038444953621,5.694752352194091e-08,2.0708190371614872e-10,2.3699462280652744e-05,0.0
nominal,10530.0,0.42194065780478207,5.676933849615535e-08,2.064339581678376e-10,2.3701530182259727e-05,0.0
nominal,10540.0,0.42197735592779734,5.659171099950302e-08,2.057880399981928e-10,2.3703591613539672e-05,0.0
nominal,10550.0,0.4220139392248186,5.641463928751184e-08,2.051441428636794e-10,2.3705646594737802e-05,0.0
nominal,10560.0,0.4220504080551287,5.623812162116885e-08,2.0450226044061396e-10,2.3707695146035998e-05,0.0
nominal,10570.0,0.42208676277688667,5.606215626690074e-08,2.0386238642509357e-10,2.3709737287552997e-05,0.0
nominal,10580.0,0.42212300374713024,5.5886741496561144e-08,2.0322451453294958e-10,2.3711773039344567e-05,0.0
nominal,10590.0,0.42215913132178046,5.5711875587409024e-08,2.0258863849966915e-10,2.371380242140374e-05,0.0
nominal,10600.0,0.42219514585564455,5.553755682209461e-08,2.0195475208034402e-10,2.371582545366098e-05,0.0
nominal,10610.0,0.42223104770242,5.536378348863928e-08,2.0132284904959733e-10,2.3717842155984414e-05,0.0
nominal,10620.0,0.42226683721469693,5.5190553880424204e-08,2.0069292320154253e-10,2.3719852548179976e-05,0.0
nominal,10630.0,0.4223025147439626,5.501786629616932e-08,2.0006496834970658e-10,2.372185664999163e-05,0.0
nominal,10640.0,0.42233808064060435,5.484571903991741e-08,1.9943897832697238e-10,2.3723854481101577e-05,0.0
nominal,10650.0,0.42237353525391336,5.467411042101781e-08,1.988149469855193e-10,2.3725846061130427e-05,0.0
nominal,10660.0,0.4224088789320878,5.450303875411002e-08,1.9819286819676367e-10,2.37278314096374e-05,0.0
nominal,10670.0,0.4224441120222365,5.433250235910598e-08,1.9757273585129446e-10,2.372981054612052e-05,0.0
nominal,10680.0,0.42247923487038175,5.4162499561176866e-08,1.9695454385882494e-10,2.3731783490016785e-05,0.0
nominal,10690.0,0.4225142478214636,5.3993028690732335e-08,1.9633828614811754e-10,2.3733750260702392e-05,0.0
nominal,10700.0,0.4225491512193427,5.382408808340611e-08,1.9572395666693128e-10,2.3735710877492914e-05,0.0
nominal,10710.0,0.4225839454068037,5.365567608004075e-08,1.9511154938196633e-10,2.3737665359643473e-05,0.0
nominal,10720.0,0.42261863072555883,5.3487791026669115e-08,1.9450105827879676e-10,2.3739613726348954e-05,0.0
nominal,10730.0,0.42265320751625113,5.33204312744989e-08,1.9389247736181417e-10,2.3741555996744184e-05,0.0
nominal,10740.0,0.42268767611845737,5.315359517989941e-08,1.9328580065417966e-10,2.37434921899041e-05,0.0
nominal,10750.0,0.42272203687069254,5.2987281104378795e-08,1.9268102219774105e-10,2.3745422324843984e-05,0.0
nominal,10760.0,0.4227562901104118,5.2821487414575154e-08,1.9207813605300054e-10,2.3747346420519598e-05,0.0
nominal,10770.0,0.4227904361740149,5.265621248223536e-08,1.9147713629903763e-10,2.37492644958274e-05,0.0
nominal,10780.0,0.42282447539684853,5.2491454684202664e-08,1.9087801703346422e-10,2.3751176569604715e-05,0.0
nominal,10790.0,0.4228584081132106,5.232721240239702e-08,1.902807723723528e-10,2.375308266062995e-05,0.0
nominal,10800.0,0.4228922346563528,5.216348402380268e-08,1.8968539645019155e-10,2.3754982787622727e-05,0.0
nominal,10810.0,0.42292595535848404,5.2000267940450416e-08,1.8909188341981967e-10,2.3756876969244115e-05,0.0
nominal,10820.0,0.4229595705507737,5.183756254940311e-08,1.8850022745237492e-10,2.375876522409678e-05,0.0
nominal,10830.0,0.4229930805633552,5.167536625273787e-08,1.879104227372286e-10,2.3760647570725192e-05,0.0
nominal,10840.0,0.4230264857253289,5.151367745753206e-08,1.8732246348193472e-10,2.3762524027615792e-05,0.0
nominal,10850.0,0.4230597863647653,5.135249457584761e-08,1.867363439121731e-10,2.376439461319718e-05,0.0
nominal,10860.0,0.4230929828087087,5.119181602471377e-08,1.861520582716864e-10,2.37662593458403e-05,0.0
nominal,10870.0,0.4231260753831798,5.1031640226113984e-08,1.8556960082223266e-10,2.3768118243858603e-05,0.0
nominal,10880.0,0.42315906441317913,5.08719656069699e-08,1.8498896584352688e-10,2.3769971325508238e-05,0.0
nominal,10890.0,0.42319195022269057,5.071279059912347e-08,1.844101476331762e-10,2.377181860898824e-05,0.0
nominal,10900.0,0.4232247331346843,5.055411363932382e-08,1.8383314050663205e-10,2.37736601124407e-05,0.0
nominal,10910.0,0.42325741347111956,5.039593316921256e-08,1.8325793879713654e-10,2.3775495853950932e-05,0.0
nominal,10920.0,0.4232899915529487,5.023824763530552e-08,1.826845368556564e-10,2.3777325851547682e-05,0.0
nominal,10930.0,0.4233224677001196,5.008105548898031e-08,1.8211292905083747e-10,2.3779150123203274e-05,0.0
nominal,10940.0,0.42335484223157893,4.99243551864602e-08,1.8154310976894617e-10,2.378096868683379e-05,0.0
nominal,10950.0,0.42338711546527574,4.97681451887975e-08,1.8097507341380907e-10,2.3782781560299274e-05,0.0
nominal,10960.0,0.42341928771816373,4.961242396186222e-08,1.8040881440677168e-10,2.3784588761403866e-05,0.0
nominal,10970.0,0.42345135930620537,4.945718997632219e-08,1.7984432718662613e-10,2.378639030789601e-05,0.0
nominal,10980.0,0.4234833305443743,4.930244170763108e-08,1.7928160620956756e-10,2.378818621746862e-05,0.0
nominal,10990.0,0.42351520174665835,4.914817763601464e-08,1.787206459491441e-10,2.378997650775923e-05,0.0
nominal,11000.0,0.42354697322606333,4.899439624645152e-08,1.7816144089618731e-10,2.37917611963502e-05,0.0
nominal,11010.0,0.4235786452946156,4.884109602866112e-08,1.7760398555876767e-10,2.3793540300768892e-05,0.0
nominal,11020.0,0.42361021826336503,4.868827547708928e-08,1.7704827446214283e-10,2.3795313838487802e-05,0.0
nominal,11030.0,0.4236416924423883,4.8535933090892406e-08,1.7649430214869964e-10,2.3797081826924762e-05,0.0
nominal,11040.0,0.42367306814079203,4.8384067373922215e-08,1.7594206317789894e-10,2.3798844283443113e-05,0.0
nominal,11050.0,0.4237043456667154,4.823267683471314e-08,1.753915521262296e-10,2.3800601225351855e-05,0.0
nominal,11060.0,0.4237355253273338,4.8081759986464225e-08,1.748427635871426e-10,2.3802352669905845e-05,0.0
nominal,11070.0,0.4237666074288611,4.7931315347028855e-08,1.74295692171014e-10,2.3804098634305934e-05,0.0
nominal,11080.0,0.42379759227655334,4.7781341438896225e-08,1.7375033250507716e-10,2.3805839135699166e-05,0.0
nominal,11090.0,0.4238284801747113,4.76318367891797e-08,1.7320667923338068e-10,2.3807574191178925e-05,0.0
nominal,11100.0,0.4238592714266836,4.748279992960091e-08,1.7266472701673055e-10,2.3809303817785114e-05,0.0
nominal,11110.0,0.4238899663348697,4.733422939647582e-08,1.7212447053263933e-10,2.381102803250431e-05,0.0
nominal,11120.0,0.42392056520072313,4.7186123730698695e-08,1.7158590447526796e-10,2.3812746852269965e-05,0.0
nominal,11130.0,0.4239510683247538,4.703848147773132e-08,1.710490235553866e-10,2.3814460293962518e-05,0.0
nominal,11140.0,0.4239814760065316,4.689130118758585e-08,1.7051382250031216e-10,2.3816168374409606e-05,0.0
nominal,11150.0,0.42401178854468885,4.674458141481125e-08,1.6998029605385908e-10,2.381787111038621e-05,0.0
nominal,11160.0,0.42404200623692384,4.65983207184786e-08,1.6944843897628577e-10,2.3819568518614825e-05,0.0
nominal,11170.0,0.424072129380003,4.6452517662169086e-08,1.689182460442512e-10,2.382126061576562e-05,0.0
nominal,11180.0,0.42410215826976466,4.630717081395573e-08,1.6838971205074806e-10,2.3822947418456614e-05,0.0
nominal,11190.0,0.4241320932011209,4.616227874639542e-08,1.6786283180507423e-10,2.382462894325381e-05,0.0
nominal,11200.0,0.42416193446806144,4.60178400365088e-08,1.6733760013275926e-10,2.382630520667139e-05,0.0
nominal,11210.0,0.42419168236365606,4.58738532657699e-08,1.668140118755269e-10,2.3827976225171868e-05,0.0
nominal,11220.0,0.42422133718005756,4.5730317020090786e-08,1.662920618912392e-10,2.3829642015166238e-05,0.0
nominal,11230.0,0.4242508992085044,4.558722988980915e-08,1.6577174505385143e-10,2.3831302593014145e-05,0.0
nominal,11240.0,0.42428036873932407,4.544459046967203e-08,1.652530562533528e-10,2.3832957975024053e-05,0.0
nominal,11250.0,0.42430974606193556,4.530239735882394e-08,1.6473599039572338e-10,2.38346081774534e-05,0.0
nominal,11260.0,0.424339031464852,4.5160649160793734e-08,1.6422054240288627e-10,2.3836253216508742e-05,0.0
nominal,11270.0,0.4243682252356843,4.5019344483477583e-08,1.6370670721264574e-10,2.3837893108345938e-05,0.0
nominal,11280.0,0.4243973276611431,4.487848193912889e-08,1.6319447977865048e-10,2.3839527869070293e-05,0.0
nominal,11290.0,0.42442633902704185,4.4738060144343274e-08,1.6268385507033916e-10,2.3841157514736715e-05,0.0
nominal,11300.0,0.4244552596183001,4.459807772004405e-08,1.6217482807288745e-10,2.3842782061349887e-05,0.0
nominal,11310.0,0.42448408971894563,4.4458533291470166e-08,1.616673937871642e-10,2.3844401524864407e-05,0.0
nominal,11320.0,0.42451282961211745,4.431942548816255e-08,1.6116154722968198e-10,2.384601592118495e-05,0.0
nominal,11330.0,0.42454147958006877,4.418075294394971e-08,1.6065728343254438e-10,2.3847625266166423e-05,0.0
nominal,11340.0,0.42457003990416975,4.4042514296934364e-08,1.6015459744339765e-10,2.3849229575614146e-05,0.0
nominal,11350.0,0.42459851086490996,4.390470818948121e-08,1.5965348432538618e-10,2.385082886528396e-05,0.0
nominal,11360.0,0.4246268927419016,4.3767333268202065e-08,1.591539391570984e-10,2.3852423150882428e-05,0.0
nominal,11370.0,0.42465518581388156,4.363038818394475e-08,1.5865595703252635e-10,2.3854012448066946e-05,0.0
nominal,11380.0,0.424683390358715,4.349387159177744e-08,1.5815953306100884e-10,2.3855596772445935e-05,0.0
nominal,11390.0,0.4247115066533975,4.335778215097636e-08,1.5766466236718673e-10,2.3857176139578975e-05,0.0
nominal,11400.0,0.42473953497405786,4.3222118525013936e-08,1.5717134009095974e-10,2.385875056497696e-05,0.0
nominal,11410.0,0.424767475595961,4.308687938154335e-08,1.5667956138743033e-10,2.3860320064102248e-05,0.0
nominal,11420.0,0.4247953287935107,4.2952063392386335e-08,1.561893214268594e-10,2.386188465236883e-05,0.0
nominal,11430.0,0.42482309484025155,4.281766923352261e-08,1.5570061539462767e-10,2.3863444345142442e-05,0.0
nominal,11440.0,0.4248507740088731,4.268369558507135e-08,1.5521343849116853e-10,2.3864999157740774e-05,0.0
nominal,11450.0,0.4248783665712108,4.2550141131285556e-08,1.5472778593194746e-10,2.3866549105433552e-05,0.0
nominal,11460.0,0.4249058727982503,4.241700456053111e-08,1.5424365294738582e-10,2.3868094203442755e-05,0.0
nominal,11470.0,0.4249332929601289,4.228428456528052e-08,1.5376103478283824e-10,2.386963446694272e-05,0.0
nominal,11480.0,0.4249606273261388,4.215197984209609e-08,1.5327992669853124e-10,2.3871169911060308e-05,0.0
nominal,11490.0,0.42498787616472944,4.202008909162028e-08,1.5280032396952828e-10,2.3872700550875032e-05,0.0
nominal,11500.0,0.4250150397435106,4.1888611018558866e-08,1.523222218856686e-10,2.3874226401419255e-05,0.0
nominal,11510.0,0.4250421183292547,4.175754433167122e-08,1.5184561575153167e-10,2.3875747477678282e-05,0.0
nominal,11520.0,0.42506911218789917,4.1626887743757787e-08,1.5137050088639193e-10,2.3877263794590537e-05,0.0
nominal,11530.0,0.42509602158454957,4.149663997164561e-08,1.5089687262416582e-10,2.38787753670477e-05,0.0
nominal,11540.0,0.42512284678348167,4.1366799736178345e-08,1.5042472631337578e-10,2.3880282209894852e-05,0.0
nominal,11550.0,0.42514958804814473,4.123736576219978e-08,1.499540573170901e-10,2.388178433793063e-05,0.0
nominal,11560.0,0.4251762456411634,4.110833677854544e-08,1.4948486101289248e-10,2.3883281765907364e-05,0.0
nominal,11570.0,0.4252028198243407,4.097971151802724e-08,1.4901713279282632e-10,2.3884774508531227e-05,0.0
nominal,11580.0,0.42522931085866067,4.085148871742176e-08,1.4855086806335183e-10,2.3886262580462387e-05,0.0
nominal,11590.0,0.42525571900429043,4.072366711745888e-08,1.4808606224530498e-10,2.388774599631512e-05,0.0
nominal,11600.0,0.42528204452058327,4.059624546280823e-08,1.476227107738481e-10,2.3889224770657996e-05,0.0
nominal,11610.0,0.42530828766608086,4.046922250206769e-08,1.4716080909842793e-10,2.389069891801399e-05,0.0
nominal,11620.0,0.4253344486985159,4.034259698775074e-08,1.4670035268272995e-10,2.389216845286063e-05,0.0
nominal,11630.0,0.4253605278748147,4.021636767627378e-08,1.462413370046319e-10,2.3893633389630153e-05,0.0
nominal,11640.0,0.4253865254511,4.009053332794311e-08,1.4578375755615675e-10,2.389509374270965e-05,0.0
nominal,11650.0,0.4254124416826925,3.9965092706946764e-08,1.4532760984344276e-10,2.3896549526441173e-05,0.0
nominal,11660.0,0.42543827682411445,3.984004458133747e-08,1.448728893866817e-10,2.389800075512191e-05,0.0
nominal,11670.0,0.4254640311290917,3.97153877230227e-08,1.4441959172008252e-10,2.389944744300432e-05,0.0
nominal,11680.0,0.425489704850556,3.9591120907753866e-08,1.4396771239183224e-10,2.3900889604296246e-05,0.0
nominal,11690.0,0.4255152982406479,3.94672429151116e-08,1.4351724696404215e-10,2.3902327253161103e-05,0.0
nominal,11700.0,0.42554081155071877,3.934375252849645e-08,1.4306819101271433e-10,2.3903760403717963e-05,0.0
nominal,11710.0,0.42556624503133383,3.9220648535114253e-08,1.4262054012768817e-10,2.390518907004174e-05,0.0
nominal,11720.0,0.4255915989322742,3.9097929725965977e-08,1.4217428991260355e-10,2.3906613266163303e-05,0.0
nominal,11730.0,0.42561687350253935,3.8975594895836075e-08,1.4172943598485843e-10,2.390803300606962e-05,0.0
nominal,11740.0,0.4256420689903497,3.885364284327957e-08,1.4128597397556203e-10,2.390944830370389e-05,0.0
nominal,11750.0,0.425667185643149,3.873207237061072e-08,1.408438995294935e-10,2.391085917296569e-05,0.0
nominal,11760.0,0.4256922237076069,3.861088228389074e-08,1.404032083050572e-10,2.391226562771111e-05,0.0
nominal,11770.0,0.42571718342962084,3.84900713929188e-08,1.3996389597425018e-10,2.391366768175286e-05,0.0
nominal,11780.0,0.42574206505431933,3.83696385112153e-08,1.395259582226011e-10,2.3915065348860465e-05,0.0
nominal,11790.0,0.4257668688260637,3.824958245601457e-08,1.3908939074914386e-10,2.391645864276035e-05,0.0
nominal,11800.0,0.4257915949884506,3.8129902048251496e-08,1.3865418926636905e-10,2.3917847577135987e-05,0.0
nominal,11810.0,0.4258162437843146,3.801059611255024e-08,1.382203495001827e-10,2.3919232165628044e-05,0.0
nominal,11820.0,0.42584081545573055,3.7891663477211826e-08,1.3778786718986118e-10,2.3920612421834506e-05,0.0
nominal,11830.0,0.4258653102440155,3.777310297420513e-08,1.3735673808801863e-10,2.3921988359310796e-05,0.0
nominal,11840.0,0.4258897283897318,3.7654913439152494e-08,1.369269579605545e-10,2.392335999156994e-05,0.0
nominal,11850.0,0.42591407013268906,3.7537093711319363e-08,1.3649852258661587e-10,2.3924727332082684e-05,0.0
nominal,11860.0,0.4259383357119463,3.7419642633603884e-08,1.3607142775855955e-10,2.3926090394277608e-05,0.0
nominal,11870.0,0.4259625253658147,3.7302559052524104e-08,1.356456692819058e-10,2.3927449191541286e-05,0.0
nominal,11880.0,0.4259866393318597,3.718584181820792e-08,1.352212429753015e-10,2.3928803737218407e-05,0.0
nominal,11890.0,0.42601067784690366,3.706948978437993e-08,1.3479814467047246e-10,2.3930154044611905e-05,0.0
nominal,11900.0,0.42603464114702777,3.695350180835172e-08,1.3437637021218808e-10,2.393150012698309e-05,0.0
nominal,11910.0,0.42605852946757433,3.683787675101168e-08,1.3395591545822427e-10,2.393284199755177e-05,0.0
nominal,11920.0,0.42608234304314957,3.6722613476810704e-08,1.3353677627931163e-10,2.39341796694964e-05,0.0
nominal,11930.0,0.4261060821076255,3.6607710853753425e-08,1.3311894855910333e-10,2.3935513155954195e-05,0.0
nominal,11940.0,0.42612974689414257,3.6493167753385916e-08,1.3270242819413058e-10,2.393684247002127e-05,0.0
nominal,11950.0,0.4261533376351113,3.637898305078659e-08,1.322872110937694e-10,2.3938167624752746e-05,0.0
nominal,11960.0,0.42617685456221555,3.626515562455169e-08,1.3187329318018795e-10,2.3939488633162922e-05,0.0
nominal,11970.0,0.4262002979064139,3.6151684356787466e-08,1.3146067038831804e-10,2.3940805508225355e-05,0.0
nominal,11980.0,0.42622366789794236,3.603856813309777e-08,1.3104933866581005e-10,2.3942118262873018e-05,0.0
nominal,11990.0,0.42624696476631674,3.5925805842572426e-08,1.3063929397299063e-10,2.3943426909998422e-05,0.0
nominal,12000.0,0.4262701887403344,3.581339637777885e-08,1.3023053228283218e-10,2.3944731462453727e-05,0.0
nominal,12010.0,0.426293340048077,3.57013386347483e-08,1.2982304958090288e-10,2.3946031933050883e-05,0.0
nominal,12020.0,0.4263164189169126,3.558963151296654e-08,1.2941684186533285e-10,2.394732833456176e-05,0.0
nominal,12030.0,0.4263394255734975,3.547827391536339e-08,1.2901190514677595e-10,2.3948620679718252e-05,0.0
nominal,12040.0,0.4263623602437792,3.5367264748300835e-08,1.2860823544836664e-10,2.3949908981212423e-05,0.0
nominal,12050.0,0.42638522315299787,3.525660292156361e-08,1.2820582880568584e-10,2.395119325169662e-05,0.0
nominal,12060.0,0.42640801452568944,3.5146287348345024e-08,1.2780468126670916e-10,2.3952473503783617e-05,0.0
nominal,12070.0,0.4264307345856868,3.5036316945241764e-08,1.2740478889178822e-10,2.395374975004671e-05,0.0
nominal,12080.0,0.4264533835561226,3.49266906322396e-08,1.2700614775359852e-10,2.3955022003019852e-05,0.0
nominal,12090.0,0.42647596165943147,3.48174073327029e-08,1.2660875393710143e-10,2.3956290275197785e-05,0.0
nominal,12100.0,0.4264984691173518,3.470846597336607e-08,1.2621260353951297e-10,2.395755457903615e-05,0.0
nominal,12110.0,0.4265209061509284,3.45998654843203e-08,1.2581769267025563e-10,2.395881492695162e-05,0.0
nominal,12120.0,0.42654327298051453,3.449160479900457e-08,1.254240174509257e-10,2.3960071331322025e-05,0.0
nominal,12130.0,0.4265655698257736,3.438368285419655e-08,1.2503157401526016e-10,2.396132380448644e-05,0.0
nominal,12140.0,0.42658779690568205,3.427609858999894e-08,1.2464035850908702e-10,2.3962572358745362e-05,0.0
nominal,12150.0,0.4266099544385311,3.4168850949831306e-08,1.2425036709029565e-10,2.3963817006360783e-05,0.0
nominal,12160.0,0.4266320426419286,3.406193888042078e-08,1.2386159592880282e-10,2.396505775955632e-05,0.0
nominal,12170.0,0.426654061732802,3.395536133178765e-08,1.2347404120650054e-10,2.396629463051736e-05,0.0
nominal,12180.0,0.42667601192739996,3.384911725723806e-08,1.2308769911722928e-10,2.3967527631391174e-05,0.0
nominal,12190.0,0.4266978934412941,3.374320561335468e-08,1.2270256586674427e-10,2.3968756774286986e-05,0.0
nominal,12200.0,0.42671970648938184,3.3637625359984016e-08,1.2231863767266915e-10,2.3969982071276162e-05,0.0
nominal,12210.0,0.42674145128588825,3.3532375460226454e-08,1.2193591076445982e-10,2.397120353439229e-05,0.0
nominal,12220.0,0.42676312804436806,3.3427454880427146e-08,1.2155438138337143e-10,2.397242117563131e-05,0.0
nominal,12230.0,0.4267847369777075,3.332286259016702e-08,1.2117404578242552e-10,2.3973635006951612e-05,0.0
nominal,12240.0,0.42680627829812723,3.3218597562248686e-08,1.2079490022635884e-10,2.3974845040274187e-05,0.0
nominal,12250.0,0.4268277522171832,3.311465877269137e-08,1.2041694099160496e-10,2.3976051287482706e-05,0.0
nominal,12260.0,0.42684915894577025,3.3011045200715344e-08,1.200401643662376e-10,2.3977253760423682e-05,0.0
nominal,12270.0,0.4268704986941227,3.290775582873683e-08,1.196645666499521e-10,2.3978452470906547e-05,0.0
nominal,12280.0,0.4268917716718172,3.280478964235605e-08,1.1929014415402198e-10,2.3979647430703777e-05,0.0
nominal,12290.0,0.4269129780877749,3.270214563034569e-08,1.1891689320125702e-10,2.3980838651551024e-05,0.0
nominal,12300.0,0.4269341181502629,3.259982278464453e-08,1.1854481012598008e-10,2.3982026145147213e-05,0.0
nominal,12310.0,0.4269551920668968,3.2497820100344115e-08,1.1817389127397858e-10,2.398320992315466e-05,0.0
nominal,12320.0,0.42697620004464254,3.239613657568124e-08,1.1780413300247725e-10,2.3984389997199194e-05,0.0
nominal,12330.0,0.4269971422898187,3.229477121202556e-08,1.174355316800929e-10,2.3985566378870278e-05,0.0
nominal,12340.0,0.42701801900809816,3.219372301387247e-08,1.1706808368680897e-10,2.3986739079721106e-05,0.0
nominal,12350.0,0.4270388304045101,3.209299098883268e-08,1.16701785413937e-10,2.3987908111268714e-05,0.0
nominal,12360.0,0.4270595766834423,3.199257414762125e-08,1.1633663326407725e-10,2.3989073484994108e-05,0.0
nominal,12370.0,0.42708025804864314,3.189247150404873e-08,1.1597262365108629e-10,2.3990235212342376e-05,0.0
nominal,12380.0,0.4271008747032233,3.179268207501195e-08,1.1560975300004345e-10,2.3991393304722786e-05,0.0
nominal,12390.0,0.427121426849658,3.1693204880483195e-08,1.152480177472116e-10,2.399254777350891e-05,0.0
nominal,12400.0,0.42714191468978907,3.159403894350091e-08,1.148874143400033e-10,2.3993698630038744e-05,0.0
nominal,12410.0,0.4271623384248267,3.149518329016091e-08,1.1452793923694874e-10,2.3994845885614792e-05,0.0
nominal,12420.0,0.42718269825535127,3.1396636949607264e-08,1.1416958890766275e-10,2.3995989551504197e-05,0.0
nominal,12430.0,0.4272029943813159,3.129839895401981e-08,1.1381235983279928e-10,2.3997129638938853e-05,0.0
nominal,12440.0,0.42722322700204796,3.12004683386079e-08,1.1345624850402871e-10,2.399826615911551e-05,0.0
nominal,12450.0,0.42724339631625097,3.110284414159961e-08,1.1310125142399857e-10,2.3999399123195873e-05,0.0
nominal,12460.0,0.42726350252200707,3.1005525404231364e-08,1.1274736510629586e-10,2.4000528542306747e-05,0.0
nominal,12470.0,0.42728354581677824,3.090851117074072e-08,1.1239458607542079e-10,2.4001654427540092e-05,0.0
nominal,12480.0,0.42730352639740876,3.0811800488355695e-08,1.1204291086674796e-10,2.400277678995318e-05,0.0
nominal,12490.0,0.42732344446012716,3.0715392407284053e-08,1.1169233602648746e-10,2.4003895640568685e-05,0.0
nominal,12500.0,0.42734330020054767,3.061928598070718e-08,1.1134285811166245e-10,2.4005010990374787e-05,0.0
nominal,12510.0,0.4273630938136729,3.052348026476705e-08,1.1099447369006198e-10,2.400612285032529e-05,0.0
nominal,12520.0,0.4273828254938948,3.0427974318560937e-08,1.1064717934022158e-10,2.400723123133972e-05,0.0
nominal,12530.0,0.42740249543499736,3.0332767204129024e-08,1.1030097165137824e-10,2.4008336144303433e-05,0.0
nominal,12540.0,0.4274221038301582,3.0237857986446676e-08,1.0995584722344245e-10,2.400943760006773e-05,0.0
nominal,12550.0,0.4274416508719504,3.0143245733415014e-08,1.0961180266696368e-10,2.4010535609449956e-05,0.0
nominal,12560.0,0.4274611367523448,3.004892951585033e-08,1.0926883460309211e-10,2.401163018323362e-05,0.0
nominal,12570.0,0.4274805616627112,2.9954908407478053e-08,1.0892693966355654e-10,2.401272133216848e-05,0.0
nominal,12580.0,0.42749992579382096,2.986118148492014e-08,1.0858611449061867e-10,2.401380906697066e-05,0.0
nominal,12590.0,0.42751922933584807,2.9767747827689905e-08,1.0824635573705419e-10,2.4014893398322756e-05,0.0
nominal,12600.0,0.42753847247837207,2.967460651817834e-08,1.0790766006610305e-10,2.401597433687394e-05,0.0
nominal,12610.0,0.4275576554103787,2.95817566416499e-08,1.0757002415145416e-10,2.4017051893240055e-05,0.0
nominal,12620.0,0.42757677832026286,2.9489197286229566e-08,1.0723344467719842e-10,2.4018126078003736e-05,0.0
nominal,12630.0,0.4275958413958298,2.939692754289577e-08,1.0689791833780279e-10,2.401919690171451e-05,0.0
nominal,12640.0,0.427614844824297,2.9304946505472125e-08,1.0656344183808043e-10,2.4020264374888877e-05,0.0
nominal,12650.0,0.4276337887922964,2.9213253270616733e-08,1.0623001189315173e-10,2.4021328508010453e-05,0.0
nominal,12660.0,0.42765267348587577,2.9121846937814562e-08,1.0589762522841659e-10,2.4022389311530036e-05,0.0
nominal,12670.0,0.427671499090501,2.9030726609367284e-08,1.0556627857951737e-10,2.4023446795865737e-05,0.0
nominal,12680.0,0.4276902657910573,2.8939891390387554e-08,1.0523596869231837e-10,2.4024500971403053e-05,0.0
nominal,12690.0,0.4277089737718516,2.8849340388786626e-08,1.0490669232286044e-10,2.4025551848494992e-05,0.0
nominal,12700.0,0.42772762321661434,2.8759072715265878e-08,1.0457844623733044e-10,2.4026599437462185e-05,0.0
nominal,12710.0,0.42774621430850074,2.8669087483311628e-08,1.0425122721204226e-10,2.4027643748592948e-05,0.0
nominal,12720.0,0.42776474723009306,2.857938380918285e-08,1.0392503203339216e-10,2.4028684792143412e-05,0.0
nominal,12730.0,0.4277832221634024,2.8489960811903235e-08,1.0359985749782993e-10,2.4029722578337625e-05,0.0
nominal,12740.0,0.4278016392898702,2.8400817613254092e-08,1.0327570041183306e-10,2.4030757117367632e-05,0.0
nominal,12750.0,0.42781999879037025,2.8311953337763663e-08,1.0295255759186785e-10,2.40317884193936e-05,0.0
nominal,12760.0,0.4278383008452104,2.8223367112699807e-08,1.0263042586436293e-10,2.4032816494543905e-05,0.0
nominal,12770.0,0.42785654563413433,2.813505806806122e-08,1.0230930206567715e-10,2.403384135291522e-05,0.0
nominal,12780.0,0.42787473333632314,2.8047025336569386e-08,1.0198918304207049e-10,2.4034863004572627e-05,0.0
nominal,12790.0,0.4278928641303976,2.7959268053657987e-08,1.0167006564966539e-10,2.4035881459549732e-05,0.0
nominal,12800.0,0.42791093819441933,2.78717853574674e-08,1.013519467544269e-10,2.403689672784873e-05,0.0
nominal,12810.0,0.42792895570589295,2.778457638883347e-08,1.0103482323212169e-10,2.4037908819440525e-05,0.0
nominal,12820.0,0.42794691684176756,2.769764029128127e-08,1.0071869196829551e-10,2.4038917744264823e-05,0.0
nominal,12830.0,0.42796482177843886,2.7610976211014185e-08,1.0040354985823338e-10,2.403992351223024e-05,0.0
nominal,12840.0,0.4279826706917503,2.7524583296909267e-08,1.0008939380694278e-10,2.4040926133214366e-05,0.0
nominal,12850.0,0.4280004637569952,2.7438460700505365e-08,9.977622072911041e-11,2.4041925617063898e-05,0.0
nominal,12860.0,0.4280182011489186,2.735260757599582e-08,9.94640275490757e-11,2.404292197359473e-05,0.0
nominal,12870.0,0.4280358830417186,2.7267023080221173e-08,9.915281120080425e-11,2.404391521259203e-05,0.0
nominal,12880.0,0.42805350960904825,2.7181706372659825e-08,9.884256862785389e-11,2.4044905343810356e-05,0.0
nominal,12890.0,0.42807108102401714,2.7096656615421175e-08,9.853329678334972e-11,2.4045892376973732e-05,0.0
nominal,12900.0,0.4280885974591936,2.701187297323407e-08,9.822499262994207e-11,2.404687632177578e-05,0.0
nominal,12910.0,0.42810605908660565,2.6927354613442463e-08,9.791765313979076e-11,2.4047857187879778e-05,0.0
nominal,12920.0,0.4281234660777431,2.684310070599589e-08,9.76112752945305e-11,2.4048834984918756e-05,0.0
nominal,12930.0,0.4281408186035592,2.6759110423440463e-08,9.730585608523804e-11,2.404980972249562e-05,0.0
nominal,12940.0,0.4281581168344725,2.66753829409103e-08,9.700139251240107e-11,2.405078141018323e-05,0.0
nominal,12950.0,0.42817536094036807,2.659191743612254e-08,9.669788158590013e-11,2.4051750057524486e-05,0.0
nominal,12960.0,0.4281925510905994,2.650871308936614e-08,9.639532032496776e-11,2.4052715674032423e-05,0.0
nominal,12970.0,0.4282096874539903,2.6425769083494748e-08,9.60937057581627e-11,2.405367826919032e-05,0.0
nominal,12980.0,0.4282267701988362,2.6343084603918795e-08,9.579303492334106e-11,2.4054637852451786e-05,0.0
nominal,12990.0,0.428243799492906,2.6260658838598064e-08,9.549330486762931e-11,2.405559443324084e-05,0.0
nominal,13000.0,0.42826077550344355,2.617849097803259e-08,9.519451264739123e-11,2.405654802095202e-05,0.0
nominal,13010.0,0.42827769839716956,2.6096580215255567e-08,9.489665532820205e-11,2.4057498624950472e-05,0.0
nominal,13020.0,0.42829456834028296,2.6014925745825193e-08,9.459972998481887e-11,2.405844625457203e-05,0.0
nominal,13030.0,0.4283113854984628,2.5933526767816097e-08,9.430373370114943e-11,2.405939091912333e-05,0.0
nominal,13040.0,0.42832815003686964,2.5852382481812876e-08,9.400866357022862e-11,2.4060332627881873e-05,0.0
nominal,13050.0,0.42834486212014716,2.57714920909011e-08,9.37145166941858e-11,2.4061271390096142e-05,0.0
nominal,13060.0,0.4283615219124239,2.5690854800660634e-08,9.342129018422047e-11,2.406220721498567e-05,0.0
nominal,13070.0,0.42837812957731514,2.561046981915496e-08,9.312898116056348e-11,2.4063140111741162e-05,0.0
nominal,13080.0,0.42839468527792396,2.553033635692734e-08,9.283758675246306e-11,2.4064070089524556e-05,0.0
nominal,13090.0,0.42841118917684307,2.545045362699079e-08,9.254710409814832e-11,2.4064997157469113e-05,0.0
nominal,13100.0,0.4284276414361567,2.537082084482e-08,9.225753034479998e-11,2.4065921324679537e-05,0.0
nominal,13110.0,0.42844404221744153,2.5291437228345744e-08,9.196886264852997e-11,2.4066842600232022e-05,0.0
nominal,13120.0,0.428460391681769,2.5212301997944712e-08,9.168109817434439e-11,2.406776099317438e-05,0.0
nominal,13130.0,0.42847668998970656,2.5133414376433152e-08,9.139423409612054e-11,2.406867651252611e-05,0.0
nominal,13140.0,0.42849293730131904,2.505477358905946e-08,9.110826759657984e-11,2.406958916727848e-05,0.0
nominal,13150.0,0.42850913377617067,2.4976378863495714e-08,9.082319586725713e-11,2.407049896639464e-05,0.0
nominal,13160.0,0.4285252795733262,2.489822942983121e-08,9.05390161084771e-11,2.4071405918809674e-05,0.0
nominal,13170.0,0.42854137485135263,2.482032452056463e-08,9.025572552932592e-11,2.407231003343072e-05,0.0
nominal,13180.0,0.42855741976832123,2.474266337059398e-08,8.997332134761447e-11,2.4073211319137063e-05,0.0
nominal,13190.0,0.4285734144818083,2.466524521721332e-08,8.96918007898666e-11,2.4074109784780174e-05,0.0
nominal,13200.0,0.4285893591488973,2.458806930010194e-08,8.941116109127978e-11,2.407500543918386e-05,0.0
nominal,13210.0,0.42860525392618004,2.4511134861318565e-08,8.913139949570386e-11,2.407589829114429e-05,0.0
nominal,13220.0,0.4286210989697584,2.4434441145293815e-08,8.885251325561386e-11,2.407678834943013e-05,0.0
nominal,13230.0,0.42863689443524583,2.4357987398822384e-08,8.857449963208138e-11,2.40776756227826e-05,0.0
nominal,13240.0,0.42865264047776896,2.4281772871054774e-08,8.829735589474462e-11,2.4078560119915573e-05,0.0
nominal,13250.0,0.42866833725196885,2.420579681349232e-08,8.802107932179025e-11,2.407944184951565e-05,0.0
nominal,13260.0,0.4286839849120029,2.413005847997714e-08,8.774566719991686e-11,2.4080320820242263e-05,0.0
nominal,13270.0,0.4286995836115461,2.4054557126686185e-08,8.747111682431339e-11,2.4081197040727747e-05,0.0
nominal,13280.0,0.42871513350379253,2.3979292012124277e-08,8.719742549863371e-11,2.4082070519577422e-05,0.0
nominal,13290.0,0.42873063474145684,2.3904262397116995e-08,8.692459053497088e-11,2.408294126536967e-05,0.0
nominal,13300.0,0.4287460874767762,2.3829467544800734e-08,8.665260925382084e-11,2.408380928665607e-05,0.0
nominal,13310.0,0.42876149186151125,2.3754906720618673e-08,8.638147898406789e-11,2.408467459196141e-05,0.0
nominal,13320.0,0.42877684804694777,2.3680579192311995e-08,8.61111970629527e-11,2.4085537189783816e-05,0.0
nominal,13330.0,0.4287921561838981,2.3606484229913847e-08,8.584176083605035e-11,2.4086397088594824e-05,0.0
nominal,13340.0,0.42880741642270265,2.3532621105741507e-08,8.557316765724183e-11,2.4087254296839454e-05,0.0
nominal,13350.0,0.42882262891323175,2.3458989094387487e-08,8.530541488868175e-11,2.408810882293632e-05,0.0
nominal,13360.0,0.4288377938048864,2.3385587472716044e-08,8.50384999007856e-11,2.4088960675277674e-05,0.0
nominal,13370.0,0.4288529112466004,2.3312415519852694e-08,8.47724200721916e-11,2.4089809862229524e-05,0.0
nominal,13380.0,0.42886798138684146,2.3239472517179132e-08,8.450717278974229e-11,2.4090656392131696e-05,0.0
nominal,13390.0,0.4288830043736128,2.3166757748324972e-08,8.424275544845442e-11,2.409150027329793e-05,0.0
nominal,13400.0,0.4288979803544545,2.309427049916203e-08,8.397916545149828e-11,2.4092341514015935e-05,0.0
nominal,13410.0,0.428912909476445,2.3022010057795853e-08,8.371640021016673e-11,2.4093180122547507e-05,0.0
nominal,13420.0,0.42892779188620245,2.294997571456064e-08,8.345445714385686e-11,2.4094016107128577e-05,0.0
nominal,13430.0,0.42894262772988645,2.2878166762009707e-08,8.319333368003529e-11,2.4094849475969317e-05,0.0
nominal,13440.0,0.4289574171531992,2.28065824949102e-08,8.29330272542189e-11,2.4095680237254205e-05,0.0
nominal,13450.0,0.4289721603013867,2.2735222210237584e-08,8.267353530995484e-11,2.4096508399142102e-05,0.0
nominal,13460.0,0.4289868573192411,2.2664085207164103e-08,8.241485529877855e-11,2.4097333969766362e-05,0.0
nominal,13470.0,0.42900150835110074,2.2593170787058148e-08,8.215698468021145e-11,2.409815695723486e-05,0.0
nominal,13480.0,0.42901611354085306,2.2522478253471124e-08,8.189992092171317e-11,2.4098977369630133e-05,0.0
nominal,13490.0,0.42903067303193493,2.245200691213491e-08,8.164366149867239e-11,2.4099795215009412e-05,0.0
nominal,13500.0,0.4290451869673344,2.2381756070954027e-08,8.138820389437826e-11,2.4100610501404716e-05,0.0
nominal,13510.0,0.4290596554895923,2.2311725039997587e-08,8.113354559999121e-11,2.4101423236822944e-05,0.0
nominal,13520.0,0.4290740787408031,2.2241913131494742e-08,8.087968411452632e-11,2.410223342924592e-05,0.0
nominal,13530.0,0.4290884568626171,2.217231965982547e-08,8.062661694481988e-11,2.410304108663052e-05,0.0
nominal,13540.0,0.4291027899962411,2.2102943941515503e-08,8.037434160551091e-11,2.4103846216908702e-05,0.0
nominal,13550.0,0.42911707828244017,2.20337852952289e-08,8.012285561901417e-11,2.4104648827987622e-05,0.0
nominal,13560.0,0.4291313218615391,2.196484304176117e-08,7.987215651549515e-11,2.4105448927749687e-05,0.0
nominal,13570.0,0.42914552087342317,2.1896116504034417e-08,7.962224183285242e-11,2.410624652405264e-05,0.0
nominal,13580.0,0.42915967545754047,2.182760500708768e-08,7.937310911668246e-11,2.4107041624729635e-05,0.0
nominal,13590.0,0.4291737857529023,2.175930787807356e-08,7.912475592026748e-11,2.410783423758932e-05,0.0
nominal,13600.0,0.4291878518980855,2.169122444624795e-08,7.887717980453799e-11,2.4108624370415914e-05,0.0
nominal,13610.0,0.4292018740312329,2.162335404296717e-08,7.863037833806242e-11,2.410941203096928e-05,0.0
nominal,13620.0,0.4292158522900552,2.1555696001678866e-08,7.838434909701404e-11,2.4110197226984982e-05,0.0
nominal,13630.0,0.4292297868118323,2.1488249657916712e-08,7.813908966515167e-11,2.411097996617441e-05,0.0
nominal,13640.0,0.42924367773341465,2.1421014349292368e-08,7.789459763379042e-11,2.4111760256224806e-05,0.0
nominal,13650.0,0.4292575251912242,2.135398941549177e-08,7.765087060178825e-11,2.411253810479936e-05,0.0
nominal,13660.0,0.42927132932125633,2.128717419826518e-08,7.740790617550974e-11,2.4113313519537298e-05,0.0
nominal,13670.0,0.4292850902590806,2.1220568041424328e-08,7.716570196881573e-11,2.4114086508053918e-05,0.0
nominal,13680.0,0.4292988081398427,2.1154170290832773e-08,7.692425560302825e-11,2.4114857077940717e-05,0.0
nominal,13690.0,0.4293124830982654,2.108798029440061e-08,7.668356470691131e-11,2.4115625236765426e-05,0.0
nominal,13700.0,0.42932611526864983,2.1021997402078973e-08,7.64436269166508e-11,2.41163909920721e-05,0.0
nominal,13710.0,0.4293397047848769,2.095622096585303e-08,7.62044398758292e-11,2.4117154351381187e-05,0.0
nominal,13720.0,0.42935325178040856,2.0890650339735438e-08,7.596600123540159e-11,2.4117915322189604e-05,0.0
nominal,13730.0,0.42936675638828914,2.082528487976082e-08,7.57283086536757e-11,2.41186739119708e-05,0.0
nominal,13740.0,0.4293802187411471,2.0760123943976138e-08,7.549135979627685e-11,2.4119430128174866e-05,0.0
nominal,13750.0,0.42939363897119553,2.0695166892439638e-08,7.525515233614413e-11,2.412018397822857e-05,0.0
nominal,13760.0,0.4294070172102337,2.063041308721142e-08,7.501968395349606e-11,2.4120935469535425e-05,0.0
nominal,13770.0,0.4294203535896488,2.0565861892347303e-08,7.478495233580837e-11,2.4121684609475797e-05,0.0
nominal,13780.0,0.42943364824041685,2.0501512673892356e-08,7.455095517779038e-11,2.4122431405406963e-05,0.0
nominal,13790.0,0.42944690129310414,2.0437364799875298e-08,7.43176901813647e-11,2.4123175864663174e-05,0.0
nominal,13800.0,0.42946011287786806,2.0373417640304045e-08,7.408515505565107e-11,2.412391799455572e-05,0.0
nominal,13810.0,0.42947328312445926,2.0309670567154913e-08,7.385334751692694e-11,2.412465780237304e-05,0.0
nominal,13820.0,0.4294864121622219,2.0246122954372086e-08,7.362226528862576e-11,2.412539529538074e-05,0.0
nominal,13830.0,0.4294995001200957,2.0182774177857136e-08,7.339190610129868e-11,2.4126130480821706e-05,0.0
nominal,13840.0,0.429512547126617,2.0119623615463834e-08,7.316226769259575e-11,2.412686336591617e-05,0.0
nominal,13850.0,0.4295255533099199,2.0056670646993596e-08,7.293334780724942e-11,2.412759395786176e-05,0.0
nominal,13860.0,0.4295385187977374,1.9993914654188816e-08,7.270514419705023e-11,2.4128322263833583e-05,0.0
nominal,13870.0,0.42955144371740317,1.9931355020724606e-08,7.247765462081674e-11,2.412904829098431e-05,0.0
nominal,13880.0,0.4295643281958521,1.986899113220625e-08,7.225087684438635e-11,2.412977204644421e-05,0.0
nominal,13890.0,0.4295771723596221,1.980682237616085e-08,7.20248086405849e-11,2.4130493537321255e-05,0.0
nominal,13900.0,0.42958997633485524,1.974484814203149e-08,7.179944778920542e-11,2.413121277070118e-05,0.0
nominal,13910.0,0.42960274024729866,1.9683067821172168e-08,7.157479207698969e-11,2.413192975364754e-05,0.0
nominal,13920.0,0.4296154642223062,1.9621480806841533e-08,7.135083929760557e-11,2.4132644493201786e-05,0.0
nominal,13930.0,0.4296281483848394,1.95600864941957e-08,7.112758725162073e-11,2.4133356996383356e-05,0.0
nominal,13940.0,0.42964079285946905,1.94988842802839e-08,7.09050337464869e-11,2.4134067270189707e-05,0.0
nominal,13950.0,0.4296533977703759,1.9437873564041497e-08,7.068317659651453e-11,2.4134775321596407e-05,0.0
nominal,13960.0,0.4296659632413521,1.9377053746286063e-08,7.046201362285841e-11,2.4135481157557192e-05,0.0
nominal,13970.0,0.42967848939580267,1.931642422970807e-08,7.024154265348388e-11,2.4136184785004054e-05,0.0
nominal,13980.0,0.4296909763567464,1.9255984418867817e-08,7.002176152315569e-11,2.413688621084728e-05,0.0
nominal,13990.0,0.42970342424681707,1.919573372018949e-08,6.980266807341632e-11,2.413758544197554e-05,0.0
nominal,14000.0,0.4297158331882649,1.9135671541953138e-08,6.958426015255687e-11,2.4138282485255953e-05,0.0
nominal,14010.0,0.4297282033029576,1.9075797294290622e-08,6.936653561560225e-11,2.4138977347534153e-05,0.0
nominal,14020.0,0.42974053471238155,1.901611038917939e-08,6.91494923242887e-11,2.413967003563435e-05,0.0
nominal,14030.0,0.4297528275376429,1.8956610240437492e-08,6.893312814704543e-11,2.4140360556359406e-05,0.0
nominal,14040.0,0.42976508189946905,1.8897296263715955e-08,6.87174409589671e-11,2.4141048916490895e-05,0.0
nominal,14050.0,0.4297772979182093,1.8838167876496138e-08,6.850242864180413e-11,2.4141735122789157e-05,0.0
nominal,14060.0,0.4297894757138368,1.8779224498079782e-08,6.828808908392647e-11,2.4142419181993407e-05,0.0
nominal,14070.0,0.42980161540594913,1.8720465549586784e-08,6.807442018031557e-11,2.4143101100821758e-05,0.0
nominal,14080.0,0.4298137171137697,1.866189045394789e-08,6.786141983253777e-11,2.4143780885971305e-05,0.0
nominal,14090.0,0.42982578095614865,1.8603498635900672e-08,6.76490859487297e-11,2.414445854411818e-05,0.0
nominal,14100.0,0.4298378070515646,1.8545289521980958e-08,6.743741644356711e-11,2.414513408191764e-05,0.0
nominal,14110.0,0.42984979551812524,1.848726254051975e-08,6.722640923825363e-11,2.4145807506004107e-05,0.0
nominal,14120.0,0.42986174647356884,1.8429417121636462e-08,6.701606226049622e-11,2.414647882299126e-05,0.0
nominal,14130.0,0.4298736600352652,1.8371752697233504e-08,6.680637344448547e-11,2.4147148039472063e-05,0.0
nominal,14140.0,0.42988553632021675,1.8314268700992272e-08,6.659734073088098e-11,2.414781516201886e-05,0.0
nominal,14150.0,0.42989737544506007,1.825696456836414e-08,6.638896206677869e-11,2.414848019718344e-05,0.0
nominal,14160.0,0.42990917752606667,1.8199839736567717e-08,6.618123540570078e-11,2.4149143151497077e-05,0.0
nominal,14170.0,0.4299209426791441,1.8142893644583538e-08,6.597415870757649e-11,2.4149804031470613e-05,0.0
nominal,14180.0,0.42993267101983745,1.808612573314624e-08,6.57677299387136e-11,2.415046284359452e-05,0.0
nominal,14190.0,0.4299443626633304,1.80295354447398e-08,6.556194707178109e-11,2.4151119594338975e-05,0.0
nominal,14200.0,0.42995601772444597,1.797312222359435e-08,6.535680808579762e-11,2.4151774290153888e-05,0.0
nominal,14210.0,0.429967636317648,1.7916885515677702e-08,6.515231096610073e-11,2.4152426937469e-05,0.0
nominal,14220.0,0.429979218557042,1.786082476869251e-08,6.494845370433639e-11,2.4153077542693923e-05,0.0
nominal,14230.0,0.42999076455637686,1.7804939432067996e-08,6.474523429842907e-11,2.415372611221823e-05,0.0
nominal,14240.0,0.4300022744290453,1.7749228956956346e-08,6.454265075256852e-11,2.4154372652411502e-05,0.0
nominal,14250.0,0.43001374828808514,1.7693692796228593e-08,6.434070107719486e-11,2.4155017169623364e-05,0.0
nominal,14260.0,0.43002518624618075,1.7638330404465612e-08,6.413938328896585e-11,2.4155659670183602e-05,0.0
nominal,14270.0,0.4300365884156636,1.7583141237956848e-08,6.393869541075216e-11,2.4156300160402173e-05,0.0
nominal,14280.0,0.43004795490851416,1.7528124754691e-08,6.373863547160363e-11,2.4156938646569315e-05,0.0
nominal,14290.0,0.43005928583636205,1.747328041435422e-08,6.353920150674261e-11,2.4157575134955566e-05,0.0
nominal,14300.0,0.4300705813104879,1.741860767832239e-08,6.334039155753595e-11,2.4158209631811853e-05,0.0
nominal,14310.0,0.4300818414418241,1.7364106009656874e-08,6.314220367147953e-11,2.4158842143369543e-05,0.0
nominal,14320.0,0.43009306634095584,1.7309774873099342e-08,6.294463590217942e-11,2.4159472675840502e-05,0.0
nominal,14330.0,0.43010425611812225,1.725561373506679e-08,6.274768630933378e-11,2.4160101235417157e-05,0.0
nominal,14340.0,0.43011541088321775,1.7201622063644444e-08,6.255135295870706e-11,2.4160727828272565e-05,0.0
nominal,14350.0,0.4301265307457928,1.7147799328582266e-08,6.235563392211732e-11,2.416135246056047e-05,0.0
nominal,14360.0,0.43013761581505494,1.7094145001290723e-08,6.21605272774208e-11,2.4161975138415353e-05,0.0
nominal,14370.0,0.4301486661998704,1.704065855483136e-08,6.196603110847766e-11,2.4162595867952514e-05,0.0
nominal,14380.0,0.4301596820087643,1.698733946391733e-08,6.177214350515391e-11,2.4163214655268104e-05,0.0
nominal,14390.0,0.4301706633499225,1.6934187204903968e-08,6.157886256328714e-11,2.4163831506439206e-05,0.0
nominal,14400.0,0.43018161033119223,1.6881201255785096e-08,6.138618638467307e-11,2.416444642752389e-05,0.0
nominal,14410.0,0.4301925230600832,1.6828381096188773e-08,6.119411307705008e-11,2.416505942456126e-05,0.0
nominal,14420.0,0.430203401643769,1.677572620736979e-08,6.100264075407194e-11,2.4165670503571542e-05,0.0
nominal,14430.0,0.43021424618908766,1.6723236072207328e-08,6.081176753529936e-11,2.416627967055611e-05,0.0
nominal,14440.0,0.4302250568025428,1.6670910175198517e-08,6.062149154617642e-11,2.4166886931497564e-05,0.0
nominal,14450.0,0.43023583359030526,1.6618748002451853e-08,6.043181091800673e-11,2.4167492292359798e-05,0.0
nominal,14460.0,0.4302465766582133,1.6566749041685517e-08,6.024272378794732e-11,2.4168095759088026e-05,0.0
nominal,14470.0,0.4302572861117739,1.6514912782221015e-08,6.00542282989855e-11,2.416869733760886e-05,0.0
nominal,14480.0,0.4302679620561644,1.6463238714975134e-08,5.986632259990957e-11,2.4169297033830392e-05,0.0
nominal,14490.0,0.43027860459623263,1.641172633246026e-08,5.967900484531002e-11,2.41698948536422e-05,0.0
nominal,14500.0,0.43028921383649854,1.6360375128775166e-08,5.949227319554606e-11,2.417049080291545e-05,0.0
nominal,14510.0,0.430299789881155,1.630918459960194e-08,5.930612581673432e-11,2.4171084887502934e-05,0.0
nominal,14520.0,0.43031033283406883,1.6258154242201225e-08,5.912056088073172e-11,2.4171677113239125e-05,0.0
nominal,14530.0,0.430320842798782,1.620728355540533e-08,5.893557656511028e-11,2.4172267485940253e-05,0.0
nominal,14540.0,0.43033131987851236,1.615657203961601e-08,5.875117105314911e-11,2.4172856011404336e-05,0.0
nominal,14550.0,0.4303417641761547,1.6106019196798114e-08,5.856734253381133e-11,2.4173442695411254e-05,0.0
nominal,14560.0,0.43035217579428214,1.605562453047398e-08,5.838408920172354e-11,2.417402754372281e-05,0.0
nominal,14570.0,0.4303625548351468,1.600538754571939e-08,5.8201409257161414e-11,2.4174610562082774e-05,0.0
nominal,14580.0,0.4303729014006806,1.5955307749160105e-08,5.801930090603673e-11,2.417519175621694e-05,0.0
nominal,14590.0,0.4303832155924967,1.5905384648964218e-08,5.7837762359869874e-11,2.4175771131833188e-05,0.0
nominal,14600.0,0.43039349751189043,1.5855617754839096e-08,5.7656791835778515e-11,2.4176348694621544e-05,0.0
nominal,14610.0,0.43040374725984004,1.58060065780264e-08,5.747638755645962e-11,2.4176924450254225e-05,0.0
nominal,14620.0,0.4304139649370079,1.5756550631296576e-08,5.729654775016936e-11,2.4177498404385704e-05,0.0
nominal,14630.0,0.43042415064374123,1.5707249428945584e-08,5.71172706507112e-11,2.4178070562652754e-05,0.0
nominal,14640.0,0.43043430448007336,1.565810248678885e-08,5.693855449741399e-11,2.4178640930674512e-05,0.0
nominal,14650.0,0.4304444265457248,1.5609109322155657e-08,5.676039753511147e-11,2.4179209514052547e-05,0.0
nominal,14660.0,0.430454516940104,1.5560269453885872e-08,5.6582798014130435e-11,2.4179776318370892e-05,0.0
nominal,14670.0,0.43046457576230807,1.551158240232644e-08,5.640575419027796e-11,2.41803413491961e-05,0.0
nominal,14680.0,0.43047460311112423,1.5463047689323985e-08,5.622926432481448e-11,2.418090461207731e-05,0.0
nominal,14690.0,0.4304845990850308,1.5414664838220557e-08,5.605332668443839e-11,2.4181466112546307e-05,0.0
nominal,14700.0,0.4304945637821975,1.536643337385132e-08,5.587793954127753e-11,2.4182025856117557e-05,0.0
nominal,14710.0,0.4305044973004875,1.5318352822536395e-08,5.570310117285961e-11,2.4182583848288282e-05,0.0
nominal,14720.0,0.43051439973745725,1.5270422712079158e-08,5.552880986210601e-11,2.4183140094538494e-05,0.0
nominal,14730.0,0.43052427119035813,1.5222642571760423e-08,5.5355063897310617e-11,2.4183694600331065e-05,0.0
nominal,14740.0,0.43053411175613737,1.5175011932332833e-08,5.518186157211939e-11,2.418424737111177e-05,0.0
nominal,14750.0,0.4305439215314387,1.51275303260181e-08,5.500920118552036e-11,2.4184798412309357e-05,0.0
nominal,14760.0,0.43055370061260334,1.5080197286502462e-08,5.483708104182712e-11,2.4185347729335556e-05,0.0
nominal,14770.0,0.4305634490956714,1.5033012348929045e-08,5.4665499450651064e-11,2.4185895327585203e-05,0.0
nominal,14780.0,0.4305731670763822,1.4985975049897137e-08,5.449445472689867e-11,2.418644121243623e-05,0.0
nominal,14790.0,0.4305828546501757,1.4939084927455297e-08,5.4323945190746527e-11,2.4186985389249752e-05,0.0
nominal,14800.0,0.43059251191219305,1.4892341521097864e-08,5.415396916762858e-11,2.41875278633701e-05,0.0
nominal,14810.0,0.4306021389572777,1.4845744371760402e-08,5.398452498821964e-11,2.4188068640124888e-05,0.0
nominal,14820.0,0.43061173587997653,1.4799293021814093e-08,5.381561098841487e-11,2.4188607724825056e-05,0.0
nominal,14830.0,0.43062130277454036,1.475298701506266e-08,5.364722550931876e-11,2.4189145122764935e-05,0.0
nominal,14840.0,0.43063083973492544,1.4706825896735915e-08,5.3479366897221506e-11,2.4189680839222292e-05,0.0
nominal,14850.0,0.4306403468547937,1.4660809213488484e-08,5.3312033503594483e-11,2.4190214879458367e-05,0.0
nominal,14860.0,0.4306498242275141,1.4614936513392501e-08,5.314522368506363e-11,2.4190747248717944e-05,0.0
nominal,14870.0,0.43065927194616366,1.4569207345933377e-08,5.2978935803394084e-11,2.4191277952229408e-05,0.0
nominal,14880.0,0.4306686901035278,1.4523621262008102e-08,5.2813168225483997e-11,2.4191806995204764e-05,0.0
nominal,14890.0,0.430678078792102,1.4478177813917095e-08,5.2647919323334886e-11,2.4192334382839724e-05,0.0
nominal,14900.0,0.43068743810409205,1.4432876555362612e-08,5.248318747404586e-11,2.4192860120313733e-05,0.0
nominal,14910.0,0.4306967681314153,1.4387717041443246e-08,5.231897105979362e-11,2.419338421279004e-05,0.0
nominal,14920.0,0.4307060689657015,1.4342698828649263e-08,5.215526846781549e-11,2.419390666541573e-05,0.0
nominal,14930.0,0.430715340698294,1.4297821474858051e-08,5.1992078090392905e-11,2.4194427483321794e-05,0.0
nominal,14940.0,0.43072458342024983,1.4253084539331688e-08,5.182939832484249e-11,2.419494667162316e-05,0.0
nominal,14950.0,0.43073379722234134,1.4208487582711218e-08,5.166722757349533e-11,2.4195464235418747e-05,0.0
nominal,14960.0,0.430742982195057,1.4164030167011045e-08,5.1505564243676516e-11,2.4195980179791534e-05,0.0
nominal,14970.0,0.430752138428602,1.4119711855617236e-08,5.1344406747699035e-11,2.419649450980858e-05,0.0
nominal,14980.0,0.43076126601289905,1.4075532213282548e-08,5.118375350284562e-11,2.4197007230521092e-05,0.0
nominal,14990.0,0.43077036503759,1.4031490806119753e-08,5.1023602931344546e-11,2.4197518346964488e-05,0.0
nominal,15000.0,0.4307794355920359,1.3987587201599946e-08,5.0863953460363434e-11,2.419802786415842e-05,0.0
wet_low_load,0.0,0.0,1.2897066187705304e-05,4.689842250074655e-08,0.0,0.0
wet_low_load,10.0,0.00830279098789863,1.273888055422018e-05,4.63232020153461e-08,4.6638987629327034e-07,0.0
wet_low_load,20.0,0.016503746237886002,1.2582635105756745e-05,4.5755036748206344e-08,9.270593680464638e-07,0.0
wet_low_load,30.0,0.024604114789897123,1.2428306045476842e-05,4.519384016537033e-08,1.3820786371583469e-06,0.0
wet_low_load,40.0,0.03260513036409037,1.2275869868416288e-05,4.463952679424104e-08,1.8315169849750435e-06,0.0
wet_low_load,50.0,0.0405080115487482,1.2125303357904965e-05,4.40920122105635e-08,2.275442862844918e-06,0.0
wet_low_load,60.0,0.04831396198587336,1.1976583582030826e-05,4.355121302556663e-08,2.7139238825440073e-06,0.0
wet_low_load,70.0,0.05602417055450852,1.1829687890147264e-05,4.3017046873262774e-08,3.1470268265735758e-06,0.0
wet_low_load,80.0,0.06363981155180759,1.168459390942333e-05,4.2489432397903014e-08,3.57481765833137e-06,0.0
wet_low_load,90.0,0.07116204487188613,1.1541279541436248e-05,4.196828924158635e-08,3.997361532158123e-06,0.0
wet_low_load,100.0,0.07859201618247809,1.1399722958805745e-05,4.145353803202088e-08,4.414722803260838e-06,0.0
wet_low_load,110.0,0.08593085709942572,1.1259902601869636e-05,4.0945100370435036e-08,4.826965037514343e-06,0.0
wet_low_load,120.0,0.09317968535902957,1.1121797175400204e-05,4.0442898819637103e-08,5.234151021142656e-06,0.0
wet_low_load,130.0,0.10033960498828436,1.0988868261911937e-05,3.9959520952407036e-08,5.6363427702815864e-06,0.0
wet_low_load,140.0,0.1074350976884394,1.0926447796833409e-05,3.9732537443030575e-08,6.034915487273787e-06,0.0
wet_low_load,150.0,0.11449028560526743,1.0864381900976002e-05,3.950684327627636e-08,6.431224177273461e-06,0.0
wet_low_load,160.0,0.1215053976834842,1.0802668560267368e-05,3.928243112824497e-08,6.825281700714865e-06,0.0
wet_low_load,170.0,0.12848066156732246,1.0741305772075771e-05,3.9059293716639163e-08,7.217100844980666e-06,0.0
wet_low_load,180.0,0.13541630360791926,1.0680291545145091e-05,3.88374238005276e-08,7.6066943248168994e-06,0.0
wet_low_load,190.0,0.14231254887066108,1.0619623899530215e-05,3.861681418010987e-08,7.99407478274557e-06,0.0
wet_low_load,200.0,0.14916962114248736,1.0559300866532787e-05,3.839745769648286e-08,8.379254789474907e-06,0.0
wet_low_load,210.0,0.15598774293915246,1.0499320488637311e-05,3.81793472314084e-08,8.76224684430729e-06,0.0
wet_low_load,220.0,0.16276713551244662,1.0439680819447645e-05,3.796247570708234e-08,9.143063375544867e-06,0.0
wet_low_load,230.0,0.1695080188573754,1.0380379923623825e-05,3.774683608590481e-08,9.521716740892849e-06,0.0
wet_low_load,240.0,0.17621061171929886,1.0321415876819276e-05,3.753242137025191e-08,9.898219227860524e-06,0.0
wet_low_load,250.0,0.18287513160102983,1.026278676561835e-05,3.731922460224854e-08,1.0272583054160002e-05,0.0
wet_low_load,260.0,0.18950179476989218,1.0204490687474249e-05,3.710723886354272e-08,1.0644820368102682e-05,0.0
wet_low_load,270.0,0.19609081626473854,1.0146525750647278e-05,3.689645727508101e-08,1.1014943248993468e-05,0.0
wet_low_load,280.0,0.2026424099029287,1.0088890074143457e-05,3.668687299688529e-08,1.1382963707522755e-05,0.0
wet_low_load,290.0,0.209156788287268,1.0031581787653488e-05,3.647847922783086e-08,1.1748893686156182e-05,0.0
wet_low_load,300.0,0.2156341628129063,9.974599031492056e-06,3.627126920542566e-08,1.2112745059522165e-05,0.0
wet_low_load,310.0,0.2220747436741979,9.917939956537487e-06,3.606523620559086e-08,1.2474529634797238e-05,0.0
wet_low_load,320.0,0.2284787398715227,9.861602724171734e-06,3.586037354244267e-08,1.2834259152089207e-05,0.0
wet_low_load,330.0,0.23484635921806818,9.805585506220722e-06,3.5656674568075347e-08,1.3191945284818125e-05,0.0
wet_low_load,340.0,0.24117780834657285,9.74988648489502e-06,3.545413267234552e-08,1.3547599640095083e-05,0.0
wet_low_load,350.0,0.24747329271603197,9.694503852730848e-06,3.5252741282657626e-08,1.3901233759098888e-05,0.0
wet_low_load,360.0,0.2537330166183647,9.639435812531436e-06,3.505249386375067e-08,1.4252859117450573e-05,0.0
wet_low_load,370.0,0.2599571831850434,9.584680577308683e-06,3.485338391748612e-08,1.4602487125585784e-05,0.0
wet_low_load,380.0,0.2661459943936854,9.530236370225192e-06,3.465540498263706e-08,1.4950129129125064e-05,0.0
wet_low_load,390.0,0.27229965107460724,9.476101424536594e-06,3.4458550634678525e-08,1.5295796409242006e-05,0.0
wet_low_load,400.0,0.2784183529173418,9.422273983534225e-06,3.4262814485578995e-08,1.5639500183029358e-05,0.0
wet_low_load,410.0,0.2845022984771182,9.368752300488116e-06,3.406819018359314e-08,1.5981251603863e-05,0.0
wet_low_load,420.0,0.2905516851813053,9.315534638590306e-06,3.387467141305565e-08,1.6321061761763898e-05,0.0
wet_low_load,430.0,0.29656670933581813,9.262619270898494e-06,3.368225189417634e-08,1.6658941683757968e-05,0.0
wet_low_load,440.0,0.30254865961403526,9.220195777403102e-06,3.352798464510218e-08,1.6994963758060032e-05,0.0
wet_low_load,450.0,0.30850906661073185,9.191617198326444e-06,3.3424062539368884e-08,1.7329775688879265e-05,0.0
wet_low_load,460.0,0.31445099894953654,9.163127200360401e-06,3.332046254676509e-08,1.7663549848975216e-05,0.0
wet_low_load,470.0,0.3203745138938181,9.134725508942226e-06,3.3217183668880816e-08,1.7996289454983777e-05,0.0
wet_low_load,480.0,0.32627966852945406,9.106411850360196e-06,3.3114224910400706e-08,1.8327997713570682e-05,0.0
wet_low_load,490.0,0.3321665197653805,9.078185951750976e-06,3.301158527909445e-08,1.8658677821462386e-05,0.0
wet_low_load,500.0,0.3380351243341405,9.05004754109699e-06,3.290926378580723e-08,1.8988332965476898e-05,0.0
wet_low_load,510.0,0.3438855387924314,9.021996347223794e-06,3.2807259444450155e-08,1.9316966322554485e-05,0.0
wet_low_load,520.0,0.34971781952164926,8.99403209979747e-06,3.27055712719908e-08,1.964458105978828e-05,0.0
wet_low_load,530.0,0.3555320227284325,8.966154529322015e-06,3.260419828844369e-08,1.997118033445482e-05,0.0
wet_low_load,540.0,0.3613282044452036,8.938363367136744e-06,3.250313951686088e-08,2.029676729404446e-05,0.0
wet_low_load,550.0,0.36710642053070885,8.910658345413706e-06,3.2402393983322564e-08,2.062134507629171e-05,0.0
wet_low_load,560.0,0.372866726670557,8.883039197155099e-06,3.230196071692763e-08,2.0944916809205473e-05,0.0
wet_low_load,570.0,0.37860917837775565,8.855505656190695e-06,3.220183874978434e-08,2.1267485611099196e-05,0.0
wet_low_load,580.0,0.3843338309932461,8.828057457175283e-06,3.210202711700103e-08,2.1589054590620896e-05,0.0
wet_low_load,590.0,0.39004073968643727,8.800694335586099e-06,3.2002524856676714e-08,2.1909626846783166e-05,0.0
wet_low_load,600.0,0.395729959455737,8.77341602772029e-06,3.1903331009891956e-08,2.222920546899301e-05,0.0
wet_low_load,610.0,0.40140154512908194,8.746222270692363e-06,3.18044446206995e-08,2.2547793537081605e-05,0.0
wet_low_load,620.0,0.407055551364466,8.719112802431657e-06,3.170586473611512e-08,2.2865394121334e-05,0.0
wet_low_load,630.0,0.4126920326504672,8.692087361679815e-06,3.1607590406108414e-08,2.318201028251871e-05,0.0
wet_low_load,640.0,0.4183110433067731,8.665145687988267e-06,3.150962068359369e-08,2.34976450719172e-05,0.0
wet_low_load,650.0,0.4239126374847037,8.63828752171572e-06,3.141195462442079e-08,2.38123015313533e-05,0.0
wet_low_load,660.0,0.4294968691677335,8.611512604025654e-06,3.131459128736601e-08,2.4125982693222508e-05,0.0
wet_low_load,670.0,0.43506379217201196,8.584820676883833e-06,3.1217529734123026e-08,2.4438691580521226e-05,0.0
wet_low_load,680.0,0.44061346014688185,8.558211483055808e-06,3.112076902929384e-08,2.475043120687588e-05,0.0
wet_low_load,690.0,0.44614592657539653,8.531684766104451e-06,3.102430824037982e-08,2.5061204576571974e-05,0.0
wet_low_load,700.0,0.4516612447748352,8.505240270387473e-06,3.0928146437772625e-08,2.5371014684583046e-05,0.0
wet_low_load,710.0,0.4571594678972169,8.478877741054966e-06,3.083228269474532e-08,2.567986451659952e-05,0.0
wet_low_load,720.0,0.4626406489298124,8.452596924046948e-06,3.073671608744344e-08,2.598775704905748e-05,0.0
wet_low_load,730.0,0.4681048406956553,8.426397566090904e-06,3.064144569487601e-08,2.6294695249167363e-05,0.0
wet_low_load,740.0,0.47355209585405084,8.40027941469936e-06,3.054647059890676e-08,2.6600682074942556e-05,0.0
wet_low_load,750.0,0.47898246690108337,8.374242218167442e-06,3.045178988424524e-08,2.6905720475227886e-05,0.0
wet_low_load,760.0,0.48439600617012213,8.34828572557045e-06,3.0357402638437996e-08,2.7209813389728045e-05,0.0
wet_low_load,770.0,0.4897927658323262,8.32240968676144e-06,3.026330795185978e-08,2.751296374903595e-05,0.0
wet_low_load,780.0,0.4951727978971465,8.296613852368818e-06,3.016950491770479e-08,2.7815174474660926e-05,0.0
wet_low_load,790.0,0.5005361539335592,8.266822382201661e-06,3.0061172298915123e-08,2.8116448463369677e-05,0.0
wet_low_load,800.0,0.5058684361205231,8.200721965804647e-06,2.982080714838053e-08,2.841597695121956e-05,0.0
wet_low_load,810.0,0.5111580820856585,8.135150079578703e-06,2.9582363925740734e-08,2.8713110448968735e-05,0.0
wet_low_load,820.0,0.5164054327425456,8.070102497466612e-06,2.9345827263514946e-08,2.900786810664071e-05,0.0
wet_low_load,830.0,0.5216108262788649,8.005575027202151e-06,2.911118191709873e-08,2.9300268921137936e-05,0.0
wet_low_load,840.0,0.5267745981781934,7.941563510039899e-06,2.8878412763781445e-08,2.959033173746616e-05,0.0
wet_low_load,850.0,0.5318970812416253,7.87806382048722e-06,2.8647504801771706e-08,2.9878075249948946e-05,0.0
wet_low_load,860.0,0.5369786056092216,7.81507186603836e-06,2.84184431492304e-08,3.016351800343253e-05,0.0
wet_low_load,870.0,0.5420194987812871,7.752583586910713e-06,2.819121304331168e-08,3.0446678394481015e-05,0.0
wet_low_load,880.0,0.5470200856394776,7.690594955783142e-06,2.796579983921142e-08,3.072757467256202e-05,0.0
wet_low_load,890.0,0.5519806884677381,7.629101977536445e-06,2.774218900922343e-08,3.100622494122282e-05,0.0
wet_low_load,900.0,0.5569016269730738,7.568100688995864e-06,2.7520366141803134e-08,3.128264715925714e-05,0.0
wet_low_load,910.0,0.5617832183061555,7.507587158675654e-06,2.7300316940638735e-08,3.1556859141862586e-05,0.0
wet_low_load,920.0,0.566625777081759,7.447557486525716e-06,2.7082027223729872e-08,3.182887856178878e-05,0.0
wet_low_load,930.0,0.5714296153990417,7.388007803680233e-06,2.6865482922473574e-08,3.209872295047637e-05,0.0
wet_low_load,940.0,0.576195042861658,7.328934272208327e-06,2.665067008075755e-08,3.236640969918696e-05,0.0
wet_low_load,950.0,0.580922366597712,7.270333084866707e-06,2.643757485406075e-08,3.26319560601239e-05,0.0
wet_low_load,960.0,0.5856118912795528,7.2122004648542905e-06,2.6226183508561055e-08,3.289537914754423e-05,0.0
wet_low_load,970.0,0.5902639191434093,7.154532665568803e-06,2.601648242025019e-08,3.3156695938861646e-05,0.0
wet_low_load,980.0,0.5948787500088695,7.0973259703653005e-06,2.5808458074055633e-08,3.34159232757407e-05,0.0
wet_low_load,990.0,0.5994566812982044,7.040576692316636e-06,2.5602097062969582e-08,3.367307786518224e-05,0.0
wet_low_load,1000.0,0.603998008055535,6.9842811739758535e-06,2.539738608718492e-08,3.392817628060012e-05,0.0
wet_low_load,1010.0,0.6085030229658495,6.928435787140449e-06,2.5194311953237995e-08,3.418123496288939e-05,0.0
wet_low_load,1020.0,0.6129720163738647,6.873036932618553e-06,2.4992861573158373e-08,3.443227022148587e-05,0.0
wet_low_load,1030.0,0.6174052763027403,6.81808103999695e-06,2.4793021963625268e-08,3.468129823541731e-05,0.0
wet_low_load,1040.0,0.6218030884726408,6.763564567410981e-06,2.4594780245130838e-08,3.492833505434607e-05,0.0
wet_low_load,1050.0,0.6261657363191498,6.709484001316264e-06,2.439812364115005e-08,3.517339659960357e-05,0.0
wet_low_load,1060.0,0.6304935010115381,6.655835856262254e-06,2.4203039477317284e-08,3.541649866521635e-05,0.0
wet_low_load,1070.0,0.6347866614708837,6.602616674667606e-06,2.4009515180609473e-08,3.565765691892402e-05,0.0
wet_low_load,1080.0,0.639045494388049,6.549823026597338e-06,2.381753827853577e-08,3.5896886903189e-05,0.0
wet_low_load,1090.0,0.643270274241513,6.49745150954177e-06,2.3627096398333706e-08,3.613420403619827e-05,0.0
wet_low_load,1100.0,0.6474612733150605,6.445498748197246e-06,2.3438177266171797e-08,3.636962361285701e-05,0.0
wet_low_load,1110.0,0.6516187617153322,6.3939613942485835e-06,2.3250768706358483e-08,3.660316080577437e-05,0.0
wet_low_load,1120.0,0.6557430073892311,6.342836126153288e-06,2.3064858640557406e-08,3.6834830666241324e-05,0.0
wet_low_load,1130.0,0.6598342761411925,6.2921196489274795e-06,2.2880435087009014e-08,3.706464812520072e-05,0.0
wet_low_load,1140.0,0.663892831650315,6.241808693933529e-06,2.2697486159758283e-08,3.7292627994209574e-05,0.0
wet_low_load,1150.0,0.6679189354873534,6.191900018669406e-06,2.2516000067888746e-08,3.7518784966393625e-05,0.0
wet_low_load,1160.0,0.671912847131578,6.1423904065596905e-06,2.233596511476251e-08,3.7743133617394365e-05,0.0
wet_low_load,1170.0,0.6758748239874968,6.09327666674828e-06,2.215736969726647e-08,3.796568840630836e-05,0.0
wet_low_load,1180.0,0.6798051214014459,6.044555633892729e-06,2.1980202305064465e-08,3.8186463676619164e-05,0.0
wet_low_load,1190.0,0.6837039926780456,5.996224167960253e-06,2.1804451519855463e-08,3.840547365712175e-05,0.0
wet_low_load,1200.0,0.6875716890965264,5.94827915402535e-06,2.1630106014637632e-08,3.862273246283953e-05,0.0
wet_low_load,1210.0,0.6914084599269226,5.9007175020690606e-06,2.1457154552978396e-08,3.8838254095934014e-05,0.0
wet_low_load,1220.0,0.6952145524461392,5.853536146779793e-06,2.1285585988290156e-08,3.905205244660735e-05,0.0
wet_low_load,1230.0,0.6989902119538869,5.806732047355797e-06,2.1115389263111984e-08,3.926414129399741e-05,0.0
wet_low_load,1240.0,0.7027249226272102,5.708088995515133e-06,2.0756687256418662e-08,3.947392993632999e-05,0.0
wet_low_load,1250.0,0.7063862433444724,5.592367222701368e-06,2.0335880809823153e-08,3.967959606942701e-05,0.0
wet_low_load,1260.0,0.7099733370262811,5.478991511540409e-06,1.9923605496510577e-08,3.988109267231024e-05,0.0
wet_low_load,1270.0,0.7134877084992323,5.367914299631987e-06,1.9519688362298132e-08,4.0078504275096254e-05,0.0
wet_low_load,1280.0,0.7169308320821287,5.259088988822394e-06,1.9123959959354158e-08,4.027191369419762e-05,0.0
wet_low_load,1290.0,0.7203041522044725,5.152469925656064e-06,1.8736254275112958e-08,4.046140206706532e-05,0.0
wet_low_load,1300.0,0.7236090840124202,5.048012382223407e-06,1.835640866263057e-08,4.064704888622685e-05,0.0
wet_low_load,1310.0,0.7268470139624527,4.9456725373969405e-06,1.798426377235251e-08,4.082893203263424e-05,0.0
wet_low_load,1320.0,0.7300193004030094,4.845407458447832e-06,1.761966348526484e-08,4.100712780833599e-05,0.0
wet_low_load,1330.0,0.7331272741443318,4.747175083035118e-06,1.726245484740043e-08,4.1181710968486684e-05,0.0
wet_low_load,1340.0,0.736172239016751,4.650934201560119e-06,1.6912488005673158e-08,4.135275475270754e-05,0.0
wet_low_load,1350.0,0.7391554724176623,4.556644439878481e-06,1.6569616145012655e-08,4.152033091581135e-05,0.0
wet_low_load,1360.0,0.7420782258474057,4.464266242362825e-06,1.6233695426773905e-08,4.1684509757904395e-05,0.0
wet_low_load,1370.0,0.7449417254342867,4.37376085530863e-06,1.5904584928395017e-08,4.18453601538782e-05,0.0
wet_low_load,1380.0,0.7477471724489484,4.285090310676721e-06,1.5582146584278986e-08,4.2002949582303226e-05,0.0
wet_low_load,1390.0,0.7504957438083203,4.198217410165155e-06,1.526624512787329e-08,4.2157344153736986e-05,0.0
wet_low_load,1400.0,0.7531885925693477,4.113105709604146e-06,1.4956748034924166e-08,4.230860863845816e-05,0.0
wet_low_load,1410.0,0.7558268484127121,4.029719503667317e-06,1.465352546788115e-08,4.2456806493638435e-05,0.0
wet_low_load,1420.0,0.7584116181167451,3.948023810892915e-06,1.4356450221428781e-08,4.2601999889963545e-05,0.0
wet_low_load,1430.0,0.7609439860217344,3.867984359008684e-06,1.4065397669122488e-08,4.2744249737714554e-05,0.0
wet_low_load,1440.0,0.7634250144848174,3.7895675705542547e-06,1.378024571110638e-08,4.2883615712320426e-05,0.0
wet_low_load,1450.0,0.7658557443256513,3.7127405487950253e-06,1.3500874722891e-08,4.3020156279392535e-05,0.0
wet_low_load,1460.0,0.7682371952630497,3.637471063921595e-06,1.3227167505169436e-08,4.315392871925168e-05,0.0
wet_low_load,1470.0,0.7705703663427651,3.5637275395290177e-06,1.2959009234650971e-08,4.3284989150957785e-05,0.0
wet_low_load,1480.0,0.7728562363566012,3.4914790393701088e-06,1.2696287415891303e-08,4.3413392555852515e-05,0.0
wet_low_load,1490.0,0.775095764253026,3.4206952543773676e-06,1.2438891834099517e-08,4.353919280062458e-05,0.0
wet_low_load,1500.0,0.7772898895394629,3.3513464899479425e-06,1.2186714508901607e-08,4.36624426599074e-05,0.0
wet_low_load,1510.0,0.7794395326764236,3.2834036534864445e-06,1.1939649649041615e-08,4.378319383841871e-05,0.0
wet_low_load,1520.0,0.7815455954636522,3.2168382422002588e-06,1.169759360800094e-08,4.390149699265119e-05,0.0
wet_low_load,1530.0,0.7836089614184407,3.151622331142284e-06,1.1460444840517395e-08,4.4017401752123535e-05,0.0
wet_low_load,1540.0,0.7856304961462738,3.0877285614961324e-06,1.1228103859985935e-08,4.413095674020053e-05,0.0
wet_low_load,1550.0,0.7876110477039615,3.0251301290987467e-06,1.1000473196722715e-08,4.4242209594491185e-05,0.0
wet_low_load,1560.0,0.7895514469554072,2.9638007731958006e-06,1.0777457357075637e-08,4.4351206986833146e-05,0.0
wet_low_load,1570.0,0.7914525079201652,2.903714765424993e-06,1.055896278336361e-08,4.4457994642872146e-05,0.0
wet_low_load,1580.0,0.7933150281149315,2.844846899022685e-06,1.0344897814627945e-08,4.456261736124442e-05,0.0
wet_low_load,1590.0,0.7951397888881103,2.7871724782494153e-06,1.013517264817969e-08,4.46651190323702e-05,0.0
wet_low_load,1600.0,0.7969275557475998,2.730667308029715e-06,9.929699301926236e-09,4.4765542656866324e-05,0.0
wet_low_load,1610.0,0.7986790786819294,2.675307683802051e-06,9.728391577462002e-09,4.486393036358536e-05,0.0
wet_low_load,1620.0,0.8003950924748907,2.6210703815744436e-06,9.531165023907066e-09,4.496032342728927e-05,0.0
wet_low_load,1630.0,0.8020763170137862,2.5679326481817583e-06,9.33793690247912e-09,4.505476228596457e-05,0.0
wet_low_load,1640.0,0.8037234575914312,2.5158721917404855e-06,9.148626151783582e-09,4.5147286557786546e-05,0.0
wet_low_load,1650.0,0.8053372052020307,2.464867172297066e-06,8.963153353807511e-09,4.5237935057739524e-05,0.0
wet_low_load,1660.0,0.8069182368310612,2.414896192665743e-06,8.781440700602701e-09,4.5326745813900194e-05,0.0
wet_low_load,1670.0,0.8084672157392722,2.365938289452245e-06,8.603411961644525e-09,4.541375608339082e-05,0.0
wet_low_load,1680.0,0.8099847917409324,2.317972924259362e-06,8.428992451852225e-09,4.5499002368009034e-05,0.0
wet_low_load,1690.0,0.8114716014764343,2.27097997507088e-06,8.258109000257745e-09,4.5582520429540756e-05,0.0
wet_low_load,1700.0,0.8129282686793715,2.224939727810155e-06,8.090689919309653e-09,4.5664345304762663e-05,0.0
wet_low_load,1710.0,0.8143554044382026,2.17983286806984e-06,7.926664974799418e-09,4.574451132014051e-05,0.0
wet_low_load,1720.0,0.8157536074526094,2.135640473009271e-06,7.765965356397348e-09,4.582305210622949e-05,0.0
wet_low_load,1730.0,0.8171234642846588,2.092344003416097e-06,7.608523648785805e-09,4.590000061178264e-05,0.0
wet_low_load,1740.0,0.818465549604871,2.0499252959289207e-06,7.454273803377893e-09,4.597538911757318e-05,0.0
wet_low_load,1750.0,0.8197804264333016,2.008366555417514e-06,7.303151110609141e-09,4.6049249249936675e-05,0.0
wet_low_load,1760.0,0.821068646375735,1.967650347517567e-06,7.155092172791152e-09,4.612161199403871e-05,0.0
wet_low_load,1770.0,0.8223307498550876,1.9277595913168048e-06,7.0100348775156535e-09,4.619250770687341e-05,0.0
wet_low_load,1780.0,0.8235672663381232,1.888677552189318e-06,6.867918371597519e-09,4.626196612999861e-05,0.0
wet_low_load,1790.0,0.8247787145575697,1.8503878347751984e-06,6.728683035546176e-09,4.633001640201279e-05,0.0
wet_low_load,1800.0,0.8259656027297329,1.8128743761025277e-06,6.592270458554645e-09,4.639668707077898e-05,0.0
wet_low_load,1810.0,0.8271284287676998,1.7761214388487379e-06,6.45862341399541e-09,4.6462006105401005e-05,0.0
wet_low_load,1820.0,0.8282676804902186,1.7401136047386478e-06,6.327685835413264e-09,4.652600090795678e-05,0.0
wet_low_load,1830.0,0.8293838358263433,1.70483576807634e-06,6.199402793004872e-09,4.658869832499378e-05,0.0
wet_low_load,1840.0,0.830477363015932,1.6702731294081057e-06,6.073720470574929e-09,4.6650124658791525e-05,0.0
wet_low_load,1850.0,0.8315487208060774,1.6364111893139383e-06,5.950586142959775e-09,4.671030567839566e-05,0.0
wet_low_load,1860.0,0.8325983586435571,1.603235742324857e-06,5.829948153908571e-09,4.676926663042835e-05,0.0
wet_low_load,1870.0,0.8336267168633819,1.570732870963533e-06,5.711755894412847e-09,4.682703224967954e-05,0.0
wet_low_load,1880.0,0.8346342268735203,1.5388889399057768e-06,5.595959781475551e-09,4.6883626769483494e-05,0.0
wet_low_load,1890.0,0.8356213113358807,1.5076905902603287e-06,5.482511237310286e-09,4.693907393188494e-05,0.0
wet_low_load,1900.0,0.8365883843436208,1.477124733964705e-06,5.371362668962563e-09,4.699339699759909e-05,0.0
wet_low_load,1910.0,0.8375358515948662,1.4471785482945549e-06,5.262467448343835e-09,4.7046618755769844e-05,0.0
wet_low_load,1920.0,0.8384641105629045,1.4178394704844059e-06,5.155779892670566e-09,4.709876153353006e-05,0.0
wet_low_load,1930.0,0.8393735506629303,1.3890951924574294e-06,5.0512552452997425e-09,4.714984720536804e-05,0.0
wet_low_load,1940.0,0.8402645534154081,1.3609336556621025e-06,4.948849656953099e-09,4.71998972023041e-05,0.0
wet_low_load,1950.0,0.8411374926061266,1.3333430460134357e-06,4.848520167321584e-09,4.724893252088121e-05,0.0
wet_low_load,1960.0,0.8419927344430045,1.3063117889368859e-06,4.750224687043221e-09,4.72969737319732e-05,0.0
wet_low_load,1970.0,0.842830637709719,1.2798285445126838e-06,4.653921980046122e-09,4.73440409894145e-05,0.0
wet_low_load,1980.0,0.8436515539162197,1.2538822027186096e-06,4.559571646249489e-09,4.739015403845488e-05,0.0
wet_low_load,1990.0,0.8444558274461924,1.2284618787691628e-06,4.467134104615137e-09,4.743533222404291e-05,0.0
wet_low_load,2000.0,0.8452437957015292,1.2035569085493658e-06,4.376570576543148e-09,4.7479594498941216e-05,0.0
wet_low_load,2010.0,0.8460157892438753,1.1791568441409474e-06,4.287843069603444e-09,4.752295943167755e-05,0.0
wet_low_load,2020.0,0.846772131933302,1.1552514494393773e-06,4.2009143615977354e-09,4.756544521433439e-05,0.0
wet_low_load,2030.0,0.8475131410641693,1.1318306958597045e-06,4.115747984944379e-09,4.760706967018075e-05,0.0
wet_low_load,2040.0,0.848239127498235,1.108884758129439e-06,4.0323082113797776e-09,4.764785026114926e-05,0.0
wet_low_load,2050.0,0.8489503957950654,1.086404010166726e-06,3.9505600369699115e-09,4.768780409516164e-05,0.0
wet_low_load,2060.0,0.8496472443398,1.0643790210421233e-06,3.870469167425903e-09,4.772694793330566e-05,0.0
wet_low_load,2070.0,0.850329965468329,1.0428005510221944e-06,3.79200200371707e-09,4.7765298196866614e-05,0.0
wet_low_load,2080.0,0.85099884558993,1.0216595476933632e-06,3.7151256279758654e-09,4.780287097421621e-05,0.0
wet_low_load,2090.0,0.8516541653074218,1.0009471421642813e-06,3.639807789688295e-09,4.783968202756189e-05,0.0
wet_low_load,2100.0,0.8522961995348788,9.806546453452653e-07,3.566016892164601e-09,4.7875746799559175e-05,0.0
wet_low_load,2110.0,0.8529252176129609,9.60773544303125e-07,3.493721979284091e-09,4.791108041979008e-05,0.0
wet_low_load,2120.0,0.8535414834219063,9.412954986898492e-07,3.4228927225085423e-09,4.7945697711110156e-05,0.0
wet_low_load,2130.0,0.8541452554922305,9.222123372437782e-07,3.3534994081591928e-09,4.797961319586682e-05,0.0
wet_low_load,2140.0,0.8547367871131843,9.035160543616372e-07,3.2855129249514075e-09,4.801284110199168e-05,0.0
wet_low_load,2150.0,0.8553163264390099,8.851988067401354e-07,3.21890475178231e-09,4.804539536896923e-05,0.0
wet_low_load,2160.0,0.8558841165930456,8.672529100855671e-07,3.153646945765698e-09,4.8077289653684725e-05,0.0
wet_low_load,2170.0,0.8564403957697186,8.496708358901883e-07,3.089712130509775e-09,4.810853733615333e-05,0.0
wet_low_load,2180.0,0.8569853973344705,8.324452082738986e-07,3.0270734846323584e-09,4.813915152513324e-05,0.0
wet_low_load,2190.0,0.8575193499216558,8.155688008900137e-07,2.9657047305091404e-09,4.816914506362491e-05,0.0
wet_low_load,2200.0,0.8580424775304574,7.990345338937012e-07,2.905580123249822e-09,4.819853053425884e-05,0.0
wet_low_load,2210.0,0.8585549996188571,7.828354709719005e-07,2.8466744398978196e-09,4.822732026457419e-05,0.0
wet_low_load,2220.0,0.8590571311956998,7.669648164334842e-07,2.7889629688490332e-09,4.8255526332190245e-05,0.0
wet_low_load,2230.0,0.8595490829108928,7.514159123583782e-07,2.732421499485011e-09,4.828316056987316e-05,0.0
wet_low_load,2240.0,0.8600310611437761,7.361822358044677e-07,2.677026312016246e-09,4.831023457049995e-05,0.0
wet_low_load,2250.0,0.8605032680896996,7.212573960712001e-07,2.6227541675316364e-09,4.8336759691921776e-05,0.0
wet_low_load,2260.0,0.8609659018448476,7.066351320185586e-07,2.5695822982493037e-09,4.836274706172875e-05,0.0
wet_low_load,2270.0,0.861419156489342,6.923093094404731e-07,2.5174883979653566e-09,4.838820758191807e-05,0.0
wet_low_load,2280.0,0.8618632221686612,6.782739184914404e-07,2.4664506126961467e-09,4.841315193346752e-05,0.0
wet_low_load,2290.0,0.8622982851734081,6.645230711653295e-07,2.4164475315102885e-09,4.8437590580816283e-05,0.0
wet_low_load,2300.0,0.8627245280174612,6.510509988252997e-07,2.367458177546544e-09,4.846153377625485e-05,0.0
wet_low_load,2310.0,0.8631421295145412,6.378520497837887e-07,2.319461999213777e-09,4.848499156422601e-05,0.0
wet_low_load,2320.0,0.8635512648532256,6.24920686931552e-07,2.2724388615692794e-09,4.850797378553862e-05,0.0
wet_low_load,2330.0,0.8639521056704423,6.122514854148057e-07,2.2263690378720207e-09,4.8530490081495904e-05,0.0
wet_low_load,2340.0,0.8643448201234729,5.998391303594232e-07,2.181233201306993e-09,4.8552549897940095e-05,0.0
wet_low_load,2350.0,0.8647295729604969,5.876784146412888e-07,2.1370124168774133e-09,4.857416248921508e-05,0.0
wet_low_load,2360.0,0.8651065255897049,5.75764236701865e-07,2.0936881334613267e-09,4.859533692204869e-05,0.0
wet_low_load,2370.0,0.8654758361470124,5.640915984079934e-07,2.0512421760290668e-09,4.8616082079356336e-05,0.0
wet_low_load,2380.0,0.8658376595623983,5.526556029551553e-07,2.0096567380187463e-09,4.863640666396744e-05,0.0
wet_low_load,2390.0,0.8661921476249007,5.414514528131909e-07,1.9689143738661485e-09,4.865631920227641e-05,0.0
wet_low_load,2400.0,0.866539449046293,5.304744477137011e-07,1.9289979916861855e-09,4.867582804781952e-05,0.0
wet_low_load,2410.0,0.8668797095234717,5.197199826781923e-07,1.889890846102517e-09,4.8694941384779366e-05,0.0
wet_low_load,2420.0,0.8672130717995765,5.091835460862825e-07,1.8515765312228455e-09,4.871366723141816e-05,0.0
wet_low_load,2430.0,0.867539675723874,4.988607177829745e-07,1.8140389737562704e-09,4.8732013443441564e-05,0.0
wet_low_load,2440.0,0.8678596583104248,4.887471672244008e-07,1.777262426270548e-09,4.874998771729417e-05,0.0
wet_low_load,2450.0,0.868173153795563,4.788386516610771e-07,1.741231460585735e-09,4.876759759338827e-05,0.0
wet_low_load,2460.0,0.8684802936942103,4.691310143580327e-07,1.7059309613019368e-09,4.878485045926718e-05,0.0
wet_low_load,2470.0,0.8687812068550471,4.596201828510169e-07,1.6713461194582431e-09,4.880175355270434e-05,0.0
wet_low_load,2480.0,0.8690760195145669,4.5030216723803794e-07,1.6374624263201379e-09,4.881831396473971e-05,0.0
wet_low_load,2490.0,0.8693648553500333,4.411730585055732e-07,1.6042656672929932e-09,4.883453864265447e-05,0.0
wet_low_load,2500.0,0.869647835531364,4.3222902688868655e-07,1.57174191595886e-09,4.885043439288553e-05,0.0
wet_low_load,2510.0,0.8699250787719638,4.2346632026438785e-07,1.5398775282341373e-09,4.8866007883880895e-05,0.0
wet_low_load,2520.0,0.8701967013785252,4.148812625775842e-07,1.5086591366457604e-09,4.8881265648897175e-05,0.0
wet_low_load,2530.0,0.8704628172998209,4.064702522989403e-07,1.478073644723419e-09,4.8896214088740314e-05,0.0
wet_low_load,2540.0,0.8707235381745062,3.982297609139903e-07,1.4481082215054189e-09,4.891085947445083e-05,0.0
wet_low_load,2550.0,0.8709789733779537,3.9015633144286374e-07,1.418750296155868e-09,4.8925207949934605e-05,0.0
wet_low_load,2560.0,0.8712292300681357,3.8224657699009924e-07,1.3899875526912697e-09,4.893926553454027e-05,0.0
wet_low_load,2570.0,0.8714744132305805,3.7449717932372457e-07,1.3618079248135438e-09,4.8953038125584474e-05,0.0
wet_low_load,2580.0,0.8717146257224129,3.6690488748329866e-07,1.3341995908483585e-09,4.896653150082578e-05,0.0
wet_low_load,2590.0,0.8719499683155054,3.594665164160344e-07,1.3071509687855795e-09,4.897975132088857e-05,0.0
wet_low_load,2600.0,0.8721805397387522,3.521789456406821e-07,1.280650711420662e-09,4.899270313163769e-05,0.0
wet_low_load,2610.0,0.8724064367194877,3.4503911793841637e-07,1.2546877015942411e-09,4.900539236650508e-05,0.0
wet_low_load,2620.0,0.8726277540240649,3.380440380703002e-07,1.2292510475283643e-09,4.9017824348769085e-05,0.0
wet_low_load,2630.0,0.8728445844976097,3.311907715207872e-07,1.2043300782574078e-09,4.9030004293787646e-05,0.0
wet_low_load,2640.0,0.8730570191029722,3.244764432666047e-07,1.1799143391512895e-09,4.904193731118623e-05,0.0
wet_low_load,2650.0,0.8732651469588849,3.178982365707002e-07,1.155993587529819e-09,4.9053628407001334e-05,0.0
wet_low_load,2660.0,0.8734690553773508,3.1145339180054134e-07,1.1325577883656048e-09,4.9065082485780635e-05,0.0
wet_low_load,2670.0,0.8736688299002703,3.0513920527045303e-07,1.1095971100743744e-09,4.907630435264044e-05,0.0
wet_low_load,2680.0,0.8738645543353277,2.9895302810737867e-07,1.0871019203904679e-09,4.9087298715281514e-05,0.0
wet_low_load,2690.0,0.8740563107911499,2.9289226513963294e-07,1.0650627823259378e-09,4.9098070185964045e-05,0.0
wet_low_load,2700.0,0.8742441797117507,2.8695437380822396e-07,1.0434704502117233e-09,4.910862328344248e-05,0.0
wet_low_load,2710.0,0.8744282399102791,2.8113686310020754e-07,1.0223158658189364e-09,4.911896243486124e-05,0.0
wet_low_load,2720.0,0.8746085686020818,2.7543729250367047e-07,1.0015901545588015e-09,4.912909197761193e-05,0.0
wet_low_load,2730.0,0.8747852414370959,2.698532709839294e-07,9.812846217597433e-10,4.913901616115295e-05,0.0
wet_low_load,2740.0,0.8749583325315848,2.6438245598045414e-07,9.613907490198331e-10,4.9148739148792145e-05,0.0
wet_low_load,2750.0,0.8751279144992314,2.5902255242412554e-07,9.419001906331836e-10,4.915826501943342e-05,0.0
wet_low_load,2760.0,0.8752940584815999,2.5377131177444203e-07,9.2280477008888e-10,4.916759776928785e-05,0.0
wet_low_load,2770.0,0.8754568341779804,2.486265310762273e-07,9.040964766408264e-10,4.917674131355015e-05,0.0
wet_low_load,2780.0,0.8756163098746286,2.435860520354732e-07,8.857674619471752e-10,4.91856994880411e-05,0.0
wet_low_load,2790.0,0.8757725524734133,2.3864776011388375e-07,8.67810036777759e-10,4.919447605081682e-05,0.0
wet_low_load,2800.0,0.8759256275198813,2.3380958364185014e-07,8.502166677885459e-10,4.920307468374518e-05,0.0
wet_low_load,2810.0,0.8760755992307561,2.2906949294930025e-07,8.329799743610917e-10,4.921149899405051e-05,0.0
wet_low_load,2820.0,0.8762225305208755,2.2442549951428895e-07,8.160927255065052e-10,4.9219752515826776e-05,0.0
wet_low_load,2830.0,0.8763664830295872,2.19875655128747e-07,7.99547836831807e-10,4.9227838711520246e-05,0.0
wet_low_load,2840.0,0.8765075171466055,2.1541805108121524e-07,7.833383675680553e-10,4.923576097338197e-05,0.0
wet_low_load,2850.0,0.8766456920373465,2.1105081735609622e-07,7.674575176585317e-10,4.9243522624890904e-05,0.0
wet_low_load,2860.0,0.8767810656677488,2.0677212184916436e-07,7.518986249060521e-10,4.925112692214814e-05,0.0
wet_low_load,2870.0,0.8769136948285894,2.0258016959900808e-07,7.366551621782111e-10,4.925857705524284e-05,0.0
wet_low_load,2880.0,0.87704363515931,1.9847320203396843e-07,7.21720734668976e-10,4.9265876149590585e-05,0.0
wet_low_load,2890.0,0.8771709411713572,1.9444949623444958e-07,7.070890772161802e-10,4.9273027267244466e-05,0.0
wet_low_load,2900.0,0.8772956662710504,1.905073642101177e-07,6.927540516731551e-10,4.928003340817965e-05,0.0
wet_low_load,2910.0,0.8774178627819879,1.866451521917415e-07,6.787096443336054e-10,4.928689751155196e-05,0.0
wet_low_load,2920.0,0.8775375819669957,1.8286123993745295e-07,6.649499634089198e-10,4.9293622456930824e-05,0.0
wet_low_load,2930.0,0.8776548740496337,1.7915404005302517e-07,6.514692365564551e-10,4.9300211065507315e-05,0.0
wet_low_load,2940.0,0.8777697882352643,1.7552199732594962e-07,6.382618084579985e-10,4.930666610127766e-05,0.0
wet_low_load,2950.0,0.8778823727316957,1.719635880729836e-07,6.25322138447213e-10,4.93129902722028e-05,0.0
wet_low_load,2960.0,0.8779926747694041,1.684773195009867e-07,6.126447981854061e-10,4.931918623134434e-05,0.0
wet_low_load,2970.0,0.8781007406213489,1.650617290806442e-07,6.002244693841606e-10,4.93252565779776e-05,0.0
wet_low_load,2980.0,0.8782066156223843,1.6171538393291878e-07,5.8805594157425e-10,4.933120385868206e-05,0.0
wet_low_load,2990.0,0.8783103441882771,1.584368802279713e-07,5.761341099198955e-10,4.9337030568409585e-05,0.0
wet_low_load,3000.0,0.8784119698343406,1.5522484259620693e-07,5.644539730771161e-10,4.934273915153119e-05,0.0
wet_low_load,3010.0,0.8785115351936892,1.5207792355130098e-07,5.530106310956399e-10,4.934833200286243e-05,0.0
wet_low_load,3020.0,0.8786090820351232,1.489948029249356e-07,5.417992833634021e-10,4.935381146866803e-05,0.0
wet_low_load,3030.0,0.8787046512806523,1.4597418731293508e-07,5.308152265924912e-10,4.935917984764622e-05,0.0
wet_low_load,3040.0,0.8787982830226615,1.4301480953271086e-07,5.200538528462212e-10,4.9364439391893025e-05,0.0
wet_low_load,3050.0,0.878890016540732,1.4011542809160767e-07,5.09510647605846e-10,4.936959230784709e-05,0.0
wet_low_load,3060.0,0.8789798903181177,1.3727482666613836e-07,4.991811878768667e-10,4.9374640757215263e-05,0.0
wet_low_load,3070.0,0.8790679420578903,1.344918135917101e-07,4.890611403334913e-10,4.937958685787946e-05,0.0
wet_low_load,3080.0,0.879154208698756,1.3176522136268013e-07,4.79146259500655e-10,4.938443268478517e-05,0.0
wet_low_load,3090.0,0.8792387264305518,1.2909390614260465e-07,4.694323859731078e-10,4.938918027081187e-05,0.0
wet_low_load,3100.0,0.8793215307094276,1.2647674728435405e-07,4.599154446703783e-10,4.9393831607625935e-05,0.0
wet_low_load,3110.0,0.87940265627272,1.2391264686003418e-07,4.5059144312739696e-10,4.939838864651602e-05,0.0
wet_low_load,3120.0,0.8794821371535255,1.2140052920034524e-07,4.414564698194372e-10,4.94028532992118e-05,0.0
wet_low_load,3130.0,0.8795600066949776,1.189393404433648e-07,4.325066925213265e-10,4.9407227438685835e-05,0.0
wet_low_load,3140.0,0.8796362975642343,1.1652804809241866e-07,4.2373835669970415e-10,4.941151289993938e-05,0.0
wet_low_load,3150.0,0.8797110417661831,1.1416564058294288e-07,4.1514778393797404e-10,4.9415711480772186e-05,0.0
wet_low_load,3160.0,0.8797842706568672,1.118511268581025e-07,4.0673137039309996e-10,4.941982494253667e-05,0.0
wet_low_load,3170.0,0.8798560149566381,1.0958353595309488e-07,3.9848558528398136e-10,4.942385501087679e-05,0.0
wet_low_load,3180.0,0.8799263047630465,1.0736191658772264e-07,3.9040696940990046e-10,4.942780337645207e-05,0.0
wet_low_load,3190.0,0.8799951695634649,1.0518533676740891e-07,3.824921336996687e-10,4.9431671695646784e-05,0.0
wet_low_load,3200.0,0.8800626382474611,1.0305288339214427e-07,3.7473775778961545e-10,4.9435461591264835e-05,0.0
wet_low_load,3210.0,0.8801287391189144,1.0096366187351349e-07,3.671405886309581e-10,4.9439174653210506e-05,0.0
wet_low_load,3220.0,0.8801934999078926,9.891679575931512e-08,3.5969743912478225e-10,4.944281243915552e-05,0.0
wet_low_load,3230.0,0.8802569477822834,9.691142636593139e-08,3.52405186785205e-10,4.944637647519247e-05,0.0
wet_low_load,3240.0,0.8803191093591916,9.494671241809268e-08,3.452607724294279e-10,4.944986825647502e-05,0.0
wet_low_load,3250.0,0.8803800107161054,9.302182969596302e-08,3.382611988944109e-10,4.945328924784509e-05,0.0
wet_low_load,3260.0,0.880439677401837,9.113597068933966e-08,3.3140352977941685e-10,4.94566408844475e-05,0.0
wet_low_load,3270.0,0.8804981344472396,8.928834425892548e-08,3.2468488821427446e-10,4.945992457233191e-05,0.0
wet_low_load,3280.0,0.8805554063757084,8.747817530441997e-08,3.181024556524362e-10,4.946314168904274e-05,0.0
wet_low_load,3290.0,0.8806115172134692,8.570470443934921e-08,3.116534706885425e-10,4.946629358419704e-05,0.0
wet_low_load,3300.0,0.8806664904996561,8.396718767253065e-08,3.053352279001114e-10,4.946938158005067e-05,0.0
wet_low_load,3310.0,0.8807203492961879,8.226489609591523e-08,2.9914507671241894e-10,4.9472406972053e-05,0.0
wet_low_load,3320.0,0.8807731161974426,8.059711557882201e-08,2.9308042028662547e-10,4.9475371029390395e-05,0.0
wet_low_load,3330.0,0.8808248133397352,7.89631464683596e-08,2.8713871443039854e-10,4.9478274995518615e-05,0.0
wet_low_load,3340.0,0.8808754624106051,7.736230329589364e-08,2.8131746653052225e-10,4.948112008868449e-05,0.0
wet_low_load,3350.0,0.8809250846579133,7.57939144895172e-08,2.7561423450733525e-10,4.9483907502436954e-05,0.0
wet_low_load,3360.0,0.8809737008987569,7.425732209228705e-08,2.700266257901347e-10,4.948663840612777e-05,0.0
wet_low_load,3370.0,0.8810213315282023,7.275188148620602e-08,2.6455229631347644e-10,4.9489313945402105e-05,0.0
wet_low_load,3380.0,0.8810679965278395,7.127696112183746e-08,2.591889495339544e-10,4.94919352426791e-05,0.0
wet_low_load,3390.0,0.881113715474167,6.983194225330667e-08,2.5393433546656967e-10,4.9494503397622785e-05,0.0
wet_low_load,3400.0,0.8811585075468029,6.84162186787506e-08,2.4878624974091123e-10,4.9497019487603375e-05,0.0
wet_low_load,3410.0,0.8812023915365306,6.702919648605374e-08,2.4374253267655905e-10,4.9499484568149205e-05,0.0
wet_low_load,3420.0,0.8812453858531833,6.567029380360957e-08,2.38801068376762e-10,4.9501899673389626e-05,0.0
wet_low_load,3430.0,0.8812875085333661,6.433894055628611e-08,2.3395978384104036e-10,4.950426581648876e-05,0.0
wet_low_load,3440.0,0.8813287772480218,6.303457822627039e-08,2.2921664809552865e-10,4.9506583990070525e-05,0.0
wet_low_load,3450.0,0.8813692093098459,6.175665961872241e-08,2.2456967134080876e-10,4.950885516663511e-05,0.0
wet_low_load,3460.0,0.8814088216805479,6.050464863225379e-08,2.2001690411728646e-10,4.951108029896692e-05,0.0
wet_low_load,3470.0,0.881447630977968,5.927802003401759e-08,2.1555643648733663e-10,4.9513260320534265e-05,0.0
wet_low_load,3480.0,0.8814856534830479,5.807625923936292e-08,2.1118639723404696e-10,4.9515396145880994e-05,0.0
wet_low_load,3490.0,0.8815229051466609,5.689886209596686e-08,2.0690495307624314e-10,4.951748867101014e-05,0.0
wet_low_load,3500.0,0.8815594015963036,5.574533467233629e-08,2.0271030789940464e-10,4.951953877375978e-05,0.0
wet_low_load,3510.0,0.8815951581426515,5.461519305060665e-08,1.9860070200220596e-10,4.9521547314171336e-05,0.0
wet_low_load,3520.0,0.881630189785983,5.350796312349971e-08,1.9457441135818073e-10,4.952351513485037e-05,0.0
wet_low_load,3530.0,0.8816645112224704,5.2423180395477496e-08,1.906297468926454e-10,4.9525443061320025e-05,0.0
wet_low_load,3540.0,0.8816981368503463,5.136038978786117e-08,1.867650537740406e-10,4.9527331902367354e-05,0.0
wet_low_load,3550.0,0.8817310807759445,5.0319145447887794e-08,1.8297871071959196e-10,4.952918245038269e-05,0.0
wet_low_load,3560.0,0.8817633568196167,4.9299010561711706e-08,1.7926912931531528e-10,4.9530995481691974e-05,0.0
wet_low_load,3570.0,0.8817949785215297,4.82995571711625e-08,1.756347533496818e-10,4.953277175688243e-05,0.0
wet_low_load,3580.0,0.8818259591473475,4.7320365994159635e-08,1.7207405816058045e-10,4.953451202112174e-05,0.0
wet_low_load,3590.0,0.8818563116937952,4.6361026248865866e-08,1.6858554999587584e-10,4.953621700447053e-05,0.0
wet_low_load,3600.0,0.8818860488941106,4.5421135481364304e-08,1.6516776538677927e-10,4.95378874221887e-05,0.0
wet_low_load,3610.0,0.881915183223388,4.450029939677107e-08,1.6181927053371295e-10,4.9539523975035494e-05,0.0
wet_low_load,3620.0,0.8819437269038097,4.3598131693882604e-08,1.5853866070502762e-10,4.9541127349563436e-05,0.0
wet_low_load,3630.0,0.8819716919097744,4.2714253903083194e-08,1.5532455964757524e-10,4.9542698218406385e-05,0.0
wet_low_load,3640.0,0.8819990899729198,4.1848295227600006e-08,1.5217561900945457e-10,4.954423724056167e-05,0.0
wet_low_load,3650.0,0.8820259325870449,4.099989238791752e-08,1.490905177742455e-10,4.954574506166658e-05,0.0
wet_low_load,3660.0,0.8820522310129321,4.0168689469382756e-08,1.4606796170684638e-10,4.954722231426924e-05,0.0
wet_low_load,3670.0,0.8820779962830698,3.935433777292842e-08,1.4310668281064876e-10,4.9548669618093905e-05,0.0
wet_low_load,3680.0,0.8821032392062821,3.855649566875219e-08,1.402054387954625e-10,4.9550087580301e-05,0.0
wet_low_load,3690.0,0.8821279703722622,3.777482845301825e-08,1.3736301255642999e-10,4.955147679574179e-05,0.0
wet_low_load,3700.0,0.8821522001560154,3.7009008207447143e-08,1.3457821166344414e-10,4.955283784720795e-05,0.0
wet_low_load,3710.0,0.882175938722212,3.625871366171614e-08,1.3184986786078593e-10,4.9554171305676066e-05,0.0
wet_low_load,3720.0,0.8821991960294502,3.5523630058745416e-08,1.2917683657725605e-10,4.955547773054712e-05,0.0
wet_low_load,3730.0,0.8822219818344349,3.480344902259988e-08,1.2655799644581773e-10,4.95567576698812e-05,0.0
wet_low_load,3740.0,0.8822443056960704,3.409786842914725e-08,1.239922488332627e-10,4.955801166062741e-05,0.0
wet_low_load,3750.0,0.8822661769794706,3.340659227929869e-08,1.2147851737926797e-10,4.955924022884914e-05,0.0
wet_low_load,3760.0,0.8822876048598874,3.27293305748584e-08,1.190157475449396e-10,4.956044388994472e-05,0.0
wet_low_load,3770.0,0.8823085983265609,3.206579919682018e-08,1.1660290617025517e-10,4.956162314886369e-05,0.0
wet_low_load,3780.0,0.8823291661864887,3.1415719786239045e-08,1.1423898104086923e-10,4.9562778500318556e-05,0.0
wet_low_load,3790.0,0.8823493170681221,3.0778819627401664e-08,1.1192298046327878e-10,4.956391042899241e-05,0.0
wet_low_load,3800.0,0.882369059424985,3.015483153345488e-08,1.0965393284892682e-10,4.956501940974219e-05,0.0
wet_low_load,3810.0,0.8823884015392208,2.954349373428736e-08,1.0743088630649948e-10,4.956610590779794e-05,0.0
wet_low_load,3820.0,0.8824073515250661,2.894454976675326e-08,1.0525290824273911e-10,4.9567170378957946e-05,0.0
wet_low_load,3830.0,0.882425917332256,2.83577483670296e-08,1.0311908497101671e-10,4.956821326977998e-05,0.0
wet_low_load,3840.0,0.8824441067493574,2.778284336526315e-08,1.0102852132822963e-10,4.956923501776859e-05,0.0
wet_low_load,3850.0,0.8824619274070378,2.7219593582265437e-08,9.898034029914703e-11,4.957023605155869e-05,0.0
wet_low_load,3860.0,0.8824793867812656,2.666776272835076e-08,9.69736826485482e-11,4.957121679109533e-05,0.0
wet_low_load,3870.0,0.8824964921964472,2.6127119304189292e-08,9.500770656068832e-11,4.9572177647809914e-05,0.0
wet_low_load,3880.0,0.8825132508284985,2.5597436503726928e-08,9.308158728627972e-11,4.957311902479274e-05,0.0
wet_low_load,3890.0,0.8825296697078561,2.5078492119010133e-08,9.119451679640048e-11,4.9574041316962164e-05,0.0
wet_low_load,3900.0,0.8825457557224269,2.457006844695472e-08,8.934570344347169e-11,4.9574944911230244e-05,0.0
wet_low_load,3910.0,0.882561515620477,2.407195219804839e-08,8.753437162926686e-11,4.957583018666506e-05,0.0
wet_low_load,3920.0,0.8825769560134628,2.358393440686511e-08,8.575976147950949e-11,4.957669751464971e-05,0.0
wet_low_load,3930.0,0.8825920833788045,2.310581034439549e-08,8.402112852507451e-11,4.957754725903815e-05,0.0
wet_low_load,3940.0,0.882606904062604,2.263737943215427e-08,8.231774338965187e-11,4.957837977630782e-05,0.0
wet_low_load,3950.0,0.882621424282307,2.217844515803774e-08,8.064889148377358e-11,4.957919541570919e-05,0.0
wet_low_load,3960.0,0.8826356501293108,2.1728814993904075e-08,7.901387270510572e-11,4.957999451941225e-05,0.0
wet_low_load,3970.0,0.8826495875715197,2.1288300314789235e-08,7.741200114468811e-11,4.958077742265011e-05,0.0
wet_low_load,3980.0,0.8826632424558495,2.0856716319766996e-08,7.58426047991527e-11,4.958154445385957e-05,0.0
wet_low_load,3990.0,0.8826766205106794,2.0433881954446282e-08,7.430502528889556e-11,4.958229593481896e-05,0.0
wet_low_load,4000.0,0.8826897273482553,2.0019619835010093e-08,7.279861758185488e-11,4.9583032180783066e-05,0.0
wet_low_load,4010.0,0.8827025684670453,1.9613756173768936e-08,7.132274972279613e-11,4.9583753500615475e-05,0.0
wet_low_load,4020.0,0.8827151492540439,1.921612070632446e-08,6.987680256845258e-11,4.958446019691802e-05,0.0
wet_low_load,4030.0,0.8827274749870346,1.882654662006971e-08,6.84601695275262e-11,4.958515256615785e-05,0.0
wet_low_load,4040.0,0.882739550836803,1.844487048423183e-08,6.707225630629755e-11,4.9585830898791754e-05,0.0
wet_low_load,4050.0,0.8827513818693051,1.8070932181337785e-08,6.571248065941012e-11,4.958649547938798e-05,0.0
wet_low_load,4060.0,0.8827629730477936,1.7704574840020072e-08,6.438027214552753e-11,4.958714658674564e-05,0.0
wet_low_load,4070.0,0.8827743292348996,1.7345644769207356e-08,6.307507188802675e-11,4.9587784494011674e-05,0.0
wet_low_load,4080.0,0.882785455194673,1.699399139364916e-08,6.179633234054239e-11,4.9588409468795446e-05,0.0
wet_low_load,4090.0,0.8827963555945804,1.6649467190753467e-08,6.054351705728533e-11,4.958902177328098e-05,0.0
wet_low_load,4100.0,0.8828070350074638,1.6311927628688097e-08,5.93161004679567e-11,4.9589621664336995e-05,0.0
wet_low_load,4110.0,0.8828174979134578,1.5981231105793284e-08,5.811356765743011e-11,4.959020939362457e-05,0.0
wet_low_load,4120.0,0.8828277487018705,1.565723889110641e-08,5.6935414149477845e-11,4.959078520770284e-05,0.0
wet_low_load,4130.0,0.8828377916730247,1.5339815066202184e-08,5.5781145695280656e-11,4.9591349348132366e-05,0.0
wet_low_load,4140.0,0.8828476310400606,1.502882646818224e-08,5.465027806611723e-11,4.959190205157647e-05,0.0
wet_low_load,4150.0,0.8828572709307047,1.4724142633793838e-08,5.35423368501594e-11,4.9592443549900526e-05,0.0
wet_low_load,4160.0,0.8828667153890007,1.442563574469882e-08,5.245685725345025e-11,4.959297407026926e-05,0.0
wet_low_load,4170.0,0.8828759683770067,1.4133180573858128e-08,5.139338390493864e-11,4.9593493835241984e-05,0.0
wet_low_load,4180.0,0.8828850337764557,1.3846654433015757e-08,5.0351470665511834e-11,4.9594003062866014e-05,0.0
wet_low_load,4190.0,0.8828939153903866,1.3565937121173741e-08,4.9330680440631775e-11,4.959450196676816e-05,0.0
wet_low_load,4200.0,0.8829026169447373,1.3290910874240282e-08,4.833058499723738e-11,4.959499075624426e-05,0.0
wet_low_load,4210.0,0.8829111420899083,1.3021460315584196e-08,4.735076478394252e-11,4.9595469636347046e-05,0.0
wet_low_load,4220.0,0.8829194944022949,1.2757472407637152e-08,4.6390808755044184e-11,4.959593880797216e-05,0.0
wet_low_load,4230.0,0.8829276773857879,1.2498836404444573e-08,4.5450314197980254e-11,4.959639846794247e-05,0.0
wet_low_load,4240.0,0.8829356944732414,1.2245443805281271e-08,4.4528886564659164e-11,4.959684880909054e-05,0.0
wet_low_load,4250.0,0.8829435490279148,1.199718830906413e-08,4.362613930568774e-11,4.9597290020339605e-05,0.0
wet_low_load,4260.0,0.8829512443448834,1.1753965769786315e-08,4.274169370831387e-11,4.9597722286782806e-05,0.0
wet_low_load,4270.0,0.88295878365242,1.1515674152826466e-08,4.187517873755078e-11,4.959814578976083e-05,0.0
wet_low_load,4280.0,0.8829661701133497,1.128221349214982e-08,4.1026230880544794e-11,4.9598560706937994e-05,0.0
wet_low_load,4290.0,0.8829734068263774,1.1053485848334333e-08,4.0194493993943023e-11,4.959896721237679e-05,0.0
wet_low_load,4300.0,0.8829804968273857,1.0829395267560742e-08,3.9379619154766323e-11,4.9599365476610825e-05,0.0
wet_low_load,4310.0,0.8829874430907112,1.0609847741261602e-08,3.8581264513678543e-11,4.959975566671652e-05,0.0
wet_low_load,4320.0,0.8829942485303902,1.0394751166760516e-08,3.779909515185642e-11,4.9600137946383035e-05,0.0
wet_low_load,4330.0,0.883000916001382,1.0184015308600846e-08,3.7032782940366706e-11,4.9600512475981044e-05,0.0
wet_low_load,4340.0,0.8830074483007668,9.9775517606791e-09,3.628200640246945e-11,4.960087941262999e-05,0.0
wet_low_load,4350.0,0.8830138481689184,9.775273909198261e-09,3.554645057890277e-11,4.960123891026396e-05,0.0
wet_low_load,4360.0,0.883020118290654,9.577096896302112e-09,3.482580689564404e-11,4.960159111969629e-05,0.0
wet_low_load,4370.0,0.8830262612963612,9.3829375844736e-09,3.4119773034449454e-11,4.960193618868286e-05,0.0
wet_low_load,4380.0,0.8830322797631008,9.1927145216735e-09,3.3428052806085447e-11,4.9602274261984024e-05,0.0
wet_low_load,4390.0,0.8830381762156881,9.006347907162634e-09,3.2750356026045935e-11,4.9602605481425384e-05,0.0
wet_low_load,4400.0,0.8830439531277519,8.823759558031367e-09,3.208639839284133e-11,4.960292998595726e-05,0.0
wet_low_load,4410.0,0.8830496129227727,8.644872876378769e-09,3.1435901368650064e-11,4.9603247911713e-05,0.0
wet_low_load,4420.0,0.8830551579750986,8.469612817223626e-09,3.0798592062631364e-11,4.960355939206607e-05,0.0
wet_low_load,4430.0,0.8830605906109421,8.297905856972785e-09,3.017420311626467e-11,4.9603864557686e-05,0.0
wet_low_load,4440.0,0.883065913109356,8.129679962598477e-09,2.956247259126718e-11,4.9604163536593265e-05,0.0
wet_low_load,4450.0,0.8830711277031887,7.964864561428037e-09,2.8963143859738313e-11,4.960445645421291e-05,0.0
wet_low_load,4460.0,0.8830762365800217,7.803390511529939e-09,2.83759654964725e-11,4.960474343342719e-05,0.0
wet_low_load,4470.0,0.8830812418830866,7.645190072707152e-09,2.780069117348055e-11,4.960502459462717e-05,0.0
wet_low_load,4480.0,0.8830861457121655,7.490196878062245e-09,2.7237079556589977e-11,4.9605300055763165e-05,0.0
wet_low_load,4490.0,0.8830909501244701,7.338345906197765e-09,2.6684894204355503e-11,4.960556993239425e-05,0.0
wet_low_load,4500.0,0.8830956571355062,7.189573453902814e-09,2.61439034687375e-11,4.960583433773675e-05,0.0
wet_low_load,4510.0,0.8831002687199182,7.043817109444404e-09,2.5613880397979647e-11,4.960609338271169e-05,0.0
wet_low_load,4520.0,0.8831047868123186,6.901015726367881e-09,2.5094602641337745e-11,4.960634717599142e-05,0.0
wet_low_load,4530.0,0.8831092133080984,6.761109397873334e-09,2.458585235590303e-11,4.960659582404509e-05,0.0
wet_low_load,4540.0,0.8831135500642231,6.624039431661254e-09,2.408741611513183e-11,4.960683943118339e-05,0.0
wet_low_load,4550.0,0.8831177989000109,6.489748325330465e-09,2.3599084819383507e-11,4.960707809960228e-05,0.0
wet_low_load,4560.0,0.8831219615978966,6.35817974223599e-09,2.3120653608130868e-11,4.960731192942587e-05,0.0
wet_low_load,4570.0,0.8831260399041795,6.229278487857677e-09,2.2651921774027913e-11,4.9607541018748425e-05,0.0
wet_low_load,4580.0,0.8831300355297556,6.102990486650791e-09,2.2192692678730146e-11,4.960776546367554e-05,0.0
wet_low_load,4590.0,0.883133950150835,5.979262759366706e-09,2.174277367042438e-11,4.96079853583644e-05,0.0
wet_low_load,4600.0,0.8831377854096462,5.858043400806431e-09,2.1301976002932472e-11,4.960820079506335e-05,0.0
wet_low_load,4610.0,0.8831415429151235,5.739281558079816e-09,2.0870114756653878e-11,4.9608411864150515e-05,0.0
wet_low_load,4620.0,0.8831452242435835,5.6229274092340655e-09,2.0447008760851144e-11,4.96086186541718e-05,0.0
wet_low_load,4630.0,0.8831488309393851,5.508932142392159e-09,2.0032480517789668e-11,4.960882125187794e-05,0.0
wet_low_load,4640.0,0.8831523645155782,5.39724793524026e-09,1.9626356128146398e-11,4.9609019742260986e-05,0.0
wet_low_load,4650.0,0.8831558264545383,5.287827934980982e-09,1.922846521811266e-11,4.9609214208589925e-05,0.0
wet_low_load,4660.0,0.8831592182085882,5.180626238675453e-09,1.8838640867910737e-11,4.960940473244558e-05,0.0
wet_low_load,4670.0,0.8831625412006073,5.075597873997029e-09,1.8456719541807375e-11,4.9609591393754896e-05,0.0
wet_low_load,4680.0,0.8831657968246286,4.972698780350931e-09,1.8082541019457928e-11,4.9609774270824395e-05,0.0
wet_low_load,4690.0,0.8831689864464232,4.871885790400455e-09,1.7715948328728928e-11,4.9609953440373086e-05,0.0
wet_low_load,4700.0,0.8831721114040736,4.773116611954024e-09,1.7356787679832812e-11,4.961012897756463e-05,0.0
wet_low_load,4710.0,0.8831751730085354,4.676349810207135e-09,1.7004908400753215e-11,4.961030095603889e-05,0.0
wet_low_load,4720.0,0.8831781725441864,4.58154479039259e-09,1.6660162874154872e-11,4.961046944794279e-05,0.0
wet_low_load,4730.0,0.8831811112693657,4.488661780728872e-09,1.6322406475377713e-11,4.961063452396058e-05,0.0
wet_low_load,4740.0,0.8831839904169024,4.397661815724279e-09,1.5991497511724648e-11,4.961079625334356e-05,0.0
wet_low_load,4750.0,0.8831868111946314,4.308506719868153e-09,1.5667297163156916e-11,4.961095470393903e-05,0.0
wet_low_load,4760.0,0.8831895747859011,4.221159091577063e-09,1.534966942391659e-11,4.961110994221881e-05,0.0
wet_low_load,4770.0,0.8831922823500691,4.135582287543331e-09,1.5038481045612108e-11,4.9611262033307124e-05,0.0
wet_low_load,4780.0,0.8831949350229898,4.051740407306326e-09,1.473360148111391e-11,4.961141104100793e-05,0.0
wet_low_load,4790.0,0.8831975339174896,3.969598278253208e-09,1.4434902830011664e-11,4.961155702783163e-05,0.0
wet_low_load,4800.0,0.8832000801238339,3.889121440830573e-09,1.4142259784838445e-11,4.961170005502137e-05,0.0
wet_low_load,4810.0,0.8832025747101856,3.8102761340822196e-09,1.3855549578480797e-11,4.961184018257868e-05,0.0
wet_low_load,4820.0,0.8832050187230522,3.733029281498612e-09,1.3574651932722223e-11,4.961197746928867e-05,0.0
wet_low_load,4830.0,0.8832074131877246,3.6573484771611176e-09,1.3299449007858607e-11,4.9612111972744674e-05,0.0
wet_low_load,4840.0,0.8832097591087079,3.5832019721047744e-09,1.3029825353108267e-11,4.961224374937242e-05,0.0
wet_low_load,4850.0,0.8832120574701429,3.5105586610274987e-09,1.2765667858281811e-11,4.961237285445369e-05,0.0
wet_low_load,4860.0,0.883214309236218,3.4393880692373067e-09,1.2506865706317476e-11,4.961249934214955e-05,0.0
wet_low_load,4870.0,0.8832165153515751,3.369660339856188e-09,1.2253310326749773e-11,4.961262326552302e-05,0.0
wet_low_load,4880.0,0.8832186767417043,3.301346221316205e-09,1.2004895350240743e-11,4.961274467656137e-05,0.0
wet_low_load,4890.0,0.8832207943133338,3.234417055053798e-09,1.1761516563831991e-11,4.961286362619791e-05,0.0
wet_low_load,4900.0,0.8832228689548086,3.1688447635335875e-09,1.1523071867394862e-11,4.961298016433336e-05,0.0
wet_low_load,4910.0,0.8832249015364644,3.104601838436498e-09,1.1289461230678174e-11,4.9613094339856796e-05,0.0
wet_low_load,4920.0,0.8832268929109924,3.041661329118089e-09,1.1060586651338504e-11,4.961320620066615e-05,0.0
wet_low_load,4930.0,0.883228843913797,2.979996831320992e-09,1.0836352113894515e-11,4.96133157936883e-05,0.0
wet_low_load,4940.0,0.8832307553633459,2.9195824760838625e-09,1.0616663549395862e-11,4.961342316489877e-05,0.0
wet_low_load,4950.0,0.883232628061514,2.860392918901052e-09,1.0401428796003824e-11,4.961352835934101e-05,0.0
wet_low_load,4960.0,0.8832344627939195,2.802403329080486e-09,1.0190557560292676e-11,4.961363142114527e-05,0.0
wet_low_load,4970.0,0.8832362603302534,2.7455893793285464e-09,9.983961379376531e-12,4.961373239354715e-05,0.0
wet_low_load,4980.0,0.8832380214246027,2.6899272355458662e-09,9.781553583803149e-12,4.961383131890574e-05,0.0
wet_low_load,4990.0,0.8832397468157668,2.6353935468255644e-09,9.583249261183869e-12,4.961392823872134e-05,0.0
wet_low_load,5000.0,0.8832414372275663,2.5819654356776383e-09,9.388965220645956e-12,4.9614023193652914e-05,0.0
wet_low_load,5010.0,0.8832430933691485,2.5296204883973526e-09,9.198619957808554e-12,4.9614116223535126e-05,0.0
wet_low_load,5020.0,0.883244715935284,2.478336745670796e-09,9.012133620621077e-12,4.9614207367395095e-05,0.0
wet_low_load,5030.0,0.883246305606657,2.428092693407445e-09,8.829427976027071e-12,4.961429666346868e-05,0.0
wet_low_load,5040.0,0.8832478630501532,2.378867253637099e-09,8.650426376862178e-12,4.961438414921662e-05,0.0
wet_low_load,5050.0,0.8832493889191376,2.330639775743091e-09,8.475053729974875e-12,4.961446986134016e-05,0.0
wet_low_load,5060.0,0.8832508838537301,2.283390027731918e-09,8.303236464479702e-12,4.9614553835796536e-05,0.0
wet_low_load,5070.0,0.8832523484810721,2.23709818781204e-09,8.13490250113469e-12,4.961463610781397e-05,0.0
wet_low_load,5080.0,0.883253783415592,2.1917448360209583e-09,7.969981221894393e-12,4.961471671190652e-05,0.0
wet_low_load,5090.0,0.8832551892592607,2.147310946120806e-09,7.808403440439292e-12,4.96147956818885e-05,0.0
wet_low_load,5100.0,0.8832565666018459,2.103777877580332e-09,7.650101373019389e-12,4.961487305088874e-05,0.0
wet_low_load,5110.0,0.8832579160211583,2.0611273677889768e-09,7.495008610141733e-12,4.96149488513644e-05,0.0
wet_low_load,5120.0,0.8832592380832948,2.0193415243700456e-09,7.343060088618347e-12,4.9615023115114645e-05,0.0
wet_low_load,5130.0,0.8832605333428751,1.978402817692939e-09,7.19419206433796e-12,4.9615095873293955e-05,0.0
wet_low_load,5140.0,0.8832618023432761,1.938294073487872e-09,7.048342085410442e-12,4.961516715642524e-05,0.0
wet_low_load,5150.0,0.8832630456168576,1.898998465684211e-09,6.905448966124402e-12,4.961523699441258e-05,0.0
wet_low_load,5160.0,0.8832642636851866,1.860499509345371e-09,6.765452761255893e-12,4.9615305416553774e-05,0.0
wet_low_load,5170.0,0.8832654570592569,1.8227810537112878e-09,6.628294740768319e-12,4.9615372451552705e-05,0.0
wet_low_load,5180.0,0.8832666262397025,1.7858272754543416e-09,6.493917365288514e-12,4.9615438127531324e-05,0.0
wet_low_load,5190.0,0.8832677717170078,1.7496226720564059e-09,6.362264262023293e-12,4.961550247204144e-05,0.0
wet_low_load,5200.0,0.8832688939717137,1.7141520552629773e-09,6.2332802009562806e-12,4.9615565512076313e-05,0.0
wet_low_load,5210.0,0.8832699934746188,1.6794005447532984e-09,6.106911071830175e-12,4.961562727408196e-05,0.0
wet_low_load,5220.0,0.8832710706869767,1.6453535618773956e-09,5.983103861372347e-12,4.961568778396823e-05,0.0
wet_low_load,5230.0,0.8832721260606908,1.6119968235286434e-09,5.861806631013248e-12,4.9615747067119726e-05,0.0
wet_low_load,5240.0,0.8832731600385022,1.579316336179805e-09,5.74296849519929e-12,4.9615805148406394e-05,0.0
wet_low_load,5250.0,0.8832741730541762,1.5472983899970005e-09,5.626539599989092e-12,4.9615862052194e-05,0.0
wet_low_load,5260.0,0.8832751655326845,1.5159295530866592e-09,5.512471102133306e-12,4.961591780235432e-05,0.0
wet_low_load,5270.0,0.883276137890383,1.4851966658669855e-09,5.40071514860722e-12,4.961597242227518e-05,0.0
wet_low_load,5280.0,0.883277090535187,1.4550868355359868e-09,5.291224856494497e-12,4.961602593487028e-05,0.0
wet_low_load,5290.0,0.8832780238667417,1.425587430683497e-09,5.183954293394534e-12,4.961607836258874e-05,0.0
wet_low_load,5300.0,0.8832789382765901,1.3966860759794328e-09,5.078858458107027e-12,4.961612972742458e-05,0.0
wet_low_load,5310.0,0.8832798341483381,1.3683706469577646e-09,4.975893261664598e-12,4.961618005092595e-05,0.0
wet_low_load,5320.0,0.8832807118578136,1.3406292649902236e-09,4.875015509055358e-12,4.961622935420413e-05,0.0
wet_low_load,5330.0,0.8832815717732257,1.3134502922523844e-09,4.77618288091776e-12,4.961627765794239e-05,0.0
wet_low_load,5340.0,0.8832824142553193,1.286822326838826e-09,4.679353915777548e-12,4.961632498240472e-05,0.0
wet_low_load,5350.0,0.8832832396575246,1.2607341980282183e-09,4.584487992829884e-12,4.9616371347444264e-05,0.0
wet_low_load,5360.0,0.8832840483261074,1.2351749615551833e-09,4.49154531474612e-12,4.9616416772511665e-05,0.0
wet_low_load,5370.0,0.8832848406003134,1.2101338950236122e-09,4.400486890994953e-12,4.9616461276663277e-05,0.0
wet_low_load,5380.0,0.8832856168125105,1.1856004934284023e-09,4.311274521557826e-12,4.961650487856908e-05,0.0
wet_low_load,5390.0,0.8832863772883286,1.1615644647246272e-09,4.223870780816826e-12,4.9616547596520585e-05,0.0
wet_low_load,5400.0,0.8832871223467962,1.1380157255195278e-09,4.138239001889191e-12,4.961658944843845e-05,0.0
wet_low_load,5410.0,0.8832878523004732,1.114944396863605e-09,4.054343261322199e-12,4.9616630451880026e-05,0.0
wet_low_load,5420.0,0.8832885674555842,1.092340800057807e-09,3.97214836384657e-12,4.961667062404673e-05,0.0
wet_low_load,5430.0,0.8832892681121445,1.07019545263944e-09,3.891619827779781e-12,4.9616709981791254e-05,0.0
wet_low_load,5440.0,0.8832899545640875,1.0484990643850199e-09,3.812723870490981e-12,4.96167485416246e-05,0.0
wet_low_load,5450.0,0.8832906270993878,1.0272425334139206e-09,3.735427394232438e-12,4.9616786319723066e-05,0.0
wet_low_load,5460.0,0.8832912860001815,1.0064169423657142e-09,3.6596979722389595e-12,4.961682333193499e-05,0.0
wet_low_load,5470.0,0.8832919315428849,9.860135546715322e-10,3.585503835169207e-12,4.961685959378743e-05,0.0
wet_low_load,5480.0,0.8832925639983106,9.660238108770953e-10,3.512813857734892e-12,4.961689512049263e-05,0.0
wet_low_load,5490.0,0.8832931836317809,9.46439325054682e-10,3.441597545653389e-12,4.961692992695445e-05,0.0
wet_low_load,5500.0,0.8832937907032387,9.272518813031885e-10,3.371825022920685e-12,4.961696402777459e-05,0.0
wet_low_load,5510.0,0.8832943854673578,9.084534302549642e-10,3.3034670191089604e-12,4.9616997437258744e-05,0.0
wet_low_load,5520.0,0.8832949681736486,8.900360857486673e-10,3.2364948572678807e-12,4.961703016942257e-05,0.0
wet_low_load,5530.0,0.8832955390665626,8.719921215097419e-10,3.1708804418536064e-12,4.9617062237997575e-05,0.0
wet_low_load,5540.0,0.8832960983855961,8.54313967880024e-10,3.1065962468364505e-12,4.96170936564369e-05,0.0
wet_low_load,5550.0,0.8832966463653897,8.369942086769436e-10,3.0436153042797945e-12,4.961712443792092e-05,0.0
wet_low_load,5560.0,0.8832971832358272,8.200255780679727e-10,2.9819111929744457e-12,4.9617154595362834e-05,0.0
wet_low_load,5570.0,0.883297709222132,8.034009575077545e-10,2.9214580273009253e-12,4.9617184141414034e-05,0.0
wet_low_load,5580.0,0.883298224544961,7.871133727963578e-10,2.86223044653221e-12,4.9617213088469405e-05,0.0
wet_low_load,5590.0,0.8832987294204981,7.711559910968739e-10,2.8042036039886324e-12,4.9617241448672575e-05,0.0
wet_low_load,5600.0,0.8832992240605447,7.555221180995507e-10,2.7473531567256386e-12,4.9617269233920995e-05,0.0
wet_low_load,5610.0,0.8832997086726075,7.402051952274305e-10,2.6916552553724742e-12,4.961729645587086e-05,0.0
wet_low_load,5620.0,0.8833001834599872,7.251987968470708e-10,2.6370865339893478e-12,4.961732312594211e-05,0.0
wet_low_load,5630.0,0.883300648621862,7.104966276156371e-10,2.583624100420498e-12,4.961734925532313e-05,0.0
wet_low_load,5640.0,0.883301104353373,6.960925197949612e-10,2.5312455265271313e-12,4.961737485497551e-05,0.0
wet_low_load,5650.0,0.8833015508457044,6.819804307070548e-10,2.4799288389347444e-12,4.9617399935638564e-05,0.0
wet_low_load,5660.0,0.8833019882861649,6.681544401692928e-10,2.4296525097065187e-12,4.961742450783394e-05,0.0
wet_low_load,5670.0,0.883302416858266,6.546087480126077e-10,2.380395447318573e-12,4.961744858186995e-05,0.0
wet_low_load,5680.0,0.8833028367417985,6.413376716699862e-10,2.3321369878908587e-12,4.961747216784592e-05,0.0
wet_low_load,5690.0,0.8833032481129081,6.283356437802133e-10,2.2848568864735026e-12,4.9617495275656434e-05,0.0
wet_low_load,5700.0,0.8833036511441696,6.155972098407437e-10,2.238535308511795e-12,4.9617517914995487e-05,0.0
wet_low_load,5710.0,0.8833040460046598,6.031170259207134e-10,2.1931528215298665e-12,4.961754009536055e-05,0.0
wet_low_load,5720.0,0.8833044328600267,5.908898564561122e-10,2.1486903871131348e-12,4.9617561826056526e-05,0.0
wet_low_load,5730.0,0.8833048118725604,5.789105720110761e-10,2.105129352767549e-12,4.961758311619968e-05,0.0
wet_low_load,5740.0,0.8833051832012612,5.671741471331999e-10,2.062451444120727e-12,4.9617603974721476e-05,0.0
wet_low_load,5750.0,0.8833055470019056,5.556756582630597e-10,2.0206387573202167e-12,4.961762441037231e-05,0.0
wet_low_load,5760.0,0.8833059034271122,5.444102816462766e-10,1.9796737514410055e-12,4.961764443172516e-05,0.0
wet_low_load,5770.0,0.8833062526264055,5.333732913353662e-10,1.9395392412195133e-12,4.961766404717922e-05,0.0
wet_low_load,5780.0,0.8833065947462784,5.225600571881999e-10,1.9002183897752718e-12,4.961768326496339e-05,0.0
wet_low_load,5790.0,0.8833069299302542,5.119660429257577e-10,1.8616947015482093e-12,4.9617702093139746e-05,0.0
wet_low_load,5800.0,0.8833072583189462,5.015868042449395e-10,1.823952015436143e-12,4.9617720539606926e-05,0.0
wet_low_load,5810.0,0.8833075800501172,4.914179869364575e-10,1.7869744979507543e-12,4.961773861210343e-05,0.0
wet_low_load,5820.0,0.8833078952587375,4.814553250535511e-10,1.7507466365583676e-12,4.961775631821088e-05,0.0
wet_low_load,5830.0,0.8833082040770404,4.716946391594758e-10,1.7152532333071843e-12,4.961777366535719e-05,0.0
wet_low_load,5840.0,0.8833085066345784,4.621318345377222e-10,1.6804793983189894e-12,4.9617790660819676e-05,0.0
wet_low_load,5850.0,0.8833088030582785,4.5276289946322233e-10,1.6464105435026265e-12,4.961780731172815e-05,0.0
wet_low_load,5860.0,0.8833090934724934,4.4358390357858706e-10,1.6130323766494072e-12,4.961782362506784e-05,0.0
wet_low_load,5870.0,0.8833093779990554,4.345909961805586e-10,1.580330895202031e-12,4.961783960768239e-05,0.0
wet_low_load,5880.0,0.8833096567573263,4.257804046513055e-10,1.5482923805502016e-12,4.9617855266276674e-05,0.0
wet_low_load,5890.0,0.8833099298642484,4.1714843284906003e-10,1.5169033921784e-12,4.961787060741964e-05,0.0
wet_low_load,5900.0,0.8833101974343933,4.0869145955635373e-10,1.4861507620231042e-12,4.96178856375471e-05,0.0
wet_low_load,5910.0,0.8833104595800096,4.0040593698161626e-10,1.4560215890240589e-12,4.961790036296434e-05,0.0
wet_low_load,5920.0,0.8833107164110706,3.922883892480686e-10,1.4265032336293403e-12,4.961791478984886e-05,0.0
wet_low_load,5930.0,0.8833109680353197,3.8433541095461395e-10,1.3975833125622323e-12,4.961792892425289e-05,0.0
wet_low_load,5940.0,0.8833112145583162,3.7654366573672894e-10,1.3692496935881051e-12,4.961794277210598e-05,0.0
wet_low_load,5950.0,0.883311456083479,3.689098848730943e-10,1.3414904904476154e-12,4.961795633921745e-05,0.0
wet_low_load,5960.0,0.8833116927121308,3.6143086590747223e-10,1.3142940578453535e-12,4.961796963127885e-05,0.0
wet_low_load,5970.0,0.8833119245435402,3.54103471297689e-10,1.2876489865370508e-12,4.961798265386638e-05,0.0
wet_low_load,5980.0,0.8833121516749631,3.469246271188274e-10,1.2615440986139176e-12,4.961799541244315e-05,0.0
wet_low_load,5990.0,0.8833123742016837,3.398913217638781e-10,1.2359684427777384e-12,4.961800791236153e-05,0.0
wet_low_load,6000.0,0.8833125922170544,3.3300060468589604e-10,1.2109112897668946e-12,4.961802015886537e-05,0.0
wet_low_load,6010.0,0.883312805812535,3.262495851520146e-10,1.1863621278255074e-12,4.961803215709223e-05,0.0
wet_low_load,6020.0,0.8833130150777315,3.1963543102625947e-10,1.162310658277307e-12,4.961804391207549e-05,0.0
wet_low_load,6030.0,0.8833132201004329,3.1315536760064314e-10,1.1387467912750658e-12,4.961805542874651e-05,0.0
wet_low_load,6040.0,0.8833134209666486,3.0680667641185986e-10,1.115660641497672e-12,4.961806671193666e-05,0.0
wet_low_load,6050.0,0.8833136177606442,3.005866941121907e-10,1.0930425240443297e-12,4.961807776637937e-05,0.0
wet_low_load,6060.0,0.883313810564977,2.9449281135142017e-10,1.0708829503688004e-12,4.961808859671209e-05,0.0
wet_low_load,6070.0,0.883313999460531,2.8852247166468174e-10,1.0491726242352063e-12,4.96180992074783e-05,0.0
wet_low_load,6080.0,0.8833141845265493,2.8267317044839525e-10,1.0279024379941644e-12,4.961810960312929e-05,0.0
wet_low_load,6090.0,0.8833143658406698,2.76942453835407e-10,1.007063468492389e-12,4.9618119788026197e-05,0.0
wet_low_load,6100.0,0.8833145434789557,2.713279177310663e-10,9.866469735675137e-13,4.961812976644168e-05,0.0
wet_low_load,6110.0,0.883314717515928,2.6582720677561014e-10,9.666443882749458e-13,4.9618139542561796e-05,0.0
wet_low_load,6120.0,0.8833148880245975,2.6043801335906384e-10,9.470473213056865e-13,4.9618149120487746e-05,0.0
wet_low_load,6130.0,0.8833150550764943,2.551580766505413e-10,9.278475514565135e-13,4.961815850423757e-05,0.0
wet_low_load,6140.0,0.8833152187416987,2.499851816588854e-10,9.090370242141286e-13,4.961816769774787e-05,0.0
wet_low_load,6150.0,0.8833153790888701,2.4491715829415566e-10,8.906078483423841e-13,4.961817670487542e-05,0.0
wet_low_load,6160.0,0.883315536185276,2.399518804621498e-10,8.725522925896356e-13,4.9618185529398815e-05,0.0
wet_low_load,6170.0,0.8833156900968201,2.3508726517417237e-10,8.548627824515357e-13,4.961819417502004e-05,0.0
wet_low_load,6180.0,0.8833158408880701,2.3032127166357908e-10,8.375318969584692e-13,4.961820264536604e-05,0.0
wet_low_load,6190.0,0.8833159886222844,2.2565190055229663e-10,8.205523656447149e-13,4.9618210943990206e-05,0.0
wet_low_load,6200.0,0.8833161333614394,2.2107719298007276e-10,8.039170653820826e-13,4.9618219074373915e-05,0.0
wet_low_load,6210.0,0.8833162751662549,2.1659522980148896e-10,7.876190174599598e-13,4.961822703992796e-05,0.0
wet_low_load,6220.0,0.8833164140962194,2.122041307872085e-10,7.716513846807581e-13,4.9618234843993974e-05,0.0
wet_low_load,6230.0,0.8833165502096159,2.0790205381675394e-10,7.560074684245597e-13,4.961824248984586e-05,0.0
wet_low_load,6240.0,0.8833166835635451,2.0368719412718896e-10,7.406807059170506e-13,4.961824998069113e-05,0.0
wet_low_load,6250.0,0.8833168142139509,1.9955778352707178e-10,7.2566466737117e-13,4.961825731967228e-05,0.0
wet_low_load,6260.0,0.8833169422156424,1.9551208969002966e-10,7.109530534182895e-13,4.96182645098681e-05,0.0
wet_low_load,6270.0,0.8833170676223179,1.915484153958174e-10,6.965396923484268e-13,4.9618271554294965e-05,0.0
wet_low_load,6280.0,0.8833171904865867,1.8766509784252656e-10,6.824185376091874e-13,4.9618278455908076e-05,0.0
wet_low_load,6290.0,0.8833173108599919,1.838605079367719e-10,6.685836652246251e-13,4.961828521760274e-05,0.0
wet_low_load,6300.0,0.8833174287930317,1.801330495991243e-10,6.550292712695428e-13,4.961829184221559e-05,0.0
wet_low_load,6310.0,0.8833175443351801,1.7648115912544799e-10,6.417496695470834e-13,4.96182983325257e-05,0.0
wet_low_load,6320.0,0.8833176575349087,1.729033044965686e-10,6.287392890784313e-13,4.961830469125585e-05,0.0
wet_low_load,6330.0,0.8833177684397057,1.6939798477349176e-10,6.159926719036063e-13,4.961831092107359e-05,0.0
wet_low_load,6340.0,0.8833178770960969,1.6596372943502322e-10,6.035044706728116e-13,4.961831702459239e-05,0.0
wet_low_load,6350.0,0.883317983549665,1.6259909777044629e-10,5.912694464379865e-13,4.9618323004372745e-05,0.0
wet_low_load,6360.0,0.8833180878450686,1.5930267827050514e-10,5.792824664382004e-13,4.9618328862923254e-05,0.0
wet_low_load,6370.0,0.8833181900260606,1.5607308806158679e-10,5.675385020421337e-13,4.961833460270164e-05,0.0
wet_low_load,6380.0,0.8833182901355073,1.5290897228315188e-10,5.560326264841885e-13,4.9618340226115806e-05,0.0
wet_low_load,6390.0,0.8833183882154055,1.4980900356257427e-10,5.447600129548154e-13,4.961834573552483e-05,0.0
wet_low_load,6400.0,0.883318484306901,1.4677188142560608e-10,5.337159324567493e-13,4.9618351133239975e-05,0.0
wet_low_load,6410.0,0.8833185784503054,1.4379633175427663e-10,5.228957518337332e-13,4.961835642152566e-05,0.0
wet_low_load,6420.0,0.8833186706851127,1.408811062803667e-10,5.122949319286061e-13,4.9618361602600366e-05,0.0
wet_low_load,6430.0,0.8833187610500166,1.380249820331431e-10,5.019090255750658e-13,4.961836667863762e-05,0.0
wet_low_load,6440.0,0.8833188495829261,1.3522676083791514e-10,4.917336757742368e-13,4.961837165176687e-05,0.0
wet_low_load,6450.0,0.8833189363209816,1.3248526881120295e-10,4.817646138589198e-13,4.961837652407439e-05,0.0
wet_low_load,6460.0,0.8833190213005709,1.2979935585929407e-10,4.719976576701601e-13,4.9618381297604186e-05,0.0
wet_low_load,6470.0,0.8833191045573442,1.2716789520814006e-10,4.624287098477819e-13,4.961838597435881e-05,0.0
wet_low_load,6480.0,0.8833191861262282,1.2458978293918254e-10,4.5305375614248194e-13,4.96183905563002e-05,0.0
wet_low_load,6490.0,0.8833192660414422,1.2206393749892105e-10,4.4386886363244015e-13,4.9618395045350556e-05,0.0
wet_low_load,6500.0,0.8833193443365115,1.195892992677733e-10,4.3487017915553916e-13,4.961839944339306e-05,0.0
wet_low_load,6510.0,0.8833194210442818,1.1716483010521846e-10,4.2605392765533977e-13,4.9618403752272757e-05,0.0
wet_low_load,6520.0,0.8833194961969327,1.1478951292712776e-10,4.174164106441009e-13,4.9618407973797254e-05,0.0
wet_low_load,6530.0,0.8833195698259918,1.1246235125429591e-10,4.0895400456107594e-13,4.961841210973754e-05,0.0
wet_low_load,6540.0,0.8833196419623471,1.1018236881941778e-10,4.0066315934333736e-13,4.961841616182869e-05,0.0
wet_low_load,6550.0,0.8833197126362609,1.0794860914103087e-10,3.925403968764759e-13,4.961842013177059e-05,0.0
wet_low_load,6560.0,0.8833197818773815,1.0576013513218608e-10,3.845823095715857e-13,4.96184240212287e-05,0.0
wet_low_load,6570.0,0.8833198497147564,1.0361602870234221e-10,3.76785558917608e-13,4.961842783183467e-05,0.0
wet_low_load,6580.0,0.8833199161768442,1.0151539037450707e-10,3.691468740891166e-13,4.9618431565187095e-05,0.0
wet_low_load,6590.0,0.8833199812915263,9.945733891423707e-11,3.6166305059722565e-13,4.961843522285216e-05,0.0
wet_low_load,6600.0,0.8833200450861196,9.744101092814357e-11,3.543309488296129e-13,4.9618438806364324e-05,0.0
wet_low_load,6610.0,0.8833201075873861,9.546556055896105e-11,3.471474929416765e-13,4.961844231722687e-05,0.0
wet_low_load,6620.0,0.8833201688215463,9.353015906880688e-11,3.401096693411159e-13,4.961844575691269e-05,0.0
wet_low_load,6630.0,0.883320228814288,9.163399455373124e-11,3.332145256499317e-13,4.961844912686472e-05,0.0
wet_low_load,6640.0,0.8833202875907791,8.977627154137642e-11,3.264591692413688e-13,4.9618452428496724e-05,0.0
wet_low_load,6650.0,0.8833203451756773,8.795621068943317e-11,3.198407661433933e-13,4.961845566319377e-05,0.0
wet_low_load,6660.0,0.8833204015931396,8.617304847308545e-11,3.1335653990212887e-13,4.961845883231285e-05,0.0
wet_low_load,6670.0,0.8833204568668339,8.442603683857404e-11,3.0700377032208736e-13,4.961846193718343e-05,0.0
wet_low_load,6680.0,0.8833205110199486,8.271444287624176e-11,3.0077979227724277e-13,4.961846497910806e-05,0.0
wet_low_load,6690.0,0.8833205640752011,8.103754856642363e-11,2.94681994786995e-13,4.9618467959362854e-05,0.0
wet_low_load,6700.0,0.8833206160548488,7.939465042962221e-11,2.8870781974408075e-13,4.9618470879198065e-05,0.0
wet_low_load,6710.0,0.8833206669806977,7.778505925545712e-11,2.8285476092893494e-13,4.961847373983859e-05,0.0
wet_low_load,6720.0,0.8833207168741118,7.620809979603908e-11,2.771203628946875e-13,4.961847654248451e-05,0.0
wet_low_load,6730.0,0.8833207657560223,7.466311049576639e-11,2.71502219984605e-13,4.9618479288311565e-05,0.0
wet_low_load,6740.0,0.8833208136469354,7.314944321688626e-11,2.6599797533413186e-13,4.9618481978471665e-05,0.0
wet_low_load,6750.0,0.8833208605669418,7.16664629633621e-11,2.6060531986677123e-13,4.961848461409335e-05,0.0
wet_low_load,6760.0,0.883320906535725,7.021354760897592e-11,2.5532199130536696e-13,4.96184871962823e-05,0.0
wet_low_load,6770.0,0.8833209515725693,6.879008764406545e-11,2.5014577325114706e-13,4.9618489726121755e-05,0.0
wet_low_load,6780.0,0.8833209956963685,6.739548589854442e-11,2.450744941765251e-13,4.9618492204673034e-05,0.0
wet_low_load,6790.0,0.8833210389256331,6.602915731828584e-11,2.401060266119485e-13,4.961849463297593e-05,0.0
wet_low_load,6800.0,0.8833210812784977,6.469052872964682e-11,2.3523828628962477e-13,4.96184970120491e-05,0.0
wet_low_load,6810.0,0.8833211227727303,6.337903855232444e-11,2.3046923109936153e-13,4.961849934289063e-05,0.0
wet_low_load,6820.0,0.883321163425738,6.209413660623219e-11,2.2579686038629884e-13,4.961850162647831e-05,0.0
wet_low_load,6830.0,0.8833212032545754,6.083528384976685e-11,2.2121921399915216e-13,4.961850386377015e-05,0.0
wet_low_load,6840.0,0.8833212422759512,5.960195218244975e-11,2.1673437157254455e-13,4.9618506055704724e-05,0.0
wet_low_load,6850.0,0.8833212805062352,5.839362421114573e-11,2.1234045167689353e-13,4.9618508203201565e-05,0.0
wet_low_load,6860.0,0.8833213179614651,5.7209793036610787e-11,2.08035611042221e-13,4.961851030716156e-05,0.0
wet_low_load,6870.0,0.8833213546573541,5.6049962019711036e-11,2.0381804370804011e-13,4.961851236846735e-05,0.0
wet_low_load,6880.0,0.8833213906092965,5.491364459931058e-11,1.9968598036112936e-13,4.9618514387983676e-05,0.0
wet_low_load,6890.0,0.8833214258323747,5.3800364072042973e-11,1.956376875347017e-13,4.961851636655776e-05,0.0
wet_low_load,6900.0,0.883321460341365,5.270965341189318e-11,1.9167146695233882e-13,4.961851830501963e-05,0.0
wet_low_load,6910.0,0.8833214941507447,5.164105504234574e-11,1.87785654699439e-13,4.9618520204182504e-05,0.0
wet_low_load,6920.0,0.8833215272746964,5.059412069577726e-11,1.8397862071191732e-13,4.961852206484306e-05,0.0
wet_low_load,6930.0,0.8833215597271166,4.956841115341735e-11,1.8024876783060853e-13,4.961852388778191e-05,0.0
wet_low_load,6940.0,0.8833215915216193,4.8563496123375837e-11,1.765945313577303e-13,4.961852567376378e-05,0.0
wet_low_load,6950.0,0.8833216226715426,4.757895403396673e-11,1.7301437830533357e-13,4.9618527423537914e-05,0.0
wet_low_load,6960.0,0.8833216531899544,4.66143718549843e-11,1.6950680674539745e-13,4.961852913783836e-05,0.0
wet_low_load,6970.0,0.8833216830896573,4.566934493761382e-11,1.660703452276866e-13,4.961853081738428e-05,0.0
wet_low_load,6980.0,0.8833217123831948,4.474347682893135e-11,1.6270355210520488e-13,4.961853246288028e-05,0.0
wet_low_load,6990.0,0.8833217410828559,4.383637911266157e-11,1.5940501495513297e-13,4.961853407501665e-05,0.0
wet_low_load,7000.0,0.8833217692006798,4.2947671269417324e-11,1.5617335007060845e-13,4.961853565446969e-05,0.0
wet_low_load,7010.0,0.8833217967484631,4.2076980454776986e-11,1.5300720165373447e-13,4.9618537201902027e-05,0.0
wet_low_load,7020.0,0.883321823737762,4.122394141288711e-11,1.4990524150140765e-13,4.96185387179628e-05,0.0
wet_low_load,7030.0,0.8833218501798991,4.0388196279103736e-11,1.4686616828764993e-13,4.9618540203288045e-05,0.0
wet_low_load,7040.0,0.8833218760859666,3.956939446056077e-11,1.438887071293119e-13,4.961854165850083e-05,0.0
wet_low_load,7050.0,0.8833219014668328,3.8767192453210855e-11,1.4097160892076672e-13,4.961854308421167e-05,0.0
wet_low_load,7060.0,0.8833219263331455,3.798125371138228e-11,1.3811364985957192e-13,4.961854448101866e-05,0.0
wet_low_load,7070.0,0.8833219506953358,3.721124855037022e-11,1.3531363109225534e-13,4.9618545849507756e-05,0.0
wet_low_load,7080.0,0.8833219745636244,3.645685392620815e-11,1.3257037791348415e-13,4.9618547190253074e-05,0.0
wet_low_load,7090.0,0.8833219979480241,3.571775336536412e-11,1.2988273951041496e-13,4.961854850381707e-05,0.0
wet_low_load,7100.0,0.883322020858345,3.4993636809733724e-11,1.272495883990317e-13,4.961854979075079e-05,0.0
wet_low_load,7110.0,0.8833220433041983,3.4284200479420756e-11,1.2466981992516638e-13,4.961855105159413e-05,0.0
wet_low_load,7120.0,0.8833220652949999,3.3589146768552166e-11,1.2214235188564423e-13,4.9618552286876014e-05,0.0
wet_low_load,7130.0,0.8833220868399757,3.2908184081800696e-11,1.196661239338207e-13,4.961855349711467e-05,0.0
wet_low_load,7140.0,0.8833221079481637,3.2241026757304887e-11,1.1724009729929048e-13,4.961855468281779e-05,0.0
wet_low_load,7150.0,0.8833221286284193,3.158739490488578e-11,1.1486325419958462e-13,4.9618555844482805e-05,0.0
wet_low_load,7160.0,0.8833221488894178,3.094701432811988e-11,1.1253459755679955e-13,4.961855698259704e-05,0.0
wet_low_load,7170.0,0.8833221687396592,3.031961637695545e-11,1.1025315046165617e-13,4.9618558097637947e-05,0.0
wet_low_load,7180.0,0.8833221881874707,2.9704937851150715e-11,1.0801795582236623e-13,4.96185591900733e-05,0.0
wet_low_load,7190.0,0.883322207241011,2.9102720882536316e-11,1.058280759364957e-13,4.961856026036139e-05,0.0
wet_low_load,7200.0,0.8833222259082733,2.8512712835912436e-11,1.0368259213059067e-13,4.9618561308951215e-05,0.0
wet_low_load,7210.0,0.8833222441970887,2.7934666193005296e-11,1.0158060433820107e-13,4.9618562336282674e-05,0.0
wet_low_load,7220.0,0.8833222621151294,2.736833846691682e-11,9.952123078878843e-14,4.961856334278673e-05,0.0
wet_low_load,7230.0,0.8833222796699127,2.6813492059823106e-11,9.750360749026582e-14,4.961856432888565e-05,0.0
wet_low_load,7240.0,0.8833222968688027,2.626989421892871e-11,9.552688806883165e-14,4.961856529499309e-05,0.0
wet_low_load,7250.0,0.8833223137190144,2.5737316900941375e-11,9.359024327615044e-14,4.961856624151434e-05,0.0
wet_low_load,7260.0,0.8833223302276169,2.5215536676357307e-11,9.169286064129929e-14,4.96185671688465e-05,0.0
wet_low_load,7270.0,0.8833223464015356,2.4704334654922276e-11,8.983394419971736e-14,4.961856807737858e-05,0.0
wet_low_load,7280.0,0.8833223622475557,2.4203496384834697e-11,8.801271412667161e-14,4.961856896749172e-05,0.0
wet_low_load,7290.0,0.8833223777723246,2.3712811760419035e-11,8.622840640152376e-14,4.961856983955932e-05,0.0
wet_low_load,7300.0,0.8833223929823553,2.3232074930646252e-11,8.448027247507727e-14,4.9618570693947244e-05,0.0
wet_low_load,7310.0,0.8833224078840286,2.2761084216971607e-11,8.276757897080583e-14,4.961857153101391e-05,0.0
wet_low_load,7320.0,0.8833224224835959,2.229964203710169e-11,8.10896074076425e-14,4.961857235111048e-05,0.0
wet_low_load,7330.0,0.8833224367871818,2.1847554814361902e-11,7.944565387040691e-14,4.9618573154580984e-05,0.0
wet_low_load,7340.0,0.8833224508007869,2.1404632889605022e-11,7.78350286894728e-14,4.961857394176249e-05,0.0
wet_low_load,7350.0,0.88332246453029,2.097069045175451e-11,7.625705618819821e-14,4.9618574712985235e-05,0.0
wet_low_load,7360.0,0.883322477981451,2.0545545448866047e-11,7.471107435951288e-14,4.961857546857276e-05,0.0
wet_low_load,7370.0,0.8833224911599127,2.0129019538152586e-11,7.319643468419121e-14,4.9618576208842045e-05,0.0
wet_low_load,7380.0,0.8833225040712035,1.9720937980105243e-11,7.171250174583723e-14,4.9618576934103625e-05,0.0
wet_low_load,7390.0,0.8833225167207396,1.9321129590212408e-11,7.025865305531785e-14,4.961857764466175e-05,0.0
wet_low_load,7400.0,0.8833225291138281,1.8929426626304374e-11,6.88342786411068e-14,4.961857834081453e-05,0.0
wet_low_load,7410.0,0.8833225412556679,1.8545664773306735e-11,6.743878099384267e-14,4.9618579022853995e-05,0.0
wet_low_load,7420.0,0.8833225531513523,1.8169683044984568e-11,6.607157470903479e-14,4.9618579691066266e-05,0.0
wet_low_load,7430.0,0.8833225648058721,1.7801323702627272e-11,6.47320861913719e-14,4.9618580345731674e-05,0.0
wet_low_load,7440.0,0.8833225762241166,1.7440432211849883e-11,6.341975349763594e-14,4.961858098712486e-05,0.0
wet_low_load,7450.0,0.8833225874108754,1.7086857186688904e-11,6.213402613341419e-14,4.9618581615514896e-05,0.0
wet_low_load,7460.0,0.8833225983708419,1.6740450287958347e-11,6.08743646834849e-14,4.961858223116539e-05,0.0
wet_low_load,7470.0,0.8833226091086138,1.6401066198685782e-11,5.964024072249375e-14,4.961858283433463e-05,0.0
wet_low_load,7480.0,0.8833226196286955,1.606856254787937e-11,5.843113653774315e-14,4.961858342527563e-05,0.0
wet_low_load,7490.0,0.8833226299355008,1.5742799831753793e-11,5.724654484274105e-14,4.9618584004236326e-05,0.0
wet_low_load,7500.0,0.8833226400333533,1.542364139763664e-11,5.608596871867869e-14,4.961858457145958e-05,0.0
wet_low_load,7510.0,0.8833226499264888,1.5110953362653236e-11,5.4948921318739035e-14,4.9618585127183344e-05,0.0
wet_low_load,7520.0,0.8833226596190576,1.480460455019917e-11,5.383492563708789e-14,4.961858567164075e-05,0.0
wet_low_load,7530.0,0.8833226691151265,1.450446642980096e-11,5.274351429018531e-14,4.961858620506021e-05,0.0
wet_low_load,7540.0,0.8833226784186784,1.4210413106951656e-11,5.1674229479824196e-14,4.96185867276655e-05,0.0
wet_low_load,7550.0,0.8833226875336171,1.3922321201138095e-11,5.0626622549593066e-14,4.961858723967587e-05,0.0
wet_low_load,7560.0,0.8833226964637657,1.3640069874640021e-11,4.9600254089600074e-14,4.9618587741306096e-05,0.0
wet_low_load,7570.0,0.8833227052128708,1.3363540711404376e-11,4.859469349601591e-14,4.9618588232766626e-05,0.0
wet_low_load,7580.0,0.8833227137846026,1.3092617710269033e-11,4.760951894643284e-14,4.961858871426362e-05,0.0
wet_low_load,7590.0,0.8833227221825573,1.2827187207035766e-11,4.6644317116493686e-14,4.9618589185999094e-05,0.0
wet_low_load,7600.0,0.8833227304102574,1.2567137862611792e-11,4.569868313677015e-14,4.9618589648170925e-05,0.0
wet_low_load,7610.0,0.883322738471155,1.2312360578306471e-11,4.47722202847508e-14,4.9618590100973e-05,0.0
wet_low_load,7620.0,0.8833227463686321,1.2062748450938562e-11,4.386453982159476e-14,4.961859054459531e-05,0.0
wet_low_load,7630.0,0.8833227541060011,1.1818196788929852e-11,4.2975261050654e-14,4.961859097922394e-05,0.0
wet_low_load,7640.0,0.8833227616865081,1.1578602997955702e-11,4.210401090165709e-14,4.9618591405041196e-05,0.0
wet_low_load,7650.0,0.8833227691133334,1.134386655976923e-11,4.125042385370628e-14,4.9618591822225746e-05,0.0
wet_low_load,7660.0,0.8833227763895924,1.1113889001708119e-11,4.041414182439315e-14,4.961859223095259e-05,0.0
wet_low_load,7670.0,0.8833227835183377,1.0888573848413742e-11,3.959481399423179e-14,4.9618592631393197e-05,0.0
wet_low_load,7680.0,0.8833227905025598,1.0667826576091384e-11,3.8792096640332305e-14,4.961859302371555e-05,0.0
wet_low_load,7690.0,0.8833227973451889,1.0451554571005626e-11,3.8005652985474995e-14,4.961859340808424e-05,0.0
wet_low_load,7700.0,0.883322804049095,1.0239667124398145e-11,3.723515317962961e-14,4.96185937846605e-05,0.0
wet_low_load,7710.0,0.8833228106170912,1.00320753240675e-11,3.64802739057e-14,4.961859415360233e-05,0.0
wet_low_load,7720.0,0.8833228170519323,9.828692097567815e-12,3.574069853661023e-14,4.961859451506448e-05,0.0
wet_low_load,7730.0,0.8833228233563177,9.629432126658443e-12,3.501611682421252e-14,4.96185948691986e-05,0.0
wet_low_load,7740.0,0.8833228295328928,9.43421180325826e-12,3.430622473912094e-14,4.9618595216153266e-05,0.0
wet_low_load,7750.0,0.8833228355842482,9.242949242151154e-12,3.3610724516913285e-14,4.961859555607401e-05,0.0
wet_low_load,7760.0,0.8833228415129227,9.055564202211969e-12,3.292932437167988e-14,4.961859588910345e-05,0.0
wet_low_load,7770.0,0.8833228473214036,8.871978070312868e-12,3.226173843750133e-14,4.961859621538128e-05,0.0
wet_low_load,7780.0,0.8833228530121273,8.692113840147518e-12,3.160768669144552e-14,4.961859653504439e-05,0.0
wet_low_load,7790.0,0.883322858587481,8.515896057173945e-12,3.0966894753359795e-14,4.961859684822685e-05,0.0
wet_low_load,7800.0,0.8833228640498042,8.343250783886182e-12,3.033909375958611e-14,4.9618597155060086e-05,0.0
wet_low_load,7810.0,0.8833228694013882,8.174105594732075e-12,2.972402034448027e-14,4.9618597455672804e-05,0.0
wet_low_load,7820.0,0.8833228746444778,8.008389539690863e-12,2.912141650796677e-14,4.9618597750191106e-05,0.0
wet_low_load,7830.0,0.8833228797812724,7.846033103615598e-12,2.8531029467693085e-14,4.9618598038738544e-05,0.0
wet_low_load,7840.0,0.8833228848139277,7.686968154564135e-12,2.7952611471142304e-14,4.961859832143619e-05,0.0
wet_low_load,7850.0,0.8833228897445544,7.531127979374514e-12,2.738591992499823e-14,4.9618598598402615e-05,0.0
wet_low_load,7860.0,0.883322894575221,7.378447201502767e-12,2.6830717096373693e-14,4.961859886975402e-05,0.0
wet_low_load,7870.0,0.883322899307954,7.228861763235227e-12,2.6286770048128093e-14,4.961859913560424e-05,0.0
wet_low_load,7880.0,0.883322903944739,7.082308916371159e-12,2.5753850604986032e-14,4.96185993960648e-05,0.0
wet_low_load,7890.0,0.8833229084875212,6.938727174788924e-12,2.523173518105063e-14,4.9618599651244965e-05,0.0
wet_low_load,7900.0,0.8833229129382061,6.7980563110578386e-12,2.4720204767483045e-14,4.961859990125179e-05,0.0
wet_low_load,7910.0,0.883322917298661,6.660237308157304e-12,2.4219044756935646e-14,4.961860014619015e-05,0.0
wet_low_load,7920.0,0.8833229215707149,6.525212356088669e-12,2.372804493123152e-14,4.961860038616279e-05,0.0
wet_low_load,7930.0,0.8833229257561603,6.392924801053258e-12,2.3246999276557297e-14,4.96186006212704e-05,0.0
wet_low_load,7940.0,0.8833229298567529,6.263319154769728e-12,2.2775706017344462e-14,4.961860085161161e-05,0.0
wet_low_load,7950.0,0.883322933874213,6.136341037722866e-12,2.2313967409901328e-14,4.961860107728304e-05,0.0
wet_low_load,7960.0,0.8833229378102262,6.011937180010619e-12,2.186158974549316e-14,4.961860129837938e-05,0.0
wet_low_load,7970.0,0.8833229416664433,5.890055401015304e-12,2.1418383276419284e-14,4.9618601514993364e-05,0.0
wet_low_load,7980.0,0.8833229454444822,5.770644567898995e-12,2.098416206508725e-14,4.9618601727215863e-05,0.0
wet_low_load,7990.0,0.8833229491459278,5.6536545854391244e-12,2.0558743947051358e-14,4.9618601935135916e-05,0.0
wet_low_load,8000.0,0.8833229527723327,5.539036379934861e-12,2.01419504724904e-14,4.961860213884074e-05,0.0
wet_low_load,8010.0,0.8833229563252186,5.4267418602435905e-12,1.9733606764522144e-14,4.96186023384158e-05,0.0
wet_low_load,8020.0,0.8833229598060757,5.31672392371015e-12,1.9333541540764177e-14,4.961860253394481e-05,0.0
wet_low_load,8030.0,0.8833229632163644,5.208936410427045e-12,1.8941586947007436e-14,4.9618602725509806e-05,0.0
wet_low_load,8040.0,0.8833229665575154,5.10333410238742e-12,1.855757855413607e-14,4.961860291319115e-05,0.0
wet_low_load,8050.0,0.8833229698309301,4.9998727073914304e-12,1.81813552996052e-14,4.961860309706757e-05,0.0
wet_low_load,8060.0,0.883322973037982,4.898508809918331e-12,1.7812759308793928e-14,4.961860327721622e-05,0.0
wet_low_load,8070.0,0.8833229761800163,4.799199897384499e-12,1.7451635990489086e-14,4.961860345371265e-05,0.0
wet_low_load,8080.0,0.8833229792583512,4.701904303392227e-12,1.7097833830517185e-14,4.9618603626630917e-05,0.0
wet_low_load,8090.0,0.8833229822742782,4.606581211117852e-12,1.675120440406491e-14,4.9618603796043564e-05,0.0
wet_low_load,8100.0,0.8833229852290623,4.5131906346770325e-12,1.641160230791648e-14,4.9618603962021655e-05,0.0
wet_low_load,8110.0,0.8833229881239432,4.421693392019695e-12,1.60788850618898e-14,4.9618604124634824e-05,0.0
wet_low_load,8120.0,0.8833229909601356,4.332051091377506e-12,1.5752913059554563e-14,4.96186042839513e-05,0.0
wet_low_load,8130.0,0.8833229937388288,4.244226140581232e-12,1.5433549602113568e-14,4.96186044400379e-05,0.0
wet_low_load,8140.0,0.883322996461189,4.158181687768437e-12,1.5120660682794316e-14,4.961860459296012e-05,0.0
wet_low_load,8150.0,0.883322999128358,4.073881634936009e-12,1.481411503613094e-14,4.96186047427821e-05,0.0
wet_low_load,8160.0,0.8833230017414546,3.9912906252346624e-12,1.4513784091762405e-14,4.96186048895667e-05,0.0
wet_low_load,8170.0,0.8833230043015747,3.910374021793119e-12,1.421954189742952e-14,4.961860503337546e-05,0.0
wet_low_load,8180.0,0.8833230068097931,3.83109785181393e-12,1.3931264915687015e-14,4.961860517426877e-05,0.0
wet_low_load,8190.0,0.8833230092671616,3.7534288760301786e-12,1.3648832276473375e-14,4.9618605312305696e-05,0.0
wet_low_load,8200.0,0.8833230116747111,3.677334505696253e-12,1.3372125475259099e-14,4.961860544754416e-05,0.0
wet_low_load,8210.0,0.8833230140334516,3.60278281868147e-12,1.310102843156898e-14,4.96186055800409e-05,0.0
wet_low_load,8220.0,0.8833230163443727,3.5297425391412848e-12,1.2835427415059214e-14,4.961860570985149e-05,0.0
wet_low_load,8230.0,0.8833230186084438,3.4581830298939954e-12,1.2575211017796346e-14,4.961860583703039e-05,0.0
wet_low_load,8240.0,0.883323020826615,3.388074255998325e-12,1.232027002181209e-14,4.961860596163097e-05,0.0
wet_low_load,8250.0,0.8833230229998162,3.319386827952103e-12,1.2070497556189464e-14,4.961860608370547e-05,0.0
wet_low_load,8260.0,0.8833230251289594,3.2520919237652326e-12,1.1825788813691753e-14,4.9618606203305115e-05,0.0
wet_low_load,8270.0,0.8833230272149379,3.1861613084414506e-12,1.1586041121605274e-14,4.961860632048008e-05,0.0
wet_low_load,8280.0,0.8833230292586269,3.1215673178846995e-12,1.1351153883217088e-14,4.9618606435279535e-05,0.0
wet_low_load,8290.0,0.8833230312608835,3.058282863981326e-12,1.112102859629573e-14,4.961860654775162e-05,0.0
wet_low_load,8300.0,0.8833230332225478,2.9962813939424997e-12,1.0895568705245451e-14,4.9618606657943524e-05,0.0
wet_low_load,8310.0,0.8833230351444428,2.9355368945393773e-12,1.0674679616506825e-14,4.961860676590148e-05,0.0
wet_low_load,8320.0,0.8833230370273744,2.876023894644202e-12,1.0458268707797098e-14,4.961860687167076e-05,0.0
wet_low_load,8330.0,0.8833230388721328,2.8177174152553596e-12,1.0246245146383125e-14,4.9618606975295754e-05,0.0
wet_low_load,8340.0,0.8833230406794921,2.7605929966024317e-12,1.0038519987645205e-14,4.961860707681994e-05,0.0
wet_low_load,8350.0,0.88332304245021,2.7046266854407032e-12,9.835006128875283e-15,4.961860717628588e-05,0.0
wet_low_load,8360.0,0.8833230441850299,2.6497949850762172e-12,9.635618127549879e-15,4.961860727373533e-05,0.0
wet_low_load,8370.0,0.8833230458846792,2.596074907881818e-12,9.44027239229752e-15,4.961860736920916e-05,0.0
wet_low_load,8380.0,0.8833230475498708,2.543443922781109e-12,9.248886991931305e-15,4.96186074627474e-05,0.0
wet_low_load,8390.0,0.8833230491813037,2.491879932378562e-12,9.061381572285679e-15,4.961860755438933e-05,0.0
wet_low_load,8400.0,0.8833230507796621,2.441361311923034e-12,8.87767749790194e-15,4.961860764417338e-05,0.0
wet_low_load,8410.0,0.8833230523456166,2.3918668686501838e-12,8.697697704182485e-15,4.961860773213721e-05,0.0
wet_low_load,8420.0,0.8833230538798239,2.3433758451706066e-12,8.521366709711296e-15,4.961860781831772e-05,0.0
wet_low_load,8430.0,0.8833230553829279,2.2958678906707117e-12,8.348610511529858e-15,4.961860790275107e-05,0.0
wet_low_load,8440.0,0.8833230568555589,2.2493230820885466e-12,8.179356662140169e-15,4.961860798547268e-05,0.0
wet_low_load,8450.0,0.8833230582983349,2.2037218876913805e-12,8.013534137059563e-15,4.961860806651725e-05,0.0
wet_low_load,8460.0,0.883323059711861,2.1590451840163634e-12,7.851073396423139e-15,4.9618608145918774e-05,0.0
wet_low_load,8470.0,0.8833230610967302,2.1152742236832736e-12,7.691906267939176e-15,4.9618608223710564e-05,0.0
wet_low_load,8480.0,0.8833230624535235,2.0723906464059465e-12,7.535965986930713e-15,4.961860829992526e-05,0.0
wet_low_load,8490.0,0.8833230637828101,2.030376463745681e-12,7.383187140893385e-15,4.961860837459483e-05,0.0
wet_low_load,8500.0,0.8833230650851479,1.98921403878245e-12,7.233505595572543e-15,4.96186084477506e-05,0.0
wet_low_load,8510.0,0.8833230663610829,1.9488861149140183e-12,7.0868585996873385e-15,4.961860851942327e-05,0.0
wet_low_load,8520.0,0.8833230676111504,1.909375775198364e-12,6.943184637084959e-15,4.961860858964289e-05,0.0
wet_low_load,8530.0,0.8833230688358753,1.8706664279541157e-12,6.802423374378602e-15,4.961860865843895e-05,0.0
wet_low_load,8540.0,0.8833230700357709,1.832741848265169e-12,6.664515811873342e-15,4.961860872584028e-05,0.0
wet_low_load,8550.0,0.8833230712113405,1.7955861330879396e-12,6.52940412031978e-15,4.961860879187515e-05,0.0
wet_low_load,8560.0,0.8833230723630773,1.759183687698835e-12,6.397031591632127e-15,4.961860885657128e-05,0.0
wet_low_load,8570.0,0.8833230734914648,1.7235192350116189e-12,6.267342672769522e-15,4.9618608919955804e-05,0.0
wet_low_load,8580.0,0.8833230745969761,1.6885778181185084e-12,6.140282974976393e-15,4.961860898205532e-05,0.0
wet_low_load,8590.0,0.883323075680075,1.6543447841965491e-12,6.015799215260178e-15,4.961860904289587e-05,0.0
wet_low_load,8600.0,0.8833230767412158,1.6208057667199227e-12,5.893839151708809e-15,4.961860910250297e-05,0.0
wet_low_load,8610.0,0.8833230777808438,1.5879466947773093e-12,5.774351617372032e-15,4.961860916090165e-05,0.0
wet_low_load,8620.0,0.8833230787993953,1.5557537812134264e-12,5.6572864771397315e-15,4.9618609218116396e-05,0.0
wet_low_load,8630.0,0.8833230797972973,1.5242135268641937e-12,5.542594643142522e-15,4.9618609274171207e-05,0.0
wet_low_load,8640.0,0.8833230807749686,1.4933126951457445e-12,5.430227982348161e-15,4.9618609329089604e-05,0.0
wet_low_load,8650.0,0.8833230817328194,1.463038321371788e-12,5.320139350442865e-15,4.9618609382894634e-05,0.0
wet_low_load,8660.0,0.8833230826712511,1.4333777161417414e-12,5.212282604151786e-15,4.961860943560885e-05,0.0
wet_low_load,8670.0,0.8833230835906578,1.404318428918313e-12,5.106612468793865e-15,4.9618609487254365e-05,0.0
wet_low_load,8680.0,0.8833230844914253,1.3758482632740955e-12,5.003084593723983e-15,4.9618609537852875e-05,0.0
wet_low_load,8690.0,0.8833230853739311,1.3479552845148618e-12,4.9016555800540426e-15,4.961860958742558e-05,0.0
wet_low_load,8700.0,0.8833230862385459,1.3206277798690175e-12,4.802282835887336e-15,4.96186096359933e-05,0.0
wet_low_load,8710.0,0.883323087085632,1.2938542982981484e-12,4.7049247210841756e-15,4.9618609683576376e-05,0.0
wet_low_load,8720.0,0.8833230879155447,1.2676236089924071e-12,4.609540396336025e-15,4.961860973019478e-05,0.0
wet_low_load,8730.0,0.8833230887286323,1.2419247022175451e-12,4.516089826245617e-15,4.9618609775868076e-05,0.0
wet_low_load,8740.0,0.883323089525236,1.2167467960911768e-12,4.424533803967915e-15,4.9618609820615424e-05,0.0
wet_low_load,8750.0,0.8833230903056897,1.1920793348887135e-12,4.334833945049867e-15,4.9618609864455586e-05,0.0
wet_low_load,8760.0,0.8833230910703211,1.1679119610912762e-12,4.2469525857864585e-15,4.961860990740697e-05,0.0
wet_low_load,8770.0,0.8833230918194511,1.1442345348674533e-12,4.160852854063466e-15,4.96186099494876e-05,0.0
wet_low_load,8780.0,0.8833230925533935,1.1210371383084655e-12,4.076498684758056e-15,4.9618609990715096e-05,0.0
wet_low_load,8790.0,0.8833230932724567,1.098310017829925e-12,3.993854610290636e-15,4.961861003110679e-05,0.0
wet_low_load,8800.0,0.8833230939769422,1.0760436519344717e-12,3.9128860070344426e-15,4.9618610070679614e-05,0.0
wet_low_load,8810.0,0.8833230946671454,1.0542286986957305e-12,3.833558904348111e-15,4.961861010945017e-05,0.0
wet_low_load,8820.0,0.8833230953433558,1.032856010157871e-12,3.755840036937713e-15,4.961861014743471e-05,0.0
wet_low_load,8830.0,0.8833230960058572,1.0119166162419818e-12,3.679696786334478e-15,4.961861018464918e-05,0.0
wet_low_load,8840.0,0.8833230966549276,9.914017315223339e-13,3.605097205535759e-15,4.961861022110918e-05,0.0
wet_low_load,8850.0,0.8833230972908389,9.713027586145126e-13,3.5320100313255e-15,4.961861025683002e-05,0.0
wet_low_load,8860.0,0.8833230979138585,9.516112483648692e-13,3.460404539508615e-15,4.961861029182669e-05,0.0
wet_low_load,8870.0,0.8833230985242473,9.32318956601728e-13,3.390250751279011e-15,4.961861032611385e-05,0.0
wet_low_load,8880.0,0.8833230991222617,9.13417774678685e-13,3.321519180649763e-15,4.961861035970591e-05,0.0
wet_low_load,8890.0,0.8833230997081524,8.948997828376833e-13,3.254181028500666e-15,4.961861039261695e-05,0.0
wet_low_load,8900.0,0.8833231002821649,8.767572188687943e-13,3.188208068613797e-15,4.961861042486076e-05,0.0
wet_low_load,8910.0,0.8833231008445404,8.589824620165915e-13,3.1235725891512416e-15,4.961861045645089e-05,0.0
wet_low_load,8920.0,0.8833231013955147,8.415680541559744e-13,3.0602474696580884e-15,4.9618610487400586e-05,0.0
wet_low_load,8930.0,0.8833231019353189,8.245066972510694e-13,2.99820617182207e-15,4.961861051772283e-05,0.0
wet_low_load,8940.0,0.8833231024641796,8.077912296383075e-13,2.937422653230209e-15,4.961861054743033e-05,0.0
wet_low_load,8950.0,0.8833231029823183,7.914146429670831e-13,2.8778714289712107e-15,4.961861057653557e-05,0.0
wet_low_load,8960.0,0.8833231034899529,7.753700567887656e-13,2.8195274792318746e-15,4.961861060505076e-05,0.0
wet_low_load,8970.0,0.8833231039872961,7.596507473558198e-13,2.7623663540211627e-15,4.9618610632987844e-05,0.0
wet_low_load,8980.0,0.8833231044745561,7.442501315281795e-13,2.706364114647925e-15,4.961861066035854e-05,0.0
wet_low_load,8990.0,0.8833231049519381,7.291617261156666e-13,2.651497185875151e-15,4.961861068717436e-05,0.0
wet_low_load,9000.0,0.8833231054196419,7.143792164876592e-13,2.5977426054096695e-15,4.961861071344652e-05,0.0
wet_low_load,9010.0,0.8833231058778637,6.998963989748516e-13,2.5450778144540052e-15,4.961861073918606e-05,0.0
wet_low_load,9020.0,0.883323106326796,6.857071893395838e-13,2.4934806885075772e-15,4.9618610764403786e-05,0.0
wet_low_load,9030.0,0.8833231067666271,6.718056405635329e-13,2.4429296020492103e-15,4.9618610789110266e-05,0.0
wet_low_load,9040.0,0.8833231071975411,6.581859267540879e-13,2.393403370014865e-15,4.961861081331586e-05,0.0
wet_low_load,9050.0,0.883323107619719,6.448423346740195e-13,2.344881216996434e-15,4.9618610837030715e-05,0.0
wet_low_load,9060.0,0.8833231080333382,6.317692510359862e-13,2.2973427310399497e-15,4.961861086026481e-05,0.0
wet_low_load,9070.0,0.883323108438572,6.189612040071488e-13,2.2507680145714498e-15,4.961861088302786e-05,0.0
wet_low_load,9080.0,0.8833231088355904,6.064128157753251e-13,2.2051375119102727e-15,4.961861090532945e-05,0.0
wet_low_load,9090.0,0.8833231092245598,5.941188288070116e-13,2.160432104752769e-15,4.961861092717889e-05,0.0
wet_low_load,9100.0,0.8833231096056434,5.820740846715594e-13,2.1166330351693066e-15,4.9618610948585374e-05,0.0
wet_low_load,9110.0,0.8833231099790012,5.702735265822735e-13,2.0737219148446304e-15,4.9618610969557876e-05,0.0
wet_low_load,9120.0,0.8833231103447898,5.58712205325643e-13,2.0316807466387017e-15,4.9618610990105195e-05,0.0
wet_low_load,9130.0,0.8833231107031626,5.47385272485078e-13,1.990491899945738e-15,4.961861101023595e-05,0.0
wet_low_load,9140.0,0.8833231110542702,5.362879677354147e-13,1.9501380644924166e-15,4.9618611029958596e-05,0.0
wet_low_load,9150.0,0.8833231113982596,5.254156442539046e-13,1.9106023427414706e-15,4.9618611049281396e-05,0.0
wet_low_load,9160.0,0.8833231117352751,5.147637407681266e-13,1.871868148247733e-15,4.961861106821246e-05,0.0
wet_low_load,9170.0,0.8833231120654587,5.043277730856582e-13,1.8339191748569383e-15,4.9618611086759745e-05,0.0
wet_low_load,9180.0,0.8833231123889479,4.941033891512161e-13,1.796739596913513e-15,4.9618611104931e-05,0.0
wet_low_load,9190.0,0.883323112705879,4.840862843433625e-13,1.7603137612485908e-15,4.9618611122733864e-05,0.0
wet_low_load,9200.0,0.8833231130163851,4.742722539905473e-13,1.7246263781474444e-15,4.961861114017582e-05,0.0
wet_low_load,9210.0,0.883323113320596,4.64657193371108e-13,1.6896625213494835e-15,4.961861115726415e-05,0.0
wet_low_load,9220.0,0.8833231136186397,4.552370553616227e-13,1.655407474042264e-15,4.961861117400606e-05,0.0
wet_low_load,9230.0,0.883323113910641,4.460078970237218e-13,1.621846898268079e-15,4.961861119040855e-05,0.0
wet_low_load,9240.0,0.8833231141967224,4.369658465698035e-13,1.5889667147992853e-15,4.961861120647851e-05,0.0
wet_low_load,9250.0,0.883323114477004,4.2810710844523115e-13,1.556753121619022e-15,4.961861122222267e-05,0.0
wet_low_load,9260.0,0.8833231147516033,4.194279667164651e-13,1.525192606241691e-15,4.9618611237647646e-05,0.0
wet_low_load,9270.0,0.8833231150206358,4.109247749066675e-13,1.494271908751518e-15,4.961861125275991e-05,0.0
wet_low_load,9280.0,0.8833231152842139,4.0259397463042685e-13,1.4639780895651883e-15,4.96186112675658e-05,0.0
wet_low_load,9290.0,0.8833231155424485,3.944320667946381e-13,1.4342984247077747e-15,4.961861128207152e-05,0.0
wet_low_load,9300.0,0.8833231157954479,3.8643562515102954e-13,1.4052204550946526e-15,4.961861129628317e-05,0.0
wet_low_load,9310.0,0.883323116043318,3.786013005313278e-13,1.376732001932101e-15,4.96186113102067e-05,0.0
wet_low_load,9320.0,0.883323116286163,3.709258047536316e-13,1.3488211081950238e-15,4.9618611323847946e-05,0.0
wet_low_load,9330.0,0.8833231165240848,3.634059140105437e-13,1.3214760509474315e-15,4.961861133721265e-05,0.0
wet_low_load,9340.0,0.883323116757183,3.560384807276321e-13,1.2946853844641167e-15,4.9618611350306396e-05,0.0
wet_low_load,9350.0,0.8833231169855555,3.488204089994746e-13,1.2684378509071801e-15,4.961861136313469e-05,0.0
wet_low_load,9360.0,0.8833231172092981,3.4174867407141653e-13,1.2427224511687873e-15,4.96186113757029e-05,0.0
wet_low_load,9370.0,0.8833231174285048,3.3482030455187894e-13,1.2175283801886505e-15,4.961861138801633e-05,0.0
wet_low_load,9380.0,0.8833231176432674,3.2803239511785274e-13,1.192845073155828e-15,4.961861140008012e-05,0.0
wet_low_load,9390.0,0.8833231178536763,3.213820921153386e-13,1.1686621531466858e-15,4.9618611411899345e-05,0.0
wet_low_load,9400.0,0.8833231180598194,3.1486661642923667e-13,1.1449695142881331e-15,4.961861142347895e-05,0.0
wet_low_load,9410.0,0.8833231182617833,3.084832321431272e-13,1.1217572077931898e-15,4.9618611434823804e-05,0.0
wet_low_load,9420.0,0.8833231184596527,3.0222926009179814e-13,1.0990154912429021e-15,4.961861144593865e-05,0.0
wet_low_load,9430.0,0.8833231186535107,2.9610207701421176e-13,1.0767348255062244e-15,4.961861145682817e-05,0.0
wet_low_load,9440.0,0.8833231188434385,2.9009910962427433e-13,1.0549058531791792e-15,4.961861146749692e-05,0.0
wet_low_load,9450.0,0.8833231190295159,2.8421784308116545e-13,1.0335194293860562e-15,4.961861147794938e-05,0.0
wet_low_load,9460.0,0.8833231192118208,2.784558091308768e-13,1.0125665786577339e-15,4.9618611488189936e-05,0.0
wet_low_load,9470.0,0.8833231193904296,2.7281059881170645e-13,9.920385411334779e-16,4.961861149822287e-05,0.0
wet_low_load,9480.0,0.8833231195654178,2.67279825184809e-13,9.719266370356688e-16,4.961861150805242e-05,0.0
wet_low_load,9490.0,0.8833231197368582,2.61861182626502e-13,9.52222482278189e-16,4.961861151768268e-05,0.0
wet_low_load,9500.0,0.8833231199048229,2.565523934651903e-13,9.329177944188736e-16,4.9618611527117713e-05,0.0
wet_low_load,9510.0,0.8833231200693827,2.5135122322795904e-13,9.14004448101669e-16,4.961861153636147e-05,0.0
wet_low_load,9520.0,0.8833231202306061,2.462555060515621e-13,8.954745674602257e-16,4.961861154541782e-05,0.0
wet_low_load,9530.0,0.883323120388561,2.412630947074782e-13,8.773203443908298e-16,4.9618611554290564e-05,0.0
wet_low_load,9540.0,0.8833231205433137,2.3637189194212994e-13,8.595341525168361e-16,4.961861156298344e-05,0.0
wet_low_load,9550.0,0.8833231206949289,2.3157985725314736e-13,8.421085718296266e-16,4.9618611571500065e-05,0.0
wet_low_load,9560.0,0.8833231208434701,2.2688498063134664e-13,8.250362932048967e-16,4.9618611579844024e-05,0.0
wet_low_load,9570.0,0.8833231209890002,2.2228527239633467e-13,8.083100814412169e-16,4.9618611588018833e-05,0.0
wet_low_load,9580.0,0.8833231211315801,2.1777881317145299e-13,7.919229569871017e-16,4.961861159602792e-05,0.0
wet_low_load,9590.0,0.8833231212712691,2.1336372254355867e-13,7.758680819765769e-16,4.961861160387463e-05,0.0
wet_low_load,9600.0,0.8833231214081264,2.0903813365203599e-13,7.601386678255853e-16,4.961861161156227e-05,0.0
wet_low_load,9610.0,0.8833231215422093,2.0480023469341075e-13,7.447281261578571e-16,4.961861161909406e-05,0.0
wet_low_load,9620.0,0.8833231216735735,2.0064826214508677e-13,7.296300441639519e-16,4.961861162647314e-05,0.0
wet_low_load,9630.0,0.8833231218022746,1.965804634958962e-13,7.148380490759861e-16,4.961861163370262e-05,0.0
wet_low_load,9640.0,0.8833231219283666,1.9259512773928556e-13,7.003459190519474e-16,4.9618611640785544e-05,0.0
wet_low_load,9650.0,0.8833231220519022,1.8869059130254646e-13,6.861476047365324e-16,4.961861164772487e-05,0.0
wet_low_load,9660.0,0.8833231221729334,1.8486521094176122e-13,6.722371306973135e-16,4.961861165452352e-05,0.0
wet_low_load,9670.0,0.883323122291511,1.8111738068246185e-13,6.586086570271339e-16,4.961861166118433e-05,0.0
wet_low_load,9680.0,0.8833231224076843,1.774455419840254e-13,6.452565163055468e-16,4.96186116677101e-05,0.0
wet_low_load,9690.0,0.8833231225215028,1.7384812952956534e-13,6.321750164711466e-16,4.9618611674103585e-05,0.0
wet_low_load,9700.0,0.8833231226330136,1.703236559292263e-13,6.1935874883355e-16,4.961861168036745e-05,0.0
wet_low_load,9710.0,0.8833231227422638,1.668706337931529e-13,6.068023047023741e-16,4.9618611686504316e-05,0.0
wet_low_load,9720.0,0.8833231228492991,1.6348761300093943e-13,5.945004109125069e-16,4.961861169251678e-05,0.0
wet_low_load,9730.0,0.8833231229541644,1.6017318324272872e-13,5.824479390644681e-16,4.961861169840734e-05,0.0
wet_low_load,9740.0,0.8833231230569036,1.569259486082237e-13,5.706398131208133e-16,4.961861170417848e-05,0.0
wet_low_load,9750.0,0.8833231231575601,1.5374454283328043e-13,5.590710648482923e-16,4.961861170983262e-05,0.0
wet_low_load,9760.0,0.883323123256176,1.5062763268803995e-13,5.47736846138327e-16,4.9618611715372134e-05,0.0
wet_low_load,9770.0,0.8833231233527924,1.4757392051802706e-13,5.366324382473711e-16,4.961861172079934e-05,0.0
wet_low_load,9780.0,0.8833231234474505,1.4458210443360183e-13,5.257531070312793e-16,4.961861172611653e-05,0.0
wet_low_load,9790.0,0.8833231235401892,1.4165095284885895e-13,5.150943739958506e-16,4.961861173132591e-05,0.0
wet_low_load,9800.0,0.8833231236310478,1.3877922231943186e-13,5.046517175252067e-16,4.9618611736429685e-05,0.0
wet_low_load,9810.0,0.8833231237200645,1.359657109055684e-13,4.944207669293396e-16,4.9618611741429985e-05,0.0
wet_low_load,9820.0,0.8833231238072764,1.3320924207850483e-13,4.843972439218357e-16,4.961861174632891e-05,0.0
wet_low_load,9830.0,0.8833231238927204,1.3050865116793868e-13,4.745769133379588e-16,4.9618611751128526e-05,0.0
wet_low_load,9840.0,0.8833231239764321,1.278628116200501e-13,4.64955678618364e-16,4.961861175583084e-05,0.0
wet_low_load,9850.0,0.8833231240584467,1.2527061128057935e-13,4.55529495565743e-16,4.961861176043782e-05,0.0
wet_low_load,9860.0,0.8833231241387984,1.2273096933548572e-13,4.462944339472207e-16,4.9618611764951385e-05,0.0
wet_low_load,9870.0,0.8833231242175212,1.202428117469921e-13,4.3724658817088033e-16,4.961861176937346e-05,0.0
wet_low_load,9880.0,0.8833231242946483,1.178050898883098e-13,4.2838214504839926e-16,4.961861177370589e-05,0.0
wet_low_load,9890.0,0.8833231243702118,1.15416789013968e-13,4.196974145962472e-16,4.961861177795049e-05,0.0
wet_low_load,9900.0,0.8833231244442431,1.1307691301322073e-13,4.111887745935299e-16,4.961861178210903e-05,0.0
wet_low_load,9910.0,0.8833231245167739,1.1078446408125612e-13,4.0285259665911313e-16,4.9618611786183276e-05,0.0
wet_low_load,9920.0,0.8833231245878339,1.0853850031743682e-13,3.9468545569977025e-16,4.961861179017491e-05,0.0
wet_low_load,9930.0,0.8833231246574534,1.0633806626859834e-13,3.866838773403575e-16,4.961861179408562e-05,0.0
wet_low_load,9940.0,0.8833231247256613,1.0418224883322353e-13,3.788445412117219e-16,4.961861179791704e-05,0.0
wet_low_load,9950.0,0.8833231247924865,1.020701340627623e-13,3.7116412386459013e-16,4.961861180167079e-05,0.0
wet_low_load,9960.0,0.883323124857957,1.0000083511371889e-13,3.636394004135232e-16,4.961861180534844e-05,0.0
wet_low_load,9970.0,0.8833231249221003,9.797348801248709e-14,3.562672291363166e-16,4.961861180895154e-05,0.0
wet_low_load,9980.0,0.8833231249849431,9.59872414909549e-14,3.4904451451256326e-16,4.961861181248159e-05,0.0
wet_low_load,9990.0,0.8833231250465119,9.404126460980109e-14,3.4196823494473116e-16,4.961861181594007e-05,0.0
wet_low_load,10000.0,0.8833231251068323,9.213474337036332e-14,3.350354304376848e-16,4.961861181932843e-05,0.0
wet_low_load,10010.0,0.88332312516593,9.026686716211109e-14,3.282431533167675e-16,4.9618611822648105e-05,0.0
wet_low_load,10020.0,0.8833231252238297,8.843685756176585e-14,3.2158857295187577e-16,4.961861182590048e-05,0.0
wet_low_load,10030.0,0.8833231252805555,8.664395139264215e-14,3.1506891415506233e-16,4.961861182908692e-05,0.0
wet_low_load,10040.0,0.8833231253361312,8.488739225431807e-14,3.086814263793384e-16,4.9618611832208756e-05,0.0
wet_low_load,10050.0,0.8833231253905801,8.316645000439309e-14,3.024234545614294e-16,4.96186118352673e-05,0.0
wet_low_load,10060.0,0.8833231254439254,8.14803877242031e-14,2.962923189971021e-16,4.961861183826385e-05,0.0
wet_low_load,10070.0,0.8833231254961892,7.982850999969839e-14,2.902854909079941e-16,4.961861184119964e-05,0.0
wet_low_load,10080.0,0.8833231255473931,7.82101290401258e-14,2.8440046923682106e-16,4.9618611844075904e-05,0.0
wet_low_load,10090.0,0.8833231255975592,7.662455112550154e-14,2.786347313654601e-16,4.961861184689387e-05,0.0
wet_low_load,10100.0,0.8833231256467082,7.507111980529146e-14,2.729858902010598e-16,4.9618611849654693e-05,0.0
wet_low_load,10110.0,0.8833231256948609,7.354917862896146e-14,2.674515586507689e-16,4.961861185235956e-05,0.0
wet_low_load,10120.0,0.8833231257420374,7.205809147476814e-14,2.6202942354461143e-16,4.961861185500959e-05,0.0
wet_low_load,10130.0,0.8833231257882573,7.059723916162707e-14,2.5671723331500747e-16,4.9618611857605887e-05,0.0
wet_low_load,10140.0,0.8833231258335403,6.9165999120322e-14,2.5151272407389817e-16,4.9618611860149554e-05,0.0
wet_low_load,10150.0,0.8833231258779053,6.776377503965808e-14,2.464137274169385e-16,4.961861186264165e-05,0.0
wet_low_load,10160.0,0.8833231259213709,6.638997738470402e-14,2.4141809958074186e-16,4.961861186508323e-05,0.0
wet_low_load,10170.0,0.8833231259639551,6.504403525525336e-14,2.365237645645576e-16,4.96186118674753e-05,0.0
wet_low_load,10180.0,0.883323126005676,6.372538198626439e-14,2.317286617682341e-16,4.961861186981887e-05,0.0
wet_low_load,10190.0,0.883323126046551,6.243346107709076e-14,2.2703076755305733e-16,4.961861187211493e-05,0.0
wet_low_load,10200.0,0.8833231260865975,6.116773212071214e-14,2.2242811680258956e-16,4.961861187436445e-05,0.0
wet_low_load,10210.0,0.8833231261258321,5.992766063933879e-14,2.1791876596123192e-16,4.961861187656836e-05,0.0
wet_low_load,10220.0,0.8833231261642711,5.871273502507058e-14,2.1350085463662026e-16,4.961861187872758e-05,0.0
wet_low_load,10230.0,0.883323126201931,5.75224351996779e-14,2.0917249163519235e-16,4.9618611880843036e-05,0.0
wet_low_load,10240.0,0.8833231262388274,5.635626818998544e-14,2.0493188432721975e-16,4.9618611882915604e-05,0.0
wet_low_load,10250.0,0.8833231262749757,5.521374356391674e-14,2.0077724932333359e-16,4.961861188494615e-05,0.0
wet_low_load,10260.0,0.8833231263103913,5.4094375971593025e-14,1.967068217148837e-16,4.961861188693554e-05,0.0
wet_low_load,10270.0,0.8833231263450889,5.299770462709099e-14,1.9271892591669448e-16,4.96186118888846e-05,0.0
wet_low_load,10280.0,0.883323126379083,5.192327043855322e-14,1.8881189250382986e-16,4.9618611890794135e-05,0.0
wet_low_load,10290.0,0.883323126412388,5.0870612620056415e-14,1.849840458911142e-16,4.9618611892664967e-05,0.0
wet_low_load,10300.0,0.8833231264450176,4.9839300878863364e-14,1.8123382137768494e-16,4.9618611894497865e-05,0.0
wet_low_load,10310.0,0.8833231264769861,4.8828888828610865e-14,1.7755959574040312e-16,4.9618611896293615e-05,0.0
wet_low_load,10320.0,0.8833231265083062,4.78389656583195e-14,1.739598751211618e-16,4.961861189805295e-05,0.0
wet_low_load,10330.0,0.8833231265389914,4.686911462777922e-14,1.7043314410101534e-16,4.9618611899776615e-05,0.0
wet_low_load,10340.0,0.8833231265690542,4.5918931702274186e-14,1.6697793346281522e-16,4.961861190146533e-05,0.0
wet_low_load,10350.0,0.8833231265985082,4.4987991671264875e-14,1.635926969864177e-16,4.961861190311983e-05,0.0
wet_low_load,10360.0,0.8833231266273646,4.407594132201228e-14,1.6027615026186281e-16,4.9618611904740776e-05,0.0
wet_low_load,10370.0,0.8833231266556364,4.318236560837225e-14,1.5702678403044454e-16,4.9618611906328875e-05,0.0
wet_low_load,10380.0,0.8833231266833346,4.230692148200115e-14,1.538433508436405e-16,4.961861190788476e-05,0.0
wet_low_load,10390.0,0.8833231267104713,4.144922269587502e-14,1.5072444616681824e-16,4.96186119094091e-05,0.0
wet_low_load,10400.0,0.8833231267370579,4.0608910955057184e-14,1.4766876710929883e-16,4.961861191090254e-05,0.0
wet_low_load,10410.0,0.8833231267631055,3.978563558790747e-14,1.446750385014817e-16,4.9618611912365706e-05,0.0
wet_low_load,10420.0,0.883323126788625,3.89790526990493e-14,1.417420098147247e-16,4.9618611913799204e-05,0.0
wet_low_load,10430.0,0.8833231268136271,3.8188821781237874e-14,1.3886844284086498e-16,4.961861191520364e-05,0.0
wet_low_load,10440.0,0.8833231268381225,3.7414605715360184e-14,1.3605311169221883e-16,4.961861191657961e-05,0.0
wet_low_load,10450.0,0.8833231268621213,3.6656086017028064e-14,1.3329485824373839e-16,4.9618611917927684e-05,0.0
wet_low_load,10460.0,0.8833231268856334,3.5912950131083976e-14,1.3059254593121443e-16,4.9618611919248425e-05,0.0
wet_low_load,10470.0,0.8833231269086691,3.518487110281028e-14,1.27944985828401e-16,4.96186119205424e-05,0.0
wet_low_load,10480.0,0.8833231269312376,3.447155839990607e-14,1.2535112145420387e-16,4.961861192181013e-05,0.0
wet_low_load,10490.0,0.8833231269533487,3.3772702855345595e-14,1.2280982856489305e-16,4.961861192305217e-05,0.0
wet_low_load,10500.0,0.8833231269750116,3.3088013089795e-14,1.2032004759925455e-16,4.961861192426903e-05,0.0
wet_low_load,10510.0,0.8833231269962352,3.2417208735348747e-14,1.178807590376318e-16,4.9618611925461215e-05,0.0
wet_low_load,10520.0,0.8833231270170283,3.1760008577068344e-14,1.154909402802485e-16,4.9618611926629226e-05,0.0
wet_low_load,10530.0,0.8833231270374,3.111612885891646e-14,1.1314955948696895e-16,4.9618611927773554e-05,0.0
wet_low_load,10540.0,0.8833231270573589,3.048529598925114e-14,1.1085562177909504e-16,4.96186119288947e-05,0.0
wet_low_load,10550.0,0.8833231270769132,2.9867253317089355e-14,1.0860819388032492e-16,4.961861192999312e-05,0.0
wet_low_load,10560.0,0.883323127096071,2.926174165034925e-14,1.0640633327399726e-16,4.961861193106926e-05,0.0
wet_low_load,10570.0,0.8833231271148404,2.866850433804781e-14,1.0424910668381021e-16,4.961861193212359e-05,0.0
wet_low_load,10580.0,0.883323127133229,2.808730336392685e-14,1.0213564859609764e-16,4.961861193315653e-05,0.0
wet_low_load,10590.0,0.8833231271512451,2.7517877841838623e-14,1.0006501033395861e-16,4.961861193416854e-05,0.0
wet_low_load,10600.0,0.8833231271688959,2.6959994837722628e-14,9.80363448644459e-17,4.9618611935160034e-05,0.0
wet_low_load,10610.0,0.8833231271861888,2.6413427346749004e-14,9.60488267154509e-17,4.961861193613142e-05,0.0
wet_low_load,10620.0,0.8833231272031309,2.5877944975956097e-14,9.41016180943858e-17,4.96186119370831e-05,0.0
wet_low_load,10630.0,0.8833231272197296,2.5353316485349307e-14,9.219387812854291e-17,4.96186119380155e-05,0.0
wet_low_load,10640.0,0.8833231272359919,2.48393207993294e-14,9.032480290665235e-17,4.961861193892899e-05,0.0
wet_low_load,10650.0,0.8833231272519246,2.4335742771527773e-14,8.84936100782828e-17,4.961861193982397e-05,0.0
wet_low_load,10660.0,0.8833231272675341,2.3842379114037086e-14,8.66995604146803e-17,4.96186119407008e-05,0.0
wet_low_load,10670.0,0.8833231272828271,2.3359020609719366e-14,8.494189312625223e-17,4.961861194155985e-05,0.0
wet_low_load,10680.0,0.88332312729781,2.288546227660138e-14,8.3219862824005e-17,4.961861194240148e-05,0.0
wet_low_load,10690.0,0.8833231273124894,2.2421498285676942e-14,8.153272103882523e-17,4.961861194322606e-05,0.0
wet_low_load,10700.0,0.8833231273268711,2.196694144266471e-14,7.98797870642353e-17,4.9618611944033917e-05,0.0
wet_low_load,10710.0,0.8833231273409612,2.1521602859217448e-14,7.826037403351799e-17,4.96186119448254e-05,0.0
wet_low_load,10720.0,0.8833231273547657,2.108528941182318e-14,7.6673779679357e-17,4.961861194560083e-05,0.0
wet_low_load,10730.0,0.8833231273682904,2.0657818988398247e-14,7.511934177599361e-17,4.9618611946360553e-05,0.0
wet_low_load,10740.0,0.8833231273815408,2.0239019641254356e-14,7.359643505910674e-17,4.9618611947104865e-05,0.0
wet_low_load,10750.0,0.8833231273945227,1.98287084112749e-14,7.21043942228178e-17,4.9618611947834086e-05,0.0
wet_low_load,10760.0,0.8833231274072413,1.9426716738903376e-14,7.0642606323285e-17,4.961861194854853e-05,0.0
wet_low_load,10770.0,0.8833231274197023,1.9032865900187913e-14,6.921042145522876e-17,4.9618611949248495e-05,0.0
wet_low_load,10780.0,0.8833231274319107,1.864700258216506e-14,6.780728211696385e-17,4.961861194993427e-05,0.0
wet_low_load,10790.0,0.8833231274438713,1.8268967542640728e-14,6.643260924596627e-17,4.961861195060613e-05,0.0
wet_low_load,10800.0,0.8833231274555897,1.789858883392663e-14,6.508577757791501e-17,4.9618611951264386e-05,0.0
wet_low_load,10810.0,0.8833231274670704,1.7535723307454676e-14,6.376626657256244e-17,4.961861195190929e-05,0.0
wet_low_load,10820.0,0.8833231274783182,1.718021934432731e-14,6.247352488846295e-17,4.96186119525411e-05,0.0
wet_low_load,10830.0,0.8833231274893381,1.683191939641634e-14,6.120697962333215e-17,4.961861195316012e-05,0.0
wet_low_load,10840.0,0.8833231275001348,1.6490673538890107e-14,5.996608559596401e-17,4.9618611953766596e-05,0.0
wet_low_load,10850.0,0.8833231275107121,1.615636064603715e-14,5.8750402349226e-17,4.961861195436075e-05,0.0
wet_low_load,10860.0,0.8833231275210752,1.58288163934657e-14,5.755933233987527e-17,4.961861195494288e-05,0.0
wet_low_load,10870.0,0.8833231275312283,1.5507912032167778e-14,5.6392407389701e-17,4.9618611955513205e-05,0.0
wet_low_load,10880.0,0.8833231275411754,1.5193520507201293e-14,5.5249165480731965e-17,4.961861195607196e-05,0.0
wet_low_load,10890.0,0.8833231275509209,1.4885496975932267e-14,5.4129079912480964e-17,4.961861195661939e-05,0.0
wet_low_load,10900.0,0.8833231275604687,1.458372370078103e-14,5.303172254829465e-17,4.961861195715572e-05,0.0
wet_low_load,10910.0,0.883323127569823,1.4288066850541917e-14,5.1956606729243334e-17,4.9618611957681176e-05,0.0
wet_low_load,10920.0,0.8833231275789877,1.3998402758404627e-14,5.0903282757835e-17,4.9618611958195975e-05,0.0
wet_low_load,10930.0,0.8833231275879666,1.3714610298657705e-14,4.98713101769371e-17,4.9618611958700346e-05,0.0
wet_low_load,10940.0,0.8833231275967637,1.3436564957457903e-14,4.886023620893782e-17,4.9618611959194505e-05,0.0
wet_low_load,10950.0,0.8833231276053822,1.3164161702719761e-14,4.7869678918980943e-17,4.961861195967863e-05,0.0
wet_low_load,10960.0,0.883323127613826,1.2897281949830666e-14,4.689920709029332e-17,4.961861196015294e-05,0.0
wet_low_load,10970.0,0.883323127622099,1.2635802879013263e-14,4.5948374105502764e-17,4.9618611960617656e-05,0.0
wet_low_load,10980.0,0.8833231276302039,1.237963301070925e-14,4.5016847311669994e-17,4.961861196107293e-05,0.0
wet_low_load,10990.0,0.8833231276381446,1.2128656301404854e-14,4.410420473238128e-17,4.961861196151898e-05,0.0
wet_low_load,11000.0,0.8833231276459244,1.1882764330882825e-14,4.3210052112301175e-17,4.961861196195599e-05,0.0
wet_low_load,11010.0,0.8833231276535465,1.1641855455189493e-14,4.2334019837052694e-17,4.961861196238415e-05,0.0
wet_low_load,11020.0,0.8833231276610138,1.1405837347733608e-14,4.1475772173576754e-17,4.9618611962803604e-05,0.0
wet_low_load,11030.0,0.8833231276683299,1.1174603282363815e-14,4.06349210267775e-17,4.9618611963214564e-05,0.0
wet_low_load,11040.0,0.8833231276754975,1.0948060085455916e-14,3.981112758347605e-17,4.961861196361719e-05,0.0
wet_low_load,11050.0,0.8833231276825197,1.072610950118803e-14,3.900403454977465e-17,4.961861196401165e-05,0.0
wet_low_load,11060.0,0.8833231276893997,1.0508658355935958e-14,3.821330311249439e-17,4.961861196439811e-05,0.0
wet_low_load,11070.0,0.8833231276961402,1.0295614323108451e-14,3.7438597538576184e-17,4.9618611964776744e-05,0.0
wet_low_load,11080.0,0.8833231277027439,1.008689354644373e-14,3.667961289615901e-17,4.96186119651477e-05,0.0
wet_low_load,11090.0,0.8833231277092141,9.882394381988124e-15,3.59359795708659e-17,4.961861196551114e-05,0.0
wet_low_load,11100.0,0.8833231277155529,9.682045678974065e-15,3.5207438832632954e-17,4.961861196586721e-05,0.0
wet_low_load,11110.0,0.8833231277217631,9.485761040040931e-15,3.4493676509239746e-17,4.9618611966216056e-05,0.0
wet_low_load,11120.0,0.8833231277278476,9.29345237376221e-15,3.379437226822621e-17,4.961861196655784e-05,0.0
wet_low_load,11130.0,0.8833231277338086,9.105045141238541e-15,3.3109255059049236e-17,4.961861196689268e-05,0.0
wet_low_load,11140.0,0.8833231277396487,8.920459721372884e-15,3.243803535044684e-17,4.961861196722074e-05,0.0
wet_low_load,11150.0,0.8833231277453706,8.739610563837565e-15,3.178040205031841e-17,4.961861196754215e-05,0.0
wet_low_load,11160.0,0.8833231277509764,8.562429058963858e-15,3.113610566895948e-17,4.9618611967857043e-05,0.0
wet_low_load,11170.0,0.8833231277564685,8.388844055984192e-15,3.050488747630615e-17,4.9618611968165546e-05,0.0
wet_low_load,11180.0,0.8833231277618495,8.218768310505001e-15,2.9886430220018187e-17,4.9618611968467815e-05,0.0
wet_low_load,11190.0,0.8833231277671212,8.052149306483555e-15,2.928054293266747e-17,4.961861196876394e-05,0.0
wet_low_load,11200.0,0.883323127772286,7.88890488172397e-15,2.8686926842632614e-17,4.9618611969054064e-05,0.0
wet_low_load,11210.0,0.8833231277773462,7.728970661722255e-15,2.81053478608082e-17,4.961861196933831e-05,0.0
wet_low_load,11220.0,0.8833231277823039,7.572274648677893e-15,2.753554417701052e-17,4.961861196961679e-05,0.0
wet_low_load,11230.0,0.8833231277871609,7.418761785449313e-15,2.6977315583452045e-17,4.9618611969889624e-05,0.0
wet_low_load,11240.0,0.8833231277919196,7.268357533137156e-15,2.6430391029589652e-17,4.961861197015693e-05,0.0
wet_low_load,11250.0,0.8833231277965816,7.121005987566903e-15,2.589456722751601e-17,4.961861197041881e-05,0.0
wet_low_load,11260.0,0.8833231278011493,6.976636845003933e-15,2.5369588527287027e-17,4.9618611970675386e-05,0.0
wet_low_load,11270.0,0.8833231278056244,6.8351950483066734e-15,2.485525472111517e-17,4.9618611970926765e-05,0.0
wet_low_load,11280.0,0.8833231278100087,6.696622999234712e-15,2.4351356360853495e-17,4.961861197117304e-05,0.0
wet_low_load,11290.0,0.883323127814304,6.560862252514687e-15,2.385768091823522e-17,4.9618611971414324e-05,0.0
wet_low_load,11300.0,0.8833231278185124,6.427849280675555e-15,2.3373997384274743e-17,4.961861197165072e-05,0.0
wet_low_load,11310.0,0.8833231278226351,6.297544273168795e-15,2.290016099334107e-17,4.96186119718823e-05,0.0
wet_low_load,11320.0,0.8833231278266745,6.169871844062102e-15,2.2435897614771274e-17,4.961861197210921e-05,0.0
wet_low_load,11330.0,0.883323127830632,6.044788794675165e-15,2.198105016245514e-17,4.961861197233151e-05,0.0
wet_low_load,11340.0,0.8833231278345094,5.922239220833465e-15,2.1535415348485327e-17,4.9618611972549315e-05,0.0
wet_low_load,11350.0,0.8833231278383081,5.802173994626063e-15,2.1098814525912953e-17,4.96186119727627e-05,0.0
wet_low_load,11360.0,0.8833231278420299,5.684540600010227e-15,2.0671056727309914e-17,4.961861197297176e-05,0.0
wet_low_load,11370.0,0.8833231278456761,5.5692975323715435e-15,2.025199102680561e-17,4.961861197317658e-05,0.0
wet_low_load,11380.0,0.8833231278492484,5.456390581601387e-15,1.9841420296732315e-17,4.961861197337724e-05,0.0
wet_low_load,11390.0,0.883323127852748,5.34577909011829e-15,1.9439196691339232e-17,4.9618611973573825e-05,0.0
wet_low_load,11400.0,0.8833231278561768,5.237405459681838e-15,1.904511076247941e-17,4.961861197376643e-05,0.0
wet_low_load,11410.0,0.8833231278595364,5.1312222564469864e-15,1.8658990023443585e-17,4.9618611973955145e-05,0.0
wet_low_load,11420.0,0.8833231278628277,5.0271939050299495e-15,1.8280705109199813e-17,4.961861197414003e-05,0.0
wet_low_load,11430.0,0.8833231278660523,4.925277206750418e-15,1.791009893363788e-17,4.961861197432116e-05,0.0
wet_low_load,11440.0,0.8833231278692114,4.825427268862186e-15,1.7547008250407948e-17,4.9618611974498615e-05,0.0
wet_low_load,11450.0,0.8833231278723065,4.72760258675084e-15,1.7191282133639414e-17,4.9618611974672474e-05,0.0
wet_low_load,11460.0,0.883323127875339,4.631757420637227e-15,1.684275425686264e-17,4.9618611974842816e-05,0.0
wet_low_load,11470.0,0.8833231278783096,4.537865512499982e-15,1.6501329136363568e-17,4.961861197500969e-05,0.0
wet_low_load,11480.0,0.8833231278812202,4.4458692640986924e-15,1.6166797323995243e-17,4.9618611975173186e-05,0.0
wet_low_load,11490.0,0.8833231278840719,4.355739876313151e-15,1.5839054095684183e-17,4.961861197533337e-05,0.0
wet_low_load,11500.0,0.8833231278868657,4.267434997495996e-15,1.5517945445439984e-17,4.961861197549031e-05,0.0
wet_low_load,11510.0,0.8833231278896029,4.180923287428178e-15,1.5203357408829738e-17,4.961861197564406e-05,0.0
wet_low_load,11520.0,0.8833231278922847,4.096159006330546e-15,1.4895123659383803e-17,4.9618611975794704e-05,0.0
wet_low_load,11530.0,0.8833231278949121,4.013117590247629e-15,1.4593154873627736e-17,4.961861197594229e-05,0.0
wet_low_load,11540.0,0.8833231278974862,3.931757534565011e-15,1.4297300125690948e-17,4.961861197608689e-05,0.0
wet_low_load,11550.0,0.8833231279000082,3.852046652030698e-15,1.4007442371020718e-17,4.9618611976228555e-05,0.0
wet_low_load,11560.0,0.883323127902479,3.7739527553926934e-15,1.3723464565064336e-17,4.9618611976367346e-05,0.0
wet_low_load,11570.0,0.8833231279048996,3.697445351464896e-15,1.344525582350871e-17,4.961861197650332e-05,0.0
wet_low_load,11580.0,0.8833231279072713,3.622485476731732e-15,1.3172674460842661e-17,4.961861197663654e-05,0.0
wet_low_load,11590.0,0.8833231279095947,3.5490519553695206e-15,1.2905643474070981e-17,4.961861197676705e-05,0.0
wet_low_load,11600.0,0.8833231279118712,3.4770990475991095e-15,1.2643996536724034e-17,4.961861197689493e-05,0.0
wet_low_load,11610.0,0.8833231279141015,3.406606424629765e-15,1.2387659725926415e-17,4.961861197702021e-05,0.0
wet_low_load,11620.0,0.8833231279162865,3.3375444403083328e-15,1.2136525237484845e-17,4.961861197714295e-05,0.0
wet_low_load,11630.0,0.8833231279184273,3.2698834484816593e-15,1.1890485267206032e-17,4.96186119772632e-05,0.0
wet_low_load,11640.0,0.8833231279205247,3.2035912618977487e-15,1.1649422770537266e-17,4.961861197738102e-05,0.0
wet_low_load,11650.0,0.8833231279225797,3.1386390814363944e-15,1.141323302340507e-17,4.9618611977496455e-05,0.0
wet_low_load,11660.0,0.8833231279245929,3.075009119405704e-15,1.1181851343293469e-17,4.9618611977609544e-05,0.0
wet_low_load,11670.0,0.8833231279265653,3.0126674944877876e-15,1.0955154525410136e-17,4.9618611977720336e-05,0.0
wet_low_load,11680.0,0.8833231279284977,2.9515930308589636e-15,1.0733065566759866e-17,4.9618611977828885e-05,0.0
wet_low_load,11690.0,0.8833231279303909,2.8917535412672363e-15,1.051546742278995e-17,4.961861197793523e-05,0.0
wet_low_load,11700.0,0.8833231279322458,2.8331278498889244e-15,1.0302283090505178e-17,4.961861197803942e-05,0.0
wet_low_load,11710.0,0.8833231279340631,2.7756888516697158e-15,1.0093414006071693e-17,4.961861197814151e-05,0.0
wet_low_load,11720.0,0.8833231279358431,2.719428076280138e-15,9.88882936829141e-18,4.96186119782415e-05,0.0
wet_low_load,11730.0,0.8833231279375874,2.6642980898751445e-15,9.68835669045507e-18,4.9618611978339476e-05,0.0
wet_low_load,11740.0,0.8833231279392963,2.610283645861685e-15,9.491940530406126e-18,4.9618611978435475e-05,0.0
wet_low_load,11750.0,0.8833231279409706,2.557366956547867e-15,9.299516205628607e-18,4.961861197852952e-05,0.0
wet_low_load,11760.0,0.883323127942611,2.5055175287475896e-15,9.110972831809414e-18,4.961861197862167e-05,0.0
wet_low_load,11770.0,0.8833231279442182,2.4547209629007492e-15,8.926258046911814e-18,4.961861197871195e-05,0.0
wet_low_load,11780.0,0.8833231279457928,2.4049526950518756e-15,8.745282527461364e-18,4.96186119788004e-05,0.0
wet_low_load,11790.0,0.8833231279473355,2.356194090476129e-15,8.567978510822286e-18,4.961861197888705e-05,0.0
wet_low_load,11800.0,0.8833231279488467,2.3084290555475118e-15,8.394287474718223e-18,4.9618611978971945e-05,0.0
wet_low_load,11810.0,0.8833231279503275,2.2616262500469754e-15,8.224095454716272e-18,4.9618611979055124e-05,0.0
wet_low_load,11820.0,0.8833231279517781,2.2157772036450474e-15,8.057371649618352e-18,4.961861197913661e-05,0.0
wet_low_load,11830.0,0.8833231279531994,2.1708539642544683e-15,7.894014415470793e-18,4.9618611979216447e-05,0.0
wet_low_load,11840.0,0.8833231279545919,2.1268438263810294e-15,7.733977550476468e-18,4.9618611979294665e-05,0.0
wet_low_load,11850.0,0.883323127955956,2.083728155299891e-15,7.577193291999602e-18,4.961861197937129e-05,0.0
wet_low_load,11860.0,0.8833231279572926,2.04148323408853e-15,7.423575396685563e-18,4.961861197944637e-05,0.0
wet_low_load,11870.0,0.8833231279586022,2.000090428022107e-15,7.27305610189857e-18,4.9618611979519935e-05,0.0
wet_low_load,11880.0,0.8833231279598851,1.9595438078699907e-15,7.125613846799965e-18,4.9618611979592e-05,0.0
wet_low_load,11890.0,0.883323127961142,1.919817962643764e-15,6.981156227795505e-18,4.96186119796626e-05,0.0
wet_low_load,11900.0,0.8833231279623734,1.8808959516844817e-15,6.839621642489024e-18,4.9618611979731775e-05,0.0
wet_low_load,11910.0,0.8833231279635797,1.8427701516956184e-15,6.700982369802248e-18,4.961861197979954e-05,0.0
wet_low_load,11920.0,0.883323127964762,1.8054024461945477e-15,6.565099804343809e-18,4.9618611979865945e-05,0.0
wet_low_load,11930.0,0.88332312796592,1.7687996114448476e-15,6.431998587072172e-18,4.9618611979931e-05,0.0
wet_low_load,11940.0,0.8833231279670546,1.7329404716228368e-15,6.3016017149921325e-18,4.961861197999473e-05,0.0
wet_low_load,11950.0,0.883323127968166,1.6978114742013592e-15,6.17385990618676e-18,4.9618611980057164e-05,0.0
wet_low_load,11960.0,0.883323127969255,1.6633914433567334e-15,6.048696157660848e-18,4.961861198011833e-05,0.0
wet_low_load,11970.0,0.883323127970322,1.6296702146935925e-15,5.9260735079767e-18,4.961861198017827e-05,0.0
wet_low_load,11980.0,0.8833231279713675,1.5966257653553077e-15,5.8059118740193005e-18,4.961861198023699e-05,0.0
wet_low_load,11990.0,0.8833231279723915,1.5642580953418792e-15,5.68821125578865e-18,4.961861198029452e-05,0.0
wet_low_load,12000.0,0.8833231279733949,1.5325468758625727e-15,5.572897730409354e-18,4.961861198035088e-05,0.0
wet_low_load,12010.0,0.8833231279743778,1.501477707357285e-15,5.459918935844672e-18,4.9618611980406094e-05,0.0
wet_low_load,12020.0,0.883323127975341,1.4710370372988599e-15,5.349225590177671e-18,4.9618611980460196e-05,0.0
wet_low_load,12030.0,0.8833231279762845,1.4412138542589832e-15,5.240777651850847e-18,4.96186119805132e-05,0.0
wet_low_load,12040.0,0.8833231279772089,1.4119979938422879e-15,5.134538159426501e-18,4.9618611980565126e-05,0.0
wet_low_load,12050.0,0.8833231279781146,1.3833708213239343e-15,5.030439350268851e-18,4.9618611980616e-05,0.0
wet_low_load,12060.0,0.8833231279790019,1.3553264074732917e-15,4.928459663539242e-18,4.961861198066584e-05,0.0
wet_low_load,12070.0,0.8833231279798711,1.327854587894993e-15,4.828562137799974e-18,4.9618611980714665e-05,0.0
wet_low_load,12080.0,0.8833231279807229,1.3009333397324095e-15,4.730666689936034e-18,4.961861198076251e-05,0.0
wet_low_load,12090.0,0.8833231279815573,1.2745592748537524e-15,4.63476099946819e-18,4.9618611980809383e-05,0.0
wet_low_load,12100.0,0.8833231279823748,1.2487222288636544e-15,4.540808104958743e-18,4.9618611980855306e-05,0.0
wet_low_load,12110.0,0.8833231279831758,1.2234044140702234e-15,4.4487433238917206e-18,4.96186119809003e-05,0.0
wet_low_load,12120.0,0.8833231279839606,1.1985990542098812e-15,4.3585420153086585e-18,4.961861198094439e-05,0.0
wet_low_load,12130.0,0.8833231279847295,1.1742993730190499e-15,4.27017953825109e-18,4.961861198098757e-05,0.0
wet_low_load,12140.0,0.8833231279854826,1.1504935120364677e-15,4.183612771041701e-18,4.961861198102988e-05,0.0
wet_low_load,12150.0,0.8833231279862206,1.1271696128008733e-15,4.098798592003175e-18,4.9618611981071333e-05,0.0
wet_low_load,12160.0,0.8833231279869436,1.1043183579498468e-15,4.015703119817625e-18,4.9618611981111944e-05,0.0
wet_low_load,12170.0,0.8833231279876519,1.0819312771539157e-15,3.9342955532869654e-18,4.9618611981151734e-05,0.0
wet_low_load,12180.0,0.8833231279883459,1.059995664918871e-15,3.854529690614076e-18,4.961861198119072e-05,0.0
wet_low_load,12190.0,0.8833231279890259,1.0385030509152404e-15,3.776374730600874e-18,4.9618611981228915e-05,0.0
wet_low_load,12200.0,0.8833231279896919,1.0174525881100766e-15,3.69982759312755e-18,4.961861198126633e-05,0.0
wet_low_load,12210.0,0.8833231279903445,9.96826488811487e-16,3.6248235956781345e-18,4.961861198130299e-05,0.0
wet_low_load,12220.0,0.8833231279909839,9.76617976755894e-16,3.5513380972941594e-18,4.96186119813389e-05,0.0
wet_low_load,12230.0,0.8833231279916106,9.56809264251405e-16,3.479306415459654e-18,4.9618611981374104e-05,0.0
wet_low_load,12240.0,0.883323127992224,9.374215271217012e-16,3.408805553169822e-18,4.961861198140856e-05,0.0
wet_low_load,12250.0,0.8833231279928253,9.184166488841565e-16,3.3396969050332957e-18,4.961861198144234e-05,0.0
wet_low_load,12260.0,0.8833231279934146,8.997912414069817e-16,3.271968150570842e-18,4.961861198147544e-05,0.0
wet_low_load,12270.0,0.8833231279939918,8.815478457890186e-16,3.2056285301418853e-18,4.961861198150787e-05,0.0
wet_low_load,12280.0,0.883323127994557,8.636830738984781e-16,3.140665723267193e-18,4.9618611981539614e-05,0.0
wet_low_load,12290.0,0.8833231279951113,8.461655855163119e-16,3.076965765513861e-18,4.9618611981570744e-05,0.0
wet_low_load,12300.0,0.8833231279956539,8.290140153673596e-16,3.014596419517671e-18,4.961861198160123e-05,0.0
wet_low_load,12310.0,0.8833231279961857,8.122054935620453e-16,2.9534745220438003e-18,4.96186119816311e-05,0.0
wet_low_load,12320.0,0.8833231279967066,7.957408671333162e-16,2.8936031532120583e-18,4.961861198166037e-05,0.0
wet_low_load,12330.0,0.8833231279972171,7.796065835540163e-16,2.834933031105513e-18,4.961861198168904e-05,0.0
wet_low_load,12340.0,0.8833231279977173,7.637984076594093e-16,2.777448755125124e-18,4.961861198171713e-05,0.0
wet_low_load,12350.0,0.8833231279982071,7.483163394494952e-16,2.721150325270891e-18,4.961861198174465e-05,0.0
wet_low_load,12360.0,0.8833231279986872,7.331434382653289e-16,2.66597613914665e-18,4.961861198177161e-05,0.0
wet_low_load,12370.0,0.8833231279991574,7.182830922386994e-16,2.611938517231634e-18,4.961861198179803e-05,0.0
wet_low_load,12380.0,0.8833231279996181,7.037200547765562e-16,2.558982017369295e-18,4.9618611981823905e-05,0.0
wet_low_load,12390.0,0.8833231280000696,6.894492436812158e-16,2.5070881588407844e-18,4.961861198184927e-05,0.0
wet_low_load,12400.0,0.8833231280005117,6.754757411503616e-16,2.456275422364951e-18,4.9618611981874104e-05,0.0
wet_low_load,12410.0,0.883323128000945,6.617800654262068e-16,2.406472965186206e-18,4.9618611981898444e-05,0.0
wet_low_load,12420.0,0.8833231280013695,6.483656046405405e-16,2.357693107783783e-18,4.961861198192229e-05,0.0
wet_low_load,12430.0,0.8833231280017855,6.35217112200312e-16,2.309880408001134e-18,4.9618611981945654e-05,0.0
wet_low_load,12440.0,0.8833231280021928,6.223422114020466e-16,2.2630625869165325e-18,4.961861198196854e-05,0.0
wet_low_load,12450.0,0.8833231280025922,6.097205734550103e-16,2.2171657216545827e-18,4.961861198199097e-05,0.0
wet_low_load,12460.0,0.8833231280029833,5.973581275898338e-16,2.1722113730539405e-18,4.961861198201294e-05,0.0
wet_low_load,12470.0,0.8833231280033665,5.8524470941115e-16,2.1281625796769087e-18,4.961861198203447e-05,0.0
wet_low_load,12480.0,0.8833231280037419,5.73380318918959e-16,2.085019341523487e-18,4.961861198205555e-05,0.0
wet_low_load,12490.0,0.8833231280041097,5.61755638750841e-16,2.0427477772757853e-18,4.961861198207621e-05,0.0
wet_low_load,12500.0,0.88332312800447,5.503681278079542e-16,2.0013386465743787e-18,4.9618611982096453e-05,0.0
wet_low_load,12510.0,0.8833231280048232,5.39205927629037e-16,1.9607488277419525e-18,4.961861198211629e-05,0.0
wet_low_load,12520.0,0.883323128005169,5.282758144776675e-16,1.9210029617369725e-18,4.9618611982135715e-05,0.0
wet_low_load,12530.0,0.8833231280055077,5.175693180243732e-16,1.8820702473613566e-18,4.961861198215474e-05,0.0
wet_low_load,12540.0,0.8833231280058397,5.070771209067342e-16,1.8439168032972148e-18,4.961861198217339e-05,0.0
wet_low_load,12550.0,0.8833231280061649,4.967992231247505e-16,1.806542629544547e-18,4.961861198219166e-05,0.0
wet_low_load,12560.0,0.8833231280064836,4.867254602830551e-16,1.7699107646656548e-18,4.961861198220956e-05,0.0
wet_low_load,12570.0,0.8833231280067958,4.768575264475425e-16,1.7340273689001541e-18,4.96186119822271e-05,0.0
wet_low_load,12580.0,0.8833231280071017,4.6719033942052915e-16,1.6988739615291966e-18,4.961861198224428e-05,0.0
wet_low_load,12590.0,0.8833231280074014,4.577162759054898e-16,1.6644228214745082e-18,4.9618611982261117e-05,0.0
wet_low_load,12600.0,0.8833231280076952,4.484311007376882e-16,1.6306585481370476e-18,4.961861198227762e-05,0.0
wet_low_load,12610.0,0.8833231280079828,4.393390490818605e-16,1.5975965421158563e-18,4.961861198229378e-05,0.0
wet_low_load,12620.0,0.8833231280082645,4.304367328062178e-16,1.565224482931701e-18,4.96186119823096e-05,0.0
wet_low_load,12630.0,0.8833231280085407,4.2170636421886773e-16,1.5334776880686098e-18,4.961861198232512e-05,0.0
wet_low_load,12640.0,0.8833231280088112,4.1315810771517733e-16,1.5023931189642808e-18,4.961861198234031e-05,0.0
wet_low_load,12650.0,0.8833231280090763,4.0477841076799054e-16,1.4719214937017836e-18,4.96186119823552e-05,0.0
wet_low_load,12660.0,0.8833231280093359,3.9657489667383264e-16,1.4420905333593912e-18,4.961861198236978e-05,0.0
wet_low_load,12670.0,0.8833231280095902,3.8853570697144207e-16,1.4128571162597892e-18,4.961861198238407e-05,0.0
wet_low_load,12680.0,0.8833231280098396,3.806540653972408e-16,1.3841966014445119e-18,4.961861198239808e-05,0.0
wet_low_load,12690.0,0.8833231280100838,3.729342071159651e-16,1.3561243895126002e-18,4.9618611982411794e-05,0.0
wet_low_load,12700.0,0.8833231280103229,3.65379520259404e-16,1.328652800943287e-18,4.9618611982425224e-05,0.0
wet_low_load,12710.0,0.8833231280105571,3.579747582345069e-16,1.3017263935800251e-18,4.9618611982438384e-05,0.0
wet_low_load,12720.0,0.8833231280107868,3.507148388435903e-16,1.2753266867039647e-18,4.9618611982451286e-05,0.0
wet_low_load,12730.0,0.8833231280110118,3.4360569131728497e-16,1.2494752411537632e-18,4.961861198246392e-05,0.0
wet_low_load,12740.0,0.8833231280112323,3.366363042272766e-16,1.2241320153719147e-18,4.9618611982476304e-05,0.0
wet_low_load,12750.0,0.8833231280114482,3.298117597712487e-16,1.1993154900772678e-18,4.961861198248843e-05,0.0
wet_low_load,12760.0,0.8833231280116597,3.2312697575151775e-16,1.1750071845509735e-18,4.961861198250032e-05,0.0
wet_low_load,12770.0,0.883323128011867,3.1657517590450573e-16,1.151182457834566e-18,4.961861198251196e-05,0.0
wet_low_load,12780.0,0.88332312801207,3.101572072631599e-16,1.127844390047854e-18,4.9618611982523365e-05,0.0
wet_low_load,12790.0,0.8833231280122688,3.0387645795926926e-16,1.1050053016700698e-18,4.961861198253453e-05,0.0
wet_low_load,12800.0,0.8833231280124636,2.9771768139978325e-16,1.0826097505446663e-18,4.9618611982545476e-05,0.0
wet_low_load,12810.0,0.8833231280126544,2.9168595978238537e-16,1.060676217390492e-18,4.9618611982556196e-05,0.0
wet_low_load,12820.0,0.8833231280128417,2.8576604651402507e-16,1.039149260051e-18,4.961861198256671e-05,0.0
wet_low_load,12830.0,0.8833231280130249,2.7997657631954193e-16,1.0180966411619705e-18,4.9618611982577006e-05,0.0
wet_low_load,12840.0,0.8833231280132046,2.7429891447409635e-16,9.97450598087623e-19,4.9618611982587096e-05,0.0
wet_low_load,12850.0,0.8833231280133805,2.687372961424246e-16,9.772265314269984e-19,4.961861198259698e-05,0.0
wet_low_load,12860.0,0.883323128013553,2.6328748615979045e-16,9.57409040581056e-19,4.9618611982606665e-05,0.0
wet_low_load,12870.0,0.8833231280137218,2.579503315591411e-16,9.380012056696039e-19,4.961861198261615e-05,0.0
wet_low_load,12880.0,0.8833231280138872,2.527215971757403e-16,9.18987626093601e-19,4.961861198262544e-05,0.0
wet_low_load,12890.0,0.8833231280140493,2.475987419107463e-16,9.003590614936227e-19,4.961861198263455e-05,0.0
wet_low_load,12900.0,0.8833231280142082,2.4257668356647555e-16,8.8209703115082e-19,4.9618611982643474e-05,0.0
wet_low_load,12910.0,0.8833231280143639,2.3765711620882257e-16,8.642076953048092e-19,4.9618611982652215e-05,0.0
wet_low_load,12920.0,0.8833231280145162,2.3284258093662913e-16,8.467002943150148e-19,4.9618611982660774e-05,0.0
wet_low_load,12930.0,0.8833231280146655,2.2812291335452817e-16,8.295378667437387e-19,4.961861198266916e-05,0.0
wet_low_load,12940.0,0.8833231280148117,2.2350234862725596e-16,8.127358131900215e-19,4.9618611982677376e-05,0.0
wet_low_load,12950.0,0.883323128014955,2.189715693923927e-16,7.962602523359733e-19,4.9618611982685426e-05,0.0
wet_low_load,12960.0,0.8833231280150956,2.1452972861699116e-16,7.801081040617859e-19,4.961861198269332e-05,0.0
wet_low_load,12970.0,0.8833231280152332,2.1018190849873483e-16,7.642978490863084e-19,4.9618611982701045e-05,0.0
wet_low_load,12980.0,0.8833231280153679,2.059213327740457e-16,7.488048464510752e-19,4.961861198270862e-05,0.0
wet_low_load,12990.0,0.8833231280155001,2.0174630737702925e-16,7.336229359164699e-19,4.961861198271604e-05,0.0
wet_low_load,13000.0,0.8833231280156295,1.9765429120884373e-16,7.187428771230681e-19,4.961861198272331e-05,0.0
wet_low_load,13010.0,0.8833231280157563,1.9364697833538363e-16,7.041708303104859e-19,4.9618611982730434e-05,0.0
wet_low_load,13020.0,0.8833231280158804,1.8972436875664897e-16,6.899067954787234e-19,4.9618611982737407e-05,0.0
wet_low_load,13030.0,0.8833231280160021,1.858779921431672e-16,6.759199714296988e-19,4.9618611982744244e-05,0.0
wet_low_load,13040.0,0.8833231280161215,1.821061544290438e-16,6.622041979237955e-19,4.9618611982750946e-05,0.0
wet_low_load,13050.0,0.8833231280162384,1.7841054968017328e-16,6.4876563520063e-19,4.961861198275751e-05,0.0
wet_low_load,13060.0,0.8833231280163528,1.7479287196245016e-16,6.356104434998187e-19,4.961861198276394e-05,0.0
wet_low_load,13070.0,0.8833231280164648,1.712522742429272e-16,6.227355427015534e-19,4.961861198277024e-05,0.0
wet_low_load,13080.0,0.8833231280165748,1.677785921262373e-16,6.101039713681356e-19,4.961861198277641e-05,0.0
wet_low_load,13090.0,0.8833231280166824,1.6437436671122227e-16,5.977249698589899e-19,4.9618611982782455e-05,0.0
wet_low_load,13100.0,0.8833231280167878,1.6104468019556561e-16,5.856170188929658e-19,4.961861198278838e-05,0.0
wet_low_load,13110.0,0.8833231280168911,1.577810622497948e-16,5.73749317271981e-19,4.961861198279418e-05,0.0
wet_low_load,13120.0,0.8833231280169922,1.5458435990685707e-16,5.621249451158438e-19,4.961861198279986e-05,0.0
wet_low_load,13130.0,0.8833231280170913,1.514511850349634e-16,5.507315819453214e-19,4.961861198280543e-05,0.0
wet_low_load,13140.0,0.8833231280171885,1.4838069060116657e-16,5.395661476406057e-19,4.961861198281088e-05,0.0
wet_low_load,13150.0,0.8833231280172835,1.4537711177020282e-16,5.286440428007375e-19,4.961861198281622e-05,0.0
wet_low_load,13160.0,0.8833231280173769,1.4242604898196884e-16,5.179129053889775e-19,4.9618611982821466e-05,0.0
wet_low_load,13170.0,0.883323128017468,1.395444428954097e-16,5.074343378014898e-19,4.961861198282659e-05,0.0
wet_low_load,13180.0,0.8833231280175577,1.3670942362094957e-16,4.9712517680345285e-19,4.9618611982831624e-05,0.0
wet_low_load,13190.0,0.8833231280176453,1.3394047291637526e-16,4.870562651504554e-19,4.961861198283654e-05,0.0
wet_low_load,13200.0,0.8833231280177313,1.3122488528747797e-16,4.771814010453745e-19,4.9618611982841375e-05,0.0
wet_low_load,13210.0,0.8833231280178154,1.2856520183309947e-16,4.675098248476344e-19,4.96186119828461e-05,0.0
wet_low_load,13220.0,0.8833231280178979,1.2595803442145073e-16,4.580292160780027e-19,4.961861198285073e-05,0.0
wet_low_load,13230.0,0.8833231280179786,1.2340677118432078e-16,4.487518952157119e-19,4.9618611982855266e-05,0.0
wet_low_load,13240.0,0.8833231280180577,1.209080239899206e-16,4.396655417815294e-19,4.961861198285971e-05,0.0
wet_low_load,13250.0,0.8833231280181353,1.184558636076194e-16,4.3074859493679777e-19,4.961861198286407e-05,0.0
wet_low_load,13260.0,0.8833231280182113,1.160519841033117e-16,4.2200721492113334e-19,4.961861198286834e-05,0.0
wet_low_load,13270.0,0.8833231280182857,1.1370062064173375e-16,4.1345680233357723e-19,4.961861198287252e-05,0.0
wet_low_load,13280.0,0.8833231280183587,1.1139499695930755e-16,4.0507271621566373e-19,4.961861198287662e-05,0.0
wet_low_load,13290.0,0.8833231280184303,1.0913172492424406e-16,3.968426360881601e-19,4.9618611982880636e-05,0.0
wet_low_load,13300.0,0.8833231280185002,1.0692096893191033e-16,3.8880352338876473e-19,4.961861198288457e-05,0.0
wet_low_load,13310.0,0.8833231280185687,1.0475595271872834e-16,3.8093073715901207e-19,4.9618611982888416e-05,0.0
wet_low_load,13320.0,0.8833231280186359,1.0263328815290906e-16,3.732119569196693e-19,4.961861198289219e-05,0.0
wet_low_load,13330.0,0.8833231280187018,1.0054874006971623e-16,3.656317820716953e-19,4.961861198289589e-05,0.0
wet_low_load,13340.0,0.8833231280187663,9.850993176567513e-17,3.582179336933641e-19,4.9618611982899515e-05,0.0
wet_low_load,13350.0,0.8833231280188295,9.651347510899674e-17,3.5095809130544264e-19,4.9618611982903066e-05,0.0
wet_low_load,13360.0,0.8833231280188915,9.45551349349448e-17,3.4383685430889014e-19,4.961861198290654e-05,0.0
wet_low_load,13370.0,0.8833231280189521,9.263914640825557e-17,3.368696233027475e-19,4.961861198290995e-05,0.0
wet_low_load,13380.0,0.8833231280190116,9.075873326535103e-17,3.3003175732854914e-19,4.961861198291329e-05,0.0
wet_low_load,13390.0,0.8833231280190699,8.891643660507292e-17,3.233324967457197e-19,4.9618611982916564e-05,0.0
wet_low_load,13400.0,0.8833231280191269,8.711310346036852e-17,3.167749216740673e-19,4.961861198291977e-05,0.0
wet_low_load,13410.0,0.8833231280191828,8.534788679829056e-17,3.1035595199378377e-19,4.961861198292291e-05,0.0
wet_low_load,13420.0,0.8833231280192375,8.361739848705002e-17,3.040632672256364e-19,4.961861198292598e-05,0.0
wet_low_load,13430.0,0.8833231280192912,8.191909742780515e-17,2.978876270102005e-19,4.9618611982929e-05,0.0
wet_low_load,13440.0,0.8833231280193438,8.025975988413397e-17,2.918536723059417e-19,4.961861198293195e-05,0.0
wet_low_load,13450.0,0.8833231280193953,7.863176255951121e-17,2.8593368203458616e-19,4.9618611982934847e-05,0.0
wet_low_load,13460.0,0.8833231280194459,7.703171732214784e-17,2.8011533571690116e-19,4.9618611982937686e-05,0.0
wet_low_load,13470.0,0.8833231280194953,7.54697885674109e-17,2.7443559479058507e-19,4.9618611982940464e-05,0.0
wet_low_load,13480.0,0.8833231280195436,7.394343519645866e-17,2.688852188962133e-19,4.9618611982943175e-05,0.0
wet_low_load,13490.0,0.883323128019591,7.24450339127658e-17,2.6343648695551194e-19,4.961861198294584e-05,0.0
wet_low_load,13500.0,0.8833231280196374,7.097797284812135e-17,2.58101719447714e-19,4.9618611982948447e-05,0.0
wet_low_load,13510.0,0.883323128019683,6.953632277189453e-17,2.528593555341619e-19,4.961861198295101e-05,0.0
wet_low_load,13520.0,0.8833231280197277,6.812516588176887e-17,2.4772787593370495e-19,4.9618611982953515e-05,0.0
wet_low_load,13530.0,0.8833231280197712,6.674958437542788e-17,2.4272576136519226e-19,4.961861198295596e-05,0.0
wet_low_load,13540.0,0.883323128019814,6.539517869276826e-17,2.3780064979188453e-19,4.961861198295837e-05,0.0
wet_low_load,13550.0,0.8833231280198561,6.4065336965579e-17,2.3296486169301454e-19,4.961861198296073e-05,0.0
wet_low_load,13560.0,0.8833231280198971,6.277022358922718e-17,2.2825535850628063e-19,4.9618611982963036e-05,0.0
wet_low_load,13570.0,0.8833231280199373,6.150052120129298e-17,2.236382589137926e-19,4.961861198296529e-05,0.0
wet_low_load,13580.0,0.8833231280199769,6.024775947230387e-17,2.190827617174686e-19,4.9618611982967515e-05,0.0
wet_low_load,13590.0,0.8833231280200154,5.902972609415219e-17,2.1465354943328068e-19,4.961861198296968e-05,0.0
wet_low_load,13600.0,0.8833231280200532,5.783710370441814e-17,2.1031674074333864e-19,4.9618611982971804e-05,0.0
wet_low_load,13610.0,0.8833231280200905,5.665803384184015e-17,2.0602921397032778e-19,4.96186119829739e-05,0.0
wet_low_load,13620.0,0.8833231280201267,5.551369233009959e-17,2.0186797210945305e-19,4.961861198297593e-05,0.0
wet_low_load,13630.0,0.8833231280201623,5.438713851025137e-17,1.9777141276455042e-19,4.961861198297793e-05,0.0
wet_low_load,13640.0,0.8833231280201973,5.328260754703176e-17,1.9375493653466094e-19,4.9618611982979895e-05,0.0
wet_low_load,13650.0,0.8833231280202313,5.220856976991331e-17,1.8984934461786655e-19,4.9618611982981806e-05,0.0
wet_low_load,13660.0,0.883323128020265,5.114130825637289e-17,1.8596839365953777e-19,4.9618611982983703e-05,0.0
wet_low_load,13670.0,0.8833231280202977,5.011046915956441e-17,1.8221988785296146e-19,4.961861198298553e-05,0.0
wet_low_load,13680.0,0.88332312802033,4.908894742517572e-17,1.7850526336427533e-19,4.961861198298735e-05,0.0
wet_low_load,13690.0,0.8833231280203613,4.80996129427827e-17,1.749076834283007e-19,4.961861198298911e-05,0.0
wet_low_load,13700.0,0.8833231280203923,4.712044285575673e-17,1.7134706493002446e-19,4.9618611982990846e-05,0.0
wet_low_load,13710.0,0.8833231280204223,4.616922485599015e-17,1.678880903854187e-19,4.961861198299254e-05,0.0
wet_low_load,13720.0,0.8833231280204521,4.5229018284537875e-17,1.6446915739831953e-19,4.961861198299421e-05,0.0
wet_low_load,13730.0,0.883323128020481,4.4316763800344994e-17,1.6115186836489086e-19,4.961861198299583e-05,0.0
wet_low_load,13740.0,0.8833231280205095,4.3414673711519164e-17,1.5787154076916057e-19,4.961861198299743e-05,0.0
wet_low_load,13750.0,0.8833231280205373,4.253714757816371e-17,1.5468053664786802e-19,4.961861198299899e-05,0.0
wet_low_load,13760.0,0.8833231280205646,4.1674021004911577e-17,1.5154189456331482e-19,4.961861198300053e-05,0.0
wet_low_load,13770.0,0.8833231280205911,4.083545838712982e-17,1.4849257595319932e-19,4.961861198300202e-05,0.0
wet_low_load,13780.0,0.8833231280206176,3.999689576934806e-17,1.4544325734308385e-19,4.961861198300351e-05,0.0
wet_low_load,13790.0,0.8833231280206431,3.919306150240373e-17,1.4252022364510447e-19,4.9618611983004933e-05,0.0
wet_low_load,13800.0,0.8833231280206684,3.839346240019567e-17,1.3961259054616607e-19,4.9618611983006357e-05,0.0
wet_low_load,13810.0,0.8833231280206928,3.7621815385247004e-17,1.3680660140089819e-19,4.961861198300773e-05,0.0
wet_low_load,13820.0,0.883323128020717,3.6856097600929116e-17,1.3402217309428767e-19,4.961861198300909e-05,0.0
wet_low_load,13830.0,0.8833231280207408,3.6105626409661806e-17,1.3129318694422472e-19,4.961861198301042e-05,0.0
wet_low_load,13840.0,0.8833231280207636,3.5382260272706634e-17,1.286627646280241e-19,4.961861198301171e-05,0.0
wet_low_load,13850.0,0.8833231280207866,3.46563530369097e-17,1.260231019523989e-19,4.9618611983013e-05,0.0
wet_low_load,13860.0,0.8833231280208086,3.396178602016117e-17,1.2349740370967697e-19,4.961861198301424e-05,0.0
wet_low_load,13870.0,0.8833231280208304,3.327399526699068e-17,1.2099634642542063e-19,4.961861198301546e-05,0.0
wet_low_load,13880.0,0.8833231280208521,3.258620451382019e-17,1.184952891411643e-19,4.961861198301668e-05,0.0
wet_low_load,13890.0,0.8833231280208725,3.193991837506516e-17,1.1614515772750964e-19,4.961861198301783e-05,0.0
wet_low_load,13900.0,0.8833231280208931,3.1291091137468363e-17,1.137857859544304e-19,4.961861198301898e-05,0.0
wet_low_load,13910.0,0.8833231280209135,3.0645652031660586e-17,1.1143873466058393e-19,4.9618611983020126e-05,0.0
wet_low_load,13920.0,0.8833231280209328,3.0034941276690236e-17,1.0921796827887356e-19,4.961861198302121e-05,0.0
wet_low_load,13930.0,0.883323128020952,2.94276186535089e-17,1.0700952237639598e-19,4.9618611983022294e-05,0.0
wet_low_load,13940.0,0.8833231280209712,2.8821143063274823e-17,1.0480415659372662e-19,4.961861198302337e-05,0.0
wet_low_load,13950.0,0.8833231280209893,2.8248548790930916e-17,1.0272199560338513e-19,4.961861198302439e-05,0.0
wet_low_load,13960.0,0.8833231280210074,2.7676801551534264e-17,1.0064291473285185e-19,4.9618611983025405e-05,0.0
wet_low_load,13970.0,0.8833231280210255,2.710505431213761e-17,9.856383386231858e-20,4.961861198302642e-05,0.0
wet_low_load,13980.0,0.8833231280210426,2.6564647291789367e-17,9.65987174246886e-20,4.961861198302738e-05,0.0
wet_low_load,13990.0,0.8833231280210596,2.602762840323014e-17,9.464592146629141e-20,4.961861198302833e-05,0.0
wet_low_load,14000.0,0.8833231280210765,2.5493997646459932e-17,9.270544598712702e-20,4.961861198302928e-05,0.0
wet_low_load,14010.0,0.8833231280210929,2.4974766449793045e-17,9.081733254470197e-20,4.961861198303021e-05,0.0
wet_low_load,14020.0,0.8833231280211087,2.4476711076807517e-17,8.900622209748187e-20,4.961861198303109e-05,0.0
wet_low_load,14030.0,0.8833231280211243,2.3982043835611006e-17,8.720743212949455e-20,4.961861198303197e-05,0.0
wet_low_load,14040.0,0.88332312802114,2.3487376594414494e-17,8.540864216150725e-20,4.961861198303285e-05,0.0
wet_low_load,14050.0,0.883323128021155,2.3013038143952086e-17,8.368377506891666e-20,4.961861198303369e-05,0.0
wet_low_load,14060.0,0.8833231280211694,2.2557334418329272e-17,8.202667061210644e-20,4.9618611983034505e-05,0.0
wet_low_load,14070.0,0.883323128021184,2.2097395527970187e-17,8.035416555625522e-20,4.961861198303532e-05,0.0
wet_low_load,14080.0,0.8833231280211984,2.164084476940012e-17,7.869398097963679e-20,4.961861198303613e-05,0.0
wet_low_load,14090.0,0.8833231280212123,2.1202928735669646e-17,7.71015590387987e-20,4.961861198303691e-05,0.0
wet_low_load,14100.0,0.8833231280212256,2.078195336088426e-17,7.557073949412457e-20,4.9618611983037656e-05,0.0
wet_low_load,14110.0,0.8833231280212388,2.036436611788789e-17,7.405224042868322e-20,4.96186119830384e-05,0.0
wet_low_load,14120.0,0.8833231280212521,1.9942543710155247e-17,7.25183407642009e-20,4.961861198303915e-05,0.0
wet_low_load,14130.0,0.8833231280212653,1.9524956467158877e-17,7.099984169875955e-20,4.961861198303989e-05,0.0
wet_low_load,14140.0,0.8833231280212774,1.9142944607947188e-17,6.961070766526249e-20,4.961861198304057e-05,0.0
wet_low_load,14150.0,0.8833231280212894,1.876347384757726e-17,6.823081399119002e-20,4.961861198304125e-05,0.0
wet_low_load,14160.0,0.8833231280213015,1.8381461988365572e-17,6.684167995769297e-20,4.9618611983041925e-05,0.0
wet_low_load,14170.0,0.8833231280213136,1.7998603096206628e-17,6.544946580438774e-20,4.96186119830426e-05,0.0
wet_low_load,14180.0,0.8833231280213254,1.762675563236199e-17,6.409729320858904e-20,4.961861198304327e-05,0.0
wet_low_load,14190.0,0.8833231280213363,1.7282860255776744e-17,6.284676456646088e-20,4.961861198304388e-05,0.0
wet_low_load,14200.0,0.8833231280213472,1.6938964879191498e-17,6.159623592433271e-20,4.9618611983044487e-05,0.0
wet_low_load,14210.0,0.883323128021358,1.6595069502606252e-17,6.034570728220455e-20,4.9618611983045096e-05,0.0
wet_low_load,14220.0,0.8833231280213688,1.6254562257810024e-17,5.910749911930916e-20,4.9618611983045706e-05,0.0
wet_low_load,14230.0,0.8833231280213797,1.5910666881224778e-17,5.7856970477181e-20,4.9618611983046316e-05,0.0
wet_low_load,14240.0,0.8833231280213897,1.5595570624846178e-17,5.671116590853154e-20,4.961861198304688e-05,0.0
wet_low_load,14250.0,0.8833231280213993,1.5289791730887375e-17,5.559924265777226e-20,4.961861198304742e-05,0.0
wet_low_load,14260.0,0.883323128021409,1.4984859869875827e-17,5.449039952682118e-20,4.961861198304796e-05,0.0
wet_low_load,14270.0,0.8833231280214187,1.4679080975917025e-17,5.33784762760619e-20,4.9618611983048505e-05,0.0
wet_low_load,14280.0,0.8833231280214283,1.4374149114905477e-17,5.2269633145110814e-20,4.961861198304905e-05,0.0
wet_low_load,14290.0,0.883323128021438,1.4068370220946674e-17,5.115770989435153e-20,4.961861198304959e-05,0.0
wet_low_load,14300.0,0.8833231280214469,1.3788002315405501e-17,5.013819023783818e-20,4.961861198305009e-05,0.0
wet_low_load,14310.0,0.8833231280214554,1.3517798805231379e-17,4.9155632019023196e-20,4.9618611983050565e-05,0.0
wet_low_load,14320.0,0.8833231280214638,1.3250983426846275e-17,4.818539427944099e-20,4.961861198305104e-05,0.0
wet_low_load,14330.0,0.8833231280214723,1.298416804846117e-17,4.7215156539858794e-20,4.9618611983051514e-05,0.0
wet_low_load,14340.0,0.8833231280214807,1.271819970302332e-17,4.6247998920084794e-20,4.961861198305199e-05,0.0
wet_low_load,14350.0,0.8833231280214892,1.2451384324638215e-17,4.527776118050259e-20,4.961861198305246e-05,0.0
wet_low_load,14360.0,0.8833231280214976,1.218456894625311e-17,4.430752344092039e-20,4.9618611983052937e-05,0.0
wet_low_load,14370.0,0.8833231280215051,1.1945705655127398e-17,4.343892965500871e-20,4.9618611983053363e-05,0.0
wet_low_load,14380.0,0.8833231280215124,1.1717853792315991e-17,4.2610377426603597e-20,4.961861198305377e-05,0.0
wet_low_load,14390.0,0.8833231280215197,1.1485766764768313e-17,4.176642459915749e-20,4.9618611983054177e-05,0.0
wet_low_load,14400.0,0.8833231280215269,1.1257914901956906e-17,4.0937872370752377e-20,4.961861198305458e-05,0.0
wet_low_load,14410.0,0.8833231280215341,1.1030063039145499e-17,4.010932014234726e-20,4.961861198305499e-05,0.0
wet_low_load,14420.0,0.8833231280215413,1.0802211176334092e-17,3.928076791394215e-20,4.9618611983055396e-05,0.0
wet_low_load,14430.0,0.8833231280215486,1.0573512280575431e-17,3.844913556572883e-20,4.96186119830558e-05,0.0
wet_low_load,14440.0,0.8833231280215559,1.0342272285975007e-17,3.760826285809093e-20,4.961861198305621e-05,0.0
wet_low_load,14450.0,0.8833231280215624,1.0134749213897704e-17,3.685363350508256e-20,4.961861198305658e-05,0.0
wet_low_load,14460.0,0.8833231280215685,9.942472734870977e-18,3.615444630862173e-20,4.961861198305692e-05,0.0
wet_low_load,14470.0,0.8833231280215745,9.752737354686014e-18,3.5464499471585504e-20,4.961861198305726e-05,0.0
wet_low_load,14480.0,0.8833231280215805,9.563001974501051e-18,3.477455263454927e-20,4.96186119830576e-05,0.0
wet_low_load,14490.0,0.8833231280215866,9.36987846252707e-18,3.407228531828025e-20,4.961861198305794e-05,0.0
wet_low_load,14500.0,0.8833231280215926,9.180990115289361e-18,3.3385418601052217e-20,4.9618611983058276e-05,0.0
wet_low_load,14510.0,0.8833231280215986,8.991254735104398e-18,3.269547176401599e-20,4.9618611983058615e-05,0.0
wet_low_load,14520.0,0.8833231280216047,8.798131223130418e-18,3.199320444774697e-20,4.9618611983058954e-05,0.0
wet_low_load,14530.0,0.8833231280216107,8.608395842945454e-18,3.130325761071074e-20,4.961861198305929e-05,0.0
wet_low_load,14540.0,0.8833231280216167,8.419507495707745e-18,3.0616390893482707e-20,4.961861198305963e-05,0.0
wet_low_load,14550.0,0.8833231280216218,8.257724202782174e-18,3.002808801011699e-20,4.9618611983059916e-05,0.0
wet_low_load,14560.0,0.8833231280216266,8.106952338170909e-18,2.9479826684257844e-20,4.961861198306019e-05,0.0
wet_low_load,14570.0,0.8833231280216315,7.952792341770626e-18,2.891924487916591e-20,4.961861198306046e-05,0.0
wet_low_load,14580.0,0.8833231280216363,7.80202047715936e-18,2.8370983553306763e-20,4.961861198306073e-05,0.0
wet_low_load,14590.0,0.8833231280216411,7.647013447811823e-18,2.7807321628406624e-20,4.9618611983061e-05,0.0
wet_low_load,14600.0,0.8833231280216459,7.496241583200558e-18,2.725906030254748e-20,4.961861198306127e-05,0.0
wet_low_load,14610.0,0.8833231280216508,7.342081586800275e-18,2.6698478497455546e-20,4.961861198306154e-05,0.0
wet_low_load,14620.0,0.8833231280216556,7.19130972218901e-18,2.6150217171596395e-20,4.9618611983061813e-05,0.0
wet_low_load,14630.0,0.8833231280216605,7.036302692841473e-18,2.5586555246696262e-20,4.9618611983062085e-05,0.0
wet_low_load,14640.0,0.8833231280216652,6.8855308282302075e-18,2.5038293920837114e-20,4.9618611983062356e-05,0.0
wet_low_load,14650.0,0.8833231280216701,6.731370831829925e-18,2.4477712115745175e-20,4.9618611983062627e-05,0.0
wet_low_load,14660.0,0.8833231280216749,6.580598967218659e-18,2.392945078988603e-20,4.96186119830629e-05,0.0
wet_low_load,14670.0,0.883323128021679,6.451002926288751e-18,2.345819245923182e-20,4.961861198306313e-05,0.0
wet_low_load,14680.0,0.8833231280216827,6.334959412514912e-18,2.3036216045508768e-20,4.961861198306333e-05,0.0
wet_low_load,14690.0,0.8833231280216862,6.22230403053009e-18,2.262656011101851e-20,4.9618611983063535e-05,0.0
wet_low_load,14700.0,0.8833231280216899,6.1071075497035054e-18,2.2207663817103654e-20,4.961861198306374e-05,0.0
wet_low_load,14710.0,0.8833231280216934,5.9944521677186835e-18,2.179800788261339e-20,4.961861198306394e-05,0.0
wet_low_load,14720.0,0.8833231280216971,5.878408653944844e-18,2.1376031468890342e-20,4.9618611983064144e-05,0.0
wet_low_load,14730.0,0.8833231280217008,5.7632121731182595e-18,2.0957135174975486e-20,4.961861198306435e-05,0.0
wet_low_load,14740.0,0.8833231280217043,5.6505567911334376e-18,2.0547479240485224e-20,4.961861198306455e-05,0.0
wet_low_load,14750.0,0.883323128021708,5.5345132773595984e-18,2.0125502826762174e-20,4.9618611983064754e-05,0.0
wet_low_load,14760.0,0.8833231280217115,5.422704928322031e-18,1.971892701208011e-20,4.961861198306496e-05,0.0
wet_low_load,14770.0,0.8833231280217152,5.306661414548192e-18,1.9296950598357057e-20,4.961861198306516e-05,0.0
wet_low_load,14780.0,0.8833231280217189,5.1906179007743525e-18,1.8874974184634007e-20,4.9618611983065364e-05,0.0
wet_low_load,14790.0,0.8833231280217224,5.078809551736785e-18,1.8468398369951943e-20,4.961861198306557e-05,0.0
wet_low_load,14800.0,0.8833231280217261,4.962766037962946e-18,1.804642195622889e-20,4.961861198306577e-05,0.0
wet_low_load,14810.0,0.8833231280217296,4.850110655978124e-18,1.7636766021738628e-20,4.9618611983065974e-05,0.0
wet_low_load,14820.0,0.8833231280217333,4.734914175151539e-18,1.7217869727823775e-20,4.961861198306618e-05,0.0
wet_low_load,14830.0,0.8833231280217365,4.633270221481023e-18,1.6848255350840083e-20,4.961861198306636e-05,0.0
wet_low_load,14840.0,0.883323128021739,4.5561902232808815e-18,1.6567964448294114e-20,4.9618611983066496e-05,0.0
wet_low_load,14850.0,0.8833231280217414,4.478263192133486e-18,1.6284593425939947e-20,4.961861198306663e-05,0.0
wet_low_load,14860.0,0.8833231280217437,4.404571325722362e-18,1.6016623002626768e-20,4.961861198306677e-05,0.0
wet_low_load,14870.0,0.8833231280217462,4.3274913275222204e-18,1.57363321000808e-20,4.96186119830669e-05,0.0
wet_low_load,14880.0,0.8833231280217486,4.250411329322079e-18,1.5456041197534832e-20,4.961861198306704e-05,0.0
wet_low_load,14890.0,0.8833231280217511,4.173331331121938e-18,1.5175750294988863e-20,4.9618611983067173e-05,0.0
wet_low_load,14900.0,0.8833231280217534,4.099639464710814e-18,1.4907779871675684e-20,4.961861198306731e-05,0.0
wet_low_load,14910.0,0.8833231280217558,4.022559466510672e-18,1.4627488969129715e-20,4.9618611983067445e-05,0.0
wet_low_load,14920.0,0.8833231280217583,3.945479468310531e-18,1.4347198066583748e-20,4.961861198306758e-05,0.0
wet_low_load,14930.0,0.8833231280217607,3.86839947011039e-18,1.406690716403778e-20,4.9618611983067716e-05,0.0
wet_low_load,14940.0,0.883323128021763,3.7947076036992655e-18,1.37989367407246e-20,4.961861198306785e-05,0.0
wet_low_load,14950.0,0.8833231280217655,3.71678057255187e-18,1.3515565718370433e-20,4.961861198306799e-05,0.0
wet_low_load,14960.0,0.8833231280217679,3.6397005743517286e-18,1.3235274815824466e-20,4.961861198306812e-05,0.0
wet_low_load,14970.0,0.8833231280217704,3.562620576151587e-18,1.2954983913278496e-20,4.961861198306826e-05,0.0
wet_low_load,14980.0,0.8833231280217727,3.488928709740463e-18,1.2687013489965318e-20,4.961861198306839e-05,0.0
wet_low_load,14990.0,0.8833231280217752,3.4118487115403218e-18,1.240672258741935e-20,4.961861198306853e-05,0.0
wet_low_load,15000.0,0.8833231280217776,3.3347687133401804e-18,1.212643168487338e-20,4.9618611983068664e-05,0.0
