regime,time_s,purge_open,purge_count,anode_relative_humidity,patch_current_a,charge_since_purge_as,hydrogen_mol,water_vapor_mol,liquid_water_mol,total_pressure_pa
dry_high_load,0.0,False,0,0.0,0.0029781041174676776,0.0,0.001055491936779534,0.0,0.0,137324.99999999997
dry_high_load,1.0,False,0,0.00021675317286856606,0.0029787212065129744,26.040000000000042,0.0010554797611767002,1.2175602833756245e-08,0.0,137324.99999999997
dry_high_load,2.0,False,0,0.0004332328311168905,0.002979337516871281,52.07999999999983,0.0010554676009379108,2.4335841623050234e-08,0.0,137324.99999999997
dry_high_load,3.0,False,0,0.0006494393198852384,0.0029799530495251995,78.11999999999992,0.0010554554560437788,3.648073575532961e-08,0.0,137325.00000000003
dry_high_load,4.0,False,0,0.000865372983878352,0.0029805678054560937,104.16000000000034,0.0010554433264749405,4.861030459357753e-08,0.0,137325.00000000003
dry_high_load,5.0,False,0,0.0010810341673660002,0.002981181785644087,130.20000000000076,0.0010554312122120575,6.072456747634354e-08,0.0,137324.99999999997
dry_high_load,6.0,False,0,0.0012964232141835282,0.0029817949910680677,156.24000000000117,0.001055419113235816,7.282354371777446e-08,0.0,137324.99999999997
dry_high_load,7.0,False,0,0.0015115404677324056,0.0029824074227056884,182.2800000000016,0.0010554070295269264,8.490725260764517e-08,0.0,137325.00000000003
dry_high_load,8.0,False,0,0.0017263862709807722,0.002983019081533368,208.320000000002,0.0010553949610661226,9.697571341138922e-08,0.0,137324.99999999997
dry_high_load,9.0,False,0,0.001940960966463987,0.0029836299685262932,234.36000000000243,0.001055382907834164,1.0902894537012976e-07,0.0,137325.00000000003
dry_high_load,10.0,False,0,0.0021552648962851724,0.00298424008465842,260.4000000000028,0.0010553708698118334,1.2106696770071004e-07,0.0,137325.00000000003
dry_high_load,11.0,False,0,0.0023692984021157614,0.002984849430902475,286.44000000000324,0.0010553588469799382,1.3308979959572414e-07,0.0,137324.99999999997
dry_high_load,12.0,False,0,0.002583061825196047,0.002985458008229959,312.48000000000366,0.0010553468393193104,1.4509746022354792e-07,0.0,137324.99999999997
dry_high_load,13.0,False,0,0.002796555506335709,0.002986065817611146,338.5200000000041,0.0010553348468108055,1.5708996872836848e-07,0.0,137324.99999999997
dry_high_load,14.0,False,0,0.0030097797859143754,0.0029866728600150836,364.5600000000045,0.0010553228694353037,1.6906734423021582e-07,0.0,137324.99999999997
dry_high_load,15.0,False,0,0.003222735003882165,0.0029872791364096004,390.6000000000049,0.0010553109071737088,1.8102960582499323e-07,0.0,137324.99999999997
dry_high_load,16.0,False,0,0.0034354214997602177,0.0029878846477613004,416.64000000000533,0.0010552989600069495,1.9297677258450714e-07,0.0,137324.99999999997
dry_high_load,17.0,False,0,0.003647839612641237,0.00298848939503557,442.68000000000575,0.0010552870279159775,2.0490886355649755e-07,0.0,137324.99999999997
dry_high_load,18.0,False,0,0.0038599896811900413,0.0029890933791965764,468.72000000000617,0.0010552751108817695,2.16825897764669e-07,0.0,137325.00000000003
dry_high_load,19.0,False,0,0.004071872043644096,0.00298969660120727,494.7600000000066,0.0010552632088853253,2.2872789420872053e-07,0.0,137325.00000000003
dry_high_load,20.0,False,0,0.0042834870378140495,0.0029902990620293874,520.800000000007,0.0010552513219076697,2.4061487186437565e-07,0.0,137325.00000000003
dry_high_load,21.0,False,0,0.004494835001084286,0.0029909007626234495,546.8400000000074,0.0010552394499298505,2.5248684968341356e-07,0.0,137324.99999999997
dry_high_load,22.0,False,0,0.004705916270413452,0.002991501703948767,572.8800000000078,0.0010552275929329403,2.6434384659369855e-07,0.0,137324.99999999997
dry_high_load,23.0,False,0,0.004916731182334996,0.0029921018869634394,598.9200000000083,0.0010552157508980347,2.761858814992105e-07,0.0,137324.99999999997
dry_high_load,24.0,False,0,0.005127280072957687,0.002992701312624357,624.9600000000087,0.0010552039238062542,2.8801297328007386e-07,0.0,137325.00000000003
dry_high_load,25.0,False,0,0.005337563277966187,0.0029932999818872027,651.0000000000091,0.0010551921116387414,2.9982514079258986e-07,0.0,137324.99999999997
dry_high_load,26.0,False,0,0.005547581132621562,0.0029938978957064536,677.0400000000095,0.0010551803143766649,3.116224028692652e-07,0.0,137325.00000000003
dry_high_load,27.0,False,0,0.005757333971761829,0.0029944950550353823,703.0800000000099,0.0010551685320012152,3.234047783188428e-07,0.0,137325.00000000003
dry_high_load,28.0,False,0,0.005966822129802466,0.002995091460826059,729.1200000000104,0.0010551567644936078,3.3517228592633056e-07,0.0,137325.00000000003
dry_high_load,29.0,False,0,0.006176045940736984,0.0029956871140293514,755.1600000000108,0.0010551450118350808,3.4692494445303316e-07,0.0,137324.99999999997
dry_high_load,30.0,False,0,0.006385005738137413,0.0029962820155949284,781.2000000000112,0.0010551332740068974,3.5866277263657973e-07,0.0,137325.00000000003
dry_high_load,31.0,False,0,0.006593701855154867,0.00299687616647126,807.2400000000116,0.001055121550990343,3.703857891909553e-07,0.0,137324.99999999997
dry_high_load,32.0,False,0,0.006802134624520079,0.002997469567605619,833.280000000012,0.0010551098427667275,3.820940128065312e-07,0.0,137325.00000000003
dry_high_load,33.0,False,0,0.007010304378543912,0.0029980622199440843,859.3200000000124,0.0010550981493173837,3.937874621500932e-07,0.0,137324.99999999997
dry_high_load,34.0,False,0,0.007218211449117879,0.002998654124431539,885.3600000000129,0.001055086470623669,4.054661558648714e-07,0.0,137324.99999999997
dry_high_load,35.0,False,0,0.007425856167714704,0.002999245282011676,911.4000000000133,0.0010550748066669635,4.171301125705712e-07,0.0,137325.00000000003
dry_high_load,36.0,False,0,0.00763323886538883,0.002999835693626995,937.4400000000137,0.0010550631574286705,4.2877935086340215e-07,0.0,137324.99999999997
dry_high_load,37.0,False,0,0.007840359872776963,0.003000425360218808,963.4800000000141,0.0010550515228902179,4.404138893161084e-07,0.0,137324.99999999997
dry_high_load,38.0,False,0,0.008047219520098573,0.003001014282727239,989.5200000000145,0.0010550399030330561,4.520337464779966e-07,0.0,137325.00000000003
dry_high_load,39.0,False,0,0.00825381813715644,0.003001602462091226,1015.560000000015,0.0010550282978386589,4.6363894087496725e-07,0.0,137324.99999999997
dry_high_load,40.0,False,0,0.00846015605333718,0.003002189899248521,1041.6000000000076,0.0010550167072885244,4.752294910095434e-07,0.0,137324.99999999997
dry_high_load,41.0,False,0,0.008666233597611765,0.003002776595135693,1067.6399999999967,0.0010550051313641731,4.868054153609005e-07,0.0,137325.00000000003
dry_high_load,42.0,False,0,0.008872051098536034,0.0030033625506881304,1093.6799999999857,0.0010549935700471492,4.98366732384895e-07,0.0,137325.00000000003
dry_high_load,43.0,False,0,0.009077608884251256,0.00300394776684004,1119.7199999999748,0.0010549820233190198,5.099134605140954e-07,0.0,137324.99999999997
dry_high_load,44.0,False,0,0.009282907282484619,0.003004532244524451,1145.7599999999638,0.0010549704911613762,5.214456181578106e-07,0.0,137325.00000000003
dry_high_load,45.0,False,0,0.009487946620549734,0.003005115984673213,1171.799999999953,0.0010549589735558318,5.329632237021176e-07,0.0,137324.99999999997
dry_high_load,46.0,False,0,0.00969272722534722,0.0030056989882170015,1197.839999999942,0.001054947470484024,5.444662955098944e-07,0.0,137324.99999999997
dry_high_load,47.0,False,0,0.009897249423365175,0.003006281256085318,1223.879999999931,0.0010549359819276131,5.55954851920847e-07,0.0,137324.99999999997
dry_high_load,48.0,False,0,0.010101513540679714,0.003006862789206489,1249.91999999992,0.0010549245078682824,5.674289112515387e-07,0.0,137324.99999999997
dry_high_load,49.0,False,0,0.010305519902955487,0.003007443588507672,1275.959999999909,0.0010549130482877386,5.788884917954203e-07,0.0,137324.99999999997
dry_high_load,50.0,False,0,0.010509268835446188,0.003008023654914853,1301.9999999998981,0.001054901603167711,5.903336118228575e-07,0.0,137324.99999999997
dry_high_load,51.0,False,0,0.010712760662995088,0.0030086029893528505,1328.0399999998872,0.0010548901724899528,6.017642895811619e-07,0.0,137324.99999999997
dry_high_load,52.0,False,0,0.010915995710035566,0.0030091815927453143,1354.0799999998762,0.0010548787562362394,6.131805432946201e-07,0.0,137325.00000000003
dry_high_load,53.0,False,0,0.011118974300591557,0.0030097594660147306,1380.1199999998653,0.0010548673543883695,6.245823911645194e-07,0.0,137324.99999999997
dry_high_load,54.0,False,0,0.011321696758278186,0.003010336610082421,1406.1599999998543,0.0010548559669281649,6.35969851369183e-07,0.0,137325.00000000003
dry_high_load,55.0,False,0,0.011524163406302168,0.0030109130258685435,1432.1999999998434,0.00105484459383747,6.473429420639924e-07,0.0,137324.99999999997
dry_high_load,56.0,False,0,0.01172637456746239,0.0030114887142920965,1458.2399999998324,0.0010548332350981526,6.587016813814209e-07,0.0,137324.99999999997
dry_high_load,57.0,False,0,0.011928330564150415,0.003012063676270917,1484.2799999998215,0.0010548218906921028,6.700460874310607e-07,0.0,137324.99999999997
dry_high_load,58.0,False,0,0.012130031718350972,0.003012637912721686,1510.3199999998105,0.0010548105606012345,6.813761782996514e-07,0.0,137325.00000000003
dry_high_load,59.0,False,0,0.012331478351642493,0.003013211424559926,1536.3599999997996,0.0010547992448074828,6.926919720511098e-07,0.0,137324.99999999997
dry_high_load,60.0,False,0,0.012532670785197651,0.0030137842127000046,1562.3999999997886,0.0010547879432928073,7.0399348672656e-07,0.0,137324.99999999997
dry_high_load,61.0,False,0,0.012733609339783783,0.003014356278055136,1588.4399999997777,0.0010547766560391894,7.152807403443574e-07,0.0,137324.99999999994
dry_high_load,62.0,False,0,0.012934294335763484,0.0030149276215373816,1614.4799999997667,0.001054765383028634,7.26553750900122e-07,0.0,137325.00000000003
dry_high_load,63.0,False,0,0.01313472609309511,0.0030154982440576527,1640.5199999997558,0.0010547541242431672,7.378125363667665e-07,0.0,137324.99999999997
dry_high_load,64.0,False,0,0.013334904931333257,0.0030160681465257098,1666.5599999997448,0.0010547428796648395,7.490571146945233e-07,0.0,137324.99999999997
dry_high_load,65.0,False,0,0.013534831169629292,0.0030166373298501667,1692.5999999997339,0.0010547316492757232,7.602875038109747e-07,0.0,137325.00000000003
dry_high_load,66.0,False,0,0.013734505126731826,0.0030172057949384903,1718.639999999723,0.001054720433057913,7.715037216210785e-07,0.0,137325.00000000003
dry_high_load,67.0,False,0,0.013933927120987287,0.0030177735426970016,1744.679999999712,0.0010547092309935269,7.827057860072014e-07,0.0,137325.00000000003
dry_high_load,68.0,False,0,0.014133097470340361,0.0030183405740308784,1770.719999999701,0.0010546980430647048,7.93893714829143e-07,0.0,137324.99999999997
dry_high_load,69.0,False,0,0.014332016492334551,0.003018906889844157,1796.75999999969,0.0010546868692536098,8.050675259241672e-07,0.0,137324.99999999997
dry_high_load,70.0,False,0,0.014530684504112658,0.003019472491039733,1822.7999999996791,0.0010546757095424271,8.162272371070296e-07,0.0,137325.00000000003
dry_high_load,71.0,False,0,0.014729101822417281,0.00302003737851936,1848.8399999996682,0.001054664563913364,8.273728661700053e-07,0.0,137324.99999999997
dry_high_load,72.0,False,0,0.014927268763591331,0.0030206015531836577,1874.8799999996572,0.001054653432348651,8.385044308829179e-07,0.0,137324.99999999997
dry_high_load,73.0,False,0,0.015125185643578534,0.003021165015932106,1900.9199999996463,0.0010546423148305407,8.496219489931676e-07,0.0,137324.99999999997
dry_high_load,74.0,False,0,0.01532285277792395,0.003021727767663052,1926.9599999996353,0.0010546312113413085,8.607254382257608e-07,0.0,137325.00000000003
dry_high_load,75.0,False,0,0.015520270481774436,0.003022289809273708,1952.9999999996244,0.0010546201218632506,8.718149162833353e-07,0.0,137324.99999999997
dry_high_load,76.0,False,0,0.015717439069879206,0.0030228511416601545,1979.0399999996134,0.0010546090463786878,8.828904008461926e-07,0.0,137324.99999999997
dry_high_load,77.0,False,0,0.015914358856590274,0.003023411765717341,2005.0799999996025,0.0010545979848699616,8.939519095723225e-07,0.0,137324.99999999997
dry_high_load,78.0,False,0,0.016111030155862988,0.003023971682339088,2031.1199999995915,0.0010545869373194366,9.049994600974325e-07,0.0,137325.00000000003
dry_high_load,79.0,False,0,0.016307453281256528,0.003024530892418088,2057.1599999995888,0.001054575903709499,9.160330700349765e-07,0.0,137324.99999999997
dry_high_load,80.0,False,0,0.016503628545934405,0.003025089396845907,2083.1999999996005,0.0010545648840225577,9.270527569761832e-07,0.0,137324.99999999997
dry_high_load,81.0,False,0,0.01669955626266496,0.0030256471965129867,2109.2399999996123,0.001054553878241044,9.380585384900828e-07,0.0,137325.00000000003
dry_high_load,82.0,False,0,0.016895236743821877,0.0030262042923086437,2135.279999999624,0.0010545428863474103,9.490504321235368e-07,0.0,137324.99999999997
dry_high_load,83.0,False,0,0.017090670301384614,0.003026760685121073,2161.319999999636,0.0010545319083241328,9.60028455401262e-07,0.0,137324.99999999997
dry_high_load,84.0,False,0,0.017285857246939006,0.00302731637583735,2187.3599999996477,0.001054520944153708,9.709926258258645e-07,0.0,137324.99999999997
dry_high_load,85.0,False,0,0.017480797891677634,0.003027871365343429,2213.3999999996595,0.0010545099938186562,9.819429608778601e-07,0.0,137325.00000000003
dry_high_load,86.0,False,0,0.017675492546400502,0.003028425654524147,2239.4399999996713,0.0010544990573015183,9.928794780157124e-07,0.0,137325.00000000003
dry_high_load,87.0,False,0,0.01786994152151536,0.003028979244263225,2265.479999999683,0.001054488134584858,1.0038021946758513e-06,0.0,137324.99999999994
dry_high_load,88.0,False,0,0.01806414512703822,0.003029532135443268,2291.519999999695,0.0010544772256512614,1.0147111282727018e-06,0.0,137325.00000000003
dry_high_load,89.0,False,1,0.013017025645145128,0.0030151631548126128,17.559999999698757,0.0010547607357907103,7.312009888234086e-07,0.0,137324.99999999994
dry_high_load,90.0,False,1,0.013217353006207175,0.00301573348012019,43.59999999969866,0.0010547494828694604,7.424539100736318e-07,0.0,137324.99999999997
dry_high_load,91.0,False,1,0.013417427579910409,0.003016303085750598,69.63999999969852,0.001054738244147949,7.536926315848542e-07,0.0,137324.99999999997
dry_high_load,92.0,False,1,0.013617249685239944,0.003016871972611977,95.67999999969894,0.001054727019608259,7.649171712753192e-07,0.0,137325.00000000003
dry_high_load,93.0,False,1,0.013816819640778395,0.00301744014161132,121.71999999969935,0.0010547158092324932,7.761275470406603e-07,0.0,137324.99999999997
dry_high_load,94.0,False,1,0.014016137764706364,0.0030180075936544776,147.75999999969977,0.0010547046130027799,7.873237767539292e-07,0.0,137324.99999999997
dry_high_load,95.0,False,1,0.01421520437480294,0.0030185743296461554,173.7999999997002,0.0010546934309012684,7.985058782656235e-07,0.0,137325.00000000003
dry_high_load,96.0,False,1,0.014414019788446239,0.003019140350489919,199.8399999997006,0.0010546822629101302,8.096738694037169e-07,0.0,137324.99999999997
dry_high_load,97.0,False,1,0.01461258432261385,0.0030197056570881926,225.87999999970103,0.0010546711090115603,8.208277679736846e-07,0.0,137324.99999999997
dry_high_load,98.0,False,1,0.014810898293883414,0.0030202702503422624,251.91999999970145,0.0010546599691877753,8.319675917585355e-07,0.0,137324.99999999997
dry_high_load,99.0,False,1,0.01500896201843307,0.0030208341311522766,277.95999999970184,0.0010546488434210151,8.430933585188376e-07,0.0,137324.99999999997
dry_high_load,100.0,False,1,0.015206775812041986,0.0030213973004172483,303.99999999970225,0.0010546377316935412,8.542050859927475e-07,0.0,137324.99999999997
dry_high_load,101.0,False,1,0.015404339990090854,0.003021959759035056,330.0399999997027,0.001054626633987638,8.653027918960384e-07,0.0,137324.99999999997
dry_high_load,102.0,False,1,0.015601654867562403,0.0030225215079024447,356.0799999997031,0.0010546155502856118,8.763864939221289e-07,0.0,137324.99999999997
dry_high_load,103.0,False,1,0.015798720759041884,0.0030230825479150283,382.1199999997035,0.0010546044805697919,8.8745620974211e-07,0.0,137324.99999999997
dry_high_load,104.0,False,1,0.015995537978717604,0.00302364287996729,408.1599999997039,0.0010545934248225293,8.985119570047755e-07,0.0,137325.00000000003
dry_high_load,105.0,False,1,0.016192106840381373,0.003024202504952585,434.19999999970435,0.0010545823830261974,9.095537533366469e-07,0.0,137325.00000000003
dry_high_load,106.0,False,1,0.016388427657429053,0.003024761423763141,460.23999999970476,0.0010545713551631918,9.205816163420042e-07,0.0,137324.99999999997
dry_high_load,107.0,False,1,0.016584500742861042,0.0030253196372900587,486.2799999997052,0.0010545603412159311,9.315955636029131e-07,0.0,137325.00000000003
dry_high_load,108.0,False,1,0.016780326409282776,0.0030258771464233168,512.3199999997056,0.0010545493411668546,9.425956126792532e-07,0.0,137324.99999999997
dry_high_load,109.0,False,1,0.016975904968905213,0.0030264339520517684,538.359999999706,0.0010545383549984252,9.535817811087454e-07,0.0,137324.99999999997
dry_high_load,110.0,False,1,0.017171236733545352,0.0030269900550631466,564.3999999997064,0.001054527382693127,9.645540864069808e-07,0.0,137324.99999999997
dry_high_load,111.0,False,1,0.017366322014626703,0.003027545456344063,590.4399999997069,0.0010545164242334666,9.75512546067447e-07,0.0,137325.00000000003
dry_high_load,112.0,False,1,0.017561161123179802,0.0030281001567800123,616.4799999997073,0.0010545054796019724,9.864571775615574e-07,0.0,137324.99999999997
dry_high_load,113.0,False,1,0.01775575436984273,0.00302865415725537,642.5199999997077,0.0010544945487811954,9.9738799833868e-07,0.0,137325.00000000003
dry_high_load,114.0,False,1,0.017950102064861563,0.0030292074586533964,668.5599999997081,0.0010544836317537079,1.008305025826163e-06,0.0,137325.00000000003
dry_high_load,115.0,False,1,0.018144204518090866,0.0030297600618562374,694.5999999997085,0.0010544727285021044,1.0192082774293625e-06,0.0,137324.99999999994
dry_high_load,116.0,False,1,0.01833806203899424,0.003030311967744925,720.639999999709,0.0010544618390090023,1.0300977705316725e-06,0.0,137324.99999999997
dry_high_load,117.0,False,1,0.018531674936644774,0.0030308631771993806,746.6799999997094,0.0010544509632570396,1.0409735224945516e-06,0.0,137325.00000000003
dry_high_load,118.0,False,1,0.018725043519725548,0.003031413691098414,772.7199999997098,0.0010544401012288764,1.0518355506575504e-06,0.0,137324.99999999997
dry_high_load,119.0,False,1,0.018918168096530106,0.003031963510319727,798.7599999997102,0.0010544292529071958,1.062683872338338e-06,0.0,137325.00000000003
dry_high_load,120.0,False,1,0.019111048974962984,0.0030325126357399136,824.7999999997106,0.0010544184182747012,1.0735185048327318e-06,0.0,137324.99999999997
dry_high_load,121.0,False,1,0.01930368646254019,0.003033061068234461,850.839999999711,0.0010544075973141192,1.0843394654147252e-06,0.0,137324.99999999997
dry_high_load,122.0,False,1,0.01949608086638965,0.003033608808677753,876.8799999997115,0.0010543967900081973,1.095146771336511e-06,0.0,137324.99999999994
dry_high_load,123.0,False,1,0.019688232493251787,0.0030341558579430688,902.9199999997119,0.0010543859963397055,1.1059404398285157e-06,0.0,137325.00000000003
dry_high_load,124.0,False,1,0.019880141649479887,0.0030347022169025864,928.9599999997123,0.0010543752162914346,1.1167204880994193e-06,0.0,137325.00000000003
dry_high_load,125.0,False,1,0.020071808641040738,0.0030352478864273825,954.9999999997127,0.0010543644498461977,1.1274869333361905e-06,0.0,137324.99999999997
dry_high_load,126.0,False,1,0.020263233773514973,0.003035792867387435,981.0399999997131,0.0010543536969868299,1.1382397927041072e-06,0.0,137324.99999999997
dry_high_load,127.0,False,1,0.020454417352097666,0.0030363371606516244,1007.0799999997136,0.0010543429576961873,1.1489790833467897e-06,0.0,137325.00000000003
dry_high_load,128.0,False,1,0.020645359681598714,0.0030368807670877345,1033.11999999971,0.0010543322319571478,1.1597048223862208e-06,0.0,137324.99999999997
dry_high_load,129.0,False,1,0.02083606106644346,0.0030374236875624536,1059.159999999699,0.0010543215197526112,1.1704170269227833e-06,0.0,137324.99999999997
dry_high_load,130.0,False,1,0.02102652181067304,0.0030379659229413766,1085.199999999688,0.0010543108210654987,1.1811157140352766e-06,0.0,137324.99999999997
dry_high_load,131.0,False,1,0.02121674221794499,0.003038507474089007,1111.2399999996771,0.001054300135878753,1.1918009007809536e-06,0.0,137324.99999999997
dry_high_load,132.0,False,1,0.021406722591533634,0.003039048341868756,1137.2799999996662,0.0010542894641753385,1.2024726041955402e-06,0.0,137325.00000000003
dry_high_load,133.0,False,1,0.021596463234330548,0.0030395885271429462,1163.3199999996552,0.0010542788059382407,1.213130841293263e-06,0.0,137324.99999999997
dry_high_load,134.0,False,1,0.021785964448845174,0.0030401280307728114,1189.3599999996443,0.0010542681611504672,1.2237756290668824e-06,0.0,137325.00000000003
dry_high_load,135.0,False,1,0.021975226537205222,0.0030406668536184997,1215.3999999996333,0.0010542575297950464,1.2344069844877164e-06,0.0,137325.00000000003
dry_high_load,136.0,False,1,0.022164249801157124,0.003041204996539073,1241.4399999996224,0.0010542469118550283,1.2450249245056657e-06,0.0,137324.99999999997
dry_high_load,137.0,False,1,0.022353034542066542,0.0030417424603925093,1267.4799999996114,0.0010542363073134848,1.2556294660492419e-06,0.0,137325.00000000003
dry_high_load,138.0,False,1,0.02254158106091889,0.0030422792460357037,1293.5199999996005,0.0010542257161535082,1.2662206260255968e-06,0.0,137324.99999999997
dry_high_load,139.0,False,1,0.02272988965831975,0.0030428153543244703,1319.5599999995895,0.0010542151383582134,1.2767984213205468e-06,0.0,137324.99999999997
dry_high_load,140.0,False,1,0.022917960634495416,0.0030433507861135434,1345.5999999995786,0.0010542045739107353,1.2873628687986019e-06,0.0,137324.99999999997
dry_high_load,141.0,False,1,0.02310579428929327,0.0030438855422565787,1371.6399999995676,0.001054194022794231,1.2979139853029876e-06,0.0,137324.99999999997
dry_high_load,142.0,False,1,0.02329339092218239,0.0030444196236061546,1397.6799999995567,0.0010541834849918782,1.3084517876556801e-06,0.0,137324.99999999997
dry_high_load,143.0,False,1,0.023480750832253934,0.0030449530310137736,1423.7199999995457,0.0010541729604868766,1.3189762926574254e-06,0.0,137324.99999999997
dry_high_load,144.0,False,1,0.02366787431822164,0.0030454857653298634,1449.7599999995348,0.0010541624492624462,1.3294875170877698e-06,0.0,137324.99999999997
dry_high_load,145.0,False,1,0.023854761678422265,0.0030460178274037794,1475.7999999995238,0.0010541519513018291,1.3399854777050834e-06,0.0,137325.00000000003
dry_high_load,146.0,False,1,0.024041413210816216,0.0030465492180838044,1501.8399999995129,0.0010541414665882875,1.3504701912465954e-06,0.0,137325.00000000003
dry_high_load,147.0,False,1,0.024227829212987818,0.003047079938217151,1527.879999999502,0.0010541309951051056,1.3609416744284095e-06,0.0,137325.00000000003
dry_high_load,148.0,False,1,0.024414009982145893,0.0030476099886499633,1553.919999999491,0.0010541205368355885,1.371399943945537e-06,0.0,137325.00000000003
dry_high_load,149.0,False,1,0.02459995581512426,0.003048139370227317,1579.95999999948,0.001054110091763062,1.3818450164719236e-06,0.0,137324.99999999997
dry_high_load,150.0,False,1,0.024785667008382174,0.003048668083793222,1605.999999999469,0.0010540996598708736,1.3922769086604749e-06,0.0,137325.00000000003
dry_high_load,151.0,False,1,0.02497114385800475,0.003049196130190622,1632.0399999994581,0.001054089241142391,1.4026956371430803e-06,0.0,137325.00000000003
dry_high_load,152.0,False,1,0.025156386659703538,0.0030497235102613985,1658.0799999994472,0.0010540788355610036,1.4131012185306448e-06,0.0,137325.00000000003
dry_high_load,153.0,False,1,0.025341395708816893,0.00305025022484637,1684.1199999994362,0.0010540684431101207,1.4234936694131103e-06,0.0,137324.99999999994
dry_high_load,154.0,False,1,0.025526171300310506,0.0030507762747852933,1710.1599999994253,0.0010540580637731745,1.4338730063594849e-06,0.0,137324.99999999997
dry_high_load,155.0,False,1,0.025710713728777836,0.0030513016609168666,1736.1999999994143,0.001054047697533616,1.4442392459178676e-06,0.0,137324.99999999997
dry_high_load,156.0,False,1,0.025895023288440667,0.00305182638407873,1762.2399999994034,0.0010540373443749186,1.4545924046154791e-06,0.0,137325.00000000003
dry_high_load,157.0,False,1,0.026079100273149445,0.003052350445107465,1788.2799999993924,0.0010540270042805752,1.464932498958682e-06,0.0,137324.99999999997
dry_high_load,158.0,False,1,0.02626294497638387,0.003052873844838599,1814.3199999993815,0.0010540166772341011,1.4752595454330117e-06,0.0,137325.00000000003
dry_high_load,159.0,False,1,0.026446557691253262,0.003053396584106604,1840.3599999993705,0.0010540063632190307,1.4855735605031999e-06,0.0,137324.99999999997
dry_high_load,160.0,False,1,0.026629938710497077,0.0030539186637449003,1866.3999999993596,0.0010539960622189207,1.4958745606132004e-06,0.0,137324.99999999997
dry_high_load,161.0,False,1,0.026813088326485417,0.003054440084585855,1892.4399999993486,0.0010539857742173477,1.506162562186221e-06,0.0,137324.99999999997
dry_high_load,162.0,False,1,0.026996006831219412,0.0030549608474607862,1918.4799999993377,0.0010539754991979093,1.5164375816247423e-06,0.0,137325.00000000003
dry_high_load,163.0,False,1,0.027178694516331748,0.003055480953199962,1944.5199999993267,0.0010539652371442233,1.526699635310549e-06,0.0,137324.99999999997
dry_high_load,164.0,False,1,0.027361151673087093,0.003056000402632603,1970.5599999993158,0.0010539549880399293,1.5369487396047524e-06,0.0,137325.00000000003
dry_high_load,165.0,False,1,0.027543378592382567,0.003056519196586884,1996.5999999993048,0.0010539447518686863,1.547184910847819e-06,0.0,137325.00000000003
dry_high_load,166.0,False,1,0.02772537556474823,0.0030570373358899347,2022.6399999992939,0.0010539345286141744,1.5574081653595955e-06,0.0,137324.99999999997
dry_high_load,167.0,False,1,0.027907142880347503,0.0030575548213678397,2048.6799999992836,0.0010539243182600946,1.5676185194393337e-06,0.0,137324.99999999997
dry_high_load,168.0,False,1,0.028088680828977714,0.0030580716538456433,2074.7199999992954,0.0010539141207901682,1.5778159893657213e-06,0.0,137324.99999999997
dry_high_load,169.0,False,1,0.028269989700070462,0.003058587834147347,2100.759999999307,0.001053903936188137,1.5880005913969019e-06,0.0,137324.99999999997
dry_high_load,170.0,False,1,0.028451069782692132,0.003059103363095913,2126.799999999319,0.0010538937644377635,1.5981723417705037e-06,0.0,137324.99999999997
dry_high_load,171.0,False,1,0.028631921365544325,0.0030596182415132656,2152.8399999993308,0.0010538836055228303,1.6083312567036644e-06,0.0,137324.99999999997
dry_high_load,172.0,False,1,0.02881254473696437,0.0030601324702202912,2178.8799999993425,0.001053873459427141,1.6184773523930598e-06,0.0,137324.99999999997
dry_high_load,173.0,False,1,0.028992940184925726,0.0030606460500368408,2204.9199999993543,0.001053863326134519,1.6286106450149253e-06,0.0,137324.99999999997
dry_high_load,174.0,False,1,0.029173107997038473,0.003061158981781731,2230.959999999366,0.001053853205628809,1.6387311507250854e-06,0.0,137324.99999999997
dry_high_load,175.0,False,1,0.029353048460549782,0.003061671266272744,2256.999999999378,0.001053843097893875,1.6488388856589782e-06,0.0,137324.99999999997
dry_high_load,176.0,False,1,0.029532761862344336,0.003062182904326632,2283.0399999993897,0.0010538330029136022,1.6589338659316802e-06,0.0,137324.99999999997
dry_high_load,177.0,False,2,0.021140544566435788,0.0030382905419195656,9.079999999397472,0.0010543044161037175,1.1875206758164794e-06,0.0,137324.99999999997
dry_high_load,178.0,False,2,0.02133062109165825,0.0030388316834398053,35.11999999939749,0.0010542937389992097,1.1981977803243452e-06,0.0,137325.00000000003
dry_high_load,179.0,False,2,0.021520457764758034,0.003039372142109061,61.1599999993972,0.001054283075367834,1.2088614116998644e-06,0.0,137324.99999999997
dry_high_load,180.0,False,2,0.021710054888397647,0.0030399119187890025,87.19999999939755,0.0010542724251925894,1.219511586944396e-06,0.0,137324.99999999997
dry_high_load,181.0,False,2,0.021899412764857695,0.003040451014340213,113.23999999939797,0.0010542617884564962,1.2301483230378466e-06,0.0,137325.00000000003
dry_high_load,182.0,False,2,0.022088531696037323,0.0030409894296221894,139.27999999939837,0.0010542511651425953,1.2407716369386951e-06,0.0,137324.99999999997
dry_high_load,183.0,False,2,0.02227741198345476,0.003041527165493343,165.3199999993988,0.0010542405552339499,1.251381545584023e-06,0.0,137324.99999999997
dry_high_load,184.0,False,2,0.022466053928247742,0.003042064222811004,191.3599999993992,0.0010542299587136446,1.2619780658895386e-06,0.0,137325.00000000003
dry_high_load,185.0,False,2,0.022654457831173955,0.003042600602431419,217.39999999939963,0.0010542193755647845,1.2725612147496024e-06,0.0,137325.00000000003
dry_high_load,186.0,False,2,0.022842623992611645,0.0030431363052097547,243.43999999940004,0.0010542088057704968,1.2831310090372597e-06,0.0,137325.00000000003
dry_high_load,187.0,False,2,0.023030552712559972,0.003043671332000099,269.47999999940043,0.0010541982493139296,1.2936874656042622e-06,0.0,137324.99999999997
dry_high_load,188.0,False,2,0.023218244290639546,0.0030442056836554616,295.51999999940085,0.0010541877061782529,1.3042306012810977e-06,0.0,137324.99999999997
dry_high_load,189.0,False,2,0.023405699026092932,0.003044739361027776,321.55999999940127,0.001054177176346657,1.3147604328770174e-06,0.0,137324.99999999997
dry_high_load,190.0,False,2,0.023592917217785052,0.003045272364967901,347.5999999994017,0.001054166659802354,1.3252769771800598e-06,0.0,137325.00000000003
dry_high_load,191.0,False,2,0.02377989916420369,0.0030458046963256213,373.6399999994021,0.0010541561565285769,1.3357802509570785e-06,0.0,137324.99999999997
dry_high_load,192.0,False,2,0.023966645163459983,0.003046336355949649,399.6799999994025,0.0010541456665085801,1.34627027095377e-06,0.0,137324.99999999997
dry_high_load,193.0,False,2,0.024153155513288897,0.0030468673446876256,425.71999999940294,0.0010541351897256392,1.3567470538946997e-06,0.0,137324.99999999997
dry_high_load,194.0,False,2,0.02433943051104969,0.0030473976633861232,451.75999999940336,0.0010541247261630507,1.3672106164833293e-06,0.0,137325.00000000003
dry_high_load,195.0,False,2,0.02452547045372642,0.003047927312890646,477.7999999994038,0.0010541142758041318,1.3776609754020435e-06,0.0,137324.99999999997
dry_high_load,196.0,False,2,0.024711275637928326,0.003048456294045629,503.8399999994042,0.0010541038386322216,1.3880981473121734e-06,0.0,137324.99999999997
dry_high_load,197.0,False,2,0.024896846359890465,0.003048984607694446,529.8799999994046,0.00105409341463068,1.3985221488540308e-06,0.0,137324.99999999997
dry_high_load,198.0,False,2,0.02508218291547397,0.003049512254679401,555.919999999405,0.0010540830037828871,1.4089329966469231e-06,0.0,137325.00000000003
dry_high_load,199.0,False,2,0.025267285600166684,0.0030500392358417403,581.9599999994055,0.001054072606072245,1.4193307072891896e-06,0.0,137325.00000000003
dry_high_load,200.0,False,2,0.025452154709083605,0.0030505655520216453,607.9999999994059,0.0010540622214821756,1.4297152973582252e-06,0.0,137324.99999999997
dry_high_load,201.0,False,2,0.02563679053696731,0.0030510912040582383,634.0399999994063,0.0010540518499961237,1.4400867834105052e-06,0.0,137325.00000000003
dry_high_load,202.0,False,2,0.025821193378188462,0.003051616192789583,660.0799999994067,0.0010540414915975523,1.4504451819816136e-06,0.0,137324.99999999997
dry_high_load,203.0,False,2,0.02600536352674625,0.0030521405190526854,686.1199999994071,0.0010540311462699475,1.4607905095862675e-06,0.0,137324.99999999994
dry_high_load,204.0,False,2,0.026189301276268853,0.0030526641836834947,712.1599999994075,0.0010540208139968156,1.4711227827183437e-06,0.0,137324.99999999997
dry_high_load,205.0,False,2,0.02637300692001398,0.0030531871875169063,738.199999999408,0.001054010494761683,1.4814420178509083e-06,0.0,137324.99999999997
dry_high_load,206.0,False,2,0.026556480750869284,0.003053709531386761,764.2399999994084,0.0010540001885480977,1.491748231436241e-06,0.0,137324.99999999997
dry_high_load,207.0,False,2,0.02673972306135278,0.0030542312161258483,790.2799999994088,0.001053989895339628,1.5020414399058571e-06,0.0,137324.99999999994
dry_high_load,208.0,False,2,0.02692273414361341,0.003054752242565906,816.3199999994092,0.0010539796151198633,1.5123216596705407e-06,0.0,137324.99999999997
dry_high_load,209.0,False,2,0.027105514289431438,0.003055272611537624,842.3599999994096,0.0010539693478724137,1.5225889071203663e-06,0.0,137325.00000000003
dry_high_load,210.0,False,2,0.02728806379021896,0.003055792323870641,868.39999999941,0.0010539590935809092,1.532843198624727e-06,0.0,137324.99999999997
dry_high_load,211.0,False,2,0.027470382937020334,0.0030563113803935517,894.4399999994105,0.0010539488522290016,1.5430845505323591e-06,0.0,137324.99999999997
dry_high_load,212.0,False,2,0.02765247202051262,0.003056829781933904,920.4799999994109,0.0010539386238003626,1.5533129791713675e-06,0.0,137324.99999999997
dry_high_load,213.0,False,2,0.027834331331006164,0.003057347529318201,946.5199999994113,0.0010539284082786847,1.5635285008492568e-06,0.0,137324.99999999997
dry_high_load,214.0,False,2,0.028015961158444888,0.003057864623371904,972.5599999994117,0.001053918205647681,1.5737311318529495e-06,0.0,137324.99999999997
dry_high_load,215.0,False,2,0.028197361792406925,0.0030583810649194325,998.5999999994121,0.0010539080158910852,1.58392088844882e-06,0.0,137325.00000000003
dry_high_load,216.0,False,2,0.02837853352210492,0.0030588968547841646,1024.6399999994123,0.0010538978389926512,1.5940977868827129e-06,0.0,137324.99999999997
dry_high_load,217.0,False,2,0.02855947663638664,0.0030594119937884406,1050.6799999994014,0.001053887674936154,1.6042618433799764e-06,0.0,137324.99999999997
dry_high_load,218.0,False,2,0.028740191423735326,0.0030599264827535625,1076.7199999993904,0.0010538775237053887,1.6144130741454819e-06,0.0,137325.00000000003
dry_high_load,219.0,False,2,0.0289206781722702,0.003060440322499796,1102.7599999993795,0.0010538673852841702,1.6245514953636533e-06,0.0,137324.99999999997
dry_high_load,220.0,False,2,0.02910093716974685,0.0030609535138463725,1128.7999999993685,0.0010538572596563353,1.6346771231984883e-06,0.0,137324.99999999997
dry_high_load,221.0,False,2,0.029280968703557887,0.003061466057611488,1154.8399999993576,0.0010538471468057404,1.644789973793595e-06,0.0,137324.99999999997
dry_high_load,222.0,False,2,0.029460773060733154,0.0030619779546123076,1180.8799999993466,0.001053837046716262,1.6548900632722039e-06,0.0,137325.00000000003
dry_high_load,223.0,False,2,0.029640350527940375,0.0030624892056649645,1206.9199999993357,0.001053826959371797,1.6649774077372044e-06,0.0,137325.00000000003
dry_high_load,224.0,False,2,0.029819701391485487,0.003062999811584562,1232.9599999993247,0.0010538168847562628,1.675052023271163e-06,0.0,137324.99999999997
dry_high_load,225.0,False,2,0.029998825937313144,0.003063509773185175,1258.9999999993138,0.0010538068228535976,1.6851139259363525e-06,0.0,137324.99999999997
dry_high_load,226.0,False,2,0.030177724451007207,0.003064019091279852,1285.0399999993028,0.0010537967736477592,1.695163131774779e-06,0.0,137324.99999999997
dry_high_load,227.0,False,2,0.03035639721779115,0.0030645277666806136,1311.0799999992919,0.0010537867371227256,1.705199656808204e-06,0.0,137324.99999999997
dry_high_load,228.0,False,2,0.030534844522528495,0.0030650358001984572,1337.119999999281,0.001053776713262496,1.7152235170381698e-06,0.0,137325.00000000003
dry_high_load,229.0,False,2,0.03071306664972339,0.0030655431926433566,1363.15999999927,0.001053766702051088,1.7252347284460327e-06,0.0,137325.00000000003
dry_high_load,230.0,False,2,0.0308910638835209,0.0030660499448242635,1389.199999999259,0.001053756703472541,1.7352333069929768e-06,0.0,137324.99999999997
dry_high_load,231.0,False,2,0.03106883650770757,0.0030665560575491085,1415.239999999248,0.001053746717510914,1.7452192686200483e-06,0.0,137324.99999999997
dry_high_load,232.0,False,2,0.031246384805711843,0.0030670615316248026,1441.2799999992371,0.0010537367441502859,1.7551926292481775e-06,0.0,137325.00000000003
dry_high_load,233.0,False,2,0.03142370906060448,0.0030675663678572398,1467.3199999992262,0.0010537267833747557,1.7651534047782026e-06,0.0,137324.99999999997
dry_high_load,234.0,False,2,0.031600809555099106,0.0030680705670512952,1493.3599999992152,0.001053716835168443,1.7751016110909008e-06,0.0,137324.99999999997
dry_high_load,235.0,False,2,0.031777686571552506,0.00306857413001083,1519.3999999992043,0.0010537068995154868,1.7850372640470041e-06,0.0,137324.99999999994
dry_high_load,236.0,False,2,0.03195434039196527,0.00306907705753869,1545.4399999991933,0.0010536969764000468,1.7949603794872368e-06,0.0,137324.99999999997
dry_high_load,237.0,False,2,0.03213077129798202,0.0030695793504367077,1571.4799999991824,0.0010536870658063016,1.8048709732323277e-06,0.0,137324.99999999997
dry_high_load,238.0,False,2,0.03230697957089213,0.0030700810095057054,1597.5199999991714,0.001053677167718451,1.8147690610830487e-06,0.0,137324.99999999997
dry_high_load,239.0,False,2,0.03248296549162992,0.0030705820355454933,1623.5599999991605,0.0010536672821207136,1.8246546588202294e-06,0.0,137324.99999999997
dry_high_load,240.0,False,2,0.03265872934077519,0.003071082429354873,1649.5999999991495,0.001053657408997329,1.834527782204784e-06,0.0,137324.99999999994
dry_high_load,241.0,False,2,0.03283427139855374,0.0030715821917316373,1675.6399999991386,0.0010536475483325564,1.8443884469777417e-06,0.0,137325.00000000003
dry_high_load,242.0,False,2,0.03300959194483774,0.0030720813234725738,1701.6799999991276,0.0010536377001106737,1.8542366688602678e-06,0.0,137324.99999999997
dry_high_load,243.0,False,2,0.03318469125914622,0.003072579825373463,1727.7199999991167,0.0010536278643159802,1.8640724635536902e-06,0.0,137324.99999999997
dry_high_load,244.0,False,2,0.033359569620645464,0.0030730776982290826,1753.7599999991057,0.0010536180409327946,1.8738958467395224e-06,0.0,137325.00000000003
dry_high_load,245.0,False,2,0.03353422730814948,0.0030735749428332064,1779.7999999990948,0.0010536082299454543,1.8837068340794893e-06,0.0,137324.99999999994
dry_high_load,246.0,False,2,0.033708664600120467,0.0030740715599786076,1805.8399999990838,0.0010535984313383186,1.8935054412155547e-06,0.0,137325.00000000003
dry_high_load,247.0,False,2,0.033882881774669235,0.0030745675504570574,1831.8799999990729,0.001053588645095764,1.9032916837699428e-06,0.0,137324.99999999997
dry_high_load,248.0,False,2,0.03405687910955564,0.0030750629150593295,1857.919999999062,0.0010535788712021888,1.913065577345164e-06,0.0,137324.99999999997
dry_high_load,249.0,False,2,0.03423065688218905,0.003075557654575199,1883.959999999051,0.00105356910964201,1.922827137524042e-06,0.0,137324.99999999997
dry_high_load,250.0,False,2,0.03440421536962883,0.003076051769793445,1909.99999999904,0.0010535593603996642,1.932576379869738e-06,0.0,137324.99999999997
dry_high_load,251.0,False,2,0.03457755484858467,0.00307654526150185,1936.039999999029,0.0010535496234596084,1.942313319925773e-06,0.0,137325.00000000003
dry_high_load,252.0,False,2,0.03475067559541711,0.0030770381304872038,1962.0799999990181,0.0010535398988063178,1.9520379732160537e-06,0.0,137324.99999999997
dry_high_load,253.0,False,2,0.034923577886137876,0.0030775303775353023,1988.1199999990072,0.0010535301864242892,1.9617503552448933e-06,0.0,137325.00000000003
dry_high_load,254.0,False,2,0.035096261996410555,0.003078022003430951,2014.1599999989962,0.001053520486298037,1.9714504814970503e-06,0.0,137325.00000000003
dry_high_load,255.0,False,2,0.035268728201550775,0.0030785130089579634,2040.1999999989853,0.0010535107984120961,1.9811383674377364e-06,0.0,137324.99999999997
dry_high_load,256.0,False,2,0.0354409767765268,0.0030790033948991657,2066.2399999989902,0.0010535011227510215,1.9908140285126507e-06,0.0,137325.00000000003
dry_high_load,257.0,False,2,0.03561300799595988,0.003079493162036395,2092.279999999002,0.001053491459299386,2.000477480148e-06,0.0,137324.99999999997
dry_high_load,258.0,False,2,0.03578482213412477,0.0030799823111505027,2118.319999999014,0.0010534818080417834,2.0101287377505284e-06,0.0,137324.99999999997
dry_high_load,259.0,False,2,0.03595641946495012,0.0030804708430213546,2144.3599999990256,0.0010534721689628263,2.0197678167075366e-06,0.0,137324.99999999997
dry_high_load,260.0,False,2,0.03612780026201885,0.0030809587584278318,2170.3999999990374,0.001053462542047147,2.029394732386906e-06,0.0,137324.99999999997
dry_high_load,261.0,False,2,0.03629896479856877,0.003081446058147833,2196.439999999049,0.0010534529272793968,2.0390095001371313e-06,0.0,137324.99999999997
dry_high_load,262.0,False,2,0.03646991334749276,0.003081932742958276,2222.479999999061,0.0010534433246442466,2.0486121352873333e-06,0.0,137324.99999999997
dry_high_load,263.0,False,2,0.03664064618133945,0.003082418813635097,2248.5199999990728,0.0010534337341263867,2.0582026531472933e-06,0.0,137325.00000000003
dry_high_load,264.0,False,2,0.03681116357231351,0.003082904270953254,2274.5599999990845,0.0010534241557105266,2.0677810690074727e-06,0.0,137325.00000000003
dry_high_load,265.0,True,2,0.03574152591423281,0.0030798590482582254,0.5999999990960904,0.0010534842401057325,2.0076966738013325e-06,0.0,137324.99999999997
dry_high_load,266.0,False,3,0.026472670385923595,0.003053470926076371,26.639999999096133,0.001054004896399445,1.4870403800888947e-06,0.0,137324.99999999997
dry_high_load,267.0,False,3,0.026656018454305968,0.003053992911904665,52.67999999909591,0.0010539945972502728,1.4973395292612751e-06,0.0,137325.00000000003
dry_high_load,268.0,False,3,0.02683913516101262,0.0030545142390539935,78.71999999909602,0.0010539843110973016,1.5076256822323212e-06,0.0,137324.99999999997
dry_high_load,269.0,False,3,0.027022020797992204,0.0030550349083555252,104.75999999909644,0.0010539740379241322,1.5178988554015655e-06,0.0,137324.99999999994
dry_high_load,270.0,False,3,0.02720467565682502,0.0030555549206393797,130.79999999909685,0.0010539637777143862,1.5281590651478501e-06,0.0,137324.99999999997
dry_high_load,271.0,False,3,0.027387100028723375,0.0030560742767346276,156.83999999909727,0.0010539535304517047,1.5384063278293458e-06,0.0,137325.00000000003
dry_high_load,272.0,False,3,0.027569294204532115,0.0030565929774692955,182.8799999990977,0.0010539432961197504,1.5486406597835816e-06,0.0,137324.99999999997
dry_high_load,273.0,False,3,0.027751258474729108,0.003057111023670364,208.9199999990981,0.0010539330747022064,1.5588620773274729e-06,0.0,137324.99999999997
dry_high_load,274.0,False,3,0.027932993129425675,0.0030576284161637694,234.95999999909853,0.0010539228661827767,1.5690705967573453e-06,0.0,137324.99999999997
dry_high_load,275.0,False,3,0.02811449845836701,0.0030581451557744077,260.9999999990989,0.001053912670545185,1.5792662343489574e-06,0.0,137325.00000000003
dry_high_load,276.0,False,3,0.02829577475093273,0.0030586612433261325,287.03999999909934,0.0010539024877731765,1.5894490063575331e-06,0.0,137324.99999999997
dry_high_load,277.0,False,3,0.028476822296137287,0.003059176679641759,313.07999999909975,0.0010538923178505162,1.5996189290177837e-06,0.0,137324.99999999997
dry_high_load,278.0,False,3,0.02865764138263041,0.0030596914655430622,339.1199999991002,0.00105388216076099,1.6097760185439329e-06,0.0,137324.99999999997
dry_high_load,279.0,False,3,0.028838232298697614,0.003060205601850782,365.1599999991006,0.0010538720164884041,1.6199202911297453e-06,0.0,137324.99999999997
dry_high_load,280.0,False,3,0.0290185953322606,0.003060719089384622,391.199999999101,0.0010538618850165853,1.6300517629485498e-06,0.0,137324.99999999997
dry_high_load,281.0,False,3,0.029198730770877777,0.003061231928963251,417.2399999991014,0.0010538517663293808,1.6401704501532682e-06,0.0,137325.00000000003
dry_high_load,282.0,False,3,0.029378638901744684,0.003061744121404306,443.27999999910185,0.0010538416604106576,1.650276368876438e-06,0.0,137325.00000000003
dry_high_load,283.0,False,3,0.02955832001169449,0.0030622556675243898,469.31999999910227,0.0010538315672443037,1.6603695352302423e-06,0.0,137324.99999999997
dry_high_load,284.0,False,3,0.02973777438719837,0.003062766568139077,495.3599999991027,0.0010538214868142275,1.6704499653065294e-06,0.0,137325.00000000003
dry_high_load,285.0,False,3,0.02991700231436604,0.0030632768240629136,521.3999999991031,0.001053811419104357,1.6805176751768445e-06,0.0,137324.99999999997
dry_high_load,286.0,False,3,0.03009600407894616,0.003063786436109415,547.4399999991035,0.0010538013640986415,1.6905726808924502e-06,0.0,137324.99999999997
dry_high_load,287.0,False,3,0.030274779966326826,0.003064295405091072,573.4799999991039,0.0010537913217810496,1.7006149984843555e-06,0.0,137324.99999999997
dry_high_load,288.0,False,3,0.030453330261536016,0.00306480373181935,599.5199999991044,0.0010537812921355709,1.7106446439633412e-06,0.0,137325.00000000003
dry_high_load,289.0,False,3,0.030631655249241975,0.0030653114171046896,625.5599999991048,0.001053771275146214,1.7206616333199804e-06,0.0,137324.99999999997
dry_high_load,290.0,False,3,0.03080975521375386,0.00306581846175651,651.5999999991052,0.0010537612707970092,1.7306659825246756e-06,0.0,137324.99999999997
dry_high_load,291.0,False,3,0.03098763043902194,0.0030663248665832076,677.6399999991056,0.0010537512790720063,1.7406577075276693e-06,0.0,137324.99999999997
dry_high_load,292.0,False,3,0.031165281208638266,0.00306683063239216,703.679999999106,0.001053741299955275,1.7506368242590822e-06,0.0,137325.00000000003
dry_high_load,293.0,False,3,0.03134270780583695,0.0030673357599897244,729.7199999991064,0.0010537313334309049,1.760603348628928e-06,0.0,137324.99999999994
dry_high_load,294.0,False,3,0.0315199105134948,0.0030678402501812425,755.7599999991069,0.0010537213794830067,1.770557296527151e-06,0.0,137324.99999999997
dry_high_load,295.0,False,3,0.03169688961413158,0.0030683441037710384,781.7999999991073,0.0010537114380957102,1.7804986838236378e-06,0.0,137324.99999999997
dry_high_load,296.0,False,3,0.03187364538991057,0.0030688473215624216,807.8399999991077,0.0010537015092531659,1.7904275263682518e-06,0.0,137325.00000000003
dry_high_load,297.0,False,3,0.03205017812263905,0.003069349904357688,833.8799999991081,0.001053691592939543,1.800343839990858e-06,0.0,137324.99999999997
dry_high_load,298.0,False,3,0.03222648809376865,0.0030698518529581205,859.9199999991085,0.0010536816891390326,1.8102476405013432e-06,0.0,137324.99999999997
dry_high_load,299.0,False,3,0.03240257558439584,0.003070353168163992,885.959999999109,0.0010536717978358444,1.8201389436896452e-06,0.0,137325.00000000003
dry_high_load,300.0,False,3,0.03257844087526238,0.003070853850774564,911.9999999991094,0.0010536619190142083,1.830017765325776e-06,0.0,137325.00000000003
dry_high_load,301.0,False,3,0.03275408424675583,0.003071353901588092,938.0399999991098,0.001053652052658374,1.8398841211598515e-06,0.0,137324.99999999994
dry_high_load,302.0,False,3,0.03292950597890984,0.0030718533214018216,964.0799999991102,0.0010536421987526118,1.8497380269221075e-06,0.0,137324.99999999997
dry_high_load,303.0,False,3,0.033104706351404764,0.003072352111011993,990.1199999991106,0.0010536323572812112,1.859579498322934e-06,0.0,137325.00000000003
dry_high_load,304.0,False,3,0.033279685643568015,0.003072850271213843,1016.159999999111,0.001053622528228481,1.8694085510528951e-06,0.0,137324.99999999997
dry_high_load,305.0,False,3,0.033454444134374546,0.003073347802801603,1042.1999999991035,0.0010536127115787512,1.879225200782757e-06,0.0,137324.99999999997
dry_high_load,306.0,False,3,0.03362898210244725,0.0030738447065685034,1068.2399999990926,0.0010536029073163703,1.8890294631635096e-06,0.0,137324.99999999997
dry_high_load,307.0,False,3,0.03380329982605742,0.0030743409833067737,1094.2799999990816,0.0010535931154257076,1.8988213538263924e-06,0.0,137325.00000000003
dry_high_load,308.0,False,3,0.033977397583125256,0.003074836633807643,1120.3199999990707,0.0010535833358911511,1.908600888382923e-06,0.0,137325.00000000003
dry_high_load,309.0,False,3,0.03415127565122028,0.0030753316588613432,1146.3599999990597,0.0010535735686971093,1.91836808242492e-06,0.0,137325.00000000003
dry_high_load,310.0,False,3,0.03432493430756164,0.003075826059257107,1172.3999999990488,0.0010535638138280095,1.9281229515245215e-06,0.0,137325.00000000003
dry_high_load,311.0,False,3,0.034498373829018734,0.0030763198357831724,1198.4399999990378,0.0010535540712682998,1.937865511234219e-06,0.0,137324.99999999997
dry_high_load,312.0,False,3,0.03467159449211171,0.0030768129892267833,1224.4799999990269,0.0010535443410024472,1.947595777086885e-06,0.0,137325.00000000003
dry_high_load,313.0,False,3,0.0348445965730116,0.0030773055203741897,1250.519999999016,0.0010535346230149383,1.957313764595781e-06,0.0,137325.00000000003
dry_high_load,314.0,False,3,0.035017380347540976,0.003077797430010649,1276.559999999005,0.0010535249172902795,1.9670194892545968e-06,0.0,137325.00000000003
dry_high_load,315.0,False,3,0.03518994609117445,0.0030782887189204277,1302.599999998994,0.0010535152238129964,1.976712966537474e-06,0.0,137324.99999999997
dry_high_load,316.0,False,3,0.03536229407903898,0.003078779387886804,1328.639999998983,0.0010535055425676349,1.9863942118990264e-06,0.0,137324.99999999997
dry_high_load,317.0,False,3,0.035534424585914284,0.003079269437692066,1354.679999998972,0.0010534958735387596,1.9960632407743625e-06,0.0,137324.99999999997
dry_high_load,318.0,False,3,0.03570633788623343,0.003079758869117516,1380.7199999989612,0.001053486216710955,2.005720068579118e-06,0.0,137325.00000000003
dry_high_load,319.0,False,3,0.03587803425408308,0.0030802476829434686,1406.7599999989502,0.0010534765720688244,2.015364710709471e-06,0.0,137324.99999999997
dry_high_load,320.0,False,3,0.03604951396320417,0.003080735879949256,1432.7999999989393,0.0010534669395969919,2.0249971825421784e-06,0.0,137325.00000000003
dry_high_load,321.0,False,3,0.03622077728699213,0.0030812234609132257,1458.8399999989283,0.0010534573192800996,2.0346174994345893e-06,0.0,137325.00000000003
dry_high_load,322.0,False,3,0.03639182449849738,0.0030817104266127426,1484.8799999989174,0.0010534477111028093,2.0442256767246738e-06,0.0,137324.99999999997
dry_high_load,323.0,False,3,0.03656265587042587,0.003082196777824192,1510.9199999989064,0.0010534381150498029,2.05382172973105e-06,0.0,137324.99999999997
dry_high_load,324.0,False,3,0.03673327167513935,0.0030826825153229785,1536.9599999988955,0.001053428531105781,2.063405673753003e-06,0.0,137324.99999999997
dry_high_load,325.0,False,3,0.036903672184655935,0.003083167639883529,1562.9999999988845,0.0010534189592554632,2.0729775240705147e-06,0.0,137324.99999999994
dry_high_load,326.0,False,3,0.03707385767065044,0.0030836521522792917,1589.0399999988736,0.0010534093994835896,2.0825372959442828e-06,0.0,137324.99999999997
dry_high_load,327.0,False,3,0.03724382840445493,0.0030841360532827405,1615.0799999988626,0.0010533998517749182,2.092085004615751e-06,0.0,137324.99999999997
dry_high_load,328.0,False,3,0.03741358465705899,0.003084619343665374,1641.1199999988517,0.0010533903161142268,2.1016206653071276e-06,0.0,137324.99999999997
dry_high_load,329.0,False,3,0.03758312669911035,0.003085102024197717,1667.1599999988407,0.0010533807924863127,2.1111442932214145e-06,0.0,137325.00000000003
dry_high_load,330.0,False,3,0.03775245480091514,0.0030855840956493215,1693.1999999988298,0.0010533712808759915,2.1206559035424273e-06,0.0,137324.99999999997
dry_high_load,331.0,False,3,0.037921569232438404,0.0030860655587887694,1719.2399999988188,0.0010533617812680993,2.130155511434822e-06,0.0,137325.00000000003
dry_high_load,332.0,False,3,0.03809047026330458,0.0030865464143836727,1745.2799999988079,0.0010533522936474898,2.13964313204412e-06,0.0,137324.99999999997
dry_high_load,333.0,False,3,0.03825915816279782,0.003087026663200674,1771.319999998797,0.0010533428179990373,2.1491187804967296e-06,0.0,137324.99999999997
dry_high_load,334.0,False,3,0.03842763319986259,0.00308750630600545,1797.359999998786,0.001053333354307634,2.1585824718999776e-06,0.0,137325.00000000003
dry_high_load,335.0,False,3,0.03859589564310377,0.003087985343562709,1823.399999998775,0.001053323902558192,2.1680342213421155e-06,0.0,137325.00000000003
dry_high_load,336.0,False,3,0.03876394576078753,0.0030884637766361955,1849.439999998764,0.0010533144627356415,2.177474043892368e-06,0.0,137324.99999999997
dry_high_load,337.0,False,3,0.038931783820841316,0.0030889416059886906,1875.479999998753,0.0010533050348249331,2.1869019546009333e-06,0.0,137325.00000000003
dry_high_load,338.0,False,3,0.03909941009085461,0.003089418832382013,1901.5199999987422,0.001053295618811035,2.196317968499025e-06,0.0,137325.00000000003
dry_high_load,339.0,False,3,0.039266824838079244,0.003089895456577019,1927.5599999987312,0.001053286214678935,2.2057221005988896e-06,0.0,137324.99999999997
dry_high_load,340.0,False,3,0.03943402832942967,0.0030903714793336055,1953.5999999987203,0.0010532768224136401,2.215114365893823e-06,0.0,137324.99999999997
dry_high_load,341.0,False,3,0.03960102083148369,0.0030908469014107104,1979.6399999987093,0.0010532674420001757,2.2244947793582105e-06,0.0,137324.99999999997
dry_high_load,342.0,False,3,0.03976780261048268,0.0030913217235663142,2005.6799999986983,0.0010532580734235863,2.2338633559475386e-06,0.0,137324.99999999997
dry_high_load,343.0,False,3,0.039934373932331985,0.0030917959465574405,2031.7199999986874,0.0010532487166689357,2.2432201105984185e-06,0.0,137325.00000000003
dry_high_load,344.0,False,3,0.040100735062601464,0.003092269571140158,2057.759999998685,0.0010532393717213053,2.2525650582286162e-06,0.0,137324.99999999997
dry_high_load,345.0,False,3,0.04026688626652584,0.0030927425980695807,2083.799999998697,0.0010532300385657969,2.2618982137370725e-06,0.0,137324.99999999997
dry_high_load,346.0,False,3,0.04043282780900515,0.0030932150280998704,2109.8399999987087,0.00105322071718753,2.271219592003928e-06,0.0,137324.99999999997
dry_high_load,347.0,False,3,0.04059855995460515,0.0030936868619842366,2135.8799999987205,0.0010532114075716434,2.280529207890545e-06,0.0,137324.99999999997
dry_high_load,348.0,False,3,0.04076408296755779,0.0030941581004749396,2161.9199999987322,0.0010532021097032945,2.289827076239536e-06,0.0,137324.99999999997
dry_high_load,349.0,False,3,0.040929397111761585,0.003094628744323289,2187.959999998744,0.001053192823567659,2.2991132118747833e-06,0.0,137324.99999999997
dry_high_load,350.0,False,3,0.041094502650781996,0.0030950987942796474,2213.999999998756,0.0010531835491499326,2.3083876296014604e-06,0.0,137325.00000000003
dry_high_load,351.0,False,3,0.04125939984785194,0.0030955682510934294,2240.0399999987676,0.001053174286435328,2.3176503442060612e-06,0.0,137325.00000000003
dry_high_load,352.0,False,3,0.04142408896587217,0.003096037115513105,2266.0799999987794,0.0010531650354090776,2.326901370456422e-06,0.0,137324.99999999997
dry_high_load,353.0,False,3,0.0415885702674117,0.0030965053882862,2292.119999998791,0.0010531557960564324,2.3361407231017413e-06,0.0,137325.00000000003
dry_high_load,354.0,False,4,0.029723643107316202,0.0030627263368571273,18.15999999879485,0.0010538222806058435,1.6696561736904674e-06,0.0,137324.99999999997
dry_high_load,355.0,False,4,0.029902888866341182,0.0030632366435476657,44.199999998794745,0.0010538122118943104,1.6797248852236855e-06,0.0,137325.00000000003
dry_high_load,356.0,False,4,0.0300819084402771,0.0030637463062968082,70.23999999879462,0.0010538021558881957,1.6897808913382244e-06,0.0,137324.99999999997
dry_high_load,357.0,False,4,0.03026070211454043,0.0030642553259171263,96.27999999879503,0.0010537921125714673,1.6998242080666873e-06,0.0,137325.00000000003
dry_high_load,358.0,False,4,0.030439270174187537,0.003064763703220166,122.31999999879545,0.0010537820819281124,1.7098548514214492e-06,0.0,137324.99999999997
dry_high_load,359.0,False,4,0.030617612903915008,0.0030652714390164482,148.35999999879587,0.0010537720639421393,1.7198728373946757e-06,0.0,137324.99999999997
dry_high_load,360.0,False,4,0.03079573058806021,0.003065778534115473,174.3999999987963,0.0010537620585975755,1.7298781819583535e-06,0.0,137324.99999999997
dry_high_load,361.0,False,4,0.030973623510601744,0.003066284989325717,200.4399999987967,0.0010537520658784696,1.7398709010643168e-06,0.0,137324.99999999997
dry_high_load,362.0,False,4,0.031151291955159827,0.003066790805454638,226.47999999879713,0.00105374208576889,1.7498510106442684e-06,0.0,137325.00000000003
dry_high_load,363.0,False,4,0.03132873620499678,0.0030672959833086748,252.51999999879754,0.0010537321182529243,1.759818526609807e-06,0.0,137325.00000000003
dry_high_load,364.0,False,4,0.03150595654301754,0.0030678005236932475,278.55999999879793,0.0010537221633146814,1.769773464852456e-06,0.0,137324.99999999997
dry_high_load,365.0,False,4,0.03168295325176997,0.0030683044274127606,304.59999999879835,0.0010537122209382905,1.7797158412436813e-06,0.0,137325.00000000003
dry_high_load,366.0,False,4,0.03185972661344546,0.003068807695270604,330.63999999879877,0.001053702291107899,1.7896456716349244e-06,0.0,137324.99999999997
dry_high_load,367.0,False,4,0.03203627690987928,0.0030693103280691526,356.6799999987992,0.0010536923738076764,1.7995629718576235e-06,0.0,137324.99999999997
dry_high_load,368.0,False,4,0.03221260442255108,0.00306981232660977,382.7199999987996,0.0010536824690218108,1.8094677577232395e-06,0.0,137324.99999999997
dry_high_load,369.0,False,4,0.0323887094325853,0.0030703136916928084,408.7599999988,0.001053672576734511,1.8193600450232806e-06,0.0,137325.00000000003
dry_high_load,370.0,False,4,0.032564592220751656,0.003070814424117609,434.79999999880044,0.0010536626969300047,1.8292398495293293e-06,0.0,137325.00000000003
dry_high_load,371.0,False,4,0.03274025306746552,0.0030713145246825057,460.83999999880086,0.001053652829592541,1.8391071869930639e-06,0.0,137324.99999999997
dry_high_load,372.0,False,4,0.0329156922527885,0.0030718139941848244,486.8799999988013,0.0010536429747063877,1.8489620731462906e-06,0.0,137324.99999999997
dry_high_load,373.0,False,4,0.033090910056428745,0.0030723128334208846,512.9199999988017,0.001053633132255833,1.8588045237009603e-06,0.0,137324.99999999997
dry_high_load,374.0,False,4,0.033265906757741444,0.0030728110431860016,538.9599999988021,0.0010536233022251848,1.8686345543491988e-06,0.0,137324.99999999997
dry_high_load,375.0,False,4,0.03344068263572932,0.0030733086242744866,564.9999999988025,0.0010536134845987707,1.8784521807633311e-06,0.0,137325.00000000003
dry_high_load,376.0,False,4,0.03361523796904299,0.003073805577479648,591.039999998803,0.0010536036793609381,1.8882574185959043e-06,0.0,137325.00000000003
dry_high_load,377.0,False,4,0.033789573035981436,0.003074301903593795,617.0799999988034,0.0010535938864960543,1.8980502834797138e-06,0.0,137325.00000000003
dry_high_load,378.0,False,4,0.0339636881144925,0.003074797603408235,643.1199999988038,0.0010535841059885062,1.907830791027829e-06,0.0,137324.99999999997
dry_high_load,379.0,False,4,0.03413758348217329,0.0030752926777132777,669.1599999988042,0.0010535743378227004,1.9175989568336194e-06,0.0,137325.00000000003
dry_high_load,380.0,False,4,0.03431125941627057,0.0030757871272982353,695.1999999988046,0.0010535645819830632,1.927354796470774e-06,0.0,137324.99999999997
dry_high_load,381.0,False,4,0.03448471619368133,0.003076280952951425,721.239999998805,0.0010535548384540407,1.9370983254933334e-06,0.0,137325.00000000003
dry_high_load,382.0,False,4,0.03465795409095312,0.0030767741554601677,747.2799999988055,0.0010535451072200984,1.9468295594357094e-06,0.0,137325.00000000003
dry_high_load,383.0,False,4,0.03483097338428451,0.0030772667356107914,773.3199999988059,0.0010535353882657212,1.9565485138127124e-06,0.0,137324.99999999997
dry_high_load,384.0,False,4,0.03500377434952552,0.0030777586941886327,799.3599999988063,0.0010535256815754144,1.9662552041195712e-06,0.0,137324.99999999997
dry_high_load,385.0,False,4,0.035176357262178166,0.003078250031978036,825.3999999988067,0.001053515987133702,1.9759496458319685e-06,0.0,137324.99999999997
dry_high_load,386.0,False,4,0.03534872239739676,0.0030787407497623567,851.4399999988071,0.001053506304925128,1.9856318544060543e-06,0.0,137324.99999999997
dry_high_load,387.0,False,4,0.035520870029988424,0.0030792308483239615,877.4799999988076,0.0010534966349342555,1.995301845278476e-06,0.0,137324.99999999997
dry_high_load,388.0,False,4,0.0356928004344134,0.003079720328444229,903.519999998808,0.0010534869771456675,2.0049596338663964e-06,0.0,137324.99999999997
dry_high_load,389.0,False,4,0.03586451388478575,0.003080209190903554,929.5599999988084,0.0010534773315439665,2.0146052355675326e-06,0.0,137324.99999999997
dry_high_load,390.0,False,4,0.03603601065487357,0.0030806974364813436,955.5999999988088,0.0010534676981137738,2.0242386657601668e-06,0.0,137324.99999999997
dry_high_load,391.0,False,4,0.03620729101809956,0.0030811850659560242,981.6399999988092,0.001053458076839731,2.03385993980318e-06,0.0,137325.00000000003
dry_high_load,392.0,False,4,0.036378355247541246,0.003081672080105038,1007.6799999988096,0.001053448467706498,2.0434690730360645e-06,0.0,137324.99999999997
dry_high_load,393.0,False,4,0.03654920361593172,0.0030821584797048472,1033.7199999988059,0.001053438870698755,2.053066080778964e-06,0.0,137324.99999999997
dry_high_load,394.0,False,4,0.03671983639565982,0.0030826442655309334,1059.759999998795,0.0010534292858012013,2.0626509783326853e-06,0.0,137324.99999999997
dry_high_load,395.0,False,4,0.03689025385877073,0.0030831294383578006,1085.799999998784,0.0010534197129985555,2.0722237809787297e-06,0.0,137325.00000000003
dry_high_load,396.0,False,4,0.03706045627696631,0.003083613998958975,1111.839999998773,0.0010534101522755546,2.0817845039793144e-06,0.0,137324.99999999997
dry_high_load,397.0,False,4,0.03723044392160559,0.0030840979481070057,1137.879999998762,0.0010534006036169565,2.0913331625773995e-06,0.0,137324.99999999997
dry_high_load,398.0,False,4,0.03740021706370517,0.003084581286573469,1163.919999998751,0.0010533910670075374,2.1008697719967077e-06,0.0,137325.00000000003
dry_high_load,399.0,False,4,0.03756977597393964,0.0030850640151289656,1189.9599999987402,0.0010533815424320922,2.110394347441752e-06,0.0,137324.99999999997
dry_high_load,400.0,False,4,0.037739120922642116,0.0030855461345431255,1215.9999999987292,0.001053372029875436,2.119906904097864e-06,0.0,137324.99999999997
dry_high_load,401.0,False,4,0.03790825217980447,0.003086027645584606,1242.0399999987183,0.001053362529322403,2.1294074571312047e-06,0.0,137325.00000000003
dry_high_load,402.0,False,4,0.03807717001507792,0.003086508549021096,1268.0799999987073,0.0010533530407578454,2.1388960216888015e-06,0.0,137325.00000000003
dry_high_load,403.0,False,4,0.03824587469777349,0.003086988845619314,1294.1199999986964,0.0010533435641666353,2.148372612898572e-06,0.0,137324.99999999997
dry_high_load,404.0,False,4,0.03841436649686231,0.003087468536145012,1320.1599999986854,0.0010533340995336647,2.1578372458693406e-06,0.0,137325.00000000003
dry_high_load,405.0,False,4,0.03858264568097602,0.003087947621362976,1346.1999999986745,0.0010533246468438433,2.1672899356908617e-06,0.0,137325.00000000003
dry_high_load,406.0,False,4,0.03875071251840743,0.003088426102037026,1372.2399999986635,0.0010533152060821004,2.1767306974338568e-06,0.0,137325.00000000003
dry_high_load,407.0,False,4,0.038918567277110766,0.003088903978930019,1398.2799999986526,0.001053305777233384,2.186159546150028e-06,0.0,137325.00000000003
dry_high_load,408.0,False,4,0.03908621022470201,0.0030893812528038486,1424.3199999986416,0.001053296360282662,2.1955764968720777e-06,0.0,137325.00000000003
dry_high_load,409.0,False,4,0.039253641628459665,0.003089857924419448,1450.3599999986307,0.00105328695521492,2.204981564613751e-06,0.0,137324.99999999994
dry_high_load,410.0,False,4,0.0394208617553247,0.003090333994536789,1476.3999999986197,0.001053277562015164,2.2143747643698327e-06,0.0,137324.99999999997
dry_high_load,411.0,False,4,0.0395878708719015,0.0030908094639148856,1502.4399999986088,0.0010532681806684177,2.2237561111162014e-06,0.0,137324.99999999997
dry_high_load,412.0,False,4,0.03975466924445786,0.0030912843333117932,1528.4799999985978,0.001053258811159724,2.233125619809828e-06,0.0,137324.99999999997
dry_high_load,413.0,False,4,0.039921257138925526,0.003091758603484611,1554.5199999985869,0.0010532494534741452,2.2424833053888064e-06,0.0,137324.99999999997
dry_high_load,414.0,False,4,0.04008763482090085,0.0030922322751894818,1580.559999998576,0.0010532401075967614,2.251829182772391e-06,0.0,137324.99999999994
dry_high_load,415.0,False,4,0.040253802555644994,0.0030927053491815962,1606.599999998565,0.001053230773512673,2.2611632668610077e-06,0.0,137325.00000000003
dry_high_load,416.0,False,4,0.040419760608084304,0.003093177826215191,1632.639999998554,0.0010532214512069976,2.2704855725362746e-06,0.0,137324.99999999997
dry_high_load,417.0,False,4,0.04058550924281088,0.00309364970704355,1658.679999998543,0.001053212140664873,2.2797961146610345e-06,0.0,137324.99999999997
dry_high_load,418.0,False,4,0.040751048724082965,0.0030941209924190086,1684.719999998532,0.0010532028418714545,2.2890949080793763e-06,0.0,137324.99999999997
dry_high_load,419.0,False,4,0.04091637931582526,0.003094591683092951,1710.7599999985212,0.0010531935548119173,2.2983819676166533e-06,0.0,137324.99999999997
dry_high_load,420.0,False,4,0.04108150128162955,0.003095061779815814,1736.7999999985102,0.0010531842794714544,2.3076573080795183e-06,0.0,137324.99999999997
dry_high_load,421.0,False,4,0.041246414884754834,0.003095531283337088,1762.8399999984993,0.0010531750158352781,2.3169209442559293e-06,0.0,137325.00000000003
dry_high_load,422.0,False,4,0.041411120388128095,0.0030960001944053167,1788.8799999984883,0.0010531657638886188,2.3261728909151958e-06,0.0,137324.99999999997
dry_high_load,423.0,False,4,0.0415756180543444,0.0030964685137681,1814.9199999984774,0.0010531565236167261,2.335413162807981e-06,0.0,137325.00000000003
dry_high_load,424.0,False,4,0.04173990814566752,0.0030969362421720934,1840.9599999984664,0.0010531472950048677,2.3446417746663406e-06,0.0,137325.00000000003
dry_high_load,425.0,False,4,0.04190399092403022,0.003097403380363011,1866.9999999984555,0.0010531380780383303,2.3538587412037345e-06,0.0,137324.99999999997
dry_high_load,426.0,False,4,0.042067866651034895,0.0030978699290856266,1893.0399999984445,0.001053128872702419,2.3630640771150655e-06,0.0,137325.00000000003
dry_high_load,427.0,False,4,0.042231535587953666,0.0030983358890837726,1919.0799999984335,0.0010531196789824574,2.3722577970766847e-06,0.0,137325.00000000003
dry_high_load,428.0,False,4,0.04239499799572901,0.0030988012611003436,1945.1199999984226,0.0010531104968637874,2.381439915746426e-06,0.0,137324.99999999997
dry_high_load,429.0,False,4,0.04255825413497411,0.003099266045877297,1971.1599999984116,0.0010531013263317703,2.3906104477636255e-06,0.0,137324.99999999997
dry_high_load,430.0,False,4,0.042721304265973384,0.0030997302441556534,1997.1999999984007,0.0010530921673717849,2.399769407749152e-06,0.0,137325.00000000003
dry_high_load,431.0,False,4,0.042884148648682674,0.003100193856675499,2023.2399999983897,0.0010530830199692285,2.408916810305417e-06,0.0,137324.99999999997
dry_high_load,432.0,False,4,0.04304678754272988,0.003100656884175985,2049.27999999838,0.0010530738841095177,2.4180526700164115e-06,0.0,137325.00000000003
dry_high_load,433.0,False,4,0.04320922120741526,0.0031011193273953307,2075.3199999983917,0.0010530647597780864,2.427177001447721e-06,0.0,137325.00000000003
dry_high_load,434.0,False,4,0.043371449901711864,0.0031015811870708245,2101.3599999984035,0.0010530556469603874,2.4362898191465514e-06,0.0,137324.99999999997
dry_high_load,435.0,False,4,0.04353347388426598,0.003102042463938823,2127.3999999984153,0.001053046545641892,2.4453911376417535e-06,0.0,137324.99999999997
dry_high_load,436.0,False,4,0.04369529341339744,0.003102503158734754,2153.439999998427,0.0010530374558080902,2.4544809714438394e-06,0.0,137325.00000000003
dry_high_load,437.0,False,4,0.043856908747100194,0.0031029632721931186,2179.479999998439,0.001053028377444489,2.463559335045017e-06,0.0,137324.99999999997
dry_high_load,438.0,False,4,0.044018320143042584,0.003103422805047489,2205.5199999984507,0.0010530193105366147,2.4726262429192026e-06,0.0,137324.99999999997
dry_high_load,439.0,False,4,0.044179527858567894,0.003103881758030513,2231.5599999984624,0.001053010255070012,2.4816817095220534e-06,0.0,137325.00000000003
dry_high_load,440.0,False,4,0.04434053215069452,0.0031043401318739143,2257.5999999984742,0.001053001211030243,2.490725749290978e-06,0.0,137324.99999999997
dry_high_load,441.0,False,4,0.044501333276116675,0.003104797927308492,2283.639999998486,0.0010529921784028888,2.499758376645173e-06,0.0,137324.99999999997
dry_high_load,442.0,False,5,0.0317720335954497,0.00306855803617663,9.679999998493447,0.001053707217058206,1.7847197213280414e-06,0.0,137324.99999999997
dry_high_load,443.0,False,5,0.03194869454919109,0.003069060984012839,35.719999998493456,0.0010536972935420677,1.7946432374663357e-06,0.0,137325.00000000003
dry_high_load,444.0,False,5,0.03212513257953515,0.0030695632971935788,61.759999998493164,0.0010536873825481303,1.80455423140386e-06,0.0,137325.00000000003
dry_high_load,445.0,False,5,0.03230134796778256,0.003070064976519704,87.79999999849352,0.001053677484060592,1.8144527189420221e-06,0.0,137324.99999999997
dry_high_load,446.0,False,5,0.032477340994879,0.0030705660227910575,113.83999999849394,0.0010536675980636718,1.8243387158622895e-06,0.0,137325.00000000003
dry_high_load,447.0,False,5,0.03265311194141563,0.0030710664368064733,139.87999999849436,0.0010536577245416076,1.8342122379262138e-06,0.0,137324.99999999997
dry_high_load,448.0,False,5,0.03282866108762953,0.0030715662193637767,165.91999999849477,0.0010536478634786584,1.8440733008754587e-06,0.0,137324.99999999997
dry_high_load,449.0,False,5,0.03300398871340421,0.0030720653712597865,191.9599999984952,0.0010536380148591024,1.8539219204318253e-06,0.0,137325.00000000003
dry_high_load,450.0,False,5,0.03317909509826993,0.0030725638932903162,217.9999999984956,0.0010536281786672366,1.8637581122972738e-06,0.0,137324.99999999997
dry_high_load,451.0,False,5,0.03335398052140431,0.003073061786250175,244.03999999849603,0.00105361835488738,1.873581892153953e-06,0.0,137324.99999999997
dry_high_load,452.0,False,5,0.03352864526163255,0.0030735590509331696,270.0799999984964,0.0010536085435038699,1.8833932756642184e-06,0.0,137325.00000000003
dry_high_load,453.0,False,5,0.03370308959742814,0.003074055688132104,296.11999999849684,0.0010535987445010634,1.8931922784706658e-06,0.0,137325.00000000003
dry_high_load,454.0,False,5,0.03387731380691311,0.0030745516986387823,322.15999999849726,0.0010535889578633377,1.9029789161961514e-06,0.0,137324.99999999997
dry_high_load,455.0,False,5,0.034051318167858564,0.00307504708324401,348.1999999984977,0.0010535791835750903,1.9127532044438167e-06,0.0,137325.00000000003
dry_high_load,456.0,False,5,0.034225102957685063,0.003075541842737594,374.2399999984981,0.0010535694216207369,1.922515158797114e-06,0.0,137324.99999999997
dry_high_load,457.0,False,5,0.0343986684534631,0.0030760359779083445,400.2799999984985,0.001053559671984714,1.9322647948198297e-06,0.0,137324.99999999997
dry_high_load,458.0,False,5,0.034572014931913544,0.0030765294895440773,426.31999999849893,0.001053549934651478,1.942002128056113e-06,0.0,137325.00000000003
dry_high_load,459.0,False,5,0.03474514266940812,0.003077022378431613,452.35999999849935,0.0010535402096055035,1.9517271740304983e-06,0.0,137324.99999999997
dry_high_load,460.0,False,5,0.03491805194196976,0.0030775146453567792,478.39999999849977,0.0010535304968312862,1.9614399482479296e-06,0.0,137325.00000000003
dry_high_load,461.0,False,5,0.03509074302527316,0.003078006291104413,504.4399999985002,0.0010535207963133402,1.971140466193788e-06,0.0,137324.99999999997
dry_high_load,462.0,False,5,0.035263216194645,0.0030784973164583603,530.4799999985006,0.0010535111080362,1.980828743333907e-06,0.0,137324.99999999997
dry_high_load,463.0,False,5,0.03543547172506468,0.003078987722201479,556.519999998501,0.0010535014319844195,1.9905047951146103e-06,0.0,137325.00000000003
dry_high_load,464.0,False,5,0.03560750989116453,0.0030794775091156365,582.5599999985014,0.0010534917681425714,2.000168636962728e-06,0.0,137325.00000000003
dry_high_load,465.0,False,5,0.0357793309672304,0.0030799666779817167,608.5999999985019,0.0010534821164952485,2.009820284285627e-06,0.0,137325.00000000003
dry_high_load,466.0,False,5,0.03595093522720193,0.003080455229579616,634.6399999985023,0.0010534724770270628,2.0194597524712248e-06,0.0,137324.99999999997
dry_high_load,467.0,False,5,0.03612232294467318,0.0030809431646882483,660.6799999985027,0.0010534628497226458,2.0290870568880296e-06,0.0,137324.99999999997
dry_high_load,468.0,False,5,0.03629349439289293,0.003081430484085543,686.7199999985031,0.0010534532345666489,2.038702212885152e-06,0.0,137324.99999999997
dry_high_load,469.0,False,5,0.036464449844765136,0.003081917188548449,712.7599999985035,0.0010534436315437416,2.0483052357923345e-06,0.0,137324.99999999997
dry_high_load,470.0,False,5,0.03663518957284943,0.003082403278852934,738.799999998504,0.001053434040638614,2.057896140919977e-06,0.0,137324.99999999997
dry_high_load,471.0,False,5,0.03680571384936144,0.0030828887557739874,764.8399999985044,0.0010534244618359747,2.067474943559156e-06,0.0,137324.99999999997
dry_high_load,472.0,False,5,0.036976022946173394,0.00308337362008562,790.8799999985048,0.0010534148951205522,2.077041658981659e-06,0.0,137324.99999999997
dry_high_load,473.0,False,5,0.037146117134814326,0.0030838578725608658,816.9199999985052,0.0010534053404770939,2.086596302439994e-06,0.0,137324.99999999997
dry_high_load,474.0,False,5,0.03731599668647075,0.003084341513971784,842.9599999985056,0.0010533957978903663,2.0961388891674297e-06,0.0,137324.99999999994
dry_high_load,475.0,False,5,0.03748566187198687,0.0030848245450894587,868.999999998506,0.001053386267345156,2.1056694343780066e-06,0.0,137324.99999999997
dry_high_load,476.0,False,5,0.037655112961865266,0.0030853069666840023,895.0399999985065,0.0010533767488262672,2.1151879532665743e-06,0.0,137324.99999999997
dry_high_load,477.0,False,5,0.037824350226267005,0.0030857887795245537,921.0799999985069,0.0010533672423185252,2.1246944610088e-06,0.0,137324.99999999997
dry_high_load,478.0,False,5,0.037993373935012405,0.0030862699843792825,947.1199999985073,0.0010533577478067729,2.1341889727612087e-06,0.0,137325.00000000003
dry_high_load,479.0,False,5,0.03816218435758114,0.0030867505820153887,973.1599999985077,0.0010533482652758728,2.1436715036611914e-06,0.0,137325.00000000003
dry_high_load,480.0,False,5,0.038330781763113046,0.003087230573199104,999.1999999985081,0.001053338794710707,2.1531420688270496e-06,0.0,137325.00000000003
dry_high_load,481.0,False,5,0.03849916642040815,0.0030877099586956933,1025.239999998508,0.001053329336096176,2.162600683357996e-06,0.0,137325.00000000003
dry_high_load,482.0,False,5,0.03866733859792731,0.0030881887392694555,1051.279999998497,0.0010533198894171999,2.1720473623341915e-06,0.0,137325.00000000003
dry_high_load,483.0,False,5,0.03883529856379274,0.0030886669156837262,1077.319999998486,0.0010533104546587174,2.181482120816776e-06,0.0,137325.00000000003
dry_high_load,484.0,False,5,0.03900304658578823,0.003089144488700876,1103.3599999984751,0.001053301031805686,2.190904973847877e-06,0.0,137324.99999999997
dry_high_load,485.0,False,5,0.03917058293135971,0.003089621459082315,1129.3999999984642,0.0010532916208430834,2.200315936450644e-06,0.0,137324.99999999997
dry_high_load,486.0,False,5,0.03933790786761559,0.003090097827588492,1155.4399999984532,0.0010532822217559047,2.209715023629269e-06,0.0,137324.99999999997
dry_high_load,487.0,False,5,0.03950502166132715,0.003090573594978896,1181.4799999984423,0.001053272834529165,2.219102250369004e-06,0.0,137324.99999999997
dry_high_load,488.0,False,5,0.03967192457892922,0.0030910487620120575,1207.5199999984313,0.001053263459147898,2.2284776316362033e-06,0.0,137325.00000000003
dry_high_load,489.0,False,5,0.03983861688652027,0.003091523329445551,1233.5599999984204,0.0010532540955971556,2.237841182378326e-06,0.0,137324.99999999997
dry_high_load,490.0,False,5,0.04000509884986297,0.0030919972980359926,1259.5999999984094,0.00105324474386201,2.2471929175239694e-06,0.0,137324.99999999997
dry_high_load,491.0,False,5,0.040171370734384836,0.0030924706685390465,1285.6399999983985,0.001053235403927551,2.2565328519829036e-06,0.0,137324.99999999997
dry_high_load,492.0,False,5,0.04033743280517826,0.0030929434417094216,1311.6799999983875,0.0010532260757788881,2.2658610006460737e-06,0.0,137325.00000000003
dry_high_load,493.0,False,5,0.040503285327001176,0.0030934156183008753,1337.7199999983766,0.0010532167594011483,2.2751773783856386e-06,0.0,137324.99999999997
dry_high_load,494.0,False,5,0.040668928564277396,0.0030938871990662128,1363.7599999983656,0.001053207454779479,2.284482000054987e-06,0.0,137325.00000000003
dry_high_load,495.0,False,5,0.0408343627810971,0.0030943581847572904,1389.7999999983547,0.0010531981618990454,2.2937748804887684e-06,0.0,137325.00000000003
dry_high_load,496.0,False,5,0.04099958824121728,0.003094828576125015,1415.8399999983437,0.001053188880745031,2.303056034502914e-06,0.0,137324.99999999997
dry_high_load,497.0,False,5,0.04116460520806198,0.0030952983739193462,1441.8799999983328,0.0010531796113026392,2.3123254768946544e-06,0.0,137324.99999999997
dry_high_load,498.0,False,5,0.04132941394472288,0.0030957675788892977,1467.9199999983218,0.0010531703535570916,2.3215832224425504e-06,0.0,137325.00000000003
dry_high_load,499.0,False,5,0.041494014713959713,0.0030962361917829377,1493.9599999983109,0.0010531611074936277,2.330829285906515e-06,0.0,137325.00000000003
dry_high_load,500.0,False,5,0.041658407778200617,0.0030967042133473897,1519.9999999983,0.001053151873097506,2.3400636820278356e-06,0.0,137324.99999999994
dry_high_load,501.0,False,5,0.04182259339954259,0.003097171644328835,1546.039999998289,0.0010531426503540048,2.3492864255291985e-06,0.0,137324.99999999997
dry_high_load,502.0,False,5,0.04198657183975187,0.0030976384854725144,1572.079999998278,0.0010531334392484193,2.3584975311147103e-06,0.0,137324.99999999997
dry_high_load,503.0,False,5,0.04215034336026439,0.003098104737522726,1598.119999998267,0.001053124239766064,2.367697013469923e-06,0.0,137325.00000000003
dry_high_load,504.0,False,5,0.042313908222186204,0.003098570401222831,1624.1599999982561,0.001053115051892272,2.37688488726186e-06,0.0,137324.99999999997
dry_high_load,505.0,False,5,0.04247726668629385,0.0030990354773152515,1650.1999999982452,0.0010531058756123948,2.386061167139032e-06,0.0,137324.99999999997
dry_high_load,506.0,False,5,0.042640419013034836,0.0030994999665414718,1676.2399999982342,0.0010530967109118026,2.395225867731471e-06,0.0,137325.00000000003
dry_high_load,507.0,False,5,0.04280336546252794,0.0030999638696420427,1702.2799999982233,0.0010530875577758833,2.40437900365074e-06,0.0,137324.99999999997
dry_high_load,508.0,False,5,0.0429661062945638,0.0031004271873565784,1728.3199999982123,0.0010530784161900443,2.4135205894899708e-06,0.0,137325.00000000003
dry_high_load,509.0,False,5,0.043128641768605244,0.0031008899204237614,1754.3599999982014,0.00105306928613971,2.4226506398238817e-06,0.0,137324.99999999997
dry_high_load,510.0,False,5,0.0432909721437876,0.0031013520695813415,1780.3999999981904,0.0010530601676103251,2.4317691692087936e-06,0.0,137324.99999999997
dry_high_load,511.0,False,5,0.04345309767891928,0.003101813635566137,1806.4399999981795,0.0010530510605873513,2.440876192182665e-06,0.0,137324.99999999997
dry_high_load,512.0,False,5,0.04361501863248197,0.0031022746191140373,1832.4799999981685,0.0010530419650562688,2.4499717232651e-06,0.0,137324.99999999997
dry_high_load,513.0,False,5,0.04377673526263138,0.0031027350209600025,1858.5199999981576,0.0010530328810025766,2.459055776957392e-06,0.0,137325.00000000003
dry_high_load,514.0,False,5,0.04393824782719743,0.0031031948418380664,1884.5599999981466,0.0010530238084117914,2.468128367742534e-06,0.0,137324.99999999997
dry_high_load,515.0,False,5,0.04409955658368452,0.003103654082481335,1910.5999999981357,0.0010530147472694487,2.477189510085234e-06,0.0,137324.99999999997
dry_high_load,516.0,False,5,0.04426066178927228,0.0031041127436219904,1936.6399999981247,0.001053005697561102,2.486239218431956e-06,0.0,137324.99999999997
dry_high_load,517.0,False,5,0.04442156370081574,0.0031045708259912898,1962.6799999981138,0.0010529966592723232,2.495277507210932e-06,0.0,137325.00000000003
dry_high_load,518.0,False,5,0.04458226257484587,0.0031050283303195687,1988.7199999981028,0.0010529876323887018,2.5043043908321886e-06,0.0,137324.99999999997
dry_high_load,519.0,False,5,0.04474275866756982,0.0031054852573362403,2014.7599999980919,0.0010529786168958465,2.513319883687564e-06,0.0,137324.99999999997
dry_high_load,520.0,False,5,0.04490305223487157,0.0031059416077697977,2040.799999998081,0.0010529696127793832,2.522324000150743e-06,0.0,137324.99999999997
dry_high_load,521.0,False,5,0.045063143532312146,0.0031063973823478143,2066.8399999980866,0.0010529606200249566,2.531316754577268e-06,0.0,137324.99999999997
dry_high_load,522.0,False,5,0.04522303281513005,0.003106852581796946,2092.8799999980984,0.0010529516386182294,2.540298161304566e-06,0.0,137324.99999999997
dry_high_load,523.0,False,5,0.045382720338241804,0.003107307206842932,2118.91999999811,0.0010529426685448819,2.5492682346519766e-06,0.0,137324.99999999997
dry_high_load,524.0,False,5,0.04554220635624213,0.0031077612582105936,2144.959999998122,0.0010529337097906133,2.558226988920763e-06,0.0,137324.99999999997
dry_high_load,525.0,False,5,0.045701491123404624,0.0031082147366238403,2170.9999999981337,0.0010529247623411399,2.5671744383941502e-06,0.0,137324.99999999997
dry_high_load,526.0,False,5,0.04586057489368196,0.003108667642805667,2197.0399999981455,0.0010529158261821966,2.5761105973373364e-06,0.0,137324.99999999997
dry_high_load,527.0,False,5,0.04601945792070636,0.0031091199774781557,2223.0799999981573,0.0010529069012995365,2.585035479997518e-06,0.0,137324.99999999997
dry_high_load,528.0,False,5,0.04617814045778988,0.0031095717413624773,2249.119999998169,0.00105289798767893,2.5939491006039083e-06,0.0,137324.99999999997
dry_high_load,529.0,False,5,0.04633662275792512,0.003110022935178894,2275.159999998181,0.0010528890853061662,2.602851473367775e-06,0.0,137324.99999999997
dry_high_load,530.0,True,5,0.04342947132775314,0.0031017463721333023,1.1999999981921807,0.0010530523877424025,2.439549037131587e-06,0.0,137325.00000000003
dry_high_load,531.0,False,6,0.033229686964047656,0.003072707926642813,27.239999998192225,0.0010536253367874333,1.866599992100813e-06,0.0,137325.00000000003
dry_high_load,532.0,False,6,0.03340450854675571,0.00307320563785111,53.279999998192,0.0010536155165936634,1.8764201858707685e-06,0.0,137325.00000000003
dry_high_load,533.0,False,6,0.03357910952711609,0.0030737027210118897,79.31999999819212,0.0010536057087917145,1.8862279878194925e-06,0.0,137325.00000000003
dry_high_load,534.0,False,6,0.033753490183500545,0.003074199176917667,105.35999999819254,0.0010535959133659502,1.8960234135838681e-06,0.0,137325.00000000003
dry_high_load,535.0,False,6,0.03392765079392962,0.003074695006359957,131.39999999819295,0.001053586130300753,1.9058064787810487e-06,0.0,137325.00000000003
dry_high_load,536.0,False,6,0.034101591636072966,0.003075190210129276,157.43999999819337,0.0010535763595805254,1.9155771990084783e-06,0.0,137324.99999999997
dry_high_load,537.0,False,6,0.03427531298724993,0.003075684789015143,183.4799999981938,0.00105356660118969,1.9253355898439233e-06,0.0,137324.99999999997
dry_high_load,538.0,False,6,0.03444881512442984,0.0030761787438060807,209.5199999981942,0.0010535568551126883,1.935081666845488e-06,0.0,137324.99999999997
dry_high_load,539.0,False,6,0.03462209832423258,0.003076672075289616,235.55999999819463,0.0010535471213339825,1.9448154455516476e-06,0.0,137325.00000000003
dry_high_load,540.0,False,6,0.03479516286292894,0.0030771647842522836,261.599999998195,0.0010535373998380526,1.954536941481268e-06,0.0,137324.99999999997
dry_high_load,541.0,False,6,0.034968009016441176,0.003077656871479624,287.63999999819544,0.0010535276906094005,1.9642461701336374e-06,0.0,137325.00000000003
dry_high_load,542.0,False,6,0.0351406370603432,0.003078148337756187,313.67999999819585,0.0010535179936325455,1.973943146988476e-06,0.0,137324.99999999997
dry_high_load,543.0,False,6,0.035313047269861356,0.0030786391838655337,339.7199999981963,0.001053508308892028,1.9836278875059798e-06,0.0,137324.99999999997
dry_high_load,544.0,False,6,0.03548523991987455,0.003079129410590234,365.7599999981967,0.0010534986363724072,1.99330040712683e-06,0.0,137324.99999999997
dry_high_load,545.0,False,6,0.03565721528491492,0.0030796190187118723,391.7999999981971,0.0010534889760582618,2.002960721272226e-06,0.0,137324.99999999997
dry_high_load,546.0,False,6,0.035828973639168114,0.0030801080090110465,417.8399999981975,0.0010534793279341902,2.0126088453439075e-06,0.0,137325.00000000003
dry_high_load,547.0,False,6,0.03600051525647387,0.0030805963822673685,443.87999999819795,0.0010534696919848098,2.0222447947241805e-06,0.0,137324.99999999997
dry_high_load,548.0,False,6,0.03617184041032635,0.003081084139259467,469.91999999819836,0.001053460068194758,2.031868584775941e-06,0.0,137324.99999999997
dry_high_load,549.0,False,6,0.036342949373874535,0.003081571280764988,495.9599999981988,0.0010534504565486915,2.041480230842694e-06,0.0,137325.00000000003
dry_high_load,550.0,False,6,0.03651384241992284,0.0030820578075605974,521.9999999981992,0.0010534408570312855,2.0510797482485897e-06,0.0,137325.00000000003
dry_high_load,551.0,False,6,0.0366845198209313,0.0030825437204219787,548.0399999981996,0.0010534312696272355,2.0606671522984346e-06,0.0,137324.99999999997
dry_high_load,552.0,False,6,0.036854981849016255,0.003083029020123839,574.0799999982,0.0010534216943212562,2.070242458277727e-06,0.0,137324.99999999997
dry_high_load,553.0,False,6,0.037025228775950624,0.0030835137074399057,600.1199999982005,0.0010534121310980813,2.0798056814526757e-06,0.0,137324.99999999997
dry_high_load,554.0,False,6,0.03719526087316441,0.0030839977831429322,626.1599999982009,0.0010534025799424638,2.0893568370702274e-06,0.0,137324.99999999997
dry_high_load,555.0,False,6,0.03736507841174505,0.003084481248004694,652.1999999982013,0.001053393040839176,2.098895940358084e-06,0.0,137324.99999999997
dry_high_load,556.0,False,6,0.03753468166243795,0.0030849641027959956,678.2399999982017,0.0010533835137730093,2.108423006524737e-06,0.0,137325.00000000003
dry_high_load,557.0,False,6,0.037704070895646875,0.0030854463482866664,704.2799999982021,0.0010533739987287744,2.1179380507594847e-06,0.0,137324.99999999997
dry_high_load,558.0,False,6,0.03787324638143435,0.003085927985245566,730.3199999982025,0.0010533644956913014,2.127441088232459e-06,0.0,137324.99999999997
dry_high_load,559.0,False,6,0.038042208389522075,0.003086409014440583,756.359999998203,0.0010533550046454394,2.136932134094646e-06,0.0,137324.99999999997
dry_high_load,560.0,False,6,0.03821095718929146,0.003086889436638637,782.3999999982034,0.0010533455255760562,2.1464112034779163e-06,0.0,137325.00000000003
dry_high_load,561.0,False,6,0.03837949304978404,0.0030873692526056807,808.4399999982038,0.001053336058468039,2.155878311495049e-06,0.0,137325.00000000003
dry_high_load,562.0,False,6,0.03854781623970172,0.003087848463106699,834.4799999982042,0.001053326603306294,2.1653334732397463e-06,0.0,137324.99999999997
dry_high_load,563.0,False,6,0.03871592702740744,0.0030883270689057124,860.5199999982046,0.0010533171600757472,2.1747767037866685e-06,0.0,137324.99999999997
dry_high_load,564.0,False,6,0.03888382568092548,0.003088805070765777,886.5599999982051,0.0010533077287613426,2.184208018191453e-06,0.0,137325.00000000003
dry_high_load,565.0,False,6,0.03905151246794187,0.0030892824694489862,912.5999999982055,0.0010532983093480433,2.1936274314907376e-06,0.0,137325.00000000003
dry_high_load,566.0,False,6,0.039218987655804914,0.0030897592657164715,938.6399999982059,0.0010532889018208319,2.2030349587021872e-06,0.0,137325.00000000003
dry_high_load,567.0,False,6,0.039386251511525465,0.003090235460328404,964.6799999982063,0.0010532795061647096,2.2124306148245134e-06,0.0,137325.00000000003
dry_high_load,568.0,False,6,0.039553304301777496,0.0030907110540439957,990.7199999982067,0.0010532701223646965,2.2218144148375026e-06,0.0,137325.00000000003
dry_high_load,569.0,False,6,0.03972014629289852,0.0030911860476215,1016.7599999982071,0.001053260750405832,2.2311863737020424e-06,0.0,137324.99999999997
dry_high_load,570.0,False,6,0.03988677775088993,0.0030916604418182152,1042.7999999981994,0.0010532513902731739,2.2405465063601393e-06,0.0,137324.99999999997
dry_high_load,571.0,False,6,0.040053198941417456,0.0030921342373904817,1068.8399999981884,0.001053242041951799,2.249894827734944e-06,0.0,137324.99999999997
dry_high_load,572.0,False,6,0.04021941012981153,0.0030926074350936866,1094.8799999981775,0.001053232705426803,2.2592313527307744e-06,0.0,137324.99999999994
dry_high_load,573.0,False,6,0.04038541158106786,0.003093080035682264,1120.9199999981665,0.001053223380683301,2.2685560962331443e-06,0.0,137325.00000000003
dry_high_load,574.0,False,6,0.04055120355984773,0.0030935520399096956,1146.9599999981556,0.0010532140677064251,2.277869073108783e-06,0.0,137324.99999999997
dry_high_load,575.0,False,6,0.04071678633047846,0.0030940234485285125,1172.9999999981446,0.0010532047664813284,2.2871702982056595e-06,0.0,137324.99999999997
dry_high_load,576.0,False,6,0.040882160156953846,0.003094494262290296,1199.0399999981337,0.0010531954769931809,2.2964597863530086e-06,0.0,137324.99999999997
dry_high_load,577.0,False,6,0.04104732530293452,0.0030949644819456795,1225.0799999981227,0.0010531861992271725,2.3057375523613494e-06,0.0,137324.99999999997
dry_high_load,578.0,False,6,0.04121228203174841,0.003095434108244349,1251.1199999981118,0.0010531769331685115,2.3150036110225136e-06,0.0,137324.99999999997
dry_high_load,579.0,False,6,0.04137703060639115,0.0030959031419350437,1277.1599999981008,0.0010531676788024242,2.324257977109665e-06,0.0,137324.99999999997
dry_high_load,580.0,False,6,0.041541571289526534,0.003096371583765559,1303.1999999980899,0.0010531584361141567,2.3335006653773303e-06,0.0,137325.00000000003
dry_high_load,581.0,False,6,0.041705904343487,0.0030968394344827463,1329.239999998079,0.0010531492050889727,2.3427316905614185e-06,0.0,137325.00000000003
dry_high_load,582.0,False,6,0.041870030030273696,0.003097306694832514,1355.279999998068,0.0010531399857121547,2.3519510673792337e-06,0.0,137324.99999999997
dry_high_load,583.0,False,6,0.042033948611557424,0.0030977733655598314,1381.319999998057,0.0010531307779690043,2.3611588105295203e-06,0.0,137324.99999999997
dry_high_load,584.0,False,6,0.042197660348678605,0.0030982394474087242,1407.359999998046,0.0010531215818448416,2.3703549346924664e-06,0.0,137325.00000000003
dry_high_load,585.0,False,6,0.04236116550264808,0.003098704941122283,1433.3999999980351,0.001053112397325004,2.3795394545297454e-06,0.0,137324.99999999994
dry_high_load,586.0,False,6,0.04252446433414716,0.0030991698474426574,1459.4399999980242,0.0010531032243948494,2.3887123846845205e-06,0.0,137324.99999999997
dry_high_load,587.0,False,6,0.042687557103528215,0.0030996341671110633,1485.4799999980132,0.0010530940630397525,2.3978737397814778e-06,0.0,137324.99999999997
dry_high_load,588.0,False,6,0.042850444070815175,0.0031000979008677793,1511.5199999980023,0.0010530849132451073,2.407023534426854e-06,0.0,137325.00000000003
dry_high_load,589.0,False,6,0.04301312549570378,0.0031005610494521506,1537.5599999979913,0.0010530757749963255,2.41616178320845e-06,0.0,137324.99999999997
dry_high_load,590.0,False,6,0.04317560163756214,0.0031010236136025894,1563.5999999979804,0.0010530666482788385,2.4252885006956628e-06,0.0,137325.00000000003
dry_high_load,591.0,False,6,0.043337872755430946,0.0031014855940565767,1589.6399999979694,0.0010530575330780943,2.434403701439498e-06,0.0,137324.99999999994
dry_high_load,592.0,False,6,0.043499939108024153,0.0031019469915506614,1615.6799999979585,0.0010530484293795614,2.4435073999726075e-06,0.0,137325.00000000003
dry_high_load,593.0,False,6,0.043661800953729214,0.0031024078068204648,1641.7199999979475,0.0010530393371687246,2.4525996108093024e-06,0.0,137324.99999999997
dry_high_load,594.0,False,6,0.043823458550607486,0.0031028680406006786,1667.7599999979366,0.0010530302564310883,2.461680348445576e-06,0.0,137324.99999999997
dry_high_load,595.0,False,6,0.04398491215639475,0.003103327693625068,1693.7999999979256,0.0010530211871521747,2.4707496273591335e-06,0.0,137324.99999999997
dry_high_load,596.0,False,6,0.04414616202850142,0.003103786766626472,1719.8399999979147,0.0010530121293175247,2.479807462009403e-06,0.0,137325.00000000003
dry_high_load,597.0,False,6,0.044307208424013304,0.0031042452603368045,1745.8799999979037,0.0010530030829126963,2.4888538668375794e-06,0.0,137324.99999999997
dry_high_load,598.0,False,6,0.04446805159969162,0.0031047031754870575,1771.9199999978928,0.0010529940479232674,2.4978888562666236e-06,0.0,137324.99999999997
dry_high_load,599.0,False,6,0.044628691811973716,0.0031051605128072984,1797.9599999978818,0.0010529850243348327,2.5069124447013042e-06,0.0,137325.00000000003
dry_high_load,600.0,False,6,0.04478912931697325,0.003105617273026675,1823.9999999978709,0.0010529760121330057,2.515924646528207e-06,0.0,137324.99999999997
dry_high_load,601.0,False,6,0.044949364370480756,0.003106073456873414,1850.03999999786,0.0010529670113034182,2.524925476115768e-06,0.0,137324.99999999997
dry_high_load,602.0,False,6,0.045109397227963983,0.003106529065074824,1876.079999997849,0.0010529580218317195,2.53391494781429e-06,0.0,137324.99999999994
dry_high_load,603.0,False,6,0.04526922814456822,0.0031069840983572942,1902.119999997838,0.0010529490437035782,2.542893075955964e-06,0.0,137325.00000000003
dry_high_load,604.0,False,6,0.04542885737511689,0.003107438557446299,1928.159999997827,0.001052940076904679,2.5518598748549e-06,0.0,137324.99999999997
dry_high_load,605.0,False,6,0.04558828517411198,0.003107892443066397,1954.1999999978161,0.001052931121420727,2.5608153588071522e-06,0.0,137325.00000000003
dry_high_load,606.0,False,6,0.04574751179573409,0.003108345755941232,1980.2399999978052,0.0010529221772374432,2.569759542090721e-06,0.0,137324.99999999997
dry_high_load,607.0,False,6,0.045906537493843214,0.003108798496793535,2006.2799999977942,0.0010529132443405686,2.578692438965599e-06,0.0,137325.00000000003
dry_high_load,608.0,False,6,0.046065362521978945,0.003109250666345124,2032.3199999977833,0.0010529043227158602,2.5876140636737803e-06,0.0,137324.99999999997
dry_high_load,609.0,False,6,0.046223987133361046,0.0031097022653169084,2058.3599999977814,0.0010528954123490946,2.5965244304392924e-06,0.0,137324.99999999997
dry_high_load,610.0,False,6,0.0463824115808896,0.0031101532944288854,2084.399999997793,0.0010528865132260659,2.6054235534682066e-06,0.0,137325.00000000003
dry_high_load,611.0,False,6,0.04654063611714565,0.003110603754400145,2110.439999997805,0.0010528776253325854,2.6143114469486734e-06,0.0,137325.00000000003
dry_high_load,612.0,False,6,0.04669866099439157,0.00311105364594887,2136.479999997817,0.001052868748654483,2.6231881250509407e-06,0.0,137324.99999999997
dry_high_load,613.0,False,6,0.046856486464571245,0.0031115029697923358,2162.5199999978286,0.0010528598831776065,2.6320536019273684e-06,0.0,137324.99999999997
dry_high_load,614.0,False,6,0.04701411277931082,0.003111951726646914,2188.5599999978404,0.0010528510288878214,2.6409078917124664e-06,0.0,137324.99999999997
dry_high_load,615.0,False,6,0.04717154018991885,0.0031123999172280713,2214.599999997852,0.001052842185771011,2.6497510085229054e-06,0.0,137324.99999999997
dry_high_load,616.0,False,6,0.0473287689473867,0.0031128475422503724,2240.639999997864,0.0010528333538130765,2.658582966457539e-06,0.0,137324.99999999997
dry_high_load,617.0,False,6,0.04748579930238913,0.003113294602427479,2266.6799999978757,0.0010528245329999365,2.6674037795974355e-06,0.0,137324.99999999997
dry_high_load,618.0,False,6,0.04764263150528443,0.0031137410984721538,2292.7199999978875,0.0010528157233175282,2.676213462005887e-06,0.0,137325.00000000003
dry_high_load,619.0,False,7,0.03402468350589469,0.003074971255250788,18.759999997890823,0.0010535806797149683,1.911257064565485e-06,0.0,137324.99999999994
dry_high_load,620.0,False,7,0.03419850190523821,0.0030754661104295446,44.79999999789071,0.0010535709158726791,1.92102090685484e-06,0.0,137324.99999999997
dry_high_load,621.0,False,7,0.03437210096812238,0.003075960341164726,70.8399999978906,0.0010535611643511028,1.9307724284312814e-06,0.0,137325.00000000003
dry_high_load,622.0,False,7,0.03454548097132157,0.0030764539482442984,96.87999999789102,0.001053551425134692,1.9405116448419624e-06,0.0,137324.99999999997
dry_high_load,623.0,False,7,0.034718642191260994,0.0030769469324552364,122.91999999789144,0.0010535416982079195,1.9502385716144235e-06,0.0,137324.99999999997
dry_high_load,624.0,False,7,0.03489158490401697,0.0030774392945835194,148.95999999789186,0.0010535319835552773,1.9599532242566065e-06,0.0,137324.99999999997
dry_high_load,625.0,False,7,0.03506430938531737,0.0030779310354141355,174.99999999789227,0.001053522281161277,1.9696556182568802e-06,0.0,137324.99999999997
dry_high_load,626.0,False,7,0.03523681591054234,0.0030784221557310833,201.0399999978927,0.00105351259101045,1.97934576908408e-06,0.0,137324.99999999997
dry_high_load,627.0,False,7,0.035409104754724315,0.00307891265631737,227.0799999978931,0.0010535029130873464,1.989023692187511e-06,0.0,137324.99999999997
dry_high_load,628.0,False,7,0.03558117619254878,0.0030794025379550167,253.11999999789353,0.001053493247376537,1.9986894029969878e-06,0.0,137324.99999999997
dry_high_load,629.0,False,7,0.03575303049835465,0.003079891801425057,279.1599999978939,0.001053483593862611,2.0083429169228574e-06,0.0,137324.99999999997
dry_high_load,630.0,False,7,0.035924667946134525,0.003080380447507539,305.19999999789434,0.0010534739525301779,2.0179842493560142e-06,0.0,137324.99999999997
dry_high_load,631.0,False,7,0.036096088809535375,0.0030808684769815255,331.23999999789476,0.0010534643233638661,2.0276134156679367e-06,0.0,137325.00000000003
dry_high_load,632.0,False,7,0.036267293361858806,0.003081355890625098,357.2799999978952,0.0010534547063483235,2.0372304312107042e-06,0.0,137325.00000000003
dry_high_load,633.0,False,7,0.03643828187606161,0.0030818426892153554,383.3199999978956,0.001053445101468217,2.046835311317026e-06,0.0,137324.99999999997
dry_high_load,634.0,False,7,0.03660905462475605,0.003082328873528415,409.359999997896,0.0010534355087082337,2.056428071300259e-06,0.0,137324.99999999997
dry_high_load,635.0,False,7,0.03677961188021049,0.003082814444339416,435.39999999789643,0.0010534259280530795,2.0660087264544424e-06,0.0,137324.99999999997
dry_high_load,636.0,False,7,0.03694995391434966,0.003083299402422519,461.43999999789685,0.0010534163594874797,2.075577292054311e-06,0.0,137324.99999999997
dry_high_load,637.0,False,7,0.03712008099875514,0.0030837837485509084,487.47999999789727,0.0010534068029961787,2.0851337833553274e-06,0.0,137324.99999999997
dry_high_load,638.0,False,7,0.03728999340466588,0.0030842674834967916,513.5199999978977,0.0010533972585639402,2.094678215593704e-06,0.0,137324.99999999997
dry_high_load,639.0,False,7,0.037459691402978515,0.0030847506080314024,539.5599999978981,0.0010533877261755477,2.1042106039864263e-06,0.0,137325.00000000003
dry_high_load,640.0,False,7,0.037629175264247805,0.0030852331229250015,565.5999999978985,0.0010533782058158028,2.113730963731276e-06,0.0,137325.00000000003
dry_high_load,641.0,False,7,0.03779844525868727,0.003085715028946877,591.6399999978989,0.001053368697469527,2.1232393100068656e-06,0.0,137324.99999999997
dry_high_load,642.0,False,7,0.03796750165616921,0.0030861963268653475,617.6799999978994,0.0010533592011215615,2.1327356579726407e-06,0.0,137325.00000000003
dry_high_load,643.0,False,7,0.03813634472622557,0.003086677017447761,643.7199999978998,0.0010533497167567651,2.1422200227689285e-06,0.0,137325.00000000003
dry_high_load,644.0,False,7,0.03830497473804809,0.003087157101460497,669.7599999979002,0.0010533402443600169,2.151692419516946e-06,0.0,137324.99999999994
dry_high_load,645.0,False,7,0.03847339196048888,0.0030876365796689686,695.7999999979006,0.0010533307839162153,2.161152863318831e-06,0.0,137325.00000000003
dry_high_load,646.0,False,7,0.038641596662060775,0.0030881154528376227,721.839999997901,0.0010533213354102762,2.170601369257666e-06,0.0,137324.99999999997
dry_high_load,647.0,False,7,0.03880958911093776,0.0030885937217299425,747.8799999979015,0.0010533118988271366,2.1800379523974964e-06,0.0,137325.00000000003
dry_high_load,648.0,False,7,0.03897736957495543,0.003089071387108446,773.9199999979019,0.0010533024741517505,2.189462627783361e-06,0.0,137324.99999999997
dry_high_load,649.0,False,7,0.03914493832161135,0.0030895484497346906,799.9599999979023,0.0010532930613690926,2.198875410441311e-06,0.0,137324.99999999997
dry_high_load,650.0,False,7,0.03931229561806567,0.003090024910369272,825.9999999979027,0.0010532836604641557,2.2082763153784423e-06,0.0,137325.00000000003
dry_high_load,651.0,False,7,0.03947944173114135,0.0030905007697718265,852.0399999979031,0.0010532742714219512,2.2176653575829115e-06,0.0,137325.00000000003
dry_high_load,652.0,False,7,0.03964637692732459,0.0030909760287010308,878.0799999979035,0.0010532648942275101,2.227042552023958e-06,0.0,137325.00000000003
dry_high_load,653.0,False,7,0.03981310147276543,0.003091450687914606,904.119999997904,0.0010532555288658822,2.236407913651938e-06,0.0,137325.00000000003
dry_high_load,654.0,False,7,0.03997961563327797,0.003091924748169315,930.1599999979044,0.0010532461753221356,2.2457614573983376e-06,0.0,137324.99999999997
dry_high_load,655.0,False,7,0.040145919674340856,0.0030923982102209675,956.1999999979048,0.0010532368335813582,2.255103198175799e-06,0.0,137324.99999999997
dry_high_load,656.0,False,7,0.0403120138610979,0.003092871074824419,982.2399999979052,0.0010532275036286558,2.264433150878156e-06,0.0,137324.99999999997
dry_high_load,657.0,False,7,0.040477898458358225,0.0030933433427335717,1008.2799999979056,0.0010532181854491535,2.273751330380442e-06,0.0,137324.99999999997
dry_high_load,658.0,False,7,0.04064357373059681,0.003093815014701377,1034.3199999979015,0.001053208879027995,2.2830577515389204e-06,0.0,137324.99999999997
dry_high_load,659.0,False,7,0.04080903994195492,0.003094286091479837,1060.3599999978906,0.0010531995843503427,2.2923524291911105e-06,0.0,137324.99999999997
dry_high_load,660.0,False,7,0.040974297356240474,0.003094756573820004,1086.3999999978796,0.001053190301401378,2.301635378155805e-06,0.0,137324.99999999997
dry_high_load,661.0,False,7,0.04113934623692854,0.0030952264624719817,1112.4399999978687,0.0010531810301663007,2.310906613233099e-06,0.0,137324.99999999994
dry_high_load,662.0,False,7,0.041304186847161646,0.0030956957581849288,1138.4799999978577,0.0010531717706303296,2.3201661492044104e-06,0.0,137324.99999999997
dry_high_load,663.0,False,7,0.04146881944975035,0.003096164461707058,1164.5199999978468,0.0010531625227787015,2.3294140008325072e-06,0.0,137324.99999999997
dry_high_load,664.0,False,7,0.0416332443071735,0.003096632573785638,1190.5599999978358,0.0010531532865966724,2.338650182861525e-06,0.0,137324.99999999997
dry_high_load,665.0,False,7,0.04179746168157884,0.003097100095166995,1216.5999999978249,0.001053144062069517,2.347874710017001e-06,0.0,137325.00000000003
dry_high_load,666.0,False,7,0.04196147183478315,0.003097567026596512,1242.639999997814,0.0010531348491825282,2.3570875970058806e-06,0.0,137325.00000000003
dry_high_load,667.0,False,7,0.04212527502827299,0.003098033368818633,1268.679999997803,0.0010531256479210174,2.3662888585165602e-06,0.0,137324.99999999997
dry_high_load,668.0,False,7,0.04228887152320489,0.003098499122576861,1294.719999997792,0.0010531164582703154,2.3754785092188973e-06,0.0,137325.00000000003
dry_high_load,669.0,False,7,0.042452261580405826,0.003098964288613763,1320.759999997781,0.0010531072802157698,2.384656563764238e-06,0.0,137325.00000000003
dry_high_load,670.0,False,7,0.04261544546037373,0.003099428867670967,1346.79999999777,0.0010530981137427487,2.393823036785444e-06,0.0,137325.00000000003
dry_high_load,671.0,False,7,0.042778423423277624,0.003099892860489166,1372.8399999977592,0.001053088958836637,2.4029779428969024e-06,0.0,137324.99999999997
dry_high_load,672.0,False,7,0.04294119572895837,0.0031003562678081176,1398.8799999977482,0.0010530798154828394,2.4121212966945665e-06,0.0,137324.99999999997
dry_high_load,673.0,False,7,0.04310376263692902,0.0031008190903666476,1424.9199999977372,0.001053070683666778,2.421253112755975e-06,0.0,137325.00000000003
dry_high_load,674.0,False,7,0.04326612440637499,0.0031012813289026477,1450.9599999977263,0.0010530615633738936,2.4303734056402634e-06,0.0,137324.99999999997
dry_high_load,675.0,False,7,0.04342828129615477,0.0031017429841530796,1476.9999999977153,0.0010530524545896457,2.4394821898882015e-06,0.0,137324.99999999997
dry_high_load,676.0,False,7,0.043590233564800115,0.0031022040568539746,1503.0399999977044,0.0010530433572995116,2.4485794800222065e-06,0.0,137324.99999999997
dry_high_load,677.0,False,7,0.04375198147051658,0.003102664547740435,1529.0799999976934,0.0010530342714889875,2.457665290546372e-06,0.0,137324.99999999997
dry_high_load,678.0,False,7,0.04391352527118378,0.0031031244575466356,1555.1199999976825,0.0010530251971435877,2.466739635946483e-06,0.0,137325.00000000003
dry_high_load,679.0,False,7,0.04407486522435615,0.0031035837870058256,1581.1599999976715,0.001053016134248844,2.475802530690057e-06,0.0,137324.99999999997
dry_high_load,680.0,False,7,0.04423600158726295,0.0031040425368503276,1607.1999999976606,0.0010530070827903075,2.484853989226348e-06,0.0,137324.99999999997
dry_high_load,681.0,False,7,0.04439693461680896,0.003104500707811541,1633.2399999976496,0.0010529980427535477,2.4938940259863794e-06,0.0,137325.00000000003
dry_high_load,682.0,False,7,0.04455766456957468,0.0031049583006199427,1659.2799999976387,0.001052989014124151,2.502922655382963e-06,0.0,137324.99999999997
dry_high_load,683.0,False,7,0.044718191701816894,0.003105415316005086,1685.3199999976277,0.0010529799968877233,2.511939891810723e-06,0.0,137325.00000000003
dry_high_load,684.0,False,7,0.04487851626946905,0.003105871754695606,1711.3599999976168,0.001052970991029888,2.520945749646124e-06,0.0,137325.00000000003
dry_high_load,685.0,False,7,0.04503863852814155,0.003106327617419216,1737.3999999976058,0.0010529619965362865,2.5299402432474815e-06,0.0,137324.99999999997
dry_high_load,686.0,False,7,0.04519855873312229,0.003106782904902713,1763.439999997595,0.001052953013392579,2.5389233869549978e-06,0.0,137325.00000000003
dry_high_load,687.0,False,7,0.04535827713937716,0.0031072376178719755,1789.479999997584,0.0010529440415844432,2.5478951950907844e-06,0.0,137324.99999999997
dry_high_load,688.0,False,7,0.04551779400155002,0.003107691757051967,1815.519999997573,0.0010529350810975753,2.556855681958866e-06,0.0,137325.00000000003
dry_high_load,689.0,False,7,0.04567710957396366,0.003108145323166735,1841.559999997562,0.0010529261319176888,2.5658048618452303e-06,0.0,137325.00000000003
dry_high_load,690.0,False,7,0.04583622411061984,0.0031085983169394146,1867.599999997551,0.001052917194030516,2.5747427490178326e-06,0.0,137324.99999999997
dry_high_load,691.0,False,7,0.045995137865199855,0.0031090507390922283,1893.6399999975401,0.0010529082674218073,2.5836693577266264e-06,0.0,137324.99999999997
dry_high_load,692.0,False,7,0.04615385109106482,0.003109502590346486,1919.6799999975292,0.0010528993520773303,2.5925847022035807e-06,0.0,137324.99999999997
dry_high_load,693.0,False,7,0.046312364041256195,0.0031099538714225885,1945.7199999975182,0.0010528904479828714,2.6014887966627076e-06,0.0,137325.00000000003
dry_high_load,694.0,False,7,0.04647067696849611,0.003110404583040028,1971.7599999975073,0.0010528815551242338,2.6103816553000823e-06,0.0,137324.99999999997
dry_high_load,695.0,False,7,0.04662879012518778,0.003110854725917387,1997.7999999974963,0.00105287267348724,2.619263292293865e-06,0.0,137324.99999999997
dry_high_load,696.0,False,7,0.046786703763415975,0.003111304300772343,2023.8399999974854,0.0010528638030577297,2.6281337218043286e-06,0.0,137325.00000000003
dry_high_load,697.0,False,7,0.0469444181349473,0.0031117533083216665,2049.8799999974763,0.0010528549438215602,2.6369929579738737e-06,0.0,137325.00000000003
dry_high_load,698.0,False,7,0.04710193349123068,0.003112201749281225,2075.919999997488,0.0010528460957646068,2.645841014927056e-06,0.0,137324.99999999997
dry_high_load,699.0,False,7,0.04725925008339783,0.003112649624365982,2101.9599999975,0.0010528372588727633,2.6546779067706127e-06,0.0,137324.99999999997
dry_high_load,700.0,False,7,0.04741636816226343,0.003113096934289998,2127.9999999975116,0.0010528284331319405,2.6635036475934717e-06,0.0,137324.99999999997
dry_high_load,701.0,False,7,0.04757328797832579,0.0031135436797664335,2154.0399999975234,0.0010528196185280673,2.67231825146679e-06,0.0,137325.00000000003
dry_high_load,702.0,False,7,0.04773000978176696,0.0031139898615075486,2180.079999997535,0.00105281081504709,2.6811217324439606e-06,0.0,137325.00000000003
dry_high_load,703.0,False,7,0.04788653382245344,0.003114435480224705,2206.119999997547,0.0010528020226749733,2.6899141045606488e-06,0.0,137324.99999999997
dry_high_load,704.0,False,7,0.0480428603499364,0.0031148805366283663,2232.1599999975588,0.0010527932413976991,2.6986953818348087e-06,0.0,137324.99999999997
dry_high_load,705.0,False,7,0.04819898961345206,0.0031153250314281,2258.1999999975706,0.0010527844712012674,2.7074655782667025e-06,0.0,137325.00000000003
dry_high_load,706.0,False,7,0.04835492186192222,0.0031157689653325774,2284.2399999975823,0.001052775712071695,2.7162247078389305e-06,0.0,137324.99999999997
dry_high_load,707.0,False,8,0.03450982984357476,0.003076352450674072,10.279999997589538,0.00105355342775346,1.938509026073914e-06,0.0,137324.99999999997
dry_high_load,708.0,False,8,0.03468303605065106,0.0030768455629618862,36.31999999758954,0.0010535436982996402,1.9482384798936335e-06,0.0,137324.99999999997
dry_high_load,709.0,False,8,0.03485602369377594,0.0030773380530054292,62.35999999758925,0.0010535339811231397,1.9579556563942665e-06,0.0,137324.99999999997
dry_high_load,710.0,False,8,0.03502879304874896,0.003077829921589893,88.39999999758962,0.0010535242762084657,1.967660571068209e-06,0.0,137324.99999999997
dry_high_load,711.0,False,8,0.03520134439102168,0.003078321169499479,114.43999999759004,0.0010535145835401456,1.9773532393883085e-06,0.0,137324.99999999997
dry_high_load,712.0,False,8,0.03537367799569811,0.0030788117975173988,140.47999999759045,0.001053504903102726,1.9870336768078894e-06,0.0,137324.99999999997
dry_high_load,713.0,False,8,0.03554579413753504,0.0030793018064258766,166.51999999759087,0.0010534952348807732,1.996701898760772e-06,0.0,137324.99999999997
dry_high_load,714.0,False,8,0.035717693090942665,0.003079791197006148,192.5599999975913,0.0010534855788588728,2.0063579206613085e-06,0.0,137325.00000000003
dry_high_load,715.0,False,8,0.03588937512998476,0.0030802799700384645,218.5999999975917,0.0010534759350216297,2.0160017579043904e-06,0.0,137325.00000000003
dry_high_load,716.0,False,8,0.03606084052837942,0.0030807681263020914,244.63999999759213,0.0010534663033536684,2.0256334258654912e-06,0.0,137324.99999999997
dry_high_load,717.0,False,8,0.03623208955949921,0.003081255666575312,270.6799999975925,0.001053456683839633,2.0352529399006767e-06,0.0,137324.99999999994
dry_high_load,718.0,False,8,0.0364031224963718,0.0030817425916354266,296.71999999759294,0.0010534470764641873,2.0448603153466375e-06,0.0,137324.99999999997
dry_high_load,719.0,False,8,0.03657393961168036,0.003082228902258755,322.75999999759335,0.0010534374812120131,2.0544555675207133e-06,0.0,137324.99999999997
dry_high_load,720.0,False,8,0.036744541177763976,0.003082714599220638,348.7999999975938,0.001053427898067813,2.064038711720916e-06,0.0,137324.99999999997
dry_high_load,721.0,False,8,0.036914927466618015,0.0030831996832954367,374.8399999975942,0.001053418327016308,2.0736097632259493e-06,0.0,137325.00000000003
dry_high_load,722.0,False,8,0.037085098749894616,0.0030836841552565357,400.8799999975946,0.0010534087680422388,2.0831687372952374e-06,0.0,137324.99999999997
dry_high_load,723.0,False,8,0.03725505529890317,0.0030841680158763445,426.919999997595,0.001053399221130365,2.0927156491689507e-06,0.0,137325.00000000003
dry_high_load,724.0,False,8,0.03742479738461071,0.0030846512659262965,452.95999999759545,0.001053389686265466,2.1022505140680295e-06,0.0,137324.99999999997
dry_high_load,725.0,False,8,0.037594325277642344,0.0030851339061768526,478.99999999759586,0.00105338016343234,2.1117733471942063e-06,0.0,137325.00000000003
dry_high_load,726.0,False,8,0.037763639248281654,0.003085615937397501,505.0399999975963,0.001053370652615804,2.1212841637300295e-06,0.0,137324.99999999997
dry_high_load,727.0,False,8,0.03793273956647118,0.003086097360356759,531.0799999975967,0.001053361153800695,2.1307829788388907e-06,0.0,137324.99999999997
dry_high_load,728.0,False,8,0.03810162650181287,0.003086578175822175,557.1199999975971,0.001053351666971869,2.1402698076650483e-06,0.0,137324.99999999997
dry_high_load,729.0,False,8,0.03827030032356838,0.0030870583845603273,583.1599999975975,0.0010533421921142,2.149744665333647e-06,0.0,137324.99999999994
dry_high_load,730.0,False,8,0.03843876130065958,0.0030875379873368273,609.199999997598,0.0010533327292125833,2.1592075669507446e-06,0.0,137324.99999999997
dry_high_load,731.0,False,8,0.03860700970166914,0.0030880169849163215,635.2399999975984,0.0010533232782519307,2.168658527603344e-06,0.0,137325.00000000003
dry_high_load,732.0,False,8,0.0387750457948407,0.0030884953780624907,661.2799999975988,0.0010533138392171747,2.1780975623594056e-06,0.0,137325.00000000003
dry_high_load,733.0,False,8,0.03894286984807947,0.003088973167538051,687.3199999975992,0.0010533044120932661,2.1875246862678778e-06,0.0,137324.99999999997
dry_high_load,734.0,False,8,0.03911048212895256,0.003089450354104758,713.3599999975996,0.0010532949968651752,2.1969399143587174e-06,0.0,137324.99999999997
dry_high_load,735.0,False,8,0.03927788290468945,0.0030899269385234055,739.3999999976,0.001053285593517891,2.206343261642916e-06,0.0,137324.99999999997
dry_high_load,736.0,False,8,0.039445072442182406,0.0030904029215538258,765.4399999976005,0.0010532762020364216,2.215734743112523e-06,0.0,137325.00000000003
dry_high_load,737.0,False,8,0.03961205100798695,0.003090878303954894,791.4799999976009,0.0010532668224057932,2.225114373740671e-06,0.0,137324.99999999997
dry_high_load,738.0,False,8,0.039778818868322144,0.0030913530864845264,817.5199999976013,0.0010532574546110523,2.234482168481595e-06,0.0,137324.99999999997
dry_high_load,739.0,False,8,0.03994537628907124,0.0030918272698996847,843.5599999976017,0.0010532480986372632,2.2438381422706635e-06,0.0,137324.99999999997
dry_high_load,740.0,False,8,0.04011172353578188,0.0030923008549563736,869.5999999976021,0.0010532387544695096,2.253182310024396e-06,0.0,137324.99999999997
dry_high_load,741.0,False,8,0.0402778608736667,0.0030927738424096447,895.6399999976026,0.0010532294220928936,2.2625146866404916e-06,0.0,137325.00000000003
dry_high_load,742.0,False,8,0.0404437885676036,0.0030932462330135967,921.679999997603,0.001053220101492536,2.2718352869978475e-06,0.0,137324.99999999997
dry_high_load,743.0,False,8,0.0406095068821363,0.0030937180275213763,947.7199999976034,0.0010532107926535775,2.2811441259565885e-06,0.0,137325.00000000003
dry_high_load,744.0,False,8,0.04077501608147467,0.0030941892266851804,973.7599999976038,0.0010532014955611758,2.290441218358087e-06,0.0,137324.99999999997
dry_high_load,745.0,False,8,0.040940316429495166,0.0030946598312562566,999.7999999976042,0.001053192210200509,2.2997265790249855e-06,0.0,137324.99999999997
dry_high_load,746.0,False,8,0.041105408189741344,0.003095129841984905,1025.8399999976039,0.0010531829365567728,2.3090002227612277e-06,0.0,137325.00000000003
dry_high_load,747.0,False,8,0.04127029162542406,0.003095599259620477,1051.879999997593,0.001053173674615182,2.318262164352068e-06,0.0,137325.00000000003
dry_high_load,748.0,False,8,0.041434966999422174,0.003096068084911381,1077.919999997582,0.0010531644243609699,2.3275124185641113e-06,0.0,137324.99999999997
dry_high_load,749.0,False,8,0.04159943457428274,0.003096536318605079,1103.959999997571,0.0010531551857793887,2.336751000145326e-06,0.0,137324.99999999997
dry_high_load,750.0,False,8,0.04176369461222153,0.0030970039614480905,1129.99999999756,0.001053145958855709,2.345977923825069e-06,0.0,137324.99999999997
dry_high_load,751.0,False,8,0.04192774737512344,0.003097471014185994,1156.039999997549,0.0010531367435752197,2.355193204314113e-06,0.0,137324.99999999997
dry_high_load,752.0,False,8,0.042091593124542956,0.0030979374775634253,1182.0799999975382,0.0010531275399232292,2.364396856304669e-06,0.0,137324.99999999997
dry_high_load,753.0,False,8,0.042255232121704386,0.0030984033523240822,1208.1199999975272,0.0010531183478850637,2.373588894470403e-06,0.0,137325.00000000003
dry_high_load,754.0,False,8,0.04241866462750252,0.0030988686392107224,1234.1599999975163,0.0010531091674460674,2.382769333466469e-06,0.0,137324.99999999997
dry_high_load,755.0,False,8,0.04258189090250288,0.0030993333389651686,1260.1999999975053,0.0010530999985916044,2.391938187929527e-06,0.0,137324.99999999997
dry_high_load,756.0,False,8,0.042744911206942265,0.0030997974523283046,1286.2399999974944,0.0010530908413070564,2.4010954724777696e-06,0.0,137325.00000000003
dry_high_load,757.0,False,8,0.04290772580072893,0.003100260980040082,1312.2799999974834,0.001053081695577823,2.410241201710937e-06,0.0,137324.99999999997
dry_high_load,758.0,False,8,0.043070334943443284,0.003100723922839517,1338.3199999974725,0.0010530725613893236,2.419375390210351e-06,0.0,137324.99999999997
dry_high_load,759.0,False,8,0.043232738894338214,0.0031011862814646937,1364.3599999974615,0.001053063438726995,2.428498052538937e-06,0.0,137324.99999999997
dry_high_load,760.0,False,8,0.043394937912339344,0.003101648056652765,1390.3999999974505,0.0010530543275762928,2.437609203241236e-06,0.0,137325.00000000003
dry_high_load,761.0,False,8,0.04355693225604556,0.003102109249139953,1416.4399999974396,0.0010530452279226903,2.446708856843437e-06,0.0,137324.99999999994
dry_high_load,762.0,False,8,0.04371872218372961,0.0031025698596615523,1442.4799999974286,0.0010530361397516803,2.455797027853407e-06,0.0,137324.99999999994
dry_high_load,763.0,False,8,0.043880307953338166,0.0031030298889519275,1468.5199999974177,0.0010530270630487732,2.464873730760698e-06,0.0,137324.99999999997
dry_high_load,764.0,False,8,0.044041689822492465,0.003103489337744518,1494.5599999974067,0.0010530179977994974,2.47393898003658e-06,0.0,137324.99999999997
dry_high_load,765.0,False,8,0.044202868048488636,0.003103948206771838,1520.5999999973958,0.0010530089439894,2.4829927901340625e-06,0.0,137324.99999999997
dry_high_load,766.0,False,8,0.04436384288829814,0.0031044064967654756,1546.6399999973848,0.0010529999016040462,2.4920351754879162e-06,0.0,137325.00000000003
dry_high_load,767.0,False,8,0.044524614598568206,0.0031048642084560976,1572.679999997374,0.0010529908706290194,2.5010661505146995e-06,0.0,137325.00000000003
dry_high_load,768.0,False,8,0.04468518343562216,0.0031053213425734473,1598.719999997363,0.0010529818510499212,2.510085729612776e-06,0.0,137324.99999999997
dry_high_load,769.0,False,8,0.04484554965545988,0.0031057778998463486,1624.759999997352,0.0010529728428523716,2.5190939271623405e-06,0.0,137324.99999999997
dry_high_load,770.0,False,8,0.045005713513758296,0.0031062338810027047,1650.799999997341,0.0010529638460220086,2.5280907575254465e-06,0.0,137325.00000000003
dry_high_load,771.0,False,8,0.04516567526587163,0.0031066892867695007,1676.83999999733,0.001052954860544488,2.5370762350460215e-06,0.0,137324.99999999997
dry_high_load,772.0,False,8,0.04532543516683188,0.003107144117872804,1702.8799999973191,0.0010529458864054842,2.5460503740498905e-06,0.0,137325.00000000003
dry_high_load,773.0,False,8,0.045484993471349204,0.003107598375037766,1728.9199999973082,0.0010529369235906894,2.5550131888448024e-06,0.0,137325.00000000003
dry_high_load,774.0,False,8,0.04564435043381237,0.003108052058988623,1754.9599999972972,0.0010529279720858135,2.563964693720451e-06,0.0,137324.99999999997
dry_high_load,775.0,False,8,0.04580350630828917,0.003108505170448698,1780.9999999972863,0.0010529190318765856,2.5729049029485013e-06,0.0,137325.00000000003
dry_high_load,776.0,False,8,0.04596246134852676,0.0031089577101404,1807.0399999972753,0.0010529101029487513,2.581833830782606e-06,0.0,137324.99999999997
dry_high_load,777.0,False,8,0.04612121580795215,0.0031094096787852273,1833.0799999972644,0.0010529011852880756,2.590751491458435e-06,0.0,137325.00000000003
dry_high_load,778.0,False,8,0.04627976993967247,0.0031098610771037676,1859.1199999972534,0.0010528922788803402,2.5996578991936903e-06,0.0,137324.99999999997
dry_high_load,779.0,False,8,0.04643812399647563,0.0031103119058157,1885.1599999972425,0.001052883383711346,2.608553068188141e-06,0.0,137325.00000000003
dry_high_load,780.0,False,8,0.046596278230830325,0.003110762165639794,1911.1999999972315,0.0010528744997669104,2.617437012623627e-06,0.0,137325.00000000003
dry_high_load,781.0,False,8,0.04675423289488676,0.003111211857293913,1937.2399999972206,0.00105286562703287,2.626309746664096e-06,0.0,137324.99999999997
dry_high_load,782.0,False,8,0.04691198824047703,0.0031116609814950146,1963.2799999972096,0.0010528567654950784,2.635171284455627e-06,0.0,137324.99999999997
dry_high_load,783.0,False,8,0.047069544519115346,0.003112109538959151,1989.3199999971987,0.0010528479151394076,2.6440216401264435e-06,0.0,137325.00000000003
dry_high_load,784.0,False,8,0.04722690198199868,0.003112557530401472,2015.3599999971877,0.001052839075951747,2.6528608277869477e-06,0.0,137324.99999999997
dry_high_load,785.0,False,8,0.04738406088000686,0.003113004956536224,2041.3999999971768,0.0010528302479180043,2.661688861529728e-06,0.0,137325.00000000003
dry_high_load,786.0,False,8,0.04754102146370327,0.0031134518180767523,2067.439999997183,0.0010528214310241044,2.6705057554295972e-06,0.0,137325.00000000003
dry_high_load,787.0,False,8,0.047697783983335025,0.0031138981157355027,2093.4799999971947,0.0010528126252559904,2.6793115235436006e-06,0.0,137324.99999999997
dry_high_load,788.0,False,8,0.04785434868883349,0.003114343850224021,2119.5199999972065,0.001052803830599623,2.68810617991105e-06,0.0,137325.00000000003
dry_high_load,789.0,False,8,0.048010715829814664,0.0031147890222529553,2145.5599999972183,0.0010527950470409805,2.6968897385535392e-06,0.0,137325.00000000003
dry_high_load,790.0,False,8,0.048166885655579576,0.003115233632532058,2171.59999999723,0.0010527862745660591,2.7056622134749723e-06,0.0,137325.00000000003
dry_high_load,791.0,False,8,0.04832285841511466,0.0031156776817701844,2197.639999997242,0.0010527775131608725,2.714423618661579e-06,0.0,137325.00000000003
dry_high_load,792.0,False,8,0.04847863435709206,0.0031161211706752967,2223.6799999972536,0.001052768762811452,2.723173968081936e-06,0.0,137324.99999999997
dry_high_load,793.0,False,8,0.04863421372987034,0.003116564099954463,2249.7199999972654,0.0010527600235038471,2.731913275687006e-06,0.0,137325.00000000003
dry_high_load,794.0,False,8,0.04878959678149443,0.003117006470313859,2275.759999997277,0.0010527512952241238,2.7406415554101322e-06,0.0,137324.99999999997
dry_high_load,795.0,True,8,0.044185226776726504,0.0031038979826602114,1.799999997288271,0.0010530099349466055,2.4820018329286132e-06,0.0,137325.00000000003
dry_high_load,796.0,False,9,0.03497066772069291,0.0030776644407218487,27.839999997288317,0.0010535275412629037,1.9643955166303607e-06,0.0,137325.00000000003
dry_high_load,797.0,False,9,0.0351432924096522,0.003078155897447002,53.87999999728808,0.0010535178444745048,1.974092305029133e-06,0.0,137324.99999999997
dry_high_load,798.0,False,9,0.03531569926846107,0.003078646734016991,79.91999999728823,0.0010535081599222056,1.983776857328375e-06,0.0,137324.99999999997
dry_high_load,799.0,False,9,0.035487888571993205,0.0030791369512143717,105.95999999728865,0.0010534984875905655,1.9934491889684733e-06,0.0,137324.99999999997
dry_high_load,800.0,False,9,0.035659860594775314,0.0030796265498207126,131.99999999728905,0.0010534888274641636,2.0031093153703244e-06,0.0,137324.99999999997
dry_high_load,801.0,False,9,0.0358316156109878,0.003080115530616596,158.03999999728947,0.0010534791795275985,2.0127572519353718e-06,0.0,137324.99999999997
dry_high_load,802.0,False,9,0.03600315389446504,0.0030806038943816194,184.0799999972899,0.0010534695437654884,2.0223930140456205e-06,0.0,137324.99999999997
dry_high_load,803.0,False,9,0.03617447571869583,0.003081091641894396,210.1199999972903,0.0010534599201624704,2.0320166170636653e-06,0.0,137325.00000000003
dry_high_load,804.0,False,9,0.036345581356823864,0.003081578773932557,236.15999999729073,0.0010534503087032013,2.0416280763327144e-06,0.0,137324.99999999997
dry_high_load,805.0,False,9,0.03651647108164825,0.0030820652912727526,262.1999999972911,0.0010534407093723574,2.05122740717662e-06,0.0,137324.99999999997
dry_high_load,806.0,False,9,0.03668714516562379,0.0030825511946906523,288.23999999729153,0.0010534311221546341,2.0608146248998937e-06,0.0,137325.00000000003
dry_high_load,807.0,False,9,0.0368576038808615,0.0030830364849609468,314.27999999729195,0.0010534215470347462,2.0703897447877357e-06,0.0,137324.99999999997
dry_high_load,808.0,False,9,0.037027847499129005,0.0030835211628573497,340.31999999729237,0.0010534119839974278,2.0799527821060574e-06,0.0,137324.99999999997
dry_high_load,809.0,False,9,0.03719787629185102,0.0030840052291525983,366.3599999972928,0.0010534024330274322,2.0895037521015077e-06,0.0,137324.99999999994
dry_high_load,810.0,False,9,0.03736769053010974,0.003084488684618454,392.3999999972932,0.0010533928941095325,2.0990426700014956e-06,0.0,137324.99999999997
dry_high_load,811.0,False,9,0.0375372904846453,0.0030849715300257058,418.4399999972936,0.0010533833672285197,2.108569551014214e-06,0.0,137324.99999999997
dry_high_load,812.0,False,9,0.03770667642585615,0.0030854537661441682,444.47999999729404,0.0010533738523692054,2.118084410328665e-06,0.0,137325.00000000003
dry_high_load,813.0,False,9,0.03787584862379964,0.0030859353937426857,470.51999999729446,0.0010533643495164193,2.127587263114689e-06,0.0,137324.99999999997
dry_high_load,814.0,False,9,0.03804480734819226,0.003086416413589132,496.5599999972949,0.001053354858655011,2.1370781245229786e-06,0.0,137325.00000000003
dry_high_load,815.0,False,9,0.03821355286841017,0.003086896826450413,522.5999999972953,0.0010533453797698488,2.1465570096851105e-06,0.0,137324.99999999997
dry_high_load,816.0,False,9,0.03838208545348961,0.0030873766330924645,548.6399999972957,0.0010533359128458205,2.1560239337135665e-06,0.0,137325.00000000003
dry_high_load,817.0,False,9,0.03855040537212734,0.0030878558342802578,574.6799999972961,0.001053326457867832,2.165478911701759e-06,0.0,137324.99999999994
dry_high_load,818.0,False,9,0.03871851289268103,0.0030883344307777987,600.7199999972966,0.00105331701482081,2.1749219587240526e-06,0.0,137324.99999999997
dry_high_load,819.0,False,9,0.03888640828316973,0.0030888124233481276,626.759999997297,0.0010533075836896982,2.1843530898357913e-06,0.0,137324.99999999997
dry_high_load,820.0,False,9,0.039054091811274345,0.0030892898127533237,652.7999999972974,0.0010532981644594606,2.1937723200733243e-06,0.0,137324.99999999997
dry_high_load,821.0,False,9,0.03922156374433792,0.0030897665997545037,678.8399999972978,0.00105328875711508,2.203179664454022e-06,0.0,137324.99999999997
dry_high_load,822.0,False,9,0.03938882434936608,0.0030902427851118236,704.8799999972982,0.0010532793616415577,2.2125751379763013e-06,0.0,137324.99999999997
dry_high_load,823.0,False,9,0.03955587389302775,0.0030907183695844808,730.9199999972986,0.0010532699780239144,2.2219587556196656e-06,0.0,137325.00000000003
dry_high_load,824.0,False,9,0.03972271264165521,0.0030911933539307145,756.9599999972991,0.0010532606062471893,2.231330532344709e-06,0.0,137324.99999999997
dry_high_load,825.0,False,9,0.039889340861244654,0.003091667738907807,782.9999999972995,0.0010532512462964408,2.2406904830931447e-06,0.0,137324.99999999997
dry_high_load,826.0,False,9,0.040055758817456634,0.0030921415252720854,809.0399999972999,0.001053241898156746,2.250038622787834e-06,0.0,137324.99999999994
dry_high_load,827.0,False,9,0.040221966775616444,0.003092614713778921,835.0799999973003,0.0010532325618132013,2.259374966332805e-06,0.0,137325.00000000003
dry_high_load,828.0,False,9,0.04038796500071467,0.003093087305182734,861.1199999973007,0.0010532232372509208,2.2686995286132844e-06,0.0,137325.00000000003
dry_high_load,829.0,False,9,0.04055375375740745,0.003093559300236991,887.1599999973012,0.0010532139244550382,2.2780123244957123e-06,0.0,137324.99999999997
dry_high_load,830.0,False,9,0.04071933331001696,0.003094030699694209,913.1999999973016,0.0010532046234107062,2.2873133688277688e-06,0.0,137324.99999999997
dry_high_load,831.0,False,9,0.04088470392253184,0.0030945015043059546,939.239999997302,0.0010531953341030957,2.2966026764383986e-06,0.0,137325.00000000003
dry_high_load,832.0,False,9,0.041049865858607607,0.003094971714822846,965.2799999973024,0.001053186056517396,2.3058802621378347e-06,0.0,137324.99999999997
dry_high_load,833.0,False,9,0.041214819381567035,0.003095441331994555,991.3199999973028,0.0010531767906388164,2.315146140717618e-06,0.0,137325.00000000003
dry_high_load,834.0,False,9,0.04137956475440072,0.003095910356569806,1017.3599999973032,0.0010531675364525836,2.3244003269506304e-06,0.0,137325.00000000003
dry_high_load,835.0,False,9,0.041544102239767365,0.0030963787892963807,1043.3999999972953,0.001053158293943943,2.333642835591111e-06,0.0,137325.00000000003
dry_high_load,836.0,False,9,0.04170843209999419,0.003096846630921115,1069.4399999972843,0.0010531490630981593,2.3428736813746776e-06,0.0,137324.99999999997
dry_high_load,837.0,False,9,0.04187255459707739,0.0030973138821899036,1095.4799999972734,0.0010531398439005157,2.352092879018354e-06,0.0,137325.00000000003
dry_high_load,838.0,False,9,0.04203646999268258,0.0030977805438477,1121.5199999972624,0.0010531306363363135,2.3613004432205955e-06,0.0,137325.00000000003
dry_high_load,839.0,False,9,0.04220017854814516,0.0030982466166385174,1147.5599999972515,0.0010531214403908726,2.3704963886613066e-06,0.0,137324.99999999997
dry_high_load,840.0,False,9,0.04236368052447081,0.00309871210130543,1173.5999999972405,0.0010531122560495322,2.379680730001871e-06,0.0,137325.00000000003
dry_high_load,841.0,False,9,0.042526976182335884,0.0030991769985905747,1199.6399999972296,0.0010531030832976488,2.3888534818851742e-06,0.0,137324.99999999997
dry_high_load,842.0,False,9,0.04269006578208763,0.0030996413092351516,1225.6799999972186,0.0010530939221205984,2.398014658935614e-06,0.0,137324.99999999997
dry_high_load,843.0,False,9,0.04285294958374499,0.0031001050339794257,1251.7199999972077,0.0010530847725037748,2.407164275759147e-06,0.0,137324.99999999997
dry_high_load,844.0,False,9,0.0430156278469986,0.0031005681735627277,1277.7599999971967,0.0010530756344325908,2.416302346943287e-06,0.0,137325.00000000003
dry_high_load,845.0,False,9,0.04317810083121151,0.003101030728723456,1303.7999999971858,0.0010530665078924768,2.425428887057148e-06,0.0,137324.99999999997
dry_high_load,846.0,False,9,0.0433403687954194,0.0031014927001990753,1329.8399999971748,0.0010530573928688826,2.434543910651453e-06,0.0,137325.00000000003
dry_high_load,847.0,False,9,0.043502431998331245,0.003101954088726123,1355.8799999971638,0.0010530482893472755,2.443647432258574e-06,0.0,137325.00000000003
dry_high_load,848.0,False,9,0.04366429069832945,0.003102414895040204,1381.919999997153,0.0010530391973131413,2.4527394663925393e-06,0.0,137324.99999999997
dry_high_load,849.0,False,9,0.04382594515347035,0.003102875119875996,1407.959999997142,0.001053030116751985,2.4618200275490597e-06,0.0,137325.00000000003
dry_high_load,850.0,False,9,0.04398739562148464,0.0031033347639672507,1433.999999997131,0.0010530210476493284,2.4708891302055547e-06,0.0,137324.99999999997
dry_high_load,851.0,False,9,0.04414864235977787,0.0031037938280467922,1460.03999999712,0.0010530119899907126,2.4799467888211795e-06,0.0,137324.99999999997
dry_high_load,852.0,False,9,0.04430968562543073,0.003104252312846521,1486.079999997109,0.0010530029437616972,2.4889930178368412e-06,0.0,137325.00000000003
dry_high_load,853.0,False,9,0.044470525675199546,0.003104710219097414,1512.1199999970981,0.0010529939089478587,2.4980278316752258e-06,0.0,137324.99999999997
dry_high_load,854.0,False,9,0.04463116276551661,0.0031051675475295246,1538.1599999970872,0.0010529848855347931,2.5070512447408183e-06,0.0,137324.99999999997
dry_high_load,855.0,False,9,0.04479159715249069,0.0031056242988719866,1564.1999999970762,0.0010529758735081142,2.5160632714199295e-06,0.0,137325.00000000003
dry_high_load,856.0,False,9,0.04495182909190728,0.003106080473853013,1590.2399999970653,0.0010529668728534532,2.525063926080712e-06,0.0,137324.99999999997
dry_high_load,857.0,False,9,0.04511185883922908,0.0031065360731998967,1616.2799999970543,0.0010529578835564608,2.534053223073186e-06,0.0,137324.99999999997
dry_high_load,858.0,False,9,0.04527168664959656,0.003106991097639015,1642.3199999970434,0.0010529489056028047,2.5430311767292713e-06,0.0,137324.99999999997
dry_high_load,859.0,False,9,0.04543131277782822,0.0031074455478958267,1668.3599999970324,0.0010529399389781714,2.5519978013628006e-06,0.0,137325.00000000003
dry_high_load,860.0,False,9,0.04559073747842093,0.003107899424694877,1694.3999999970215,0.0010529309836682646,2.560953111269541e-06,0.0,137325.00000000003
dry_high_load,861.0,False,9,0.04574996100555044,0.0031083527287597947,1720.4399999970105,0.0010529220396588068,2.5698971207272217e-06,0.0,137325.00000000003
dry_high_load,862.0,False,9,0.045908983613071816,0.0031088054608132973,1746.4799999969996,0.0010529131069355385,2.578829843995557e-06,0.0,137325.00000000003
dry_high_load,863.0,False,9,0.04606780555451974,0.0031092576215771897,1772.5199999969886,0.0010529041854842177,2.5877512953162656e-06,0.0,137324.99999999997
dry_high_load,864.0,False,9,0.046226427083108985,0.0031097092117723657,1798.5599999969777,0.001052895275290621,2.596661488913095e-06,0.0,137324.99999999997
dry_high_load,865.0,False,9,0.04638484845173484,0.0031101602321188093,1824.5999999969667,0.0010528863763405421,2.605560438991847e-06,0.0,137324.99999999997
dry_high_load,866.0,False,9,0.046543069912973384,0.0031106106833355966,1850.6399999969558,0.0010528774886197935,2.614448159740393e-06,0.0,137324.99999999997
dry_high_load,867.0,False,9,0.04670109171908206,0.0031110605661408964,1876.6799999969448,0.0010528686121142052,2.623324665328704e-06,0.0,137324.99999999997
dry_high_load,868.0,False,9,0.04685891412199992,0.0031115098812519704,1902.719999996934,0.0010528597468096252,2.632189969908869e-06,0.0,137325.00000000003
dry_high_load,869.0,False,9,0.04701653737334815,0.0031119586293851757,1928.759999996923,0.0010528508926919188,2.6410440876151184e-06,0.0,137324.99999999997
dry_high_load,870.0,False,9,0.04717396172443034,0.0031124068112559655,1954.799999996912,0.00105284204974697,2.6498870325638455e-06,0.0,137324.99999999997
dry_high_load,871.0,False,9,0.0473311874262332,0.00311285442757889,1980.839999996901,0.0010528332179606803,2.6587188188536406e-06,0.0,137324.99999999997
dry_high_load,872.0,False,9,0.047488214729426444,0.003113301479067598,2006.87999999689,0.0010528243973189687,2.6675394605652897e-06,0.0,137324.99999999997
dry_high_load,873.0,False,9,0.0476450438843636,0.0031137479664348376,2032.9199999968791,0.001052815587807772,2.6763489717618168e-06,0.0,137324.99999999994
dry_high_load,874.0,False,9,0.0478016751410823,0.0031141938903924576,2058.9599999968777,0.0010528067894130454,2.6851473664885017e-06,0.0,137324.99999999997
dry_high_load,875.0,False,9,0.047958108749304666,0.0031146392516514083,2084.9999999968895,0.001052798002120761,2.693934658772901e-06,0.0,137324.99999999997
dry_high_load,876.0,False,9,0.048114344958437666,0.003115084050921743,2111.0399999969013,0.001052789225916909,2.7027108626248674e-06,0.0,137324.99999999997
dry_high_load,877.0,False,9,0.048270384017573484,0.0031155282889126193,2137.079999996913,0.0010527804607874973,2.7114759920365727e-06,0.0,137324.99999999997
dry_high_load,878.0,False,9,0.04842622617549008,0.0031159719663322993,2163.119999996925,0.0010527717067185514,2.720230060982537e-06,0.0,137324.99999999997
dry_high_load,879.0,False,9,0.048581871680651534,0.003116415083888152,2189.1599999969367,0.0010527629636961143,2.7289730834196497e-06,0.0,137324.99999999997
dry_high_load,880.0,False,9,0.048737320781208265,0.0031168576422866533,2215.1999999969485,0.0010527542317062468,2.7377050732871803e-06,0.0,137324.99999999997
dry_high_load,881.0,False,9,0.048892573724997605,0.0031172996422333885,2241.2399999969603,0.001052745510735027,2.7464260445068113e-06,0.0,137324.99999999997
dry_high_load,882.0,False,9,0.049047630759544214,0.003117741084433051,2267.279999996972,0.0010527368007685514,2.7551360109826625e-06,0.0,137325.00000000003
dry_high_load,883.0,False,9,0.049202492132060356,0.0031181819695894463,2293.319999996984,0.0010527281017929325,2.7638349866013042e-06,0.0,137324.99999999997
dry_high_load,884.0,False,10,0.03513363756097576,0.0030781284104152164,19.359999996986915,0.0010535183868130614,1.973549966472568e-06,0.0,137324.99999999997
dry_high_load,885.0,False,10,0.0353060566029616,0.0030786192816703033,45.39999999698679,0.0010535087015764006,1.9832352031332987e-06,0.0,137324.99999999997
dry_high_load,886.0,False,10,0.03547825807429705,0.003079109533509014,71.4399999969867,0.0010534990285612626,1.992908218271307e-06,0.0,137324.99999999997
dry_high_load,887.0,False,10,0.03565024224952836,0.0030795991667129717,97.47999999698712,0.0010534893677522255,2.002569027308586e-06,0.0,137325.00000000003
dry_high_load,888.0,False,10,0.03582200940285522,0.003080088182062815,123.51999999698754,0.0010534797191338865,2.012217645647663e-06,0.0,137325.00000000003
dry_high_load,889.0,False,10,0.03599355980813134,0.003080576580338195,149.55999999698795,0.0010534700826908623,2.0218540886716298e-06,0.0,137324.99999999997
dry_high_load,890.0,False,10,0.03616489373886487,0.0030810643623177805,175.59999999698837,0.0010534604584077898,2.031478371744167e-06,0.0,137324.99999999997
dry_high_load,891.0,False,10,0.036336011468218826,0.0030815515287792583,201.6399999969888,0.0010534508462693244,2.04109051020957e-06,0.0,137324.99999999997
dry_high_load,892.0,False,10,0.036506913269011544,0.003082038080499332,227.6799999969892,0.0010534412462601412,2.0506905193927693e-06,0.0,137324.99999999997
dry_high_load,893.0,False,10,0.036677599413717094,0.003082524018253727,253.71999999698963,0.0010534316583649347,2.06027841459936e-06,0.0,137325.00000000003
dry_high_load,894.0,False,10,0.0368480701744657,0.0030830093428171894,279.75999999699,0.0010534220825684183,2.0698542111156207e-06,0.0,137324.99999999997
dry_high_load,895.0,False,10,0.037018325823044235,0.003083494054963486,305.79999999699044,0.0010534125188553256,2.0794179242085443e-06,0.0,137325.00000000003
dry_high_load,896.0,False,10,0.03718836663089657,0.0030839781554654094,331.83999999699085,0.001053402967210408,2.0889695691258554e-06,0.0,137324.99999999997
dry_high_load,897.0,False,10,0.03735819286912402,0.0030844616450947755,357.8799999969913,0.001053393427618438,2.0985091610960366e-06,0.0,137324.99999999997
dry_high_load,898.0,False,10,0.037527804808485936,0.003084944524622427,383.9199999969917,0.0010533839000642056,2.108036715328362e-06,0.0,137324.99999999997
dry_high_load,899.0,False,10,0.037697202719399886,0.0030854267948182347,409.9599999969921,0.0010533743845325212,2.1175522470129058e-06,0.0,137325.00000000003
dry_high_load,900.0,False,10,0.037866386871942215,0.003085908456451096,435.9999999969925,0.0010533648810082134,2.127055771320576e-06,0.0,137324.99999999997
dry_high_load,901.0,False,10,0.03803535753584852,0.0030863895102889393,462.03999999699295,0.001053355389476131,2.1365473034031385e-06,0.0,137325.00000000003
dry_high_load,902.0,False,10,0.03820411498051395,0.0030868699570987235,488.07999999699337,0.0010533459099211408,2.1460268583932373e-06,0.0,137325.00000000003
dry_high_load,903.0,False,10,0.03837265947499378,0.0030873497976464407,514.1199999969938,0.0010533364423281298,2.155494451404422e-06,0.0,137325.00000000003
dry_high_load,904.0,False,10,0.03854099128800375,0.003087829032697115,540.1599999969942,0.0010533269866820029,2.164950097531173e-06,0.0,137325.00000000003
dry_high_load,905.0,False,10,0.038709110687920524,0.0030883076630148056,566.1999999969946,0.0010533175429676851,2.17439381184892e-06,0.0,137325.00000000003
dry_high_load,906.0,False,10,0.03887701794278209,0.003088785689362608,592.239999996995,0.00105330811117012,2.1838256094140723e-06,0.0,137325.00000000003
dry_high_load,907.0,False,10,0.039044713320288214,0.0030892631125026544,618.2799999969955,0.00105329869127427,2.1932455052640374e-06,0.0,137325.00000000003
dry_high_load,908.0,False,10,0.039212197087800896,0.003089739933196116,644.3199999969959,0.0010532892832651167,2.2026535144172512e-06,0.0,137324.99999999997
dry_high_load,909.0,False,10,0.039379469512344736,0.003090216152203202,670.3599999969963,0.0010532798871276607,2.212049651873196e-06,0.0,137324.99999999997
dry_high_load,910.0,False,10,0.03954653086060731,0.003090691770283164,696.3999999969967,0.0010532705028469217,2.2214339326124237e-06,0.0,137325.00000000003
dry_high_load,911.0,False,10,0.039713381398939734,0.0030911667881942943,722.4399999969971,0.0010532611304079375,2.230806371596585e-06,0.0,137325.00000000003
dry_high_load,912.0,False,10,0.039880021393357064,0.0030916412066939285,748.4799999969975,0.0010532517697957658,2.240166983768454e-06,0.0,137325.00000000003
dry_high_load,913.0,False,10,0.04004645110953858,0.003092115026538447,774.519999996998,0.001053242420995482,2.2495157840519438e-06,0.0,137324.99999999997
dry_high_load,914.0,False,10,0.04021267081282839,0.003092588248483276,800.5599999969984,0.001053233083992182,2.2588527873521383e-06,0.0,137325.00000000003
dry_high_load,915.0,False,10,0.04037868076823581,0.0030930608732828873,826.5999999969988,0.0010532237587709788,2.2681780085553178e-06,0.0,137325.00000000003
dry_high_load,916.0,False,10,0.04054448124043561,0.003093532901690802,852.6399999969992,0.001053214445317005,2.277491462528968e-06,0.0,137325.00000000003
dry_high_load,917.0,False,10,0.04071007249376867,0.003094004334459589,878.6799999969996,0.0010532051436154123,2.28679316412182e-06,0.0,137325.00000000003
dry_high_load,918.0,False,10,0.04087545479224224,0.0030944751723408687,904.7199999970001,0.0010531958536513701,2.296083128163864e-06,0.0,137324.99999999997
dry_high_load,919.0,False,10,0.041040628399530585,0.003094945416085313,930.7599999970005,0.0010531865754100677,2.3053613694663856e-06,0.0,137325.00000000003
dry_high_load,920.0,False,10,0.04120559357897502,0.003095415066442645,956.7999999970009,0.001053177308876712,2.314627902821967e-06,0.0,137324.99999999997
dry_high_load,921.0,False,10,0.04137035059358477,0.003095884124161644,982.8399999970013,0.0010531680540365293,2.323882743004538e-06,0.0,137324.99999999997
dry_high_load,922.0,False,10,0.041534899706037,0.003096352589990143,1008.8799999970017,0.0010531588108747647,2.3331259047693733e-06,0.0,137325.00000000003
dry_high_load,923.0,False,10,0.041699241178677536,0.0030968204646750312,1034.9199999969974,0.0010531495793766807,2.3423574028531363e-06,0.0,137324.99999999997
dry_high_load,924.0,False,10,0.041863375273521033,0.003097287748962256,1060.9599999969864,0.0010531403595275602,2.3515772519738886e-06,0.0,137325.00000000003
dry_high_load,925.0,False,10,0.04202730225225164,0.003097754443596824,1086.9999999969755,0.001053131151312703,2.360785466831125e-06,0.0,137325.00000000003
dry_high_load,926.0,False,10,0.04219102237622328,0.0030982205493228004,1113.0399999969645,0.0010531219547174281,2.369982062105792e-06,0.0,137324.99999999997
dry_high_load,927.0,False,10,0.04235453590646003,0.003098686066883312,1139.0799999969536,0.0010531127697270737,2.3791670524603056e-06,0.0,137324.99999999997
dry_high_load,928.0,False,10,0.04251784310365662,0.0030991509970205483,1165.1199999969426,0.0010531035963269955,2.3883404525385836e-06,0.0,137325.00000000003
dry_high_load,929.0,False,10,0.0426809442281787,0.0030996153404757613,1191.1599999969317,0.001053094434502568,2.3975022769660586e-06,0.0,137324.99999999997
dry_high_load,930.0,False,10,0.042843839540063655,0.0031000790979892694,1217.1999999969207,0.001053085284239184,2.4066525403497217e-06,0.0,137324.99999999997
dry_high_load,931.0,False,10,0.043006529299020456,0.0031005422703004543,1243.2399999969098,0.001053076145522256,2.415791257278118e-06,0.0,137325.00000000003
dry_high_load,932.0,False,10,0.043169013764430435,0.003101004858147767,1269.2799999968988,0.0010530670183372126,2.4249184423213872e-06,0.0,137324.99999999997
dry_high_load,933.0,False,10,0.043331293195347675,0.0031014668622687254,1295.3199999968879,0.0010530579026695026,2.434034110031287e-06,0.0,137324.99999999997
dry_high_load,934.0,False,10,0.043493367850499294,0.0031019282833999167,1321.359999996877,0.0010530487985045927,2.4431382749412083e-06,0.0,137324.99999999997
dry_high_load,935.0,False,10,0.04365523798828601,0.003102389122277,1347.399999996866,0.0010530397058279677,2.4522309515662074e-06,0.0,137324.99999999997
dry_high_load,936.0,False,10,0.043816903866782365,0.0031028493796347034,1373.439999996855,0.0010530306246251309,2.461312154403019e-06,0.0,137324.99999999997
dry_high_load,937.0,False,10,0.04397836574373739,0.003103309056206831,1399.479999996844,0.001053021554881604,2.470381897930092e-06,0.0,137324.99999999997
dry_high_load,938.0,False,10,0.04413962387657475,0.0031037681527262594,1425.5199999968331,0.0010530124965829263,2.4794401966075992e-06,0.0,137324.99999999997
dry_high_load,939.0,False,10,0.044300678522393326,0.00310422666992494,1451.5599999968222,0.0010530034497146566,2.488487064877469e-06,0.0,137325.00000000003
dry_high_load,940.0,False,10,0.0444615299379675,0.003104684608533901,1477.5999999968112,0.0010529944142623707,2.4975225171634025e-06,0.0,137325.00000000003
dry_high_load,941.0,False,10,0.0446221783797477,0.0031051419692832488,1503.6399999968003,0.001052985390211663,2.506546567870903e-06,0.0,137324.99999999997
dry_high_load,942.0,False,10,0.04478262410386078,0.003105598752902167,1529.6799999967893,0.0010529763775481466,2.5155592313872975e-06,0.0,137324.99999999997
dry_high_load,943.0,False,10,0.04494286736611036,0.0031060549601189206,1555.7199999967784,0.0010529673762574522,2.5245605220817566e-06,0.0,137324.99999999997
dry_high_load,944.0,False,10,0.045102908421977304,0.0031065105916608547,1581.7599999967674,0.0010529583863252286,2.533550454305321e-06,0.0,137324.99999999997
dry_high_load,945.0,False,10,0.04526274752661997,0.0031069656482543974,1607.7999999967565,0.0010529494077371432,2.5425290423909145e-06,0.0,137325.00000000003
dry_high_load,946.0,False,10,0.045422384934874854,0.0031074201306250586,1633.8399999967455,0.0010529404404788806,2.551496300653382e-06,0.0,137324.99999999997
dry_high_load,947.0,False,10,0.04558182090125685,0.0031078740394974345,1659.8799999967346,0.0010529314845361447,2.560452243389502e-06,0.0,137325.00000000003
dry_high_load,948.0,False,10,0.04574105567995971,0.003108327375595206,1685.9199999967236,0.001052922539894656,2.5693968848780158e-06,0.0,137325.00000000003
dry_high_load,949.0,False,10,0.04590008952485643,0.0031087801396411413,1711.9599999967127,0.0010529136065401544,2.578330239379644e-06,0.0,137325.00000000003
dry_high_load,950.0,False,10,0.04605892268949954,0.0031092323323570954,1737.9999999967017,0.0010529046844583968,2.5872523211371083e-06,0.0,137324.99999999997
dry_high_load,951.0,False,10,0.046217555427121804,0.0031096839544640137,1764.0399999966908,0.0010528957736351588,2.596163144375167e-06,0.0,137324.99999999997
dry_high_load,952.0,False,10,0.046375987990636164,0.0031101350066819315,1790.0799999966798,0.0010528868740562333,2.605062723300613e-06,0.0,137324.99999999997
dry_high_load,953.0,False,10,0.04653422063263681,0.0031105854897299752,1816.1199999966689,0.0010528779857074315,2.6139510721023354e-06,0.0,137324.99999999997
dry_high_load,954.0,False,10,0.04669225360539881,0.003111035404326364,1842.159999996658,0.0010528691085745826,2.622828204951296e-06,0.0,137324.99999999997
dry_high_load,955.0,False,10,0.04685008716087917,0.0031114847511884113,1868.199999996647,0.0010528602426435334,2.63169413600059e-06,0.0,137324.99999999997
dry_high_load,956.0,False,10,0.047007721550716766,0.0031119335310325234,1894.239999996636,0.0010528513879001485,2.6405488793854444e-06,0.0,137324.99999999997
dry_high_load,957.0,False,10,0.047165157026233105,0.0031123817445742057,1920.279999996625,0.0010528425443303107,2.6493924492232563e-06,0.0,137324.99999999997
dry_high_load,958.0,False,10,0.04732239383843236,0.003112829392528058,1946.3199999966141,0.0010528337119199203,2.658224859613599e-06,0.0,137324.99999999997
dry_high_load,959.0,False,10,0.047479432238002155,0.0031132764756077796,1972.3599999966032,0.0010528248906548957,2.667046124638263e-06,0.0,137324.99999999997
dry_high_load,960.0,False,10,0.047636272475313705,0.003113722994526169,1998.3999999965922,0.0010528160805211727,2.6758562583612676e-06,0.0,137324.99999999997
dry_high_load,961.0,False,10,0.04779291480042225,0.003114168949995125,2024.4399999965813,0.001052807281504705,2.68465527482888e-06,0.0,137324.99999999997
dry_high_load,962.0,False,10,0.04794935946306757,0.003114614342725649,2050.4799999965726,0.0010527984935914643,2.693443188069649e-06,0.0,137324.99999999997
dry_high_load,963.0,False,10,0.04810560671267423,0.0031150591734278436,2076.5199999965844,0.0010527897167674398,2.7022200120944165e-06,0.0,137325.00000000003
dry_high_load,964.0,False,10,0.04826165679835209,0.0031155034428109168,2102.559999996596,0.0010527809510186377,2.7109857608963476e-06,0.0,137324.99999999997
dry_high_load,965.0,False,10,0.048417509968896696,0.003115947151583181,2128.599999996608,0.0010527721963310831,2.7197404484509487e-06,0.0,137325.00000000003
dry_high_load,966.0,False,10,0.04857316647278959,0.003116390300452055,2154.6399999966197,0.001052763452690818,2.728484088716091e-06,0.0,137325.00000000003
dry_high_load,967.0,False,10,0.04872862655819878,0.0031168328901240647,2180.6799999966315,0.001052754720083902,2.7372166956320318e-06,0.0,137324.99999999997
dry_high_load,968.0,False,10,0.048883890472979113,0.0031172749213048442,2206.7199999966433,0.0010527459984964126,2.7459382831214373e-06,0.0,137325.00000000003
dry_high_load,969.0,False,10,0.04903895846467274,0.003117716394699139,2232.759999996655,0.0010527372879144447,2.7546488650894102e-06,0.0,137325.00000000003
dry_high_load,970.0,False,10,0.04919383078050934,0.003118157311010802,2258.799999996667,0.0010527285883241105,2.763348455423499e-06,0.0,137324.99999999997
dry_high_load,971.0,False,10,0.049348507667406685,0.003118597670942801,2284.8399999966787,0.0010527198997115402,2.772037067993733e-06,0.0,137324.99999999997
dry_high_load,972.0,False,11,0.035216656518966244,0.003078364762616432,10.87999999668563,0.0010535137234171498,1.978213362384089e-06,0.0,137324.99999999997
dry_high_load,973.0,False,11,0.03538897080170698,0.003078855335625446,36.919999996685625,0.001053504044065095,1.9878927144390965e-06,0.0,137324.99999999997
dry_high_load,974.0,False,11,0.03556106764599006,0.003079345289594432,62.95999999668533,0.001053494376927137,1.9975598523969995e-06,0.0,137324.99999999997
dry_high_load,975.0,False,11,0.035732947326194836,0.003079834625304539,88.99999999668573,0.0010534847219878637,2.007214791670416e-06,0.0,137325.00000000003
dry_high_load,976.0,False,11,0.03590461011635445,0.0030803233435359296,115.03999999668615,0.0010534750792318814,2.0168575476525177e-06,0.0,137324.99999999997
dry_high_load,977.0,False,11,0.0360760562901562,0.0030808114450677827,141.07999999668655,0.0010534654486438167,2.026488135717049e-06,0.0,137324.99999999994
dry_high_load,978.0,False,11,0.03624728612094202,0.0030812989306782932,167.11999999668697,0.0010534558302083155,2.0361065712183533e-06,0.0,137324.99999999997
dry_high_load,979.0,False,11,0.036418299881709075,0.003081785801144676,193.1599999966874,0.0010534462239100426,2.0457128694914093e-06,0.0,137325.00000000003
dry_high_load,980.0,False,11,0.03658909784510985,0.0030822720572431625,219.1999999966878,0.0010534366297336821,2.0553070458518323e-06,0.0,137324.99999999997
dry_high_load,981.0,False,11,0.036759680283452834,0.0030827576997490063,245.23999999668823,0.0010534270476639383,2.064889115595915e-06,0.0,137325.00000000003
dry_high_load,982.0,False,11,0.03693004746870303,0.003083242729436483,271.2799999966886,0.0010534174776855333,2.0744590940006567e-06,0.0,137324.99999999997
dry_high_load,983.0,False,11,0.037100199672482105,0.00308372714707889,297.31999999668903,0.0010534079197832102,2.0840169963237687e-06,0.0,137324.99999999997
dry_high_load,984.0,False,11,0.03727013716606901,0.0030842109534485493,323.35999999668945,0.00105339837394173,2.0935628378037122e-06,0.0,137324.99999999997
dry_high_load,985.0,False,11,0.037439860220400356,0.0030846941493168087,349.39999999668987,0.0010533888401458742,2.1030966336597186e-06,0.0,137324.99999999997
dry_high_load,986.0,False,11,0.03760936910607093,0.0030851767354540425,375.4399999966903,0.0010533793183804421,2.112618399091817e-06,0.0,137324.99999999997
dry_high_load,987.0,False,11,0.03777866409333407,0.003085658712629653,401.4799999966907,0.0010533698086302532,2.1221281492808566e-06,0.0,137325.00000000003
dry_high_load,988.0,False,11,0.037947745452101965,0.0030861400816120706,427.5199999966911,0.0010533603108801456,2.131625899388524e-06,0.0,137325.00000000003
dry_high_load,989.0,False,11,0.038116613451946356,0.003086620843168758,453.55999999669154,0.0010533508251149768,2.141111664557382e-06,0.0,137325.00000000003
dry_high_load,990.0,False,11,0.03828526836209872,0.0030871009980662075,479.59999999669196,0.001053341351319623,2.15058545991088e-06,0.0,137324.99999999997
dry_high_load,991.0,False,11,0.03845371045145089,0.0030875805470699457,505.6399999966924,0.0010533318894789805,2.1600473005533862e-06,0.0,137324.99999999997
dry_high_load,992.0,False,11,0.03862193998855526,0.0030880594909445318,531.6799999966928,0.0010533224395779639,2.1694972015702057e-06,0.0,137325.00000000003
dry_high_load,993.0,False,11,0.038789957241625525,0.0030885378304535615,557.7199999966932,0.0010533130016015064,2.178935178027615e-06,0.0,137325.00000000003
dry_high_load,994.0,False,11,0.03895776247853673,0.003089015566359666,583.7599999966936,0.001053303575534561,2.1883612449728683e-06,0.0,137324.99999999997
dry_high_load,995.0,False,11,0.039125355966825995,0.003089492699424514,609.799999996694,0.0010532941613620999,2.1977754174342382e-06,0.0,137325.00000000003
dry_high_load,996.0,False,11,0.03929273797369296,0.0030899692304088154,635.8399999966945,0.001053284759069113,2.2071777104210406e-06,0.0,137324.99999999997
dry_high_load,997.0,False,11,0.03945990876599984,0.0030904451600723168,661.8799999966949,0.0010532753686406104,2.216568138923636e-06,0.0,137325.00000000003
dry_high_load,998.0,False,11,0.0396268686102723,0.0030909204891738083,687.9199999966953,0.0010532659900616204,2.2259467179134802e-06,0.0,137324.99999999997
dry_high_load,999.0,False,11,0.039793617772699616,0.0030913952184711217,713.9599999966957,0.0010532566233171909,2.2353134623431342e-06,0.0,137324.99999999997
dry_high_load,1000.0,False,11,0.03996015651913514,0.003091869348721133,739.9999999966959,0.0010532472683923875,2.244668387146289e-06,0.0,137324.99999999994
nominal,0.0,False,0,0.0,0.001978066785327398,0.0,0.001055491936779534,0.0,0.0,137324.99999999997
nominal,1.0,False,0,0.00028123427268534506,0.001978342304398896,26.040000000000042,0.001055481685463855,1.579767789389369e-08,0.0,137325.72161062024
nominal,2.0,False,0,0.0005621184759033643,0.0019786174805149865,52.07999999999983,0.0010554714327212784,3.157569145373416e-08,0.0,137326.44047716138
nominal,3.0,False,0,0.0008426530454068936,0.001978892314102567,78.11999999999992,0.0010554611785535814,4.73340651569184e-08,0.0,137327.1566030392
nominal,4.0,False,0,0.0011228384164063624,0.001979166805588004,104.16000000000034,0.0010554509229625372,6.3072823450375e-08,0.0,137327.8699916652
nominal,5.0,False,0,0.0014026750235704637,0.0019794409553971323,130.20000000000076,0.0010554406659499178,7.879199075060178e-08,0.0,137328.58064644653
nominal,6.0,False,0,0.0016821633010268339,0.0019797147639552576,156.24000000000117,0.0010554304075174935,9.449159144370394e-08,0.0,137329.28857078636
nominal,7.0,False,0,0.0019613036823627255,0.001979988231687156,182.2800000000016,0.0010554201476670301,1.1017164988543191e-07,0.0,137329.99376808316
nominal,8.0,False,0,0.0022400966006256785,0.001980261359017074,208.320000000002,0.0010554098864002939,1.25832190401219e-07,0.0,137330.6962417316
nominal,9.0,False,0,0.002518542488324192,0.0019805341463687317,234.36000000000243,0.0010553996237190467,1.414732372862192e-07,0.0,137331.39599512197
nominal,10.0,False,0,0.0027966417774283863,0.00198080659416532,260.4000000000028,0.0010553893596250516,1.570948148053443e-07,0.0,137332.09303164048
nominal,11.0,False,0,0.003074394899370697,0.0019810787028295045,286.44000000000324,0.0010553790941200637,1.726969471933029e-07,0.0,137332.7873546686
nominal,12.0,False,0,0.0033518022850465186,0.0019813504727834233,312.48000000000366,0.0010553688272058415,1.8827965865463658e-07,0.0,137333.4789675843
nominal,13.0,False,0,0.0036288643648148917,0.0019816219044486902,338.5200000000041,0.0010553585588841397,2.038429733637585e-07,0.0,137334.167873761
nominal,14.0,False,0,0.003905581568499155,0.001981892998246394,364.5600000000045,0.0010553482891567094,2.1938691546499003e-07,0.0,137334.85407656792
nominal,15.0,False,0,0.004181954325387626,0.0019821637545970982,390.6000000000049,0.0010553380180252996,2.3491150907259895e-07,0.0,137335.53757936996
nominal,16.0,False,0,0.004457983064234259,0.0019824341739208442,416.64000000000533,0.0010553277454916586,2.5041677827083646e-07,0.0,137336.21838552805
nominal,17.0,False,0,0.004733668213259311,0.0019827042566371504,442.68000000000575,0.0010553174715575314,2.6590274711397456e-07,0.0,137336.89649839886
nominal,18.0,False,0,0.0050090102001499985,0.001982974003165012,468.72000000000617,0.001055307196224661,2.8136943962634287e-07,0.0,137337.57192133486
nominal,19.0,False,0,0.005284009452061196,0.0019832434139229033,494.7600000000066,0.0010552969194947907,2.968168798023681e-07,0.0,137338.24465768458
nominal,20.0,False,0,0.005558666395616047,0.0019835124893287782,520.800000000007,0.0010552866413696567,3.1224509160660803e-07,0.0,137338.91471079193
nominal,21.0,False,0,0.005832981456906652,0.0019837812298000696,546.8400000000074,0.0010552763618509968,3.276540989737905e-07,0.0,137339.58208399694
nominal,22.0,False,0,0.006106955061494743,0.001984049635753691,572.8800000000078,0.0010552660809405464,3.4304392580885106e-07,0.0,137340.24678063559
nominal,23.0,False,0,0.006380587634412323,0.001984317707606037,598.9200000000083,0.0010552557986400386,3.584145959869689e-07,0.0,137340.90880403967
nominal,24.0,False,0,0.006653879600162327,0.0019845854457729837,624.9600000000087,0.0010552455149512006,3.7376613335360427e-07,0.0,137341.56815753636
nominal,25.0,False,0,0.006926831382719296,0.0019848528506698896,651.0000000000091,0.0010552352298757624,3.890985617245359e-07,0.0,137342.22484444917
nominal,26.0,False,0,0.007199443405530011,0.0019851199227115964,677.0400000000095,0.0010552249434154502,4.0441190488589697e-07,0.0,137342.8788680975
nominal,27.0,False,0,0.007471716091514163,0.0019853866623124293,703.0800000000099,0.0010552146555719885,4.197061865942125e-07,0.0,137343.53023179647
nominal,28.0,False,0,0.007743649863065025,0.001985653069886198,729.1200000000104,0.0010552043663470975,4.349814305764373e-07,0.0,137344.17893885702
nominal,29.0,False,0,0.008015245142050076,0.0019859191458461967,755.1600000000108,0.0010551940757424969,4.5023766052999087e-07,0.0,137344.82499258593
nominal,30.0,False,0,0.008286502349811679,0.001986184890605205,781.2000000000112,0.0010551837837599054,4.654749001227958e-07,0.0,137345.46839628616
nominal,31.0,False,0,0.008557421907167724,0.0019864503045754892,807.2400000000116,0.0010551734904010361,4.80693172993313e-07,0.0,137346.10915325614
nominal,32.0,False,0,0.008828004234412273,0.0019867153881688022,833.280000000012,0.0010551631956676045,4.958925027505794e-07,0.0,137346.74726679065
nominal,33.0,False,0,0.009098249751316245,0.0019869801417963843,859.3200000000124,0.0010551528995613201,5.110729129742449e-07,0.0,137347.38274017992
nominal,34.0,False,0,0.009368158877128033,0.0019872445658689645,885.3600000000129,0.0010551426020838936,5.262344272146082e-07,0.0,137348.01557671066
nominal,35.0,False,0,0.009637732030574156,0.0019875086607967596,911.4000000000133,0.0010551323032370293,5.413770689926525e-07,0.0,137348.64577966472
nominal,36.0,False,0,0.00990696962985992,0.001987772426989476,937.4400000000137,0.0010551220030224327,5.565008618000835e-07,0.0,137349.27335232036
nominal,37.0,False,0,0.010175872092670084,0.0019880358648563107,963.4800000000141,0.0010551117014418066,5.716058290993663e-07,0.0,137349.8982979518
nominal,38.0,False,0,0.010444439836169493,0.0019882989748059507,989.5200000000145,0.001055101398496853,5.866919943237608e-07,0.0,137350.5206198292
nominal,39.0,False,0,0.010712673277003685,0.0019885617572465747,1015.560000000015,0.0010550910941892683,6.017593808773561e-07,0.0,137351.1403212183
nominal,40.0,False,0,0.010980572831299603,0.001988824212585853,1041.6000000000076,0.001055080788520749,6.168080121351109e-07,0.0,137351.757405381
nominal,41.0,False,0,0.011248138914666195,0.001989086341230949,1067.6399999999967,0.0010550704814929878,6.318379114428861e-07,0.0,137352.37187557502
nominal,42.0,False,0,0.01151537194219509,0.001989348143588519,1093.6799999999857,0.0010550601731076788,6.468491021174837e-07,0.0,137352.98373505427
nominal,43.0,False,0,0.011782272328461229,0.001989609620064712,1119.7199999999748,0.0010550498633665098,6.618416074466821e-07,0.0,137353.59298706832
nominal,44.0,False,0,0.012048840487523478,0.0019898707710651734,1145.7599999999638,0.0010550395522711698,6.768154506892703e-07,0.0,137354.19963486298
nominal,45.0,False,0,0.01231507683292533,0.001990131596995042,1171.799999999953,0.0010550292398233438,6.917706550750871e-07,0.0,137354.8036816798
nominal,46.0,False,0,0.012580981777695507,0.001990392098258954,1197.839999999942,0.0010550189260247148,7.067072438050556e-07,0.0,137355.4051307563
nominal,47.0,False,0,0.012846555734348591,0.00199065227526104,1223.879999999931,0.0010550086108769652,7.216252400512186e-07,0.0,137356.00398532616
nominal,48.0,False,0,0.013111799114885712,0.001990912128404929,1249.91999999992,0.0010549982943817745,7.36524666956776e-07,0.0,137356.60024861892
nominal,49.0,False,0,0.013376712330795144,0.001991171658093747,1275.959999999909,0.0010549879765408194,7.5140554763612e-07,0.0,137357.19392386012
nominal,50.0,False,0,0.013641295793052944,0.001991430864730118,1301.9999999998981,0.001054977657355776,7.6626790517487e-07,0.0,137357.78501427133
nominal,51.0,False,0,0.013905549912123621,0.001991689748716165,1328.0399999998872,0.001054967336828316,7.811117626299103e-07,0.0,137358.37352306984
nominal,52.0,False,0,0.014169475097960732,0.0019919483104535113,1354.0799999998762,0.0010549570149601126,7.959371430294236e-07,0.0,137358.95945346946
nominal,53.0,False,0,0.014433071760007564,0.001992206550343279,1380.1199999998653,0.0010549466917528327,8.107440693729297e-07,0.0,137359.54280867946
nominal,54.0,False,0,0.014696340307197733,0.0019924644687860913,1406.1599999998543,0.0010549363672081428,8.255325646313185e-07,0.0,137360.12359190523
nominal,55.0,False,0,0.014959281147955828,0.0019927220661820734,1432.1999999998434,0.001054926041327709,8.403026517468866e-07,0.0,137360.70180634846
nominal,56.0,False,0,0.015221894690198048,0.0019929793429308514,1458.2399999998324,0.0010549157141131926,8.550543536333729e-07,0.0,137361.27745520652
nominal,57.0,False,0,0.015484181341332849,0.0019932362994315544,1484.2799999998215,0.0010549053855662552,8.697876931759953e-07,0.0,137361.85054167305
nominal,58.0,False,0,0.01574614150826153,0.001993492936082815,1510.3199999998105,0.0010548950556885557,8.84502693231483e-07,0.0,137362.42106893772
nominal,59.0,False,0,0.016007775597378912,0.0019937492532827693,1536.3599999997996,0.0010548847244817505,8.991993766281154e-07,0.0,137362.98904018602
nominal,60.0,False,0,0.016269084014573963,0.0019940052514290578,1562.3999999997886,0.0010548743919474937,9.138777661657563e-07,0.0,137363.5544585996
nominal,61.0,False,0,0.016530067165230405,0.001994260930918826,1588.4399999997777,0.0010548640580874367,9.285378846158887e-07,0.0,137364.11732735598
nominal,62.0,False,0,0.016790725454227346,0.001994516292148725,1614.4799999997667,0.001054853722903231,9.431797547216502e-07,0.0,137364.67764962907
nominal,63.0,False,0,0.01705105928593994,0.001994771335514913,1640.5199999997558,0.001054843386396525,9.578033991978698e-07,0.0,137365.23542858858
nominal,64.0,False,0,0.017311069064239987,0.001995026061413053,1666.5599999997448,0.001054833048568963,9.72408840731102e-07,0.0,137365.79066740017
nominal,65.0,False,0,0.017570755192496512,0.0019952804702383182,1692.5999999997339,0.0010548227094221922,9.869961019796586e-07,0.0,137366.34336922606
nominal,66.0,False,0,0.017830118073576488,0.001995534562385388,1718.639999999723,0.0010548123689578521,1.0015652055736503e-06,0.0,137366.89353722383
nominal,67.0,False,0,0.018089158109845415,0.0019957883382484515,1744.679999999712,0.0010548020271775836,1.0161161741150187e-06,0.0,137367.44117454765
nominal,68.0,False,0,0.018347875703167954,0.0019960417982212058,1770.719999999701,0.0010547916840830255,1.0306490301775715e-06,0.0,137367.9862843477
nominal,69.0,False,0,0.018606271254908536,0.0019962949426968594,1796.75999999969,0.0010547813396758116,1.0451637963070176e-06,0.0,137368.52886976983
nominal,70.0,False,0,0.018864345165931936,0.001996547772068131,1822.7999999996791,0.001054770993957578,1.0596604950209987e-06,0.0,137369.0689339566
nominal,71.0,False,0,0.019122097836604023,0.0019968002867272504,1848.8399999996682,0.0010547606469299559,1.0741391488091315e-06,0.0,137369.60648004623
nominal,72.0,False,0,0.01937952966679224,0.0019970524870659583,1874.8799999996572,0.0010547502985945758,1.0885997801330353e-06,0.0,137370.14151117325
nominal,73.0,False,0,0.01963664105586634,0.001997304373475509,1900.9199999996463,0.0010547399489530646,1.1030424114263723e-06,0.0,137370.67403046798
nominal,74.0,False,0,0.01989343240269894,0.001997555946346669,1926.9599999996353,0.0010547295980070485,1.1174670650948793e-06,0.0,137371.20404105727
nominal,75.0,False,0,0.020149904105666163,0.001997807206069719,1952.9999999996244,0.0010547192457581516,1.1318737635164037e-06,0.0,137371.73154606376
nominal,76.0,False,0,0.02040605656264822,0.001998058153034453,1979.0399999996134,0.0010547088922079955,1.1462625290409367e-06,0.0,137372.25654860632
nominal,77.0,False,0,0.020661890171030085,0.0019983087876301814,2005.0799999996025,0.001054698537358199,1.1606333839906502e-06,0.0,137372.77905179982
nominal,78.0,False,0,0.020917405327702088,0.001998559110245728,2031.1199999995915,0.0010546881812103807,1.1749863506599306e-06,0.0,137373.29905875542
nominal,79.0,False,0,0.021172602429060508,0.001998809121269434,2057.1599999995888,0.0010546778237661581,1.1893214513154126e-06,0.0,137373.8165725806
nominal,80.0,False,0,0.02142748187100824,0.001999058821089157,2083.1999999996005,0.0010546674650271412,1.2036387081960155e-06,0.0,137374.33159637824
nominal,81.0,False,0,0.021682044048955285,0.001999308210092271,2109.2399999996123,0.0010546571049949455,1.2179381435129723e-06,0.0,137374.84413324826
nominal,82.0,False,0,0.02193628935781955,0.0019995572886656685,2135.279999999624,0.0010546467436711772,1.232219779449873e-06,0.0,137375.3541862859
nominal,83.0,False,0,0.022190218192027312,0.001999806057195761,2161.319999999636,0.0010546363810574467,1.246483638162692e-06,0.0,137375.86175858325
nominal,84.0,False,0,0.022443830945513908,0.0020000545160684777,2187.3599999996477,0.0010546260171553573,1.2607297417798258e-06,0.0,137376.36685322798
nominal,85.0,False,0,0.02269712801172428,0.002000302665669268,2213.3999999996595,0.0010546156519665156,1.2749581124021248e-06,0.0,137376.86947330445
nominal,86.0,False,0,0.02295010978361368,0.0020005505063831024,2239.4399999996713,0.001054605285492521,1.2891687721029311e-06,0.0,137377.36962189272
nominal,87.0,False,0,0.02320277665364819,0.0020007980385944703,2265.479999999683,0.0010545949177349738,1.3033617429281099e-06,0.0,137377.86730206927
nominal,88.0,False,0,0.023455129013805344,0.002001045262687384,2291.519999999695,0.0010545845486954737,1.317537046896083e-06,0.0,137378.36251690687
nominal,89.0,False,1,0.016901558292018597,0.0019946248726580213,17.559999999698757,0.0010545445490451968,9.494055303171137e-07,0.0,137325.26252576953
nominal,90.0,False,1,0.01716175416333212,0.001994879780867421,43.59999999969866,0.0010545342119761573,9.640214251903926e-07,0.0,137325.81922330282
nominal,91.0,False,1,0.01742162615296082,0.0019951343717770106,69.63999999969852,0.001054523873586964,9.786191267670874e-07,0.0,137326.37338203457
nominal,92.0,False,1,0.01768117466405998,0.001995388645781754,95.67999999969894,0.0010545135338792591,9.93198657693504e-07,0.0,137326.92500512482
nominal,93.0,False,1,0.017940400099283094,0.0019956426032761215,121.71999999969935,0.0010545031928546843,1.0077600405877608e-06,0.0,137327.4740957299
nominal,94.0,False,1,0.018199302860782404,0.001995896244654092,147.75999999969977,0.001054492850514878,1.0223032980398203e-06,0.0,137328.02065700202
nominal,95.0,False,1,0.0184578833502096,0.0019961495703091567,173.7999999997002,0.0010544825068614793,1.0368284526115271e-06,0.0,137328.56469208992
nominal,96.0,False,1,0.018716141968716394,0.0019964025806343136,199.8399999997006,0.0010544721618961225,1.0513355268366415e-06,0.0,137329.10620413796
nominal,97.0,False,1,0.01897407911695518,0.001996655276022073,225.87999999970103,0.0010544618156204382,1.0658245432208747e-06,0.0,137329.64519628632
nominal,98.0,False,1,0.01923169519507964,0.0019969076568644582,251.91999999970145,0.0010544514680360605,1.0802955242419244e-06,0.0,137330.18167167215
nominal,99.0,False,1,0.019488990602745327,0.001997159723553002,277.95999999970184,0.0010544411191446166,1.0947484923495074e-06,0.0,137330.71563342804
nominal,100.0,False,1,0.019745965739110336,0.0019974114764787507,303.99999999970225,0.0010544307689477341,1.1091834699653965e-06,0.0,137331.2470846828
nominal,101.0,False,1,0.02000262100283594,0.0019976629160322647,330.0399999997027,0.0010544204174470389,1.123600479483457e-06,0.0,137331.7760285616
nominal,102.0,False,1,0.02025895679208708,0.0019979140426036168,356.0799999997031,0.0010544100646441516,1.1379995432696738e-06,0.0,137332.30246818528
nominal,103.0,False,1,0.020514973504533178,0.0019981648565823955,382.1199999997035,0.0010543997105406954,1.1523806836621967e-06,0.0,137332.8264066712
nominal,104.0,False,1,0.02077067153734862,0.001998415358357704,408.1599999997039,0.0010543893551382888,1.166743922971369e-06,0.0,137333.3478471327
nominal,105.0,False,1,0.021026051287213358,0.0019986655483181606,434.19999999970435,0.0010543789984385494,1.1810892834797595e-06,0.0,137333.86679267936
nominal,106.0,False,1,0.021281113150313623,0.0019989154268519,460.23999999970476,0.0010543686404430892,1.1954167874422035e-06,0.0,137334.3832464163
nominal,107.0,False,1,0.02153585752234248,0.001999164994346575,486.2799999997052,0.001054358281153523,1.2097264570858345e-06,0.0,137334.8972114455
nominal,108.0,False,1,0.02179028479850045,0.001999414251189354,512.3199999997056,0.0010543479205714606,1.2240183146101176e-06,0.0,137335.40869086474
nominal,109.0,False,1,0.02204439537349614,0.001999663197766925,538.359999999706,0.0010543375586985122,1.2382923821868866e-06,0.0,137335.9176877681
nominal,110.0,False,1,0.022298189641546815,0.0019999118344654937,564.3999999997064,0.0010543271955362854,1.2525486819603742e-06,0.0,137336.42420524583
nominal,111.0,False,1,0.022551667996379,0.0020001601616707857,590.4399999997069,0.0010543168310863831,1.2667872360472483e-06,0.0,137336.928246384
nominal,112.0,False,1,0.02280483083122919,0.0020004081797680455,616.4799999997073,0.0010543064653504091,1.2810080665366493e-06,0.0,137337.4298142652
nominal,113.0,False,1,0.02305767853884438,0.0020006558891420396,642.5199999997077,0.0010542960983299645,1.295211195490222e-06,0.0,137337.92891196802
nominal,114.0,False,1,0.023310211511482645,0.0020009032901770543,668.5599999997081,0.0010542857300266473,1.3093966449421467e-06,0.0,137338.42554256713
nominal,115.0,False,1,0.023562430140913842,0.002001150383256898,694.5999999997085,0.0010542753604420535,1.3235644368991796e-06,0.0,137338.91970913345
nominal,116.0,False,1,0.023814334818420133,0.002001397168764901,720.639999999709,0.0010542649895777796,1.3377145933406811e-06,0.0,137339.41141473423
nominal,117.0,False,1,0.02406592593479667,0.0020016436470839177,746.6799999997094,0.0010542546174354174,1.3518471362186556e-06,0.0,137339.90066243272
nominal,118.0,False,1,0.02431720388035212,0.0020018898185963237,772.7199999997098,0.0010542442440165582,1.3659620874577804e-06,0.0,137340.38745528844
nominal,119.0,False,1,0.02456816904490932,0.002002135683684021,798.7599999997102,0.001054233869322792,1.380059468955442e-06,0.0,137340.87179635718
nominal,120.0,False,1,0.024818821817805887,0.002002381242728434,824.7999999997106,0.001054223493355706,1.3941393025817708e-06,0.0,137341.3536886909
nominal,121.0,False,1,0.02506916258789482,0.0020026264961105146,850.839999999711,0.0010542131161168828,1.4082016101796752e-06,0.0,137341.83313533742
nominal,122.0,False,1,0.02531919174354498,0.0020028714442107388,876.8799999997115,0.001054202737607908,1.4222464135648683e-06,0.0,137342.3101393413
nominal,123.0,False,1,0.025568909672641936,0.0020031160874091096,902.9199999997119,0.001054192357830362,1.436273734525915e-06,0.0,137342.78470374295
nominal,124.0,False,1,0.02581831676258836,0.0020033604260851568,928.9599999997123,0.0010541819767858215,1.4502835948242553e-06,0.0,137343.2568315789
nominal,125.0,False,1,0.02606741340030472,0.0020036044606179383,954.9999999997127,0.0010541715944758657,1.4642760161942415e-06,0.0,137343.7265258823
nominal,126.0,False,1,0.026316199972229844,0.0020038481913860397,981.0399999997131,0.001054161210902069,1.4782510203431719e-06,0.0,137344.19378968218
nominal,127.0,False,1,0.026564676864321585,0.0020040916187675753,1007.0799999997136,0.0010541508260660053,1.4922086289513267e-06,0.0,137344.65862600406
nominal,128.0,False,1,0.026812844462057336,0.0020043347431401887,1033.11999999971,0.0010541404399692453,1.5061488636719972e-06,0.0,137345.12103786948
nominal,129.0,False,1,0.02706070315043461,0.0020045775648810543,1059.159999999699,0.0010541300526133587,1.520071746131519e-06,0.0,137345.5810282964
nominal,130.0,False,1,0.027308253313971804,0.0020048200843668755,1085.199999999688,0.001054119663999913,1.5339772979293141e-06,0.0,137346.03860029898
nominal,131.0,False,1,0.02755549533670858,0.002005062301973888,1111.2399999996771,0.0010541092741304724,1.547865540637913e-06,0.0,137346.49375688733
nominal,132.0,False,1,0.027802429602206632,0.0020053042180778586,1137.2799999996662,0.0010540988830066017,1.561736495802997e-06,0.0,137346.9465010684
nominal,133.0,False,1,0.02804905649355018,0.002005545833054087,1163.3199999996552,0.0010540884906298609,1.575590184943427e-06,0.0,137347.39683584476
nominal,134.0,False,1,0.02829537639334657,0.002005787147277405,1189.3599999996443,0.0010540780970018106,1.5894266295512763e-06,0.0,137347.84476421567
nominal,135.0,False,1,0.028541389683726937,0.0020060281611221776,1215.3999999996333,0.0010540677021240084,1.6032458510918679e-06,0.0,137348.29028917657
nominal,136.0,False,1,0.028787096746346746,0.002006268874962305,1241.4399999996224,0.0010540573059980094,1.6170478710038058e-06,0.0,137348.73341371905
nominal,137.0,False,1,0.029032497962386383,0.0020065092891712213,1267.4799999996114,0.0010540469086253678,1.6308327106990071e-06,0.0,137349.17414083116
nominal,138.0,False,1,0.02927759371255173,0.002006749404121895,1293.5199999996005,0.001054036510007635,1.6446003915627347e-06,0.0,137349.61247349702
nominal,139.0,False,1,0.029522384377074842,0.002006989220186832,1319.5599999995895,0.001054026110146361,1.6583509349536358e-06,0.0,137350.04841469723
nominal,140.0,False,1,0.029766870335714433,0.0020072287377380735,1345.5999999995786,0.0010540157090430944,1.672084362203768e-06,0.0,137350.4819674086
nominal,141.0,False,1,0.0300110519677565,0.002007467957147197,1371.6399999995676,0.0010540053066993794,1.6858006946186362e-06,0.0,137350.91313460408
nominal,142.0,False,1,0.030254929652014963,0.002007706878785319,1397.6799999995567,0.0010539949031167632,1.6994999534772263e-06,0.0,137351.34191925338
nominal,143.0,False,1,0.030498503766832153,0.002007945503023093,1423.7199999995457,0.0010539844982967853,1.713182160032035e-06,0.0,137351.76832432198
nominal,144.0,False,1,0.030741774690079517,0.002008183830230711,1449.7599999995348,0.0010539740922409857,1.726847335509107e-06,0.0,137352.19235277176
nominal,145.0,False,1,0.030984742799158086,0.002008421860777905,1475.7999999995238,0.0010539636849509054,1.7404955011080636e-06,0.0,137352.61400756144
nominal,146.0,False,1,0.031227408470999158,0.002008659595033946,1501.8399999995129,0.0010539532764280777,1.7541266780021388e-06,0.0,137353.0332916452
nominal,147.0,False,1,0.031469772082064834,0.0020088970333676463,1527.879999999502,0.001053942866674038,1.7677408873382118e-06,0.0,137353.45020797424
nominal,148.0,False,1,0.031711834008348594,0.0020091341761473576,1553.919999999491,0.001053932455690318,1.781338150236837e-06,0.0,137353.86475949563
nominal,149.0,False,1,0.0319535946253759,0.0020093710237409747,1579.95999999948,0.00105392204347845,1.7949184877922795e-06,0.0,137354.27694915317
nominal,150.0,False,1,0.032195054308204754,0.0020096075765159336,1605.999999999469,0.001053911630039962,1.8084819210725461e-06,0.0,137354.6867798869
nominal,151.0,False,1,0.03243621343142634,0.002009843834839213,1632.0399999994581,0.001053901215376382,1.8220284711194208e-06,0.0,137355.09425463312
nominal,152.0,False,1,0.03267707236916555,0.002010079799077335,1658.0799999994472,0.0010538907994892329,1.8355581589484949e-06,0.0,137355.4993763242
nominal,153.0,False,1,0.03291763149508158,0.0020103154695963648,1684.1199999994362,0.0010538803823800392,1.8490710055492005e-06,0.0,137355.9021478894
nominal,154.0,False,1,0.033157891182368476,0.002010550846761913,1710.1599999994253,0.0010538699640503218,1.8625670318848406e-06,0.0,137356.30257225398
nominal,155.0,False,1,0.03339785180375582,0.0020107859309391346,1736.1999999994143,0.0010538595445016,1.8760462588926283e-06,0.0,137356.7006523396
nominal,156.0,False,1,0.033637513731509194,0.00201102072249273,1762.2399999994034,0.001053849123735391,1.8895087074837124e-06,0.0,137357.09639106444
nominal,157.0,False,1,0.03387687733743076,0.0020112552217869456,1788.2799999993924,0.0010538387017532103,1.9029543985432105e-06,0.0,137357.48979134287
nominal,158.0,False,1,0.034115942992859964,0.0020114894291855747,1814.3199999993815,0.0010538282785565727,1.916383352930248e-06,0.0,137357.8808560858
nominal,159.0,False,1,0.034354711068673965,0.002011723345051957,1840.3599999993705,0.0010538178541469882,1.9297955914779823e-06,0.0,137358.2695882003
nominal,160.0,False,1,0.03459318193528825,0.0020119569697489813,1866.3999999993596,0.0010538074285259666,1.9431911349936375e-06,0.0,137358.65599058976
nominal,161.0,False,1,0.03483135596265726,0.002012190303639083,1892.4399999993486,0.0010537970016950178,1.9565700042585395e-06,0.0,137359.0400661546
nominal,162.0,False,1,0.03506923352027493,0.0020124233470842482,1918.4799999993377,0.0010537865736556466,1.9699322200281464e-06,0.0,137359.42181779083
nominal,163.0,False,1,0.03530681497717523,0.0020126561004460107,1944.5199999993267,0.0010537761444093562,1.983277803032079e-06,0.0,137359.80124839116
nominal,164.0,False,1,0.035544100701932806,0.002012888564085455,1970.5599999993158,0.0010537657139576503,1.996606773974157e-06,0.0,137360.17836084482
nominal,165.0,False,1,0.03578109106266359,0.002013120738363217,1996.5999999993048,0.001053755282302029,2.0099191535324313e-06,0.0,137360.55315803736
nominal,166.0,False,1,0.036017786427025175,0.002013352623639482,2022.6399999992939,0.0010537448494439918,2.0232149623592087e-06,0.0,137360.9256428508
nominal,167.0,False,1,0.03625418716221749,0.002013584220273988,2048.6799999992836,0.0010537344153850325,2.0364942210810865e-06,0.0,137361.29581816317
nominal,168.0,False,1,0.036490293634983455,0.002013815528626025,2074.7199999992954,0.001053723980126649,2.0497569502989914e-06,0.0,137361.6636868496
nominal,169.0,False,1,0.03672610621160952,0.002014046549054436,2100.759999999307,0.0010537135436703335,2.0630031705882083e-06,0.0,137362.02925178123
nominal,170.0,False,1,0.03696162525792617,0.0020142772819176165,2126.799999999319,0.0010537031060175765,2.076232902498409e-06,0.0,137362.39251582554
nominal,171.0,False,1,0.03719685113930844,0.0020145077275735175,2152.8399999993308,0.0010536926671698664,2.089446166553683e-06,0.0,137362.75348184654
nominal,172.0,False,1,0.03743178422067667,0.002014737886379643,2178.8799999993425,0.0010536822271286926,2.1026429832525765e-06,0.0,137363.1121527049
nominal,173.0,False,1,0.03766642486649689,0.002014967758693052,2204.9199999993543,0.00105367178589554,2.1158233730681177e-06,0.0,137363.46853125756
nominal,174.0,False,1,0.03790077344078149,0.00201519734487036,2230.959999999366,0.0010536613434718922,2.1289873564478515e-06,0.0,137363.82262035777
nominal,175.0,False,1,0.038134830307089716,0.0020154266452677375,2256.999999999378,0.0010536508998592303,2.142134953813868e-06,0.0,137364.1744228553
nominal,176.0,False,1,0.03836859582852827,0.002015655660240913,2283.0399999993897,0.0010536404550590352,2.1552661855628386e-06,0.0,137364.52394159653
nominal,177.0,False,2,0.027465326111577947,0.0020049739651543798,9.079999999397472,0.0010539496258872422,1.5428004951832662e-06,0.0,137325.06369988696
nominal,178.0,False,2,0.027712372616214946,0.0020052159912165826,35.11999999939749,0.0010539392352208628,1.5566777551196262e-06,0.0,137325.51732387362
nominal,179.0,False,2,0.02795911160698651,0.0020054577160141707,61.1599999993972,0.0010539288433010453,1.5705377411833969e-06,0.0,137325.96853736058
nominal,180.0,False,2,0.028205543466673966,0.0020056991399221473,87.19999999939755,0.0010539184501293481,1.584380474876425e-06,0.0,137326.41734334818
nominal,181.0,False,2,0.02845166857758206,0.0020059402633150476,113.23999999939797,0.0010539080557073316,1.5982059776737855e-06,0.0,137326.8637448334
nominal,182.0,False,2,0.02869748732153975,0.0020061810865669417,139.27999999939837,0.00105389766003655,1.612014271023828e-06,0.0,137327.30774480902
nominal,183.0,False,2,0.028943000079900683,0.0020064216100514325,165.3199999993988,0.0010538872631185602,1.6258053763482023e-06,0.0,137327.7493462647
nominal,184.0,False,2,0.029188207233543824,0.0020066618341416593,191.3599999993992,0.0010538768649549122,1.6395793150418938e-06,0.0,137328.1885521856
nominal,185.0,False,2,0.029433109162874012,0.0020069017592102964,217.39999999939963,0.0010538664655471582,1.653336108473255e-06,0.0,137328.62536555395
nominal,186.0,False,2,0.02967770624782258,0.0020071413856295544,243.43999999940004,0.001053856064896847,1.6670757779840407e-06,0.0,137329.05978934784
nominal,187.0,False,2,0.029921998867847913,0.0020073807137711798,269.47999999940043,0.0010538456630055232,1.6807983448894386e-06,0.0,137329.49182654146
nominal,188.0,False,2,0.030165987401936115,0.0020076197440064576,295.51999999940085,0.0010538352598747334,1.6945038304781073e-06,0.0,137329.9214801058
nominal,189.0,False,2,0.030409672228601543,0.00200785847670621,321.55999999940127,0.0010538248555060207,1.708192256012206e-06,0.0,137330.3487530079
nominal,190.0,False,2,0.03065305372588732,0.0020080969122407972,347.5999999994017,0.0010538144499009268,1.7218636427274234e-06,0.0,137330.7736482113
nominal,191.0,False,2,0.03089613227136605,0.0020083350509801194,373.6399999994021,0.0010538040430609873,1.735518011833018e-06,0.0,137331.19616867515
nominal,192.0,False,2,0.031138908242140353,0.002008572893293615,399.6799999994025,0.0010537936349877426,1.7491553845118483e-06,0.0,137331.6163173559
nominal,193.0,False,2,0.031381382014843424,0.002008810439550264,425.71999999940294,0.0010537832256827266,1.7627757819204034e-06,0.0,137332.03409720573
nominal,194.0,False,2,0.031623553965639664,0.0020090476901185863,451.75999999940336,0.001053772815147472,1.7763792251888388e-06,0.0,137332.4495111731
nominal,195.0,False,2,0.03186542447022521,0.002009284645366643,477.7999999994038,0.0010537624033835093,1.7899657354210077e-06,0.0,137332.8625622029
nominal,196.0,False,2,0.03210699390382857,0.002009521305662037,503.8399999994042,0.0010537519903923709,1.8035353336944939e-06,0.0,137333.27325323684
nominal,197.0,False,2,0.03234826264121116,0.0020097576713719147,529.8799999994046,0.0010537415761755818,1.8170880410606442e-06,0.0,137333.6815872122
nominal,198.0,False,2,0.032589231056667944,0.002009993742862964,555.919999999405,0.0010537311607346706,1.8306238785446031e-06,0.0,137334.0875670633
nominal,199.0,False,2,0.03282989952402797,0.0020102295205014177,581.9599999994055,0.0010537207440711577,1.8441428671453437e-06,0.0,137334.4911957201
nominal,200.0,False,2,0.0330702684166549,0.0020104650046530513,607.9999999994059,0.0010537103261865667,1.857645027835697e-06,0.0,137334.89247610944
nominal,201.0,False,2,0.0333103381074477,0.002010700195683186,634.0399999994063,0.0010536999070824159,1.8711303815623909e-06,0.0,137335.29141115415
nominal,202.0,False,2,0.03355010896884119,0.002010935093956688,660.0799999994067,0.001053689486760225,1.8845989492460803e-06,0.0,137335.6880037739
nominal,203.0,False,2,0.03378958137280653,0.00201116969983797,686.1199999994071,0.00105367906522151,1.898050751781376e-06,0.0,137336.0822568843
nominal,204.0,False,2,0.03402875569085194,0.0020114040136909894,712.1599999994075,0.0010536686424677856,1.9114858100368843e-06,0.0,137336.47417339767
nominal,205.0,False,2,0.03426763229402311,0.0020116380358792523,738.199999999408,0.0010536582185005625,1.924904144855229e-06,0.0,137336.86375622224
nominal,206.0,False,2,0.034506211552904,0.0020118717667658116,764.2399999994084,0.0010536477933213533,1.938305777053098e-06,0.0,137337.25100826312
nominal,207.0,False,2,0.0347444938376171,0.0020121052067132677,790.2799999994088,0.0010536373669316657,1.9516907274212572e-06,0.0,137337.63593242152
nominal,208.0,False,2,0.034982479517824336,0.002012338356083771,816.3199999994092,0.0010536269393330066,1.9650590167246007e-06,0.0,137338.0185315951
nominal,209.0,False,2,0.03522016896272742,0.0020125712152390205,842.3599999994096,0.0010536165105268795,1.978410665702172e-06,0.0,137338.3988086777
nominal,210.0,False,2,0.03545756254106859,0.002012803784540264,868.39999999941,0.001053606080514788,1.9917456950672046e-06,0.0,137338.7767665599
nominal,211.0,False,2,0.03569466062113095,0.0020130360643483007,894.4399999994105,0.0010535956492982337,2.0050641255071405e-06,0.0,137339.15240812858
nominal,212.0,False,2,0.03593146357073928,0.0020132680550234813,920.4799999994109,0.0010535852168787171,2.0183659776836773e-06,0.0,137339.52573626713
nominal,213.0,False,2,0.03616797175726044,0.002013499756925706,946.5199999994113,0.0010535747832577337,2.03165127223279e-06,0.0,137339.896753855
nominal,214.0,False,2,0.036404185547604044,0.0020137311704144286,972.5599999994117,0.0010535643484367815,2.0449200297647676e-06,0.0,137340.26546376856
nominal,215.0,False,2,0.03664010530822301,0.0020139622958486553,998.5999999994121,0.001053553912417351,2.0581722708642472e-06,0.0,137340.63186888
nominal,216.0,False,2,0.03687573140511406,0.002014193133586945,1024.6399999994123,0.0010535434752009356,2.0714080160902387e-06,0.0,137340.9959720584
nominal,217.0,False,2,0.037111064203818385,0.0020144236839874097,1050.6799999994014,0.0010535330367890247,2.0846272859761636e-06,0.0,137341.35777616897
nominal,218.0,False,2,0.03734610406942214,0.002014653947407717,1076.7199999993904,0.001053522597183106,2.097830101029884e-06,0.0,137341.71728407356
nominal,219.0,False,2,0.037580851366557,0.0020148839242050886,1102.7599999993795,0.0010535121563846677,2.1110164817337314e-06,0.0,137342.07449863054
nominal,220.0,False,2,0.03781530645940085,0.0020151136147363016,1128.7999999993685,0.0010535017143951944,2.124186448544548e-06,0.0,137342.42942269467
nominal,221.0,False,2,0.038049469711678184,0.0020153430193576884,1154.8399999993576,0.0010534912712161662,2.1373400218937067e-06,0.0,137342.78205911673
nominal,222.0,False,2,0.03828334148666074,0.002015572138425139,1180.8799999993466,0.001053480826849065,2.1504772221871474e-06,0.0,137343.1324107445
nominal,223.0,False,2,0.03851692214716815,0.0020158009722940997,1206.9199999993357,0.0010534703812953696,2.163598069805416e-06,0.0,137343.48048042192
nominal,224.0,False,2,0.038750212055568375,0.0020160295213195742,1232.9599999993247,0.0010534599345565566,2.1767025851036855e-06,0.0,137343.82627098943
nominal,225.0,False,2,0.03898321157377833,0.002016257785856125,1258.9999999993138,0.0010534494866341014,2.1897907884117917e-06,0.0,137344.1697852841
nominal,226.0,False,2,0.03921592106326431,0.0020164857662578724,1285.0399999993028,0.0010534390375294789,2.2028627000342603e-06,0.0,137344.51102613934
nominal,227.0,False,2,0.03944834088504285,0.002016713462878497,1311.0799999992919,0.001053428587244158,2.2159183402503498e-06,0.0,137344.84999638487
nominal,228.0,False,2,0.03968047139968101,0.0020169408760712377,1337.119999999281,0.001053418135779611,2.228957729314073e-06,0.0,137345.1866988474
nominal,229.0,False,2,0.03991231296729709,0.0020171680061888946,1363.15999999927,0.0010534076831373038,2.2419808874542334e-06,0.0,137345.52113634945
nominal,230.0,False,2,0.040143865947560996,0.002017394853583829,1389.199999999259,0.0010533972293187029,2.254987834874447e-06,0.0,137345.8533117104
nominal,231.0,False,2,0.0403751306996951,0.0020176214186079632,1415.239999999248,0.0010533867743252729,2.267978591753191e-06,0.0,137346.18322774622
nominal,232.0,False,2,0.04060610758247453,0.0020178477016127806,1441.2799999992371,0.0010533763181584759,2.2809531782438197e-06,0.0,137346.51088726913
nominal,233.0,False,2,0.040836796954227844,0.0020180737029493285,1467.3199999992262,0.0010533658608197726,2.2939116144746025e-06,0.0,137346.83629308795
nominal,234.0,False,2,0.041067199172837535,0.0020182994229682163,1493.3599999992152,0.0010533554023106218,2.306853920548751e-06,0.0,137347.15944800805
nominal,235.0,False,2,0.04129731459574072,0.0020185248620196174,1519.3999999992043,0.0010533449426324796,2.319780116544461e-06,0.0,137347.48035483118
nominal,236.0,False,2,0.04152714357992946,0.0020187500204532694,1545.4399999991933,0.001053334481786802,2.332690222514926e-06,0.0,137347.79901635568
nominal,237.0,False,2,0.041756686481951556,0.0020189748986184737,1571.4799999991824,0.001053324019775043,2.345584258488386e-06,0.0,137348.11543537662
nominal,238.0,False,2,0.04198594365791094,0.002019199496864098,1597.5199999991714,0.0010533135565986532,2.3584622444681464e-06,0.0,137348.42961468527
nominal,239.0,False,2,0.042214915463468256,0.0020194238155385757,1623.5599999991605,0.0010533030922590825,2.3713242004326134e-06,0.0,137348.74155706947
nominal,240.0,False,2,0.04244360225384146,0.0020196478549899055,1649.5999999991495,0.0010532926267577786,2.3841701463353246e-06,0.0,137349.05126531367
nominal,241.0,False,2,0.042672004383806375,0.0020198716155656535,1675.6399999991386,0.0010532821600961863,2.3970001021049828e-06,0.0,137349.35874219873
nominal,242.0,False,2,0.04290012220769718,0.0020200950976129533,1701.6799999991276,0.0010532716922757514,2.409814087645482e-06,0.0,137349.6639905023
nominal,243.0,False,2,0.04312795607940699,0.002020318301478506,1727.7199999991167,0.001053261223297917,2.4226121228359415e-06,0.0,137349.9670129985
nominal,244.0,False,2,0.043355506352388426,0.0020205412275085817,1753.7599999991057,0.0010532507531641224,2.4353942275307355e-06,0.0,137350.26781245778
nominal,245.0,False,2,0.04358277337965411,0.002020763876049019,1779.7999999990948,0.0010532402818758065,2.448160421559523e-06,0.0,137350.56639164733
nominal,246.0,False,2,0.04380975751377729,0.0020209862474452264,1805.8399999990838,0.0010532298094344077,2.460910724727282e-06,0.0,137350.8627533309
nominal,247.0,False,2,0.0440364591068924,0.0020212083420421824,1831.8799999990729,0.001053219335841361,2.473645156814341e-06,0.0,137351.15690026883
nominal,248.0,False,2,0.04426287851069545,0.0020214301601844354,1857.919999999062,0.001053208861098099,2.486363737576402e-06,0.0,137351.44883521783
nominal,249.0,False,2,0.04448901607644464,0.0020216517022161058,1883.959999999051,0.001053198385206054,2.4990664867445734e-06,0.0,137351.7385609313
nominal,250.0,False,2,0.04471487215496105,0.0020218729684808854,1909.99999999904,0.001053187908166655,2.511753424025408e-06,0.0,137352.0260801591
nominal,251.0,False,2,0.044940447096629,0.0020220939593220376,1936.039999999029,0.0010531774299813313,2.5244245691009274e-06,0.0,137352.31139564794
nominal,252.0,False,2,0.045165741251396684,0.0020223146750823996,1962.0799999990181,0.0010531669506515092,2.5370799416286524e-06,0.0,137352.59451014095
nominal,253.0,False,2,0.04539075496877673,0.0020225351161043807,1988.1199999990072,0.0010531564701786126,2.5497195612416386e-06,0.0,137352.87542637772
nominal,254.0,False,2,0.04561548859784668,0.002022755282729965,2014.1599999989962,0.0010531459885640667,2.5623434475485006e-06,0.0,137353.15414709484
nominal,255.0,False,2,0.04583994248724949,0.00202297517530071,2040.1999999989853,0.00105313550580929,2.574951620133442e-06,0.0,137353.43067502498
nominal,256.0,False,2,0.04606411698519424,0.002023194794157749,2066.2399999989902,0.0010531250219157026,2.5875440985562934e-06,0.0,137353.7050128976
nominal,257.0,False,2,0.04628801243945655,0.0020234141396417893,2092.279999999002,0.001053114536884721,2.6001209023525373e-06,0.0,137353.9771634388
nominal,258.0,False,2,0.0465116291973791,0.002023633212093116,2118.319999999014,0.001053104050717763,2.6126820510333373e-06,0.0,137354.2471293714
nominal,259.0,False,2,0.04673496760587222,0.002023852011851589,2144.3599999990256,0.001053093563416241,2.62522756408557e-06,0.0,137354.51491341458
nominal,260.0,False,2,0.04695802801141446,0.002024070539256646,2170.3999999990374,0.0010530830749815676,2.637757460971858e-06,0.0,137354.78051828433
nominal,261.0,False,2,0.047180810760053066,0.002024288794647302,2196.439999999049,0.0010530725854151547,2.6502717611305966e-06,0.0,137355.04394669336
nominal,262.0,False,2,0.04740331619740456,0.002024506778362149,2222.479999999061,0.0010530620947184109,2.6627704839759864e-06,0.0,137355.3052013508
nominal,263.0,False,2,0.04762554466865522,0.0020247244907393596,2248.5199999990728,0.0010530516028927415,2.675253648898059e-06,0.0,137355.5642849623
nominal,264.0,False,2,0.047847496518561634,0.002024941932116684,2274.5599999990845,0.0010530411099395525,2.6877212752627106e-06,0.0,137355.82120023033
nominal,265.0,True,2,0.046456966895837296,0.0020235796606307608,0.5999999990960904,0.0010528823252555187,2.6096115240152363e-06,0.0,137324.99999999997
nominal,266.0,False,3,0.03440936765222198,0.002011776890912519,26.639999999096133,0.0010535615163145078,1.932865797301148e-06,0.0,137325.31815046893
nominal,267.0,False,3,0.034647770484450204,0.0020120104489577415,52.67999999909591,0.0010535510904161752,1.9462575191441934e-06,0.0,137325.70401955934
nominal,268.0,False,3,0.03488587656211965,0.002012243716279008,78.71999999909602,0.0010535406633082605,1.9596325714935525e-06,0.0,137326.08756248883
nominal,269.0,False,3,0.03512368625461896,0.0020124766932381995,104.75999999909644,0.0010535302349922691,1.9729909750987674e-06,0.0,137326.4687821529
nominal,270.0,False,3,0.03536119993087677,0.0020127093801967475,130.79999999909685,0.0010535198054697037,1.986332750683543e-06,0.0,137326.84768144332
nominal,271.0,False,3,0.03559841795936254,0.0020129417775156338,156.83999999909727,0.0010535093747420646,1.9996579189457895e-06,0.0,137327.22426324818
nominal,272.0,False,3,0.035835340708087145,0.0020131738855553903,182.8799999990977,0.001053498942810853,2.0129665005576573e-06,0.0,137327.59853045238
nominal,273.0,False,3,0.03607196854460332,0.0020134057046761007,208.9199999990981,0.001053488509677568,2.026258516165562e-06,0.0,137327.9704859371
nominal,274.0,False,3,0.036308301836006335,0.0020136372352374003,234.95999999909853,0.001053478075343705,2.039533986390224e-06,0.0,137328.34013257985
nominal,275.0,False,3,0.03654434094893442,0.0020138684775984758,260.9999999990989,0.0010534676398107595,2.0527929318266863e-06,0.0,137328.70747325468
nominal,276.0,False,3,0.03678008624956947,0.0020140994321180684,287.03999999909934,0.0010534572030802226,2.066035373044363e-06,0.0,137329.07251083176
nominal,277.0,False,3,0.03701553810363764,0.002014330099154472,313.07999999909975,0.0010534467651535859,2.079261330587065e-06,0.0,137329.43524817802
nominal,278.0,False,3,0.03725069687640969,0.0020145604790655336,339.1199999991002,0.0010534363260323392,2.092470824973023e-06,0.0,137329.79568815685
nominal,279.0,False,3,0.037485562932701874,0.0020147905722086566,365.1599999991006,0.0010534258857179677,2.1056638766949387e-06,0.0,137330.1538336277
nominal,280.0,False,3,0.037720136636876254,0.002015020378940798,391.199999999101,0.001053415444211958,2.1188405062199983e-06,0.0,137330.50968744679
nominal,281.0,False,3,0.03795441835284136,0.0020152498996184715,417.2399999991014,0.0010534050015157921,2.1320007339899127e-06,0.0,137330.8632524666
nominal,282.0,False,3,0.03818840844405273,0.002015479134597746,443.27999999910185,0.0010533945576309523,2.145144580420948e-06,0.0,137331.2145315362
nominal,283.0,False,3,0.03842210727351354,0.002015708084234248,469.31999999910227,0.001053384112558918,2.1582720659039586e-06,0.0,137331.56352750104
nominal,284.0,False,3,0.03865551520377503,0.002015936748883161,495.3599999991027,0.0010533736663011666,2.1713832108044127e-06,0.0,137331.910243203
nominal,285.0,False,3,0.038888632596937214,0.0020161651288992267,521.3999999991031,0.0010533632188591757,2.1844780354624326e-06,0.0,137332.25468148058
nominal,286.0,False,3,0.03912145981464933,0.002016393224636745,547.4399999991035,0.0010533527702344186,2.197556560192819e-06,0.0,137332.59684516868
nominal,287.0,False,3,0.039353997218110476,0.0020166210364495744,573.4799999991039,0.001053342320428366,2.2106188052850863e-06,0.0,137332.93673709835
nominal,288.0,False,3,0.0395862451680701,0.002016848564691133,599.5199999991044,0.00105333186944249,2.223664791003492e-06,0.0,137333.27436009757
nominal,289.0,False,3,0.03981820402482872,0.0020170758097144007,625.5599999991048,0.001053321417278259,2.2366945375870757e-06,0.0,137333.6097169906
nominal,290.0,False,3,0.04004987414823832,0.002017302771871915,651.5999999991052,0.0010533109639371382,2.2497080652496813e-06,0.0,137333.94281059806
nominal,291.0,False,3,0.04028125589770284,0.0020175294515157767,677.6399999991056,0.0010533005094205935,2.2627053941799846e-06,0.0,137334.27364373725
nominal,292.0,False,3,0.04051234963217904,0.002017755848997648,703.679999999106,0.001053290053730088,2.2756865445415433e-06,0.0,137334.602219222
nominal,293.0,False,3,0.04074315571017658,0.0020179819646687536,729.7199999991064,0.0010532795968670834,2.288651536472799e-06,0.0,137334.92853986248
nominal,294.0,False,3,0.0409736744897592,0.0020182077988798795,755.7599999991069,0.001053269138833039,2.3016003900871453e-06,0.0,137335.2526084655
nominal,295.0,False,3,0.04120390632854469,0.0020184333519813764,781.7999999991073,0.001053258679629413,2.314533125472926e-06,0.0,137335.57442783433
nominal,296.0,False,3,0.0414338515837058,0.002018658624323159,807.8399999991077,0.0010532482192576612,2.327449762693485e-06,0.0,137335.89400076878
nominal,297.0,False,3,0.04166351061197062,0.002018883616254706,833.8799999991081,0.0010532377577192379,2.3403503217871894e-06,0.0,137336.21133006507
nominal,298.0,False,3,0.04189288376962327,0.0020191083281250613,859.9199999991085,0.001053227295015595,2.3532348227674666e-06,0.0,137336.526418516
nominal,299.0,False,3,0.042121971412504434,0.0020193327602828336,885.959999999109,0.0010532168311481816,2.3661032856228352e-06,0.0,137336.8392689108
nominal,300.0,False,3,0.042350773896011676,0.0020195569130761985,911.9999999991094,0.001053206366118447,2.3789557303169226e-06,0.0,137337.14988403526
nominal,301.0,False,3,0.042579291575100334,0.002019780786852898,938.0399999991098,0.0010531958999278387,2.391792176788516e-06,0.0,137337.45826667192
nominal,302.0,False,3,0.042807524804283854,0.0020200043819602414,964.0799999991102,0.001053185432577801,2.404612644951578e-06,0.0,137337.76441959955
nominal,303.0,False,3,0.04303547393763439,0.002020227698745105,990.1199999991106,0.0010531749640697765,2.4174171546952854e-06,0.0,137338.06834559358
nominal,304.0,False,3,0.04326313932878332,0.0020204507375539337,1016.159999999111,0.0010531644944052094,2.430205725884054e-06,0.0,137338.37004742638
nominal,305.0,False,3,0.04349052133092191,0.002020673498732742,1042.1999999991035,0.0010531540235855358,2.4429783783575778e-06,0.0,137338.669527866
nominal,306.0,False,3,0.04371762029680177,0.002020895982627112,1068.2399999990926,0.0010531435516121952,2.4557351319308533e-06,0.0,137338.96678967777
nominal,307.0,False,3,0.043944436578735424,0.0020211181895821973,1094.2799999990816,0.0010531330784866243,2.468476006394214e-06,0.0,137339.2618356235
nominal,308.0,False,3,0.044170970528596844,0.0020213401199427206,1120.3199999990707,0.0010531226042102568,2.481201021513357e-06,0.0,137339.55466846126
nominal,309.0,False,3,0.04439722249782193,0.0020215617740529765,1146.3599999990597,0.0010531121287845255,2.4939101970293726e-06,0.0,137339.84529094587
nominal,310.0,False,3,0.04462319283740923,0.0020217831522568305,1172.3999999990488,0.0010531016522108614,2.506603552658784e-06,0.0,137340.1337058288
nominal,311.0,False,3,0.04484888189792036,0.0020220042548977197,1198.4399999990378,0.001053091174490691,2.5192811080935707e-06,0.0,137340.41991585764
nominal,312.0,False,3,0.045074290029480574,0.0020222250823186544,1224.4799999990269,0.001053080695625443,2.5319428830011995e-06,0.0,137340.70392377715
nominal,313.0,False,3,0.04529941758177923,0.002022445634862218,1250.519999999016,0.0010530702156165426,2.544588897024654e-06,0.0,137340.98573232838
nominal,314.0,False,3,0.0455242649040705,0.0020226659128705668,1276.559999999005,0.0010530597344654141,2.5572191697824702e-06,0.0,137341.26534424908
nominal,315.0,False,3,0.045748832345173795,0.0020228859166854314,1302.599999998994,0.001053049252173479,2.5698337208687634e-06,0.0,137341.54276227357
nominal,316.0,False,3,0.04597312025347427,0.0020231056466481177,1328.639999998983,0.0010530387687421555,2.582432569853255e-06,0.0,137341.81798913243
nominal,317.0,False,3,0.04619712897692348,0.0020233251030995054,1354.679999998972,0.0010530282841728642,2.595015736281311e-06,0.0,137342.09102755343
nominal,318.0,False,3,0.046420858863039864,0.0020235442863800516,1380.7199999989612,0.001053017798467021,2.607583239673967e-06,0.0,137342.3618802606
nominal,319.0,False,3,0.04664431025890931,0.002023763196829788,1406.7599999989502,0.0010530073116260408,2.6201350995279612e-06,0.0,137342.63054997462
nominal,320.0,False,3,0.04686748351118555,0.0020239818347883246,1432.7999999989393,0.0010529968236513362,2.6326713353157566e-06,0.0,137342.8970394128
nominal,321.0,False,3,0.04709037896609101,0.002024200200594847,1458.8399999989283,0.0010529863345443177,2.6451919664855896e-06,0.0,137343.161351289
nominal,322.0,False,3,0.04731299696941693,0.00202441829458812,1484.8799999989174,0.0010529758443063965,2.657697012461474e-06,0.0,137343.42348831389
nominal,323.0,False,3,0.04753533786652425,0.0020246361171064858,1510.9199999989064,0.0010529653529389787,2.6701864926432538e-06,0.0,137343.6834531945
nominal,324.0,False,3,0.047757402002343984,0.0020248536684878654,1536.9599999988955,0.0010529548604434715,2.6826604264066215e-06,0.0,137343.94124863474
nominal,325.0,False,3,0.04797918972137785,0.0020250709490697606,1562.9999999988845,0.0010529443668212785,2.6951188331031575e-06,0.0,137344.19687733502
nominal,326.0,False,3,0.04820070136769868,0.002025287959189251,1589.0399999988736,0.0010529338720738012,2.7075617320603475e-06,0.0,137344.45034199225
nominal,327.0,False,3,0.048421937284951026,0.002025504699182999,1615.0799999988626,0.0010529233762024406,2.719989142581621e-06,0.0,137344.7016453002
nominal,328.0,False,3,0.04864289781635167,0.002025721169387245,1641.1199999988517,0.0010529128792085979,2.7324010839463794e-06,0.0,137344.95078994954
nominal,329.0,False,3,0.04886358330469023,0.0020259373701378134,1667.1599999988407,0.0010529023810936684,2.7447975754100276e-06,0.0,137345.19777862704
nominal,330.0,False,3,0.049083994092329566,0.0020261533017701095,1693.1999999988298,0.001052891881859047,2.7571786362039995e-06,0.0,137345.44261401627
nominal,331.0,False,3,0.049304130521206364,0.0020263689646191213,1719.2399999988188,0.0010528813815061297,2.769544285535788e-06,0.0,137345.68529879782
nominal,332.0,False,3,0.04952399293283184,0.0020265843590194198,1745.2799999988079,0.0010528708800363064,2.781894542588989e-06,0.0,137345.92583564844
nominal,333.0,False,3,0.04974358166829187,0.002026799485305159,1771.319999998797,0.0010528603774509696,2.794229426523303e-06,0.0,137346.1642272421
nominal,334.0,False,3,0.049962897068248024,0.002027014343810078,1797.359999998786,0.0010528498737515052,2.806548956474598e-06,0.0,137346.4004762488
nominal,335.0,False,3,0.05018193947293762,0.0020272289348674997,1823.399999998775,0.0010528393689393004,2.81885315155491e-06,0.0,137346.63458533553
nominal,336.0,False,3,0.05040070922217449,0.0020274432588103324,1849.439999998764,0.001052828863015741,2.8311420308524867e-06,0.0,137346.8665571661
nominal,337.0,False,3,0.05061920665534952,0.00202765731597107,1875.479999998753,0.001052818355982212,2.8434156134318178e-06,0.0,137347.09639440113
nominal,338.0,False,3,0.0508374321114312,0.0020278711066817924,1901.5199999987422,0.0010528078478400948,2.855673918333666e-06,0.0,137347.3240996976
nominal,339.0,False,3,0.05105538592896603,0.002028084631274166,1927.5599999987312,0.001052797338590767,2.867916964575089e-06,0.0,137347.54967570901
nominal,340.0,False,3,0.051273068446079054,0.002028297890079445,1953.5999999987203,0.0010527868282356075,2.8801447711494717e-06,0.0,137347.77312508586
nominal,341.0,False,3,0.05149048000047444,0.0020285108834284704,1979.6399999987093,0.0010527763167759935,2.8923573570265556e-06,0.0,137347.9944504754
nominal,342.0,False,3,0.05170762092943603,0.002028723611651672,2005.6799999986983,0.001052765804213299,2.904554741152473e-06,0.0,137348.21365452142
nominal,343.0,False,3,0.05192449156982785,0.002028936075079068,2031.7199999986874,0.001052755290548898,2.916736942449772e-06,0.0,137348.43073986453
nominal,344.0,False,3,0.052141092258094573,0.002029148274040266,2057.759999998685,0.001052744775784161,2.9289039798174467e-06,0.0,137348.645709142
nominal,345.0,False,3,0.052357423330262075,0.002029360208864463,2083.799999998697,0.0010527342599204585,2.9410558721309645e-06,0.0,137348.85856498787
nominal,346.0,False,3,0.05257348512193802,0.0020295718798804467,2109.8399999987087,0.001052723742959157,2.953192638242302e-06,0.0,137349.06931003268
nominal,347.0,False,3,0.05278927796831225,0.0020297832874165956,2135.8799999987205,0.0010527132249016236,2.965314296979965e-06,0.0,137349.277946904
nominal,348.0,False,3,0.05300480220415739,0.0020299944318008783,2161.9199999987322,0.001052702705749224,2.977420867149023e-06,0.0,137349.4844782261
nominal,349.0,False,3,0.05322005816382936,0.0020302053133608566,2187.959999998744,0.0010526921855033198,2.989512367531138e-06,0.0,137349.68890661976
nominal,350.0,False,3,0.05343504618126788,0.002030415932423684,2213.999999998756,0.0010526816641652727,3.001588816884594e-06,0.0,137349.89123470275
nominal,351.0,False,3,0.053649766589997025,0.0020306262893161064,2240.0399999987676,0.001052671141736444,3.0136502339443255e-06,0.0,137350.0914650896
nominal,352.0,False,3,0.05386421972312578,0.0020308363843644633,2266.0799999987794,0.0010526606182181886,3.0256966374219512e-06,0.0,137350.28960039114
nominal,353.0,False,3,0.05407840591334824,0.0020310462178946883,2292.119999998791,0.0010526500936118616,3.0377280460057853e-06,0.0,137350.48564321507
nominal,354.0,False,4,0.03864998539627099,0.0020159313314515852,18.15999999879485,0.0010533221680023017,2.171072586793584e-06,0.0,137325.16963241666
nominal,355.0,False,4,0.03888310967272213,0.0020161597182110588,44.199999998794745,0.001053311720588367,2.184167798104271e-06,0.0,137325.5141246501
nominal,356.0,False,4,0.03911594376515516,0.0020163878206835907,70.23999999879462,0.0010533012719916317,2.1972467090060358e-06,0.0,137325.85634222685
nominal,357.0,False,4,0.03934848803477982,0.0020166156392230506,96.27999999879503,0.001053290822213566,2.210309339788989e-06,0.0,137326.1962879781
nominal,358.0,False,4,0.03958074284235624,0.002016843174182867,122.31999999879545,0.0010532803712556408,2.2233557107179894e-06,0.0,137326.5339647318
nominal,359.0,False,4,0.03981270854819558,0.0020170704259160287,148.35999999879587,0.001053269919119326,2.236385842032673e-06,0.0,137326.8693753124
nominal,360.0,False,4,0.040044385512160406,0.0020172973947750854,174.3999999987963,0.0010532594658060877,2.2493997539474786e-06,0.0,137327.20252254073
nominal,361.0,False,4,0.04027577409366531,0.002017524081112148,200.4399999987967,0.0010532490113173906,2.262397466651681e-06,0.0,137327.53340923405
nominal,362.0,False,4,0.04050687465167757,0.0020177504852788887,226.47999999879713,0.001053238555654699,2.275379000309428e-06,0.0,137327.86203820634
nominal,363.0,False,4,0.040737687544717543,0.002017976607626542,252.51999999879754,0.0010532280988194735,2.2883443750597623e-06,0.0,137328.18841226777
nominal,364.0,False,4,0.04096821313085952,0.0020182024485059053,278.55999999879793,0.0010532176408131724,2.3012936110166706e-06,0.0,137328.51253422513
nominal,365.0,False,4,0.04119845176773182,0.0020184280082673396,304.59999999879835,0.001053207181637255,2.3142267282690873e-06,0.0,137328.83440688183
nominal,366.0,False,4,0.04142840381251774,0.0020186532872607695,330.63999999879877,0.0010531967212931781,2.32714374688095e-06,0.0,137329.1540330379
nominal,367.0,False,4,0.041658069621955944,0.0020188782858356837,356.6799999987992,0.0010531862597823937,2.340044686891218e-06,0.0,137329.4714154894
nominal,368.0,False,4,0.041887449552341055,0.0020191030043411368,382.7199999987996,0.0010531757971063568,2.3529295683139105e-06,0.0,137329.78655702958
nominal,369.0,False,4,0.0421165439595242,0.002019327443125748,408.7599999988,0.0010531653332665144,2.3657984111381317e-06,0.0,137330.09946044735
nominal,370.0,False,4,0.04234535319891353,0.002019551602537703,434.79999999880044,0.001053154868264318,2.3786512353281033e-06,0.0,137330.41012852913
nominal,371.0,False,4,0.042573877625474786,0.002019775482924754,460.83999999880086,0.0010531444021012117,2.3914880608231976e-06,0.0,137330.7185640568
nominal,372.0,False,4,0.042802117593731856,0.0020199990846342204,486.8799999988013,0.0010531339347786429,2.4043089075379644e-06,0.0,137331.02476980985
nominal,373.0,False,4,0.04303007345776743,0.002020222408012989,512.9199999988017,0.001053123466298053,2.4171137953621712e-06,0.0,137331.32874856357
nominal,374.0,False,4,0.043257745571223284,0.002020445453407515,538.9599999988021,0.0010531129966608848,2.429902744160818e-06,0.0,137331.6305030901
nominal,375.0,False,4,0.04348513428730119,0.0020206682211638227,564.9999999988025,0.0010531025258685778,2.4426757737741894e-06,0.0,137331.93003615813
nominal,376.0,False,4,0.04371223995876308,0.002020890711627505,591.039999998803,0.0010530920539225691,2.455432904017862e-06,0.0,137332.22735053272
nominal,377.0,False,4,0.043939062937931976,0.0020211129251437253,617.0799999988034,0.0010530815808242966,2.4681741546827572e-06,0.0,137332.52244897583
nominal,378.0,False,4,0.044165603576692074,0.002021334862057217,643.1199999988038,0.001053071106575193,2.4808995455351484e-06,0.0,137332.8153342456
nominal,379.0,False,4,0.044391862226489776,0.0020215565227122835,669.1599999988042,0.001053060631176691,2.493609096316715e-06,0.0,137333.10600909693
nominal,380.0,False,4,0.04461783923833404,0.002021777907452802,695.1999999988046,0.0010530501546302227,2.506302826744565e-06,0.0,137333.39447628142
nominal,381.0,False,4,0.04484353496279674,0.002021999016622219,721.239999998805,0.0010530396769372152,2.5189807565112547e-06,0.0,137333.68073854686
nominal,382.0,False,4,0.045068949750013486,0.002022219850563555,747.2799999988055,0.0010530291980990962,2.531642905284832e-06,0.0,137333.96479863787
nominal,383.0,False,4,0.045294083949683976,0.0020224404096194034,773.3199999988059,0.0010530187181172902,2.544289292708861e-06,0.0,137334.24665929558
nominal,384.0,False,4,0.04551893791107271,0.0020226606941319307,799.3599999988063,0.0010530082369932224,2.556919938402459e-06,0.0,137334.52632325792
nominal,385.0,False,4,0.04574351198300936,0.002022880704442878,825.3999999988067,0.001052997754728314,2.5695348619603167e-06,0.0,137334.8037932592
nominal,386.0,False,4,0.04596780651388937,0.0020231004408935607,851.4399999988071,0.0010529872713239863,2.5821340829527338e-06,0.0,137335.0790720305
nominal,387.0,False,4,0.04619182185167465,0.002023319903824869,877.4799999988076,0.0010529767867816556,2.5947176209256574e-06,0.0,137335.35216229912
nominal,388.0,False,4,0.04641555834389385,0.0020235390935772696,903.519999998808,0.0010529663011027406,2.6072854954006974e-06,0.0,137335.6230667896
nominal,389.0,False,4,0.046639016337643,0.002023758010490805,929.5599999988084,0.0010529558142886523,2.619837725875162e-06,0.0,137335.89178822204
nominal,390.0,False,4,0.04686219617958623,0.002023976654905094,955.5999999988088,0.0010529453263408068,2.6323743318220977e-06,0.0,137336.15832931438
nominal,391.0,False,4,0.04708509821595609,0.0020241950271593333,981.6399999988092,0.0010529348372606158,2.6448953326903093e-06,0.0,137336.42269278062
nominal,392.0,False,4,0.04730772279255403,0.002024413127592297,1007.6799999988096,0.001052924347049487,2.6574007479043847e-06,0.0,137336.68488133117
nominal,393.0,False,4,0.047530070254751214,0.002024630956542338,1033.7199999988059,0.0010529138557088286,2.6698905968647413e-06,0.0,137336.9448976733
nominal,394.0,False,4,0.047752140947488905,0.0020248485143473873,1059.759999998795,0.0010529033632400463,2.6823648989476493e-06,0.0,137337.20274451087
nominal,395.0,False,4,0.0479739352152789,0.0020250658013449556,1085.799999998784,0.0010528928696445451,2.694823673505253e-06,0.0,137337.45842454454
nominal,396.0,False,4,0.04819545340220417,0.0020252828178721335,1111.839999998773,0.0010528823749237283,2.707266939865609e-06,0.0,137337.71194047155
nominal,397.0,False,4,0.04841669585191954,0.002025499564265592,1137.879999998762,0.0010528718790789949,2.7196947173327236e-06,0.0,137337.96329498538
nominal,398.0,False,4,0.04863766290765182,0.0020257160408615835,1163.919999998751,0.0010528613821117457,2.7321070251865616e-06,0.0,137338.21249077684
nominal,399.0,False,4,0.048858354912200794,0.002025932247995941,1189.9599999987402,0.001052850884023376,2.7445038826830982e-06,0.0,137338.45953053265
nominal,400.0,False,4,0.049078772207939464,0.00202614818600408,1215.9999999987292,0.0010528403848152823,2.7568853090543374e-06,0.0,137338.7044169368
nominal,401.0,False,4,0.04929891513681459,0.002026363855220998,1242.0399999987183,0.001052829884488859,2.7692513235083392e-06,0.0,137338.94715266963
nominal,402.0,False,4,0.04951878404034735,0.002026579255981276,1268.0799999987073,0.0010528193830454976,2.7816019452292566e-06,0.0,137339.1877404083
nominal,403.0,False,4,0.04973837925963389,0.002026794388619078,1294.1199999986964,0.0010528088804865874,2.7939371933773695e-06,0.0,137339.42618282628
nominal,404.0,False,4,0.04995770113534565,0.0020270092534681533,1320.1599999986854,0.001052798376813519,2.806257087089099e-06,0.0,137339.66248259434
nominal,405.0,False,4,0.05017675000773007,0.0020272238508618344,1346.1999999986745,0.001052787872027677,2.81856164547705e-06,0.0,137339.89664237923
nominal,406.0,False,4,0.050395526216611065,0.0020274381811330395,1372.2399999986635,0.0010527773661304484,2.830850887630036e-06,0.0,137340.128664845
nominal,407.0,False,4,0.05061403010138958,0.002027652244614272,1398.2799999986526,0.0010527668591232156,2.8431248326131123e-06,0.0,137340.35855265192
nominal,408.0,False,4,0.050832262001043946,0.002027866041637622,1424.3199999986416,0.001052756351007361,2.855383499467594e-06,0.0,137340.5863084572
nominal,409.0,False,4,0.05105022225413074,0.002028079572534765,1450.3599999986307,0.0010527458417842657,2.867626907211106e-06,0.0,137340.81193491488
nominal,410.0,False,4,0.051267911198785016,0.0020282928376369655,1476.3999999986197,0.0010527353314553052,2.8798550748375945e-06,0.0,137341.03543467514
nominal,411.0,False,4,0.051485329172720924,0.0020285058372750747,1502.4399999986088,0.0010527248200218567,2.8920680213173622e-06,0.0,137341.25681038524
nominal,412.0,False,4,0.0517024765132323,0.0020287185717795314,1528.4799999985978,0.0010527143074852963,2.9042657655971016e-06,0.0,137341.4760646893
nominal,413.0,False,4,0.051919353557193036,0.002028931041480364,1554.5199999985869,0.0010527037938469967,2.9164483265999165e-06,0.0,137341.69320022795
nominal,414.0,False,4,0.05213596064105777,0.0020291432467071896,1580.559999998576,0.001052693279108328,2.92861572322536e-06,0.0,137341.90821963834
nominal,415.0,False,4,0.0523522981008623,0.002029355187789215,1606.599999998565,0.0010526827632706612,2.9407679743494574e-06,0.0,137342.1211255547
nominal,416.0,False,4,0.05256836627222416,0.002029566865055238,1632.639999998554,0.0010526722463353657,2.9529050988247384e-06,0.0,137342.33192060803
nominal,417.0,False,4,0.05278416549034309,0.0020297782788336457,1658.679999998543,0.001052661728303804,2.9650271154802666e-06,0.0,137342.54060742536
nominal,418.0,False,4,0.05299969609000168,0.0020299894294524175,1684.719999998532,0.0010526512091773436,2.9771340431216697e-06,0.0,137342.74718863133
nominal,419.0,False,4,0.053214958405565636,0.002030200317239124,1710.7599999985212,0.001052640688957347,2.9892259005311604e-06,0.0,137342.95166684687
nominal,420.0,False,4,0.05342995277098459,0.002030410942520929,1736.7999999985102,0.0010526301676451744,3.001302706467579e-06,0.0,137343.15404468952
nominal,421.0,False,4,0.05364467951979249,0.0020306213056245884,1762.8399999984993,0.0010526196452421857,3.013364479666415e-06,0.0,137343.35432477386
nominal,422.0,False,4,0.05385913898510799,0.0020308314068764504,1788.8799999984883,0.00105260912174974,3.02541123883983e-06,0.0,137343.5525097112
nominal,423.0,False,4,0.0540733314996352,0.0020310412466024584,1814.9199999984774,0.0010525985971691916,3.0374430026767e-06,0.0,137343.74860210935
nominal,424.0,False,4,0.054287257395664056,0.00203125082512815,1840.9599999984664,0.0010525880715018946,3.049459789842636e-06,0.0,137343.94260457292
nominal,425.0,False,4,0.054500917005070905,0.002031460142778656,1866.9999999984555,0.001052577544749204,3.0614616189800147e-06,0.0,137344.13451970366
nominal,426.0,False,4,0.05471431065931895,0.0020316691998787054,1893.0399999984445,0.0010525670169124683,3.0734485087080076e-06,0.0,137344.3243500995
nominal,427.0,False,4,0.05492743868945883,0.00203187799675262,1919.0799999984335,0.00105255648799304,3.0854204776226105e-06,0.0,137344.51209835583
nominal,428.0,False,4,0.05514030142612904,0.0020320865337243197,1945.1199999984226,0.0010525459579922634,3.097377544296668e-06,0.0,137344.697767064
nominal,429.0,False,4,0.0553528991995566,0.00203229481111732,1971.1599999984116,0.0010525354269114878,3.1093197272799106e-06,0.0,137344.8813588129
nominal,430.0,False,4,0.05556523233955744,0.0020325028292547355,1997.1999999984007,0.0010525248947520552,3.1212470450989777e-06,0.0,137345.06287618767
nominal,431.0,False,4,0.0557773011755369,0.002032710588459276,2023.2399999983897,0.001052514361515308,3.1331595162574443e-06,0.0,137345.24232177026
nominal,432.0,False,4,0.05598910603649037,0.0020329180890532525,2049.27999999838,0.0010525038272025894,3.145057159235857e-06,0.0,137345.4196981399
nominal,433.0,False,4,0.0562006472510036,0.0020331253313585723,2075.3199999983917,0.001052493291815236,3.156939992491753e-06,0.0,137345.5950078719
nominal,434.0,False,4,0.05641192514725352,0.0020333323156967436,2101.3599999984035,0.0010524827553545879,3.168808034459703e-06,0.0,137345.76825353902
nominal,435.0,False,4,0.056622940053008344,0.0020335390423888737,2127.3999999984153,0.001052472217821979,3.180661303551322e-06,0.0,137345.93943771036
nominal,436.0,False,4,0.05683369229562851,0.0020337455117556704,2153.439999998427,0.0010524616792187455,3.1924998181553165e-06,0.0,137346.10856295205
nominal,437.0,False,4,0.057044182202066765,0.002033951724117442,2179.479999998439,0.0010524511395462188,3.2043235966374923e-06,0.0,137346.27563182695
nominal,438.0,False,4,0.05725441009886897,0.0020341576797940986,2205.5199999984507,0.001052440598805731,3.2161326573408e-06,0.0,137346.44064689483
nominal,439.0,False,4,0.057464376312174506,0.0020343633791051518,2231.5599999984624,0.0010524300569986105,3.2279270185853582e-06,0.0,137346.60361071205
nominal,440.0,False,4,0.05767408116771689,0.0020345688223697158,2257.5999999984742,0.0010524195141261856,3.2397066986684844e-06,0.0,137346.76452583206
nominal,441.0,False,4,0.057883524990823956,0.0020347740099065066,2283.639999998486,0.001052408970189782,3.2514717158647102e-06,0.0,137346.92339480488
nominal,442.0,False,5,0.041326172507437586,0.002018553133485112,9.679999998493447,0.0010531709533589942,2.321401142279783e-06,0.0,137325.05434777465
nominal,443.0,False,5,0.04155596557042201,0.0020187782567275448,35.719999998493456,0.0010531604923669012,2.33430923046056e-06,0.0,137325.37272772487
nominal,444.0,False,5,0.04178547259595301,0.002019003099745335,61.759999998493164,0.0010531500302089086,2.3472012511559927e-06,0.0,137325.68886552186
nominal,445.0,False,5,0.04201469394007897,0.0020192276628872956,87.79999999849352,0.001053139566886467,2.3600772243662664e-06,0.0,137326.00276395658
nominal,446.0,False,5,0.04224362995840495,0.0020194519465018042,113.83999999849394,0.0010531291024010248,2.3729371700666637e-06,0.0,137326.31442581632
nominal,447.0,False,5,0.04247228100609344,0.0020196759509368066,139.87999999849436,0.0010531186367540315,2.3857811082076084e-06,0.0,137326.62385388534
nominal,448.0,False,5,0.04270064743786469,0.0020198996765398145,165.91999999849477,0.0010531081699469323,2.3986090587146805e-06,0.0,137326.93105094405
nominal,449.0,False,5,0.042928729607997575,0.0020201231236579064,191.9599999984952,0.001053097701981172,2.411421041488668e-06,0.0,137327.23601976968
nominal,450.0,False,5,0.04315652787032987,0.0020203462926377306,217.9999999984956,0.001053087232858192,2.424217076405581e-06,0.0,137327.5387631357
nominal,451.0,False,5,0.043384042578258966,0.0020205691838255015,244.03999999849603,0.0010530767625794328,2.436997183316692e-06,0.0,137327.83928381227
nominal,452.0,False,5,0.04361127408474229,0.0020207917975670047,270.0799999984964,0.0010530662911463328,2.4497613820485584e-06,0.0,137328.13758456608
nominal,453.0,False,5,0.043838222742298046,0.002021014134207594,296.11999999849684,0.0010530558185603293,2.4625096924030676e-06,0.0,137328.43366816046
nominal,454.0,False,5,0.04406488890300552,0.0020212361940921946,322.15999999849726,0.0010530453448228583,2.47524213415745e-06,0.0,137328.7275373554
nominal,455.0,False,5,0.04429127291850578,0.002021457977565301,348.1999999984977,0.0010530348699353531,2.4879587270643203e-06,0.0,137329.01919490728
nominal,456.0,False,5,0.044517375140002216,0.002021679484970979,374.2399999984981,0.0010530243938992438,2.500659490851709e-06,0.0,137329.30864356886
nominal,457.0,False,5,0.044743195918261015,0.0020219007166528673,400.2799999984985,0.001053013916715961,2.5133444452230855e-06,0.0,137329.59588608975
nominal,458.0,False,5,0.04496873560361176,0.0020221216729541763,426.31999999849893,0.0010530034383869308,2.5260136098573957e-06,0.0,137329.88092521593
nominal,459.0,False,5,0.045193994545947955,0.0020223423542176885,452.35999999849935,0.0010529929589135811,2.53866700440909e-06,0.0,137330.16376369025
nominal,460.0,False,5,0.04541897309472753,0.0020225627607857602,478.39999999849977,0.001052982478297338,2.55130464850815e-06,0.0,137330.44440425225
nominal,461.0,False,5,0.045643671598973486,0.002022782893000322,504.4399999985002,0.001052971996539622,2.563926561760127e-06,0.0,137330.7228496375
nominal,462.0,False,5,0.04586809040727437,0.002023002751202878,530.4799999985006,0.001052961513641853,2.576532763746168e-06,0.0,137330.99910257838
nominal,463.0,False,5,0.046092229867784704,0.0020232223357345078,556.519999998501,0.0010529510296054508,2.58912327402304e-06,0.0,137331.27316580404
nominal,464.0,False,5,0.04631609032822586,0.002023441646935867,582.5599999985014,0.0010529405444318339,2.601698112123177e-06,0.0,137331.54504204026
nominal,465.0,False,5,0.04653967213588623,0.002023660685147185,608.5999999985019,0.0010529300581224171,2.614257297554694e-06,0.0,137331.81473400933
nominal,466.0,False,5,0.046762975637621926,0.0020238794507082707,634.6399999985023,0.0010529195706786149,2.6268008498014215e-06,0.0,137332.0822444301
nominal,467.0,False,5,0.04698600117985731,0.0020240979439585076,660.6799999985027,0.0010529090821018378,2.6393287883229386e-06,0.0,137332.34757601796
nominal,468.0,False,5,0.04720874910858552,0.002024316165236858,686.7199999985031,0.0010528985923934978,2.651841132554601e-06,0.0,137332.61073148524
nominal,469.0,False,5,0.04743121976936907,0.002024534114881862,712.7599999985035,0.0010528881015550015,2.6643379019075757e-06,0.0,137332.8717135404
nominal,470.0,False,5,0.04765341350734035,0.0020247517932316375,738.799999998504,0.0010528776095877575,2.6768191157688666e-06,0.0,137333.13052488913
nominal,471.0,False,5,0.047875330667202,0.002024969200623883,764.8399999985044,0.00105286711649317,2.68928479350134e-06,0.0,137333.38716823328
nominal,472.0,False,5,0.04809697159322767,0.0020251863373958756,790.8799999985048,0.0010528566222726436,2.7017349544437634e-06,0.0,137333.6416462717
nominal,473.0,False,5,0.048318336629262555,0.002025403203884473,816.9199999985052,0.0010528461269275766,2.714169617910836e-06,0.0,137333.8939616992
nominal,474.0,False,5,0.04853942611872369,0.002025619800426113,842.9599999985056,0.0010528356304593724,2.726588803193208e-06,0.0,137334.14411720829
nominal,475.0,False,5,0.048760240404600724,0.0020258361273568157,868.999999998506,0.001052825132869426,2.7389925295575207e-06,0.0,137334.39211548705
nominal,476.0,False,5,0.04898077982945642,0.0020260521850121818,895.0399999985065,0.0010528146341591367,2.751380816246437e-06,0.0,137334.6379592212
nominal,477.0,False,5,0.04920104473542708,0.0020262679737273947,921.0799999985069,0.001052804134329896,2.7637536824786634e-06,0.0,137334.88165109218
nominal,478.0,False,5,0.04942103546422304,0.002026483493837221,947.1199999985073,0.0010527936333830981,2.7761111474489794e-06,0.0,137335.1231937787
nominal,479.0,False,5,0.04964075235712939,0.00202669874567601,973.1599999985077,0.001052783131320135,2.788453230328278e-06,0.0,137335.36258995614
nominal,480.0,False,5,0.049860195755006456,0.002026913729577695,999.1999999985081,0.0010527726281423955,2.8007799502635897e-06,0.0,137335.5998422963
nominal,481.0,False,5,0.050079365998290055,0.002027128445875794,1025.239999998508,0.0010527621238512659,2.8130913263781023e-06,0.0,137335.8349534676
nominal,482.0,False,5,0.050298263426992486,0.0020273428949034093,1051.279999998497,0.0010527516184481345,2.8253873777712107e-06,0.0,137336.0679261356
nominal,483.0,False,5,0.05051688838070266,0.0020275570769932283,1077.319999998486,0.001052741111934383,2.8376681235185295e-06,0.0,137336.29876296184
nominal,484.0,False,5,0.05073524119858685,0.0020277709924775254,1103.3599999984751,0.0010527306043113976,2.84993358267193e-06,0.0,137336.5274666055
nominal,485.0,False,5,0.05095332221938918,0.002027984641688161,1129.3999999984642,0.001052720095580555,2.8621837742595725e-06,0.0,137336.7540397213
nominal,486.0,False,5,0.051171131781432004,0.0020281980249565812,1155.4399999984532,0.001052709585743235,2.874418717285924e-06,0.0,137336.97848496132
nominal,487.0,False,5,0.051388670222616686,0.0020284111426138217,1181.4799999984423,0.0010526990748008164,2.8866384307318037e-06,0.0,137337.20080497453
nominal,488.0,False,5,0.05160593788042385,0.002028623994990504,1207.5199999984313,0.0010526885627546738,2.898842933554397e-06,0.0,137337.42100240616
nominal,489.0,False,5,0.05182293509191408,0.002028836582416839,1233.5599999984204,0.0010526780496061812,2.9110322446872946e-06,0.0,137337.63907989833
nominal,490.0,False,5,0.05203966219372848,0.0020290489052226276,1259.5999999984094,0.0010526675353567105,2.923206383040523e-06,0.0,137337.85504008984
nominal,491.0,False,5,0.052256119522089,0.002029260963737258,1285.6399999983985,0.001052657020007632,2.935365367500565e-06,0.0,137338.06888561617
nominal,492.0,False,5,0.05247230741279916,0.00202947275828971,1311.6799999983875,0.0010526465035603156,2.9475092169303976e-06,0.0,137338.28061910978
nominal,493.0,False,5,0.052688226201244394,0.0020296842892085537,1337.7199999983766,0.001052635986016128,2.9596379501695144e-06,0.0,137338.49024319954
nominal,494.0,False,5,0.05290387622239274,0.0020298955568219495,1363.7599999983656,0.001052625467376434,2.9717515860339618e-06,0.0,137338.6977605111
nominal,495.0,False,5,0.053119257810795274,0.00203010656145765,1389.7999999983547,0.0010526149476425967,2.9838501433163643e-06,0.0,137338.90317366685
nominal,496.0,False,5,0.05333437130058669,0.0020303173034429997,1415.8399999983437,0.0010526044268159792,2.9959336407859572e-06,0.0,137339.1064852861
nominal,497.0,False,5,0.05354921702548556,0.002030527783104935,1441.8799999983328,0.0010525939048979418,3.0080020971886013e-06,0.0,137339.30769798474
nominal,498.0,False,5,0.05376379531879528,0.0020307380007699863,1467.9199999983218,0.0010525833818898428,3.020055531246836e-06,0.0,137339.50681437543
nominal,499.0,False,5,0.05397810651340427,0.0020309479567642776,1493.9599999983109,0.0010525728577930379,3.03209396165989e-06,0.0,137339.7038370674
nominal,500.0,False,5,0.054192150941786574,0.002031157651413525,1519.9999999983,0.0010525623326088835,3.0441174071037157e-06,0.0,137339.898768667
nominal,501.0,False,5,0.05440592893600239,0.002031367085043042,1546.039999998289,0.0010525518063387333,3.056125886231019e-06,0.0,137340.09161177708
nominal,502.0,False,5,0.05461944082769863,0.0020315762579777357,1572.079999998278,0.0010525412789839383,3.0681194176712884e-06,0.0,137340.2823689973
nominal,503.0,False,5,0.054832686948109305,0.002031785170542108,1598.119999998267,0.0010525307505458504,3.080098020030822e-06,0.0,137340.47104292424
nominal,504.0,False,5,0.05504566762805612,0.0020319938230602586,1624.1599999982561,0.0010525202210258156,3.0920617118927546e-06,0.0,137340.6576361509
nominal,505.0,False,5,0.05525838319794912,0.002032202215855882,1650.1999999982452,0.0010525096904251815,3.1040105118170983e-06,0.0,137340.84215126725
nominal,506.0,False,5,0.05547083398778692,0.0020324103492522718,1676.2399999982342,0.0010524991587452937,3.115944438340755e-06,0.0,137341.02459086018
nominal,507.0,False,5,0.05568302032715744,0.0020326182235723173,1702.2799999982233,0.0010524886259874963,3.1278635099775546e-06,0.0,137341.20495751326
nominal,508.0,False,5,0.055894942545238274,0.0020328258391385068,1728.3199999982123,0.0010524780921531288,3.1397677452182797e-06,0.0,137341.38325380653
nominal,509.0,False,5,0.05610660097079736,0.0020330331962729272,1754.3599999982014,0.001052467557243533,3.1516571625307e-06,0.0,137341.5594823173
nominal,510.0,False,5,0.05631799593219331,0.002033240295297264,1780.3999999981904,0.0010524570212600462,3.163531780359594e-06,0.0,137341.7336456194
nominal,511.0,False,5,0.05652912775737609,0.0020334471365328027,1806.4399999981795,0.001052446484204006,3.175391617126783e-06,0.0,137341.90574628353
nominal,512.0,False,5,0.05673999677388743,0.0020336537203004285,1832.4799999981685,0.001052435946076747,3.1872366912311595e-06,0.0,137342.07578687725
nominal,513.0,False,5,0.05695060330886129,0.002033860046920628,1858.5199999981576,0.0010524254068796028,3.1990670210487083e-06,0.0,137342.24376996473
nominal,514.0,False,5,0.05716094768902446,0.002034066116713488,1884.5599999981466,0.0010524148666139054,3.210882624932543e-06,0.0,137342.4096981072
nominal,515.0,False,5,0.05737103024069701,0.0020342719299986972,1910.5999999981357,0.0010524043252809854,3.2226835212129317e-06,0.0,137342.5735738626
nominal,516.0,False,5,0.05758085128979287,0.0020344774870955464,1936.6399999981247,0.0010523937828821705,3.234469728197327e-06,0.0,137342.73539978557
nominal,517.0,False,5,0.05779041116182034,0.0020346827883229285,1962.6799999981138,0.0010523832394187865,3.246241264170396e-06,0.0,137342.8951784276
nominal,518.0,False,5,0.05799971018188231,0.0020348878339993405,1988.7199999981028,0.0010523726948921592,3.2579981473940348e-06,0.0,137343.05291233704
nominal,519.0,False,5,0.05820874867467727,0.0020350926244428816,2014.7599999980919,0.001052362149303613,3.2697403961074218e-06,0.0,137343.2086040593
nominal,520.0,False,5,0.05841752696449939,0.0020352971599712564,2040.799999998081,0.0010523516026544686,3.281468028527024e-06,0.0,137343.36225613626
nominal,521.0,False,5,0.058626045375239126,0.002035501440901773,2066.8399999980866,0.0010523410549460482,3.29318106284663e-06,0.0,137343.513871107
nominal,522.0,False,5,0.0588343042303839,0.0020357054675513445,2092.8799999980984,0.0010523305061796683,3.3048795172373908e-06,0.0,137343.66345150696
nominal,523.0,False,5,0.05904230385301841,0.0020359092402364907,2118.91999999811,0.0010523199563566466,3.316563409847833e-06,0.0,137343.81099986885
nominal,524.0,False,5,0.059250044565825104,0.002036112759273336,2144.959999998122,0.0010523094054782976,3.3282327588038895e-06,0.0,137343.95651872197
nominal,525.0,False,5,0.059457526691084936,0.0020363160249776127,2170.9999999981337,0.0010522988535459359,3.3398875822089394e-06,0.0,137344.10001059267
nominal,526.0,False,5,0.05966475055067761,0.0020365190376646584,2197.0399999981455,0.0010522883005608726,3.3515278981438226e-06,0.0,137344.24147800397
nominal,527.0,False,5,0.059871716466082144,0.0020367217976494196,2223.0799999981573,0.0010522777465244184,3.3631537246668713e-06,0.0,137344.38092347587
nominal,528.0,False,5,0.060078424758377415,0.0020369243052464504,2249.119999998169,0.0010522671914378824,3.3747650798139414e-06,0.0,137344.51834952526
nominal,529.0,False,5,0.06028487574824266,0.0020371265607699125,2275.159999998181,0.0010522566353025715,3.3863619815984393e-06,0.0,137344.65375866578
nominal,530.0,True,5,0.05650246595907584,0.002033421016551614,1.1999999981921807,0.0010523180428266058,3.173893952928186e-06,0.0,137324.99999999997
nominal,531.0,False,6,0.04323236073334998,0.0020204205844365527,27.239999998192225,0.0010530654086437791,2.4284768102293597e-06,0.0,137325.25353270155
nominal,532.0,False,6,0.043459781047485206,0.002020643383148787,53.279999998192,0.001053054937980267,2.441251614789741e-06,0.0,137325.5533134563
nominal,533.0,False,6,0.04368691827767244,0.002020865904529863,79.31999999819212,0.0010530444661628932,2.4540105177710423e-06,0.0,137325.85087520935
nominal,534.0,False,6,0.043913772776283486,0.002021088148924992,105.35999999819254,0.001053033993193096,2.4667535389669254e-06,0.0,137326.14622072314
nominal,535.0,False,6,0.044140344895251676,0.0020213101166789552,131.39999999819295,0.0010530235190723068,2.479480698146422e-06,0.0,137326.4393527558
nominal,536.0,False,6,0.04436663498607213,0.002021531808136105,157.43999999819337,0.0010530130438019614,2.49219201505395e-06,0.0,137326.73027406321
nominal,537.0,False,6,0.044592643399802505,0.0020217532236403647,183.4799999981938,0.0010530025673834863,2.504887509409352e-06,0.0,137327.01898739644
nominal,538.0,False,6,0.04481837048706354,0.00202197436353523,209.5199999981942,0.0010529920898183142,2.517567200907928e-06,0.0,137327.30549550438
nominal,539.0,False,6,0.04504381659803937,0.0020221952281637683,235.55999999819463,0.0010529816111078721,2.530231109220454e-06,0.0,137327.58980113204
nominal,540.0,False,6,0.045268982082478405,0.002022415817868621,261.599999998195,0.0010529711312535855,2.5428792539932294e-06,0.0,137327.8719070209
nominal,541.0,False,6,0.04549386728969358,0.0020226361329920015,287.63999999819544,0.0010529606502568773,2.555511654848092e-06,0.0,137328.15181590902
nominal,542.0,False,6,0.04571847256856312,0.0020228561738756994,313.67999999819585,0.0010529501681191703,2.5681283313824595e-06,0.0,137328.42953053123
nominal,543.0,False,6,0.04594279826753089,0.002023075940861076,339.7199999981963,0.0010529396848418847,2.580729303169352e-06,0.0,137328.70505361888
nominal,544.0,False,6,0.04616684473460701,0.002023295434289071,365.7599999981967,0.0010529292004264387,2.5933145897574254e-06,0.0,137328.9783878998
nominal,545.0,False,6,0.046390612317368546,0.0020235146545001964,391.7999999981971,0.001052918714874248,2.605884210671008e-06,0.0,137329.24953609848
nominal,546.0,False,6,0.04661410136295982,0.002023733601834543,417.8399999981975,0.0010529082281867292,2.618438185410121e-06,0.0,137329.51850093622
nominal,547.0,False,6,0.04683731221809301,0.0020239522766317764,443.87999999819795,0.0010528977403652959,2.6309765334505108e-06,0.0,137329.78528513087
nominal,548.0,False,6,0.04706024522904874,0.0020241706792311406,469.91999999819836,0.0010528872514113578,2.6434992742436815e-06,0.0,137330.04989139663
nominal,549.0,False,6,0.04728290074167664,0.002024388809971457,495.9599999981988,0.0010528767613263248,2.6560064272169283e-06,0.0,137330.31232244437
nominal,550.0,False,6,0.04750527910139588,0.002024606669191125,521.9999999981992,0.0010528662701116062,2.6684980117733653e-06,0.0,137330.57258098206
nominal,551.0,False,6,0.047727380653195546,0.0020248242572281226,548.0399999981996,0.0010528557777686068,2.6809740472919475e-06,0.0,137330.83066971367
nominal,552.0,False,6,0.047949205741635366,0.002025041574420008,574.0799999982,0.001052845284298732,2.693434553127513e-06,0.0,137331.08659134022
nominal,553.0,False,6,0.048170754710846156,0.0020252586211039186,600.1199999982005,0.001052834789703385,2.7058795486108058e-06,0.0,137331.3403485594
nominal,554.0,False,6,0.048392027904530406,0.002025475397616572,626.1599999982009,0.0010528242939839658,2.7183090530485096e-06,0.0,137331.59194406515
nominal,555.0,False,6,0.048613025665962664,0.0020256919042942667,652.1999999982013,0.0010528137971418734,2.73072308572327e-06,0.0,137331.84138054834
nominal,556.0,False,6,0.04883374833799032,0.0020259081414728828,678.2399999982017,0.001052803299178505,2.7431216658937377e-06,0.0,137332.08866069635
nominal,557.0,False,6,0.049054196263033964,0.0020261241094878825,704.2799999982021,0.001052792800095259,2.755504812794589e-06,0.0,137332.33378719364
nominal,558.0,False,6,0.04927436978308797,0.00202633980867431,730.3199999982025,0.0010527822998935266,2.7678725456365584e-06,0.0,137332.57676272068
nominal,559.0,False,6,0.04949426923972091,0.0020265552393667926,756.359999998203,0.0010527717985747,2.7802248836064623e-06,0.0,137332.81758995488
nominal,560.0,False,6,0.04971389497407635,0.002026770401899541,782.3999999982034,0.0010527612961401707,2.7925618458672424e-06,0.0,137333.0562715705
nominal,561.0,False,6,0.04993324732687298,0.0020269852966063504,808.4399999982038,0.001052750792591327,2.8048834515579756e-06,0.0,137333.29281023823
nominal,562.0,False,6,0.05015232663840563,0.0020271999238206,834.4799999982042,0.0010527402879295564,2.8171897197939278e-06,0.0,137333.52720862557
nominal,563.0,False,6,0.050371133248545356,0.002027414283875254,860.5199999982046,0.0010527297821562452,2.8294806696665614e-06,0.0,137333.75946939684
nominal,564.0,False,6,0.05058966749674024,0.0020276283771028616,886.5599999982051,0.0010527192752727756,2.841756320243579e-06,0.0,137333.98959521262
nominal,565.0,False,6,0.05080792972201585,0.0020278422038355597,912.5999999982055,0.0010527087672805309,2.85401669056895e-06,0.0,137334.21758873065
nominal,566.0,False,6,0.05102592026297572,0.002028055764405071,938.6399999982059,0.0010526982581808898,2.866261799662935e-06,0.0,137334.44345260493
nominal,567.0,False,6,0.051243639457801915,0.002028269059142704,964.6799999982063,0.0010526877479752293,2.8784916665221222e-06,0.0,137334.66718948624
nominal,568.0,False,6,0.051461087644255506,0.002028482088379356,990.7199999982067,0.001052677236664929,2.8907063101194498e-06,0.0,137334.88880202238
nominal,569.0,False,6,0.051678265159677175,0.002028694852445513,1016.7599999982071,0.001052666724251362,2.9029057494042424e-06,0.0,137335.10829285753
nominal,570.0,False,6,0.05189517234098768,0.002028907351671249,1042.7999999981994,0.0010526562107359024,2.915090003302236e-06,0.0,137335.32566463275
nominal,571.0,False,6,0.052111809524688364,0.002029119586386226,1068.8399999981884,0.001052645696119922,2.9272590907156064e-06,0.0,137335.54091998585
nominal,572.0,False,6,0.052328177046861754,0.002029331556919697,1094.8799999981775,0.0010526351804047908,2.9394130305230045e-06,0.0,137335.75406155124
nominal,573.0,False,6,0.05254427524317199,0.002029543263600506,1120.9199999981665,0.001052624663591877,2.9515518415795793e-06,0.0,137335.96509196007
nominal,574.0,False,6,0.05276010444886542,0.002029754706757085,1146.9599999981556,0.0010526141456825462,2.9636755427170093e-06,0.0,137336.17401384018
nominal,575.0,False,6,0.052975664998771134,0.0020299658867174593,1172.9999999981446,0.001052603626678164,2.9757841527435374e-06,0.0,137336.38082981622
nominal,576.0,False,6,0.053190957227301355,0.0020301768038092456,1199.0399999981337,0.0010525931065800925,2.987877690443988e-06,0.0,137336.58554250945
nominal,577.0,False,6,0.053405981468452046,0.002030387458359652,1225.0799999981227,0.0010525825853896944,2.9999561745798035e-06,0.0,137336.78815453808
nominal,578.0,False,6,0.05362073805580351,0.00203059785069548,1251.1199999981118,0.0010525720631083288,3.0120196238890774e-06,0.0,137336.9886685169
nominal,579.0,False,6,0.05383522732252079,0.0020308079811431246,1277.1599999981008,0.0010525615397373536,3.024068057086578e-06,0.0,137337.18708705745
nominal,580.0,False,6,0.05404944960135411,0.0020310178500285727,1303.1999999980899,0.0010525510152781259,3.036101492863771e-06,0.0,137337.3834127682
nominal,581.0,False,6,0.054263405224639696,0.002031227457677408,1329.239999998079,0.001052540489731999,3.048119949888867e-06,0.0,137337.57764825397
nominal,582.0,False,6,0.05447709452429987,0.002031436804414807,1355.279999998068,0.0010525299631003267,3.0601234468068267e-06,0.0,137337.7697961168
nominal,583.0,False,6,0.05469051783184399,0.002031645890565542,1381.319999998057,0.0010525194353844603,3.0721120022394133e-06,0.0,137337.9598589552
nominal,584.0,False,6,0.054903675478368684,0.002031854716453982,1407.359999998046,0.0010525089065857494,3.084085634785206e-06,0.0,137338.14783936462
nominal,585.0,False,6,0.05511656779455834,0.0020320632824040903,1433.3999999980351,0.0010524983767055411,3.096044363019627e-06,0.0,137338.333739937
nominal,586.0,False,6,0.05532919511068596,0.0020322715887394287,1459.4399999980242,0.0010524878457451809,3.107988205494991e-06,0.0,137338.51756326112
nominal,587.0,False,6,0.055541557756613215,0.002032479635783155,1485.4799999980132,0.0010524773137060145,3.1199171807405055e-06,0.0,137338.69931192297
nominal,588.0,False,6,0.05575365606179126,0.002032687423858026,1511.5199999980023,0.001052466780589385,3.1318313072623193e-06,0.0,137338.8789885049
nominal,589.0,False,6,0.05596549035526118,0.0020328949532863955,1537.5599999979913,0.001052456246396633,3.1437306035435464e-06,0.0,137339.05659558612
nominal,590.0,False,6,0.056177060965654474,0.0020331022243902167,1563.5999999979804,0.0010524457111290987,3.155615088044293e-06,0.0,137339.23213574276
nominal,591.0,False,6,0.056388368221193585,0.002033309237491042,1589.6399999979694,0.0010524351747881193,3.167484779201688e-06,0.0,137339.40561154758
nominal,592.0,False,6,0.05659941244969235,0.0020335159929100234,1615.6799999979585,0.0010524246373750314,3.1793396954299064e-06,0.0,137339.5770255702
nominal,593.0,False,6,0.05681019397855656,0.0020337224909679134,1641.7199999979475,0.0010524140988911693,3.191179855120204e-06,0.0,137339.7463803771
nominal,594.0,False,6,0.057020713134784524,0.002033928731985065,1667.7599999979366,0.0010524035593378665,3.203005276640947e-06,0.0,137339.91367853153
nominal,595.0,False,6,0.05723097024496746,0.0020341347162814325,1693.7999999979256,0.0010523930187164533,3.2148159783376327e-06,0.0,137340.0789225934
nominal,596.0,False,6,0.057440965635290095,0.0020343404441765718,1719.8399999979147,0.0010523824770282601,3.226611978532926e-06,0.0,137340.24211511976
nominal,597.0,False,6,0.057650699631531126,0.002034545915989641,1745.8799999979037,0.0010523719342746135,3.238393295526683e-06,0.0,137340.403258664
nominal,598.0,False,6,0.0578601725590637,0.0020347511320394016,1771.9199999978928,0.0010523613904568402,3.250159947595981e-06,0.0,137340.56235577678
nominal,599.0,False,6,0.058069384742855924,0.0020349560926442175,1797.9599999978818,0.0010523508455762655,3.2619119529951437e-06,0.0,137340.71940900545
nominal,600.0,False,6,0.0582783365074715,0.0020351607981220566,1823.9999999978709,0.0010523402996342115,3.2736493299557776e-06,0.0,137340.8744208941
nominal,601.0,False,6,0.05848702817707004,0.002035365248790491,1850.03999999786,0.0010523297526320004,3.285372096686791e-06,0.0,137341.02739398376
nominal,602.0,False,6,0.058695460075407754,0.0020355694449666977,1876.079999997849,0.0010523192045709515,3.2970802713744333e-06,0.0,137341.17833081225
nominal,603.0,False,6,0.058903632525837746,0.0020357733869674583,1902.119999997838,0.0010523086554523825,3.3087738721823082e-06,0.0,137341.32723391423
nominal,604.0,False,6,0.05911154585131071,0.002035977075109161,1928.159999997827,0.0010522981052776092,3.320452917251417e-06,0.0,137341.47410582102
nominal,605.0,False,6,0.05931920037437528,0.0020361805097077997,1954.1999999978161,0.001052287554047948,3.332117424700175e-06,0.0,137341.61894906126
nominal,606.0,False,6,0.05952659641717862,0.0020363836910789745,1980.2399999978052,0.0010522770017647105,3.343767412624446e-06,0.0,137341.7617661599
nominal,607.0,False,6,0.05973373430146679,0.002036586619537893,2006.2799999977942,0.0010522664484292083,3.3554028990975627e-06,0.0,137341.90255963916
nominal,608.0,False,6,0.05994061434858558,0.0020367892953993714,2032.3199999977833,0.0010522558940427513,3.3670239021703737e-06,0.0,137342.0413320179
nominal,609.0,False,6,0.06014723687948056,0.002036991718977832,2058.3599999977814,0.0010522453386066488,3.3786304398712464e-06,0.0,137342.178085812
nominal,610.0,False,6,0.06035360221469801,0.0020371938905873075,2084.399999997793,0.0010522347821222066,3.3902225302061186e-06,0.0,137342.31282353404
nominal,611.0,False,6,0.06055971067438496,0.002037395810541439,2110.439999997805,0.001052224224590729,3.401800191158502e-06,0.0,137342.4455476935
nominal,612.0,False,6,0.06076556257829011,0.0020375974791534777,2136.479999997817,0.0010522136660135204,3.413363440689532e-06,0.0,137342.57626079692
nominal,613.0,False,6,0.06097115824576419,0.0020377988967362837,2162.5199999978286,0.001052203106391881,3.424912296737989e-06,0.0,137342.7049653474
nominal,614.0,False,6,0.061176497995760214,0.0020380000636023286,2188.5599999978404,0.0010521925457271147,3.4364467772203133e-06,0.0,137342.8316638455
nominal,615.0,False,6,0.0613815821468343,0.002038200980063695,2214.599999997852,0.001052181984020515,3.447966900030651e-06,0.0,137342.95635878778
nominal,616.0,False,6,0.061586411017146125,0.002038401646432077,2240.639999997864,0.0010521714212733803,3.4594726830408767e-06,0.0,137343.07905266833
nominal,617.0,False,6,0.06179098492445915,0.0020386020630187808,2266.6799999978757,0.0010521608574870073,3.4709641441006113e-06,0.0,137343.19974797821
nominal,618.0,False,6,0.06199530418614138,0.002038802230134724,2292.7199999978875,0.0010521502926626874,3.4824413010372607e-06,0.0,137343.3184472048
nominal,619.0,False,7,0.04427459554832975,0.0020214416391101686,18.759999997890823,0.001053006079082399,2.487021914777388e-06,0.0,137325.15147078075
nominal,620.0,False,7,0.044500718529166886,0.0020216631668533193,44.79999999789071,0.0010529956031309043,2.499723844672216e-06,0.0,137325.44108216776
nominal,621.0,False,7,0.044726560040926025,0.002021884418847365,70.8399999978906,0.0010529851260321305,2.5124099636995104e-06,0.0,137325.72848721157
nominal,622.0,False,7,0.04495212043396879,0.002022105395435547,96.87999999789102,0.0010529746477875056,2.5250802915400165e-06,0.0,137326.0136886585
nominal,623.0,False,7,0.04517740005822088,0.0020223260969606804,122.91999999789144,0.0010529641683984564,2.537734847849993e-06,0.0,137326.29668925158
nominal,624.0,False,7,0.04540239926317233,0.0020225465237651524,148.95999999789186,0.0010529536878664068,2.550373652261225e-06,0.0,137326.57749173025
nominal,625.0,False,7,0.045627118397878204,0.0020227666761909245,174.99999999789227,0.00105294320619278,2.562996724381065e-06,0.0,137326.85609883067
nominal,626.0,False,7,0.045851557810958975,0.0020229865545795334,201.0399999978927,0.0010529327233789964,2.5756040837924536e-06,0.0,137327.13251328556
nominal,627.0,False,7,0.04607571785060125,0.002023206159272089,227.0799999978931,0.0010529222394264762,2.588195750053959e-06,0.0,137327.40673782432
nominal,628.0,False,7,0.04629959886455822,0.002023425490609278,253.11999999789353,0.0010529117543366365,2.6007717426998046e-06,0.0,137327.67877517283
nominal,629.0,False,7,0.046523201200150154,0.002023644548931363,279.1599999978939,0.001052901268110893,2.6133320812398935e-06,0.0,137327.94862805362
nominal,630.0,False,7,0.04674652520426506,0.0020238633345781814,305.19999999789434,0.0010528907807506591,2.6258767851598496e-06,0.0,137328.21629918576
nominal,631.0,False,7,0.046969571223359076,0.002024081847889149,331.23999999789476,0.001052880292257346,2.6384058739210366e-06,0.0,137328.4817912849
nominal,632.0,False,7,0.047192339603457166,0.0020243000892032595,357.2799999978952,0.0010528698026323658,2.6509193669605977e-06,0.0,137328.7451070636
nominal,633.0,False,7,0.0474148306901535,0.0020245180588590837,383.3199999978956,0.0010528593118771278,2.6634172836914778e-06,0.0,137329.00624923097
nominal,634.0,False,7,0.04763704482861209,0.0020247357571947715,409.359999997896,0.001052848819993036,2.6758996435024584e-06,0.0,137329.2652204922
nominal,635.0,False,7,0.047858982363567365,0.002024953184548051,435.39999999789643,0.0010528383269814987,2.6883664657581904e-06,0.0,137329.5220235501
nominal,636.0,False,7,0.048080643639324544,0.0020251703412562305,461.43999999789685,0.001052827832843917,2.700817769799214e-06,0.0,137329.7766611031
nominal,637.0,False,7,0.04830202899976039,0.0020253872276561995,487.47999999789727,0.0010528173375816945,2.7132535749420034e-06,0.0,137330.02913584711
nominal,638.0,False,7,0.04852313878832349,0.002025603844084426,513.5199999978977,0.0010528068411962308,2.72567390047898e-06,0.0,137330.27945047422
nominal,639.0,False,7,0.04874397334803496,0.002025820190876961,539.5599999978981,0.0010527963436889219,2.7380787656785526e-06,0.0,137330.527607673
nominal,640.0,False,7,0.048964533021489,0.0020260362683694366,565.5999999978985,0.0010527858450611665,2.7504681897851507e-06,0.0,137330.77361012914
nominal,641.0,False,7,0.0491848181508533,0.0020262520768970665,591.6399999978989,0.0010527753453143578,2.7628421920192435e-06,0.0,137331.0174605247
nominal,642.0,False,7,0.04940482907786964,0.002026467616794648,617.6799999978994,0.0010527648444498899,2.7752007915773768e-06,0.0,137331.2591615386
nominal,643.0,False,7,0.04962456614385445,0.0020266828883965613,643.7199999978998,0.0010527543424691528,2.787544007632204e-06,0.0,137331.4987158461
nominal,644.0,False,7,0.04984402968969921,0.00202689789203677,669.7599999979002,0.0010527438393735367,2.799871859332506e-06,0.0,137331.73612611947
nominal,645.0,False,7,0.05006322005587123,0.0020271126280488228,695.7999999979006,0.0010527333351644293,2.8121843658032387e-06,0.0,137331.97139502753
nominal,646.0,False,7,0.050282137582413816,0.002027327096765853,721.839999997901,0.001052722829843217,2.8244815461455406e-06,0.0,137332.2045252358
nominal,647.0,False,7,0.05050078260894716,0.0020275412985205784,747.8799999979015,0.0010527123234112831,2.8367634194367807e-06,0.0,137332.43551940628
nominal,648.0,False,7,0.0507191554746687,0.0020277552336453036,773.9199999979019,0.0010527018158700114,2.849030004730584e-06,0.0,137332.66438019802
nominal,649.0,False,7,0.050937256518353506,0.0020279689024719195,799.9599999979023,0.001052691307220783,2.8612813210568464e-06,0.0,137332.8911102666
nominal,650.0,False,7,0.05115508607835516,0.0020281823053319033,825.9999999979027,0.0010526807974649756,2.873517387421791e-06,0.0,137333.11571226406
nominal,651.0,False,7,0.05137264449260596,0.00202839544255632,852.0399999979031,0.0010526702866039675,2.8857382228079734e-06,0.0,137333.3381888395
nominal,652.0,False,7,0.05158993209861753,0.002028608314475822,878.0799999979035,0.0010526597746391352,2.8979438461743213e-06,0.0,137333.5585426386
nominal,653.0,False,7,0.051806949233481475,0.0020288209214206513,904.119999997904,0.0010526492615718526,2.910134276456167e-06,0.0,137333.7767763037
nominal,654.0,False,7,0.052023696233869696,0.0020290332637206373,930.1599999979044,0.0010526387474034894,2.9223095325652677e-06,0.0,137333.9928924736
nominal,655.0,False,7,0.05224017343603507,0.0020292453417052004,956.1999999979048,0.0010526282321354176,2.934469633389843e-06,0.0,137334.20689378417
nominal,656.0,False,7,0.05245638117581196,0.0020294571557033497,982.2399999979052,0.0010526177157690077,2.946614597794603e-06,0.0,137334.41878286816
nominal,657.0,False,7,0.05267231978861662,0.0020296687060436846,1008.2799999979056,0.001052607198305625,2.958744444620772e-06,0.0,137334.62856235454
nominal,658.0,False,7,0.0528879896094478,0.002029879993054397,1034.3199999979015,0.0010525966797466353,2.9708591926861217e-06,0.0,137334.8362348693
nominal,659.0,False,7,0.05310339097288734,0.002030091017063269,1060.3599999978906,0.0010525861600934028,2.9829588607850042e-06,0.0,137335.04180303513
nominal,660.0,False,7,0.05331852421310045,0.0020303017783976753,1086.3999999978796,0.0010525756393472891,2.99504346768837e-06,0.0,137335.2452694715
nominal,661.0,False,7,0.05353338966383657,0.0020305122773845827,1112.4399999978687,0.0010525651175096562,3.0071130321438133e-06,0.0,137335.4466367946
nominal,662.0,False,7,0.05374798765842959,0.002030722514350551,1138.4799999978577,0.0010525545945818606,3.0191675728755868e-06,0.0,137335.64590761717
nominal,663.0,False,7,0.053962318529798436,0.0020309324896217334,1164.5199999978468,0.0010525440705652592,3.0312071085846317e-06,0.0,137335.8430845488
nominal,664.0,False,7,0.05417638261044771,0.0020311422035238775,1190.5599999978358,0.0010525335454612083,3.043231657948618e-06,0.0,137336.03817019603
nominal,665.0,False,7,0.05439018023246812,0.002031351656382326,1216.5999999978249,0.0010525230192710625,3.0552412396219646e-06,0.0,137336.2311671621
nominal,666.0,False,7,0.05460371172753703,0.002031560848522015,1242.639999997814,0.0010525124919961721,3.067235872235872e-06,0.0,137336.42207804677
nominal,667.0,False,7,0.05481697742691882,0.002031769780267478,1268.679999997803,0.0010525019636378878,3.0792155743983427e-06,0.0,137336.61090544667
nominal,668.0,False,7,0.05502997766146567,0.0020319784519428428,1294.719999997792,0.001052491434197559,3.091180364694224e-06,0.0,137336.79765195548
nominal,669.0,False,7,0.05524271276161788,0.0020321868638718344,1320.759999997781,0.0010524809036765307,3.1031302616852284e-06,0.0,137336.98232016305
nominal,670.0,False,7,0.055455183057404406,0.0020323950163777756,1346.79999999777,0.0010524703720761498,3.1150652839099603e-06,0.0,137337.16491265662
nominal,671.0,False,7,0.0556673888784434,0.0020326029097835862,1372.8399999977592,0.0010524598393977591,3.1269854498839487e-06,0.0,137337.34543201994
nominal,672.0,False,7,0.05587933055394271,0.0020328105444117834,1398.8799999977482,0.0010524493056427006,3.1388907780996754e-06,0.0,137337.52388083347
nominal,673.0,False,7,0.05609100841270042,0.0020330179205844835,1424.9199999977372,0.0010524387708123147,3.1507812870266044e-06,0.0,137337.70026167462
nominal,674.0,False,7,0.056302422783105315,0.0020332250386234023,1450.9599999977263,0.0010524282349079403,3.1626569951112076e-06,0.0,137337.8745771176
nominal,675.0,False,7,0.05651357399313746,0.0020334318988498544,1476.9999999977153,0.0010524176979309137,3.1745179207769986e-06,0.0,137338.04682973318
nominal,676.0,False,7,0.05672446237036861,0.0020336385015847546,1503.0399999977044,0.0010524071598825699,3.1863640824245554e-06,0.0,137338.21702208917
nominal,677.0,False,7,0.056935088241962785,0.0020338448471486185,1529.0799999976934,0.0010523966207642425,3.198195498431552e-06,0.0,137338.38515675004
nominal,678.0,False,7,0.057145451934676815,0.0020340509358615626,1555.1199999976825,0.0010523860805772645,3.210012187152789e-06,0.0,137338.5512362773
nominal,679.0,False,7,0.0573555537748608,0.002034256768043305,1581.1599999976715,0.0010523755393229643,3.221814166920221e-06,0.0,137338.71526322886
nominal,680.0,False,7,0.05756539408845845,0.0020344623440131655,1607.1999999976606,0.0010523649970026715,3.2336014560429743e-06,0.0,137338.87724015984
nominal,681.0,False,7,0.057774973201007954,0.0020346676640900668,1633.2399999976496,0.0010523544536177123,3.245374072807395e-06,0.0,137339.0371696219
nominal,682.0,False,7,0.05798429143764217,0.0020348727285925345,1659.2799999976387,0.0010523439091694128,3.257132035477062e-06,0.0,137339.19505416378
nominal,683.0,False,7,0.05819334912308932,0.0020350775378386978,1685.3199999976277,0.001052333363659097,3.2688753622928235e-06,0.0,137339.35089633096
nominal,684.0,False,7,0.05840214658167337,0.0020352820921462895,1711.3599999976168,0.0010523228170880867,3.2806040714728206e-06,0.0,137339.50469866564
nominal,685.0,False,7,0.058610684137314524,0.0020354863918326475,1737.3999999976058,0.0010523122694577017,3.2923181812125134e-06,0.0,137339.65646370695
nominal,686.0,False,7,0.05881896211352986,0.0020356904372147142,1763.439999997595,0.0010523017207692597,3.304017709684718e-06,0.0,137339.80619399063
nominal,687.0,False,7,0.0590269808334338,0.002035894228609038,1789.479999997584,0.0010522911710240785,3.3157026750396313e-06,0.0,137339.95389204967
nominal,688.0,False,7,0.05923474061973844,0.0020360977663317725,1815.519999997573,0.0010522806202234742,3.3273730954048517e-06,0.0,137340.09956041368
nominal,689.0,False,7,0.05944224179475423,0.0020363010506986787,1841.559999997562,0.0010522700683687591,3.339028988885414e-06,0.0,137340.24320160903
nominal,690.0,False,7,0.059649484680390434,0.0020365040820251234,1867.599999997551,0.001052259515461246,3.3506703735638202e-06,0.0,137340.38481815907
nominal,691.0,False,7,0.05985646959815566,0.0020367068606260822,1893.6399999975401,0.0010522489615022465,3.3622972675000636e-06,0.0,137340.5244125843
nominal,692.0,False,7,0.06006319686915824,0.0020369093868161377,1919.6799999975292,0.0010522384064930684,3.3739096887316548e-06,0.0,137340.66198740143
nominal,693.0,False,7,0.060269666814106754,0.002037111660909481,1945.7199999975182,0.0010522278504350195,3.3855076552736488e-06,0.0,137340.79754512466
nominal,694.0,False,7,0.0604758797533107,0.0020373136832199123,1971.7599999975073,0.0010522172933294044,3.3970911851186826e-06,0.0,137340.9310882646
nominal,695.0,False,7,0.06068183600668083,0.002037515454060841,1997.7999999974963,0.0010522067351775278,3.4086602962369948e-06,0.0,137341.06261932894
nominal,696.0,False,7,0.060887535893729666,0.0020377169737452873,2023.8399999974854,0.0010521961759806919,3.4202150065764545e-06,0.0,137341.19214082227
nominal,697.0,False,7,0.061092979733572035,0.0020379182425858803,2049.8799999974763,0.0010521856157401984,3.4317553340625914e-06,0.0,137341.3196552462
nominal,698.0,False,7,0.06129816784492549,0.002038119260894861,2075.919999997488,0.0010521750544573443,3.443281296598619e-06,0.0,137341.44516509867
nominal,699.0,False,7,0.06150310054611094,0.002038320028984081,2101.9599999975,0.0010521644921334277,3.45479291206547e-06,0.0,137341.56867287512
nominal,700.0,False,7,0.06170777815505297,0.002038520547165004,2127.9999999975116,0.001052153928769746,3.4662901983218157e-06,0.0,137341.69018106777
nominal,701.0,False,7,0.06191220098928051,0.002038720815748707,2154.0399999975234,0.0010521433643675923,3.477773173204101e-06,0.0,137341.80969216544
nominal,702.0,False,7,0.062116369365927196,0.002038920835045878,2180.079999997535,0.0010521327989282587,3.489241854526566e-06,0.0,137341.927208654
nominal,703.0,False,7,0.06232028360173186,0.0020391206053668198,2206.119999997547,0.0010521222324530377,3.500696260081275e-06,0.0,137342.04273301648
nominal,704.0,False,7,0.06252394401303915,0.002039320127021448,2232.1599999975588,0.001052111664943219,3.5121364076381494e-06,0.0,137342.1562677326
nominal,705.0,False,7,0.0627273509157999,0.0020395194003192925,2258.1999999975706,0.0010521010964000877,3.5235623149449876e-06,0.0,137342.2678152786
nominal,706.0,False,7,0.06293050462557166,0.0020397184255694987,2284.2399999975823,0.0010520905268249325,3.5349739997274982e-06,0.0,137342.37737812844
nominal,707.0,False,8,0.044911908216355365,0.002022066000404657,10.279999997589538,0.0010529695310822213,2.5228214642100817e-06,0.0,137325.05409343945
nominal,708.0,False,8,0.0451372378952095,0.0020222867509671902,36.31999999758954,0.0010529590518971968,2.5354788322203272e-06,0.0,137325.33748639404
nominal,709.0,False,8,0.04536228709245699,0.002022507226748022,62.35999999758925,0.0010529485715689174,2.548120444831934e-06,0.0,137325.61868074577
nominal,710.0,False,8,0.045587056157230396,0.0020227274280891906,88.39999999758962,0.001052938090098807,2.560746321656608e-06,0.0,137325.89767923148
nominal,711.0,False,8,0.04581154543822774,0.0020229473553323076,114.43999999759004,0.001052927607488287,2.573356482281646e-06,0.0,137326.17448458454
nominal,712.0,False,8,0.04603575528371294,0.0020231670088185594,140.47999999759045,0.0010529171237387764,2.5859509462699588e-06,0.0,137326.4490995347
nominal,713.0,False,8,0.04625968604151641,0.002023386388888708,166.51999999759087,0.001052906638851693,2.5985297331601065e-06,0.0,137326.72152680863
nominal,714.0,False,8,0.046483338059035643,0.002023605495883091,192.5599999975913,0.001052896152828455,2.6110928624663323e-06,0.0,137326.99176912964
nominal,715.0,False,8,0.04670671168323573,0.0020238243301416224,218.5999999975917,0.001052885665670474,2.6236403536785885e-06,0.0,137327.25982921716
nominal,716.0,False,8,0.04692980726064977,0.002024042892003794,244.63999999759213,0.0010528751773791632,2.636172226262562e-06,0.0,137327.52570978776
nominal,717.0,False,8,0.04715262513737958,0.0020242611818086726,270.6799999975925,0.001052864687955934,2.6486884996597133e-06,0.0,137327.78941355427
nominal,718.0,False,8,0.0473751656590962,0.0020244791998949062,296.71999999759294,0.0010528541974021953,2.6611891932873056e-06,0.0,137328.0509432265
nominal,719.0,False,8,0.04759742917104035,0.0020246969466007183,322.75999999759335,0.0010528437057193529,2.6736743265384294e-06,0.0,137328.31030151038
nominal,720.0,False,8,0.047819416018022955,0.0020249144222639136,348.7999999975938,0.001052833212908812,2.686143918782031e-06,0.0,137328.56749110878
nominal,721.0,False,8,0.04804112654442579,0.0020251316272218746,374.8399999975942,0.0010528227189719793,2.6985979893629537e-06,0.0,137328.82251472154
nominal,722.0,False,8,0.04826256109420197,0.0020253485618115653,400.8799999975946,0.0010528122239102545,2.711036557601958e-06,0.0,137329.07537504454
nominal,723.0,False,8,0.048483720010876474,0.0020255652263695295,426.919999997595,0.0010528017277250373,2.7234596427957576e-06,0.0,137329.32607477048
nominal,724.0,False,8,0.048704603637546626,0.0020257816212318914,452.95999999759545,0.0010527912304177291,2.7358672642170422e-06,0.0,137329.5746165892
nominal,725.0,False,8,0.04892521231688266,0.0020259977467343587,478.99999999759586,0.0010527807319897242,2.748259441114512e-06,0.0,137329.8210031864
nominal,726.0,False,8,0.04914554639112831,0.0020262136032122196,505.0399999975963,0.001052770232442418,2.7606361927129073e-06,0.0,137330.06523724488
nominal,727.0,False,8,0.04936560620210133,0.002026429191000345,531.0799999975967,0.001052759731777203,2.772997538213043e-06,0.0,137330.30732144398
nominal,728.0,False,8,0.04958539209119393,0.00202664451043319,557.1199999975971,0.0010527492299954714,2.785343496791828e-06,0.0,137330.5472584598
nominal,729.0,False,8,0.04980490439937347,0.0020268595618447927,583.1599999975975,0.0010527387270986123,2.797674087602306e-06,0.0,137330.785050965
nominal,730.0,False,8,0.050024143467182695,0.0020270743455687752,609.199999997598,0.001052728223088016,2.809989329773671e-06,0.0,137331.02070162926
nominal,731.0,False,8,0.050243109634740685,0.0020272888619383453,635.2399999975984,0.0010527177179650666,2.8222892424113165e-06,0.0,137331.25421311843
nominal,732.0,False,8,0.050461803241742986,0.0020275031112862944,661.2799999975988,0.00105270721173115,2.8345738445968456e-06,0.0,137331.48558809535
nominal,733.0,False,8,0.05068022462746236,0.0020277170939450016,687.3199999975992,0.001052696704387648,2.8468431553881134e-06,0.0,137331.7148292194
nominal,734.0,False,8,0.05089837413074932,0.0020279308102464305,713.3599999975996,0.0010526861959359428,2.8590971938192542e-06,0.0,137331.94193914678
nominal,735.0,False,8,0.05111625209003243,0.0020281442605221325,739.3999999976,0.001052675686377413,2.871335978900703e-06,0.0,137332.1669205303
nominal,736.0,False,8,0.05133385884331913,0.0020283574451032465,765.4399999976005,0.001052665175713437,2.8835595296192373e-06,0.0,137332.3897760195
nominal,737.0,False,8,0.05155119472819609,0.002028570364320498,791.4799999976009,0.0010526546639453918,2.8957678649379977e-06,0.0,137332.61050826078
nominal,738.0,False,8,0.051768260081829734,0.0020287830185042022,817.5199999976013,0.0010526441510746501,2.907961003796522e-06,0.0,137332.8291198968
nominal,739.0,False,8,0.05198505524096682,0.0020289954079842627,843.5599999976017,0.001052633637102584,2.920138965110771e-06,0.0,137333.04561356726
nominal,740.0,False,8,0.052201580541934925,0.0020292075330901713,869.5999999976021,0.0010526231220305668,2.9323017677731607e-06,0.0,137333.2599919087
nominal,741.0,False,8,0.052417836320642994,0.0020294193941510115,895.6399999976026,0.001052612605859965,2.9444494306525907e-06,0.0,137333.47225755395
nominal,742.0,False,8,0.052633822912581896,0.002029630991495456,921.679999997603,0.0010526020885921463,2.956581972594476e-06,0.0,137333.68241313286
nominal,743.0,False,8,0.05284954065282477,0.0020298423254517693,947.7199999976034,0.001052591570228478,2.9686994124207675e-06,0.0,137333.89046127204
nominal,744.0,False,8,0.0530649898760277,0.0020300533963478057,973.7599999976038,0.0010525810507703232,2.9808017689299888e-06,0.0,137334.09640459472
nominal,745.0,False,8,0.05328017091643028,0.002030264204511013,999.7999999976042,0.0010525705302190454,2.992889060897267e-06,0.0,137334.30024572104
nominal,746.0,False,8,0.05349508410785604,0.0020304747502684307,1025.8399999976039,0.0010525600085760048,3.004961307074359e-06,0.0,137334.5019872676
nominal,747.0,False,8,0.05370972978371292,0.002030685033946691,1051.879999997593,0.0010525494858425594,3.017018526189676e-06,0.0,137334.7016318478
nominal,748.0,False,8,0.05392410827699387,0.00203089505587202,1077.919999997582,0.0010525389620200676,3.0290607369483193e-06,0.0,137334.899182072
nominal,749.0,False,8,0.05413821992027737,0.002031104816370238,1103.959999997571,0.0010525284371098844,3.0410879580321073e-06,0.0,137335.0946405471
nominal,750.0,False,8,0.05435206504572792,0.002031314315766759,1129.99999999756,0.0010525179111133642,3.0531002080996047e-06,0.0,137335.28800987682
nominal,751.0,False,8,0.05456564398509652,0.0020315235543865917,1156.039999997549,0.0010525073840318582,3.065097505786148e-06,0.0,137335.47929266165
nominal,752.0,False,8,0.05477895706972124,0.0020317325325543414,1182.0799999975382,0.0010524968558667188,3.077079869703879e-06,0.0,137335.66849149895
nominal,753.0,False,8,0.05499200463052769,0.0020319412505942084,1208.1199999975272,0.0010524863266192942,3.0890473184417704e-06,0.0,137335.8556089827
nominal,754.0,False,8,0.05520478699802957,0.00203214970882999,1234.1599999975163,0.0010524757962909299,3.1009998705656564e-06,0.0,137336.0406477035
nominal,755.0,False,8,0.05541730450232922,0.0020323579075850803,1260.1999999975053,0.0010524652648829728,3.112937544618265e-06,0.0,137336.2236102491
nominal,756.0,False,8,0.05562955747311801,0.00203256584718247,1286.2399999974944,0.001052454732396766,3.124860359119238e-06,0.0,137336.40449920364
nominal,757.0,False,8,0.055841546239676985,0.0020327735279447494,1312.2799999974834,0.0010524441988336538,3.1367683325651676e-06,0.0,137336.58331714862
nominal,758.0,False,8,0.05605327113087722,0.002032980950194106,1338.3199999974725,0.0010524336641949748,3.1486614834296187e-06,0.0,137336.7600666617
nominal,759.0,False,8,0.0562647324751805,0.0020331881142523264,1364.3599999974615,0.001052423128482067,3.160539830163164e-06,0.0,137336.9347503174
nominal,760.0,False,8,0.05647593060063974,0.002033395020440797,1390.3999999974505,0.0010524125916962699,3.1724033911934094e-06,0.0,137337.10737068762
nominal,761.0,False,8,0.056686865834899486,0.0020336016690805044,1416.4399999974396,0.0010524020538389177,3.184252184925021e-06,0.0,137337.2779303405
nominal,762.0,False,8,0.05689753850519651,0.002033808060492035,1442.4799999974286,0.001052391514911345,3.1960862297397597e-06,0.0,137337.4464318411
nominal,763.0,False,8,0.057107948938360145,0.002034014194995576,1468.5199999974177,0.0010523809749148829,3.2079055439964997e-06,0.0,137337.6128777513
nominal,764.0,False,8,0.05731809746081301,0.002034220072910917,1494.5599999974067,0.001052370433850862,3.2197101460312682e-06,0.0,137337.77727062986
nominal,765.0,False,8,0.05752798439857134,0.002034425694557449,1520.5999999973958,0.0010523598917206122,3.231500054157265e-06,0.0,137337.93961303236
nominal,766.0,False,8,0.05773761007724554,0.0020346310602541652,1546.6399999973848,0.0010523493485254597,3.243275286664894e-06,0.0,137338.0999075111
nominal,767.0,False,8,0.057946974822040836,0.002034836170319662,1572.679999997374,0.0010523388042667295,3.2550358618217987e-06,0.0,137338.2581566151
nominal,768.0,False,8,0.05815607895775746,0.0020350410250721393,1598.719999997363,0.0010523282589457465,3.266781797872872e-06,0.0,137338.41436289056
nominal,769.0,False,8,0.058364922808791415,0.0020352456248294002,1624.759999997352,0.0010523177125638338,3.2785131130403023e-06,0.0,137338.56852888042
nominal,770.0,False,8,0.05857350669913501,0.0020354499699088537,1650.799999997341,0.0010523071651223099,3.2902298255235993e-06,0.0,137338.72065712404
nominal,771.0,False,8,0.05878183095237719,0.0020356540606275126,1676.83999999733,0.0010522966166224945,3.301931953499616e-06,0.0,137338.87075015804
nominal,772.0,False,8,0.05898989589170405,0.002035857897301995,1702.8799999973191,0.0010522860670657054,3.313619515122576e-06,0.0,137339.01881051582
nominal,773.0,False,8,0.05919770183989948,0.0020360614802485254,1728.9199999973082,0.0010522755164532587,3.3252925285241094e-06,0.0,137339.16484072767
nominal,774.0,False,8,0.059405249119345624,0.002036264809782934,1754.9599999972972,0.0010522649647864673,3.33695101181328e-06,0.0,137339.30884332044
nominal,775.0,False,8,0.05961253805202318,0.0020364678862206595,1780.9999999972863,0.0010522544120666459,3.3485949830766003e-06,0.0,137339.45082081837
nominal,776.0,False,8,0.059819568959512105,0.0020366707098767455,1807.0399999972753,0.001052243858295103,3.360224460378074e-06,0.0,137339.5907757419
nominal,777.0,False,8,0.06002634216299219,0.0020368732810658453,1833.0799999972644,0.001052233303473147,3.3718394617592235e-06,0.0,137339.7287106086
nominal,778.0,False,8,0.060232857983243286,0.0020370756001022203,1859.1199999972534,0.0010522227476020872,3.383440005239108e-06,0.0,137339.86462793307
nominal,779.0,False,8,0.060439116740646025,0.00203727766729974,1885.1599999972425,0.0010522121906832295,3.3950261088143607e-06,0.0,137339.9985302268
nominal,780.0,False,8,0.06064511875518228,0.002037479482971883,1911.1999999972315,0.0010522016327178774,3.406597790459215e-06,0.0,137340.13041999785
nominal,781.0,False,8,0.060850864346435544,0.0020376810474317395,1937.2399999972206,0.001052191073707335,3.4181550681255267e-06,0.0,137340.26029975156
nominal,782.0,False,8,0.06105635383359148,0.002037882360992008,1963.2799999972096,0.0010521805136529004,3.4296979597428046e-06,0.0,137340.3881719895
nominal,783.0,False,8,0.06126158753543851,0.002038083423964999,1989.3199999971987,0.001052169952555875,3.441226483218243e-06,0.0,137340.51403921092
nominal,784.0,False,8,0.06146656577036828,0.002038284236662633,2015.3599999971877,0.001052159390417557,3.4527406564367476e-06,0.0,137340.63790391147
nominal,785.0,False,8,0.061671288856375975,0.002038484799396444,2041.3999999971768,0.001052148827239241,3.464240497260956e-06,0.0,137340.75976858372
nominal,786.0,False,8,0.0618757571110611,0.002038685112477577,2067.439999997183,0.0010521382630222223,3.4757260235312774e-06,0.0,137340.87963571728
nominal,787.0,False,8,0.062079970851627655,0.002038885176216789,2093.4799999971947,0.0010521276977677938,3.487197253065905e-06,0.0,137340.99750779866
nominal,788.0,False,8,0.06228393039488499,0.002039084990924452,2119.5199999972065,0.0010521171314772475,3.498654203660863e-06,0.0,137341.11338731126
nominal,789.0,False,8,0.06248763605724802,0.0020392845569105504,2145.5599999972183,0.001052106564151873,3.5100968930900207e-06,0.0,137341.22727673533
nominal,790.0,False,8,0.0626910881547378,0.002039483874484684,2171.59999999723,0.0010520959957929586,3.5215253391051212e-06,0.0,137341.33917854814
nominal,791.0,False,8,0.06289428700298198,0.002039682943956065,2197.639999997242,0.0010520854264017881,3.5329395594358113e-06,0.0,137341.44909522336
nominal,792.0,False,8,0.06309723291721538,0.0020398817656335226,2223.6799999972536,0.0010520748559796494,3.5443395717896687e-06,0.0,137341.55702923244
nominal,793.0,False,8,0.06329992621228034,0.002040080339825501,2249.7199999972654,0.0010520642845278255,3.5557253938522263e-06,0.0,137341.6629830433
nominal,794.0,False,8,0.06350236720262738,0.002040278666840061,2275.759999997277,0.001052053712047597,3.5670970432870075e-06,0.0,137341.7669591206
nominal,795.0,True,8,0.05750936368548145,0.0020344074522517294,1.799999997288271,0.0010522614827004095,3.230454079124635e-06,0.0,137325.00000000003
nominal,796.0,False,9,0.045516043187065924,0.002022657858234076,27.839999997288317,0.0010529370272050638,2.5567573340476827e-06,0.0,137325.2404031477
nominal,797.0,False,9,0.04574062086224229,0.0020228778720750382,53.87999999728808,0.0010529265449548424,2.569372460009109e-06,0.0,137325.51790139356
nominal,798.0,False,9,0.04596491899187685,0.002023097612051342,79.91999999728823,0.0010529160615651819,2.5819718831531514e-06,0.0,137325.79320837415
nominal,799.0,False,9,0.04618893792393702,0.0020233170785038833,105.95999999728865,0.0010529055770375014,2.5945556230260655e-06,0.0,137326.0663268171
nominal,800.0,False,9,0.04641267800595713,0.0020235362717731333,131.99999999728905,0.0010528950913732185,2.6071236991497805e-06,0.0,137326.33725944682
nominal,801.0,False,9,0.0466361395850388,0.0020237551921991406,158.03999999728947,0.0010528846045737446,2.6196761310219187e-06,0.0,137326.60600898357
nominal,802.0,False,9,0.046859323007851617,0.0020239738401215293,184.0799999972899,0.0010528741166404949,2.632212938115833e-06,0.0,137326.87257814515
nominal,803.0,False,9,0.047082228620633645,0.0020241922158795015,210.1199999972903,0.0010528636275748803,2.6447341398806387e-06,0.0,137327.13696964557
nominal,804.0,False,9,0.04730485676919207,0.002024410319811837,236.15999999729073,0.0010528531373783104,2.657239755741245e-06,0.0,137327.39918619546
nominal,805.0,False,9,0.0475272077989035,0.0020246281522568934,262.1999999972911,0.001052842646052194,2.6697298050983757e-06,0.0,137327.65923050224
nominal,806.0,False,9,0.047749282054714785,0.002024845713552608,288.23999999729153,0.0010528321535979352,2.682204307328614e-06,0.0,137327.91710526965
nominal,807.0,False,9,0.047971079881143144,0.0020250630040364965,314.27999999729195,0.0010528216600169413,2.6946632817844096e-06,0.0,137328.17281319856
nominal,808.0,False,9,0.048192601622277134,0.002025280024045655,340.31999999729237,0.0010528111653106116,2.7071067477941327e-06,0.0,137328.42635698584
nominal,809.0,False,9,0.048413847621777036,0.0020254967739167604,366.3599999972928,0.0010528006694803496,2.719534724662096e-06,0.0,137328.67773932556
nominal,810.0,False,9,0.04863481822287527,0.0020257132539860693,392.3999999972932,0.0010527901725275516,2.731947231668579e-06,0.0,137328.92696290795
nominal,811.0,False,9,0.048855513768377073,0.002025929464589421,418.4399999972936,0.0010527796744536154,2.7443442880698644e-06,0.0,137329.1740304202
nominal,812.0,False,9,0.04907593460066088,0.0020261454060622355,444.47999999729404,0.0010527691752599366,2.7567259130982597e-06,0.0,137329.4189445461
nominal,813.0,False,9,0.049296081061679,0.002026361078739517,470.51999999729446,0.0010527586749479103,2.769092125962138e-06,0.0,137329.66170796627
nominal,814.0,False,9,0.049515953492958106,0.002026576482955851,496.5599999972949,0.0010527481735189276,2.781442945845961e-06,0.0,137329.90232335767
nominal,815.0,False,9,0.04973555223559979,0.0020267916190454074,522.5999999972953,0.001052737670974379,2.793778391910313e-06,0.0,137330.14079339412
nominal,816.0,False,9,0.04995487763028095,0.00202700648734194,548.6399999972957,0.0010527271673156538,2.806098483291923e-06,0.0,137330.3771207462
nominal,817.0,False,9,0.050173930017254474,0.0020272210881787872,574.6799999972961,0.0010527166625441376,2.8184032391037014e-06,0.0,137330.61130808084
nominal,818.0,False,9,0.050392709736349746,0.0020274354218888725,600.7199999972966,0.0010527061566612181,2.8306926784347695e-06,0.0,137330.84335806215
nominal,819.0,False,9,0.050611217126973154,0.0020276494888047045,626.759999997297,0.001052695649668276,2.8429668203504883e-06,0.0,137331.0732733503
nominal,820.0,False,9,0.05082945252810856,0.0020278632892583785,652.7999999972974,0.0010526851415666935,2.855225683892483e-06,0.0,137331.3010566026
nominal,821.0,False,9,0.05104741627831785,0.0020280768235815764,678.8399999972978,0.0010526746323578518,2.867469288078677e-06,0.0,137331.52671047294
nominal,822.0,False,9,0.051265108715741546,0.002028290092105567,704.8799999972982,0.001052664122043128,2.879697651903323e-06,0.0,137331.75023761188
nominal,823.0,False,9,0.05148253017809918,0.0020285030951612067,730.9199999972986,0.0010526536106238993,2.891910794337027e-06,0.0,137331.97164066668
nominal,824.0,False,9,0.051699681002690005,0.00202871583307894,756.9599999972991,0.0010526430981015402,2.9041087343267857e-06,0.0,137332.1909222813
nominal,825.0,False,9,0.05191656152639336,0.0020289283061888,782.9999999972995,0.0010526325844774237,2.9162914907960083e-06,0.0,137332.40808509645
nominal,826.0,False,9,0.05213317208566926,0.0020291405148204103,809.0399999972999,0.0010526220697529213,2.9284590826445506e-06,0.0,137332.62313174948
nominal,827.0,False,9,0.052349513016558935,0.0020293524593029823,835.0799999973003,0.0010526115539294034,2.940611528748742e-06,0.0,137332.8360648746
nominal,828.0,False,9,0.05256558465468519,0.002029564139965318,861.1199999973007,0.001052601037008237,2.95274884796141e-06,0.0,137333.04688710257
nominal,829.0,False,9,0.05278138733525331,0.0020297755571358116,887.1599999973012,0.0010525905189907902,2.9648710591119277e-06,0.0,137333.25560106113
nominal,830.0,False,9,0.05299692139305107,0.0020299867111424467,913.1999999973016,0.0010525799998784252,2.976978181006216e-06,0.0,137333.4622093743
nominal,831.0,False,9,0.05321218716244977,0.0020301976023128,939.239999997302,0.0010525694796725059,2.9890702324268e-06,0.0,137333.66671466318
nominal,832.0,False,9,0.05342718497740423,0.0020304082309740394,965.2799999973024,0.001052558958374393,3.0011472321328124e-06,0.0,137333.86911954553
nominal,833.0,False,9,0.053641915171453745,0.0020306185974529266,991.3199999973028,0.0010525484359854476,3.013209198860043e-06,0.0,137334.06942663607
nominal,834.0,False,9,0.05385637807772239,0.002030828702075815,1017.3599999973032,0.0010525379125070255,3.025256151320958e-06,0.0,137334.26763854563
nominal,835.0,False,9,0.054070574028919606,0.002031038545168654,1043.3999999972953,0.001052527387940485,3.0372881082047327e-06,0.0,137334.4637578827
nominal,836.0,False,9,0.054284503357340655,0.0020312481270569845,1069.4399999972843,0.0010525168622871801,3.0493050881772764e-06,0.0,137334.65778725184
nominal,837.0,False,9,0.05449816639486716,0.0020314574480659454,1095.4799999972734,0.0010525063355484616,3.061307109881264e-06,0.0,137334.84972925435
nominal,838.0,False,9,0.054711563472967656,0.0020316665085202677,1121.5199999972624,0.0010524958077256822,3.0732941919361655e-06,0.0,137335.0395864887
nominal,839.0,False,9,0.054924694922698074,0.0020318753087442804,1147.5599999972515,0.0010524852788201923,3.0852663529382735e-06,0.0,137335.22736155012
nominal,840.0,False,9,0.05513756107470227,0.002032083849061908,1173.5999999972405,0.0010524747488333376,3.0972236114607342e-06,0.0,137335.41305703003
nominal,841.0,False,9,0.05535016225921251,0.002032292129796672,1199.6399999972296,0.0010524642177664636,3.109165986053573e-06,0.0,137335.59667551704
nominal,842.0,False,9,0.05556249880605003,0.0020325001512716905,1225.6799999972186,0.0010524536856209175,3.1210934952437272e-06,0.0,137335.77821959686
nominal,843.0,False,9,0.05577457104462546,0.0020327079138096806,1251.7199999972077,0.0010524431523980394,3.133006157535069e-06,0.0,137335.95769185128
nominal,844.0,False,9,0.05598637930393951,0.0020329154177329565,1277.7599999971967,0.0010524326180991724,3.1449039914084443e-06,0.0,137336.13509485952
nominal,845.0,False,9,0.05619792391258322,0.0020331226633634315,1303.7999999971858,0.0010524220827256546,3.156787015321686e-06,0.0,137336.3104311971
nominal,846.0,False,9,0.05640920519873871,0.0020333296510226194,1329.8399999971748,0.0010524115462788235,3.1686552477096584e-06,0.0,137336.48370343656
nominal,847.0,False,9,0.056620223490179505,0.002033536381031632,1355.8799999971638,0.001052401008760016,3.1805087069842725e-06,0.0,137336.6549141473
nominal,848.0,False,9,0.05683097911427118,0.0020337428537111823,1381.919999997153,0.001052390470170566,3.1923474115345244e-06,0.0,137336.82406589531
nominal,849.0,False,9,0.05704147239797189,0.002033949069381584,1407.959999997142,0.0010523799305118047,3.2041713797265245e-06,0.0,137336.99116124338
nominal,850.0,False,9,0.05725170366783265,0.0020341550283627524,1433.999999997131,0.0010523693897850667,3.215980629903513e-06,0.0,137337.1562027517
nominal,851.0,False,9,0.057461673249998145,0.002034360730974204,1460.03999999712,0.0010523588479916782,3.227775180385904e-06,0.0,137337.31919297637
nominal,852.0,False,9,0.057671381470206985,0.002034566177535058,1486.079999997109,0.0010523483051329678,3.2395550494713037e-06,0.0,137337.4801344709
nominal,853.0,False,9,0.05788082865379237,0.002034771368364036,1512.1199999970981,0.0010523377612102617,3.251320255434544e-06,0.0,137337.6390297854
nominal,854.0,False,9,0.058090015125682556,0.0020349763037794634,1538.1599999970872,0.001052327216224886,3.2630708165277097e-06,0.0,137337.79588146717
nominal,855.0,False,9,0.05829894121040125,0.002035180984099269,1564.1999999970762,0.0010523166701781616,3.274806750980162e-06,0.0,137337.95069205985
nominal,856.0,False,9,0.05850760723206825,0.002035385409640985,1590.2399999970653,0.0010523061230714088,3.2865280769985726e-06,0.0,137338.1034641039
nominal,857.0,False,9,0.05871601351439996,0.00203558958072175,1616.2799999970543,0.0010522955749059473,3.2982348127669537e-06,0.0,137338.25420013687
nominal,858.0,False,9,0.05892416038070974,0.0020357934976583075,1642.3199999970434,0.0010522850256830972,3.309926976446678e-06,0.0,137338.40290269343
nominal,859.0,False,9,0.05913204815390857,0.002035997160767006,1668.3599999970324,0.001052274475404173,3.321604586176515e-06,0.0,137338.54957430458
nominal,860.0,False,9,0.05933967715650551,0.0020362005703637998,1694.3999999970215,0.0010522639240704884,3.3332676600726567e-06,0.0,137338.69421749812
nominal,861.0,False,9,0.0595470477106081,0.0020364037267642516,1720.4399999970105,0.0010522533716833577,3.3449162162287416e-06,0.0,137338.83683479927
nominal,862.0,False,9,0.05975416013792292,0.0020366066302835296,1746.4799999969996,0.001052242818244092,3.356550272715885e-06,0.0,137338.9774287297
nominal,863.0,False,9,0.05996101475975611,0.002036809281236411,1772.5199999969886,0.0010522322637540012,3.3681698475827085e-06,0.0,137339.1160018081
nominal,864.0,False,9,0.06016761189701401,0.0020370116799372806,1798.5599999969777,0.0010522217082143935,3.3797749588553743e-06,0.0,137339.25255654988
nominal,865.0,False,9,0.06037395187020326,0.002037213826700131,1824.5999999969667,0.0010522111516265756,3.391365624537596e-06,0.0,137339.38709546748
nominal,866.0,False,9,0.06058003499943177,0.0020374157218385662,1850.6399999969558,0.0010522005939918502,3.402941862610685e-06,0.0,137339.51962106986
nominal,867.0,False,9,0.06078586160440886,0.0020376173656657974,1876.6799999969448,0.001052190035311521,3.4145036910335663e-06,0.0,137339.65013586316
nominal,868.0,False,9,0.060991432004445935,0.0020378187584946476,1902.719999996934,0.001052179475586891,3.4260511277428114e-06,0.0,137339.77864235057
nominal,869.0,False,9,0.06119674651845691,0.0020380199006375496,1928.759999996923,0.001052168914819259,3.437584190652664e-06,0.0,137339.9051430318
nominal,870.0,False,9,0.061401805464958714,0.0020382207924065474,1954.799999996912,0.0010521583530099235,3.4491028976550677e-06,0.0,137340.02964040363
nominal,871.0,False,9,0.06160660916207187,0.002038421434113297,1980.839999996901,0.0010521477901601823,3.4606072666197e-06,0.0,137340.1521369598
nominal,872.0,False,9,0.06181115792752089,0.0020386218260690656,2006.87999999689,0.0010521372262713286,3.4720973153939926e-06,0.0,137340.27263519072
nominal,873.0,False,9,0.0620154520786347,0.002038821968584734,2032.9199999968791,0.0010521266613446574,3.4835730618031554e-06,0.0,137340.39113758394
nominal,874.0,False,9,0.062219491932347396,0.002039021861970795,2058.9599999968777,0.001052116095381459,3.495034523650221e-06,0.0,137340.5076466236
nominal,875.0,False,9,0.06242327780519844,0.002039221506537356,2084.9999999968895,0.0010521055283830257,3.506481718716054e-06,0.0,137340.62216479122
nominal,876.0,False,9,0.0626268100133333,0.0020394209025941376,2111.0399999969013,0.0010520949603506442,3.5179146647593867e-06,0.0,137340.7346945648
nominal,877.0,False,9,0.06283008887250399,0.0020396200504504748,2137.079999996913,0.0010520843912856027,3.5293333795168505e-06,0.0,137340.84523841942
nominal,878.0,False,9,0.06303311469806937,0.002039818950415318,2163.119999996925,0.001052073821189186,3.540737880702992e-06,0.0,137340.95379882707
nominal,879.0,False,9,0.06323588780499584,0.002040017602797234,2189.1599999969367,0.0010520632500626793,3.5521281860103133e-06,0.0,137341.06037825692
nominal,880.0,False,9,0.0634384085078577,0.0020402160079044025,2215.1999999969485,0.001052052677907363,3.563504313109289e-06,0.0,137341.16497917447
nominal,881.0,False,9,0.06364067712083774,0.0020404141660446224,2241.2399999969603,0.001052042104724518,3.574866279648404e-06,0.0,137341.26760404257
nominal,882.0,False,9,0.06384269395772757,0.002040612077525309,2267.279999996972,0.0010520315305154238,3.586214103254169e-06,0.0,137341.368255321
nominal,883.0,False,9,0.0640444593319283,0.002040809742653493,2293.319999996984,0.0010520209552813578,3.5975478015311578e-06,0.0,137341.46693546636
nominal,884.0,False,10,0.045731429483328194,0.0020228688674819636,19.359999996986915,0.001052924230656089,2.5688561557831014e-06,0.0,137325.14962519877
nominal,885.0,False,10,0.045955739054033135,0.002023088618666834,45.39999999698679,0.0010529137473130627,2.5814562216025294e-06,0.0,137325.4250218621
nominal,886.0,False,10,0.04617976941292233,0.00202330809631399,71.4399999969867,0.0010529032628319576,2.5940406033508543e-06,0.0,137325.69822987608
nominal,887.0,False,10,0.04640352090754776,0.00202352730076392,97.47999999698712,0.0010528927772141918,2.6066093205509967e-06,0.0,137325.96925196526
nominal,888.0,False,10,0.04662699388502881,0.00202374623235669,123.51999999698754,0.0010528822904611788,2.6191623927015764e-06,0.0,137326.23809085044
nominal,889.0,False,10,0.04685018869205273,0.0020239648914319418,149.55999999698795,0.0010528718025743314,2.6316998392769396e-06,0.0,137326.50474924906
nominal,890.0,False,10,0.04707310567487526,0.002024183278328894,175.59999999698837,0.0010528613135550634,2.644221679727193e-06,0.0,137326.76922987567
nominal,891.0,False,10,0.04729574517932118,0.0020244013933863442,201.6399999969888,0.0010528508234047822,2.6567279334782356e-06,0.0,137327.03153544085
nominal,892.0,False,10,0.047518107550784776,0.002024619236942668,227.6799999969892,0.0010528403321248942,2.6692186199317833e-06,0.0,137327.29166865174
nominal,893.0,False,10,0.047740193134230384,0.002024836809335818,253.71999999698963,0.0010528298397168097,2.681693758465402e-06,0.0,137327.54963221305
nominal,894.0,False,10,0.0479620022741929,0.0020250541109033287,279.75999999699,0.001052819346181929,2.6941533684325338e-06,0.0,137327.80542882488
nominal,895.0,False,10,0.048183535314778425,0.002025271141982313,305.79999999699044,0.0010528088515216556,2.7065974691625347e-06,0.0,137328.05906118473
nominal,896.0,False,10,0.04840479259966472,0.0020254879029094645,331.83999999699085,0.0010527983557373911,2.7190260799607e-06,0.0,137328.31053198662
nominal,897.0,False,10,0.04862577447210175,0.0020257043940210577,357.8799999969913,0.001052787858830535,2.7314392201082934e-06,0.0,137328.55984392125
nominal,898.0,False,10,0.04884648127491219,0.002025920615652949,383.9199999969917,0.0010527773608024849,2.7438369088625776e-06,0.0,137328.80699967596
nominal,899.0,False,10,0.049066913350492035,0.002026136568140575,409.9599999969921,0.001052766861654634,2.7562191654568476e-06,0.0,137329.05200193432
nominal,900.0,False,10,0.04928707104081094,0.0020263522518189567,435.9999999969925,0.001052756361388379,2.7685860091004492e-06,0.0,137329.29485337724
nominal,901.0,False,10,0.049506954687413056,0.002026567667022698,462.03999999699295,0.0010527458600051104,2.7809374589788267e-06,0.0,137329.5355566819
nominal,902.0,False,10,0.049726564631417315,0.0020267828140859844,488.07999999699337,0.001052735357506219,2.7932735342535385e-06,0.0,137329.77411452215
nominal,903.0,False,10,0.04994590121351805,0.0020269976933425878,514.1199999969938,0.0010527248538930941,2.8055942540622933e-06,0.0,137330.01052956868
nominal,904.0,False,10,0.05016496477398555,0.0020272123051258625,540.1599999969942,0.001052714349167122,2.817899637518978e-06,0.0,137330.2448044887
nominal,905.0,False,10,0.05038375565266643,0.00202742664976875,566.1999999969946,0.0010527038433296874,2.830189703713683e-06,0.0,137330.4769419461
nominal,906.0,False,10,0.05060227418898443,0.0020276407276037757,592.239999996995,0.001052693336382175,2.842464471712742e-06,0.0,137330.7069446016
nominal,907.0,False,10,0.05082052072194064,0.002027854538963051,618.2799999969955,0.001052682828325967,2.854723960558751e-06,0.0,137330.93481511262
nominal,908.0,False,10,0.051038495590114294,0.002028068084178276,644.3199999969959,0.0010526723191624419,2.866968189270605e-06,0.0,137331.16055613293
nominal,909.0,False,10,0.05125619913166317,0.0020282813635807352,670.3599999969963,0.0010526618088929783,2.8791971768435273e-06,0.0,137331.38417031337
nominal,910.0,False,10,0.051473631684323985,0.0020284943775013024,696.3999999969967,0.0010526512975189532,2.8914109422490896e-06,0.0,137331.60566030125
nominal,911.0,False,10,0.05169079358541321,0.0020287071262704392,722.4399999969971,0.001052640785041743,2.903609504435255e-06,0.0,137331.82502874103
nominal,912.0,False,10,0.051907685171827395,0.0020289196102181955,748.4799999969975,0.0010526302714627188,2.9157928823264e-06,0.0,137332.0422782731
nominal,913.0,False,10,0.05212430678004368,0.002029131829674211,774.519999996998,0.0010526197567832531,2.9279610948233413e-06,0.0,137332.25741153522
nominal,914.0,False,10,0.05234065874612039,0.0020293437849677144,800.5599999969984,0.001052609241004715,2.9401141608033707e-06,0.0,137332.47043116158
nominal,915.0,False,10,0.052556741405697556,0.002029555476427525,826.5999999969988,0.0010525987241284738,2.9522520991202813e-06,0.0,137332.68133978324
nominal,916.0,False,10,0.05277255509399748,0.002029766904382053,852.6399999969992,0.0010525882061558946,2.964374928604403e-06,0.0,137332.89014002774
nominal,917.0,False,10,0.05298810014582517,0.002029978069159299,878.6799999969996,0.0010525776870883414,2.9764826680626237e-06,0.0,137333.0968345194
nominal,918.0,False,10,0.05320337689556874,0.0020301889710868564,904.7199999970001,0.0010525671669271786,2.9885753362784155e-06,0.0,137333.30142587962
nominal,919.0,False,10,0.053418385677200204,0.0020303996104919096,930.7599999970005,0.0010525566456737678,3.000652952011874e-06,0.0,137333.50391672633
nominal,920.0,False,10,0.053633126824275804,0.002030609987701237,956.7999999970009,0.001052546123329467,3.0127155339997427e-06,0.0,137333.70430967395
nominal,921.0,False,10,0.05384760066993666,0.002030820103041209,982.8399999970013,0.0010525355998956347,3.024763100955445e-06,0.0,137333.9026073339
nominal,922.0,False,10,0.054061807546909146,0.002031029956837791,1008.8799999970017,0.0010525250753736278,3.036795671569107e-06,0.0,137334.09881231442
nominal,923.0,False,10,0.05427574778750544,0.0020312395494165416,1034.9199999969974,0.0010525145497648001,3.0488132645075885e-06,0.0,137334.29292722038
nominal,924.0,False,10,0.05448942172362415,0.0020314488811026144,1060.9599999969864,0.0010525040230705055,3.060815898414518e-06,0.0,137334.48495465345
nominal,925.0,False,10,0.05470282968675078,0.0020316579522207594,1086.9999999969755,0.001052493495292094,3.072803591910319e-06,0.0,137334.67489721195
nominal,926.0,False,10,0.054915972007958024,0.0020318667630953202,1113.0399999969645,0.0010524829664309155,3.084776363592226e-06,0.0,137334.8627574911
nominal,927.0,False,10,0.05512884901790677,0.002032075314050239,1139.0799999969536,0.0010524724364883178,3.0967342320343417e-06,0.0,137335.0485380828
nominal,928.0,False,10,0.05534146104684601,0.002032283605409053,1165.1199999969426,0.0010524619054656482,3.1086772157876314e-06,0.0,137335.23224157604
nominal,929.0,False,10,0.055553808424613736,0.002032491637494897,1191.1599999969317,0.0010524513733642482,3.1206053333799735e-06,0.0,137335.41387055576
nominal,930.0,False,10,0.05576589148063751,0.0020326994106305047,1217.1999999969207,0.0010524408401854633,3.13251860331619e-06,0.0,137335.5934276047
nominal,931.0,False,10,0.0559777105439347,0.002032906925138207,1243.2399999969098,0.001052430305930633,3.1444170440780646e-06,0.0,137335.77091530172
nominal,932.0,False,10,0.05618926594311319,0.0020331141813399334,1269.2799999968988,0.001052419770601098,3.156300674124375e-06,0.0,137335.94633622275
nominal,933.0,False,10,0.05640055800637181,0.0020333211795572135,1295.3199999968879,0.0010524092341981954,3.1681695118909246e-06,0.0,137336.11969294044
nominal,934.0,False,10,0.05661158706150079,0.0020335279201111763,1321.359999996877,0.0010523986967232615,3.1800235757905627e-06,0.0,137336.2909880242
nominal,935.0,False,10,0.05682235343588251,0.002033734403322551,1347.399999996866,0.0010523881581776299,3.1918628842132295e-06,0.0,137336.46022404017
nominal,936.0,False,10,0.05703285745649161,0.0020339406295116673,1373.439999996855,0.0010523776185626336,3.203687455525961e-06,0.0,137336.62740355145
nominal,937.0,False,10,0.05724309944989596,0.002034146598998457,1399.479999996844,0.001052367077879604,3.2154973080729447e-06,0.0,137336.79252911793
nominal,938.0,False,10,0.05745307974225678,0.002034352312102453,1425.5199999968331,0.0010523565361298705,3.227292460175524e-06,0.0,137336.9556032963
nominal,939.0,False,10,0.05766279865932927,0.0020345577691427905,1451.5599999968222,0.001052345993314762,3.2390729301322357e-06,0.0,137337.1166286401
nominal,940.0,False,10,0.057872256526463314,0.0020347629704382075,1477.5999999968112,0.0010523354494356022,3.2508387362188494e-06,0.0,137337.27560769944
nominal,941.0,False,10,0.058081453668603636,0.002034967916307046,1503.6399999968003,0.0010523249044937168,3.2625898966883753e-06,0.0,137337.4325430215
nominal,942.0,False,10,0.05829039041029059,0.00203517260706725,1529.6799999967893,0.0010523143584904285,3.2743264297711093e-06,0.0,137337.58743715033
nominal,943.0,False,10,0.05849906707566053,0.0020353770430363693,1555.7199999967784,0.0010523038114270602,3.286048353674653e-06,0.0,137337.74029262693
nominal,944.0,False,10,0.05870748398844631,0.002035581224531558,1581.7599999967674,0.0010522932633049292,3.2977556865839436e-06,0.0,137337.89111198857
nominal,945.0,False,10,0.05891564147197775,0.0020357851518695755,1607.7999999967565,0.0010522827141253553,3.3094484466612776e-06,0.0,137338.03989776998
nominal,946.0,False,10,0.05912353984918234,0.0020359888253667865,1633.8399999967455,0.0010522721638896524,3.321126652046351e-06,0.0,137338.18665250228
nominal,947.0,False,10,0.05933117944258555,0.0020361922453391622,1659.8799999967346,0.0010522616125991366,3.3327903208562797e-06,0.0,137338.33137871377
nominal,948.0,False,10,0.05953856057431136,0.00203639541210228,1685.9199999967236,0.0010522510602551211,3.344439471185624e-06,0.0,137338.47407892943
nominal,949.0,False,10,0.05974568356608281,0.0020365983259713256,1711.9599999967127,0.0010522405068589165,3.356074121106425e-06,0.0,137338.61475567115
nominal,950.0,False,10,0.059952548739222455,0.002036800987261091,1737.9999999967017,0.001052229952411833,3.3676942886682247e-06,0.0,137338.75341145773
nominal,951.0,False,10,0.0601591564146529,0.002037003396285978,1764.0399999966908,0.001052219396915179,3.3792999918981015e-06,0.0,137338.8900488047
nominal,952.0,False,10,0.06036550691289724,0.0020372055533599952,1790.0799999966798,0.0010522088403702617,3.3908912488006905e-06,0.0,137339.02467022478
nominal,953.0,False,10,0.06057160055407964,0.0020374074587967616,1816.1199999966689,0.0010521982827783832,3.402468077358218e-06,0.0,137339.15727822683
nominal,954.0,False,10,0.06077743765792568,0.0020376091129095057,1842.159999996658,0.0010521877241408482,3.414030495530522e-06,0.0,137339.2878753174
nominal,955.0,False,10,0.0609830185437632,0.002037810516011065,1868.199999996647,0.0010521771644589582,3.425578521255097e-06,0.0,137339.41646399946
nominal,956.0,False,10,0.06118834353052228,0.00203801166841389,1894.239999996636,0.0010521666037340135,3.4371121724470943e-06,0.0,137339.5430467731
nominal,957.0,False,10,0.061393412936736155,0.002038212570430039,1920.279999996625,0.0010521560419673125,3.4486314669993747e-06,0.0,137339.66762613517
nominal,958.0,False,10,0.06159822708054151,0.002038413222371184,1946.3199999966141,0.0010521454791601519,3.4601364227825224e-06,0.0,137339.79020457948
nominal,959.0,False,10,0.06180278627967906,0.0020386136245486098,1972.3599999966032,0.0010521349153138286,3.4716270576448798e-06,0.0,137339.9107845969
nominal,960.0,False,10,0.06200709085149399,0.002038813777273211,1998.3999999965922,0.0010521243504296321,3.48310338941257e-06,0.0,137340.02936867447
nominal,961.0,False,10,0.062211141112936526,0.002039013680855498,2024.4399999965813,0.0010521137845088573,3.494565435889532e-06,0.0,137340.14595929705
nominal,962.0,False,10,0.06241493738056228,0.0020392133356055926,2050.4799999965726,0.0010521032175527935,3.506013214857537e-06,0.0,137340.2605589459
nominal,963.0,False,10,0.06261847997053284,0.0020394127418332316,2076.5199999965844,0.0010520926495627293,3.517446744076223e-06,0.0,137340.3731700993
nominal,964.0,False,10,0.06282176919861629,0.0020396118998477664,2102.559999996596,0.0010520820805399525,3.528866041283124e-06,0.0,137340.48379523255
nominal,965.0,False,10,0.06302480538018763,0.0020398108099581626,2128.599999996608,0.0010520715104857475,3.5402711241936936e-06,0.0,137340.59243681756
nominal,966.0,False,10,0.0632275888302293,0.002040009472473002,2154.6399999966197,0.0010520609394013992,3.551662010501334e-06,0.0,137340.69909732358
nominal,967.0,False,10,0.06343011986333165,0.0020402078877004813,2180.6799999966315,0.0010520503672881887,3.5630387178774234e-06,0.0,137340.8037792164
nominal,968.0,False,10,0.06363239879369346,0.002040406055948415,2206.7199999966433,0.0010520397941473979,3.574401263971343e-06,0.0,137340.90648495904
nominal,969.0,False,10,0.06383442593512248,0.0020406039775242328,2232.759999996655,0.0010520292199803058,3.58574966641051e-06,0.0,137341.0072170114
nominal,970.0,False,10,0.06403620160103565,0.0020408016527349833,2258.799999996667,0.0010520186447881884,3.5970839428003888e-06,0.0,137341.10597782998
nominal,971.0,False,10,0.06423772610445994,0.002040999081887332,2284.8399999966787,0.0010520080685723241,3.6084041107245367e-06,0.0,137341.20276986892
nominal,972.0,False,11,0.04584185853367899,0.002022977052409528,10.87999999668563,0.0010529173224405155,2.5750592495629347e-06,0.0,137325.0578851798
nominal,973.0,False,11,0.046066030646603764,0.002023196668930015,36.919999996685625,0.001052906838537206,2.587651594012864e-06,0.0,137325.33220435696
nominal,974.0,False,11,0.04628992371881489,0.0020234160120804123,62.95999999668533,0.0010528963534965168,2.6002282640029508e-06,0.0,137325.6043362262
nominal,975.0,False,11,0.04651353809765135,0.002023635082201,88.99999999668573,0.0010528858673198617,2.6127892790441507e-06,0.0,137325.87428351
nominal,976.0,False,11,0.04673687413001983,0.0020238538796316357,115.03999999668615,0.001052875380008654,2.6253346586231357e-06,0.0,137326.14204892746
nominal,977.0,False,11,0.04695993216239511,0.002024072404711753,141.07999999668655,0.001052864891564308,2.637864422202317e-06,0.0,137326.40763519477
nominal,978.0,False,11,0.047182712540820765,0.0020242906577803625,167.11999999668697,0.0010528544019882341,2.6503785892198836e-06,0.0,137326.67104502453
nominal,979.0,False,11,0.047405215610909684,0.0020245086391760545,193.1599999966874,0.0010528439112818416,2.6628771790898315e-06,0.0,137326.93228112583
nominal,980.0,False,11,0.04762744171784438,0.0020247263492369967,219.1999999966878,0.0010528334194465352,2.6753602112019814e-06,0.0,137327.19134620423
nominal,981.0,False,11,0.047849391206377864,0.0020249437883009353,245.23999999668823,0.0010528229264837206,2.687827704922028e-06,0.0,137327.44824296216
nominal,982.0,False,11,0.04807106442083392,0.002025160956705198,271.2799999966886,0.0010528124323948014,2.700279679591555e-06,0.0,137327.7029740987
nominal,983.0,False,11,0.04829246170510778,0.0020253778547866903,297.31999999668903,0.001052801937181181,2.712716154528073e-06,0.0,137327.95554230973
nominal,984.0,False,11,0.048513583402666594,0.0020255944828818997,323.35999999668945,0.0010527914408442567,2.725137149025047e-06,0.0,137328.20595028726
nominal,985.0,False,11,0.04873442985654992,0.002025810841326895,349.39999999668987,0.001052780943385429,2.737542682351922e-06,0.0,137328.45420072053
nominal,986.0,False,11,0.048955001409370445,0.002026026930457326,375.4399999966903,0.0010527704448060938,2.7499327737541646e-06,0.0,137328.70029629505
nominal,987.0,False,11,0.049175298403314235,0.0020262427506084254,401.4799999966907,0.0010527599451076453,2.7623074424532773e-06,0.0,137328.94423969308
nominal,988.0,False,11,0.049395321180141456,0.0020264583021150076,427.5199999966911,0.0010527494442914768,2.7746667076468383e-06,0.0,137329.1860335936
nominal,989.0,False,11,0.04961507008118696,0.002026673585311471,453.55999999669154,0.0010527389423589802,2.7870105885085353e-06,0.0,137329.42568067234
nominal,990.0,False,11,0.04983454544736063,0.002026888600531798,479.59999999669196,0.0010527284393115459,2.799339104188185e-06,0.0,137329.66318360157
nominal,991.0,False,11,0.050053747619148006,0.002027103348109554,505.6399999966924,0.00105271793515056,2.811652273811765e-06,0.0,137329.8985450501
nominal,992.0,False,11,0.05027267693661084,0.002027317828377891,531.6799999966928,0.0010527074298774088,2.823950116481451e-06,0.0,137330.1317676836
nominal,993.0,False,11,0.050491333739387544,0.002027532041669545,557.7199999966932,0.0010526969234934756,2.8362326512756355e-06,0.0,137330.3628541642
nominal,994.0,False,11,0.05070971836669382,0.0020277459883168377,583.7599999966936,0.001052686416000145,2.848499897248969e-06,0.0,137330.5918071512
nominal,995.0,False,11,0.05092783115732308,0.002027959668651678,609.799999996694,0.001052675907398797,2.860751873432378e-06,0.0,137330.81862930013
nominal,996.0,False,11,0.05114567244964696,0.0020281730830055615,635.8399999966945,0.001052665397690813,2.8729885988331e-06,0.0,137331.04332326364
nominal,997.0,False,11,0.051363242581616064,0.002028386231709571,661.8799999966949,0.0010526548868775674,2.8852100924347186e-06,0.0,137331.26589169048
nominal,998.0,False,11,0.051580541890760244,0.0020285991150943766,687.9199999966953,0.0010526443749604368,2.897416373197185e-06,0.0,137331.48633722647
nominal,999.0,False,11,0.05179757071418914,0.0020288117334902375,713.9599999966957,0.001052633861940795,2.9096074600568452e-06,0.0,137331.70466251412
nominal,1000.0,False,11,0.05201432938859285,0.0020290240872270016,739.9999999966959,0.001052623347820016,2.9217833719264788e-06,0.0,137331.92087019281
wet_low_load,0.0,False,0,0.0,0.0012035137566728954,0.0,0.001055491936779534,0.0,0.0,137324.99999999997
wet_low_load,1.0,False,0,0.0008343881189492579,0.001203552305919229,26.040000000000042,0.0010554856999100734,4.686980223210578e-08,0.0,137330.28655624777
wet_low_load,2.0,False,0,0.0016677477759525121,0.0012035908076499858,52.07999999999983,0.0010554794628409709,9.368183301838471e-08,0.0,137335.56557015498
wet_low_load,3.0,False,0,0.0025000802386859803,0.0012036292619237328,78.11999999999992,0.001055473225572466,1.404361635675852e-07,0.0,137340.83705101747
wet_low_load,4.0,False,0,0.0033313867732633474,0.0012036676687989657,104.16000000000034,0.001055466988104807,1.8713286500068398e-07,0.0,137346.10100812075
wet_low_load,5.0,False,0,0.004161668644237699,0.0012037060283341073,130.20000000000076,0.0010554607504382398,2.3377200835099477e-07,0.0,137351.35745073852
wet_low_load,6.0,False,0,0.004990927114603434,0.0012037443405875088,156.24000000000117,0.0010554545125730105,2.803536645642758e-07,0.0,137356.6063881333
wet_low_load,7.0,False,0,0.005819163445798199,0.0012037826056174494,182.2800000000016,0.0010554482745093637,3.2687790449883824e-07,0.0,137361.84782955598
wet_low_load,8.0,False,0,0.006646378897704796,0.0012038208234821366,208.320000000002,0.0010554420362475418,3.7334479892565356e-07,0.0,137367.0817842457
wet_low_load,9.0,False,0,0.007472574728653097,0.001203858994239706,234.36000000000243,0.001055435797787791,4.1975441852846107e-07,0.0,137372.30826143085
wet_low_load,10.0,False,0,0.008297752195421972,0.0012038971179482213,260.4000000000028,0.0010554295591303547,4.6610683390387615e-07,0.0,137377.52727032808
wet_low_load,11.0,False,0,0.009121912553241192,0.001203935194665675,286.44000000000324,0.0010554233202754763,5.12402115561497e-07,0.0,137382.7388201427
wet_low_load,12.0,False,0,0.009945057055793337,0.0012039732244499882,312.48000000000366,0.0010554170812234003,5.586403339240123e-07,0.0,137387.94292006886
wet_low_load,13.0,False,0,0.010767186955215691,0.0012040112073590102,338.5200000000041,0.0010554108419743684,6.04821559327307e-07,0.0,137393.13957928916
wet_low_load,14.0,False,0,0.01158830350210219,0.0012040491434505195,364.5600000000045,0.0010554046025286255,6.509458620205722e-07,0.0,137398.32880697516
wet_low_load,15.0,False,0,0.012408407945505281,0.0012040870327822226,390.6000000000049,0.0010553983628864125,6.970133121664097e-07,0.0,137403.5106122868
wet_low_load,16.0,False,0,0.01322750153293782,0.0012041248754117559,416.64000000000533,0.0010553921230479714,7.430239798409381e-07,0.0,137408.6850043728
wet_low_load,17.0,False,0,0.01404558551037502,0.0012041626713966838,442.68000000000575,0.0010553858830135438,7.889779350339025e-07,0.0,137413.8519923706
wet_low_load,18.0,False,0,0.014862661122256288,0.0012042004207945005,468.72000000000617,0.0010553796427833727,8.348752476487778e-07,0.0,137419.01158540658
wet_low_load,19.0,False,0,0.01567872961148714,0.0012042381236626286,494.7600000000066,0.0010553734023576978,8.807159875028761e-07,0.0,137424.16379259562
wet_low_load,20.0,False,0,0.016493792219441108,0.0012042757800584207,520.800000000007,0.0010553671617367596,9.265002243274541e-07,0.0,137429.3086230414
wet_low_load,21.0,False,0,0.017307850185961614,0.0012043133900391583,546.8400000000074,0.001055360920920801,9.722280277678175e-07,0.0,137434.44608583668
wet_low_load,22.0,False,0,0.01812090474936385,0.0012043509536620522,572.8800000000078,0.001055354679910062,1.017899467383428e-06,0.0,137439.57619006277
wet_low_load,23.0,False,0,0.018932957146436655,0.0012043884709842427,598.9200000000083,0.0010553484387047815,1.0635146126480077e-06,0.0,137444.69894478965
wet_low_load,24.0,False,0,0.019744008612444415,0.0012044259420628,624.9600000000087,0.0010553421973051997,1.1090735329496461e-06,0.0,137449.8143590763
wet_low_load,25.0,False,0,0.02055406038112897,0.0012044633669547238,651.0000000000091,0.0010553359557115565,1.1545762975909071e-06,0.0,137454.9224419706
wet_low_load,26.0,False,0,0.021363113684711416,0.0012045007457169431,677.0400000000095,0.0010553297139240902,1.2000229757889307e-06,0.0,137460.023202509
wet_low_load,27.0,False,0,0.022171169753894028,0.0012045380784063175,703.0800000000099,0.0010553234719430406,1.2454136366755402e-06,0.0,137465.11664971712
wet_low_load,28.0,False,0,0.02297822981786215,0.0012045753650796358,729.1200000000104,0.0010553172297686464,1.2907483492973494e-06,0.0,137470.20279260943
wet_low_load,29.0,False,0,0.02378429510428601,0.0012046126057936174,755.1600000000108,0.0010553109874011464,1.3360271826158636e-06,0.0,137475.28164018915
wet_low_load,30.0,False,0,0.02458936683932263,0.0012046498006049113,781.2000000000112,0.001055304744840777,1.3812502055075874e-06,0.0,137480.35320144825
wet_low_load,31.0,False,0,0.02539344624761766,0.001204686949570097,807.2400000000116,0.0010552985020877764,1.4264174867641274e-06,0.0,137485.41748536789
wet_low_load,32.0,False,0,0.026196534552307266,0.001204724052745684,833.280000000012,0.0010552922591423825,1.4715290950922993e-06,0.0,137490.47450091815
wet_low_load,33.0,False,0,0.026998632975020028,0.0012047611101881127,859.3200000000124,0.0010552860160048326,1.5165850991142326e-06,0.0,137495.52425705793
wet_low_load,34.0,False,0,0.02779974273587872,0.001204798121953753,885.3600000000129,0.001055279772675364,1.5615855673674724e-06,0.0,137500.5667627353
wet_low_load,35.0,False,0,0.02859986505350216,0.0012048350880989062,911.4000000000133,0.0010552735291542114,1.606530568305082e-06,0.0,137505.6020268868
wet_low_load,36.0,False,0,0.029399001145007146,0.0012048720086798037,937.4400000000137,0.0010552672854416125,1.6514201702957529e-06,0.0,137510.63005843858
wet_low_load,37.0,False,0,0.030197152226010278,0.0012049088837526077,963.4800000000141,0.0010552610415378032,1.6962544416239058e-06,0.0,137515.65086630534
wet_low_load,38.0,False,0,0.03099431951062977,0.0012049457133734114,989.5200000000145,0.0010552547974430166,1.7410334504897938e-06,0.0,137520.66445939074
wet_low_load,39.0,False,0,0.03179050421148733,0.0012049824975982383,1015.560000000015,0.0010552485531574922,1.7857572650096068e-06,0.0,137525.67084658818
wet_low_load,40.0,False,0,0.03258570753971002,0.0012050192364830437,1041.6000000000076,0.0010552423086814637,1.830425953215576e-06,0.0,137530.67003677943
wet_low_load,41.0,False,0,0.03337993070493199,0.0012050559300837132,1067.6399999999967,0.0010552360640151653,1.875039583056073e-06,0.0,137535.66203883538
wet_low_load,42.0,False,0,0.03417317491529649,0.0012050925784560637,1093.6799999999857,0.0010552298191588315,1.919598222395721e-06,0.0,137540.646861616
wet_low_load,43.0,False,0,0.03496544137745758,0.0012051291816558435,1119.7199999999748,0.0010552235741126972,1.9641019390154904e-06,0.0,137545.62451397066
wet_low_load,44.0,False,0,0.03575673129658204,0.0012051657397387319,1145.7599999999638,0.0010552173288769957,2.008550800612809e-06,0.0,137550.5950047374
wet_low_load,45.0,False,0,0.036547045876351075,0.0012052022527603398,1171.799999999953,0.0010552110834519612,2.0529448748016542e-06,0.0,137555.55834274366
wet_low_load,46.0,False,0,0.03733638631896234,0.0012052387207762095,1197.839999999942,0.0010552048378378264,2.09728422911267e-06,0.0,137560.5145368058
wet_low_load,47.0,False,0,0.038124753825131696,0.001205275143841815,1223.879999999931,0.0010551985920348238,2.141568930993262e-06,0.0,137565.46359572932
wet_low_load,48.0,False,0,0.03891214959409487,0.0012053115220125614,1249.91999999992,0.0010551923460431877,2.185799047807695e-06,0.0,137570.40552830917
wet_low_load,49.0,False,0,0.0396985748236095,0.0012053478553437859,1275.959999999909,0.001055186099863151,2.229974646837205e-06,0.0,137575.34034332924
wet_low_load,50.0,False,0,0.040484030709956875,0.0012053841438907575,1301.9999999998981,0.0010551798534949443,2.2740957952800956e-06,0.0,137580.2680495624
wet_low_load,51.0,False,0,0.04126851844794378,0.001205420387708677,1328.0399999998872,0.0010551736069388002,2.318162560251847e-06,0.0,137585.18865577102
wet_low_load,52.0,False,0,0.042052039230904247,0.0012054565868526773,1354.0799999998762,0.0010551673601949514,2.362175008785207e-06,0.0,137590.10217070664
wet_low_load,53.0,False,0,0.04283459425070142,0.001205492741377823,1380.1199999998653,0.0010551611132636274,2.4061332078303036e-06,0.0,137595.00860310975
wet_low_load,54.0,False,0,0.04361618469772938,0.001205528851339111,1406.1599999998543,0.0010551548661450604,2.4500372242547407e-06,0.0,137599.90796171027
wet_low_load,55.0,False,0,0.04439681176091486,0.0012055649167914708,1432.1999999998434,0.0010551486188394802,2.4938871248436993e-06,0.0,137604.8002552273
wet_low_load,56.0,False,0,0.04517647662771922,0.0012056009377897634,1458.2399999998324,0.0010551423713471182,2.537682976300045e-06,0.0,137609.68549236932
wet_low_load,57.0,False,0,0.045955180484140094,0.0012056369143887832,1484.2799999998215,0.0010551361236682045,2.581424845244423e-06,0.0,137614.56368183388
wet_low_load,58.0,False,0,0.04673292451471335,0.0012056728466432558,1510.3199999998105,0.001055129875802969,2.6251127982153667e-06,0.0,137619.434832308
wet_low_load,59.0,False,0,0.04750970990251472,0.0012057087346078405,1536.3599999997996,0.0010551236277516413,2.66874690166939e-06,0.0,137624.29895246786
wet_low_load,60.0,False,0,0.0482855378291617,0.0012057445783371288,1562.3999999997886,0.001055117379514451,2.712327221981094e-06,0.0,137629.15605097899
wet_low_load,61.0,False,0,0.049060409474815395,0.0012057803778856445,1588.4399999997777,0.0010551111310916272,2.7558538254432695e-06,0.0,137634.00613649623
wet_low_load,62.0,False,0,0.04983432601818216,0.0012058161333078448,1614.4799999997667,0.0010551048824833985,2.7993267782669915e-06,0.0,137638.84921766378
wet_low_load,63.0,False,0,0.050607288636515486,0.0012058518446581195,1640.5199999997558,0.0010550986336899928,2.842746146581723e-06,0.0,137643.68530311505
wet_low_load,64.0,False,0,0.05137929850561787,0.0012058875119907914,1666.5599999997448,0.0010550923847116392,2.8861119964354203e-06,0.0,137648.51440147302
wet_low_load,65.0,False,0,0.0521503567998425,0.0012059231353601164,1692.5999999997339,0.0010550861355485654,2.9294243937946293e-06,0.0,137653.33652134993
wet_low_load,66.0,False,0,0.05292046469209503,0.0012059587148202833,1718.639999999723,0.0010550798862010013,2.972683404544583e-06,0.0,137658.15167134764
wet_low_load,67.0,False,0,0.05368962335383538,0.0012059942504254145,1744.679999999712,0.0010550736366691702,3.0158890944893053e-06,0.0,137662.95986005676
wet_low_load,68.0,False,0,0.0544578339550796,0.0012060297422295653,1770.719999999701,0.0010550673869533012,3.059041529351712e-06,0.0,137667.7610960579
wet_low_load,69.0,False,0,0.055225097664401465,0.0012060651902867246,1796.75999999969,0.0010550611370536212,3.102140774773703e-06,0.0,137672.55538792093
wet_low_load,70.0,False,0,0.05599141564893452,0.0012061005946508148,1822.7999999996791,0.0010550548869703567,3.1451868963162777e-06,0.0,137677.3427442052
wet_low_load,71.0,False,0,0.056756789074373634,0.0012061359553756914,1848.8399999996682,0.0010550486367037334,3.188179959459621e-06,0.0,137682.12317345935
wet_low_load,72.0,False,0,0.05752121910497686,0.001206171272515144,1874.8799999996572,0.0010550423862539786,3.2311200296032065e-06,0.0,137686.8966842218
wet_low_load,73.0,False,0,0.058284706903567185,0.0012062065461228959,1900.9199999996463,0.0010550361356213176,3.2740071720658984e-06,0.0,137691.6632850202
wet_low_load,74.0,False,0,0.05904725363153429,0.001206241776252604,1926.9599999996353,0.0010550298848059749,3.3168414520860473e-06,0.0,137696.42298437151
wet_low_load,75.0,False,0,0.059808860448836404,0.0012062769629578587,1952.9999999996244,0.0010550236338081767,3.359622934821595e-06,0.0,137701.17579078264
wet_low_load,76.0,False,0,0.06056952851400191,0.001206312106292185,1979.0399999996134,0.001055017382628146,3.402351685350165e-06,0.0,137705.92171274952
wet_low_load,77.0,False,0,0.06132925898413125,0.0012063472063090419,2005.0799999996025,0.0010550111312661102,3.445027768669171e-06,0.0,137710.6607587582
wet_low_load,78.0,False,0,0.06208805301489863,0.0012063822630618219,2031.1199999995915,0.001055004879722293,3.4876512496959085e-06,0.0,137715.39293728393
wet_low_load,79.0,False,0,0.06284591176055371,0.0012064172766038522,2057.1599999995888,0.0010549986279969174,3.530222193267656e-06,0.0,137720.11825679138
wet_low_load,80.0,False,0,0.06360283637392354,0.0012064522469883941,2083.1999999996005,0.0010549923760902074,3.572740664141778e-06,0.0,137724.83672573487
wet_low_load,81.0,False,0,0.06435882800641421,0.0012064871742686431,2109.2399999996123,0.0010549861240023882,3.615206726995819e-06,0.0,137729.5483525587
wet_low_load,82.0,False,0,0.0651138878080124,0.0012065220584977297,2135.279999999624,0.0010549798717336808,3.657620446427594e-06,0.0,137734.25314569607
wet_low_load,83.0,False,0,0.06586801692728747,0.001206556899728718,2161.319999999636,0.0010549736192843088,3.6999818869553014e-06,0.0,137738.95111357025
wet_low_load,84.0,False,0,0.0666212165113931,0.0012065916980146078,2187.3599999996477,0.0010549673666544947,3.7422911130176183e-06,0.0,137743.64226459403
wet_low_load,85.0,False,0,0.06737348770606894,0.0012066264534083325,2213.3999999996595,0.0010549611138444609,3.78454818897379e-06,0.0,137748.32660716976
wet_low_load,86.0,False,0,0.06812483165564233,0.0012066611659627608,2239.4399999996713,0.0010549548608544286,3.826753179103732e-06,0.0,137753.00414968937
wet_low_load,87.0,False,0,0.06887524950303024,0.0012066958357306965,2265.479999999683,0.0010549486076846227,3.868906147608132e-06,0.0,137757.674900535
wet_low_load,88.0,False,0,0.06962474238974085,0.0012067304627648775,2291.519999999695,0.001054942354335263,3.911007158608545e-06,0.0,137762.3388680778
wet_low_load,89.0,False,1,0.050164461653371406,0.0012058313857780507,17.559999999698757,0.0010526915433543913,2.8178713758945034e-06,0.0,137327.27397245148
wet_low_load,90.0,False,1,0.05093701734843954,0.0012058670783282194,43.59999999969866,0.0010526852944819933,2.86126788624598e-06,0.0,137332.10707368533
wet_low_load,91.0,False,1,0.051708620795847975,0.001205902726883958,69.63999999969852,0.0010526790454247453,2.904610906311015e-06,0.0,137336.93319150427
wet_low_load,92.0,False,1,0.052479273169331674,0.001205938331499494,95.67999999969894,0.0010526727961828741,2.947900502021426e-06,0.0,137341.7523345159
wet_low_load,93.0,False,1,0.05324897564117875,0.001205973892228988,121.71999999969935,0.0010526665467566105,2.9911367392277583e-06,0.0,137346.56451131773
wet_low_load,94.0,False,1,0.05401772938223249,0.0012060094091265333,147.75999999969977,0.0010526602971461763,3.034319683699396e-06,0.0,137351.36973049564
wet_low_load,95.0,False,1,0.054785535561893015,0.0012060448822461573,173.7999999997002,0.0010526540473518012,3.077449401124658e-06,0.0,137356.16800062574
wet_low_load,96.0,False,1,0.05555239534811893,0.0012060803116418202,199.8399999997006,0.0010526477973737125,3.120525957110889e-06,0.0,137360.95933027365
wet_low_load,97.0,False,1,0.05631830990742924,0.0012061156973674158,225.87999999970103,0.0010526415472121352,3.163549417184567e-06,0.0,137365.7437279938
wet_low_load,98.0,False,1,0.05708328040490524,0.0012061510394767718,251.91999999970145,0.0010526352968672965,3.2065198467914107e-06,0.0,137370.52120233077
wet_low_load,99.0,False,1,0.05784730800419199,0.0012061863380236492,277.95999999970184,0.0010526290463394213,3.249437311296461e-06,0.0,137375.29176181796
wet_low_load,100.0,False,1,0.05861039386750038,0.0012062215930617427,303.99999999970225,0.001052622795628736,3.2923018759841984e-06,0.0,137380.05541497885
wet_low_load,101.0,False,1,0.05937253915560865,0.0012062568046446813,330.0399999997027,0.001052616544735466,3.335113606058627e-06,0.0,137384.812170326
wet_low_load,102.0,False,1,0.060133745027864345,0.0012062919728260274,356.0799999997031,0.0010526102936598372,3.3778725666433856e-06,0.0,137389.5620363618
wet_low_load,103.0,False,1,0.06089401264218597,0.0012063270976592775,382.1199999997035,0.0010526040424020725,3.420578822781839e-06,0.0,137394.30502157772
wet_low_load,104.0,False,1,0.06165334315506482,0.0012063621791978624,408.1599999997039,0.0010525977909623969,3.463232439437183e-06,0.0,137399.04113445507
wet_low_load,105.0,False,1,0.0624117377215667,0.0012063972174951466,434.19999999970435,0.0010525915393410354,3.505833481492539e-06,0.0,137403.7703834648
wet_low_load,106.0,False,1,0.06316919749533365,0.0012064322126044294,460.23999999970476,0.0010525852875382109,3.5483820137510515e-06,0.0,137408.49277706712
wet_low_load,107.0,False,1,0.06392572362858573,0.0012064671645789437,486.2799999997052,0.0010525790355541485,3.5908781009359904e-06,0.0,137413.2083237121
wet_low_load,108.0,False,1,0.06468131727212283,0.0012065020734718574,512.3199999997056,0.0010525727833890705,3.633321807690849e-06,0.0,137417.91703183917
wet_low_load,109.0,False,1,0.0654359795753264,0.0012065369393362726,538.359999999706,0.0010525665310432007,3.675713198579443e-06,0.0,137422.61890987755
wet_low_load,110.0,False,1,0.0661897116861611,0.001206571762225226,564.3999999997064,0.001052560278516761,3.718052338086004e-06,0.0,137427.31396624577
wet_low_load,111.0,False,1,0.0669425147511766,0.0012066065421916887,590.4399999997069,0.0010525540258099746,3.760339290615281e-06,0.0,137432.0022093524
wet_low_load,112.0,False,1,0.06769438991550941,0.0012066412792885671,616.4799999997073,0.0010525477729230676,3.802574120492639e-06,0.0,137436.68364759572
wet_low_load,113.0,False,1,0.0684453383228845,0.0012066759735687017,642.5199999997077,0.0010525415198562541,3.844756891964156e-06,0.0,137441.35828936246
wet_low_load,114.0,False,1,0.06919536111561714,0.0012067106250848681,668.5599999997081,0.00105253526660976,3.886887669196721e-06,0.0,137446.02614303047
wet_low_load,115.0,False,1,0.06994445943461453,0.0012067452338897773,694.5999999997085,0.0010525290131838069,3.92896651627813e-06,0.0,137450.68721696676
wet_low_load,116.0,False,1,0.07069263441937769,0.0012067798000360746,720.639999999709,0.0010525227595786155,3.97099349721719e-06,0.0,137455.34151952784
wet_low_load,117.0,False,1,0.07143988720800283,0.001206814323576341,746.6799999997094,0.0010525165057944062,4.012968675943794e-06,0.0,137459.98905906003
wet_low_load,118.0,False,1,0.07218621893718377,0.001206848804563092,772.7199999997098,0.0010525102518314008,4.054892116309061e-06,0.0,137464.62984389954
wet_low_load,119.0,False,1,0.07293163074221296,0.0012068832430487794,798.7599999997102,0.001052503997689819,4.096763882085389e-06,0.0,137469.2638823721
wet_low_load,120.0,False,1,0.07367612375698358,0.0012069176390857896,824.7999999997106,0.0010524977433698818,4.13858403696658e-06,0.0,137473.89118279336
wet_low_load,121.0,False,1,0.07441969911399117,0.0012069519927264442,850.839999999711,0.0010524914888718085,4.180352644567922e-06,0.0,137478.51175346848
wet_low_load,122.0,False,1,0.07516235794433536,0.0012069863040230012,876.8799999997115,0.0010524852341958196,4.2220697684262924e-06,0.0,137483.12560269271
wet_low_load,123.0,False,1,0.07590410137772155,0.0012070205730276532,902.9199999997119,0.0010524789793421327,4.263735472000253e-06,0.0,137487.73273875058
wet_low_load,124.0,False,1,0.07664493054246273,0.0012070547997925295,928.9599999997123,0.0010524727243109671,4.305349818670146e-06,0.0,137492.3331699168
wet_low_load,125.0,False,1,0.077384846565481,0.0012070889843696943,954.9999999997127,0.0010524664691025423,4.34691287173819e-06,0.0,137496.92690445582
wet_low_load,126.0,False,1,0.07812385057230975,0.0012071231268111478,981.0399999997131,0.0010524602137170764,4.388424694428589e-06,0.0,137501.51395062183
wet_low_load,127.0,False,1,0.07886194368709472,0.0012071572271688267,1007.0799999997136,0.0010524539581547874,4.429885349887603e-06,0.0,137506.09431665883
wet_low_load,128.0,False,1,0.07959912703259613,0.0012071912854946026,1033.11999999971,0.001052447702415894,4.471294901183664e-06,0.0,137510.66801080084
wet_low_load,129.0,False,1,0.0803354017301903,0.0012072253018402842,1059.159999999699,0.0010524414465006144,4.512653411307465e-06,0.0,137515.23504127166
wet_low_load,130.0,False,1,0.08107076889987146,0.0012072592762576158,1085.199999999688,0.0010524351904091641,4.553960943172064e-06,0.0,137519.79541628464
wet_low_load,131.0,False,1,0.08180522966025318,0.001207293208798278,1111.2399999996771,0.0010524289341417616,4.595217559612964e-06,0.0,137524.34914404343
wet_low_load,132.0,False,1,0.08253878512857026,0.001207327099513888,1137.2799999996662,0.0010524226776986256,4.6364233233882174e-06,0.0,137528.89623274165
wet_low_load,133.0,False,1,0.08327143642068058,0.0012073609484559988,1163.3199999996552,0.0010524164210799682,4.677578297178533e-06,0.0,137533.436690562
wet_low_load,134.0,False,1,0.08400318465106624,0.0012073947556761003,1189.3599999996443,0.001052410164286008,4.718682543587338e-06,0.0,137537.97052567784
wet_low_load,135.0,False,1,0.08473403093283603,0.0012074285212256188,1215.3999999996333,0.0010524039073169613,4.759736125140916e-06,0.0,137542.49774625245
wet_low_load,136.0,False,1,0.08546397637772657,0.0012074622451559171,1241.4399999996224,0.0010523976501730437,4.800739104288473e-06,0.0,137547.0183604388
wet_low_load,137.0,False,1,0.08619302209610408,0.001207495927518295,1267.4799999996114,0.0010523913928544716,4.8416915434022365e-06,0.0,137551.5323763799
wet_low_load,138.0,False,1,0.08692116919696627,0.0012075295683639888,1293.5199999996005,0.0010523851353614585,4.882593504777562e-06,0.0,137556.03980220863
wet_low_load,139.0,False,1,0.08764841878794394,0.0012075631677441717,1319.5599999995895,0.00105237887769422,4.923445050633017e-06,0.0,137560.5406460479
wet_low_load,140.0,False,1,0.0883747719753025,0.001207596725709954,1345.5999999995786,0.0010523726198529717,4.9642462431104785e-06,0.0,137565.0349160108
wet_low_load,141.0,False,1,0.08910022986394384,0.0012076302423123825,1371.6399999995676,0.0010523663618379276,5.004997144275226e-06,0.0,137569.52262020015
wet_low_load,142.0,False,1,0.08982479355740806,0.0012076637176024418,1397.6799999995567,0.0010523601036493036,5.045697816116045e-06,0.0,137574.00376670912
wet_low_load,143.0,False,1,0.09054846415787476,0.001207697151631053,1423.7199999995457,0.0010523538452873102,5.0863483205452985e-06,0.0,137578.47836362023
wet_low_load,144.0,False,1,0.09127124276616526,0.0012077305444490748,1449.7599999995348,0.0010523475867521633,5.126948719399051e-06,0.0,137582.94641900677
wet_low_load,145.0,False,1,0.0919931304817439,0.0012077638961073033,1475.7999999995238,0.0010523413280440763,5.167499074437143e-06,0.0,137587.40794093173
wet_low_load,146.0,False,1,0.09271412840271993,0.0012077972066564717,1501.8399999995129,0.0010523350691632617,5.2079994473432924e-06,0.0,137591.86293744817
wet_low_load,147.0,False,1,0.09343423762584889,0.0012078304761472508,1527.879999999502,0.0010523288101099337,5.24844989972518e-06,0.0,137596.3114165994
wet_low_load,148.0,False,1,0.09415345924653476,0.0012078637046302489,1553.919999999491,0.0010523225508843024,5.288850493114563e-06,0.0,137600.7533864184
wet_low_load,149.0,False,1,0.09487179435883097,0.001207896892156012,1579.95999999948,0.0010523162914865822,5.329201288967336e-06,0.0,137605.18885492883
wet_low_load,150.0,False,1,0.0955892440554427,0.0012079300387750238,1605.999999999469,0.0010523100319169846,5.369502348663658e-06,0.0,137609.61783014395
wet_low_load,151.0,False,1,0.09630580942772814,0.0012079631445377054,1632.0399999994581,0.001052303772175722,5.409753733508025e-06,0.0,137614.04032006755
wet_low_load,152.0,False,1,0.09702149156570036,0.0012079962094944166,1658.0799999994472,0.0010522975122630035,5.449955504729373e-06,0.0,137618.45633269305
wet_low_load,153.0,False,1,0.09773629155802882,0.0012080292336954543,1684.1199999994362,0.001052291252179044,5.490107723481163e-06,0.0,137622.8658760047
wet_low_load,154.0,False,1,0.09845021049204111,0.0012080622171910535,1710.1599999994253,0.0010522849919240539,5.530210450841483e-06,0.0,137627.26895797654
wet_low_load,155.0,False,1,0.09916324945372461,0.001208095160031388,1736.1999999994143,0.001052278731498242,5.5702637478131336e-06,0.0,137631.6655865725
wet_low_load,156.0,False,1,0.09987540952772803,0.0012081280622665688,1762.2399999994034,0.0010522724709018203,5.610267675323722e-06,0.0,137636.0557697471
wet_low_load,157.0,False,1,0.10058685050445824,0.0012081453492919975,1788.2799999993924,0.0010522662101678944,5.650231209225849e-06,0.0,137640.44067961277
wet_low_load,158.0,False,1,0.10129787878094543,0.0012081593200965173,1814.3199999993815,0.0010522599493599614,5.690171560656496e-06,0.0,137644.82256368943
wet_low_load,159.0,False,1,0.10200850224747181,0.0012081732829470344,1840.3599999993705,0.00105225368847965,5.7300891728338215e-06,0.0,137649.20147985397
wet_low_load,160.0,False,1,0.10271872113450796,0.0012081872378480773,1866.3999999993596,0.0010522474275270022,5.769984058703973e-06,0.0,137653.57742979616
wet_low_load,161.0,False,1,0.1034285356723934,0.0012082011848041716,1892.4399999993486,0.0010522411665020582,5.8098562312057335e-06,0.0,137657.95041520474
wet_low_load,162.0,False,1,0.10413794609133625,0.0012082151238198412,1918.4799999993377,0.0010522349054048596,5.849705703270506e-06,0.0,137662.32043776743
wet_low_load,163.0,False,1,0.10484695262141377,0.0012082290548996062,1944.5199999993267,0.0010522286442354472,5.8895324878223435e-06,0.0,137666.68749917112
wet_low_load,164.0,False,1,0.10555555549257192,0.001208242978047985,1970.5599999993158,0.0010522223829938625,5.9293365977779225e-06,0.0,137671.05160110173
wet_low_load,165.0,False,1,0.10626375493462605,0.0012082568932694933,1996.5999999993048,0.0010522161216801476,5.969118046046582e-06,0.0,137675.4127452443
wet_low_load,166.0,False,1,0.10697155117726063,0.001208270800568644,2022.6399999992939,0.0010522098602943415,6.008876845530313e-06,0.0,137679.77093328247
wet_low_load,167.0,False,1,0.10767894445002936,0.0012082846999499474,2048.6799999992836,0.0010522035988364863,6.048613009123755e-06,0.0,137684.12616689943
wet_low_load,168.0,False,1,0.10838593498235519,0.0012082985914179116,2074.7199999992954,0.0010521973373066227,6.0883265497142075e-06,0.0,137688.47844777716
wet_low_load,169.0,False,1,0.10909252300353037,0.0012083124749770419,2100.759999999307,0.0010521910757047923,6.128017480181627e-06,0.0,137692.82777759686
wet_low_load,170.0,False,1,0.10979870874271674,0.0012083263506318409,2126.799999999319,0.0010521848140310356,6.167685813398644e-06,0.0,137697.17415803857
wet_low_load,171.0,False,1,0.11050449242894571,0.0012083402183868087,2152.8399999993308,0.0010521785522853934,6.2073315622305604e-06,0.0,137701.51759078144
wet_low_load,172.0,False,1,0.11120987429111812,0.001208354078246443,2178.8799999993425,0.001052172290467907,6.246954739535349e-06,0.0,137705.8580775037
wet_low_load,173.0,False,1,0.1119148545580046,0.0012083679302152392,2204.9199999993543,0.0010521660285786171,6.286555358163664e-06,0.0,137710.19561988264
wet_low_load,174.0,False,1,0.11261943345824565,0.0012083817742976892,2230.959999999366,0.0010521597666175648,6.32613343095885e-06,0.0,137714.53021959454
wet_low_load,175.0,False,1,0.11332361122035138,0.0012083956104982833,2256.999999999378,0.0010521535045847914,6.36568897075693e-06,0.0,137718.8618783148
wet_low_load,176.0,False,1,0.11402738807270196,0.0012084094388215088,2283.0399999993897,0.0010521472424803366,6.405221990386626e-06,0.0,137723.19059771782
wet_low_load,177.0,False,2,0.08161831542815134,0.0012072845732453348,9.079999999397472,0.0010509121174848823,4.584718089529412e-06,0.0,137325.63735873593
wet_low_load,178.0,False,2,0.08235210128586454,0.001207318474605077,35.11999999939749,0.0010509058610864662,4.625936794890466e-06,0.0,137330.18613702015
wet_low_load,179.0,False,2,0.08308498268339433,0.0012073523341782002,61.1599999993972,0.001050899604512477,4.667104694314858e-06,0.0,137334.72828234435
wet_low_load,180.0,False,2,0.08381696073557292,0.0012073861520162106,87.19999999939755,0.0010508933477631302,4.708221850425681e-06,0.0,137339.26380288415
wet_low_load,181.0,False,2,0.08454803655585859,0.0012074199281705501,113.23999999939797,0.0010508870908386414,4.749288325768851e-06,0.0,137343.7927068052
wet_low_load,182.0,False,2,0.08527821125633721,0.0012074536626925983,139.27999999939837,0.0010508808337392267,4.790304182813193e-06,0.0,137348.31500226303
wet_low_load,183.0,False,2,0.08600748594772376,0.0012074873556336704,165.3199999993988,0.001050874576465102,4.831269483950524e-06,0.0,137352.83069740332
wet_low_load,184.0,False,2,0.08673586173936416,0.0012075210070450195,191.3599999993992,0.0010508683190164824,4.872184291495759e-06,0.0,137357.3398003615
wet_low_load,185.0,False,2,0.08746333973923702,0.0012075546169778343,217.39999999939963,0.001050862061393583,4.9130486676870045e-06,0.0,137361.84231926303
wet_low_load,186.0,False,2,0.08818992105395536,0.0012075881854832415,243.43999999940004,0.0010508558035966188,4.953862674685662e-06,0.0,137366.3382622235
wet_low_load,187.0,False,2,0.08891560678876805,0.0012076217126123039,269.47999999940043,0.0010508495456258047,4.994626374576504e-06,0.0,137370.82763734835
wet_low_load,188.0,False,2,0.08964039804756169,0.0012076551984160219,295.51999999940085,0.001050843287481357,5.035339829367778e-06,0.0,137375.31045273333
wet_low_load,189.0,False,2,0.0903642959328621,0.0012076886429453328,321.55999999940127,0.0010508370291634843,5.076003100991296e-06,0.0,137379.78671646328
wet_low_load,190.0,False,2,0.09108730154583637,0.0012077220462511113,347.5999999994017,0.0010508307706724037,5.116616251302545e-06,0.0,137384.25643661406
wet_low_load,191.0,False,2,0.09180941598629418,0.0012077554083841692,373.6399999994021,0.0010508245120083278,5.157179342080762e-06,0.0,137388.71962125125
wet_low_load,192.0,False,2,0.09253064035268953,0.0012077887293952558,399.6799999994025,0.0010508182531714708,5.1976924350290354e-06,0.0,137393.17627843053
wet_low_load,193.0,False,2,0.09325097574212257,0.0012078220093350576,425.71999999940294,0.0010508119941620452,5.2381555917744e-06,0.0,137397.6264161976
wet_low_load,194.0,False,2,0.09397042325034113,0.0012078552482541992,451.75999999940336,0.0010508057349802639,5.278568873867929e-06,0.0,137402.07004258825
wet_low_load,195.0,False,2,0.09468898397174247,0.0012078884462032424,477.7999999994038,0.0010507994756263385,5.31893234278483e-06,0.0,137406.50716562825
wet_low_load,196.0,False,2,0.09540665899937484,0.0012079216032326863,503.8399999994042,0.0010507932161004819,5.359246059924534e-06,0.0,137410.93779333367
wet_low_load,197.0,False,2,0.09612344942493924,0.0012079547193929686,529.8799999994046,0.001050786956402906,5.399510086610793e-06,0.0,137415.36193371064
wet_low_load,198.0,False,2,0.09683935633879108,0.0012079877947344642,555.919999999405,0.001050780696533823,5.4397244840917736e-06,0.0,137419.77959475547
wet_low_load,199.0,False,2,0.09755438082994168,0.001208020829307486,581.9599999994055,0.0010507744364934438,5.4798893135401405e-06,0.0,137424.1907844545
wet_low_load,200.0,False,2,0.09826852398606016,0.001208053823162285,607.9999999994059,0.0010507681762819791,5.520004636053165e-06,0.0,137428.59551078422
wet_low_load,201.0,False,2,0.09898178689347487,0.0012080867763490505,634.0399999994063,0.0010507619158996394,5.560070512652802e-06,0.0,137432.9937817112
wet_low_load,202.0,False,2,0.09969417063717549,0.0012081196889179096,660.0799999994067,0.0010507556553466363,5.600087004285811e-06,0.0,137437.3856051926
wet_low_load,203.0,False,2,0.10040575175233458,0.0012081417909310316,686.1199999994071,0.0010507493946388194,5.640058410136613e-06,0.0,137441.77154263674
wet_low_load,204.0,False,2,0.10111688313383349,0.0012081557637614343,712.1599999994075,0.0010507431338493214,5.680004553250289e-06,0.0,137446.15418264002
wet_low_load,205.0,False,2,0.1018276096466707,0.0012081697286366808,738.199999999408,0.0010507368729874345,5.7199279538132585e-06,0.0,137450.5338543008
wet_low_load,206.0,False,2,0.10253793152135036,0.0012081836855613003,764.2399999994084,0.0010507306120532002,5.7598286247735545e-06,0.0,137454.91055930906
wet_low_load,207.0,False,2,0.10324784898824524,0.0012081976345398194,790.2799999994088,0.0010507243510466592,5.799706579071827e-06,0.0,137459.2842993538
wet_low_load,208.0,False,2,0.10395736227759687,0.0012082115755767619,816.3199999994092,0.0010507180899678534,5.8395618296413576e-06,0.0,137463.6550761231
wet_low_load,209.0,False,2,0.10466647161951587,0.0012082255086766493,842.3599999994096,0.0010507118288168235,5.879394389408071e-06,0.0,137468.022891304
wet_low_load,210.0,False,2,0.10537517724398171,0.0012082394338440005,868.39999999941,0.001050705567593611,5.919204271290528e-06,0.0,137472.38774658268
wet_low_load,211.0,False,2,0.10608347938084299,0.0012082533510833315,894.4399999994105,0.0010506993062982565,5.958991488199934e-06,0.0,137476.7496436442
wet_low_load,212.0,False,2,0.10679137825981733,0.0012082672603991563,920.4799999994109,0.0010506930449308014,5.998756053040142e-06,0.0,137481.10858417288
wet_low_load,213.0,False,2,0.10749887411049196,0.0012082811617959855,946.5199999994113,0.0010506867834912865,6.0384979787076765e-06,0.0,137485.46456985184
wet_low_load,214.0,False,2,0.10820596716232292,0.001208295055278328,972.5599999994117,0.0010506805219797533,6.078217278091695e-06,0.0,137489.81760236356
wet_low_load,215.0,False,2,0.10891265764463583,0.0012083089408506898,998.5999999994121,0.0010506742603962425,6.117913964074027e-06,0.0,137494.16768338918
wet_low_load,216.0,False,2,0.10961894578662568,0.001208322818517574,1024.6399999994123,0.0010506679987407953,6.157588049529166e-06,0.0,137498.5148146092
wet_low_load,217.0,False,2,0.11032483181735712,0.0012083366882834816,1050.6799999994014,0.0010506617370134518,6.197239547324284e-06,0.0,137502.8589977029
wet_low_load,218.0,False,2,0.11103031596576426,0.001208350550152911,1076.7199999993904,0.0010506554752142533,6.2368684703192185e-06,0.0,137507.2002343487
wet_low_load,219.0,False,2,0.11173539846065085,0.0012083644041303576,1102.7599999993795,0.0010506492133432418,6.276474831366485e-06,0.0,137511.53852622438
wet_low_load,220.0,False,2,0.1124400795306904,0.0012083782502203147,1128.7999999993685,0.001050642951400457,6.316058643311285e-06,0.0,137515.87387500625
wet_low_load,221.0,False,2,0.11314435940442626,0.001208392088427273,1154.8399999993576,0.0010506366893859402,6.355619918991505e-06,0.0,137520.20628237003
wet_low_load,222.0,False,2,0.11384823831027172,0.0012084059187557202,1180.8799999993466,0.0010506304272997322,6.395158671237729e-06,0.0,137524.53574999023
wet_low_load,223.0,False,2,0.1145517164765099,0.0012084197412101422,1206.9199999993357,0.0010506241651418744,6.4346749128732275e-06,0.0,137528.86227954068
wet_low_load,224.0,False,2,0.11525479413129398,0.0012084335557950216,1232.9599999993247,0.0010506179029124046,6.474168656713972e-06,0.0,137533.18587269378
wet_low_load,225.0,False,2,0.11595747150264742,0.001208447362514839,1258.9999999993138,0.0010506116406113644,6.513639915568647e-06,0.0,137537.50653112135
wet_low_load,226.0,False,2,0.11665974881846353,0.001208461161374072,1285.0399999993028,0.0010506053782388006,6.553088702238627e-06,0.0,137541.824256495
wet_low_load,227.0,False,2,0.11736162630650619,0.001208474952377196,1311.0799999992919,0.0010505991157947479,6.592515029518016e-06,0.0,137546.13905048388
wet_low_load,228.0,False,2,0.11806310419440941,0.0012084887355286837,1337.119999999281,0.0010505928532792486,6.63191891019362e-06,0.0,137550.45091475704
wet_low_load,229.0,False,2,0.11876418270967766,0.0012085025108330052,1363.15999999927,0.0010505865906923434,6.671300357044974e-06,0.0,137554.75985098255
wet_low_load,230.0,False,2,0.11946486207968597,0.0012085162782946282,1389.199999999259,0.0010505803280340727,6.710659382844338e-06,0.0,137559.06586082737
wet_low_load,231.0,False,2,0.12016514253167983,0.0012085300379180179,1415.239999999248,0.0010505740653044776,6.7499960003566945e-06,0.0,137563.3689459576
wet_low_load,232.0,False,2,0.12086502429277532,0.0012085437897076366,1441.2799999992371,0.0010505678025035984,6.78931022233976e-06,0.0,137567.6691080383
wet_low_load,233.0,False,2,0.12156450758995928,0.0012085575336679443,1467.3199999992262,0.0010505615396314753,6.828602061543989e-06,0.0,137571.96634873375
wet_low_load,234.0,False,2,0.12226359265008928,0.0012085712698033989,1493.3599999992152,0.0010505552766881495,6.8678715307125756e-06,0.0,137576.26066970715
wet_low_load,235.0,False,2,0.12296227969989379,0.0012085849981184548,1519.3999999992043,0.001050549013673661,6.907118642581462e-06,0.0,137580.55207262072
wet_low_load,236.0,False,2,0.12366056896597205,0.0012085987186175647,1545.4399999991933,0.0010505427505880507,6.94634340987933e-06,0.0,137584.84055913592
wet_low_load,237.0,False,2,0.12435846067479456,0.0012086124313051784,1571.4799999991824,0.0010505364874313593,6.98554584532763e-06,0.0,137589.1261309131
wet_low_load,238.0,False,2,0.12505595505270262,0.001208626136185743,1597.5199999991714,0.001050530224203626,7.024725961640557e-06,0.0,137593.40878961154
wet_low_load,239.0,False,2,0.1257530523259088,0.0012086398332637038,1623.5599999991605,0.001050523960904893,7.063883771525074e-06,0.0,137597.68853689
wet_low_load,240.0,False,2,0.12644975272049683,0.0012086535225435025,1649.5999999991495,0.0010505176975351997,7.103019287680903e-06,0.0,137601.9653744059
wet_low_load,241.0,False,2,0.12714605646242183,0.001208667204029579,1675.6399999991386,0.001050511434094587,7.142132522800547e-06,0.0,137606.239303816
wet_low_load,242.0,False,2,0.12784196377751003,0.0012086808777263707,1701.6799999991276,0.0010505051705830954,7.181223489569266e-06,0.0,137610.51032677584
wet_low_load,243.0,False,2,0.12853747489145936,0.001208694543638312,1727.7199999991167,0.0010504989070007637,7.220292200665115e-06,0.0,137614.77844494005
wet_low_load,244.0,False,2,0.1292325900298392,0.0012087082017698354,1753.7599999991057,0.0010504926433476337,7.259338668758923e-06,0.0,137619.04365996254
wet_low_load,245.0,False,2,0.12992730941809028,0.00120872185212537,1779.7999999990948,0.0010504863796237454,7.298362906514301e-06,0.0,137623.3059734962
wet_low_load,246.0,False,2,0.1306216332815252,0.0012087354947093436,1805.8399999990838,0.0010504801158291398,7.337364926587655e-06,0.0,137627.56538719297
wet_low_load,247.0,False,2,0.1313155618453283,0.0012087491295261802,1831.8799999990729,0.0010504738519638557,7.376344741628188e-06,0.0,137631.82190270367
wet_low_load,248.0,False,2,0.13200909533455557,0.0012087627565803023,1857.919999999062,0.0010504675880279339,7.415302364277895e-06,0.0,137636.07552167834
wet_low_load,249.0,False,2,0.132702233974135,0.001208776375876129,1883.959999999051,0.0010504613240214149,7.454237807171581e-06,0.0,137640.32624576613
wet_low_load,250.0,False,2,0.13339497798886646,0.0012087899874180775,1909.99999999904,0.0010504550599443388,7.493151082936851e-06,0.0,137644.5740766152
wet_low_load,251.0,False,2,0.13408732760342185,0.0012088035912105625,1936.039999999029,0.0010504487957967458,7.5320422041941275e-06,0.0,137648.81901587275
wet_low_load,252.0,False,2,0.13477928304234518,0.0012088171872579958,1962.0799999990181,0.0010504425315786766,7.570911183556643e-06,0.0,137653.06106518512
wet_low_load,253.0,False,2,0.1354708445300526,0.0012088307755647872,1988.1199999990072,0.0010504362672901701,7.609758033630449e-06,0.0,137657.30022619743
wet_low_load,254.0,False,2,0.13616201229083236,0.0012088443561353434,2014.1599999989962,0.0010504300029312668,7.648582767014416e-06,0.0,137661.5365005542
wet_low_load,255.0,False,2,0.13685278654884503,0.0012088579289740687,2040.1999999989853,0.001050423738502007,7.68738539630024e-06,0.0,137665.7698898989
wet_low_load,256.0,False,2,0.13754316752812415,0.0012088714940853655,2066.2399999989902,0.001050417474002431,7.726165934072479e-06,0.0,137670.00039587406
wet_low_load,257.0,False,2,0.1382331554525748,0.001208885051473633,2092.279999999002,0.001050411209432579,7.76492439290848e-06,0.0,137674.22802012134
wet_low_load,258.0,False,2,0.13892275054597514,0.0012088986011432681,2118.319999999014,0.00105040494479249,7.803660785378458e-06,0.0,137678.4527642812
wet_low_load,259.0,False,2,0.13961195303197588,0.0012089121430986657,2144.3599999990256,0.0010503986800822047,7.842375124045468e-06,0.0,137682.67462999353
wet_low_load,260.0,False,2,0.14030076313410025,0.001208925677344217,2170.3999999990374,0.0010503924153017624,7.881067421465403e-06,0.0,137686.893618897
wet_low_load,261.0,False,2,0.1409891810757442,0.001208939203884312,2196.439999999049,0.0010503861504512037,7.919737690187012e-06,0.0,137691.10973262953
wet_low_load,262.0,False,2,0.1416772070801768,0.0012089527227233377,2222.479999999061,0.0010503798855305687,7.958385942751911e-06,0.0,137695.32297282806
wet_low_load,263.0,False,2,0.14236484137053979,0.0012089662338656782,2248.5199999990728,0.0010503736205398969,7.997012191694565e-06,0.0,137699.53334112852
wet_low_load,264.0,False,2,0.14305208416984763,0.0012089797373157156,2274.5599999990845,0.0010503673554792285,8.035616449542293e-06,0.0,137703.7408391661
wet_low_load,265.0,True,2,0.13890084591100035,0.0012088981707449515,0.5999999990960904,0.001047689506435824,7.802430343709984e-06,0.0,137324.99999999997
wet_low_load,266.0,False,3,0.10287828305952933,0.001208190373037685,26.639999999096133,0.0010497405636458537,5.778947076872236e-06,0.0,137328.5875136672
wet_low_load,267.0,False,3,0.1035880067539718,0.0012082043182088209,52.67999999909591,0.0010497343026046669,5.818814146455931e-06,0.0,137332.95983304628
wet_low_load,268.0,False,3,0.10429732638119166,0.001208218255440548,78.71999999909602,0.0010497280414912351,5.858658518507887e-06,0.0,137337.32918995872
wet_low_load,269.0,False,3,0.10500624217123651,0.0012082321847373865,104.75999999909644,0.001049721780305599,5.898480205950491e-06,0.0,137341.69558609117
wet_low_load,270.0,False,3,0.10571475435402326,0.0012082461061038538,130.79999999909685,0.0010497155190477999,5.938279221698786e-06,0.0,137346.05902312926
wet_low_load,271.0,False,3,0.10642286315933762,0.001208260019544465,156.83999999909727,0.0010497092577178798,5.97805557866045e-06,0.0,137350.41950275787
wet_low_load,272.0,False,3,0.10713056881683479,0.0012082739250637326,182.8799999990977,0.0010497029963158775,6.0178092897358255e-06,0.0,137354.77702666042
wet_low_load,273.0,False,3,0.10783787155603881,0.0012082878226661663,208.9199999990981,0.0010496967348418353,6.0575403678178895e-06,0.0,137359.13159651984
wet_low_load,274.0,False,3,0.1085447716063435,0.0012083017123562733,234.95999999909853,0.001049690473295795,6.097248825792302e-06,0.0,137363.48321401808
wet_low_load,275.0,False,3,0.10925126919701164,0.0012083155941385586,260.9999999990989,0.0010496842116777961,6.136934676537367e-06,0.0,137367.83188083587
wet_low_load,276.0,False,3,0.10995736455717597,0.0012083294680175244,287.03999999909934,0.0010496779499878802,6.176597932924077e-06,0.0,137372.17759865307
wet_low_load,277.0,False,3,0.11066305791583829,0.00120834333399767,313.07999999909975,0.0010496716882260882,6.2162386078160754e-06,0.0,137376.52036914875
wet_low_load,278.0,False,3,0.11136834950187029,0.0012083571920834927,339.1199999991002,0.0010496654263924608,6.255856714069693e-06,0.0,137380.86019400082
wet_low_load,279.0,False,3,0.11207323954401335,0.0012083710422794867,365.1599999991006,0.001049659164487039,6.295452264533943e-06,0.0,137385.19707488632
wet_low_load,280.0,False,3,0.11277772827087859,0.0012083848845901443,391.199999999101,0.0010496529025098642,6.33502527205052e-06,0.0,137389.53101348152
wet_low_load,281.0,False,3,0.11348181591094697,0.0012083987190199545,417.2399999991014,0.0010496466404609772,6.374575749453809e-06,0.0,137393.86201146137
wet_low_load,282.0,False,3,0.11418550269256933,0.0012084125455734045,443.27999999910185,0.001049640378340418,6.414103709570883e-06,0.0,137398.19007050013
wet_low_load,283.0,False,3,0.11488878884396664,0.001208426364254978,469.31999999910227,0.001049634116148228,6.453609165221523e-06,0.0,137402.515192271
wet_low_load,284.0,False,3,0.11559167459322979,0.0012084401750691572,495.3599999991027,0.0010496278538844454,6.493092129218201e-06,0.0,137406.83737844593
wet_low_load,285.0,False,3,0.11629416016831982,0.0012084539780204211,521.3999999991031,0.0010496215915491139,6.5325526143660955e-06,0.0,137411.1566306966
wet_low_load,286.0,False,3,0.11699624579706809,0.0012084677731132461,547.4399999991035,0.0010496153291422769,6.571990633463101e-06,0.0,137415.47295069383
wet_low_load,287.0,False,3,0.1176979317071761,0.0012084815603521065,573.4799999991039,0.0010496090666639712,6.611406199299816e-06,0.0,137419.78634010645
wet_low_load,288.0,False,3,0.11839921812621572,0.0012084953397414736,599.5199999991044,0.001049602804114238,6.6507993246595596e-06,0.0,137424.09680060297
wet_low_load,289.0,False,3,0.11910010528162952,0.0012085091112858167,625.5599999991048,0.0010495965414931184,6.690170022318386e-06,0.0,137428.40433385107
wet_low_load,290.0,False,3,0.11980059340073029,0.0012085228749896017,651.5999999991052,0.0010495902788006536,6.72951830504506e-06,0.0,137432.70894151725
wet_low_load,291.0,False,3,0.12050068271070155,0.0012085366308572927,677.6399999991056,0.0010495840160368829,6.768844185601084e-06,0.0,137437.01062526714
wet_low_load,292.0,False,3,0.12120037343859737,0.0012085503788933512,703.679999999106,0.001049577753201848,6.80814767674069e-06,0.0,137441.30938676544
wet_low_load,293.0,False,3,0.1218996658113427,0.0012085641191022357,729.7199999991064,0.0010495714902955886,6.8474287912108585e-06,0.0,137445.60522767575
wet_low_load,294.0,False,3,0.12259856005573318,0.0012085778514884027,755.7599999991069,0.0010495652273181456,6.886687541751301e-06,0.0,137449.898149661
wet_low_load,295.0,False,3,0.1232970563984352,0.001208591576056306,781.7999999991073,0.0010495589642695597,6.925923941094476e-06,0.0,137454.1881543829
wet_low_load,296.0,False,3,0.12399515506598643,0.0012086052928103963,807.8399999991077,0.0010495527011498713,6.9651380019656046e-06,0.0,137458.4752435024
wet_low_load,297.0,False,3,0.12469285628479537,0.0012086190017551225,833.8799999991081,0.001049546437959121,7.004329737082656e-06,0.0,137462.7594186795
wet_low_load,298.0,False,3,0.1253901602811416,0.001208632702894931,859.9199999991085,0.0010495401746973493,7.043499159156358e-06,0.0,137467.04068157315
wet_low_load,299.0,False,3,0.126087067281176,0.0012086463962342649,885.959999999109,0.0010495339113645958,7.082646280890204e-06,0.0,137471.3190338413
wet_low_load,300.0,False,3,0.1267835775109206,0.0012086600817775653,911.9999999991094,0.0010495276479609021,7.121771114980456e-06,0.0,137475.5944771412
wet_low_load,301.0,False,3,0.12747969119626856,0.001208673759529271,938.0399999991098,0.0010495213844863077,7.160873674116136e-06,0.0,137479.8670131289
wet_low_load,302.0,False,3,0.1281754085629848,0.0012086874294938179,964.0799999991102,0.0010495151209408537,7.199953970979057e-06,0.0,137484.13664345973
wet_low_load,303.0,False,3,0.12887072983670556,0.0012087010916756395,990.1199999991106,0.0010495088573245798,7.239012018243809e-06,0.0,137488.40336978793
wet_low_load,304.0,False,3,0.12956565524293853,0.0012087147460791666,1016.159999999111,0.0010495025936375264,7.27804782857776e-06,0.0,137492.6671937667
wet_low_load,305.0,False,3,0.13026018500706307,0.0012087283927088275,1042.1999999991035,0.0010494963298797342,7.317061414641068e-06,0.0,137496.9281170487
wet_low_load,306.0,False,3,0.13095431935433025,0.0012087420315690484,1068.2399999990926,0.001049490066051243,7.356052789086685e-06,0.0,137501.18614128514
wet_low_load,307.0,False,3,0.131648058509863,0.0012087556626642526,1094.2799999990816,0.0010494838021520932,7.395021964560365e-06,0.0,137505.44126812663
wet_low_load,308.0,False,3,0.1323414026986558,0.001208769285998861,1120.3199999990707,0.0010494775381823256,7.433968953700649e-06,0.0,137509.69349922283
wet_low_load,309.0,False,3,0.13303435214557516,0.0012087829015772918,1146.3599999990597,0.0010494712741419795,7.472893769138886e-06,0.0,137513.94283622224
wet_low_load,310.0,False,3,0.13372690707535972,0.0012087965094039607,1172.3999999990488,0.001049465010031096,7.511796423499244e-06,0.0,137518.18928077267
wet_low_load,311.0,False,3,0.13441906771262002,0.0012088101094832814,1198.4399999990378,0.0010494587458497139,7.550676929398695e-06,0.0,137522.4328345207
wet_low_load,312.0,False,3,0.1351108342818387,0.0012088237018196644,1224.4799999990269,0.0010494524815978744,7.589535299447028e-06,0.0,137526.6734991123
wet_low_load,313.0,False,3,0.1358022070073707,0.001208837286417518,1250.519999999016,0.0010494462172756182,7.628371546246854e-06,0.0,137530.91127619243
wet_low_load,314.0,False,3,0.13649318611344322,0.0012088508632812484,1276.559999999005,0.0010494399528829842,7.667185682393614e-06,0.0,137535.14616740492
wet_low_load,315.0,False,3,0.13718377182415561,0.0012088644324152584,1302.599999998994,0.0010494336884200126,7.705977720475567e-06,0.0,137539.3781743927
wet_low_load,316.0,False,3,0.13787396436347976,0.0012088779938239488,1328.639999998983,0.001049427423886744,7.744747673073807e-06,0.0,137543.60729879804
wet_low_load,317.0,False,3,0.13856376395526016,0.001208891547511718,1354.679999998972,0.0010494211592832182,7.783495552762277e-06,0.0,137547.83354226197
wet_low_load,318.0,False,3,0.13925317082321398,0.0012089050934829617,1380.7199999989612,0.0010494148946094757,7.822221372107766e-06,0.0,137552.05690642475
wet_low_load,319.0,False,3,0.13994218519093038,0.0012089186317420732,1406.7599999989502,0.0010494086298655555,7.860925143669872e-06,0.0,137556.2773929256
wet_low_load,320.0,False,3,0.14063080728187197,0.0012089321622934432,1432.7999999989393,0.0010494023650514973,7.899606880001083e-06,0.0,137560.49500340282
wet_low_load,321.0,False,3,0.14131903731937376,0.00120894568514146,1458.8399999989283,0.0010493961001673427,7.938266593646726e-06,0.0,137564.70973949393
wet_low_load,322.0,False,3,0.1420068755266435,0.0012089592002905093,1484.8799999989174,0.0010493898352131304,7.97690429714497e-06,0.0,137568.92160283538
wet_low_load,323.0,False,3,0.1426943221267621,0.0012089727077449744,1510.9199999989064,0.0010493835701889007,8.015520003026865e-06,0.0,137573.13059506266
wet_low_load,324.0,False,3,0.14338137734268358,0.0012089862075092361,1536.9599999988955,0.0010493773050946932,8.054113723816332e-06,0.0,137577.33671781042
wet_low_load,325.0,False,3,0.1440680413972345,0.0012089996995876724,1562.9999999988845,0.0010493710399305486,8.092685472030133e-06,0.0,137581.53997271243
wet_low_load,326.0,False,3,0.1447543145131152,0.0012090131839846594,1589.0399999988736,0.001049364774696505,8.131235260177939e-06,0.0,137585.74036140123
wet_low_load,327.0,False,3,0.14544019691289883,0.0012090266607045705,1615.0799999988626,0.0010493585093926026,8.169763100762273e-06,0.0,137589.93788550864
wet_low_load,328.0,False,3,0.14612568881903162,0.001209040129751776,1641.1199999988517,0.0010493522440188818,8.208269006278538e-06,0.0,137594.13254666576
wet_low_load,329.0,False,3,0.14681079045383386,0.0012090535911306443,1667.1599999988407,0.0010493459785753825,8.246752989215052e-06,0.0,137598.32434650246
wet_low_load,330.0,False,3,0.14749550203949874,0.0012090670448455416,1693.1999999988298,0.0010493397130621447,8.285215062053e-06,0.0,137602.5132866478
wet_low_load,331.0,False,3,0.14817982379809297,0.001209080490900831,1719.2399999988188,0.0010493334474792069,8.323655237266458e-06,0.0,137606.6993687298
wet_low_load,332.0,False,3,0.14886375595155696,0.0012090939293008733,1745.2799999988079,0.0010493271818266096,8.362073527322413e-06,0.0,137610.88259437575
wet_low_load,333.0,False,3,0.14954729872170466,0.001209107360050027,1771.319999998797,0.0010493209161043927,8.400469944680744e-06,0.0,137615.06296521187
wet_low_load,334.0,False,3,0.15023045233022395,0.001209120783152648,1797.359999998786,0.0010493146503125954,8.43884450179425e-06,0.0,137619.2404828635
wet_low_load,335.0,False,3,0.15091321699867624,0.0012091341986130892,1823.399999998775,0.0010493083844512576,8.477197211108624e-06,0.0,137623.41514895507
wet_low_load,336.0,False,3,0.15159559294849692,0.0012091476064357023,1849.439999998764,0.0010493021185204187,8.515528085062482e-06,0.0,137627.58696511
wet_low_load,337.0,False,3,0.15227758040099532,0.001209161006624835,1875.479999998753,0.0010492958525201172,8.553837136087358e-06,0.0,137631.75593295076
wet_low_load,338.0,False,3,0.15295917957735483,0.001209174399184834,1901.5199999987422,0.0010492895864504012,8.592124376607712e-06,0.0,137635.92205410002
wet_low_load,339.0,False,3,0.15364039069863275,0.0012091877841200424,1927.5599999987312,0.0010492833203112988,8.630389819040922e-06,0.0,137640.08533017704
wet_low_load,340.0,False,3,0.15432121398576062,0.001209201161434801,1953.5999999987203,0.0010492770541028506,8.668633475797301e-06,0.0,137644.2457628018
wet_low_load,341.0,False,3,0.15500164965954408,0.001209214531133449,1979.6399999987093,0.0010492707878250985,8.706855359280087e-06,0.0,137648.4033535934
wet_low_load,342.0,False,3,0.15568169794066306,0.001209227893220322,2005.6799999986983,0.0010492645214780828,8.745055481885462e-06,0.0,137652.5581041699
wet_low_load,343.0,False,3,0.1563613590496723,0.0012092412476997535,2031.7199999986874,0.0010492582550618425,8.783233856002573e-06,0.0,137656.71001614834
wet_low_load,344.0,False,3,0.15704063320700054,0.001209254594576075,2057.759999998685,0.0010492519885764167,8.821390494013489e-06,0.0,137660.85909114467
wet_low_load,345.0,False,3,0.15771952063295094,0.001209267933853615,2083.799999998697,0.0010492457220218447,8.859525408293222e-06,0.0,137665.00533077415
wet_low_load,346.0,False,3,0.15839802154770138,0.0012092812655366998,2109.8399999987087,0.0010492394553981669,8.897638611209754e-06,0.0,137669.14873665117
wet_low_load,347.0,False,3,0.15907613617130456,0.0012092945896296533,2135.8799999987205,0.0010492331887054218,8.935730115124028e-06,0.0,137673.28931038885
wet_low_load,348.0,False,3,0.1597538647236878,0.0012093079061367964,2161.9199999987322,0.001049226921943649,8.973799932389949e-06,0.0,137677.42705359973
wet_low_load,349.0,False,3,0.1604312074246531,0.0012093212150624483,2187.959999998744,0.0010492206551128882,9.01184807535438e-06,0.0,137681.56196789548
wet_low_load,350.0,False,3,0.16110816449387727,0.001209334516410925,2213.999999998756,0.0010492143882131779,9.049874556357152e-06,0.0,137685.69405488638
wet_low_load,351.0,False,3,0.161784736150912,0.0012093478101865406,2240.0399999987676,0.0010492081212445572,9.087879387731069e-06,0.0,137689.82331618218
wet_low_load,352.0,False,3,0.1624609226151844,0.0012093610963936068,2266.0799999987794,0.0010492018542070667,9.125862581801935e-06,0.0,137693.94975339185
wet_low_load,353.0,False,3,0.16313672410599636,0.0012093743750364323,2292.119999998791,0.0010491955871007438,9.16382415088852e-06,0.0,137698.07336812292
wet_low_load,354.0,False,4,0.11658796401741642,0.001208459750893707,18.15999999879485,0.0010489591400765523,6.549056358833994e-06,0.0,137327.11546593785
wet_low_load,355.0,False,4,0.11728988237472332,0.0012084735426998604,44.199999998794745,0.0010489528776398069,6.588484981848771e-06,0.0,137331.43055956456
wet_low_load,356.0,False,4,0.1179914011086226,0.00120848732665392,70.23999999879462,0.0010489466151316106,6.627891156952729e-06,0.0,137335.74272330495
wet_low_load,357.0,False,4,0.11869252044663216,0.0012085011027603567,96.27999999879503,0.0010489403525520042,6.6672748969261535e-06,0.0,137340.0519588272
wet_low_load,358.0,False,4,0.11939324061614011,0.0012085148710236381,122.31999999879545,0.0010489340899010287,6.706636214542042e-06,0.0,137344.3582677984
wet_low_load,359.0,False,4,0.1200935618444052,0.0012085286314482298,148.35999999879587,0.0010489278271787238,6.7459751225661226e-06,0.0,137348.66165188464
wet_low_load,360.0,False,4,0.12079348435855684,0.0012085423840385945,174.3999999987963,0.0010489215643851308,6.785291633756858e-06,0.0,137352.96211275124
wet_low_load,361.0,False,4,0.12149300838559485,0.0012085561287991924,200.4399999987967,0.0010489153015202902,6.824585760865435e-06,0.0,137357.2596520624
wet_low_load,362.0,False,4,0.12219213415239027,0.0012085698657344811,226.47999999879713,0.0010489090385842424,6.863857516635801e-06,0.0,137361.55427148152
wet_low_load,363.0,False,4,0.12289086188568463,0.001208583594848916,252.51999999879754,0.001048902775577028,6.903106913804633e-06,0.0,137365.8459726709
wet_low_load,364.0,False,4,0.12358919181209042,0.0012085973161469498,278.55999999879793,0.0010488965124986875,6.942333965101358e-06,0.0,137370.13475729208
wet_low_load,365.0,False,4,0.12428712415809122,0.0012086110296330326,304.59999999879835,0.0010488902493492615,6.981538683248161e-06,0.0,137374.4206270055
wet_low_load,366.0,False,4,0.12498465915004166,0.0012086247353116119,330.63999999879877,0.00104888398612879,7.020721080959985e-06,0.0,137378.70358347063
wet_low_load,367.0,False,4,0.1256817970141674,0.0012086384331871326,356.6799999987992,0.0010488777228373142,7.059881170944527e-06,0.0,137382.9836283462
wet_low_load,368.0,False,4,0.12637853797656534,0.0012086521232640374,382.7199999987996,0.0010488714594748742,7.099018965902254e-06,0.0,137387.26076328979
wet_low_load,369.0,False,4,0.12707488226320365,0.001208665805546766,408.7599999988,0.0010488651960415102,7.138134478526396e-06,0.0,137391.53498995813
wet_low_load,370.0,False,4,0.1277708300999219,0.0012086794800397565,434.79999999880044,0.001048858932537263,7.177227721502966e-06,0.0,137395.80631000703
wet_low_load,371.0,False,4,0.12846638171243102,0.0012086931467474432,460.83999999880086,0.0010488526689621724,7.216298707510747e-06,0.0,137400.07472509122
wet_low_load,372.0,False,4,0.12916153732631364,0.0012087068056742588,486.8799999988013,0.0010488464053162792,7.255347449221314e-06,0.0,137404.3402368647
wet_low_load,373.0,False,4,0.12985629716702354,0.0012087204568246332,512.9199999988017,0.0010488401415996234,7.29437395929901e-06,0.0,137408.6028469803
wet_low_load,374.0,False,4,0.13055066145988656,0.0012087341002029936,538.9599999988021,0.0010488338778122453,7.333378250400983e-06,0.0,137412.86255709006
wet_low_load,375.0,False,4,0.13124463043010004,0.001208747735813765,564.9999999988025,0.0010488276139541855,7.372360335177173e-06,0.0,137417.1193688451
wet_low_load,376.0,False,4,0.1319382043027332,0.0012087613636613697,591.039999998803,0.001048821350025484,7.41132022627031e-06,0.0,137421.3732838955
wet_low_load,377.0,False,4,0.13263138330272697,0.0012087749837502275,617.0799999988034,0.0010488150860261814,7.450257936315932e-06,0.0,137425.62430389045
wet_low_load,378.0,False,4,0.13332416765489438,0.0012087885960847557,643.1199999988038,0.001048808821956317,7.4891734779423805e-06,0.0,137429.87243047816
wet_low_load,379.0,False,4,0.13401655758392034,0.0012088022006693688,669.1599999988042,0.001048802557815932,7.528066863770806e-06,0.0,137434.117665306
wet_low_load,380.0,False,4,0.13470855331436202,0.0012088157975084796,695.1999999988046,0.0010487962936050644,7.5669381064151845e-06,0.0,137438.36001002006
wet_low_load,381.0,False,4,0.13540015507064854,0.0012088293866064973,721.239999998805,0.0010487900293237576,7.605787218482296e-06,0.0,137442.59946626623
wet_low_load,382.0,False,4,0.1360913630770813,0.0012088429679678295,747.2799999988055,0.00104878376497205,7.644614212571749e-06,0.0,137446.83603568876
wet_low_load,383.0,False,4,0.13678217755783423,0.0012088565415968807,773.3199999988059,0.001048777500549982,7.683419101275986e-06,0.0,137451.06971993123
wet_low_load,384.0,False,4,0.13747259873695322,0.0012088701074980536,799.3599999988063,0.0010487712360575932,7.722201897180265e-06,0.0,137455.30052063626
wet_low_load,385.0,False,4,0.13816262683835698,0.0012088836656757472,825.3999999988067,0.0010487649714949238,7.760962612862695e-06,0.0,137459.5284394455
wet_low_load,386.0,False,4,0.13885226208583654,0.0012088972161343591,851.4399999988071,0.0010487587068620141,7.799701260894213e-06,0.0,137463.75347799977
wet_low_load,387.0,False,4,0.13954150470305546,0.001208910758878284,877.4799999988076,0.001048752442158904,7.838417853838599e-06,0.0,137467.97563793883
wet_low_load,388.0,False,4,0.1402303549135499,0.0012089242939119142,903.519999998808,0.0010487461773856332,7.877112404252473e-06,0.0,137472.19492090162
wet_low_load,389.0,False,4,0.1409188129407294,0.0012089378212396392,929.5599999988084,0.0010487399125422422,7.91578492468534e-06,0.0,137476.41132852607
wet_low_load,390.0,False,4,0.14160687900787527,0.0012089513408658464,955.5999999988088,0.00104873364762877,7.954435427679514e-06,0.0,137480.6248624491
wet_low_load,391.0,False,4,0.14229455333814253,0.0012089648527949203,981.6399999988092,0.0010487273826452574,7.9930639257702e-06,0.0,137484.83552430692
wet_low_load,392.0,False,4,0.1429818361545588,0.0012089783570312432,1007.6799999988096,0.0010487211175917437,8.031670431485455e-06,0.0,137489.0433157346
wet_low_load,393.0,False,4,0.14366872768002487,0.0012089918535791947,1033.7199999988059,0.0010487148524682681,8.070254957346209e-06,0.0,137493.2482383663
wet_low_load,394.0,False,4,0.14435522813731458,0.0012090053424431524,1059.759999998795,0.0010487085872748724,8.108817515866264e-06,0.0,137497.45029383557
wet_low_load,395.0,False,4,0.14504133774907482,0.0012090188236274907,1085.799999998784,0.001048702322011595,8.147358119552286e-06,0.0,137501.64948377453
wet_low_load,396.0,False,4,0.14572705673782566,0.001209032297136582,1111.839999998773,0.001048696056678476,8.185876780903821e-06,0.0,137505.84580981475
wet_low_load,397.0,False,4,0.14641238532596093,0.0012090457629747957,1137.879999998762,0.0010486897912755553,8.224373512413325e-06,0.0,137510.03927358668
wet_low_load,398.0,False,4,0.14709732373574716,0.0012090592211464995,1163.919999998751,0.001048683525802872,8.262848326566097e-06,0.0,137514.22987671982
wet_low_load,399.0,False,4,0.14778187218932518,0.0012090726716560579,1189.9599999987402,0.0010486772602604664,8.30130123584038e-06,0.0,137518.41762084296
wet_low_load,400.0,False,4,0.14846603090870847,0.0012090861145078334,1215.9999999987292,0.0010486709946483778,8.339732252707262e-06,0.0,137522.60250758368
wet_low_load,401.0,False,4,0.14914980011578466,0.0012090995497061857,1242.0399999987183,0.0010486647289666465,8.378141389630764e-06,0.0,137526.78453856893
wet_low_load,402.0,False,4,0.14983318003231508,0.0012091129772554721,1268.0799999987073,0.001048658463215312,8.416528659067808e-06,0.0,137530.9637154245
wet_low_load,403.0,False,4,0.15051617087993452,0.0012091263971600477,1294.1199999986964,0.001048652197394414,8.454894073468212e-06,0.0,137535.14003977532
wet_low_load,404.0,False,4,0.1511987728801516,0.0012091398094242645,1320.1599999986854,0.0010486459315039915,8.493237645274703e-06,0.0,137539.31351324546
wet_low_load,405.0,False,4,0.151880986254349,0.0012091532140524725,1346.1999999986745,0.001048639665544085,8.531559386922939e-06,0.0,137543.484137458
wet_low_load,406.0,False,4,0.15256281122378343,0.0012091666110490191,1372.2399999986635,0.0010486333995147325,8.569859310841493e-06,0.0,137547.65191403494
wet_low_load,407.0,False,4,0.15324424800958536,0.0012091800004182492,1398.2799999986526,0.0010486271334159815,8.608137429451858e-06,0.0,137551.81684459862
wet_low_load,408.0,False,4,0.15392529683275966,0.0012091933821645057,1424.3199999986416,0.0010486208672478576,8.646393755168462e-06,0.0,137555.97893076748
wet_low_load,409.0,False,4,0.154605957914185,0.0012092067562921279,1450.3599999986307,0.0010486146010104075,8.68462830039865e-06,0.0,137560.1381741619
wet_low_load,410.0,False,4,0.15528623147461487,0.0012092201228054537,1476.3999999986197,0.0010486083347036705,8.722841077542733e-06,0.0,137564.2945764003
wet_low_load,411.0,False,4,0.15596611773467609,0.0012092334817088183,1502.4399999986088,0.0010486020683276864,8.761032098993907e-06,0.0,137568.4481391003
wet_low_load,412.0,False,4,0.156645616914871,0.001209246833006554,1528.4799999985978,0.001048595801882494,8.799201377138374e-06,0.0,137572.5988638785
wet_low_load,413.0,False,4,0.15732472923557597,0.0012092601767029908,1554.5199999985869,0.0010485895353681328,8.837348924355263e-06,0.0,137576.7467523505
wet_low_load,414.0,False,4,0.1580034549170416,0.0012092735128024568,1580.559999998576,0.0010485832687846422,8.875474753016638e-06,0.0,137580.89180613126
wet_low_load,415.0,False,4,0.15868179417939343,0.0012092868413092768,1606.599999998565,0.0010485770021320616,8.913578875487534e-06,0.0,137585.03402683456
wet_low_load,416.0,False,4,0.1593597472426317,0.0012093001622277737,1632.639999998554,0.0010485707354104304,8.95166130412595e-06,0.0,137589.17341607338
wet_low_load,417.0,False,4,0.16003731432663096,0.0012093134755622678,1658.679999998543,0.0010485644686197878,8.989722051282827e-06,0.0,137593.30997545974
wet_low_load,418.0,False,4,0.16071449565114115,0.0012093267813170767,1684.719999998532,0.0010485582017601732,9.027761129302104e-06,0.0,137597.44370660483
wet_low_load,419.0,False,4,0.16139129143578676,0.0012093400794965159,1710.7599999985212,0.001048551934831626,9.065778550520672e-06,0.0,137601.57461111873
wet_low_load,420.0,False,4,0.1620677019000674,0.0012093533701048984,1736.7999999985102,0.001048545667834185,9.103774327268408e-06,0.0,137605.70269061087
wet_low_load,421.0,False,4,0.16274372726335756,0.0012093666531465344,1762.8399999984993,0.0010485394007678896,9.141748471868164e-06,0.0,137609.82794668947
wet_low_load,422.0,False,4,0.1634193677449069,0.0012093799286257319,1788.8799999984883,0.0010485331336327793,9.179700996635775e-06,0.0,137613.95038096214
wet_low_load,423.0,False,4,0.16409462356384022,0.0012093931965467964,1814.9199999984774,0.0010485268664288928,9.217631913880065e-06,0.0,137618.0699950353
wet_low_load,424.0,False,4,0.16476949493915757,0.0012094064569140312,1840.9599999984664,0.0010485205991562698,9.255541235902852e-06,0.0,137622.18679051465
wet_low_load,425.0,False,4,0.16544398208973474,0.001209419709731737,1866.9999999984555,0.0010485143318149496,9.293428974998966e-06,0.0,137626.30076900497
wet_low_load,426.0,False,4,0.16611808523432223,0.0012094329550042114,1893.0399999984445,0.0010485080644049702,9.331295143456212e-06,0.0,137630.41193210977
wet_low_load,427.0,False,4,0.16679180459154622,0.0012094461927357508,1919.0799999984335,0.0010485017969263715,9.3691397535554e-06,0.0,137634.52028143223
wet_low_load,428.0,False,4,0.16746514037990867,0.001209459422930648,1945.1199999984226,0.0010484955293791926,9.406962817570369e-06,0.0,137638.62581857425
wet_low_load,429.0,False,4,0.16813809281778705,0.001209472645593194,1971.1599999984116,0.001048489261763472,9.444764347767962e-06,0.0,137642.72854513675
wet_low_load,430.0,False,4,0.1688106621234342,0.0012094858607276774,1997.1999999984007,0.0010484829940792491,9.482544356408023e-06,0.0,137646.82846272
wet_low_load,431.0,False,4,0.16948284851497877,0.0012094990683383837,2023.2399999983897,0.001048476726326563,9.520302855743417e-06,0.0,137650.9255729232
wet_low_load,432.0,False,4,0.1701546522104257,0.001209512268429597,2049.27999999838,0.0010484704585054527,9.558039858020063e-06,0.0,137655.0198773448
wet_low_load,433.0,False,4,0.17082607342765532,0.0012095254610055978,2075.3199999983917,0.001048464190615957,9.595755375476882e-06,0.0,137659.11137758204
wet_low_load,434.0,False,4,0.17149711238442408,0.001209538646070665,2101.3599999984035,0.0010484579226581147,9.63344942034583e-06,0.0,137663.2000752315
wet_low_load,435.0,False,4,0.17216776929836464,0.001209551823629075,2127.3999999984153,0.0010484516546319642,9.671122004851913e-06,0.0,137667.2859718887
wet_low_load,436.0,False,4,0.17283804438698552,0.0012095649936851014,2153.439999998427,0.001048445386537546,9.708773141213166e-06,0.0,137671.3690691485
wet_low_load,437.0,False,4,0.1735079378676713,0.0012095781562430153,2179.479999998439,0.0010484391183748977,9.746402841640658e-06,0.0,137675.44936860458
wet_low_load,438.0,False,4,0.17417744995768306,0.0012095913113070859,2205.5199999984507,0.0010484328501440584,9.784011118338524e-06,0.0,137679.5268718498
wet_low_load,439.0,False,4,0.17484658087415791,0.0012096044588815796,2231.5599999984624,0.0010484265818450672,9.821597983503932e-06,0.0,137683.6015804762
wet_low_load,440.0,False,4,0.1755153308341096,0.0012096175989707602,2257.5999999984742,0.0010484203134779623,9.859163449327124e-06,0.0,137687.6734960747
wet_low_load,441.0,False,4,0.17618370005442835,0.0012096307315788899,2283.639999998486,0.0010484140450427836,9.896707527991397e-06,0.0,137691.7426202357
wet_low_load,442.0,False,5,0.12578734511617856,0.001208640507073572,9.679999998493447,0.0010484317169922937,7.0658100888604105e-06,0.0,137325.7273273658
wet_low_load,443.0,False,5,0.12648402598684116,0.0012086541959697502,35.719999998493456,0.0010484254536191093,7.104944508305364e-06,0.0,137330.00402173967
wet_low_load,444.0,False,5,0.1271803102159562,0.001208667877072425,61.759999998493164,0.0010484191901750076,7.144056647338519e-06,0.0,137334.27780808922
wet_low_load,445.0,False,5,0.12787619802934366,0.0012086815503860328,87.79999999849352,0.001048412926660028,7.183146518644785e-06,0.0,137338.54868806995
wet_low_load,446.0,False,5,0.12857168965269522,0.0012086952159150086,113.83999999849394,0.0010484066630742114,7.222214134901861e-06,0.0,137342.81666333647
wet_low_load,447.0,False,5,0.12926678531157373,0.0012087088736637845,139.87999999849436,0.0010484003994175985,7.261259508780217e-06,0.0,137347.08173554274
wet_low_load,448.0,False,5,0.1299614852314139,0.0012087225236367897,165.91999999849477,0.00104839413569023,7.300282652943117e-06,0.0,137351.3439063415
wet_low_load,449.0,False,5,0.13065578963752195,0.0012087361658384512,191.9599999984952,0.0010483878718921444,7.339283580046614e-06,0.0,137355.60317738444
wet_low_load,450.0,False,5,0.13134969875507577,0.0012087498002731937,217.9999999984956,0.0010483816080233835,7.378262302739549e-06,0.0,137359.85955032267
wet_low_load,451.0,False,5,0.13204321280912518,0.0012087634269454391,244.03999999849603,0.0010483753440839866,7.417218833663569e-06,0.0,137364.11302680607
wet_low_load,452.0,False,5,0.13273633202459173,0.0012087770458596065,270.0799999984964,0.0010483690800739943,7.456153185453117e-06,0.0,137368.3636084836
wet_low_load,453.0,False,5,0.13342905662626905,0.0012087906570201134,296.11999999849684,0.001048362815993447,7.495065370735449e-06,0.0,137372.61129700355
wet_low_load,454.0,False,5,0.13412138683882277,0.0012088042604313737,322.15999999849726,0.0010483565518423848,7.533955402130632e-06,0.0,137376.85609401297
wet_low_load,455.0,False,5,0.13481332288679046,0.0012088178560977993,348.1999999984977,0.0010483502876208475,7.57282329225154e-06,0.0,137381.0980011581
wet_low_load,456.0,False,5,0.13550486499458214,0.0012088314440237998,374.2399999984981,0.0010483440233288763,7.611669053703881e-06,0.0,137385.33702008432
wet_low_load,457.0,False,5,0.1361960133864798,0.0012088450242137819,400.2799999984985,0.0010483377589665097,7.650492699086168e-06,0.0,137389.57315243583
wet_low_load,458.0,False,5,0.1368867682866379,0.00120885859667215,426.31999999849893,0.0010483314945337887,7.68929424098976e-06,0.0,137393.8063998561
wet_low_load,459.0,False,5,0.13757712991908305,0.001208872161403306,452.35999999849935,0.0010483252300307535,7.728073691998824e-06,0.0,137398.03676398765
wet_low_load,460.0,False,5,0.13826709850771451,0.0012088857184116492,478.39999999849977,0.0010483189654574435,7.76683106469038e-06,0.0,137402.26424647195
wet_low_load,461.0,False,5,0.13895667427630434,0.0012088992677015762,504.4399999985002,0.0010483127008138991,7.805566371634297e-06,0.0,137406.48884894972
wet_low_load,462.0,False,5,0.13964585744849678,0.0012089128092774818,530.4799999985006,0.0010483064361001607,7.84427962539327e-06,0.0,137410.71057306058
wet_low_load,463.0,False,5,0.1403346482478087,0.0012089263431437575,556.519999998501,0.0010483001713162677,7.882970838522836e-06,0.0,137414.92942044325
wet_low_load,464.0,False,5,0.14102304689763012,0.0012089398693047927,582.5599999985014,0.0010482939064622606,7.921640023571409e-06,0.0,137419.1453927356
wet_low_load,465.0,False,5,0.14171105362122338,0.0012089533877649742,608.5999999985019,0.0010482876415381778,7.960287193080225e-06,0.0,137423.35849157436
wet_low_load,466.0,False,5,0.14239866864172415,0.0012089668985286863,634.6399999985023,0.0010482813765440606,7.998912359583413e-06,0.0,137427.56871859552
wet_low_load,467.0,False,5,0.1430858921821407,0.001208980401600311,660.6799999985027,0.0010482751114799485,8.03751553560794e-06,0.0,137431.7760754342
wet_low_load,468.0,False,5,0.1437727244653546,0.0012089938969842273,686.7199999985031,0.0010482688463458818,8.076096733673655e-06,0.0,137435.9805637245
wet_low_load,469.0,False,5,0.14445916571412062,0.0012090073846848127,712.7599999985035,0.0010482625811418997,8.114655966293288e-06,0.0,137440.1821850994
wet_low_load,470.0,False,5,0.14514521615106632,0.0012090208647064407,738.799999998504,0.0010482563158680422,8.153193245972423e-06,0.0,137444.3809411913
wet_low_load,471.0,False,5,0.14583087599869254,0.0012090343370534838,764.8399999985044,0.0010482500505243494,8.191708585209524e-06,0.0,137448.57683363135
wet_low_load,472.0,False,5,0.14651614547937403,0.001209047801730311,790.8799999985048,0.0010482437851108604,8.23020199649597e-06,0.0,137452.76986405
wet_low_load,473.0,False,5,0.14720102481535835,0.0012090612587412895,816.9199999985052,0.001048237519627615,8.268673492316004e-06,0.0,137456.96003407662
wet_low_load,474.0,False,5,0.1478855142287668,0.0012090747080907836,842.9599999985056,0.0010482312540746538,8.307123085146766e-06,0.0,137461.14734533982
wet_low_load,475.0,False,5,0.1485696139415941,0.001209088149783155,868.999999998506,0.0010482249884520155,8.345550787458291e-06,0.0,137465.33179946707
wet_low_load,476.0,False,5,0.1492533241757085,0.0012091015838227633,895.0399999985065,0.0010482187227597401,8.383956611713511e-06,0.0,137469.51339808502
wet_low_load,477.0,False,5,0.14993664515285196,0.0012091150102139655,921.0799999985069,0.0010482124569978677,8.422340570368261e-06,0.0,137473.69214281955
wet_low_load,478.0,False,5,0.15061957709464052,0.001209128428961116,947.1199999985073,0.0010482061911664374,8.460702675871304e-06,0.0,137477.86803529534
wet_low_load,479.0,False,5,0.15130212022256362,0.0012091418400685667,973.1599999985077,0.0010481999252654887,8.499042940664294e-06,0.0,137482.04107713624
wet_low_load,480.0,False,5,0.1519842747579851,0.0012091552435406674,999.1999999985081,0.001048193659295062,8.537361377181824e-06,0.0,137486.21126996528
wet_low_load,481.0,False,5,0.1526660409221423,0.0012091686393817648,1025.239999998508,0.0010481873932551942,8.575657997851387e-06,0.0,137490.37861540428
wet_low_load,482.0,False,5,0.15334741893614642,0.0012091820275962038,1051.279999998497,0.0010481811271459264,8.613932815093386e-06,0.0,137494.54311507443
wet_low_load,483.0,False,5,0.15402840902098341,0.0012091954081883262,1077.319999998486,0.0010481748609673018,8.652185841321191e-06,0.0,137498.70477059638
wet_low_load,484.0,False,5,0.15470901139751317,0.0012092087811624718,1103.3599999984751,0.001048168594719356,8.69041708894109e-06,0.0,137502.86358358897
wet_low_load,485.0,False,5,0.15538922628646953,0.0012092221465229774,1129.3999999984642,0.0010481623284021287,8.72862657035229e-06,0.0,137507.01955567053
wet_low_load,486.0,False,5,0.15606905390846118,0.001209235504274178,1155.4399999984532,0.00104815606201566,8.76681429794697e-06,0.0,137511.17268845855
wet_low_load,487.0,False,5,0.15674849448397077,0.001209248854420406,1181.4799999984423,0.001048149795559989,8.804980284110226e-06,0.0,137515.3229835695
wet_low_load,488.0,False,5,0.15742754823335575,0.0012092621969659908,1207.5199999984313,0.0010481435290351554,8.843124541220124e-06,0.0,137519.47044261894
wet_low_load,489.0,False,5,0.15810621537684774,0.0012092755319152598,1233.5599999984204,0.0010481372624411987,8.881247081647658e-06,0.0,137523.61506722166
wet_low_load,490.0,False,5,0.15878449613455353,0.0012092888592725377,1259.5999999984094,0.0010481309957781576,8.919347917756815e-06,0.0,137527.75685899117
wet_low_load,491.0,False,5,0.159462390726454,0.0012093021790421468,1285.6399999983985,0.0010481247290460719,8.957427061904504e-06,0.0,137531.89581954048
wet_low_load,492.0,False,5,0.16013989937240528,0.0012093154912284072,1311.6799999983875,0.0010481184622449806,8.995484526440633e-06,0.0,137536.03195048135
wet_low_load,493.0,False,5,0.16081702229213773,0.0012093287958356363,1337.7199999983766,0.0010481121953749236,9.03352032370804e-06,0.0,137540.16525342487
wet_low_load,494.0,False,5,0.1614937597052574,0.0012093420928681491,1363.7599999983656,0.0010481059284359394,9.071534466042578e-06,0.0,137544.29572998104
wet_low_load,495.0,False,5,0.16217011183124458,0.001209355382330258,1389.7999999983547,0.001048099661428068,9.109526965773044e-06,0.0,137548.42338175906
wet_low_load,496.0,False,5,0.16284607888945504,0.001209368664226273,1415.8399999983437,0.0010480933943513482,9.147497835221234e-06,0.0,137552.54821036715
wet_low_load,497.0,False,5,0.1635216610991195,0.001209381938560502,1441.8799999983328,0.0010480871272058189,9.18544708670192e-06,0.0,137556.67021741258
wet_low_load,498.0,False,5,0.1641968586793442,0.0012093952053372496,1467.9199999983218,0.00104808085999152,9.223374732522884e-06,0.0,137560.78940450176
wet_low_load,499.0,False,5,0.1648716718491101,0.0012094084645608192,1493.9599999983109,0.0010480745927084895,9.261280784984871e-06,0.0,137564.90577324017
wet_low_load,500.0,False,5,0.16554610082727372,0.0012094217162355106,1519.9999999983,0.0010480683253567674,9.299165256381632e-06,0.0,137569.01932523242
wet_low_load,501.0,False,5,0.166220145832567,0.0012094349603656218,1546.039999998289,0.001048062057936393,9.337028158999921e-06,0.0,137573.1300620822
wet_low_load,502.0,False,5,0.16689380708359727,0.001209448196955448,1572.079999998278,0.0010480557904474052,9.374869505119498e-06,0.0,137577.2379853922
wet_low_load,503.0,False,5,0.16756708479884747,0.001209461426009282,1598.119999998267,0.0010480495228898427,9.41268930701313e-06,0.0,137581.3430967642
wet_low_load,504.0,False,5,0.16823997919667646,0.0012094746475314149,1624.1599999982561,0.0010480432552637446,9.450487576946615e-06,0.0,137585.44539779922
wet_low_load,505.0,False,5,0.16891249049531817,0.0012094878615261338,1650.1999999982452,0.0010480369875691502,9.488264327178734e-06,0.0,137589.54489009726
wet_low_load,506.0,False,5,0.1695846189128827,0.001209501067997725,1676.2399999982342,0.001048030719806099,9.526019569961313e-06,0.0,137593.64157525744
wet_low_load,507.0,False,5,0.1702563646673559,0.0012095142669504716,1702.2799999982233,0.0010480244519746288,9.563753317539194e-06,0.0,137597.7354548778
wet_low_load,508.0,False,5,0.17092772797659941,0.001209527458388654,1728.3199999982123,0.0010480181840747795,9.601465582150251e-06,0.0,137601.82653055587
wet_low_load,509.0,False,5,0.1715987090583507,0.0012095406423165505,1754.3599999982014,0.0010480119161065885,9.639156376025373e-06,0.0,137605.9148038877
wet_low_load,510.0,False,5,0.1722693081302237,0.001209553818738437,1780.3999999981904,0.0010480056480700964,9.676825711388515e-06,0.0,137610.00027646893
wet_low_load,511.0,False,5,0.17293952540970836,0.001209566987658587,1806.4399999981795,0.0010479993799653417,9.714473600456667e-06,0.0,137614.0829498942
wet_low_load,512.0,False,5,0.1736093611141705,0.0012095801490812714,1832.4799999981685,0.0010479931117923632,9.752100055439846e-06,0.0,137618.16282575703
wet_low_load,513.0,False,5,0.17427881546085225,0.0012095933030107588,1858.5199999981576,0.0010479868435511997,9.78970508854112e-06,0.0,137622.2399056502
wet_low_load,514.0,False,5,0.17494788866687216,0.0012096064494513151,1884.5599999981466,0.0010479805752418902,9.827288711956619e-06,0.0,137626.31419116555
wet_low_load,515.0,False,5,0.1756165809492252,0.0012096195884072041,1910.5999999981357,0.0010479743068644738,9.864850937875522e-06,0.0,137630.3856838941
wet_low_load,516.0,False,5,0.1762848925247827,0.0012096327198826873,1936.6399999981247,0.001047968038418988,9.902391778480076e-06,0.0,137634.45438542563
wet_low_load,517.0,False,5,0.17695282361029283,0.001209645843882023,1962.6799999981138,0.0010479617699054725,9.939911245945599e-06,0.0,137638.52029734937
wet_low_load,518.0,False,5,0.17762037442237993,0.001209658960409468,1988.7199999981028,0.0010479555013239658,9.977409352440458e-06,0.0,137642.58342125354
wet_low_load,519.0,False,5,0.17828754517754528,0.001209672069469276,2014.7599999980919,0.0010479492326745078,1.0014886110126106e-05,0.0,137646.64375872558
wet_low_load,520.0,False,5,0.17895433609216685,0.0012096851710656988,2040.799999998081,0.0010479429639571347,1.0052341531157069e-05,0.0,137650.70131135162
wet_low_load,521.0,False,5,0.17962074738249936,0.0012096982652029856,2066.8399999980866,0.0010479366951718864,1.0089775627680951e-05,0.0,137654.75608071726
wet_low_load,522.0,False,5,0.18028677926467426,0.0012097113518853826,2092.8799999980984,0.001047930426318802,1.0127188411838433e-05,0.0,137658.80806840712
wet_low_load,523.0,False,5,0.18095243195470032,0.0012097244311171347,2118.91999999811,0.0010479241573979198,1.0164579895763298e-05,0.0,137662.85727600494
wet_low_load,524.0,False,5,0.18161770566846294,0.0012097375029024836,2144.959999998122,0.0010479178884092782,1.0201950091582408e-05,0.0,137666.90370509346
wet_low_load,525.0,False,5,0.1822826006217251,0.0012097505672456683,2170.9999999981337,0.0010479116193529156,1.0239299011415744e-05,0.0,137670.94735725448
wet_low_load,526.0,False,5,0.1829471170301263,0.0012097636241509265,2197.0399999981455,0.0010479053502288707,1.0276626667376348e-05,0.0,137674.98823406908
wet_low_load,527.0,False,5,0.18361125510918377,0.0012097766736224925,2223.0799999981573,0.0010478990810371825,1.0313933071570398e-05,0.0,137679.0263371174
wet_low_load,528.0,False,5,0.184275015074292,0.0012097897156645987,2249.119999998169,0.0010478928117778896,1.0351218236097176e-05,0.0,137683.0616679786
wet_low_load,529.0,False,5,0.1849383971407226,0.0012098027502814746,2275.159999998181,0.0010478865424510303,1.0388482173049061e-05,0.0,137687.094228231
wet_low_load,530.0,True,5,0.1733421938032918,0.001209574899582204,1.1999999981921807,0.0010457548442232895,9.737092556244463e-06,0.0,137324.99999999997
wet_low_load,531.0,False,6,0.13262783574958031,0.0012087749140453042,27.239999998192225,0.0010480693226364208,7.450058660810185e-06,0.0,137328.57067473602
wet_low_load,532.0,False,6,0.13332062212147724,0.0012087885264195173,53.279999998192,0.0010480630585669177,7.488974315890219e-06,0.0,137332.81881613162
wet_low_load,533.0,False,6,0.13401301406908292,0.0012088021310437931,79.31999999819212,0.001048056794426894,7.527867815107643e-06,0.0,137337.06406575895
wet_low_load,534.0,False,6,0.13470501181695507,0.0012088157279225437,105.35999999819254,0.0010480505302163908,7.566739171076462e-06,0.0,137341.30642526454
wet_low_load,535.0,False,6,0.13539661558952346,0.001208829317060179,131.39999999819295,0.0010480442659354444,7.605588396403495e-06,0.0,137345.54589629333
wet_low_load,536.0,False,6,0.1360878256110902,0.001208842898461106,157.43999999819337,0.0010480380015840975,7.644415503688388e-06,0.0,137349.78248049007
wet_low_load,537.0,False,6,0.13677864210582982,0.0012088564721297295,183.4799999981938,0.0010480317371623891,7.683220505523621e-06,0.0,137354.0161794983
wet_low_load,538.0,False,6,0.13746906529778888,0.0012088700380704519,209.5199999981942,0.0010480254726703607,7.722003414494485e-06,0.0,137358.24699496076
wet_low_load,539.0,False,6,0.1381590954108866,0.0012088835962876729,235.55999999819463,0.0010480192081080513,7.760764243179122e-06,0.0,137362.47492851902
wet_low_load,540.0,False,6,0.1388487326689148,0.0012088971467857897,261.599999998195,0.0010480129434755011,7.79950300414851e-06,0.0,137366.69998181384
wet_low_load,541.0,False,6,0.1395379772955377,0.0012089106895691968,287.63999999819544,0.0010480066787727504,7.838219709966468e-06,0.0,137370.92215648512
wet_low_load,542.0,False,6,0.14022682951429233,0.0012089242246422867,313.67999999819585,0.001048000413999839,7.876914373189663e-06,0.0,137375.1414541717
wet_low_load,543.0,False,6,0.14091528954858853,0.001208937752009449,339.7199999981963,0.0010479941491568067,7.915587006367621e-06,0.0,137379.35787651155
wet_low_load,544.0,False,6,0.1416033576217085,0.0012089512716750709,365.7599999981967,0.0010479878842436935,7.9542376220427e-06,0.0,137383.57142514165
wet_low_load,545.0,False,6,0.14229103395680762,0.0012089647836435373,391.7999999981971,0.0010479816192605397,7.992866232750129e-06,0.0,137387.78210169822
wet_low_load,546.0,False,6,0.1429783187769145,0.0012089782879192302,417.8399999981975,0.001047975354207384,8.03147285101802e-06,0.0,137391.98990781614
wet_low_load,547.0,False,6,0.14366521230493026,0.0012089917845065294,443.87999999819795,0.0010479690890842666,8.070057489367322e-06,0.0,137396.1948451298
wet_low_load,548.0,False,6,0.1443517147636296,0.0012090052734098121,469.91999999819836,0.0010479628238912286,8.108620160311885e-06,0.0,137400.39691527263
wet_low_load,549.0,False,6,0.1450378263756598,0.0012090187546334532,495.9599999981988,0.0010479565586283086,8.147160876358396e-06,0.0,137404.5961198768
wet_low_load,550.0,False,6,0.14572354736354215,0.0012090322281818246,521.9999999981992,0.0010479502932955467,8.185679650006473e-06,0.0,137408.79246057378
wet_low_load,551.0,False,6,0.14640887794967058,0.0012090456940592965,548.0399999981996,0.0010479440278929832,8.22417649374857e-06,0.0,137412.98593899427
wet_low_load,552.0,False,6,0.14709381835631288,0.001209059152270236,574.0799999982,0.001047937762420657,8.262651420070065e-06,0.0,137417.17655676763
wet_low_load,553.0,False,6,0.14777836880560957,0.0012090726028190079,600.1199999982005,0.0010479314968786086,8.30110444144918e-06,0.0,137421.36431552263
wet_low_load,554.0,False,6,0.14846252951957545,0.0012090860457099745,626.1599999982009,0.001047925231266877,8.339535570357076e-06,0.0,137425.54921688695
wet_low_load,555.0,False,6,0.14914630072009877,0.0012090994809474955,652.1999999982013,0.001047918965585502,8.37794481925781e-06,0.0,137429.73126248733
wet_low_load,556.0,False,6,0.14982968262894134,0.0012091129085359284,678.2399999982017,0.001047912699834524,8.416332200608332e-06,0.0,137433.9104539498
wet_low_load,557.0,False,6,0.15051267546773853,0.0012091263284796279,704.2799999982021,0.0010479064340139818,8.454697726858492e-06,0.0,137438.08679289924
wet_low_load,558.0,False,6,0.15119527945799976,0.0012091397407829464,730.3199999982025,0.0010479001681239154,8.493041410451064e-06,0.0,137442.26028095963
wet_low_load,559.0,False,6,0.15187749482110843,0.001209153145450234,756.359999998203,0.0010478939021643637,8.531363263821738e-06,0.0,137446.43091975397
wet_low_load,560.0,False,6,0.15255932177832168,0.001209166542485838,782.3999999982034,0.0010478876361353663,8.569663299399124e-06,0.0,137450.59871090457
wet_low_load,561.0,False,6,0.1532407605507707,0.0012091799318941034,808.4399999982038,0.0010478813700369623,8.607941529604745e-06,0.0,137454.76365603248
wet_low_load,562.0,False,6,0.15392181135946104,0.0012091933136793725,834.4799999982042,0.0010478751038691938,8.646197966853071e-06,0.0,137458.92575675846
wet_low_load,563.0,False,6,0.1546024744252722,0.0012092066878459855,860.5199999982046,0.0010478688376320989,8.684432623551494e-06,0.0,137463.08501470168
wet_low_load,564.0,False,6,0.1552827499689578,0.00120922005439828,886.5599999982051,0.0010478625713257164,8.722645512100331e-06,0.0,137467.24143148056
wet_low_load,565.0,False,6,0.15596263821114606,0.0012092334133405906,912.5999999982055,0.0010478563049500867,8.760836644892859e-06,0.0,137471.39500871275
wet_low_load,566.0,False,6,0.15664213937233926,0.0012092467646772503,938.6399999982059,0.0010478500385052484,8.799006034315275e-06,0.0,137475.54574801482
wet_low_load,567.0,False,6,0.1573212536729146,0.0012092601084125892,964.6799999982063,0.0010478437719912408,8.837153692746755e-06,0.0,137479.69365100245
wet_low_load,568.0,False,6,0.1579999813331235,0.001209273444550935,990.7199999982067,0.001047837505408104,8.875279632559406e-06,0.0,137483.8387192906
wet_low_load,569.0,False,6,0.15867832257309206,0.0012092867730966127,1016.7599999982071,0.0010478312387558774,8.913383866118299e-06,0.0,137487.98095449305
wet_low_load,570.0,False,6,0.1593562776128211,0.0012093000940539451,1042.7999999981994,0.0010478249720345999,8.951466405781465e-06,0.0,137492.1203582228
wet_low_load,571.0,False,6,0.160033846672186,0.0012093134074272526,1068.8399999981884,0.0010478187052443107,8.989527263899889e-06,0.0,137496.2569320918
wet_low_load,572.0,False,6,0.16071102997093706,0.001209326713220853,1094.8799999981775,0.0010478124383850487,9.027566452817532e-06,0.0,137500.39067771123
wet_low_load,573.0,False,6,0.16138782772869958,0.0012093400114390614,1120.9199999981665,0.0010478061714568538,9.06558398487133e-06,0.0,137504.52159669122
wet_low_load,574.0,False,6,0.16206424016497364,0.001209353302086191,1146.9599999981556,0.001047799904459765,9.103579872391189e-06,0.0,137508.6496906412
wet_low_load,575.0,False,6,0.16274026749913456,0.001209366585166552,1172.9999999981446,0.0010477936373938222,9.141554127700002e-06,0.0,137512.77496116952
wet_low_load,576.0,False,6,0.16341590995043256,0.0012093798606844525,1199.0399999981337,0.0010477873702590638,9.17950676311364e-06,0.0,137516.8974098836
wet_low_load,577.0,False,6,0.16409116773799312,0.0012093931286441984,1225.0799999981227,0.0010477811030555296,9.217437790940964e-06,0.0,137521.01703839004
wet_low_load,578.0,False,6,0.16476604108081702,0.0012094063890500922,1251.1199999981118,0.001047774835783258,9.25534722348383e-06,0.0,137525.13384829432
wet_low_load,579.0,False,6,0.16544053019778057,0.0012094196419064347,1277.1599999981008,0.0010477685684422882,9.293235073037105e-06,0.0,137529.24784120123
wet_low_load,580.0,False,6,0.16611463530763482,0.0012094328872175244,1303.1999999980899,0.0010477623010326606,9.331101351888617e-06,0.0,137533.35901871475
wet_low_load,581.0,False,6,0.16678835662900687,0.0012094461249876566,1329.239999998079,0.0010477560335544133,9.368946072319231e-06,0.0,137537.4673824376
wet_low_load,582.0,False,6,0.16746169438039915,0.0012094593552211248,1355.279999998068,0.0010477497660075846,9.406769246602812e-06,0.0,137541.57293397168
wet_low_load,583.0,False,6,0.16813464878018947,0.0012094725779222201,1381.319999998057,0.0010477434983922145,9.444570887006222e-06,0.0,137545.67567491814
wet_low_load,584.0,False,6,0.1688072200466317,0.0012094857930952305,1407.359999998046,0.0010477372307083424,9.482351005789364e-06,0.0,137549.77560687723
wet_low_load,585.0,False,6,0.16947940839785536,0.0012094990007444422,1433.3999999980351,0.0010477309629560066,9.52010961520515e-06,0.0,137553.87273144806
wet_low_load,586.0,False,6,0.17015121405186526,0.0012095122008741385,1459.4399999980242,0.0010477246951352461,9.557846727499493e-06,0.0,137557.96705022902
wet_low_load,587.0,False,6,0.17082263722654287,0.0012095253934886008,1485.4799999980132,0.0010477184272461005,9.595562354911377e-06,0.0,137562.05856481753
wet_low_load,588.0,False,6,0.17149367813964525,0.0012095385785921076,1511.5199999980023,0.0010477121592886087,9.633256509672793e-06,0.0,137566.1472768102
wet_low_load,589.0,False,6,0.17216433700880557,0.0012095517561889352,1537.5599999979913,0.00104770589126281,9.670929204008777e-06,0.0,137570.23318780257
wet_low_load,590.0,False,6,0.17283461405153297,0.001209564926283357,1563.5999999979804,0.0010476996231687408,9.708580450137395e-06,0.0,137574.31629938915
wet_low_load,591.0,False,6,0.17350450948521284,0.001209578088879645,1589.6399999979694,0.0010476933550064417,9.746210260269766e-06,0.0,137578.39661316384
wet_low_load,592.0,False,6,0.17417402352710676,0.0012095912439820675,1615.6799999979585,0.0010476870867759515,9.78381864661005e-06,0.0,137582.47413071952
wet_low_load,593.0,False,6,0.17484315639435255,0.0012096043915948913,1641.7199999979475,0.0010476808184773096,9.821405621355454e-06,0.0,137586.54885364827
wet_low_load,594.0,False,6,0.17551190830396451,0.0012096175317223804,1667.7599999979366,0.0010476745501105539,9.858971196696254e-06,0.0,137590.620783541
wet_low_load,595.0,False,6,0.17618027947283357,0.0012096306643687965,1693.7999999979256,0.0010476682816757234,9.896515384815786e-06,0.0,137594.689921988
wet_low_load,596.0,False,6,0.17684827011772689,0.0012096437895383987,1719.8399999979147,0.0010476620131728569,9.934038197890441e-06,0.0,137598.75627057845
wet_low_load,597.0,False,6,0.1775158804552882,0.0012096569072354438,1745.8799999979037,0.001047655744601993,9.971539648089676e-06,0.0,137602.81983090064
wet_low_load,598.0,False,6,0.17818311070203802,0.001209670017464186,1771.9199999978928,0.0010476494759631705,1.0009019747576021e-05,0.0,137606.88060454212
wet_low_load,599.0,False,6,0.1788499610743736,0.0012096831202288777,1797.9599999978818,0.0010476432072564286,1.0046478508505089e-05,0.0,137610.93859308944
wet_low_load,600.0,False,6,0.179516431788569,0.0012096962155337678,1823.9999999978709,0.0010476369384818053,1.0083915943025568e-05,0.0,137614.9937981282
wet_low_load,601.0,False,6,0.18018252306077523,0.001209709303383104,1850.03999999786,0.0010476306696393393,1.0121332063279238e-05,0.0,137619.0462212431
wet_low_load,602.0,False,6,0.18084823510701994,0.0012097223837811305,1876.079999997849,0.0010476244007290693,1.0158726881400944e-05,0.0,137623.095864018
wet_low_load,603.0,False,6,0.181513568143208,0.0012097354567320896,1902.119999997838,0.0010476181317510343,1.0196100409518638e-05,0.0,137627.14272803586
wet_low_load,604.0,False,6,0.1821785223851213,0.0012097485222402214,1928.159999997827,0.0010476118627052728,1.0233452659753366e-05,0.0,137631.18681487872
wet_low_load,605.0,False,6,0.18284309804841897,0.001209761580309763,1954.1999999978161,0.0010476055935918231,1.0270783644219273e-05,0.0,137635.2281261277
wet_low_load,606.0,False,6,0.18350729534863727,0.00120977463094495,1980.2399999978052,0.0010475993244107237,1.0308093375023607e-05,0.0,137639.266663363
wet_low_load,607.0,False,6,0.1841711145011898,0.0012097876741500144,2006.2799999977942,0.0010475930551620135,1.034538186426672e-05,0.0,137643.30242816397
wet_low_load,608.0,False,6,0.1848345557213675,0.0012098007099291864,2032.3199999977833,0.0010475867858457304,1.038264912404208e-05,0.0,137647.33542210903
wet_low_load,609.0,False,6,0.18549761922433858,0.0012098137382866943,2058.3599999977814,0.001047580516461913,1.0419895166436256e-05,0.0,137651.36564677567
wet_low_load,610.0,False,6,0.18616030522514915,0.001209826759226763,2084.399999997793,0.0010475742470106,1.0457120003528963e-05,0.0,137655.3931037406
wet_low_load,611.0,False,6,0.18682261393872257,0.0012098397727536158,2110.439999997805,0.00104756797749183,1.0494323647393018e-05,0.0,137659.41779457952
wet_low_load,612.0,False,6,0.18748454557985994,0.001209852778871473,2136.479999997817,0.001047561707905641,1.053150611009437e-05,0.0,137663.43972086732
wet_low_load,613.0,False,6,0.1881461003632398,0.0012098657775845528,2162.5199999978286,0.0010475554382520717,1.0568667403692085e-05,0.0,137667.45888417788
wet_low_load,614.0,False,6,0.18880727850341888,0.001209878768897071,2188.5599999978404,0.0010475491685311602,1.0605807540238383e-05,0.0,137671.47528608426
wet_low_load,615.0,False,6,0.18946808021483152,0.001209891752813241,2214.599999997852,0.001047542898742945,1.0642926531778615e-05,0.0,137675.4889281586
wet_low_load,616.0,False,6,0.1901285057117903,0.001209904729337274,2240.639999997864,0.001047536628887466,1.0680024390351287e-05,0.0,137679.4998119724
wet_low_load,617.0,False,6,0.19078855520848514,0.0012099176984733781,2266.6799999978757,0.0010475303589647573,1.071710112798802e-05,0.0,137683.5079390955
wet_low_load,618.0,False,6,0.19144822891898453,0.00120993066022576,2292.7199999978875,0.0010475240889748596,1.0754156756713608e-05,0.0,137687.51331109763
wet_low_load,619.0,False,7,0.13671123167337862,0.0012088551476001636,18.759999997890823,0.0010478294223574783,7.679433882049947e-06,0.0,137327.2013098942
wet_low_load,620.0,False,7,0.13740169324414114,0.001208868714294981,44.79999999789071,0.0010478231578723114,7.718218946860387e-06,0.0,137331.43240673534
wet_low_load,621.0,False,7,0.13809176171419218,0.0012088822732658675,70.8399999978906,0.0010478168933168595,7.756981930157217e-06,0.0,137335.6606215121
wet_low_load,622.0,False,7,0.13878143730733586,0.0012088958245172205,96.87999999789102,0.0010478106286911635,7.795722844512112e-06,0.0,137339.88595586535
wet_low_load,623.0,False,7,0.13947072024724919,0.0012089093680534354,122.91999999789144,0.0010478043639952626,7.834441702489602e-06,0.0,137344.108411435
wet_low_load,624.0,False,7,0.140159610757481,0.0012089229038789043,148.95999999789186,0.0010477980992291977,7.873138516647024e-06,0.0,137348.32798986012
wet_low_load,625.0,False,7,0.14084810906145387,0.0012089364319980173,174.99999999789227,0.0010477918343930065,7.911813299534614e-06,0.0,137352.54469277844
wet_low_load,626.0,False,7,0.14153621538246247,0.0012089499524151617,201.0399999978927,0.001047785569486732,7.950466063695434e-06,0.0,137356.7585218275
wet_low_load,627.0,False,7,0.14222392994367472,0.0012089634651347226,227.0799999978931,0.001047779304510412,7.989096821665417e-06,0.0,137360.96947864318
wet_low_load,628.0,False,7,0.14291125296813134,0.0012089769701610826,253.11999999789353,0.0010477730394640873,8.027705585973352e-06,0.0,137365.17756486087
wet_low_load,629.0,False,7,0.14359818467874613,0.0012089904674986215,279.1599999978939,0.0010477667743477971,8.066292369140906e-06,0.0,137369.38278211482
wet_low_load,630.0,False,7,0.1442847252983056,0.0012090039571517168,305.19999999789434,0.001047760509161582,8.104857183682586e-06,0.0,137373.58513203845
wet_low_load,631.0,False,7,0.14497087504947012,0.0012090174391247435,331.23999999789476,0.0010477542439054817,8.14340004210582e-06,0.0,137377.78461626428
wet_low_load,632.0,False,7,0.14565663415477284,0.0012090309134220741,357.2799999978952,0.0010477479785795355,8.181920956910886e-06,0.0,137381.98123642372
wet_low_load,633.0,False,7,0.1463420028366203,0.0012090443800480786,383.3199999978956,0.0010477417131837831,8.220419940590954e-06,0.0,137386.17499414744
wet_low_load,634.0,False,7,0.14702698131729225,0.0012090578390071246,409.359999997896,0.001047735447718265,8.258897005632068e-06,0.0,137390.3658910651
wet_low_load,635.0,False,7,0.14771156981894226,0.001209071290303577,435.39999999789643,0.0010477291821830203,8.297352164513183e-06,0.0,137394.5539288055
wet_low_load,636.0,False,7,0.14839576856359724,0.0012090847339417982,461.43999999789685,0.0010477229165780884,8.335785429706146e-06,0.0,137398.7391089963
wet_low_load,637.0,False,7,0.14907957777315742,0.0012090981699261485,487.47999999789727,0.0010477166509035094,8.374196813675681e-06,0.0,137402.92143326445
wet_low_load,638.0,False,7,0.14976299766939696,0.0012091115982609856,513.5199999978977,0.001047710385159323,8.412586328879435e-06,0.0,137407.10090323596
wet_low_load,639.0,False,7,0.15044602847396382,0.0012091250189506645,539.5599999978981,0.0010477041193455688,8.450953987767962e-06,0.0,137411.2775205359
wet_low_load,640.0,False,7,0.1511286704083798,0.0012091384319995377,565.5999999978985,0.001047697853462286,8.489299802784731e-06,0.0,137415.45128678827
wet_low_load,641.0,False,7,0.15181092369404048,0.0012091518374119552,591.6399999978989,0.0010476915875095155,8.527623786366124e-06,0.0,137419.6222036164
wet_low_load,642.0,False,7,0.15249278855221524,0.001209165235192265,617.6799999978994,0.001047685321487296,8.565925950941429e-06,0.0,137423.79027264254
wet_low_load,643.0,False,7,0.15317426520404767,0.0012091786253448124,643.7199999978998,0.0010476790553956609,8.604206308932871e-06,0.0,137427.95549548714
wet_low_load,644.0,False,7,0.1538553538705553,0.0012091920078739396,669.7599999979002,0.0010476727892346626,8.642464872755594e-06,0.0,137432.11787377234
wet_low_load,645.0,False,7,0.15453605477263016,0.0012092053827839873,695.7999999979006,0.0010476665230043328,8.68070165481769e-06,0.0,137436.27740911665
wet_low_load,646.0,False,7,0.15521636813103826,0.001209218750079293,721.839999997901,0.0010476602567047115,8.718916667520173e-06,0.0,137440.43410313863
wet_low_load,647.0,False,7,0.15589629416641987,0.001209232109764192,747.8799999979015,0.001047653990335839,8.757109923256996e-06,0.0,137444.58795745607
wet_low_load,648.0,False,7,0.1565758330992899,0.0012092454618430175,773.9199999979019,0.001047647723897754,8.795281434415069e-06,0.0,137448.7389736857
wet_low_load,649.0,False,7,0.1572549851500374,0.0012092588063200994,799.9599999979023,0.0010476414573904961,8.83343121337423e-06,0.0,137452.8871534432
wet_low_load,650.0,False,7,0.1579337505389261,0.0012092721431997658,825.9999999979027,0.0010476351908141049,8.87155927250728e-06,0.0,137457.03249834356
wet_low_load,651.0,False,7,0.1586121294860942,0.0012092854724863422,852.0399999979031,0.0010476289241686198,8.909665624179968e-06,0.0,137461.1750100008
wet_low_load,652.0,False,7,0.159290122211555,0.0012092987941841515,878.0799999979035,0.00104762265745408,8.947750280751026e-06,0.0,137465.31469002788
wet_low_load,653.0,False,7,0.15996772893519604,0.0012093121082975143,904.119999997904,0.0010476163906705247,8.985813254572124e-06,0.0,137469.451540037
wet_low_load,654.0,False,7,0.1606449498767798,0.0012093254148307486,930.1599999979044,0.001047610123817993,9.023854557987905e-06,0.0,137473.58556163922
wet_low_load,655.0,False,7,0.1613217852559438,0.0012093387137881698,956.1999999979048,0.0010476038568965253,9.061874203335993e-06,0.0,137477.7167564451
wet_low_load,656.0,False,7,0.1619982352922003,0.0012093520051740913,982.2399999979052,0.0010475975899061597,9.099872202946977e-06,0.0,137481.84512606385
wet_low_load,657.0,False,7,0.162674300204937,0.0012093652889928238,1008.2799999979056,0.0010475913228469367,9.137848569144447e-06,0.0,137485.97067210407
wet_low_load,658.0,False,7,0.16334998021341623,0.0012093785652486754,1034.3199999979015,0.0010475850557188937,9.175803314244952e-06,0.0,137490.0933961731
wet_low_load,659.0,False,7,0.1640252755367757,0.001209391833945952,1060.3599999978906,0.001047578788522071,9.21373645055804e-06,0.0,137494.21329987768
wet_low_load,660.0,False,7,0.16470018639402817,0.0012094050950889569,1086.3999999978796,0.0010475725212565068,9.251647990386243e-06,0.0,137498.33038482346
wet_low_load,661.0,False,7,0.1653747130040618,0.0012094183486819907,1112.4399999978687,0.0010475662539222417,9.289537946025092e-06,0.0,137502.44465261546
wet_low_load,662.0,False,7,0.1660488555856405,0.0012094315947293523,1138.4799999978577,0.0010475599865193141,9.327406329763135e-06,0.0,137506.55610485736
wet_low_load,663.0,False,7,0.16672261435740318,0.0012094448332353373,1164.5199999978468,0.0010475537190477622,9.365253153881903e-06,0.0,137510.66474315207
wet_low_load,664.0,False,7,0.1673959895378643,0.0012094580642042394,1190.5599999978358,0.0010475474515076264,9.403078430655938e-06,0.0,137514.7705691019
wet_low_load,665.0,False,7,0.16806898134541404,0.0012094712876403496,1216.5999999978249,0.0010475411838989448,9.440882172352794e-06,0.0,137518.8735843078
wet_low_load,666.0,False,7,0.16874158999831826,0.0012094845035479566,1242.639999997814,0.001047534916221757,9.478664391233047e-06,0.0,137522.97379037013
wet_low_load,667.0,False,7,0.16941381571471856,0.0012094977119313467,1268.679999997803,0.001047528648476102,9.516425099550292e-06,0.0,137527.07118888822
wet_low_load,668.0,False,7,0.17008565871263223,0.0012095109127948033,1294.719999997792,0.0010475223806620186,9.55416430955114e-06,0.0,137531.16578146038
wet_low_load,669.0,False,7,0.17075711920995257,0.0012095241061426084,1320.759999997781,0.0010475161127795458,9.59188203347524e-06,0.0,137535.25756968427
wet_low_load,670.0,False,7,0.17142819742444879,0.0012095372919790402,1346.79999999777,0.0010475098448287233,9.629578283555263e-06,0.0,137539.34655515652
wet_low_load,671.0,False,7,0.1720988935737659,0.0012095504703083756,1372.8399999977592,0.001047503576809591,9.667253072016914e-06,0.0,137543.4327394729
wet_low_load,672.0,False,7,0.17276920787542532,0.0012095636411348883,1398.8799999977482,0.0010474973087221835,9.704906411078949e-06,0.0,137547.51612422767
wet_low_load,673.0,False,7,0.17343914054682474,0.00120957680446285,1424.9199999977372,0.0010474910405665425,9.742538312953172e-06,0.0,137551.59671101513
wet_low_load,674.0,False,7,0.1741086918052376,0.00120958996029653,1450.9599999977263,0.0010474847723427065,9.780148789844416e-06,0.0,137555.67450142815
wet_low_load,675.0,False,7,0.174777861867814,0.001209603108640195,1476.9999999977153,0.0010474785040507143,9.817737853950574e-06,0.0,137559.7494970588
wet_low_load,676.0,False,7,0.17544665095158007,0.0012096162494981092,1503.0399999977044,0.0010474722356906049,9.855305517462587e-06,0.0,137563.82169949822
wet_low_load,677.0,False,7,0.17611505927343887,0.0012096293828745344,1529.0799999976934,0.0010474659672624169,9.892851792564476e-06,0.0,137567.89111033667
wet_low_load,678.0,False,7,0.17678308705016937,0.00120964250877373,1555.1199999976825,0.0010474596987661894,9.930376691433291e-06,0.0,137571.95773116357
wet_low_load,679.0,False,7,0.1774507344984278,0.0012096556271999535,1581.1599999976715,0.001047453430201961,9.96788022623919e-06,0.0,137576.02156356728
wet_low_load,680.0,False,7,0.1781180018347466,0.0012096687381574589,1607.1999999976606,0.0010474471615697697,1.0005362409145379e-05,0.0,137580.0826091353
wet_low_load,681.0,False,7,0.17878488927553488,0.0012096818416504984,1633.2399999976496,0.0010474408928696551,1.0042823252308131e-05,0.0,137584.14086945436
wet_low_load,682.0,False,7,0.1794513970370787,0.0012096949376833221,1659.2799999976387,0.0010474346241016559,1.0080262767876812e-05,0.0,137588.19634611014
wet_low_load,683.0,False,7,0.1801175253355412,0.001209708026260177,1685.3199999976277,0.0010474283552658102,1.0117680967993879e-05,0.0,137592.24904068743
wet_low_load,684.0,False,7,0.18078327438696204,0.0012097211073853085,1711.3599999976168,0.0010474220863621567,1.0155077864794855e-05,0.0,137596.29895477014
wet_low_load,685.0,False,7,0.1814486444072582,0.0012097341810629585,1737.3999999976058,0.0010474158173907342,1.0192453470408373e-05,0.0,137600.34608994136
wet_low_load,686.0,False,7,0.18211363561222335,0.0012097472472973674,1763.439999997595,0.0010474095483515818,1.0229807796956138e-05,0.0,137604.39044778328
wet_low_load,687.0,False,7,0.1827782482175287,0.001209760306092773,1789.479999997584,0.0010474032792447368,1.0267140856552977e-05,0.0,137608.43202987692
wet_low_load,688.0,False,7,0.18344248243872252,0.00120977335745341,1815.519999997573,0.0010473970100702387,1.0304452661306808e-05,0.0,137612.47083780266
wet_low_load,689.0,False,7,0.18410633849123018,0.0012097864013835117,1841.559999997562,0.0010473907408281254,1.0341743223318648e-05,0.0,137616.50687314
wet_low_load,690.0,False,7,0.18476981659035488,0.0012097994378873086,1867.599999997551,0.001047384471518436,1.0379012554682654e-05,0.0,137620.54013746735
wet_low_load,691.0,False,7,0.18543291695127687,0.0012098124669690283,1893.6399999975401,0.0010473782021412088,1.0416260667486068e-05,0.0,137624.57063236248
wet_low_load,692.0,False,7,0.18609563978905375,0.0012098254886328968,1919.6799999975292,0.0010473719326964824,1.0453487573809253e-05,0.0,137628.598359402
wet_low_load,693.0,False,7,0.18675798531862103,0.001209838502883137,1945.7199999975182,0.0010473656631842948,1.0490693285725708e-05,0.0,137632.6233201617
wet_low_load,694.0,False,7,0.18741995375479162,0.00120985150972397,1971.7599999975073,0.0010473593936046847,1.0527877815302043e-05,0.0,137636.64551621664
wet_low_load,695.0,False,7,0.18808154531225627,0.001209864509159614,1997.7999999974963,0.0010473531239576905,1.0565041174598012e-05,0.0,137640.66494914077
wet_low_load,696.0,False,7,0.18874276020558367,0.0012098775011942851,2023.8399999974854,0.00104734685424335,1.0602183375666508e-05,0.0,137644.6816205072
wet_low_load,697.0,False,7,0.18940359864921996,0.0012098904858321969,2049.8799999974763,0.001047340584461703,1.0639304430553545e-05,0.0,137648.69553188822
wet_low_load,698.0,False,7,0.1900640608574894,0.0012099034630775605,2075.919999997488,0.0010473343146127842,1.0676404351298281e-05,0.0,137652.7066848549
wet_low_load,699.0,False,7,0.19072414704459403,0.0012099164329345848,2101.9599999975,0.0010473280446966333,1.0713483149933023e-05,0.0,137656.7150809778
wet_low_load,700.0,False,7,0.1913838574246144,0.001209929395407476,2127.9999999975116,0.001047321774713294,1.0750540838483236e-05,0.0,137660.7207218271
wet_low_load,701.0,False,7,0.19204319221150862,0.0012099423505004384,2154.0399999975234,0.0010473155046627994,1.0787577428967526e-05,0.0,137664.72360897085
wet_low_load,702.0,False,7,0.1927021516191134,0.0012099552982176734,2180.079999997535,0.0010473092345451886,1.0824592933397664e-05,0.0,137668.72374397694
wet_low_load,703.0,False,7,0.1933607358611436,0.0012099682385633805,2206.119999997547,0.0010473029643604998,1.0861587363778588e-05,0.0,137672.72112841226
wet_low_load,704.0,False,7,0.19401894515119228,0.0012099811715417562,2232.1599999975588,0.0010472966941087714,1.0898560732108383e-05,0.0,137676.71576384277
wet_low_load,705.0,False,7,0.194676779702731,0.0012099940971569952,2258.1999999975706,0.0010472904237900415,1.0935513050378319e-05,0.0,137680.7076518336
wet_low_load,706.0,False,7,0.19533423972910963,0.0012100070154132895,2284.2399999975823,0.001047284153404348,1.0972444330572825e-05,0.0,137684.69679394888
wet_low_load,707.0,False,8,0.1393991405745635,0.0012089079616035827,10.279999997589538,0.0010476676809230573,7.830420881691193e-06,0.0,137325.80210189967
wet_low_load,708.0,False,8,0.14008807183727384,0.0012089214982297862,36.31999999758954,0.0010476614161642782,7.869119985023838e-06,0.0,137330.02197910633
wet_low_load,709.0,False,8,0.14077661087052326,0.0012089350271491778,62.35999999758925,0.0010476551513353707,7.907797055783336e-06,0.0,137334.23898063632
wet_low_load,710.0,False,8,0.14146475789762059,0.0012089485483661453,88.39999999758962,0.001047648886436374,7.94645210651354e-06,0.0,137338.45310812682
wet_low_load,711.0,False,8,0.14215251314174596,0.001208962061885074,114.43999999759004,0.0010476426214673278,7.985085149751073e-06,0.0,137342.66436321413
wet_low_load,712.0,False,8,0.14283987682595367,0.0012089755677103466,140.47999999759045,0.001047636356428273,8.023696198025486e-06,0.0,137346.87274753358
wet_low_load,713.0,False,8,0.14352684917317074,0.001208989065846343,166.51999999759087,0.0010476300913192487,8.062285263859186e-06,0.0,137351.07826271965
wet_low_load,714.0,False,8,0.14421343040619708,0.0012090025562974415,192.5599999975913,0.0010476238261402948,8.100852359767435e-06,0.0,137355.28091040565
wet_low_load,715.0,False,8,0.14489962074770577,0.001209016039068017,218.5999999975917,0.0010476175608914514,8.139397498258375e-06,0.0,137359.48069222434
wet_low_load,716.0,False,8,0.1455854204202434,0.0012090295141624424,244.63999999759213,0.001047611295572758,8.177920691833038e-06,0.0,137363.67760980723
wet_low_load,717.0,False,8,0.14627082964622964,0.001209042981585088,270.6799999975925,0.001047605030184255,8.216421952985331e-06,0.0,137367.8716647851
wet_low_load,718.0,False,8,0.14695584864795747,0.001209056441340321,296.71999999759294,0.0010475987647259814,8.254901294202041e-06,0.0,137372.0628587877
wet_low_load,719.0,False,8,0.14764047764759342,0.0012090698934325076,322.75999999759335,0.0010475924991979774,8.293358727962855e-06,0.0,137376.25119344378
wet_low_load,720.0,False,8,0.14832471686717738,0.00120908333786601,348.7999999975938,0.0010475862336002824,8.331794266740346e-06,0.0,137380.4366703813
wet_low_load,721.0,False,8,0.14900856652862296,0.0012090967746451887,374.8399999975942,0.0010475799679329361,8.370207922999989e-06,0.0,137384.61929122728
wet_low_load,722.0,False,8,0.14969202685371774,0.0012091102037744017,400.8799999975946,0.0010475737021959782,8.408599709200183e-06,0.0,137388.79905760777
wet_low_load,723.0,False,8,0.15037509806412255,0.0012091236252580039,426.919999997595,0.0010475674363894486,8.44696963779221e-06,0.0,137392.97597114785
wet_low_load,724.0,False,8,0.151057780381372,0.0012091370391003485,452.95999999759545,0.0010475611705133862,8.485317721220257e-06,0.0,137397.1500334718
wet_low_load,725.0,False,8,0.1517400740268749,0.001209150445305786,478.99999999759586,0.0010475549045678312,8.523643971921447e-06,0.0,137401.32124620283
wet_low_load,726.0,False,8,0.1524219792219138,0.001209163843878664,505.0399999975963,0.0010475486385528227,8.56194840232581e-06,0.0,137405.4896109633
wet_low_load,727.0,False,8,0.15310349618764543,0.0012091772348233284,531.0799999975967,0.001047542372468405,8.600231024856308e-06,0.0,137409.65512937523
wet_low_load,728.0,False,8,0.15378462514510033,0.0012091906181441216,557.1199999975971,0.0010475361063146081,8.638491851928814e-06,0.0,137413.817803058
wet_low_load,729.0,False,8,0.15446536631518357,0.0012092039938453845,583.1599999975975,0.0010475298400914783,8.676730895952154e-06,0.0,137417.97763363196
wet_low_load,730.0,False,8,0.15514571991867418,0.0012092173619314551,609.199999997598,0.0010475235737990526,8.714948169328078e-06,0.0,137422.13462271553
wet_low_load,731.0,False,8,0.15582568617622578,0.001209230722406669,635.2399999975984,0.0010475173074373713,8.753143684451282e-06,0.0,137426.28877192654
wet_low_load,732.0,False,8,0.1565052653083659,0.001209244075275359,661.2799999975988,0.001047511041006474,8.791317453709386e-06,0.0,137430.44008288183
wet_low_load,733.0,False,8,0.15718445753549673,0.001209257420541856,687.3199999975992,0.0010475047745063992,8.829469489482972e-06,0.0,137434.58855719728
wet_low_load,734.0,False,8,0.15786326307789525,0.001209270758210488,713.3599999975996,0.001047498507937187,8.867599804145579e-06,0.0,137438.73419648784
wet_low_load,735.0,False,8,0.15854168215571254,0.0012092840882855808,739.3999999976,0.0010474922412988775,8.905708410063682e-06,0.0,137442.8770023677
wet_low_load,736.0,False,8,0.15921971498897483,0.0012092974107714577,765.4399999976005,0.0010474859745915088,8.943795319596738e-06,0.0,137447.01697644987
wet_low_load,737.0,False,8,0.15989736179758285,0.0012093107256724391,791.4799999976009,0.0010474797078151206,8.981860545097159e-06,0.0,137451.15412034665
wet_low_load,738.0,False,8,0.16057462280131216,0.0012093240329928438,817.5199999976013,0.0010474734409697522,9.019904098910322e-06,0.0,137455.2884356693
wet_low_load,739.0,False,8,0.1612514982198132,0.0012093373327369873,843.5599999976017,0.0010474671740554426,9.057925993374577e-06,0.0,137459.41992402825
wet_low_load,740.0,False,8,0.16192798827261112,0.0012093506249091833,869.5999999976021,0.001047460907072232,9.095926240821238e-06,0.0,137463.548587033
wet_low_load,741.0,False,8,0.16260409317910632,0.0012093639095137423,895.6399999976026,0.001047454640020159,9.133904853574608e-06,0.0,137467.6744262921
wet_low_load,742.0,False,8,0.16327981315857465,0.0012093771865549733,921.679999997603,0.0010474483728992623,9.171861843951995e-06,0.0,137471.79744341312
wet_low_load,743.0,False,8,0.16395514843016626,0.001209390456037182,947.7199999976034,0.001047442105709582,9.209797224263646e-06,0.0,137475.91764000288
wet_low_load,744.0,False,8,0.16463009921290722,0.001209403717964672,973.7599999976038,0.0010474358384511564,9.247711006812842e-06,0.0,137480.0350176671
wet_low_load,745.0,False,8,0.16530466572569863,0.0012094169723417445,999.7999999976042,0.0010474295711240251,9.285603203895836e-06,0.0,137484.14957801078
wet_low_load,746.0,False,8,0.165978848187317,0.0012094302191726983,1025.8399999976039,0.0010474233037282275,9.323473827801892e-06,0.0,137488.26132263787
wet_low_load,747.0,False,8,0.16665264681641473,0.0012094434584618294,1051.879999997593,0.001047417036263802,9.361322890813292e-06,0.0,137492.37025315137
wet_low_load,748.0,False,8,0.16732606183151874,0.0012094566902134316,1077.919999997582,0.0010474107687307884,9.399150405205278e-06,0.0,137496.47637115355
wet_low_load,749.0,False,8,0.1679990934510324,0.0012094699144317965,1103.959999997571,0.001047404501129226,9.436956383246148e-06,0.0,137500.57967824573
wet_low_load,750.0,False,8,0.16867174189323447,0.0012094831311212128,1129.99999999756,0.0010473982334591526,9.474740837197203e-06,0.0,137504.68017602802
wet_low_load,751.0,False,8,0.16934400737627922,0.001209496340285967,1156.039999997549,0.001047391965720608,9.512503779312747e-06,0.0,137508.77786610002
wet_low_load,752.0,False,8,0.17001589011819712,0.0012095095419303432,1182.0799999975382,0.0010473856979136306,9.550245221840133e-06,0.0,137512.87275006008
wet_low_load,753.0,False,8,0.17068739033689417,0.0012095227360586227,1208.1199999975272,0.00104737943003826,9.587965177019721e-06,0.0,137516.96482950597
wet_low_load,754.0,False,8,0.17135850825015242,0.001209535922675085,1234.1599999975163,0.0010473731620945345,9.625663657084908e-06,0.0,137521.0541060342
wet_low_load,755.0,False,8,0.17202924407562992,0.0012095491017840067,1260.1999999975053,0.0010473668940824937,9.663340674262126e-06,0.0,137525.14058124076
wet_low_load,756.0,False,8,0.17269959803086116,0.0012095622733896618,1286.2399999974944,0.0010473606260021763,9.700996240770868e-06,0.0,137529.22425672045
wet_low_load,757.0,False,8,0.17336957033325606,0.0012095754374963224,1312.2799999974834,0.001047354357853621,9.738630368823628e-06,0.0,137533.3051340672
wet_low_load,758.0,False,8,0.17403916120010132,0.001209588594108258,1338.3199999974725,0.0010473480896368668,9.776243070625977e-06,0.0,137537.38321487408
wet_low_load,759.0,False,8,0.17470837084855972,0.0012096017432297354,1364.3599999974615,0.0010473418213519524,9.813834358376528e-06,0.0,137541.4585007333
wet_low_load,760.0,False,8,0.1753771994956706,0.001209614884865019,1390.3999999974505,0.001047335552998917,9.851404244266958e-06,0.0,137545.53099323614
wet_low_load,761.0,False,8,0.17604564735834946,0.0012096280190183712,1416.4399999974396,0.001047329284577799,9.888952740481988e-06,0.0,137549.60069397287
wet_low_load,762.0,False,8,0.17671371465338828,0.0012096411456940517,1442.4799999974286,0.001047323016088637,9.9264798591994e-06,0.0,137553.66760453285
wet_low_load,763.0,False,8,0.1773814015974558,0.0012096542648963174,1468.5199999974177,0.00104731674753147,9.963985612590056e-06,0.0,137557.73172650475
wet_low_load,764.0,False,8,0.17804870840709772,0.0012096673766294236,1494.5599999974067,0.0010473104789063361,1.0001470012817903e-05,0.0,137561.79306147606
wet_low_load,765.0,False,8,0.17871563529873585,0.0012096804808976226,1520.5999999973958,0.0010473042102132754,1.003893307203993e-05,0.0,137565.8516110337
wet_low_load,766.0,False,8,0.1793821824886688,0.001209693577705164,1546.6399999973848,0.0010472979414523256,1.0076374802406208e-05,0.0,137569.90737676335
wet_low_load,767.0,False,8,0.18004835019307272,0.001209706667056296,1572.679999997374,0.001047291672623526,1.0113795216059923e-05,0.0,137573.96036025
wet_low_load,768.0,False,8,0.18071413862799995,0.0012097197489552632,1598.719999997363,0.0010472854037269145,1.0151194325137314e-05,0.0,137578.01056307764
wet_low_load,769.0,False,8,0.18137954800938025,0.0012097328234063087,1624.759999997352,0.0010472791347625294,1.018857214176773e-05,0.0,137582.05798682928
wet_low_load,770.0,False,8,0.1820445785530201,0.0012097458904136728,1650.799999997341,0.0010472728657304098,1.0225928678073593e-05,0.0,137586.10263308726
wet_low_load,771.0,False,8,0.1827092304746034,0.0012097589499815932,1676.83999999733,0.0010472665966305946,1.0263263946170447e-05,0.0,137590.1445034328
wet_low_load,772.0,False,8,0.18337350398969127,0.0012097720021143055,1702.8799999973191,0.0010472603274631219,1.0300577958166927e-05,0.0,137594.18359944643
wet_low_load,773.0,False,8,0.18403739931372182,0.001209785046816043,1728.9199999973082,0.0010472540582280303,1.033787072616477e-05,0.0,137598.21992270753
wet_low_load,774.0,False,8,0.18470091666201086,0.001209798084091036,1754.9599999972972,0.0010472477889253583,1.0375142262258837e-05,0.0,137602.2534747948
wet_low_load,775.0,False,8,0.18536405624975155,0.0012098111139435131,1780.9999999972863,0.0010472415195551443,1.0412392578537103e-05,0.0,137606.2842572859
wet_low_load,776.0,False,8,0.18602681829201403,0.0012098241363777,1807.0399999972753,0.001047235250117427,1.0449621687080628e-05,0.0,137610.3122717577
wet_low_load,777.0,False,8,0.18668920300374686,0.0012098371513978201,1833.0799999972644,0.0010472289806122454,1.0486829599963644e-05,0.0,137614.33751978618
wet_low_load,778.0,False,8,0.18735121059977533,0.0012098501590080948,1859.1199999972534,0.0010472227110396365,1.0524016329253462e-05,0.0,137618.36000294617
wet_low_load,779.0,False,8,0.18801284129480314,0.0012098631592127422,1885.1599999972425,0.0010472164413996398,1.0561181887010559e-05,0.0,137622.37972281195
wet_low_load,780.0,False,8,0.18867409530341103,0.001209876152015979,1911.1999999972315,0.0010472101716922934,1.0598326285288507e-05,0.0,137626.3966809567
wet_low_load,781.0,False,8,0.18933497284005862,0.0012098891374220189,1937.2399999972206,0.0010472039019176354,1.0635449536134073e-05,0.0,137630.41087895277
wet_low_load,782.0,False,8,0.1899954741190822,0.0012099021154350733,1963.2799999972096,0.001047197632075703,1.0672551651587099e-05,0.0,137634.42231837133
wet_low_load,783.0,False,8,0.19065559935469714,0.0012099150860593513,1989.3199999971987,0.0010471913621665342,1.070963264368063e-05,0.0,137638.43100078308
wet_low_load,784.0,False,8,0.19131534876099623,0.0012099280492990595,2015.3599999971877,0.001047185092190172,1.0746692524440832e-05,0.0,137642.43692775804
wet_low_load,785.0,False,8,0.19197472255195036,0.0012099410051584023,2041.3999999971768,0.0010471788221466513,1.0783731305887016e-05,0.0,137646.4401008647
wet_low_load,786.0,False,8,0.1926337209414089,0.0012099539536415814,2067.439999997183,0.00104717255203601,1.0820749000031671e-05,0.0,137650.44052167085
wet_low_load,787.0,False,8,0.19329234414309912,0.0012099668947527964,2093.4799999971947,0.0010471662818582876,1.0857745618880428e-05,0.0,137654.43819174357
wet_low_load,788.0,False,8,0.1939505923706268,0.0012099798284962442,2119.5199999972065,0.001047160011613521,1.0894721174432092e-05,0.0,137658.4331126488
wet_low_load,789.0,False,8,0.19460846583747632,0.0012099927548761197,2145.5599999972183,0.0010471537413017484,1.0931675678678648e-05,0.0,137662.4252859518
wet_low_load,790.0,False,8,0.19526596475701025,0.0012100056738966153,2171.59999999723,0.0010471474709230087,1.096860914360524e-05,0.0,137666.41471321683
wet_low_load,791.0,False,8,0.1959230893424695,0.0012100185855619206,2197.639999997242,0.0010471412004773395,1.100552158119018e-05,0.0,137670.40139600728
wet_low_load,792.0,False,8,0.19657983980697397,0.0012100314898762232,2223.6799999972536,0.0010471349299647796,1.1042413003404978e-05,0.0,137674.3853358858
wet_low_load,793.0,False,8,0.19723621636352226,0.0012100443868437083,2249.7199999972654,0.0010471286593853667,1.1079283422214333e-05,0.0,137678.36653441386
wet_low_load,794.0,False,8,0.1978922192249914,0.0012100572764685588,2275.759999997277,0.0010471223887391396,1.1116132849576114e-05,0.0,137682.3449931524
wet_low_load,795.0,True,8,0.17921734821645838,0.001209690338920616,1.799999997288271,0.0010454248211570756,1.0067115622458506e-05,0.0,137325.00000000003
wet_low_load,796.0,False,9,0.14183134740738484,0.0012089557513854194,27.839999997288317,0.001047552736445211,7.967044415335786e-06,0.0,137328.62266000512
wet_low_load,797.0,False,9,0.142518893940985,0.0012089692608034507,53.87999999728808,0.0010475464714388486,8.005665734747417e-06,0.0,137332.83238490648
wet_low_load,798.0,False,9,0.1432060490334927,0.0012089827625301607,79.91999999728823,0.0010475402063624985,8.044265065870658e-06,0.0,137337.03923991128
wet_low_load,799.0,False,9,0.1438928129077673,0.0012089962565699282,105.95999999728865,0.0010475339412161998,8.082842421224111e-06,0.0,137341.2432266532
wet_low_load,800.0,False,9,0.14457918578654122,0.0012090097429271296,131.99999999728905,0.0010475276759999933,8.12139781331925e-06,0.0,137345.44434676543
wet_low_load,801.0,False,9,0.1452651678924198,0.0012090232216061389,158.03999999728947,0.0010475214107139186,8.159931254660411e-06,0.0,137349.64260187998
wet_low_load,802.0,False,9,0.14595075944788213,0.0012090366926113276,184.0799999972899,0.001047515145358016,8.198442757744835e-06,0.0,137353.83799362808
wet_low_load,803.0,False,9,0.14663596067528034,0.0012090501559470642,210.1199999972903,0.0010475088799323236,8.236932335062634e-06,0.0,137358.0305236397
wet_low_load,804.0,False,9,0.14732077179684008,0.0012090636116177157,236.15999999729073,0.0010475026144368819,8.275399999096814e-06,0.0,137362.22019354423
wet_low_load,805.0,False,9,0.1480051930346603,0.0012090770596276457,262.1999999972911,0.001047496348871731,8.313845762323266e-06,0.0,137366.40700496998
wet_low_load,806.0,False,9,0.14868922461071385,0.001209090499981216,288.23999999729153,0.0010474900832369103,8.352269637210792e-06,0.0,137370.5909595444
wet_low_load,807.0,False,9,0.14937286674684666,0.0012091039326827854,314.27999999729195,0.0010474838175324594,8.390671636221073e-06,0.0,137374.772058894
wet_low_load,808.0,False,9,0.1500561196647792,0.0012091173577367103,340.31999999729237,0.0010474775517584185,8.429051771808735e-06,0.0,137378.95030464436
wet_low_load,809.0,False,9,0.15073898358610485,0.0012091307751473448,366.3599999972928,0.001047471285914826,8.467410056421271e-06,0.0,137383.12569842002
wet_low_load,810.0,False,9,0.1514214587322912,0.0012091441849190407,392.3999999972932,0.0010474650200017227,8.505746502499102e-06,0.0,137387.29824184484
wet_low_load,811.0,False,9,0.15210354532467985,0.0012091575870561467,418.4399999972936,0.001047458754019148,8.544061122475577e-06,0.0,137391.46793654154
wet_low_load,812.0,False,9,0.15278524358448606,0.0012091709815630098,444.47999999729404,0.0010474524879671393,8.582353928776947e-06,0.0,137395.63478413172
wet_low_load,813.0,False,9,0.15346655373279963,0.001209184368443974,470.51999999729446,0.0010474462218457376,8.620624933822412e-06,0.0,137399.79878623653
wet_low_load,814.0,False,9,0.15414747599058398,0.0012091977477033807,496.5599999972949,0.001047439955654984,8.658874150024078e-06,0.0,137403.95994447623
wet_low_load,815.0,False,9,0.15482801057867687,0.0012092111193455694,522.5999999972953,0.0010474336893949183,8.69710158978699e-06,0.0,137408.11826046993
wet_low_load,816.0,False,9,0.15550815771779064,0.0012092244833748766,548.6399999972957,0.0010474274230655779,8.735307265509145e-06,0.0,137412.2737358355
wet_low_load,817.0,False,9,0.15618791762851178,0.0012092378397956366,574.6799999972961,0.001047421156667003,8.773491189581476e-06,0.0,137416.42637219038
wet_low_load,818.0,False,9,0.15686729053130083,0.0012092511886121814,600.7199999972966,0.0010474148901992325,8.811653374387838e-06,0.0,137420.57617115075
wet_low_load,819.0,False,9,0.15754627664649332,0.00120926452982884,626.759999997297,0.0010474086236623064,8.849793832305064e-06,0.0,137424.7231343322
wet_low_load,820.0,False,9,0.15822487619429915,0.0012092778634499393,652.7999999972974,0.0010474023570562637,8.887912575702932e-06,0.0,137428.86726334906
wet_low_load,821.0,False,9,0.1589030893948029,0.0012092911894798037,678.8399999972978,0.001047396090381144,8.926009616944177e-06,0.0,137433.00855981503
wet_low_load,822.0,False,9,0.15958091646796385,0.0012093045079227553,704.8799999972982,0.0010473898236369862,8.964084968384497e-06,0.0,137437.1470253427
wet_low_load,823.0,False,9,0.16025835763361584,0.0012093178187831135,730.9199999972986,0.00104738355682383,9.002138642372545e-06,0.0,137441.2826615438
wet_low_load,824.0,False,9,0.16093541311146797,0.001209331122065195,756.9599999972991,0.0010473772899417147,9.040170651249967e-06,0.0,137445.41547002923
wet_low_load,825.0,False,9,0.16161208312110373,0.0012093444177733146,782.9999999972995,0.0010473710229906793,9.07818100735135e-06,0.0,137449.5454524088
wet_low_load,826.0,False,9,0.16228836788198214,0.0012093577059117846,809.0399999972999,0.0010473647559707626,9.116169723004294e-06,0.0,137453.67261029148
wet_low_load,827.0,False,9,0.16296426761343688,0.0012093709864849141,835.0799999973003,0.0010473584888820047,9.154136810529355e-06,0.0,137457.79694528546
wet_low_load,828.0,False,9,0.16363978253467654,0.0012093842594970109,861.1199999973007,0.0010473522217244445,9.192082282240062e-06,0.0,137461.91845899782
wet_low_load,829.0,False,9,0.16431491286478564,0.0012093975249523792,887.1599999973012,0.001047345954498121,9.230006150442976e-06,0.0,137466.03715303476
wet_low_load,830.0,False,9,0.16498965882272365,0.0012094107828553213,913.1999999973016,0.0010473396872030737,9.267908427437637e-06,0.0,137470.15302900175
wet_low_load,831.0,False,9,0.16566402062732488,0.0012094240332101373,939.239999997302,0.0010473334198393418,9.305789125516545e-06,0.0,137474.26608850312
wet_low_load,832.0,False,9,0.1663379984973001,0.0012094372760211246,965.2799999973024,0.0010473271524069638,9.34364825696527e-06,0.0,137478.37633314237
wet_low_load,833.0,False,9,0.16701159265123422,0.0012094505112925779,991.3199999973028,0.0010473208849059792,9.381485834062309e-06,0.0,137482.48376452204
wet_low_load,834.0,False,9,0.16768480330758898,0.0012094637390287898,1017.3599999973032,0.001047314617336427,9.419301869079235e-06,0.0,137486.58838424383
wet_low_load,835.0,False,9,0.1683576306847009,0.0012094769592340502,1043.3999999972953,0.0010473083496983463,9.457096374280597e-06,0.0,137490.69019390858
wet_low_load,836.0,False,9,0.16903007500078251,0.001209490171912647,1069.4399999972843,0.0010473020819917762,9.494869361923973e-06,0.0,137494.78919511611
wet_low_load,837.0,False,9,0.16970213647392204,0.001209503377068865,1095.4799999972734,0.001047295814216755,9.532620844259955e-06,0.0,137498.8853894653
wet_low_load,838.0,False,9,0.17037381532208376,0.0012095165747069872,1121.5199999972624,0.0010472895463733225,9.570350833532181e-06,0.0,137502.97877855416
wet_low_load,839.0,False,9,0.17104511176310766,0.0012095297648312938,1147.5599999972515,0.0010472832784615175,9.608059341977303e-06,0.0,137507.0693639799
wet_low_load,840.0,False,9,0.17171602601470948,0.0012095429474460627,1173.5999999972405,0.001047277010481377,9.645746381824991e-06,0.0,137511.15714733853
wet_low_load,841.0,False,9,0.17238655829448146,0.001209556122555569,1199.6399999972296,0.0010472707424329438,9.683411965297982e-06,0.0,137515.24213022576
wet_low_load,842.0,False,9,0.17305670881989166,0.001209569290164086,1225.6799999972186,0.001047264474316254,9.721056104612037e-06,0.0,137519.32431423565
wet_low_load,843.0,False,9,0.17372647780828446,0.0012095824502758843,1251.7199999972077,0.001047258206131347,9.758678811975968e-06,0.0,137523.4037009617
wet_low_load,844.0,False,9,0.17439586547688046,0.0012095956028952317,1277.7599999971967,0.0010472519378782615,9.796280099591633e-06,0.0,137527.4802919966
wet_low_load,845.0,False,9,0.17506487204277643,0.0012096087480263941,1303.7999999971858,0.001047245669557037,9.833859979653936e-06,0.0,137531.55408893203
wet_low_load,846.0,False,9,0.1757334977229459,0.0012096218856736348,1329.8399999971748,0.0010472394011677125,9.87141846435086e-06,0.0,137535.62509335877
wet_low_load,847.0,False,9,0.17640174273423861,0.0012096350158412143,1355.8799999971638,0.0010472331327103252,9.90895556586343e-06,0.0,137539.69330686648
wet_low_load,848.0,False,9,0.17706960729338087,0.0012096481385333912,1381.919999997153,0.0010472268641849155,9.94647129636574e-06,0.0,137543.75873104436
wet_low_load,849.0,False,9,0.17773709161697565,0.0012096612537544217,1407.959999997142,0.0010472205955915218,9.983965668024957e-06,0.0,137547.82136748038
wet_low_load,850.0,False,9,0.17840419592150272,0.001209674361508559,1433.999999997131,0.0010472143269301827,1.0021438693001325e-05,0.0,137551.88121776172
wet_low_load,851.0,False,9,0.1790709204233184,0.0012096874618000542,1460.03999999712,0.0010472080582009354,1.0058890383448155e-05,0.0,137555.93828347442
wet_low_load,852.0,False,9,0.1797372653386556,0.0012097005546331564,1486.079999997109,0.0010472017894038199,1.0096320751511825e-05,0.0,137559.99256620396
wet_low_load,853.0,False,9,0.18040323088362456,0.0012097136400121115,1512.1199999970981,0.0010471955205388747,1.0133729809331823e-05,0.0,137564.0440675348
wet_low_load,854.0,False,9,0.18106881727421248,0.0012097267179411635,1538.1599999970872,0.0010471892516061387,1.0171117569040723e-05,0.0,137568.09278905045
wet_low_load,855.0,False,9,0.18173402472628322,0.001209739788424554,1564.1999999970762,0.0010471829826056499,1.0208484042764176e-05,0.0,137572.13873233352
wet_low_load,856.0,False,9,0.1823988534555783,0.001209752851466522,1590.2399999970653,0.001047176713537447,1.0245829242620955e-05,0.0,137576.18189896576
wet_low_load,857.0,False,9,0.18306330367771573,0.001209765907071304,1616.2799999970543,0.001047170444401569,1.02831531807229e-05,0.0,137580.222290528
wet_low_load,858.0,False,9,0.18372737560819127,0.001209778955243134,1642.3199999970434,0.0010471641751980541,1.032045586917498e-05,0.0,137584.25990860022
wet_low_load,859.0,False,9,0.18439106946237777,0.0012097919959862444,1668.3599999970324,0.0010471579059269404,1.0357737320075262e-05,0.0,137588.29475476133
wet_low_load,860.0,False,9,0.18505438545552572,0.001209805029304864,1694.3999999970215,0.0010471516365882676,1.0394997545514939e-05,0.0,137592.32683058962
wet_low_load,861.0,False,9,0.18571732380276268,0.0012098180552032203,1720.4399999970105,0.0010471453671820734,1.04322365575783e-05,0.0,137596.35613766225
wet_low_load,862.0,False,9,0.18637988471909392,0.0012098310736855377,1746.4799999969996,0.0010471390977083957,1.046945436834276e-05,0.0,137600.38267755552
wet_low_load,863.0,False,9,0.18704206841940235,0.001209844084756038,1772.5199999969886,0.0010471328281672738,1.0506650989878868e-05,0.0,137604.40645184493
wet_low_load,864.0,False,9,0.18770387511844858,0.0012098570884189414,1798.5599999969777,0.0010471265585587455,1.0543826434250295e-05,0.0,137608.4274621049
wet_low_load,865.0,False,9,0.18836530503087062,0.0012098700846784652,1824.5999999969667,0.0010471202888828494,1.0580980713513835e-05,0.0,137612.44570990925
wet_low_load,866.0,False,9,0.1890263583711849,0.0012098830735388245,1850.6399999969558,0.0010471140191396242,1.0618113839719444e-05,0.0,137616.46119683064
wet_low_load,867.0,False,9,0.18968703535378495,0.0012098960550042314,1876.6799999969448,0.0010471077493291094,1.0655225824910177e-05,0.0,137620.47392444115
wet_low_load,868.0,False,9,0.19034733619294283,0.0012099090290788965,1902.719999996934,0.0010471014794513392,1.0692316681122267e-05,0.0,137624.48389431115
wet_low_load,869.0,False,9,0.19100726110280827,0.0012099219957670273,1928.759999996923,0.0010470952095063555,1.0729386420385075e-05,0.0,137628.49110801125
wet_low_load,870.0,False,9,0.19166681029740937,0.0012099349550728294,1954.799999996912,0.0010470889394941956,1.0766435054721129e-05,0.0,137632.4955671104
wet_low_load,871.0,False,9,0.19232598399065226,0.0012099479070005058,1980.839999996901,0.0010470826694148976,1.0803462596146103e-05,0.0,137636.49727317694
wet_low_load,872.0,False,9,0.19298478239632108,0.001209960851554257,2006.87999999689,0.0010470763992685007,1.0840469056668826e-05,0.0,137640.49622777832
wet_low_load,873.0,False,9,0.19364320572807853,0.0012099737887382809,2032.9199999968791,0.0010470701290550416,1.0877454448291298e-05,0.0,137644.4924324809
wet_low_load,874.0,False,9,0.1943012541994657,0.001209986718556774,2058.9599999968777,0.0010470638587745593,1.091441878300869e-05,0.0,137648.48588885035
wet_low_load,875.0,False,9,0.19495892802390197,0.001209999641013929,2084.9999999968895,0.0010470575884270917,1.0951362072809339e-05,0.0,137652.47659845138
wet_low_load,876.0,False,9,0.19561622741468482,0.0012100125561139373,2111.0399999969013,0.001047051318012677,1.0988284329674731e-05,0.0,137656.46456284774
wet_low_load,877.0,False,9,0.19627315258499103,0.0012100254638609876,2137.079999996913,0.0010470450475313538,1.1025185565579574e-05,0.0,137660.4497836025
wet_low_load,878.0,False,9,0.19692970374787538,0.001210038364259266,2163.119999996925,0.0010470387769831594,1.1062065792491721e-05,0.0,137664.43226227755
wet_low_load,879.0,False,9,0.19758588111627198,0.0012100512573129565,2189.1599999969367,0.0010470325063681326,1.109892502237225e-05,0.0,137668.41200043415
wet_low_load,880.0,False,9,0.1982416849029931,0.0012100641430262404,2215.1999999969485,0.0010470262356863107,1.1135763267175391e-05,0.0,137672.38899963247
wet_low_load,881.0,False,9,0.1988971153207303,0.001210077021403297,2241.2399999969603,0.001047019964937732,1.1172580538848596e-05,0.0,137676.3632614319
wet_low_load,882.0,False,9,0.19955217258205366,0.001210089892448303,2267.279999996972,0.0010470136941224352,1.1209376849332492e-05,0.0,137680.334787391
wet_low_load,883.0,False,9,0.20020685689941253,0.0012101027561654328,2293.319999996984,0.0010470074232404572,1.1246152210560925e-05,0.0,137684.3035790673
wet_low_load,884.0,False,10,0.14293910452887307,0.0012089775174089538,19.359999996986915,0.0010474801290826718,8.029270082296077e-06,0.0,137327.2719473225
wet_low_load,885.0,False,10,0.1436260203827496,0.0012089910144349278,45.39999999698679,0.001047473863963547,8.067855974748422e-06,0.0,137331.47704832096
wet_low_load,886.0,False,10,0.14431254515459868,0.0012090045037766357,71.4399999969867,0.0010474675987744984,8.106419899082015e-06,0.0,137335.67928205524
wet_low_load,887.0,False,10,0.14499867906707525,0.0012090179854384524,97.47999999698712,0.0010474613335155658,8.144961867803976e-06,0.0,137339.87865015783
wet_low_load,888.0,False,10,0.14568442234270756,0.00120903145942475,123.51999999698754,0.0010474550681867888,8.183481893414308e-06,0.0,137344.0751542601
wet_low_load,889.0,False,10,0.1463697752038968,0.0012090449257398986,149.55999999698795,0.0010474488027882077,8.22197998840588e-06,0.0,137348.2687959928
wet_low_load,890.0,False,10,0.14705473787291778,0.0012090583843882656,175.59999999698837,0.0010474425373198622,8.260456165264459e-06,0.0,137352.45957698545
wet_low_load,891.0,False,10,0.14773931057191883,0.001209071835374216,201.6399999969888,0.001047436271781792,8.298910436468709e-06,0.0,137356.6474988668
wet_low_load,892.0,False,10,0.14842349352292172,0.001209085278702112,227.6799999969892,0.0010474300061740366,8.337342814490182e-06,0.0,137360.8325632646
wet_low_load,893.0,False,10,0.14910728694782177,0.0012090987143763138,253.71999999698963,0.0010474237404966354,8.37575331179333e-06,0.0,137365.01477180567
wet_low_load,894.0,False,10,0.14979069106838783,0.001209112142401179,279.75999999699,0.0010474174747496282,8.4141419408355e-06,0.0,137369.19412611597
wet_low_load,895.0,False,10,0.15047370610626284,0.0012091255627810621,305.79999999699044,0.001047411208933055,8.452508714066966e-06,0.0,137373.3706278205
wet_low_load,896.0,False,10,0.15115633228296335,0.0012091389755203162,331.83999999699085,0.001047404943046955,8.490853643930904e-06,0.0,137377.54427854333
wet_low_load,897.0,False,10,0.1518385698198799,0.0012091523806232911,357.8799999969913,0.0010473986770913686,8.529176742863406e-06,0.0,137381.7150799077
wet_low_load,898.0,False,10,0.15252041893827664,0.0012091657780943343,383.9199999969917,0.0010473924110663336,8.567478023293472e-06,0.0,137385.8830335356
wet_low_load,899.0,False,10,0.15320187985929232,0.0012091791679377907,409.9599999969921,0.0010473861449718977,8.605757497643055e-06,0.0,137390.04814104942
wet_low_load,900.0,False,10,0.15388295280393943,0.0012091925501580036,435.9999999969925,0.0010473798788080866,8.644015178327012e-06,0.0,137394.21040406774
wet_low_load,901.0,False,10,0.15456363799310474,0.0012092059247593124,462.03999999699295,0.0010473736125749468,8.682251077753141e-06,0.0,137398.36982421085
wet_low_load,902.0,False,10,0.1552439356475489,0.0012092192917460551,488.07999999699337,0.001047367346272518,8.720465208322158e-06,0.0,137402.52640309746
wet_low_load,903.0,False,10,0.15592384598790734,0.0012092326511225669,514.1199999969938,0.0010473610799008391,8.75865758242774e-06,0.0,137406.68014234494
wet_low_load,904.0,False,10,0.15660336923468982,0.0012092460028931805,540.1599999969942,0.0010473548134599497,8.79682821245651e-06,0.0,137410.83104357013
wet_low_load,905.0,False,10,0.15728250560828025,0.001209259347062226,566.1999999969946,0.001047348546949889,8.834977110788018e-06,0.0,137414.9791083888
wet_low_load,906.0,False,10,0.15796125532893757,0.0012092726836340317,592.239999996995,0.0010473422803706969,8.873104289794793e-06,0.0,137419.12433841574
wet_low_load,907.0,False,10,0.15863961861679463,0.0012092860126129224,618.2799999969955,0.0010473360137224117,8.911209761842287e-06,0.0,137423.26673526483
wet_low_load,908.0,False,10,0.1593175956918598,0.0012092993340032214,644.3199999969959,0.0010473297470050742,8.949293539288954e-06,0.0,137427.40630054925
wet_low_load,909.0,False,10,0.15999518677401525,0.0012093126478092487,670.3599999969963,0.0010473234802187222,8.98735563448616e-06,0.0,137431.5430358809
wet_low_load,910.0,False,10,0.1606723920830188,0.0012093259540353226,696.3999999969967,0.0010473172133633963,9.025396059778289e-06,0.0,137435.67694287119
wet_low_load,911.0,False,10,0.16134921183850254,0.0012093392526857584,722.4399999969971,0.0010473109464391346,9.063414827502656e-06,0.0,137439.8080231301
wet_low_load,912.0,False,10,0.16202564625997398,0.0012093525437648692,748.4799999969975,0.0010473046794459771,9.10141194998959e-06,0.0,137443.9362782672
wet_low_load,913.0,False,10,0.16270169556681544,0.0012093658272769657,774.519999996998,0.001047298412383963,9.139387439562371e-06,0.0,137448.06170989087
wet_low_load,914.0,False,10,0.16337735997828434,0.0012093791032263559,800.5599999969984,0.0010472921452531312,9.177341308537279e-06,0.0,137452.18431960852
wet_low_load,915.0,False,10,0.16405263971351325,0.0012093923716173453,826.5999999969988,0.001047285878053521,9.21527356922357e-06,0.0,137456.30410902688
wet_low_load,916.0,False,10,0.16472753499150997,0.0012094056324542374,852.6399999969992,0.0010472796107851715,9.253184233923498e-06,0.0,137460.42107975154
wet_low_load,917.0,False,10,0.1654020460311577,0.001209418885741333,878.6799999969996,0.001047273343448123,9.291073314932312e-06,0.0,137464.53523338743
wet_low_load,918.0,False,10,0.16607617305121505,0.0012094321314829303,904.7199999970001,0.001047267076042413,9.328940824538269e-06,0.0,137468.64657153818
wet_low_load,919.0,False,10,0.1667499162703159,0.0012094453696833251,930.7599999970005,0.0010472608085680807,9.366786775022614e-06,0.0,137472.7550958068
wet_low_load,920.0,False,10,0.16742327590696982,0.0012094586003468112,956.7999999970009,0.0010472545410251655,9.404611178659611e-06,0.0,137476.8608077953
wet_low_load,921.0,False,10,0.1680962521795624,0.0012094718234776792,982.8399999970013,0.0010472482734137066,9.44241404771656e-06,0.0,137480.96370910486
wet_low_load,922.0,False,10,0.1687688453063536,0.0012094850390802177,1008.8799999970017,0.001047242005733743,9.480195394453708e-06,0.0,137485.0638013357
wet_low_load,923.0,False,10,0.16944105550548053,0.001209498247158713,1034.9199999969974,0.0010472357379853134,9.517955231124391e-06,0.0,137489.161086087
wet_low_load,924.0,False,10,0.1701128829949552,0.0012095114477174488,1060.9599999969864,0.0010472294701684571,9.55569356997493e-06,0.0,137493.25556495728
wet_low_load,925.0,False,10,0.17078432799266594,0.0012095246407607058,1086.9999999969755,0.001047223202283213,9.593410423244689e-06,0.0,137497.34723954392
wet_low_load,926.0,False,10,0.17145539071637703,0.0012095378262927635,1113.0399999969645,0.0010472169343296194,9.631105803166067e-06,0.0,137501.43611144344
wet_low_load,927.0,False,10,0.17212607138372854,0.0012095510043178977,1139.0799999969536,0.0010472106663077154,9.66877972196449e-06,0.0,137505.5221822515
wet_low_load,928.0,False,10,0.17279637021223668,0.0012095641748403828,1165.1199999969426,0.0010472043982175416,9.706432191858417e-06,0.0,137509.60545356307
wet_low_load,929.0,False,10,0.17346628741929396,0.00120957733786449,1191.1599999969317,0.0010471981300591356,9.744063225059369e-06,0.0,137513.68592697187
wet_low_load,930.0,False,10,0.17413582322216897,0.0012095904933944882,1217.1999999969207,0.0010471918618325362,9.781672833771901e-06,0.0,137517.76360407076
wet_low_load,931.0,False,10,0.17480497783800678,0.0012096036414346442,1243.2399999969098,0.001047185593537782,9.819261030193625e-06,0.0,137521.8384864518
wet_low_load,932.0,False,10,0.1754737514838287,0.0012096167819892225,1269.2799999968988,0.001047179325174913,9.856827826515211e-06,0.0,137525.91057570616
wet_low_load,933.0,False,10,0.1761421443765325,0.0012096299150624842,1295.3199999968879,0.0010471730567439663,9.894373234920382e-06,0.0,137529.97987342396
wet_low_load,934.0,False,10,0.1768101567328926,0.0012096430406586891,1321.359999996877,0.0010471667882449816,9.931897267585935e-06,0.0,137534.04638119458
wet_low_load,935.0,False,10,0.17747778876955986,0.0012096561587820942,1347.399999996866,0.0010471605196779976,9.969399936681724e-06,0.0,137538.1101006064
wet_low_load,936.0,False,10,0.17814504070306175,0.0012096692694369539,1373.439999996855,0.0010471542510430525,1.0006881254370676e-05,0.0,137542.17103324682
wet_low_load,937.0,False,10,0.17881191274980235,0.0012096823726275199,1399.479999996844,0.0010471479823401855,1.0044341232808783e-05,0.0,137546.2291807026
wet_low_load,938.0,False,10,0.1794784051260626,0.0012096954683580422,1425.5199999968331,0.0010471417135694354,1.0081779884145121e-05,0.0,137550.28454455937
wet_low_load,939.0,False,10,0.18014451804800105,0.0012097085566327682,1451.5599999968222,0.0010471354447308403,1.0119197220521892e-05,0.0,137554.3371264018
wet_low_load,940.0,False,10,0.18081025173165213,0.0012097216374559422,1477.5999999968112,0.0010471291758244394,1.0156593254074324e-05,0.0,137558.38692781396
wet_low_load,941.0,False,10,0.1814756063929276,0.001209734710831807,1503.6399999968003,0.0010471229068502702,1.0193967996930756e-05,0.0,137562.43395037865
wet_low_load,942.0,False,10,0.18214058224761662,0.0012097477767646025,1529.6799999967893,0.0010471166378083732,1.023132146121264e-05,0.0,137566.47819567815
wet_low_load,943.0,False,10,0.18280517951138522,0.0012097608352585661,1555.7199999967784,0.0010471103686987854,1.0268653659034512e-05,0.0,137570.51966529354
wet_low_load,944.0,False,10,0.18346939839977658,0.001209773886317933,1581.7599999967674,0.0010471040995215456,1.0305964602504004e-05,0.0,137574.558360805
wet_low_load,945.0,False,10,0.1841332391282114,0.0012097869299469363,1607.7999999967565,0.0010470978302766925,1.0343254303721873e-05,0.0,137578.59428379204
wet_low_load,946.0,False,10,0.18479670191198738,0.0012097999661498057,1633.8399999967455,0.0010470915609642648,1.0380522774781962e-05,0.0,137582.62743583316
wet_low_load,947.0,False,10,0.1854597869662802,0.0012098129949307697,1659.8799999967346,0.0010470852915843007,1.0417770027771263e-05,0.0,137586.6578185059
wet_low_load,948.0,False,10,0.18612249450614252,0.0012098260162940536,1685.9199999967236,0.0010470790221368388,1.0454996074769854e-05,0.0,137590.68543338688
wet_low_load,949.0,False,10,0.1867848247465049,0.0012098390302438804,1711.9599999967127,0.001047072752621918,1.0492200927850962e-05,0.0,137594.71028205208
wet_low_load,950.0,False,10,0.18744677790217523,0.0012098520367844708,1737.9999999967017,0.0010470664830395755,1.0529384599080914e-05,0.0,137598.73236607618
wet_low_load,951.0,False,10,0.1881083541878395,0.0012098650359200433,1764.0399999966908,0.0010470602133898505,1.0566547100519194e-05,0.0,137602.75168703325
wet_low_load,952.0,False,10,0.1887695538180611,0.0012098780276548137,1790.0799999966798,0.001047053943672781,1.0603688444218398e-05,0.0,137606.7682464964
wet_low_load,953.0,False,10,0.1894303770072813,0.0012098910119929954,1816.1199999966689,0.0010470476738884062,1.0640808642224267e-05,0.0,137610.78204603787
wet_low_load,954.0,False,10,0.1900908239698195,0.0012099039889387998,1842.159999996658,0.001047041404036764,1.0677907706575688e-05,0.0,137614.79308722896
wet_low_load,955.0,False,10,0.19075089491987265,0.0012099169584964353,1868.199999996647,0.0010470351341178893,1.0714985649304677e-05,0.0,137618.80137163962
wet_low_load,956.0,False,10,0.19141059007151642,0.0012099299206701083,1894.239999996636,0.001047028864131826,1.0752042482436434e-05,0.0,137622.8069008401
wet_low_load,957.0,False,10,0.1920699096387043,0.0012099428754640228,1920.279999996625,0.00104702259407861,1.0789078217989294e-05,0.0,137626.80967639884
wet_low_load,958.0,False,10,0.19272885383526758,0.0012099558228823803,1946.3199999966141,0.0010470163239582793,1.0826092867974732e-05,0.0,137630.80969988334
wet_low_load,959.0,False,10,0.1933874228749163,0.0012099687629293797,1972.3599999966032,0.001047010053770872,1.0863086444397409e-05,0.0,137634.80697286053
wet_low_load,960.0,False,10,0.1940456169712387,0.001209981695609218,1998.3999999965922,0.001047003783516427,1.0900058959255146e-05,0.0,137638.80149689646
wet_low_load,961.0,False,10,0.19470343633770143,0.0012099946209260895,2024.4399999965813,0.0010469975131949818,1.0937010424538932e-05,0.0,137642.79327355602
wet_low_load,962.0,False,10,0.19536088118764935,0.0012100075388841861,2050.4799999965726,0.001046991242806575,1.0973940852232918e-05,0.0,137646.78230440355
wet_low_load,963.0,False,10,0.19601795173430644,0.0012100204494876973,2076.5199999965844,0.0010469849723512442,1.101085025431446e-05,0.0,137650.76859100218
wet_low_load,964.0,False,10,0.19667464819077451,0.0012100333527408106,2102.559999996596,0.0010469787018290277,1.1047738642754054e-05,0.0,137654.75213491434
wet_low_load,965.0,False,10,0.19733097077003456,0.0012100462486477105,2128.599999996608,0.0010469724312399638,1.108460602951541e-05,0.0,137658.73293770154
wet_low_load,966.0,False,10,0.19798691968494642,0.0012100591372125795,2154.6399999966197,0.0010469661605840908,1.1121452426555435e-05,0.0,137662.71100092446
wet_low_load,967.0,False,10,0.19864249514824828,0.0012100720184395975,2180.6799999966315,0.0010469598898614463,1.1158277845824196e-05,0.0,137666.6863261427
wet_low_load,968.0,False,10,0.19929769737255773,0.0012100848923329425,2206.7199999966433,0.0010469536190720681,1.119508229926499e-05,0.0,137670.65891491505
wet_low_load,969.0,False,10,0.1999525265703708,0.0012100977588967896,2232.759999996655,0.0010469473482159952,1.1231865798814285e-05,0.0,137674.62876879968
wet_low_load,970.0,False,10,0.20060698295406287,0.0012101106181353117,2258.799999996667,0.0010469410772932645,1.1268628356401771e-05,0.0,137678.5958893534
wet_low_load,971.0,False,10,0.20126106673588845,0.0012101234700526793,2284.8399999966787,0.0010469348063039134,1.130536998395035e-05,0.0,137682.56027813235
wet_low_load,972.0,False,11,0.14361488473222203,0.0012089907956335077,10.87999999668563,0.0010474314919328989,8.067230455609187e-06,0.0,137325.88284307995
wet_low_load,973.0,False,11,0.1443014158439348,0.0012090042850997859,36.919999996685625,0.001047425226744984,8.105794736069803e-06,0.0,137330.08512329572
wet_low_load,974.0,False,11,0.14498755609266545,0.0012090177668861017,62.95999999668533,0.0010474189614871846,8.144337060716027e-06,0.0,137334.28453785335
wet_low_load,975.0,False,11,0.1456733057009444,0.001209031240996828,88.99999999668573,0.00104741269615954,8.18285744204798e-06,0.0,137338.4810883842
wet_low_load,976.0,False,11,0.1463586648911748,0.0012090447074363342,115.03999999668615,0.0010474064307620904,8.221355892558646e-06,0.0,137342.67477651898
wet_low_load,977.0,False,11,0.14704363388563385,0.001209058166208988,141.07999999668655,0.0010474001652948754,8.259832424733924e-06,0.0,137346.8656038873
wet_low_load,978.0,False,11,0.14772821290647162,0.0012090716173191543,167.11999999668697,0.0010473938997579352,8.298287051052574e-06,0.0,137351.05357211787
wet_low_load,979.0,False,11,0.1484124021757121,0.0012090850607711957,193.1599999966874,0.0010473876341513093,8.336719783986275e-06,0.0,137355.23868283856
wet_low_load,980.0,False,11,0.14909620191525236,0.0012090984965694724,219.1999999966878,0.001047381368475037,8.375130635999577e-06,0.0,137359.42093767616
wet_low_load,981.0,False,11,0.14977961234686374,0.0012091119247183415,245.23999999668823,0.0010473751027291584,8.413519619549966e-06,0.0,137363.60033825666
wet_low_load,982.0,False,11,0.1504626336921909,0.0012091253452221583,271.2799999966886,0.001047368836913713,8.451886747087814e-06,0.0,137367.77688620507
wet_low_load,983.0,False,11,0.1511452661727527,0.0012091387580852751,297.31999999668903,0.0010473625710287404,8.490232031056424e-06,0.0,137371.9505831454
wet_low_load,984.0,False,11,0.1518275100099412,0.0012091521633120423,323.35999999668945,0.0010473563050742807,8.528555483891978e-06,0.0,137376.121430701
wet_low_load,985.0,False,11,0.15250936542502333,0.0012091655609068072,349.39999999668987,0.0010473500390503717,8.566857118023626e-06,0.0,137380.28943049384
wet_low_load,986.0,False,11,0.1531908326391392,0.0012091789508739154,375.4399999966903,0.0010473437729570634,8.605136945873402e-06,0.0,137384.4545841466
wet_low_load,987.0,False,11,0.1538719118733036,0.001209192333217709,401.4799999966907,0.001047337506794377,8.64339497985629e-06,0.0,137388.61689327724
wet_low_load,988.0,False,11,0.15455260334840548,0.0012092057079425287,427.5199999966911,0.0010473312405623618,8.681631232380214e-06,0.0,137392.77635950653
wet_low_load,989.0,False,11,0.1552329072852075,0.0012092190750527118,453.55999999669154,0.0010473249742610558,8.719845715846e-06,0.0,137396.9329844529
wet_low_load,990.0,False,11,0.15591282390434702,0.0012092324345525935,479.59999999669196,0.0010473187078904995,8.758038442647433e-06,0.0,137401.08676973404
wet_low_load,991.0,False,11,0.15659235342633582,0.001209245786446507,505.6399999966924,0.0010473124414507318,8.79620942517125e-06,0.0,137405.2377169666
wet_low_load,992.0,False,11,0.15727149607156005,0.0012092591307387823,531.6799999966928,0.0010473061749417922,8.834358675797126e-06,0.0,137409.38582776644
wet_low_load,993.0,False,11,0.1579502520602802,0.0012092724674337475,557.7199999966932,0.0010472999083637202,8.87248620689768e-06,0.0,137413.53110374836
wet_low_load,994.0,False,11,0.15862862161263178,0.0012092857965357276,583.7599999966936,0.001047293641716555,8.91059203083851e-06,0.0,137417.67354652632
wet_low_load,995.0,False,11,0.15930660494862467,0.0012092991180490456,609.799999996694,0.0010472873750003364,8.948676159978156e-06,0.0,137421.81315771342
wet_low_load,996.0,False,11,0.15998420228814353,0.0012093124319780223,635.8399999966945,0.0010472811082151033,8.986738606668126e-06,0.0,137425.94993892172
wet_low_load,997.0,False,11,0.16066141385094804,0.0012093257383269755,661.8799999966949,0.0010472748413608958,9.024779383252904e-06,0.0,137430.08389176248
wet_low_load,998.0,False,11,0.1613382398566724,0.0012093390371002207,687.9199999966953,0.0010472685744377518,9.06279850206993e-06,0.0,137434.21501784585
wet_low_load,999.0,False,11,0.16201468052482584,0.0012093523283020708,713.9599999966957,0.001047262307445711,9.100795975449623e-06,0.0,137438.34331878118
wet_low_load,1000.0,False,11,0.16269073607479292,0.0012093656119368367,739.9999999966959,0.0010472560403848134,9.138771815715393e-06,0.0,137442.4687961771
