regime,time_s,purge_open,purge_count,anode_relative_humidity,patch_current_a,cell_current_a,charge_since_purge_as,hydrogen_mol,nitrogen_mol,water_vapor_mol,liquid_water_mol,hydrogen_mole_fraction,nitrogen_mole_fraction,total_pressure_pa
dry_high_load,0.0,False,0,0.0,0.0029781041174676776,39.20485991377826,0.0,0.001055491936779534,0.0,0.0,0.0,1.0,0.0,137324.99999999997
dry_high_load,1.0,False,0,0.2553936590322458,0.0034300999645490793,45.15509978702481,44.66698820320927,0.0010411194662192516,2.63287369194565e-08,1.4346141823363105e-05,0.0,0.9863831545656947,2.4944517340217175e-05,137325.00000000003
dry_high_load,2.0,False,0,0.2554713491985235,0.0034301836069684844,45.15620088665272,89.82304596926522,0.001041088773418839,5.2657473838913086e-08,1.4350505886856001e-05,0.0,0.9863540754232181,4.988903468043443e-05,137325.00000000003
dry_high_load,3.0,False,0,0.25547137568733863,0.0034301836354867473,45.15620126207764,134.97924718254524,0.0010410624431939723,7.898621075836919e-08,1.4350507374803275e-05,0.0,0.9863291294961588,7.483355202065124e-05,137324.99999999997
dry_high_load,4.0,False,0,0.2554713756963701,0.003430183635496471,45.15620126220564,180.13544844473415,0.0010410361144565455,1.0531494767782511e-07,1.4350507375310597e-05,0.0,0.9863041849783379,9.977806936086789e-05,137324.99999999997
dry_high_load,5.0,False,0,0.255471375696373,0.003430183635496474,45.156201262205684,225.29164970693898,0.001041009785719626,1.3164368459728166e-07,1.4350507375310761e-05,0.0,0.9862792404609974,0.00012472258670108508,137325.00000000003
dry_high_load,6.0,False,0,0.255471375696373,0.003430183635496474,45.156201262205684,270.4478509691438,0.0010409834569827063,1.579724215167389e-07,1.4350507375310761e-05,0.0,0.9862542959436572,0.000149667104041303,137324.99999999997
dry_high_load,7.0,False,0,0.255471375696373,0.003430183635496474,45.156201262205684,315.60405223134865,0.001040957128245787,1.8430115843619615e-07,1.4350507375310761e-05,0.0,0.9862293514263171,0.0001746116213815209,137324.99999999997
dry_high_load,8.0,False,0,0.255471375696373,0.003430183635496474,45.156201262205684,360.7602534935535,0.0010409307995088676,2.106298953556534e-07,1.4350507375310761e-05,0.0,0.9862044069089768,0.00019955613872173878,137324.99999999997
dry_high_load,9.0,False,0,0.255471375696373,0.003430183635496474,45.156201262205684,405.9164547557583,0.0010409044707719482,2.3695863227511065e-07,1.4350507375310761e-05,0.0,0.9861794623916366,0.00022450065606195661,137325.00000000003
dry_high_load,10.0,False,0,0.255471375696373,0.003430183635496474,45.156201262205684,451.07265601796314,0.0010408781420350288,2.632873691945654e-07,1.4350507375310761e-05,0.0,0.9861545178742963,0.0002494451734021721,137325.00000000003
dry_high_load,11.0,False,0,0.255471375696373,0.003430183635496474,45.156201262205684,496.228857280168,0.0010408518132981092,2.8961610611402e-07,1.4350507375310761e-05,0.0,0.9861295733569562,0.00027438969074238754,137324.99999999997
dry_high_load,12.0,False,0,0.255471375696373,0.003430183635496474,45.156201262205684,541.3850585423728,0.0010408254845611896,3.159448430334746e-07,1.4350507375310761e-05,0.0,0.9861046288396158,0.0002993342080826029,137324.99999999997
dry_high_load,13.0,False,0,0.255471375696373,0.003430183635496474,45.156201262205684,586.5412598045776,0.0010407991558242702,3.422735799529292e-07,1.4350507375310761e-05,0.0,0.9860796843222757,0.00032427872542281833,137324.99999999997
dry_high_load,14.0,False,0,0.255471375696373,0.003430183635496474,45.156201262205684,631.6974610667825,0.0010407728270873508,3.686023168723838e-07,1.4350507375310761e-05,0.0,0.9860547398049355,0.0003492232427630337,137324.99999999997
dry_high_load,15.0,False,0,0.255471375696373,0.003430183635496474,45.156201262205684,676.8536623289873,0.0010407464983504314,3.949310537918384e-07,1.4350507375310761e-05,0.0,0.9860297952875952,0.000374167760103249,137325.00000000003
dry_high_load,16.0,False,0,0.255471375696373,0.003430183635496474,45.156201262205684,722.0098635911921,0.001040720169613512,4.21259790711293e-07,1.4350507375310761e-05,0.0,0.986004850770255,0.0003991122774434644,137325.00000000003
dry_high_load,17.0,False,0,0.255471375696373,0.003430183635496474,45.156201262205684,767.166064853397,0.0010406938408765926,4.475885276307476e-07,1.4350507375310761e-05,0.0,0.9859799062529149,0.00042405679478367975,137325.00000000003
dry_high_load,18.0,False,0,0.255471375696373,0.003430183635496474,45.156201262205684,812.3222661156018,0.0010406675121396732,4.739172645502022e-07,1.4350507375310761e-05,0.0,0.9859549617355745,0.000449001312123895,137325.00000000003
dry_high_load,19.0,False,0,0.255471375696373,0.003430183635496474,45.156201262205684,857.4784673778066,0.0010406411834027534,5.002460014696614e-07,1.4350507375310761e-05,0.0,0.9859300172182344,0.000473945829464115,137324.99999999997
dry_high_load,20.0,False,0,0.255471375696373,0.003430183635496474,45.156201262205684,902.6346686400115,0.001040614854665834,5.265747383891213e-07,1.4350507375310761e-05,0.0,0.9859050727008942,0.0004988903468043355,137324.99999999997
dry_high_load,21.0,False,0,0.255471375696373,0.003430183635496474,45.156201262205684,947.7908699022163,0.0010405885259289146,5.529034753085812e-07,1.4350507375310761e-05,0.0,0.9858801281835541,0.0005238348641445558,137324.99999999997
dry_high_load,22.0,False,0,0.255471375696373,0.003430183635496474,45.156201262205684,992.9470711644211,0.0010405621971919952,5.792322122280411e-07,1.4350507375310761e-05,0.0,0.9858551836662137,0.0005487793814847761,137325.00000000003
dry_high_load,23.0,False,0,0.255471375696373,0.003430183635496474,45.156201262205684,1038.1032724266295,0.0010405358684550758,6.05560949147501e-07,1.4350507375310761e-05,0.0,0.9858302391488736,0.0005737238988249965,137325.00000000003
dry_high_load,24.0,False,0,0.255471375696373,0.003430183635496474,45.156201262205684,1083.2594736888457,0.0010405095397181565,6.318896860669609e-07,1.4350507375310761e-05,0.0,0.9858052946315334,0.0005986684161652169,137325.00000000003
dry_high_load,25.0,False,0,0.255471375696373,0.003430183635496474,45.156201262205684,1128.4156749510619,0.0010404832109812366,6.582184229864208e-07,1.4350507375310761e-05,0.0,0.9857803501141931,0.0006236129335054374,137324.99999999997
dry_high_load,26.0,False,0,0.255471375696373,0.003430183635496474,45.156201262205684,1173.571876213278,0.0010404568822443172,6.845471599058807e-07,1.4350507375310761e-05,0.0,0.9857554055968529,0.0006485574508456578,137324.99999999997
dry_high_load,27.0,False,0,0.255471375696373,0.003430183635496474,45.156201262205684,1218.7280774754943,0.0010404305535073979,7.108758968253406e-07,1.4350507375310761e-05,0.0,0.9857304610795127,0.0006735019681858782,137324.99999999997
dry_high_load,28.0,False,0,0.255471375696373,0.003430183635496474,45.156201262205684,1263.8842787377105,0.0010404042247704785,7.372046337448005e-07,1.4350507375310761e-05,0.0,0.9857055165621723,0.0006984464855260984,137325.00000000003
dry_high_load,29.0,False,0,0.255471375696373,0.003430183635496474,45.156201262205684,1309.0404799999267,0.001040377896033559,7.635333706642604e-07,1.4350507375310761e-05,0.0,0.9856805720448322,0.0007233910028663188,137325.00000000003
dry_high_load,30.0,False,0,0.255471375696373,0.003430183635496474,45.156201262205684,1354.1966812621429,0.0010403515672966397,7.898621075837203e-07,1.4350507375310761e-05,0.0,0.985655627527492,0.0007483355202065392,137325.00000000003
dry_high_load,31.0,False,0,0.255471375696373,0.003430183635496474,45.156201262205684,1399.352882524359,0.0010403252385597199,8.161908445031802e-07,1.4350507375310761e-05,0.0,0.9856306830101517,0.0007732800375467598,137324.99999999997
dry_high_load,32.0,False,0,0.255471375696373,0.003430183635496474,45.156201262205684,1444.5090837865753,0.0010402989098228005,8.425195814226401e-07,1.4350507375310761e-05,0.0,0.9856057384928115,0.0007982245548869802,137324.99999999997
dry_high_load,33.0,False,0,0.255471375696373,0.003430183635496474,45.156201262205684,1489.6652850487915,0.001040272581085881,8.688483183421e-07,1.4350507375310761e-05,0.0,0.9855807939754714,0.0008231690722272006,137324.99999999997
dry_high_load,34.0,False,0,0.255471375696373,0.003430183635496474,45.156201262205684,1534.8214863110077,0.0010402462523489617,8.951770552615599e-07,1.4350507375310761e-05,0.0,0.985555849458131,0.0008481135895674208,137325.00000000003
dry_high_load,35.0,False,0,0.255471375696373,0.003430183635496474,45.156201262205684,1579.9776875732239,0.0010402199236120423,9.215057921810198e-07,1.4350507375310761e-05,0.0,0.9855309049407909,0.0008730581069076412,137325.00000000003
dry_high_load,36.0,False,0,0.255471375696373,0.003430183635496474,45.156201262205684,1625.13388883544,0.001040193594875123,9.478345291004797e-07,1.4350507375310761e-05,0.0,0.9855059604234507,0.0008980026242478616,137325.00000000003
dry_high_load,37.0,False,0,0.255471375696373,0.003430183635496474,45.156201262205684,1670.2900900976563,0.0010401672661382033,9.741632660199314e-07,1.4350507375310761e-05,0.0,0.9854810159061104,0.0009229471415880742,137325.00000000003
dry_high_load,38.0,False,0,0.255471375696373,0.003430183635496474,45.156201262205684,1715.4462913598725,0.0010401409374012837,1.0004920029393807e-06,1.4350507375310761e-05,0.0,0.9854560713887702,0.0009478916589282848,137324.99999999997
dry_high_load,39.0,False,0,0.255471375696373,0.003430183635496474,45.156201262205684,1760.6024926220887,0.0010401146086643643,1.02682073985883e-06,1.4350507375310761e-05,0.0,0.9854311268714301,0.0009728361762684952,137324.99999999997
dry_high_load,40.0,False,0,0.255471375696373,0.003430183635496474,45.156201262205684,1805.7586938843049,0.001040088279927445,1.0531494767782793e-06,1.4350507375310761e-05,0.0,0.9854061823540897,0.0009977806936087054,137325.00000000003
dry_high_load,41.0,False,0,0.255471375696373,0.003430183635496474,45.156201262205684,1850.914895146521,0.0010400619511905255,1.0794782136977286e-06,1.4350507375310761e-05,0.0,0.9853812378367496,0.0010227252109489156,137325.00000000003
dry_high_load,42.0,False,0,0.255471375696373,0.003430183635496474,45.156201262205684,1896.0710964087373,0.0010400356224536062,1.105806950617178e-06,1.4350507375310761e-05,0.0,0.9853562933194094,0.001047669728289126,137325.00000000003
dry_high_load,43.0,False,0,0.255471375696373,0.003430183635496474,45.156201262205684,1941.2272976709535,0.0010400092937166865,1.1321356875366272e-06,1.4350507375310761e-05,0.0,0.9853313488020692,0.0010726142456293367,137324.99999999997
dry_high_load,44.0,False,0,0.255471375696373,0.003430183635496474,45.156201262205684,1986.3834989331697,0.0010399829649797672,1.1584644244560765e-06,1.4350507375310761e-05,0.0,0.9853064042847289,0.0010975587629695467,137325.00000000003
dry_high_load,45.0,False,0,0.255471375696373,0.003430183635496474,45.156201262205684,2031.5397001953859,0.0010399566362428478,1.1847931613755259e-06,1.4350507375310761e-05,0.0,0.9852814597673887,0.0011225032803097571,137325.00000000003
dry_high_load,46.0,False,0,0.255471375696373,0.003430183635496474,45.156201262205684,2076.695901457602,0.0010399303075059284,1.2111218982949752e-06,1.4350507375310761e-05,0.0,0.9852565152500485,0.0011474477976499676,137325.00000000003
dry_high_load,47.0,False,0,0.255471375696373,0.003430183635496474,45.156201262205684,2121.852102719818,0.0010399039787690088,1.2374506352144245e-06,1.4350507375310761e-05,0.0,0.9852315707327084,0.001172392314990178,137324.99999999997
dry_high_load,48.0,False,0,0.255471375696373,0.003430183635496474,45.156201262205684,2167.0083039820342,0.0010398776500320894,1.2637793721338738e-06,1.4350507375310761e-05,0.0,0.985206626215368,0.0011973368323303882,137325.00000000003
dry_high_load,49.0,False,0,0.255471375696373,0.003430183635496474,45.156201262205684,2212.1645052442504,0.0010398513212951698,1.290108109053323e-06,1.4350507375310761e-05,0.0,0.9851816816980279,0.0012222813496705989,137324.99999999997
dry_high_load,50.0,False,0,0.255471375696373,0.003430183635496474,45.156201262205684,2257.3207065064666,0.0010398249925582504,1.3164368459727724e-06,1.4350507375310761e-05,0.0,0.9851567371806877,0.001247225867010809,137324.99999999997
dry_high_load,51.0,True,0,0.2376180869612777,0.003410962512210354,44.90316731305734,2.4713595855024195,0.0010409105781836324,1.2337179839147715e-06,1.3347640611986814e-05,0.0,0.9861852487093445,0.0011688559058812256,137324.99999999997
dry_high_load,52.0,False,1,0.2548992287928075,0.0034295676534029573,45.14809224696204,47.28992964117912,0.001040575589960391,5.979784587687575e-07,1.4318368360374168e-05,0.0,0.9858678723168126,0.0005665400539138939,137325.00000000003
dry_high_load,53.0,False,1,0.2554711806202872,0.0034301834254745808,45.1561984974001,92.44507449059755,0.0010405171331664782,6.243071956882174e-07,1.4350496417367621e-05,0.0,0.9858124888582793,0.0005914845712541142,137325.00000000003
dry_high_load,54.0,False,1,0.2554713756298611,0.003430183635424866,45.156201261263014,137.60127539261447,0.0010404907934753516,6.506359326076773e-07,1.4350507371574611e-05,0.0,0.985787533962644,0.0006164290885943347,137324.99999999997
dry_high_load,55.0,False,1,0.2554713756963505,0.0034301836354964496,45.156201262205364,182.75747665469743,0.0010404644647346972,6.769646695271372e-07,1.4350507375309496e-05,0.0,0.9857625894417651,0.0006413736059345551,137324.99999999997
dry_high_load,56.0,False,1,0.255471375696373,0.003430183635496474,45.156201262205684,227.91367791690226,0.0010404381359977767,7.032934064465971e-07,1.4350507375310761e-05,0.0,0.9857376449244237,0.0006663181232747754,137325.00000000003
dry_high_load,57.0,False,1,0.255471375696373,0.003430183635496474,45.156201262205684,273.0698791791071,0.001040411807260857,7.29622143366057e-07,1.4350507375310761e-05,0.0,0.9857127004070836,0.0006912626406149959,137324.99999999997
dry_high_load,58.0,False,1,0.255471375696373,0.003430183635496474,45.156201262205684,318.2260804413119,0.0010403854785239377,7.559508802855169e-07,1.4350507375310761e-05,0.0,0.9856877558897432,0.0007162071579552162,137325.00000000003
dry_high_load,59.0,False,1,0.255471375696373,0.003430183635496474,45.156201262205684,363.38228170351675,0.0010403591497870183,7.822796172049768e-07,1.4350507375310761e-05,0.0,0.9856628113724031,0.0007411516752954365,137325.00000000003
dry_high_load,60.0,False,1,0.255471375696373,0.003430183635496474,45.156201262205684,408.5384829657216,0.001040332821050099,8.086083541244367e-07,1.4350507375310761e-05,0.0,0.9856378668550629,0.000766096192635657,137325.00000000003
dry_high_load,61.0,False,1,0.255471375696373,0.003430183635496474,45.156201262205684,453.6946842279264,0.0010403064923131793,8.349370910438965e-07,1.4350507375310761e-05,0.0,0.9856129223377226,0.0007910407099758774,137325.00000000003
dry_high_load,62.0,False,1,0.255471375696373,0.003430183635496474,45.156201262205684,498.85088549013125,0.00104028016357626,8.612658279633564e-07,1.4350507375310761e-05,0.0,0.9855879778203824,0.0008159852273160978,137325.00000000003
dry_high_load,63.0,False,1,0.255471375696373,0.003430183635496474,45.156201262205684,544.0070867523361,0.0010402538348393403,8.875945648828163e-07,1.4350507375310761e-05,0.0,0.9855630333030422,0.0008409297446563183,137324.99999999997
dry_high_load,64.0,False,1,0.255471375696373,0.003430183635496474,45.156201262205684,589.163288014541,0.001040227506102421,9.139233018022762e-07,1.4350507375310761e-05,0.0,0.9855380887857019,0.0008658742619965385,137325.00000000003
dry_high_load,65.0,False,1,0.255471375696373,0.003430183635496474,45.156201262205684,634.3194892767458,0.0010402011773655016,9.402520387217361e-07,1.4350507375310761e-05,0.0,0.9855131442683617,0.0008908187793367589,137325.00000000003
dry_high_load,66.0,False,1,0.255471375696373,0.003430183635496474,45.156201262205684,679.4756905389506,0.0010401748486285822,9.665807756411908e-07,1.4350507375310761e-05,0.0,0.9854881997510215,0.0009157632966769744,137325.00000000003
dry_high_load,67.0,False,1,0.255471375696373,0.003430183635496474,45.156201262205684,724.6318918011555,0.0010401485198916626,9.929095125606401e-07,1.4350507375310761e-05,0.0,0.9854632552336814,0.000940707814017185,137324.99999999997
dry_high_load,68.0,False,1,0.255471375696373,0.003430183635496474,45.156201262205684,769.7880930633603,0.0010401221911547432,1.0192382494800894e-06,1.4350507375310761e-05,0.0,0.985438310716341,0.0009656523313573951,137325.00000000003
dry_high_load,69.0,False,1,0.255471375696373,0.003430183635496474,45.156201262205684,814.9442943255651,0.0010400958624178238,1.0455669863995388e-06,1.4350507375310761e-05,0.0,0.9854133661990009,0.0009905968486976055,137325.00000000003
dry_high_load,70.0,False,1,0.255471375696373,0.003430183635496474,45.156201262205684,860.10049558777,0.0010400695336809044,1.071895723318988e-06,1.4350507375310761e-05,0.0,0.9853884216816607,0.001015541366037816,137325.00000000003
dry_high_load,71.0,False,1,0.255471375696373,0.003430183635496474,45.156201262205684,905.2566968499748,0.0010400432049439848,1.0982244602384374e-06,1.4350507375310761e-05,0.0,0.9853634771643204,0.0010404858833780262,137325.00000000003
dry_high_load,72.0,False,1,0.255471375696373,0.003430183635496474,45.156201262205684,950.4128981121796,0.0010400168762070654,1.1245531971578867e-06,1.4350507375310761e-05,0.0,0.9853385326469802,0.0010654304007182366,137325.00000000003
dry_high_load,73.0,False,1,0.255471375696373,0.003430183635496474,45.156201262205684,995.5690993743845,0.0010399905474701458,1.150881934077336e-06,1.4350507375310761e-05,0.0,0.9853135881296401,0.0010903749180584473,137324.99999999997
dry_high_load,74.0,False,1,0.255471375696373,0.003430183635496474,45.156201262205684,1040.7253006365936,0.0010399642187332264,1.1772106709967853e-06,1.4350507375310761e-05,0.0,0.9852886436123,0.0011153194353986575,137324.99999999997
dry_high_load,75.0,False,1,0.255471375696373,0.003430183635496474,45.156201262205684,1085.8815018988098,0.001039937889996307,1.2035394079162346e-06,1.4350507375310761e-05,0.0,0.9852636990949596,0.0011402639527388677,137325.00000000003
dry_high_load,76.0,False,1,0.255471375696373,0.003430183635496474,45.156201262205684,1131.037703161026,0.0010399115612593876,1.229868144835684e-06,1.4350507375310761e-05,0.0,0.9852387545776194,0.001165208470079078,137325.00000000003
dry_high_load,77.0,False,1,0.255471375696373,0.003430183635496474,45.156201262205684,1176.1939044232422,0.001039885232522468,1.2561968817551332e-06,1.4350507375310761e-05,0.0,0.9852138100602793,0.0011901529874192886,137324.99999999997
dry_high_load,78.0,False,1,0.255471375696373,0.003430183635496474,45.156201262205684,1221.3501056854584,0.0010398589037855486,1.2825256186745825e-06,1.4350507375310761e-05,0.0,0.9851888655429389,0.0012150975047594988,137325.00000000003
dry_high_load,79.0,False,1,0.255471375696373,0.003430183635496474,45.156201262205684,1266.5063069476746,0.0010398325750486295,1.3088543555940318e-06,1.4350507375310761e-05,0.0,0.9851639210255988,0.0012400420220997088,137325.00000000003
dry_high_load,80.0,False,1,0.255471375696373,0.003430183635496474,45.156201262205684,1311.6625082098908,0.0010398062463117096,1.3351830925134811e-06,1.4350507375310761e-05,0.0,0.9851389765082585,0.0012649865394399197,137324.99999999997
dry_high_load,81.0,False,1,0.255471375696373,0.003430183635496474,45.156201262205684,1356.818709472107,0.0010397799175747902,1.3615118294329304e-06,1.4350507375310761e-05,0.0,0.9851140319909184,0.00128993105678013,137324.99999999997
dry_high_load,82.0,False,1,0.255471375696373,0.003430183635496474,45.156201262205684,1401.9749107343232,0.0010397535888378709,1.3878405663523797e-06,1.4350507375310761e-05,0.0,0.985089087473578,0.00131487557412034,137325.00000000003
dry_high_load,83.0,False,1,0.255471375696373,0.003430183635496474,45.156201262205684,1447.1311119965394,0.0010397272601009512,1.414169303271829e-06,1.4350507375310761e-05,0.0,0.9850641429562379,0.0013398200914605508,137324.99999999997
dry_high_load,84.0,False,1,0.255471375696373,0.003430183635496474,45.156201262205684,1492.2873132587556,0.0010397009313640319,1.4404980401912784e-06,1.4350507375310761e-05,0.0,0.9850391984388978,0.0013647646088007612,137324.99999999997
dry_high_load,85.0,False,1,0.255471375696373,0.003430183635496474,45.156201262205684,1537.4435145209718,0.0010396746026271127,1.4668267771107277e-06,1.4350507375310761e-05,0.0,0.9850142539215576,0.0013897091261409712,137325.00000000003
dry_high_load,86.0,False,1,0.255471375696373,0.003430183635496474,45.156201262205684,1582.599715783188,0.001039648273890193,1.493155514030177e-06,1.4350507375310761e-05,0.0,0.9849893094042173,0.0014146536434811816,137325.00000000003
dry_high_load,87.0,False,1,0.255471375696373,0.003430183635496474,45.156201262205684,1627.7559170454042,0.0010396219451532737,1.5194842509496263e-06,1.4350507375310761e-05,0.0,0.9849643648868771,0.001439598160821392,137325.00000000003
dry_high_load,88.0,False,1,0.255471375696373,0.003430183635496474,45.156201262205684,1672.9121183076204,0.0010395956164163543,1.5458129878690756e-06,1.4350507375310761e-05,0.0,0.984939420369537,0.0014645426781616023,137325.00000000003
dry_high_load,89.0,False,1,0.255471375696373,0.003430183635496474,45.156201262205684,1718.0683195698366,0.0010395692876794345,1.5721417247885249e-06,1.4350507375310761e-05,0.0,0.9849144758521966,0.001489487195501813,137324.99999999997
dry_high_load,90.0,False,1,0.255471375696373,0.003430183635496474,45.156201262205684,1763.2245208320528,0.001039542958942515,1.5984704617079742e-06,1.4350507375310761e-05,0.0,0.9848895313348565,0.0015144317128420234,137324.99999999997
dry_high_load,91.0,False,1,0.255471375696373,0.003430183635496474,45.156201262205684,1808.380722094269,0.0010395166302055957,1.6247991986274235e-06,1.4350507375310761e-05,0.0,0.9848645868175163,0.0015393762301822338,137324.99999999997
dry_high_load,92.0,False,1,0.255471375696373,0.003430183635496474,45.156201262205684,1853.5369233564852,0.0010394903014686763,1.6511279355468728e-06,1.4350507375310761e-05,0.0,0.9848396423001762,0.001564320747522444,137324.99999999997
dry_high_load,93.0,False,1,0.255471375696373,0.003430183635496474,45.156201262205684,1898.6931246187014,0.001039463972731757,1.6774566724663221e-06,1.4350507375310761e-05,0.0,0.9848146977828358,0.0015892652648626542,137325.00000000003
dry_high_load,94.0,False,1,0.255471375696373,0.003430183635496474,45.156201262205684,1943.8493258809176,0.0010394376439948375,1.7037854093857714e-06,1.4350507375310761e-05,0.0,0.9847897532654957,0.0016142097822028645,137325.00000000003
dry_high_load,95.0,False,1,0.255471375696373,0.003430183635496474,45.156201262205684,1989.0055271431338,0.0010394113152579181,1.7301141463052207e-06,1.4350507375310761e-05,0.0,0.9847648087481555,0.001639154299543075,137325.00000000003
dry_high_load,96.0,False,1,0.255471375696373,0.003430183635496474,45.156201262205684,2034.16172840535,0.0010393849865209985,1.75644288322467e-06,1.4350507375310761e-05,0.0,0.9847398642308152,0.0016640988168832853,137325.00000000003
dry_high_load,97.0,False,1,0.255471375696373,0.003430183635496474,45.156201262205684,2079.317929667566,0.001039358657784079,1.7827716201441193e-06,1.4350507375310761e-05,0.0,0.9847149197134749,0.001689043334223496,137324.99999999997
dry_high_load,98.0,False,1,0.255471375696373,0.003430183635496474,45.156201262205684,2124.4741309297824,0.0010393323290471595,1.8091003570635686e-06,1.4350507375310761e-05,0.0,0.9846899751961348,0.0017139878515637062,137324.99999999997
dry_high_load,99.0,False,1,0.255471375696373,0.003430183635496474,45.156201262205684,2169.6303321919986,0.0010393060003102402,1.835429093983018e-06,1.4350507375310761e-05,0.0,0.9846650306787946,0.0017389323689039166,137324.99999999997
dry_high_load,100.0,False,1,0.255471375696373,0.003430183635496474,45.156201262205684,2214.786533454215,0.0010392796715733208,1.8617578309024673e-06,1.4350507375310761e-05,0.0,0.9846400861614543,0.0017638768862441266,137325.00000000003
dry_high_load,101.0,False,1,0.255471375696373,0.003430183635496474,45.156201262205684,2259.942734716431,0.0010392533428364014,1.8880865678219166e-06,1.4350507375310761e-05,0.0,0.9846151416441141,0.001788821403584337,137325.00000000003
dry_high_load,102.0,True,1,0.22497909624874066,0.003397355181801798,44.72403540180584,5.073224974853376,0.0010412652482881582,1.5890136395150854e-06,1.263767485186067e-05,0.0,0.9865212722185416,0.0015054720781320292,137324.99999999997
dry_high_load,103.0,False,2,0.25511699558459316,0.0034298021044564656,45.151178647016195,49.91155562911571,0.0010403175514889366,8.437843897161586e-07,1.4330600900881296e-05,0.0,0.9856234000830961,0.0007994228665456914,137324.99999999997
dry_high_load,104.0,False,2,0.25547125486886413,0.0034301835054117327,45.15619954972222,95.06710256342186,0.0010402713230647906,8.701131266356185e-07,1.4350500588107878e-05,0.0,0.9855796020941818,0.0008243673838859116,137325.00000000003
dry_high_load,105.0,False,2,0.2554713756551765,0.0034301836354521213,45.15620126162181,140.22330360253144,0.0010402449875429821,8.964418635550784e-07,1.4350507372996644e-05,0.0,0.9855546511486648,0.0008493119012261321,137324.99999999997
dry_high_load,106.0,False,2,0.25547137569635914,0.003430183635496459,45.15620126220549,185.3795048646611,0.0010402186588037495,9.227706004745383e-07,1.435050737530998e-05,0.0,0.9855297066291331,0.0008742564185663525,137324.99999999997
dry_high_load,107.0,False,2,0.255471375696373,0.003430183635496474,45.156201262205684,230.53570612686593,0.0010401923300668292,9.490993373939982e-07,1.4350507375310761e-05,0.0,0.9855047621117918,0.0008992009359065727,137325.00000000003
dry_high_load,108.0,False,2,0.255471375696373,0.003430183635496474,45.156201262205684,275.69190738907076,0.0010401660013299098,9.754280743134494e-07,1.4350507375310761e-05,0.0,0.9854798175944517,0.0009241454532467849,137325.00000000003
dry_high_load,109.0,False,2,0.255471375696373,0.003430183635496474,45.156201262205684,320.8481086512756,0.0010401396725929905,1.0017568112328987e-06,1.4350507375310761e-05,0.0,0.9854548730771115,0.0009490899705869953,137325.00000000003
dry_high_load,110.0,False,2,0.255471375696373,0.003430183635496474,45.156201262205684,366.0043099134804,0.0010401133438560706,1.028085548152348e-06,1.4350507375310761e-05,0.0,0.9854299285597714,0.000974034487927206,137324.99999999994
dry_high_load,111.0,False,2,0.255471375696373,0.003430183635496474,45.156201262205684,411.16051117568526,0.0010400870151191512,1.0544142850717973e-06,1.4350507375310761e-05,0.0,0.985404984042431,0.0009989790052674162,137324.99999999997
dry_high_load,112.0,False,2,0.255471375696373,0.003430183635496474,45.156201262205684,456.3167124378901,0.001040060686382232,1.0807430219912466e-06,1.4350507375310761e-05,0.0,0.9853800395250909,0.0010239235226076264,137325.00000000003
dry_high_load,113.0,False,2,0.255471375696373,0.003430183635496474,45.156201262205684,501.4729137000949,0.0010400343576453127,1.107071758910696e-06,1.4350507375310761e-05,0.0,0.9853550950077508,0.0010488680399478366,137325.00000000003
dry_high_load,114.0,False,2,0.255471375696373,0.003430183635496474,45.156201262205684,546.6291149622998,0.001040008028908393,1.1334004958301452e-06,1.4350507375310761e-05,0.0,0.9853301504904104,0.001073812557288047,137325.00000000003
dry_high_load,115.0,False,2,0.255471375696373,0.003430183635496474,45.156201262205684,591.7853162245046,0.0010399817001714737,1.1597292327495946e-06,1.4350507375310761e-05,0.0,0.9853052059730703,0.0010987570746282575,137325.00000000003
dry_high_load,116.0,False,2,0.255471375696373,0.003430183635496474,45.156201262205684,636.9415174867095,0.0010399553714345543,1.1860579696690439e-06,1.4350507375310761e-05,0.0,0.9852802614557301,0.0011237015919684677,137325.00000000003
dry_high_load,117.0,False,2,0.255471375696373,0.003430183635496474,45.156201262205684,682.0977187489143,0.0010399290426976347,1.2123867065884932e-06,1.4350507375310761e-05,0.0,0.9852553169383899,0.0011486461093086783,137324.99999999997
dry_high_load,118.0,False,2,0.255471375696373,0.003430183635496474,45.156201262205684,727.2539200111191,0.0010399027139607153,1.2387154435079425e-06,1.4350507375310761e-05,0.0,0.9852303724210496,0.0011735906266488886,137325.00000000003
dry_high_load,119.0,False,2,0.255471375696373,0.003430183635496474,45.156201262205684,772.410121273324,0.001039876385223796,1.2650441804273918e-06,1.4350507375310761e-05,0.0,0.9852054279037094,0.0011985351439890988,137325.00000000003
dry_high_load,120.0,False,2,0.255471375696373,0.003430183635496474,45.156201262205684,817.5663225355288,0.0010398500564868763,1.291372917346841e-06,1.4350507375310761e-05,0.0,0.9851804833863692,0.0012234796613293094,137324.99999999997
dry_high_load,121.0,False,2,0.255471375696373,0.003430183635496474,45.156201262205684,862.7225237977336,0.001039823727749957,1.3177016542662904e-06,1.4350507375310761e-05,0.0,0.9851555388690291,0.0012484241786695199,137324.99999999997
dry_high_load,122.0,False,2,0.255471375696373,0.003430183635496474,45.156201262205684,907.8787250599385,0.0010397973990130375,1.3440303911857397e-06,1.4350507375310761e-05,0.0,0.9851305943516887,0.0012733686960097299,137325.00000000003
dry_high_load,123.0,False,2,0.255471375696373,0.003430183635496474,45.156201262205684,953.0349263221433,0.001039771070276118,1.370359128105189e-06,1.4350507375310761e-05,0.0,0.9851056498343486,0.0012983132133499405,137324.99999999997
dry_high_load,124.0,False,2,0.255471375696373,0.003430183635496474,45.156201262205684,998.1911275843481,0.0010397447415391985,1.3966878650246383e-06,1.4350507375310761e-05,0.0,0.9850807053170084,0.001323257730690151,137324.99999999997
dry_high_load,125.0,False,2,0.255471375696373,0.003430183635496474,45.156201262205684,1043.3473288465577,0.0010397184128022791,1.4230166019440876e-06,1.4350507375310761e-05,0.0,0.9850557607996681,0.001348202248030361,137325.00000000003
dry_high_load,126.0,False,2,0.255471375696373,0.003430183635496474,45.156201262205684,1088.503530108774,0.0010396920840653598,1.449345338863537e-06,1.4350507375310761e-05,0.0,0.9850308162823279,0.0013731467653705714,137325.00000000003
dry_high_load,127.0,False,2,0.255471375696373,0.003430183635496474,45.156201262205684,1133.6597313709901,0.0010396657553284404,1.4756740757829862e-06,1.4350507375310761e-05,0.0,0.9850058717649878,0.0013980912827107818,137325.00000000003
dry_high_load,128.0,False,2,0.255471375696373,0.003430183635496474,45.156201262205684,1178.8159326332063,0.0010396394265915208,1.5020028127024355e-06,1.4350507375310761e-05,0.0,0.9849809272476476,0.0014230358000509925,137324.99999999997
dry_high_load,129.0,False,2,0.255471375696373,0.003430183635496474,45.156201262205684,1223.9721338954225,0.0010396130978546012,1.5283315496218848e-06,1.4350507375310761e-05,0.0,0.9849559827303073,0.0014479803173912027,137324.99999999997
dry_high_load,130.0,False,2,0.255471375696373,0.003430183635496474,45.156201262205684,1269.1283351576387,0.0010395867691176818,1.5546602865413342e-06,1.4350507375310761e-05,0.0,0.9849310382129671,0.0014729248347314131,137324.99999999997
dry_high_load,131.0,False,2,0.255471375696373,0.003430183635496474,45.156201262205684,1314.284536419855,0.0010395604403807624,1.5809890234607835e-06,1.4350507375310761e-05,0.0,0.984906093695627,0.0014978693520716236,137324.99999999997
dry_high_load,132.0,False,2,0.255471375696373,0.003430183635496474,45.156201262205684,1359.4407376820711,0.001039534111643843,1.6073177603802328e-06,1.4350507375310761e-05,0.0,0.9848811491782866,0.0015228138694118336,137325.00000000003
dry_high_load,133.0,False,2,0.255471375696373,0.003430183635496474,45.156201262205684,1404.5969389442873,0.0010395077829069236,1.633646497299682e-06,1.4350507375310761e-05,0.0,0.9848562046609465,0.001547758386752044,137325.00000000003
dry_high_load,134.0,False,2,0.255471375696373,0.003430183635496474,45.156201262205684,1449.7531402065035,0.0010394814541700042,1.6599752342191314e-06,1.4350507375310761e-05,0.0,0.9848312601436062,0.0015727029040922542,137325.00000000003
dry_high_load,135.0,False,2,0.255471375696373,0.003430183635496474,45.156201262205684,1494.9093414687197,0.0010394551254330848,1.6863039711385807e-06,1.4350507375310761e-05,0.0,0.9848063156262661,0.0015976474214324647,137325.00000000003
dry_high_load,136.0,False,2,0.255471375696373,0.003430183635496474,45.156201262205684,1540.065542730936,0.001039428796696165,1.71263270805803e-06,1.4350507375310761e-05,0.0,0.9847813711089257,0.0016225919387726753,137324.99999999997
dry_high_load,137.0,False,2,0.255471375696373,0.003430183635496474,45.156201262205684,1585.2217439931521,0.0010394024679592456,1.7389614449774793e-06,1.4350507375310761e-05,0.0,0.9847564265915856,0.0016475364561128858,137324.99999999997
dry_high_load,138.0,False,2,0.255471375696373,0.003430183635496474,45.156201262205684,1630.3779452553683,0.0010393761392223262,1.7652901818969286e-06,1.4350507375310761e-05,0.0,0.9847314820742454,0.001672480973453096,137324.99999999997
dry_high_load,139.0,False,2,0.255471375696373,0.003430183635496474,45.156201262205684,1675.5341465175845,0.0010393498104854068,1.791618918816378e-06,1.4350507375310761e-05,0.0,0.9847065375569053,0.0016974254907933064,137324.99999999997
dry_high_load,140.0,False,2,0.255471375696373,0.003430183635496474,45.156201262205684,1720.6903477798007,0.0010393234817484874,1.8179476557358272e-06,1.4350507375310761e-05,0.0,0.9846815930395649,0.0017223700081335164,137325.00000000003
dry_high_load,141.0,False,2,0.255471375696373,0.003430183635496474,45.156201262205684,1765.846549042017,0.001039297153011568,1.8442763926552765e-06,1.4350507375310761e-05,0.0,0.9846566485222248,0.0017473145254737268,137325.00000000003
dry_high_load,142.0,False,2,0.255471375696373,0.003430183635496474,45.156201262205684,1811.0027503042331,0.0010392708242746484,1.8706051295747258e-06,1.4350507375310761e-05,0.0,0.9846317040048846,0.0017722590428139375,137324.99999999997
dry_high_load,143.0,False,2,0.255471375696373,0.003430183635496474,45.156201262205684,1856.1589515664493,0.001039244495537729,1.8969338664941751e-06,1.4350507375310761e-05,0.0,0.9846067594875443,0.0017972035601541475,137325.00000000003
dry_high_load,144.0,False,2,0.255471375696373,0.003430183635496474,45.156201262205684,1901.3151528286655,0.0010392181668008097,1.9232626034136374e-06,1.4350507375310761e-05,0.0,0.9845818149702041,0.00182214807749437,137325.00000000003
dry_high_load,145.0,False,2,0.255471375696373,0.003430183635496474,45.156201262205684,1946.4713540908817,0.00103919183806389,1.949591340333108e-06,1.4350507375310761e-05,0.0,0.984556870452864,0.001847092594834601,137324.99999999997
dry_high_load,146.0,False,2,0.255471375696373,0.003430183635496474,45.156201262205684,1991.627555353098,0.0010391655093269707,1.9759200772525783e-06,1.4350507375310761e-05,0.0,0.9845319259355236,0.001872037112174831,137325.00000000003
dry_high_load,147.0,False,2,0.255471375696373,0.003430183635496474,45.156201262205684,2036.7837566153141,0.0010391391805900513,2.002248814172049e-06,1.4350507375310761e-05,0.0,0.9845069814181835,0.0018969816295150614,137325.00000000003
dry_high_load,148.0,False,2,0.255471375696373,0.003430183635496474,45.156201262205684,2081.93995787753,0.0010391128518531317,2.0285775510915193e-06,1.4350507375310761e-05,0.0,0.9844820369008433,0.0019219261468552923,137324.99999999997
dry_high_load,149.0,False,2,0.255471375696373,0.003430183635496474,45.156201262205684,2127.0961591397463,0.001039086523116212,2.0549062880109898e-06,1.4350507375310761e-05,0.0,0.984457092383503,0.0019468706641955227,137324.99999999997
dry_high_load,150.0,False,2,0.255471375696373,0.003430183635496474,45.156201262205684,2172.2523604019625,0.0010390601943792927,2.0812350249304603e-06,1.4350507375310761e-05,0.0,0.9844321478661628,0.001971815181535753,137324.99999999997
dry_high_load,151.0,False,2,0.255471375696373,0.003430183635496474,45.156201262205684,2217.4085616641787,0.0010390338656423733,2.1075637618499307e-06,1.4350507375310761e-05,0.0,0.9844072033488225,0.001996759698875983,137325.00000000003
dry_high_load,152.0,False,2,0.255471375696373,0.003430183635496474,45.156201262205684,2262.564762926395,0.001039007536905454,2.1338924987694012e-06,1.4350507375310761e-05,0.0,0.9843822588314822,0.0020217042162162134,137325.00000000003
dry_high_load,153.0,True,2,0.21790529767337136,0.003389739422233026,44.623778736741826,7.666535571422839,0.0010416317088069213,1.619907220993576e-06,1.2240320751619133e-05,0.0,0.9868684662671109,0.001534741445715027,137325.00000000003
dry_high_load,154.0,False,3,0.2552518774122043,0.0034299473202918243,45.15309032177904,52.53333470815465,0.0010402037650649146,9.49994142353093e-07,1.433817757226631e-05,0.0,0.9855155959208309,0.0009000486969627349,137325.00000000003
dry_high_load,155.0,False,3,0.25547130085743597,0.0034301835549237314,45.15620020151641,97.6891306884428,0.0010401651107288532,9.763228792725438e-07,1.4350503171408407e-05,0.0,0.98547897381628,0.0009249932143029466,137325.00000000003
dry_high_load,156.0,False,3,0.2554713756708565,0.0034301836354690023,45.15620126184404,142.84533181246576,0.0010401387777894645,1.0026516161919931e-06,1.4350507373877431e-05,0.0,0.9854540253174133,0.0009499377316431572,137324.99999999997
dry_high_load,157.0,False,3,0.25547137569636447,0.0034301836354964648,45.15620126220556,188.00153307462432,0.0010401124490511124,1.0289803531114424e-06,1.4350507375310282e-05,0.0,0.9854290807987155,0.0009748822489833672,137325.00000000003
dry_high_load,158.0,False,3,0.255471375696373,0.003430183635496474,45.156201262205684,233.15773433682915,0.0010400861203141924,1.0553090900308917e-06,1.4350507375310761e-05,0.0,0.9854041362813749,0.0009998267663235776,137325.00000000003
dry_high_load,159.0,False,3,0.255471375696373,0.003430183635496474,45.156201262205684,278.313935599034,0.0010400597915772728,1.081637826950341e-06,1.4350507375310761e-05,0.0,0.9853791917640348,0.0010247712836637883,137324.99999999997
dry_high_load,160.0,False,3,0.255471375696373,0.003430183635496474,45.156201262205684,323.4701368612388,0.0010400334628403534,1.1079665638697904e-06,1.4350507375310761e-05,0.0,0.9853542472466946,0.0010497158010039987,137324.99999999997
dry_high_load,161.0,False,3,0.255471375696373,0.003430183635496474,45.156201262205684,368.62633812344365,0.001040007134103434,1.1342953007892397e-06,1.4350507375310761e-05,0.0,0.9853293027293543,0.0010746603183442087,137325.00000000003
dry_high_load,162.0,False,3,0.255471375696373,0.003430183635496474,45.156201262205684,413.7825393856485,0.0010399808053665144,1.160624037708689e-06,1.4350507375310761e-05,0.0,0.9853043582120141,0.0010996048356844194,137324.99999999997
dry_high_load,163.0,False,3,0.255471375696373,0.003430183635496474,45.156201262205684,458.9387406478533,0.001039954476629595,1.1869527746281383e-06,1.4350507375310761e-05,0.0,0.9852794136946739,0.0011245493530246298,137324.99999999997
dry_high_load,164.0,False,3,0.255471375696373,0.003430183635496474,45.156201262205684,504.09494191005814,0.0010399281478926756,1.2132815115475876e-06,1.4350507375310761e-05,0.0,0.9852544691773337,0.0011494938703648402,137324.99999999997
dry_high_load,165.0,False,3,0.255471375696373,0.003430183635496474,45.156201262205684,549.251143172263,0.0010399018191557562,1.2396102484670369e-06,1.4350507375310761e-05,0.0,0.9852295246599934,0.0011744383877050502,137325.00000000003
dry_high_load,166.0,False,3,0.255471375696373,0.003430183635496474,45.156201262205684,594.4073444344679,0.0010398754904188368,1.2659389853864862e-06,1.4350507375310761e-05,0.0,0.9852045801426532,0.0011993829050452607,137325.00000000003
dry_high_load,167.0,False,3,0.255471375696373,0.003430183635496474,45.156201262205684,639.5635456966727,0.0010398491616819174,1.2922677223059355e-06,1.4350507375310761e-05,0.0,0.9851796356253131,0.0012243274223854709,137325.00000000003
dry_high_load,168.0,False,3,0.255471375696373,0.003430183635496474,45.156201262205684,684.7197469588775,0.0010398228329449976,1.3185964592253848e-06,1.4350507375310761e-05,0.0,0.9851546911079727,0.0012492719397256815,137324.99999999997
dry_high_load,169.0,False,3,0.255471375696373,0.003430183635496474,45.156201262205684,729.8759482210824,0.0010397965042080782,1.3449251961448341e-06,1.4350507375310761e-05,0.0,0.9851297465906326,0.001274216457065892,137324.99999999997
dry_high_load,170.0,False,3,0.255471375696373,0.003430183635496474,45.156201262205684,775.0321494832872,0.0010397701754711588,1.3712539330642834e-06,1.4350507375310761e-05,0.0,0.9851048020732924,0.0012991609744061024,137324.99999999997
dry_high_load,171.0,False,3,0.255471375696373,0.003430183635496474,45.156201262205684,820.188350745492,0.0010397438467342395,1.3975826699837327e-06,1.4350507375310761e-05,0.0,0.9850798575559523,0.0013241054917463126,137324.99999999997
dry_high_load,172.0,False,3,0.255471375696373,0.003430183635496474,45.156201262205684,865.3445520076968,0.00103971751799732,1.423911406903182e-06,1.4350507375310761e-05,0.0,0.9850549130386119,0.0013490500090865228,137325.00000000003
dry_high_load,173.0,False,3,0.255471375696373,0.003430183635496474,45.156201262205684,910.5007532699017,0.0010396911892604007,1.4502401438226313e-06,1.4350507375310761e-05,0.0,0.9850299685212718,0.001373994526426733,137325.00000000003
dry_high_load,174.0,False,3,0.255471375696373,0.003430183635496474,45.156201262205684,955.6569545321065,0.0010396648605234813,1.4765688807420806e-06,1.4350507375310761e-05,0.0,0.9850050240039316,0.0013989390437669435,137325.00000000003
dry_high_load,175.0,False,3,0.255471375696373,0.003430183635496474,45.156201262205684,1000.8131557943113,0.0010396385317865617,1.50289761766153e-06,1.4350507375310761e-05,0.0,0.9849800794865913,0.001423883561107154,137325.00000000003
dry_high_load,176.0,False,3,0.255471375696373,0.003430183635496474,45.156201262205684,1045.9693570565216,0.0010396122030496423,1.5292263545809793e-06,1.4350507375310761e-05,0.0,0.9849551349692511,0.0014488280784473642,137325.00000000003
dry_high_load,177.0,False,3,0.255471375696373,0.003430183635496474,45.156201262205684,1091.1255583187378,0.0010395858743127227,1.5555550915004286e-06,1.4350507375310761e-05,0.0,0.984930190451911,0.0014737725957875748,137324.99999999997
dry_high_load,178.0,False,3,0.255471375696373,0.003430183635496474,45.156201262205684,1136.281759580954,0.0010395595455758033,1.5818838284198779e-06,1.4350507375310761e-05,0.0,0.9849052459345707,0.0014987171131277852,137324.99999999997
dry_high_load,179.0,False,3,0.255471375696373,0.003430183635496474,45.156201262205684,1181.4379608431702,0.001039533216838884,1.6082125653393272e-06,1.4350507375310761e-05,0.0,0.9848803014172305,0.0015236616304679952,137325.00000000003
dry_high_load,180.0,False,3,0.255471375696373,0.003430183635496474,45.156201262205684,1226.5941621053864,0.0010395068881019645,1.6345413022587765e-06,1.4350507375310761e-05,0.0,0.9848553568998902,0.0015486061478082057,137325.00000000003
dry_high_load,181.0,False,3,0.255471375696373,0.003430183635496474,45.156201262205684,1271.7503633676026,0.001039480559365045,1.6608700391782258e-06,1.4350507375310761e-05,0.0,0.9848304123825501,0.0015735506651484163,137324.99999999997
dry_high_load,182.0,False,3,0.255471375696373,0.003430183635496474,45.156201262205684,1316.9065646298188,0.0010394542306281255,1.687198776097675e-06,1.4350507375310761e-05,0.0,0.98480546786521,0.0015984951824886268,137324.99999999997
dry_high_load,183.0,False,3,0.255471375696373,0.003430183635496474,45.156201262205684,1362.062765892035,0.0010394279018912061,1.7135275130171244e-06,1.4350507375310761e-05,0.0,0.9847805233478696,0.0016234396998288368,137325.00000000003
dry_high_load,184.0,False,3,0.255471375696373,0.003430183635496474,45.156201262205684,1407.2189671542512,0.0010394015731542867,1.7398562499365737e-06,1.4350507375310761e-05,0.0,0.9847555788305294,0.001648384217169047,137325.00000000003
dry_high_load,185.0,False,3,0.255471375696373,0.003430183635496474,45.156201262205684,1452.3751684164674,0.0010393752444173674,1.766184986856023e-06,1.4350507375310761e-05,0.0,0.9847306343131893,0.0016733287345092574,137325.00000000003
dry_high_load,186.0,False,3,0.255471375696373,0.003430183635496474,45.156201262205684,1497.5313696786836,0.0010393489156804478,1.7925137237754723e-06,1.4350507375310761e-05,0.0,0.9847056897958489,0.0016982732518494679,137325.00000000003
dry_high_load,187.0,False,3,0.255471375696373,0.003430183635496474,45.156201262205684,1542.6875709408998,0.0010393225869435281,1.8188424606949216e-06,1.4350507375310761e-05,0.0,0.9846807452785088,0.0017232177691896785,137324.99999999997
dry_high_load,188.0,False,3,0.255471375696373,0.003430183635496474,45.156201262205684,1587.843772203116,0.0010392962582066088,1.845171197614371e-06,1.4350507375310761e-05,0.0,0.9846558007611687,0.001748162286529889,137324.99999999997
dry_high_load,189.0,False,3,0.255471375696373,0.003430183635496474,45.156201262205684,1632.9999734653322,0.0010392699294696894,1.8714999345338202e-06,1.4350507375310761e-05,0.0,0.9846308562438285,0.0017731068038700992,137324.99999999997
dry_high_load,190.0,False,3,0.255471375696373,0.003430183635496474,45.156201262205684,1678.1561747275484,0.00103924360073277,1.8978286714532696e-06,1.4350507375310761e-05,0.0,0.9846059117264881,0.0017980513212103092,137325.00000000003
dry_high_load,191.0,False,3,0.255471375696373,0.003430183635496474,45.156201262205684,1723.3123759897646,0.0010392172719958504,1.9241574083727324e-06,1.4350507375310761e-05,0.0,0.984580967209148,0.0018229958385505328,137324.99999999997
dry_high_load,192.0,False,3,0.255471375696373,0.003430183635496474,45.156201262205684,1768.4685772519808,0.0010391909432589312,1.950486145292203e-06,1.4350507375310761e-05,0.0,0.9845560226918079,0.0018479403558907628,137325.00000000003
dry_high_load,193.0,False,3,0.255471375696373,0.003430183635496474,45.156201262205684,1813.624778514197,0.0010391646145220114,1.9768148822116734e-06,1.4350507375310761e-05,0.0,0.9845310781744675,0.0018728848732309936,137324.99999999997
dry_high_load,194.0,False,3,0.255471375696373,0.003430183635496474,45.156201262205684,1858.7809797764132,0.001039138285785092,2.003143619131144e-06,1.4350507375310761e-05,0.0,0.9845061336571274,0.0018978293905712242,137324.99999999997
dry_high_load,195.0,False,3,0.255471375696373,0.003430183635496474,45.156201262205684,1903.9371810386294,0.0010391119570481726,2.0294723560506143e-06,1.4350507375310761e-05,0.0,0.984481189139787,0.0019227739079114542,137325.00000000003
dry_high_load,196.0,False,3,0.255471375696373,0.003430183635496474,45.156201262205684,1949.0933823008456,0.0010390856283112532,2.055801092970085e-06,1.4350507375310761e-05,0.0,0.9844562446224469,0.0019477184252516845,137325.00000000003
dry_high_load,197.0,False,3,0.255471375696373,0.003430183635496474,45.156201262205684,1994.2495835630618,0.0010390592995743336,2.0821298298895553e-06,1.4350507375310761e-05,0.0,0.9844313001051066,0.0019726629425919156,137324.99999999997
dry_high_load,198.0,False,3,0.255471375696373,0.003430183635496474,45.156201262205684,2039.405784825278,0.0010390329708374142,2.108458566809026e-06,1.4350507375310761e-05,0.0,0.9844063555877662,0.0019976074599321455,137325.00000000003
dry_high_load,199.0,False,3,0.255471375696373,0.003430183635496474,45.156201262205684,2084.561986087494,0.0010390066421004946,2.1347873037284963e-06,1.4350507375310761e-05,0.0,0.9843814110704261,0.0020225519772723763,137324.99999999997
dry_high_load,200.0,False,3,0.255471375696373,0.003430183635496474,45.156201262205684,2129.71818734971,0.0010389803133635752,2.1611160406479668e-06,1.4350507375310761e-05,0.0,0.984356466553086,0.0020474964946126067,137324.99999999997
dry_high_load,201.0,False,3,0.255471375696373,0.003430183635496474,45.156201262205684,2174.8743886119264,0.0010389539846266558,2.1874447775674372e-06,1.4350507375310761e-05,0.0,0.9843315220357456,0.0020724410119528367,137325.00000000003
dry_high_load,202.0,False,3,0.255471375696373,0.003430183635496474,45.156201262205684,2220.0305898741426,0.0010389276558897364,2.2137735144869077e-06,1.4350507375310761e-05,0.0,0.9843065775184054,0.002097385529293067,137325.00000000003
dry_high_load,203.0,False,3,0.255471375696373,0.003430183635496474,45.156201262205684,2265.186791136359,0.0010389013271528168,2.240102251406378e-06,1.4350507375310761e-05,0.0,0.9842816330010651,0.0021223300466332974,137325.00000000003
dry_high_load,204.0,True,3,0.2144573997112186,0.0033860273626348286,44.574911816446686,10.260871153880775,0.0010418835521111838,1.5617415254271384e-06,1.2046643142922973e-05,0.0,0.9871070690413123,0.0014796337811847705,137324.99999999997
dry_high_load,205.0,False,4,0.255324122085283,0.0034300251000100946,45.154114242649044,55.15522947996331,0.0010401534526435032,9.962483881234481e-07,1.4342235747907386e-05,0.0,0.9854679286486726,0.0009438711499427963,137325.00000000003
dry_high_load,206.0,False,4,0.25547132548958545,0.0034301835814430797,45.156200550626885,100.31115885290983,0.0010401188550994294,1.0225771250428974e-06,1.4350504555061827e-05,0.0,0.9854351500523915,0.0009688156672830067,137325.00000000003
dry_high_load,207.0,False,4,0.25547137567925493,0.003430183635478044,45.15620126196307,145.46736002241363,0.0010400925235432225,1.0489058619623467e-06,1.4350507374349194e-05,0.0,0.9854102028639865,0.0009937601846232173,137324.99999999997
dry_high_load,208.0,False,4,0.2554713756963673,0.003430183635496468,45.156201262205606,190.62356128458765,0.0010400661948053419,1.075234598881796e-06,1.4350507375310441e-05,0.0,0.9853852583457354,0.0010187047019634273,137325.00000000003
dry_high_load,209.0,False,4,0.255471375696373,0.003430183635496474,45.156201262205684,235.77976254679248,0.001040039866068422,1.1015633358012454e-06,1.4350507375310761e-05,0.0,0.9853603138283948,0.0010436492193036378,137325.00000000003
dry_high_load,210.0,False,4,0.255471375696373,0.003430183635496474,45.156201262205684,280.9359638089973,0.0010400135373315026,1.1278920727206947e-06,1.4350507375310761e-05,0.0,0.9853353693110547,0.0010685937366438482,137325.00000000003
dry_high_load,211.0,False,4,0.255471375696373,0.003430183635496474,45.156201262205684,326.09216507120215,0.001039987208594583,1.154220809640144e-06,1.4350507375310761e-05,0.0,0.9853104247937146,0.0010935382539840586,137324.99999999997
dry_high_load,212.0,False,4,0.255471375696373,0.003430183635496474,45.156201262205684,371.248366333407,0.0010399608798576637,1.1805495465595933e-06,1.4350507375310761e-05,0.0,0.9852854802763742,0.0011184827713242688,137325.00000000003
dry_high_load,213.0,False,4,0.255471375696373,0.003430183635496474,45.156201262205684,416.4045675956118,0.0010399345511207443,1.2068782834790426e-06,1.4350507375310761e-05,0.0,0.985260535759034,0.0011434272886644793,137325.00000000003
dry_high_load,214.0,False,4,0.255471375696373,0.003430183635496474,45.156201262205684,461.56076885781664,0.0010399082223838249,1.233207020398492e-06,1.4350507375310761e-05,0.0,0.9852355912416939,0.0011683718060046895,137325.00000000003
dry_high_load,215.0,False,4,0.255471375696373,0.003430183635496474,45.156201262205684,506.7169701200215,0.0010398818936469053,1.2595357573179412e-06,1.4350507375310761e-05,0.0,0.9852106467243535,0.0011933163233449,137325.00000000003
dry_high_load,216.0,False,4,0.255471375696373,0.003430183635496474,45.156201262205684,551.8731713822264,0.0010398555649099859,1.2858644942373905e-06,1.4350507375310761e-05,0.0,0.9851857022070134,0.0012182608406851104,137325.00000000003
dry_high_load,217.0,False,4,0.255471375696373,0.003430183635496474,45.156201262205684,597.0293726444312,0.0010398292361730663,1.3121932311568398e-06,1.4350507375310761e-05,0.0,0.9851607576896731,0.0012432053580253208,137324.99999999997
dry_high_load,218.0,False,4,0.255471375696373,0.003430183635496474,45.156201262205684,642.185573906636,0.0010398029074361469,1.3385219680762891e-06,1.4350507375310761e-05,0.0,0.985135813172333,0.0012681498753655312,137324.99999999997
dry_high_load,219.0,False,4,0.255471375696373,0.003430183635496474,45.156201262205684,687.3417751688409,0.0010397765786992275,1.3648507049957384e-06,1.4350507375310761e-05,0.0,0.9851108686549926,0.0012930943927057412,137325.00000000003
dry_high_load,220.0,False,4,0.255471375696373,0.003430183635496474,45.156201262205684,732.4979764310457,0.001039750249962308,1.3911794419151877e-06,1.4350507375310761e-05,0.0,0.9850859241376525,0.0013180389100459517,137325.00000000003
dry_high_load,221.0,False,4,0.255471375696373,0.003430183635496474,45.156201262205684,777.6541776932505,0.0010397239212253885,1.417508178834637e-06,1.4350507375310761e-05,0.0,0.9850609796203124,0.0013429834273861623,137324.99999999997
dry_high_load,222.0,False,4,0.255471375696373,0.003430183635496474,45.156201262205684,822.8103789554553,0.0010396975924884691,1.4438369157540864e-06,1.4350507375310761e-05,0.0,0.9850360351029722,0.0013679279447263728,137324.99999999997
dry_high_load,223.0,False,4,0.255471375696373,0.003430183635496474,45.156201262205684,867.9665802176602,0.0010396712637515495,1.4701656526735357e-06,1.4350507375310761e-05,0.0,0.9850110905856319,0.001392872462066583,137324.99999999997
dry_high_load,224.0,False,4,0.255471375696373,0.003430183635496474,45.156201262205684,913.122781479865,0.0010396449350146301,1.496494389592985e-06,1.4350507375310761e-05,0.0,0.9849861460682917,0.0014178169794067934,137324.99999999997
dry_high_load,225.0,False,4,0.255471375696373,0.003430183635496474,45.156201262205684,958.2789827420698,0.0010396186062777107,1.5228231265124343e-06,1.4350507375310761e-05,0.0,0.9849612015509516,0.0014427614967470039,137324.99999999997
dry_high_load,226.0,False,4,0.255471375696373,0.003430183635496474,45.156201262205684,1003.4351840042747,0.0010395922775407913,1.5491518634318836e-06,1.4350507375310761e-05,0.0,0.9849362570336112,0.0014677060140872139,137325.00000000003
dry_high_load,227.0,False,4,0.255471375696373,0.003430183635496474,45.156201262205684,1048.5913852664858,0.0010395659488038717,1.5754806003513329e-06,1.4350507375310761e-05,0.0,0.9849113125162711,0.0014926505314274245,137324.99999999997
dry_high_load,228.0,False,4,0.255471375696373,0.003430183635496474,45.156201262205684,1093.747586528702,0.0010395396200669523,1.6018093372707822e-06,1.4350507375310761e-05,0.0,0.9848863679989309,0.001517595048767635,137324.99999999997
dry_high_load,229.0,False,4,0.255471375696373,0.003430183635496474,45.156201262205684,1138.9037877909182,0.0010395132913300332,1.6281380741902315e-06,1.4350507375310761e-05,0.0,0.9848614234815908,0.001542539566107845,137325.00000000003
dry_high_load,230.0,False,4,0.255471375696373,0.003430183635496474,45.156201262205684,1184.0599890531344,0.0010394869625931138,1.6544668111096808e-06,1.4350507375310761e-05,0.0,0.9848364789642504,0.001567484083448055,137325.00000000003
dry_high_load,231.0,False,4,0.255471375696373,0.003430183635496474,45.156201262205684,1229.2161903153506,0.0010394606338561942,1.6807955480291301e-06,1.4350507375310761e-05,0.0,0.9848115344469103,0.0015924286007882656,137325.00000000003
dry_high_load,232.0,False,4,0.255471375696373,0.003430183635496474,45.156201262205684,1274.3723915775668,0.0010394343051192746,1.7071242849485794e-06,1.4350507375310761e-05,0.0,0.98478658992957,0.0016173731181284763,137324.99999999997
dry_high_load,233.0,False,4,0.255471375696373,0.003430183635496474,45.156201262205684,1319.528592839783,0.001039407976382355,1.7334530218680287e-06,1.4350507375310761e-05,0.0,0.9847616454122299,0.0016423176354686871,137324.99999999994
dry_high_load,234.0,False,4,0.255471375696373,0.003430183635496474,45.156201262205684,1364.6847941019992,0.0010393816476454356,1.759781758787478e-06,1.4350507375310761e-05,0.0,0.9847367008948895,0.0016672621528088971,137324.99999999997
dry_high_load,235.0,False,4,0.255471375696373,0.003430183635496474,45.156201262205684,1409.8409953642154,0.0010393553189085164,1.7861104957069273e-06,1.4350507375310761e-05,0.0,0.9847117563775494,0.0016922066701491071,137325.00000000003
dry_high_load,236.0,False,4,0.255471375696373,0.003430183635496474,45.156201262205684,1454.9971966264316,0.001039328990171597,1.8124392326263766e-06,1.4350507375310761e-05,0.0,0.9846868118602092,0.0017171511874893176,137325.00000000003
dry_high_load,237.0,False,4,0.255471375696373,0.003430183635496474,45.156201262205684,1500.1533978886478,0.0010393026614346774,1.838767969545826e-06,1.4350507375310761e-05,0.0,0.9846618673428689,0.0017420957048295278,137325.00000000003
dry_high_load,238.0,False,4,0.255471375696373,0.003430183635496474,45.156201262205684,1545.309599150864,0.001039276332697758,1.8650967064652753e-06,1.4350507375310761e-05,0.0,0.9846369228255287,0.0017670402221697382,137325.00000000003
dry_high_load,239.0,False,4,0.255471375696373,0.003430183635496474,45.156201262205684,1590.4658004130802,0.0010392500039608386,1.8914254433847246e-06,1.4350507375310761e-05,0.0,0.9846119783081886,0.0017919847395099487,137325.00000000003
dry_high_load,240.0,False,4,0.255471375696373,0.003430183635496474,45.156201262205684,1635.6220016752964,0.001039223675223919,1.917754180304182e-06,1.4350507375310761e-05,0.0,0.9845870337908484,0.0018169292568501671,137324.99999999997
dry_high_load,241.0,False,4,0.255471375696373,0.003430183635496474,45.156201262205684,1680.7782029375126,0.0010391973464869996,1.9440829172236526e-06,1.4350507375310761e-05,0.0,0.9845620892735081,0.001841873774190397,137325.00000000003
dry_high_load,242.0,False,4,0.255471375696373,0.003430183635496474,45.156201262205684,1725.9344041997288,0.0010391710177500802,1.970411654143123e-06,1.4350507375310761e-05,0.0,0.9845371447561679,0.0018668182915306277,137325.00000000003
dry_high_load,243.0,False,4,0.255471375696373,0.003430183635496474,45.156201262205684,1771.090605461945,0.0010391446890131606,1.9967403910625936e-06,1.4350507375310761e-05,0.0,0.9845122002388276,0.001891762808870858,137325.00000000003
dry_high_load,244.0,False,4,0.255471375696373,0.003430183635496474,45.156201262205684,1816.2468067241612,0.0010391183602762412,2.023069127982064e-06,1.4350507375310761e-05,0.0,0.9844872557214874,0.0019167073262110884,137325.00000000003
dry_high_load,245.0,False,4,0.255471375696373,0.003430183635496474,45.156201262205684,1861.4030079863774,0.0010390920315393219,2.0493978649015345e-06,1.4350507375310761e-05,0.0,0.9844623112041473,0.0019416518435513188,137325.00000000003
dry_high_load,246.0,False,4,0.255471375696373,0.003430183635496474,45.156201262205684,1906.5592092485936,0.001039065702802402,2.075726601821005e-06,1.4350507375310761e-05,0.0,0.9844373666868069,0.00196659636089155,137324.99999999997
dry_high_load,247.0,False,4,0.255471375696373,0.003430183635496474,45.156201262205684,1951.7154105108098,0.0010390393740654829,2.1020553387404755e-06,1.4350507375310761e-05,0.0,0.9844124221694668,0.00199154087823178,137325.00000000003
dry_high_load,248.0,False,4,0.255471375696373,0.003430183635496474,45.156201262205684,1996.871611773026,0.0010390130453285635,2.128384075659946e-06,1.4350507375310761e-05,0.0,0.9843874776521266,0.00201648539557201,137325.00000000003
dry_high_load,249.0,False,4,0.255471375696373,0.003430183635496474,45.156201262205684,2042.0278130352422,0.0010389867165916439,2.1547128125794165e-06,1.4350507375310761e-05,0.0,0.9843625331347863,0.0020414299129122406,137325.00000000003
dry_high_load,250.0,False,4,0.255471375696373,0.003430183635496474,45.156201262205684,2087.1840142974584,0.0010389603878547243,2.181041549498887e-06,1.4350507375310761e-05,0.0,0.9843375886174461,0.0020663744302524714,137324.99999999997
dry_high_load,251.0,False,4,0.255471375696373,0.003430183635496474,45.156201262205684,2132.3402155596746,0.0010389340591178047,2.2073702864183574e-06,1.4350507375310761e-05,0.0,0.9843126441001058,0.002091318947592702,137324.99999999997
dry_high_load,252.0,False,4,0.255471375696373,0.003430183635496474,45.156201262205684,2177.4964168218908,0.0010389077303808853,2.233699023337828e-06,1.4350507375310761e-05,0.0,0.9842876995827655,0.002116263464932932,137324.99999999997
dry_high_load,253.0,False,4,0.255471375696373,0.003430183635496474,45.156201262205684,2222.652618084107,0.001038881401643966,2.2600277602572984e-06,1.4350507375310761e-05,0.0,0.9842627550654254,0.002141207982273162,137325.00000000003
dry_high_load,254.0,False,4,0.255471375696373,0.003430183635496474,45.156201262205684,2267.808819346323,0.0010388550729070467,2.286356497176769e-06,1.4350507375310761e-05,0.0,0.984237810548085,0.002166152499613392,137325.00000000003
dry_high_load,255.0,True,4,0.21201665915618315,0.003383399624081228,44.54031929791126,12.847060139545022,0.001042142431925397,1.4399646067568052e-06,1.1909540247380246e-05,0.0,0.9873523383846318,0.0013642592203502335,137325.00000000003
dry_high_load,256.0,False,5,0.255380168786342,0.0034300854407443323,45.15490859030768,57.77715416992965,0.001040129585417674,1.016967321527475e-06,1.4345384040332385e-05,0.0,0.9854453162297642,0.0009635007962546798,137324.99999999997
dry_high_load,257.0,False,5,0.2554713445989628,0.003430183602016527,45.15620082146333,102.93318702757793,0.0010400981350926007,1.0432960584469244e-06,1.4350505628486434e-05,0.0,0.9854155193890898,0.0009884453135948902,137324.99999999997
dry_high_load,258.0,False,5,0.2554713756857704,0.003430183635485059,45.15620126205541,148.0893882323653,0.0010400718046094527,1.0696247953663737e-06,1.4350507374715184e-05,0.0,0.9853905732173278,0.0010133898309351002,137325.00000000003
dry_high_load,259.0,False,5,0.2554713756963696,0.0034301836354964704,45.156201262205634,193.24558949455133,0.0010400454758719376,1.095953532285823e-06,1.4350507375310568e-05,0.0,0.9853656286994233,0.0010383343482753106,137325.00000000003
dry_high_load,260.0,False,5,0.255471375696373,0.003430183635496474,45.156201262205684,238.40179075675616,0.001040019147135018,1.1222822692052723e-06,1.4350507375310761e-05,0.0,0.985340684182083,0.001063278865615521,137325.00000000003
dry_high_load,261.0,False,5,0.255471375696373,0.003430183635496474,45.156201262205684,283.557992018961,0.0010399928183980984,1.1486110061247216e-06,1.4350507375310761e-05,0.0,0.9853157396647428,0.0010882233829557315,137324.99999999997
dry_high_load,262.0,False,5,0.255471375696373,0.003430183635496474,45.156201262205684,328.7141932811658,0.0010399664896611792,1.174939743044171e-06,1.4350507375310761e-05,0.0,0.9852907951474027,0.0011131679002959417,137325.00000000003
dry_high_load,263.0,False,5,0.255471375696373,0.003430183635496474,45.156201262205684,373.87039454337065,0.0010399401609242594,1.2012684799636202e-06,1.4350507375310761e-05,0.0,0.9852658506300623,0.0011381124176361524,137324.99999999997
dry_high_load,264.0,False,5,0.255471375696373,0.003430183635496474,45.156201262205684,419.0265958055755,0.00103991383218734,1.2275972168830695e-06,1.4350507375310761e-05,0.0,0.9852409061127222,0.0011630569349763626,137324.99999999997
dry_high_load,265.0,False,5,0.255471375696373,0.003430183635496474,45.156201262205684,464.1827970677803,0.0010398875034504206,1.2539259538025188e-06,1.4350507375310761e-05,0.0,0.985215961595382,0.001188001452316573,137324.99999999997
dry_high_load,266.0,False,5,0.255471375696373,0.003430183635496474,45.156201262205684,509.33899832998515,0.0010398611747135013,1.2802546907219681e-06,1.4350507375310761e-05,0.0,0.9851910170780417,0.0012129459696567832,137325.00000000003
dry_high_load,267.0,False,5,0.255471375696373,0.003430183635496474,45.156201262205684,554.49519959219,0.0010398348459765817,1.3065834276414174e-06,1.4350507375310761e-05,0.0,0.9851660725607014,0.001237890486996994,137324.99999999997
dry_high_load,268.0,False,5,0.255471375696373,0.003430183635496474,45.156201262205684,599.6514008543949,0.0010398085172396625,1.3329121645608667e-06,1.4350507375310761e-05,0.0,0.9851411280433613,0.001262835004337204,137325.00000000003
dry_high_load,269.0,False,5,0.255471375696373,0.003430183635496474,45.156201262205684,644.8076021165997,0.001039782188502743,1.359240901480316e-06,1.4350507375310761e-05,0.0,0.9851161835260211,0.0012877795216774143,137325.00000000003
dry_high_load,270.0,False,5,0.255471375696373,0.003430183635496474,45.156201262205684,689.9638033788045,0.0010397558597658235,1.3855696383997653e-06,1.4350507375310761e-05,0.0,0.9850912390086808,0.0013127240390176246,137325.00000000003
dry_high_load,271.0,False,5,0.255471375696373,0.003430183635496474,45.156201262205684,735.1200046410094,0.001039729531028904,1.4118983753192147e-06,1.4350507375310761e-05,0.0,0.9850662944913406,0.001337668556357835,137325.00000000003
dry_high_load,272.0,False,5,0.255471375696373,0.003430183635496474,45.156201262205684,780.2762059032142,0.0010397032022919845,1.438227112238664e-06,1.4350507375310761e-05,0.0,0.9850413499740005,0.0013626130736980456,137324.99999999997
dry_high_load,273.0,False,5,0.255471375696373,0.003430183635496474,45.156201262205684,825.432407165419,0.0010396768735550649,1.4645558491581133e-06,1.4350507375310761e-05,0.0,0.9850164054566601,0.001387557591038256,137324.99999999997
dry_high_load,274.0,False,5,0.255471375696373,0.003430183635496474,45.156201262205684,870.5886084276239,0.0010396505448181457,1.4908845860775626e-06,1.4350507375310761e-05,0.0,0.98499146093932,0.001412502108378466,137325.00000000003
dry_high_load,275.0,False,5,0.255471375696373,0.003430183635496474,45.156201262205684,915.7448096898287,0.0010396242160812263,1.5172133229970119e-06,1.4350507375310761e-05,0.0,0.9849665164219799,0.0014374466257186765,137325.00000000003
dry_high_load,276.0,False,5,0.255471375696373,0.003430183635496474,45.156201262205684,960.9010109520335,0.0010395978873443067,1.5435420599164612e-06,1.4350507375310761e-05,0.0,0.9849415719046397,0.0014623911430588872,137324.99999999997
dry_high_load,277.0,False,5,0.255471375696373,0.003430183635496474,45.156201262205684,1006.0572122142383,0.0010395715586073873,1.5698707968359105e-06,1.4350507375310761e-05,0.0,0.9849166273872993,0.0014873356603990972,137325.00000000003
dry_high_load,278.0,False,5,0.255471375696373,0.003430183635496474,45.156201262205684,1051.2134134764501,0.001039545229870468,1.5961995337553598e-06,1.4350507375310761e-05,0.0,0.9848916828699592,0.0015122801777393076,137325.00000000003
dry_high_load,279.0,False,5,0.255471375696373,0.003430183635496474,45.156201262205684,1096.3696147386663,0.0010395189011335485,1.6225282706748091e-06,1.4350507375310761e-05,0.0,0.9848667383526191,0.0015372246950795178,137325.00000000003
dry_high_load,280.0,False,5,0.255471375696373,0.003430183635496474,45.156201262205684,1141.5258160008825,0.001039492572396629,1.6488570075942584e-06,1.4350507375310761e-05,0.0,0.9848417938352789,0.0015621692124197285,137324.99999999997
dry_high_load,281.0,False,5,0.255471375696373,0.003430183635496474,45.156201262205684,1186.6820172630987,0.0010394662436597096,1.6751857445137077e-06,1.4350507375310761e-05,0.0,0.9848168493179386,0.0015871137297599385,137325.00000000003
dry_high_load,282.0,False,5,0.255471375696373,0.003430183635496474,45.156201262205684,1231.838218525315,0.00103943991492279,1.701514481433157e-06,1.4350507375310761e-05,0.0,0.9847919048005983,0.0016120582471001494,137324.99999999997
dry_high_load,283.0,False,5,0.255471375696373,0.003430183635496474,45.156201262205684,1276.9944197875311,0.0010394135861858706,1.7278432183526063e-06,1.4350507375310761e-05,0.0,0.9847669602832582,0.0016370027644403596,137324.99999999997
dry_high_load,284.0,False,5,0.255471375696373,0.003430183635496474,45.156201262205684,1322.1506210497473,0.0010393872574489512,1.7541719552720556e-06,1.4350507375310761e-05,0.0,0.9847420157659178,0.0016619472817805696,137325.00000000003
dry_high_load,285.0,False,5,0.255471375696373,0.003430183635496474,45.156201262205684,1367.3068223119635,0.0010393609287120318,1.780500692191505e-06,1.4350507375310761e-05,0.0,0.9847170712485777,0.00168689179912078,137325.00000000003
dry_high_load,286.0,False,5,0.255471375696373,0.003430183635496474,45.156201262205684,1412.4630235741797,0.0010393345999751122,1.8068294291109543e-06,1.4350507375310761e-05,0.0,0.9846921267312375,0.0017118363164609907,137324.99999999997
dry_high_load,287.0,False,5,0.255471375696373,0.003430183635496474,45.156201262205684,1457.619224836396,0.0010393082712381928,1.8331581660304036e-06,1.4350507375310761e-05,0.0,0.9846671822138974,0.001736780833801201,137324.99999999997
dry_high_load,288.0,False,5,0.255471375696373,0.003430183635496474,45.156201262205684,1502.7754260986121,0.0010392819425012734,1.8594869029498529e-06,1.4350507375310761e-05,0.0,0.984642237696557,0.001761725351141411,137325.00000000003
dry_high_load,289.0,False,5,0.255471375696373,0.003430183635496474,45.156201262205684,1547.9316273608283,0.001039255613764354,1.8858156398693022e-06,1.4350507375310761e-05,0.0,0.9846172931792169,0.0017866698684816215,137325.00000000003
dry_high_load,290.0,False,5,0.255471375696373,0.003430183635496474,45.156201262205684,1593.0878286230445,0.0010392292850274344,1.9121443767887553e-06,1.4350507375310761e-05,0.0,0.9845923486618767,0.0018116143858218359,137324.99999999997
dry_high_load,291.0,False,5,0.255471375696373,0.003430183635496474,45.156201262205684,1638.2440298852607,0.001039202956290515,1.9384731137082258e-06,1.4350507375310761e-05,0.0,0.9845674041445364,0.0018365589031620658,137325.00000000003
dry_high_load,292.0,False,5,0.255471375696373,0.003430183635496474,45.156201262205684,1683.400231147477,0.0010391766275535954,1.9648018506276963e-06,1.4350507375310761e-05,0.0,0.9845424596271962,0.0018615034205022966,137324.99999999997
dry_high_load,293.0,False,5,0.255471375696373,0.003430183635496474,45.156201262205684,1728.5564324096931,0.001039150298816676,1.9911305875471667e-06,1.4350507375310761e-05,0.0,0.9845175151098561,0.001886447937842527,137324.99999999997
dry_high_load,294.0,False,5,0.255471375696373,0.003430183635496474,45.156201262205684,1773.7126336719093,0.0010391239700797566,2.0174593244666372e-06,1.4350507375310761e-05,0.0,0.9844925705925157,0.0019113924551827572,137325.00000000003
dry_high_load,295.0,False,5,0.255471375696373,0.003430183635496474,45.156201262205684,1818.8688349341255,0.001039097641342837,2.0437880613861077e-06,1.4350507375310761e-05,0.0,0.9844676260751756,0.001936336972522988,137324.99999999997
dry_high_load,296.0,False,5,0.255471375696373,0.003430183635496474,45.156201262205684,1864.0250361963417,0.0010390713126059176,2.070116798305578e-06,1.4350507375310761e-05,0.0,0.9844426815578352,0.001961281489863218,137325.00000000003
dry_high_load,297.0,False,5,0.255471375696373,0.003430183635496474,45.156201262205684,1909.181237458558,0.0010390449838689982,2.0964455352250487e-06,1.4350507375310761e-05,0.0,0.9844177370404951,0.0019862260072034486,137325.00000000003
dry_high_load,298.0,False,5,0.255471375696373,0.003430183635496474,45.156201262205684,1954.3374387207741,0.0010390186551320786,2.122774272144519e-06,1.4350507375310761e-05,0.0,0.9843927925231549,0.0020111705245436794,137324.99999999997
dry_high_load,299.0,False,5,0.255471375696373,0.003430183635496474,45.156201262205684,1999.4936399829903,0.0010389923263951592,2.1491030090639896e-06,1.4350507375310761e-05,0.0,0.9843678480058146,0.0020361150418839093,137325.00000000003
dry_high_load,300.0,False,5,0.255471375696373,0.003430183635496474,45.156201262205684,2044.6498412452065,0.0010389659976582396,2.17543174598346e-06,1.4350507375310761e-05,0.0,0.9843429034884744,0.00206105955922414,137324.99999999997
dry_high_load,301.0,False,5,0.255471375696373,0.003430183635496474,45.156201262205684,2089.8060425074227,0.0010389396689213203,2.2017604829029306e-06,1.4350507375310761e-05,0.0,0.9843179589711342,0.0020860040765643705,137324.99999999997
dry_high_load,302.0,False,5,0.255471375696373,0.003430183635496474,45.156201262205684,2134.962243769639,0.0010389133401844009,2.228089219822401e-06,1.4350507375310761e-05,0.0,0.9842930144537939,0.0021109485939046005,137325.00000000003
dry_high_load,303.0,False,5,0.255471375696373,0.003430183635496474,45.156201262205684,2180.118445031855,0.0010388870114474815,2.2544179567418716e-06,1.4350507375310761e-05,0.0,0.9842680699364537,0.002135893111244831,137325.00000000003
dry_high_load,304.0,False,5,0.255471375696373,0.003430183635496474,45.156201262205684,2225.2746462940713,0.0010388606827105619,2.280746693661342e-06,1.4350507375310761e-05,0.0,0.9842431254191133,0.0021608376285850613,137325.00000000003
dry_high_load,305.0,False,5,0.255471375696373,0.003430183635496474,45.156201262205684,2270.4308475562875,0.0010388343539736425,2.3070754305808125e-06,1.4350507375310761e-05,0.0,0.9842181809017732,0.0021857821459252916,137325.00000000003
dry_high_load,306.0,True,5,0.2106506786886848,0.0033819289886503115,44.52095931122874,15.431597119679155,0.0010423462016429874,1.3129256490015299e-06,1.1832809487544894e-05,0.0,0.9875453950158481,0.0012438992693847243,137324.99999999997
dry_high_load,307.0,False,6,0.25541488336062773,0.003430122814985128,45.155400598584414,60.39911826099661,0.0010401178561702108,1.0267465589242762e-06,1.4347334050398913e-05,0.0,0.9854342036413543,0.0009727658953577945,137325.00000000003
dry_high_load,308.0,False,6,0.25547135643505464,0.0034301836147594446,45.15620098921579,105.55521521568001,0.001040088355190339,1.0530752958437255e-06,1.4350506293351224e-05,0.0,0.9854062536600766,0.000997710412698005,137324.99999999997
dry_high_load,309.0,False,6,0.25547137568980594,0.0034301836354894036,45.15620126211261,150.71141644232156,0.001040062025371829,1.0794040327631748e-06,1.435050737494187e-05,0.0,0.9853813081180097,0.0010226549300382153,137325.00000000003
dry_high_load,310.0,False,6,0.25547137569637096,0.0034301836354964717,45.156201262205656,195.867617704515,0.0010400356966345408,1.105732769682624e-06,1.4350507375310645e-05,0.0,0.9853563636003203,0.0010475994473784257,137324.99999999997
dry_high_load,311.0,False,6,0.255471375696373,0.003430183635496474,45.156201262205684,241.02381896671983,0.0010400093678976212,1.1320615066020734e-06,1.4350507375310761e-05,0.0,0.9853314190829798,0.001072543964718636,137325.00000000003
dry_high_load,312.0,False,6,0.255471375696373,0.003430183635496474,45.156201262205684,286.18002022892466,0.0010399830391607016,1.1583902435215227e-06,1.4350507375310761e-05,0.0,0.9853064745656397,0.0010974884820588466,137324.99999999997
dry_high_load,313.0,False,6,0.255471375696373,0.003430183635496474,45.156201262205684,331.3362214911295,0.0010399567104237822,1.184718980440972e-06,1.4350507375310761e-05,0.0,0.9852815300482994,0.0011224329993990568,137324.99999999997
dry_high_load,314.0,False,6,0.255471375696373,0.003430183635496474,45.156201262205684,376.4924227533343,0.0010399303816868628,1.2110477173604213e-06,1.4350507375310761e-05,0.0,0.9852565855309593,0.0011473775167392672,137324.99999999997
dry_high_load,315.0,False,6,0.255471375696373,0.003430183635496474,45.156201262205684,421.64862401553916,0.0010399040529499434,1.2373764542798706e-06,1.4350507375310761e-05,0.0,0.9852316410136189,0.0011723220340794775,137325.00000000003
dry_high_load,316.0,False,6,0.255471375696373,0.003430183635496474,45.156201262205684,466.804825277744,0.001039877724213024,1.26370519119932e-06,1.4350507375310761e-05,0.0,0.9852066964962788,0.0011972665514196877,137325.00000000003
dry_high_load,317.0,False,6,0.255471375696373,0.003430183635496474,45.156201262205684,511.9610265399488,0.0010398513954761046,1.2900339281187692e-06,1.4350507375310761e-05,0.0,0.9851817519789386,0.0012222110687598981,137325.00000000003
dry_high_load,318.0,False,6,0.255471375696373,0.003430183635496474,45.156201262205684,557.1172278021537,0.0010398250667391848,1.3163626650382185e-06,1.4350507375310761e-05,0.0,0.9851568074615983,0.0012471555861001088,137324.99999999997
dry_high_load,319.0,False,6,0.255471375696373,0.003430183635496474,45.156201262205684,602.2734290643585,0.0010397987380022654,1.3426914019576679e-06,1.4350507375310761e-05,0.0,0.9851318629442581,0.0012721001034403192,137324.99999999997
dry_high_load,320.0,False,6,0.255471375696373,0.003430183635496474,45.156201262205684,647.4296303265634,0.001039772409265346,1.3690201388771172e-06,1.4350507375310761e-05,0.0,0.985106918426918,0.0012970446207805294,137324.99999999997
dry_high_load,321.0,False,6,0.255471375696373,0.003430183635496474,45.156201262205684,692.5858315887682,0.0010397460805284266,1.3953488757965665e-06,1.4350507375310761e-05,0.0,0.9850819739095779,0.0013219891381207399,137324.99999999997
dry_high_load,322.0,False,6,0.255471375696373,0.003430183635496474,45.156201262205684,737.742032850973,0.0010397197517915072,1.4216776127160158e-06,1.4350507375310761e-05,0.0,0.9850570293922375,0.0013469336554609499,137325.00000000003
dry_high_load,323.0,False,6,0.255471375696373,0.003430183635496474,45.156201262205684,782.8982341131779,0.0010396934230545878,1.448006349635465e-06,1.4350507375310761e-05,0.0,0.9850320848748974,0.0013718781728011603,137325.00000000003
dry_high_load,324.0,False,6,0.255471375696373,0.003430183635496474,45.156201262205684,828.0544353753827,0.0010396670943176685,1.4743350865549144e-06,1.4350507375310761e-05,0.0,0.9850071403575572,0.0013968226901413707,137325.00000000003
dry_high_load,325.0,False,6,0.255471375696373,0.003430183635496474,45.156201262205684,873.2106366375875,0.0010396407655807488,1.5006638234743637e-06,1.4350507375310761e-05,0.0,0.9849821958402168,0.001421767207481581,137325.00000000003
dry_high_load,326.0,False,6,0.255471375696373,0.003430183635496474,45.156201262205684,918.3668378997924,0.0010396144368438295,1.526992560393813e-06,1.4350507375310761e-05,0.0,0.9849572513228767,0.0014467117248217914,137325.00000000003
dry_high_load,327.0,False,6,0.255471375696373,0.003430183635496474,45.156201262205684,963.5230391619972,0.0010395881081069099,1.5533212973132623e-06,1.4350507375310761e-05,0.0,0.9849323068055366,0.001471656242162002,137324.99999999997
dry_high_load,328.0,False,6,0.255471375696373,0.003430183635496474,45.156201262205684,1008.679240424202,0.0010395617793699905,1.5796500342327116e-06,1.4350507375310761e-05,0.0,0.9849073622881963,0.0014966007595022125,137324.99999999997
dry_high_load,329.0,False,6,0.255471375696373,0.003430183635496474,45.156201262205684,1053.8354416864145,0.001039535450633071,1.605978771152161e-06,1.4350507375310761e-05,0.0,0.9848824177708561,0.0015215452768424225,137325.00000000003
dry_high_load,330.0,False,6,0.255471375696373,0.003430183635496474,45.156201262205684,1098.9916429486307,0.0010395091218961517,1.6323075080716102e-06,1.4350507375310761e-05,0.0,0.9848574732535158,0.001546489794182633,137325.00000000003
dry_high_load,331.0,False,6,0.255471375696373,0.003430183635496474,45.156201262205684,1144.1478442108469,0.001039482793159232,1.6586362449910595e-06,1.4350507375310761e-05,0.0,0.9848325287361757,0.0015714343115228436,137324.99999999997
dry_high_load,332.0,False,6,0.255471375696373,0.003430183635496474,45.156201262205684,1189.304045473063,0.0010394564644223127,1.6849649819105088e-06,1.4350507375310761e-05,0.0,0.9848075842188355,0.0015963788288630538,137324.99999999997
dry_high_load,333.0,False,6,0.255471375696373,0.003430183635496474,45.156201262205684,1234.4602467352793,0.0010394301356853933,1.7112937188299581e-06,1.4350507375310761e-05,0.0,0.9847826397014952,0.0016213233462032638,137325.00000000003
dry_high_load,334.0,False,6,0.255471375696373,0.003430183635496474,45.156201262205684,1279.6164479974955,0.001039403806948474,1.7376224557494075e-06,1.4350507375310761e-05,0.0,0.984757695184155,0.0016462678635434742,137325.00000000003
dry_high_load,335.0,False,6,0.255471375696373,0.003430183635496474,45.156201262205684,1324.7726492597117,0.0010393774782115545,1.7639511926688568e-06,1.4350507375310761e-05,0.0,0.9847327506668149,0.0016712123808836847,137325.00000000003
dry_high_load,336.0,False,6,0.255471375696373,0.003430183635496474,45.156201262205684,1369.9288505219279,0.001039351149474635,1.790279929588306e-06,1.4350507375310761e-05,0.0,0.9847078061494745,0.0016961568982238949,137325.00000000003
dry_high_load,337.0,False,6,0.255471375696373,0.003430183635496474,45.156201262205684,1415.085051784144,0.0010393248207377153,1.8166086665077554e-06,1.4350507375310761e-05,0.0,0.9846828616321344,0.0017211014155641058,137324.99999999997
dry_high_load,338.0,False,6,0.255471375696373,0.003430183635496474,45.156201262205684,1460.2412530463603,0.001039298492000796,1.8429374034272047e-06,1.4350507375310761e-05,0.0,0.9846579171147942,0.001746045932904316,137324.99999999997
dry_high_load,339.0,False,6,0.255471375696373,0.003430183635496474,45.156201262205684,1505.3974543085765,0.0010392721632638765,1.869266140346654e-06,1.4350507375310761e-05,0.0,0.9846329725974541,0.0017709904502445264,137324.99999999997
dry_high_load,340.0,False,6,0.255471375696373,0.003430183635496474,45.156201262205684,1550.5536555707927,0.0010392458345269571,1.8955948772661033e-06,1.4350507375310761e-05,0.0,0.9846080280801137,0.0017959349675847364,137325.00000000003
dry_high_load,341.0,False,6,0.255471375696373,0.003430183635496474,45.156201262205684,1595.7098568330089,0.0010392195057900378,1.9219236141855642e-06,1.4350507375310761e-05,0.0,0.9845830835627736,0.001820879484924958,137325.00000000003
dry_high_load,342.0,False,6,0.255471375696373,0.003430183635496474,45.156201262205684,1640.866058095225,0.0010391931770531184,1.9482523511050347e-06,1.4350507375310761e-05,0.0,0.9845581390454334,0.0018458240022651883,137325.00000000003
dry_high_load,343.0,False,6,0.255471375696373,0.003430183635496474,45.156201262205684,1686.0222593574413,0.0010391668483161985,1.9745810880245052e-06,1.4350507375310761e-05,0.0,0.9845331945280931,0.001870768519605419,137324.99999999997
dry_high_load,344.0,False,6,0.255471375696373,0.003430183635496474,45.156201262205684,1731.1784606196575,0.0010391405195792792,2.0009098249439757e-06,1.4350507375310761e-05,0.0,0.9845082500107529,0.0018957130369456495,137324.99999999997
dry_high_load,345.0,False,6,0.255471375696373,0.003430183635496474,45.156201262205684,1776.3346618818737,0.0010391141908423598,2.027238561863446e-06,1.4350507375310761e-05,0.0,0.9844833054934126,0.0019206575542858794,137325.00000000003
dry_high_load,346.0,False,6,0.255471375696373,0.003430183635496474,45.156201262205684,1821.4908631440899,0.0010390878621054404,2.0535672987829167e-06,1.4350507375310761e-05,0.0,0.9844583609760724,0.0019456020716261098,137325.00000000003
dry_high_load,347.0,False,6,0.255471375696373,0.003430183635496474,45.156201262205684,1866.647064406306,0.001039061533368521,2.079896035702387e-06,1.4350507375310761e-05,0.0,0.9844334164587322,0.00197054658896634,137325.00000000003
dry_high_load,348.0,False,6,0.255471375696373,0.003430183635496474,45.156201262205684,1911.8032656685223,0.0010390352046316014,2.1062247726218576e-06,1.4350507375310761e-05,0.0,0.9844084719413919,0.0019954911063065706,137325.00000000003
dry_high_load,349.0,False,6,0.255471375696373,0.003430183635496474,45.156201262205684,1956.9594669307385,0.0010390088758946818,2.132553509541328e-06,1.4350507375310761e-05,0.0,0.9843835274240517,0.0020204356236468014,137324.99999999997
dry_high_load,350.0,False,6,0.255471375696373,0.003430183635496474,45.156201262205684,2002.1156681929547,0.0010389825471577624,2.1588822464607986e-06,1.4350507375310761e-05,0.0,0.9843585829067115,0.0020453801409870322,137324.99999999997
dry_high_load,351.0,False,6,0.255471375696373,0.003430183635496474,45.156201262205684,2047.2718694551709,0.001038956218420843,2.185210983380269e-06,1.4350507375310761e-05,0.0,0.9843336383893712,0.002070324658327262,137325.00000000003
dry_high_load,352.0,False,6,0.255471375696373,0.003430183635496474,45.156201262205684,2092.428070717387,0.0010389298896839236,2.2115397202997396e-06,1.4350507375310761e-05,0.0,0.984308693872031,0.0020952691756674926,137325.00000000003
dry_high_load,353.0,False,6,0.255471375696373,0.003430183635496474,45.156201262205684,2137.5842719796033,0.001038903560947004,2.23786845721921e-06,1.4350507375310761e-05,0.0,0.9842837493546907,0.002120213693007723,137325.00000000003
dry_high_load,354.0,False,6,0.255471375696373,0.003430183635496474,45.156201262205684,2182.7404732418195,0.0010388772322100846,2.2641971941386805e-06,1.4350507375310761e-05,0.0,0.9842588048373505,0.0021451582103479533,137325.00000000003
dry_high_load,355.0,False,6,0.255471375696373,0.003430183635496474,45.156201262205684,2227.8966745040357,0.001038850903473165,2.290525931058151e-06,1.4350507375310761e-05,0.0,0.9842338603200104,0.002170102727688184,137324.99999999997
dry_high_load,356.0,False,6,0.255471375696373,0.003430183635496474,45.156201262205684,2273.052875766252,0.0010388245747362456,2.3168546679776215e-06,1.4350507375310761e-05,0.0,0.98420891580267,0.002195047245028414,137325.00000000003
dry_high_load,357.0,True,6,0.2098861997495153,0.0033811059389502003,44.510124381715805,18.015209542990274,0.0010425104901670356,1.1915799424214595e-06,1.178986667007692e-05,0.0,0.987701046156632,0.0011289332498902365,137325.00000000003
dry_high_load,358.0,False,7,0.25543638510194466,0.003430145964088178,45.15570534190648,63.02110675657638,0.001040111555846262,1.0318390728138941e-06,1.4348541860457907e-05,0.0,0.9854282345536436,0.0009775906729919623,137324.99999999997
dry_high_load,359.0,False,7,0.255471363766171,0.003430183622652236,45.15620109311941,108.17724341210294,0.0010400832622646412,1.0581678097333434e-06,1.4350506705159552e-05,0.0,0.9854014284922847,0.0010025351903321723,137325.00000000003
dry_high_load,360.0,False,7,0.25547137569230555,0.003430183635492095,45.15620126214804,153.3334446522807,0.001040056932857799,1.0844965466527927e-06,1.435050737508228e-05,0.0,0.9853764833402427,0.001027479707672383,137324.99999999997
dry_high_load,361.0,False,7,0.2554713756963718,0.0034301836354964726,45.15620126220566,198.48964591447867,0.001040030604120651,1.110825283572242e-06,1.4350507375310692e-05,0.0,0.9853515388226861,0.0010524242250125933,137324.99999999997
dry_high_load,362.0,False,7,0.255471375696373,0.003430183635496474,45.156201262205684,243.6458471766835,0.0010400042753837316,1.1371540204916914e-06,1.4350507375310761e-05,0.0,0.9853265943053457,0.0010773687423528033,137325.00000000003
dry_high_load,363.0,False,7,0.255471375696373,0.003430183635496474,45.156201262205684,288.80204843888833,0.0010399779466468122,1.1634827574111407e-06,1.4350507375310761e-05,0.0,0.9853016497880056,0.0011023132596930138,137325.00000000003
dry_high_load,364.0,False,7,0.255471375696373,0.003430183635496474,45.156201262205684,333.95824970109317,0.0010399516179098926,1.18981149433059e-06,1.4350507375310761e-05,0.0,0.9852767052706652,0.0011272577770332242,137325.00000000003
dry_high_load,365.0,False,7,0.255471375696373,0.003430183635496474,45.156201262205684,379.114450963298,0.0010399252891729732,1.2161402312500393e-06,1.4350507375310761e-05,0.0,0.985251760753325,0.0011522022943734344,137325.00000000003
dry_high_load,366.0,False,7,0.255471375696373,0.003430183635496474,45.156201262205684,424.27065222550283,0.0010398989604360539,1.2424689681694886e-06,1.4350507375310761e-05,0.0,0.9852268162359848,0.0011771468117136449,137325.00000000003
dry_high_load,367.0,False,7,0.255471375696373,0.003430183635496474,45.156201262205684,469.42685348770766,0.0010398726316991343,1.268797705088938e-06,1.4350507375310761e-05,0.0,0.9852018717186447,0.0012020913290538555,137324.99999999997
dry_high_load,368.0,False,7,0.255471375696373,0.003430183635496474,45.156201262205684,514.5830547499125,0.0010398463029622149,1.2951264420083872e-06,1.4350507375310761e-05,0.0,0.9851769272013043,0.0012270358463940655,137325.00000000003
dry_high_load,369.0,False,7,0.255471375696373,0.003430183635496474,45.156201262205684,559.7392560121174,0.0010398199742252955,1.3214551789278365e-06,1.4350507375310761e-05,0.0,0.9851519826839642,0.001251980363734276,137325.00000000003
dry_high_load,370.0,False,7,0.255471375696373,0.003430183635496474,45.156201262205684,604.8954572743222,0.0010397936454883759,1.3477839158472858e-06,1.4350507375310761e-05,0.0,0.9851270381666241,0.0012769248810744866,137324.99999999997
dry_high_load,371.0,False,7,0.255471375696373,0.003430183635496474,45.156201262205684,650.051658536527,0.0010397673167514565,1.3741126527667351e-06,1.4350507375310761e-05,0.0,0.9851020936492837,0.0013018693984146966,137325.00000000003
dry_high_load,372.0,False,7,0.255471375696373,0.003430183635496474,45.156201262205684,695.2078597987319,0.001039740988014537,1.4004413896861844e-06,1.4350507375310761e-05,0.0,0.9850771491319436,0.001326813915754907,137325.00000000003
dry_high_load,373.0,False,7,0.255471375696373,0.003430183635496474,45.156201262205684,740.3640610609367,0.0010397146592776175,1.4267701266056337e-06,1.4350507375310761e-05,0.0,0.9850522046146034,0.0013517584330951177,137324.99999999997
dry_high_load,374.0,False,7,0.255471375696373,0.003430183635496474,45.156201262205684,785.5202623231415,0.001039688330540698,1.453098863525083e-06,1.4350507375310761e-05,0.0,0.9850272600972633,0.001376702950435328,137324.99999999997
dry_high_load,375.0,False,7,0.255471375696373,0.003430183635496474,45.156201262205684,830.6764635853464,0.0010396620018037787,1.4794276004445323e-06,1.4350507375310761e-05,0.0,0.9850023155799229,0.0014016474677755381,137325.00000000003
dry_high_load,376.0,False,7,0.255471375696373,0.003430183635496474,45.156201262205684,875.8326648475512,0.0010396356730668593,1.5057563373639817e-06,1.4350507375310761e-05,0.0,0.9849773710625828,0.0014265919851157484,137325.00000000003
dry_high_load,377.0,False,7,0.255471375696373,0.003430183635496474,45.156201262205684,920.988866109756,0.0010396093443299397,1.532085074283431e-06,1.4350507375310761e-05,0.0,0.9849524265452426,0.001451536502455959,137324.99999999997
dry_high_load,378.0,False,7,0.255471375696373,0.003430183635496474,45.156201262205684,966.1450673719609,0.0010395830155930203,1.5584138112028803e-06,1.4350507375310761e-05,0.0,0.9849274820279025,0.0014764810197961695,137324.99999999997
dry_high_load,379.0,False,7,0.255471375696373,0.003430183635496474,45.156201262205684,1011.3012686341657,0.0010395566868561007,1.5847425481223296e-06,1.4350507375310761e-05,0.0,0.9849025375105621,0.0015014255371363799,137324.99999999997
dry_high_load,380.0,False,7,0.255471375696373,0.003430183635496474,45.156201262205684,1056.4574698963786,0.0010395303581191813,1.6110712850417789e-06,1.4350507375310761e-05,0.0,0.984877592993222,0.00152637005447659,137324.99999999997
dry_high_load,381.0,False,7,0.255471375696373,0.003430183635496474,45.156201262205684,1101.6136711585948,0.001039504029382262,1.6374000219612282e-06,1.4350507375310761e-05,0.0,0.9848526484758817,0.0015513145718168005,137324.99999999997
dry_high_load,382.0,False,7,0.255471375696373,0.003430183635496474,45.156201262205684,1146.769872420811,0.0010394777006453425,1.6637287588806775e-06,1.4350507375310761e-05,0.0,0.9848277039585414,0.0015762590891570105,137325.00000000003
dry_high_load,383.0,False,7,0.255471375696373,0.003430183635496474,45.156201262205684,1191.9260736830272,0.0010394513719084232,1.6900574958001268e-06,1.4350507375310761e-05,0.0,0.9848027594412012,0.001601203606497221,137325.00000000003
dry_high_load,384.0,False,7,0.255471375696373,0.003430183635496474,45.156201262205684,1237.0822749452434,0.0010394250431715038,1.7163862327195761e-06,1.4350507375310761e-05,0.0,0.9847778149238611,0.0016261481238374314,137325.00000000003
dry_high_load,385.0,False,7,0.255471375696373,0.003430183635496474,45.156201262205684,1282.2384762074596,0.0010393987144345844,1.7427149696390254e-06,1.4350507375310761e-05,0.0,0.9847528704065209,0.0016510926411776416,137325.00000000003
dry_high_load,386.0,False,7,0.255471375696373,0.003430183635496474,45.156201262205684,1327.3946774696758,0.0010393723856976646,1.7690437065584747e-06,1.4350507375310761e-05,0.0,0.9847279258891806,0.0016760371585178523,137324.99999999997
dry_high_load,387.0,False,7,0.255471375696373,0.003430183635496474,45.156201262205684,1372.550878731892,0.0010393460569607452,1.795372443477924e-06,1.4350507375310761e-05,0.0,0.9847029813718404,0.0017009816758580627,137324.99999999997
dry_high_load,388.0,False,7,0.255471375696373,0.003430183635496474,45.156201262205684,1417.7070799941082,0.0010393197282238258,1.8217011803973733e-06,1.4350507375310761e-05,0.0,0.9846780368545003,0.0017259261931982732,137324.99999999997
dry_high_load,389.0,False,7,0.255471375696373,0.003430183635496474,45.156201262205684,1462.8632812563244,0.0010392933994869064,1.8480299173168226e-06,1.4350507375310761e-05,0.0,0.9846530923371599,0.0017508707105384832,137325.00000000003
dry_high_load,390.0,False,7,0.255471375696373,0.003430183635496474,45.156201262205684,1508.0194825185406,0.001039267070749987,1.874358654236272e-06,1.4350507375310761e-05,0.0,0.9846281478198198,0.0017758152278786936,137325.00000000003
dry_high_load,391.0,False,7,0.255471375696373,0.003430183635496474,45.156201262205684,1553.1756837807568,0.0010392407420130676,1.9006873911557213e-06,1.4350507375310761e-05,0.0,0.9846032033024796,0.0018007597452189038,137325.00000000003
dry_high_load,392.0,False,7,0.255471375696373,0.003430183635496474,45.156201262205684,1598.331885042973,0.0010392144132761482,1.9270161280751864e-06,1.4350507375310761e-05,0.0,0.9845782587851395,0.0018257042625591292,137325.00000000003
dry_high_load,393.0,False,7,0.255471375696373,0.003430183635496474,45.156201262205684,1643.4880863051892,0.0010391880845392284,1.953344864994657e-06,1.4350507375310761e-05,0.0,0.9845533142677991,0.00185064877989936,137324.99999999997
dry_high_load,394.0,False,7,0.255471375696373,0.003430183635496474,45.156201262205684,1688.6442875674054,0.001039161755802309,1.9796736019141274e-06,1.4350507375310761e-05,0.0,0.984528369750459,0.0018755932972395904,137324.99999999997
dry_high_load,395.0,False,7,0.255471375696373,0.003430183635496474,45.156201262205684,1733.8004888296216,0.0010391354270653896,2.006002338833598e-06,1.4350507375310761e-05,0.0,0.9845034252331186,0.0019005378145798206,137325.00000000003
dry_high_load,396.0,False,7,0.255471375696373,0.003430183635496474,45.156201262205684,1778.9566900918378,0.0010391090983284702,2.0323310757530684e-06,1.4350507375310761e-05,0.0,0.9844784807157785,0.001925482331920051,137325.00000000003
dry_high_load,397.0,False,7,0.255471375696373,0.003430183635496474,45.156201262205684,1824.112891354054,0.0010390827695915508,2.058659812672539e-06,1.4350507375310761e-05,0.0,0.9844535361984383,0.0019504268492602814,137325.00000000003
dry_high_load,398.0,False,7,0.255471375696373,0.003430183635496474,45.156201262205684,1869.2690926162702,0.001039056440854631,2.0849885495920093e-06,1.4350507375310761e-05,0.0,0.984428591681098,0.001975371366600512,137324.99999999997
dry_high_load,399.0,False,7,0.255471375696373,0.003430183635496474,45.156201262205684,1914.4252938784864,0.0010390301121177116,2.11131728651148e-06,1.4350507375310761e-05,0.0,0.9844036471637577,0.0020003158839407426,137324.99999999997
dry_high_load,400.0,False,7,0.255471375696373,0.003430183635496474,45.156201262205684,1959.5814951407026,0.0010390037833807922,2.1376460234309503e-06,1.4350507375310761e-05,0.0,0.9843787026464176,0.002025260401280973,137324.99999999997
dry_high_load,401.0,False,7,0.255471375696373,0.003430183635496474,45.156201262205684,2004.7376964029188,0.0010389774546438729,2.163974760350421e-06,1.4350507375310761e-05,0.0,0.9843537581290772,0.002050204918621203,137325.00000000003
dry_high_load,402.0,False,7,0.255471375696373,0.003430183635496474,45.156201262205684,2049.893897665135,0.0010389511259069535,2.1903034972698913e-06,1.4350507375310761e-05,0.0,0.9843288136117371,0.0020751494359614333,137325.00000000003
dry_high_load,403.0,False,7,0.255471375696373,0.003430183635496474,45.156201262205684,2095.050098927351,0.0010389247971700339,2.2166322341893618e-06,1.4350507375310761e-05,0.0,0.9843038690943967,0.002100093953301664,137325.00000000003
dry_high_load,404.0,False,7,0.255471375696373,0.003430183635496474,45.156201262205684,2140.206300189567,0.0010388984684331143,2.2429609711088322e-06,1.4350507375310761e-05,0.0,0.9842789245770566,0.002125038470641895,137324.99999999997
dry_high_load,405.0,False,7,0.255471375696373,0.003430183635496474,45.156201262205684,2185.3625014517834,0.0010388721396961949,2.2692897080283027e-06,1.4350507375310761e-05,0.0,0.9842539800597164,0.0021499829879821253,137324.99999999997
dry_high_load,406.0,False,7,0.255471375696373,0.003430183635496474,45.156201262205684,2230.5187027139996,0.0010388458109592755,2.295618444947773e-06,1.4350507375310761e-05,0.0,0.9842290355423761,0.0021749275053223553,137325.00000000003
dry_high_load,407.0,False,7,0.255471375696373,0.003430183635496474,45.156201262205684,2275.674903976216,0.001038819482222356,2.3219471818672437e-06,1.4350507375310761e-05,0.0,0.9842040910250359,0.0021998720226625856,137325.00000000003
dry_high_load,408.0,True,7,0.20945835566259105,0.003380645315472698,44.504060564536765,20.598304533187395,0.0010426466837138216,1.0794195371495801e-06,1.176583352856291e-05,0.0,0.9878300793988959,0.0010226696192896108,137325.00000000003
dry_high_load,409.0,False,8,0.25544970299188496,0.0034301603023318625,45.15589409582941,65.64311036798334,0.0010401077230909627,1.034923726775936e-06,1.4349289961795252e-05,0.0,0.9854246033034504,0.0009805131528845643,137324.99999999997
dry_high_load,410.0,False,8,0.2554713683069661,0.0034301836275409258,45.15620115747592,110.79927161367922,0.0010400801773556105,1.0612524636953854e-06,1.4350506960228102e-05,0.0,0.9853985057707336,0.0010054576702247745,137325.00000000003
dry_high_load,411.0,False,8,0.2554713756938537,0.0034301836354937616,45.15620126216998,155.95547286224112,0.00104005384820375,1.0875812006148347e-06,1.4350507375169246e-05,0.0,0.9853735608602676,0.001030402187564985,137325.00000000003
dry_high_load,412.0,False,8,0.2554713756963723,0.003430183635496473,45.15620126220567,201.1116741244419,0.001040027519466689,1.113909937534284e-06,1.4350507375310722e-05,0.0,0.9853486163427934,0.0010553467049051952,137325.00000000003
dry_high_load,413.0,False,8,0.255471375696373,0.003430183635496474,45.156201262205684,246.26787538664672,0.0010400011907297697,1.1402386744537333e-06,1.4350507375310761e-05,0.0,0.9853236718254532,0.0010802912222454056,137325.00000000003
dry_high_load,414.0,False,8,0.255471375696373,0.003430183635496474,45.156201262205684,291.42407664885155,0.00103997486199285,1.1665674113731826e-06,1.4350507375310761e-05,0.0,0.9852987273081129,0.001105235739585616,137325.00000000003
dry_high_load,415.0,False,8,0.255471375696373,0.003430183635496474,45.156201262205684,336.5802779110564,0.0010399485332559307,1.192896148292632e-06,1.4350507375310761e-05,0.0,0.9852737827907727,0.0011301802569258263,137325.00000000003
dry_high_load,416.0,False,8,0.255471375696373,0.003430183635496474,45.156201262205684,381.7364791732612,0.0010399222045190109,1.2192248852120812e-06,1.4350507375310761e-05,0.0,0.9852488382734326,0.0011551247742660371,137324.99999999994
dry_high_load,417.0,False,8,0.255471375696373,0.003430183635496474,45.156201262205684,426.89268043546605,0.0010398958757820917,1.2455536221315305e-06,1.4350507375310761e-05,0.0,0.9852238937560922,0.0011800692916062471,137325.00000000003
dry_high_load,418.0,False,8,0.255471375696373,0.003430183635496474,45.156201262205684,472.0488816976709,0.0010398695470451723,1.2718823590509799e-06,1.4350507375310761e-05,0.0,0.9851989492387521,0.0012050138089464574,137325.00000000003
dry_high_load,419.0,False,8,0.255471375696373,0.003430183635496474,45.156201262205684,517.2050829598758,0.001039843218308253,1.2982110959704292e-06,1.4350507375310761e-05,0.0,0.9851740047214118,0.0012299583262866678,137325.00000000003
dry_high_load,420.0,False,8,0.255471375696373,0.003430183635496474,45.156201262205684,562.3612842220806,0.0010398168895713333,1.3245398328898785e-06,1.4350507375310761e-05,0.0,0.9851490602040717,0.0012549028436268784,137324.99999999997
dry_high_load,421.0,False,8,0.255471375696373,0.003430183635496474,45.156201262205684,607.5174854842854,0.001039790560834414,1.3508685698093278e-06,1.4350507375310761e-05,0.0,0.9851241156867313,0.0012798473609670884,137325.00000000003
dry_high_load,422.0,False,8,0.255471375696373,0.003430183635496474,45.156201262205684,652.6736867464903,0.0010397642320974945,1.377197306728777e-06,1.4350507375310761e-05,0.0,0.9850991711693912,0.0013047918783072989,137325.00000000003
dry_high_load,423.0,False,8,0.255471375696373,0.003430183635496474,45.156201262205684,697.8298880086951,0.0010397379033605751,1.4035260436482264e-06,1.4350507375310761e-05,0.0,0.985074226652051,0.0013297363956475093,137325.00000000003
dry_high_load,424.0,False,8,0.255471375696373,0.003430183635496474,45.156201262205684,742.9860892708999,0.0010397115746236555,1.4298547805676757e-06,1.4350507375310761e-05,0.0,0.9850492821347107,0.0013546809129877195,137325.00000000003
dry_high_load,425.0,False,8,0.255471375696373,0.003430183635496474,45.156201262205684,788.1422905331048,0.0010396852458867361,1.456183517487125e-06,1.4350507375310761e-05,0.0,0.9850243376173705,0.00137962543032793,137325.00000000003
dry_high_load,426.0,False,8,0.255471375696373,0.003430183635496474,45.156201262205684,833.2984917953096,0.0010396589171498165,1.4825122544065743e-06,1.4350507375310761e-05,0.0,0.9849993931000304,0.0014045699476681406,137324.99999999997
dry_high_load,427.0,False,8,0.255471375696373,0.003430183635496474,45.156201262205684,878.4546930575144,0.0010396325884128972,1.5088409913260236e-06,1.4350507375310761e-05,0.0,0.9849744485826902,0.001429514465008351,137324.99999999997
dry_high_load,428.0,False,8,0.255471375696373,0.003430183635496474,45.156201262205684,923.6108943197193,0.0010396062596759778,1.535169728245473e-06,1.4350507375310761e-05,0.0,0.9849495040653499,0.001454458982348561,137325.00000000003
dry_high_load,429.0,False,8,0.255471375696373,0.003430183635496474,45.156201262205684,968.7670955819241,0.0010395799309390584,1.5614984651649222e-06,1.4350507375310761e-05,0.0,0.9849245595480097,0.0014794034996887713,137325.00000000003
dry_high_load,430.0,False,8,0.255471375696373,0.003430183635496474,45.156201262205684,1013.9232968441289,0.0010395536022021388,1.5878272020843715e-06,1.4350507375310761e-05,0.0,0.9848996150306696,0.0015043480170289821,137324.99999999997
dry_high_load,431.0,False,8,0.255471375696373,0.003430183635496474,45.156201262205684,1059.0794981063425,0.0010395272734652194,1.6141559390038208e-06,1.4350507375310761e-05,0.0,0.9848746705133294,0.0015292925343691924,137324.99999999997
dry_high_load,432.0,False,8,0.255471375696373,0.003430183635496474,45.156201262205684,1104.2356993685587,0.0010395009447283,1.6404846759232701e-06,1.4350507375310761e-05,0.0,0.9848497259959891,0.0015542370517094024,137325.00000000003
dry_high_load,433.0,False,8,0.255471375696373,0.003430183635496474,45.156201262205684,1149.391900630775,0.0010394746159913806,1.6668134128427195e-06,1.4350507375310761e-05,0.0,0.9848247814786489,0.0015791815690496128,137325.00000000003
dry_high_load,434.0,False,8,0.255471375696373,0.003430183635496474,45.156201262205684,1194.548101892991,0.001039448287254461,1.6931421497621688e-06,1.4350507375310761e-05,0.0,0.9847998369613088,0.0016041260863898235,137324.99999999997
dry_high_load,435.0,False,8,0.255471375696373,0.003430183635496474,45.156201262205684,1239.7043031552073,0.0010394219585175416,1.719470886681618e-06,1.4350507375310761e-05,0.0,0.9847748924439684,0.0016290706037300335,137325.00000000003
dry_high_load,436.0,False,8,0.255471375696373,0.003430183635496474,45.156201262205684,1284.8605044174235,0.001039395629780622,1.7457996236010674e-06,1.4350507375310761e-05,0.0,0.9847499479266282,0.0016540151210702443,137324.99999999997
dry_high_load,437.0,False,8,0.255471375696373,0.003430183635496474,45.156201262205684,1330.0167056796397,0.0010393693010437026,1.7721283605205167e-06,1.4350507375310761e-05,0.0,0.984725003409288,0.0016789596384104545,137324.99999999997
dry_high_load,438.0,False,8,0.255471375696373,0.003430183635496474,45.156201262205684,1375.172906941856,0.0010393429723067832,1.798457097439966e-06,1.4350507375310761e-05,0.0,0.9847000588919479,0.001703904155750665,137324.99999999997
dry_high_load,439.0,False,8,0.255471375696373,0.003430183635496474,45.156201262205684,1420.329108204072,0.0010393166435698638,1.8247858343594153e-06,1.4350507375310761e-05,0.0,0.9846751143746075,0.001728848673090875,137325.00000000003
dry_high_load,440.0,False,8,0.255471375696373,0.003430183635496474,45.156201262205684,1465.4853094662883,0.0010392903148329444,1.8511145712788646e-06,1.4350507375310761e-05,0.0,0.9846501698572674,0.0017537931904310854,137325.00000000003
dry_high_load,441.0,False,8,0.255471375696373,0.003430183635496474,45.156201262205684,1510.6415107285045,0.001039263986096025,1.877443308198314e-06,1.4350507375310761e-05,0.0,0.9846252253399272,0.0017787377077712956,137325.00000000003
dry_high_load,442.0,False,8,0.255471375696373,0.003430183635496474,45.156201262205684,1555.7977119907207,0.0010392376573591052,1.9037720451177632e-06,1.4350507375310761e-05,0.0,0.9846002808225869,0.0018036822251115065,137324.99999999997
dry_high_load,443.0,False,8,0.255471375696373,0.003430183635496474,45.156201262205684,1600.953913252937,0.0010392113286221858,1.930100782037231e-06,1.4350507375310761e-05,0.0,0.9845753363052467,0.0018286267424517343,137324.99999999997
dry_high_load,444.0,False,8,0.255471375696373,0.003430183635496474,45.156201262205684,1646.110114515153,0.0010391849998852665,1.9564295189567014e-06,1.4350507375310761e-05,0.0,0.9845503917879066,0.0018535712597919647,137324.99999999997
dry_high_load,445.0,False,8,0.255471375696373,0.003430183635496474,45.156201262205684,1691.2663157773693,0.001039158671148347,1.982758255876172e-06,1.4350507375310761e-05,0.0,0.9845254472705662,0.0018785157771321946,137325.00000000003
dry_high_load,446.0,False,8,0.255471375696373,0.003430183635496474,45.156201262205684,1736.4225170395855,0.0010391323424114277,2.0090869927956424e-06,1.4350507375310761e-05,0.0,0.9845005027532261,0.0019034602944724252,137325.00000000003
dry_high_load,447.0,False,8,0.255471375696373,0.003430183635496474,45.156201262205684,1781.5787183018017,0.001039106013674508,2.035415729715113e-06,1.4350507375310761e-05,0.0,0.984475558235886,0.001928404811812656,137324.99999999997
dry_high_load,448.0,False,8,0.255471375696373,0.003430183635496474,45.156201262205684,1826.734919564018,0.0010390796849375885,2.0617444666345834e-06,1.4350507375310761e-05,0.0,0.9844506137185456,0.0019533493291528864,137324.99999999997
dry_high_load,449.0,False,8,0.255471375696373,0.003430183635496474,45.156201262205684,1871.891120826234,0.001039053356200669,2.088073203554054e-06,1.4350507375310761e-05,0.0,0.9844256692012054,0.001978293846493117,137324.99999999997
dry_high_load,450.0,False,8,0.255471375696373,0.003430183635496474,45.156201262205684,1917.0473220884503,0.0010390270274637497,2.1144019404735243e-06,1.4350507375310761e-05,0.0,0.9844007246838653,0.002003238363833347,137324.99999999997
dry_high_load,451.0,False,8,0.255471375696373,0.003430183635496474,45.156201262205684,1962.2035233506665,0.0010390006987268303,2.140730677392995e-06,1.4350507375310761e-05,0.0,0.9843757801665249,0.002028182881173577,137325.00000000003
dry_high_load,452.0,False,8,0.255471375696373,0.003430183635496474,45.156201262205684,2007.3597246128827,0.0010389743699899107,2.1670594143124653e-06,1.4350507375310761e-05,0.0,0.9843508356491848,0.002053127398513808,137324.99999999997
dry_high_load,453.0,False,8,0.255471375696373,0.003430183635496474,45.156201262205684,2052.5159258750987,0.0010389480412529913,2.1933881512319358e-06,1.4350507375310761e-05,0.0,0.9843258911318444,0.002078071915854038,137325.00000000003
dry_high_load,454.0,False,8,0.255471375696373,0.003430183635496474,45.156201262205684,2097.672127137315,0.0010389217125160717,2.2197168881514063e-06,1.4350507375310761e-05,0.0,0.9843009466145042,0.002103016433194269,137324.99999999997
dry_high_load,455.0,False,8,0.255471375696373,0.003430183635496474,45.156201262205684,2142.828328399531,0.0010388953837791523,2.2460456250708767e-06,1.4350507375310761e-05,0.0,0.984276002097164,0.0021279609505344996,137324.99999999997
dry_high_load,456.0,False,8,0.255471375696373,0.003430183635496474,45.156201262205684,2187.9845296617473,0.001038869055042233,2.2723743619903472e-06,1.4350507375310761e-05,0.0,0.9842510575798237,0.0021529054678747295,137325.00000000003
dry_high_load,457.0,False,8,0.255471375696373,0.003430183635496474,45.156201262205684,2233.1407309239635,0.0010388427263053133,2.2987030989098177e-06,1.4350507375310761e-05,0.0,0.9842261130624835,0.0021778499852149603,137324.99999999997
dry_high_load,458.0,False,8,0.255471375696373,0.003430183635496474,45.156201262205684,2278.2969321861797,0.001038816397568394,2.325031835829288e-06,1.4350507375310761e-05,0.0,0.9842011685451434,0.0022027945025551907,137324.99999999997
dry_high_load,459.0,False,9,0.2128280122488928,0.0033842731392108466,44.5518185729327,23.187660902153983,0.0010425261517122664,1.010668956410616e-06,1.1955116110856823e-05,0.0,0.9877158843043105,0.0009575335643911411,137324.99999999994
dry_high_load,460.0,False,9,0.2554568362478756,0.0034301679821041927,45.15599519518205,68.2651254026014,0.001040105248430427,1.0369976933300652e-06,1.4349690655776816e-05,0.0,0.9854222587468986,0.0009824780817313512,137324.99999999997
dry_high_load,461.0,False,9,0.25547137073908216,0.003430183630159379,45.1562011919462,113.42129981915043,0.001040078103252438,1.0633264302495145e-06,1.4350507096846534e-05,0.0,0.9853965407124512,0.0010074225990715617,137324.99999999997
dry_high_load,462.0,False,9,0.255471375694683,0.0034301836354946546,45.15620126218173,158.57750107220298,0.0010400517742371492,1.0896551671689638e-06,1.4350507375215828e-05,0.0,0.9853715959313768,0.0010323671164117721,137324.99999999997
dry_high_load,463.0,False,9,0.2554713756963726,0.0034301836354964734,45.15620126220568,203.73370233440522,0.0010400254455001348,1.1159839040884131e-06,1.435050737531074e-05,0.0,0.9853466514139464,0.0010573116337519821,137325.00000000003
dry_high_load,464.0,False,9,0.255471375696373,0.003430183635496474,45.156201262205684,248.88990359661005,0.0010399991167632154,1.1423126410078624e-06,1.4350507375310761e-05,0.0,0.9853217068966063,0.0010822561510921926,137325.00000000003
dry_high_load,465.0,False,9,0.255471375696373,0.003430183635496474,45.156201262205684,294.0461048588149,0.0010399727880262958,1.1686413779273117e-06,1.4350507375310761e-05,0.0,0.9852967623792661,0.0011072006684324032,137324.99999999997
dry_high_load,466.0,False,9,0.255471375696373,0.003430183635496474,45.156201262205684,339.2023061210197,0.0010399464592893764,1.194970114846761e-06,1.4350507375310761e-05,0.0,0.985271817861926,0.0011321451857726134,137324.99999999997
dry_high_load,467.0,False,9,0.255471375696373,0.003430183635496474,45.156201262205684,384.35850738322455,0.001039920130552457,1.2212988517662104e-06,1.4350507375310761e-05,0.0,0.9852468733445856,0.0011570897031128236,137325.00000000003
dry_high_load,468.0,False,9,0.255471375696373,0.003430183635496474,45.156201262205684,429.5147086454294,0.0010398938018155376,1.2476275886856597e-06,1.4350507375310761e-05,0.0,0.9852219288272455,0.001182034220453034,137325.00000000003
dry_high_load,469.0,False,9,0.255471375696373,0.003430183635496474,45.156201262205684,474.6709099076342,0.001039867473078618,1.273956325605109e-06,1.4350507375310761e-05,0.0,0.9851969843099053,0.0012069787377932445,137324.99999999997
dry_high_load,470.0,False,9,0.255471375696373,0.003430183635496474,45.156201262205684,519.8271111698391,0.0010398411443416986,1.3002850625245583e-06,1.4350507375310761e-05,0.0,0.9851720397925652,0.001231923255133455,137324.99999999997
dry_high_load,471.0,False,9,0.255471375696373,0.003430183635496474,45.156201262205684,564.9833124320439,0.0010398148156047793,1.3266137994440076e-06,1.4350507375310761e-05,0.0,0.9851470952752248,0.0012568677724736652,137325.00000000003
dry_high_load,472.0,False,9,0.255471375696373,0.003430183635496474,45.156201262205684,610.1395136942488,0.0010397884868678599,1.3529425363634569e-06,1.4350507375310761e-05,0.0,0.9851221507578847,0.0012818122898138754,137325.00000000003
dry_high_load,473.0,False,9,0.255471375696373,0.003430183635496474,45.156201262205684,655.2957149564536,0.0010397621581309403,1.3792712732829062e-06,1.4350507375310761e-05,0.0,0.9850972062405445,0.001306756807154086,137324.99999999997
dry_high_load,474.0,False,9,0.255471375696373,0.003430183635496474,45.156201262205684,700.4519162186584,0.0010397358293940209,1.4056000102023555e-06,1.4350507375310761e-05,0.0,0.9850722617232042,0.0013317013244942963,137325.00000000003
dry_high_load,475.0,False,9,0.255471375696373,0.003430183635496474,45.156201262205684,745.6081174808633,0.0010397095006571013,1.4319287471218048e-06,1.4350507375310761e-05,0.0,0.985047317205864,0.0013566458418345067,137324.99999999997
dry_high_load,476.0,False,9,0.255471375696373,0.003430183635496474,45.156201262205684,790.7643187430681,0.0010396831719201819,1.4582574840412541e-06,1.4350507375310761e-05,0.0,0.9850223726885238,0.0013815903591747171,137324.99999999997
dry_high_load,477.0,False,9,0.255471375696373,0.003430183635496474,45.156201262205684,835.9205200052729,0.0010396568431832625,1.4845862209607034e-06,1.4350507375310761e-05,0.0,0.9849974281711836,0.0014065348765149276,137324.99999999997
dry_high_load,478.0,False,9,0.255471375696373,0.003430183635496474,45.156201262205684,881.0767212674778,0.001039630514446343,1.5109149578801527e-06,1.4350507375310761e-05,0.0,0.9849724836538433,0.0014314793938551376,137325.00000000003
dry_high_load,479.0,False,9,0.255471375696373,0.003430183635496474,45.156201262205684,926.2329225296826,0.0010396041857094237,1.537243694799602e-06,1.4350507375310761e-05,0.0,0.9849475391365031,0.001456423911195348,137325.00000000003
dry_high_load,480.0,False,9,0.255471375696373,0.003430183635496474,45.156201262205684,971.3891237918874,0.0010395778569725043,1.5635724317190513e-06,1.4350507375310761e-05,0.0,0.984922594619163,0.0014813684285355582,137325.00000000003
dry_high_load,481.0,False,9,0.255471375696373,0.003430183635496474,45.156201262205684,1016.5453250540922,0.001039551528235585,1.5899011686385007e-06,1.4350507375310761e-05,0.0,0.9848976501018226,0.0015063129458757684,137325.00000000003
dry_high_load,482.0,False,9,0.255471375696373,0.003430183635496474,45.156201262205684,1061.7015263163066,0.0010395251994986651,1.61622990555795e-06,1.4350507375310761e-05,0.0,0.9848727055844825,0.0015312574632159793,137324.99999999997
dry_high_load,483.0,False,9,0.255471375696373,0.003430183635496474,45.156201262205684,1106.8577275785228,0.0010394988707617457,1.6425586424773993e-06,1.4350507375310761e-05,0.0,0.9848477610671423,0.0015562019805561897,137324.99999999997
dry_high_load,484.0,False,9,0.255471375696373,0.003430183635496474,45.156201262205684,1152.013928840739,0.0010394725420248263,1.6688873793968486e-06,1.4350507375310761e-05,0.0,0.9848228165498022,0.0015811464978964002,137324.99999999997
dry_high_load,485.0,False,9,0.255471375696373,0.003430183635496474,45.156201262205684,1197.1701301029552,0.001039446213287907,1.6952161163162979e-06,1.4350507375310761e-05,0.0,0.9847978720324618,0.0016060910152366102,137325.00000000003
dry_high_load,486.0,False,9,0.255471375696373,0.003430183635496474,45.156201262205684,1242.3263313651714,0.0010394198845509876,1.7215448532357472e-06,1.4350507375310761e-05,0.0,0.9847729275151217,0.0016310355325768204,137325.00000000003
dry_high_load,487.0,False,9,0.255471375696373,0.003430183635496474,45.156201262205684,1287.4825326273876,0.0010393935558140682,1.7478735901551965e-06,1.4350507375310761e-05,0.0,0.9847479829977815,0.0016559800499170308,137325.00000000003
dry_high_load,488.0,False,9,0.255471375696373,0.003430183635496474,45.156201262205684,1332.6387338896038,0.0010393672270771486,1.7742023270746458e-06,1.4350507375310761e-05,0.0,0.9847230384804414,0.0016809245672572415,137324.99999999997
dry_high_load,489.0,False,9,0.255471375696373,0.003430183635496474,45.156201262205684,1377.79493515182,0.0010393408983402292,1.8005310639940951e-06,1.4350507375310761e-05,0.0,0.984698093963101,0.0017058690845974515,137325.00000000003
dry_high_load,490.0,False,9,0.255471375696373,0.003430183635496474,45.156201262205684,1422.9511364140362,0.0010393145696033098,1.8268598009135444e-06,1.4350507375310761e-05,0.0,0.9846731494457609,0.001730813601937662,137325.00000000003
dry_high_load,491.0,False,9,0.255471375696373,0.003430183635496474,45.156201262205684,1468.1073376762524,0.0010392882408663902,1.8531885378329937e-06,1.4350507375310761e-05,0.0,0.9846482049284206,0.0017557581192778726,137324.99999999997
dry_high_load,492.0,False,9,0.255471375696373,0.003430183635496474,45.156201262205684,1513.2635389384686,0.0010392619121294708,1.879517274752443e-06,1.4350507375310761e-05,0.0,0.9846232604110804,0.0017807026366180826,137325.00000000003
dry_high_load,493.0,False,9,0.255471375696373,0.003430183635496474,45.156201262205684,1558.4197402006848,0.0010392355833925514,1.9058460116718923e-06,1.4350507375310761e-05,0.0,0.9845983158937401,0.001805647153958293,137325.00000000003
dry_high_load,494.0,False,9,0.255471375696373,0.003430183635496474,45.156201262205684,1603.575941462901,0.0010392092546556318,1.9321747485913618e-06,1.4350507375310761e-05,0.0,0.9845733713764,0.0018305916712985227,137324.99999999997
dry_high_load,495.0,False,9,0.255471375696373,0.003430183635496474,45.156201262205684,1648.7321427251172,0.0010391829259187124,1.9585034855108322e-06,1.4350507375310761e-05,0.0,0.9845484268590596,0.001855536188638753,137325.00000000003
dry_high_load,496.0,False,9,0.255471375696373,0.003430183635496474,45.156201262205684,1693.8883439873334,0.001039156597181793,1.9848322224303027e-06,1.4350507375310761e-05,0.0,0.9845234823417195,0.0018804807059789833,137325.00000000003
dry_high_load,497.0,False,9,0.255471375696373,0.003430183635496474,45.156201262205684,1739.0445452495496,0.0010391302684448734,2.011160959349773e-06,1.4350507375310761e-05,0.0,0.9844985378243793,0.0019054252233192141,137324.99999999997
dry_high_load,498.0,False,9,0.255471375696373,0.003430183635496474,45.156201262205684,1784.2007465117658,0.001039103939707954,2.0374896962692437e-06,1.4350507375310761e-05,0.0,0.984473593307039,0.001930369740659444,137325.00000000003
dry_high_load,499.0,False,9,0.255471375696373,0.003430183635496474,45.156201262205684,1829.356947773982,0.0010390776109710346,2.063818433188714e-06,1.4350507375310761e-05,0.0,0.9844486487896988,0.0019553142579996747,137325.00000000003
dry_high_load,500.0,False,9,0.255471375696373,0.003430183635496474,45.156201262205684,1874.5131490361982,0.001039051282234115,2.0901471701081847e-06,1.4350507375310761e-05,0.0,0.9844237042723587,0.0019802587753399055,137324.99999999997
dry_high_load,501.0,False,9,0.255471375696373,0.003430183635496474,45.156201262205684,1919.6693502984144,0.0010390249534971956,2.116475907027655e-06,1.4350507375310761e-05,0.0,0.9843987597550183,0.0020052032926801354,137325.00000000003
dry_high_load,502.0,False,9,0.255471375696373,0.003430183635496474,45.156201262205684,1964.8255515606306,0.001038998624760276,2.1428046439471256e-06,1.4350507375310761e-05,0.0,0.9843738152376782,0.0020301478100203663,137324.99999999997
dry_high_load,503.0,False,9,0.255471375696373,0.003430183635496474,45.156201262205684,2009.9817528228468,0.0010389722960233566,2.169133380866596e-06,1.4350507375310761e-05,0.0,0.9843488707203378,0.002055092327360596,137325.00000000003
dry_high_load,504.0,False,9,0.255471375696373,0.003430183635496474,45.156201262205684,2055.137954085063,0.0010389459672864372,2.1954621177860666e-06,1.4350507375310761e-05,0.0,0.9843239262029977,0.0020800368447008266,137325.00000000003
dry_high_load,505.0,False,9,0.255471375696373,0.003430183635496474,45.156201262205684,2100.2941553472792,0.0010389196385495179,2.221790854705537e-06,1.4350507375310761e-05,0.0,0.9842989816856575,0.002104981362041057,137325.00000000003
dry_high_load,506.0,False,9,0.255471375696373,0.003430183635496474,45.156201262205684,2145.4503566094954,0.0010388933098125983,2.2481195916250075e-06,1.4350507375310761e-05,0.0,0.9842740371683172,0.0021299258793812874,137325.00000000003
dry_high_load,507.0,False,9,0.255471375696373,0.003430183635496474,45.156201262205684,2190.6065578717116,0.0010388669810756786,2.274448328544478e-06,1.4350507375310761e-05,0.0,0.984249092650977,0.002154870396721518,137324.99999999997
dry_high_load,508.0,False,9,0.255471375696373,0.003430183635496474,45.156201262205684,2235.762759133928,0.0010388406523387593,2.3007770654639485e-06,1.4350507375310761e-05,0.0,0.9842241481336369,0.002179814914061749,137324.99999999997
dry_high_load,509.0,False,9,0.255471375696373,0.003430183635496474,45.156201262205684,2280.918960396144,0.0010388143236018399,2.327105802383419e-06,1.4350507375310761e-05,0.0,0.9841992036162965,0.002204759431401979,137325.00000000003
dry_high_load,510.0,False,10,0.22905864880575327,0.0034017472903826894,44.78185473747983,25.779710622357037,0.001041612642177409,1.0124604211701934e-06,1.2866834180954965e-05,0.0,0.9868504020556773,0.0009592308438275364,137325.00000000003
dry_high_load,511.0,False,10,0.25546237015714596,0.0034301739399954204,45.15607362705742,70.88714339126284,0.0010401031461112495,1.0387891580896427e-06,1.435000151019478e-05,0.0,0.9854202669560528,0.000984175361167747,137324.99999999997
dry_high_load,512.0,False,10,0.25547137262589364,0.003430183632190749,45.1562012186879,116.04332802562917,0.0010400763116816913,1.065117895009092e-06,1.435050720283376e-05,0.0,0.9853948433325997,0.0010091198785079573,137325.00000000003
dry_high_load,513.0,False,10,0.2554713756953263,0.003430183635495347,45.15620126219085,161.19952928216554,0.0010400499827723534,1.0914466319285413e-06,1.4350507375251965e-05,0.0,0.9853698986519059,0.0010340643958481677,137325.00000000003
dry_high_load,514.0,False,10,0.2554713756963728,0.003430183635496474,45.156201262205684,206.3557305443689,0.0010400236540353753,1.1177753688479907e-06,1.435050737531075e-05,0.0,0.9853449541345101,0.001059008913188378,137325.00000000003
dry_high_load,515.0,False,10,0.255471375696373,0.003430183635496474,45.156201262205684,251.51193180657373,0.0010399973252984557,1.14410410576744e-06,1.4350507375310761e-05,0.0,0.9853200096171699,0.0010839534305285886,137324.99999999997
dry_high_load,516.0,False,10,0.255471375696373,0.003430183635496474,45.156201262205684,296.66813306877856,0.0010399709965615363,1.1704328426868893e-06,1.4350507375310761e-05,0.0,0.9852950650998298,0.001108897947868799,137324.99999999997
dry_high_load,517.0,False,10,0.255471375696373,0.003430183635496474,45.156201262205684,341.8243343309834,0.001039944667824617,1.1967615796063386e-06,1.4350507375310761e-05,0.0,0.9852701205824894,0.001133842465209009,137325.00000000003
dry_high_load,518.0,False,10,0.255471375696373,0.003430183635496474,45.156201262205684,386.9805355931882,0.0010399183390876975,1.2230903165257879e-06,1.4350507375310761e-05,0.0,0.9852451760651493,0.0011587869825492195,137325.00000000003
dry_high_load,519.0,False,10,0.255471375696373,0.003430183635496474,45.156201262205684,432.13673685539305,0.0010398920103507781,1.2494190534452372e-06,1.4350507375310761e-05,0.0,0.9852202315478091,0.00118373149988943,137325.00000000003
dry_high_load,520.0,False,10,0.255471375696373,0.003430183635496474,45.156201262205684,477.2929381175979,0.0010398656816138585,1.2757477903646865e-06,1.4350507375310761e-05,0.0,0.985195287030469,0.0012086760172296403,137324.99999999997
dry_high_load,521.0,False,10,0.255471375696373,0.003430183635496474,45.156201262205684,522.4491393798028,0.0010398393528769391,1.3020765272841358e-06,1.4350507375310761e-05,0.0,0.9851703425131286,0.0012336205345698506,137325.00000000003
dry_high_load,522.0,False,10,0.255471375696373,0.003430183635496474,45.156201262205684,567.6053406420076,0.0010398130241400197,1.328405264203585e-06,1.4350507375310761e-05,0.0,0.9851453979957885,0.001258565051910061,137325.00000000003
dry_high_load,523.0,False,10,0.255471375696373,0.003430183635496474,45.156201262205684,612.7615419042124,0.0010397866954031001,1.3547340011230344e-06,1.4350507375310761e-05,0.0,0.9851204534784483,0.0012835095692502714,137324.99999999997
dry_high_load,524.0,False,10,0.255471375696373,0.003430183635496474,45.156201262205684,657.9177431664173,0.0010397603666661807,1.3810627380424837e-06,1.4350507375310761e-05,0.0,0.985095508961108,0.0013084540865904817,137325.00000000003
dry_high_load,525.0,False,10,0.255471375696373,0.003430183635496474,45.156201262205684,703.0739444286221,0.0010397340379292614,1.407391474961933e-06,1.4350507375310761e-05,0.0,0.9850705644437678,0.001333398603930692,137325.00000000003
dry_high_load,526.0,False,10,0.255471375696373,0.003430183635496474,45.156201262205684,748.2301456908269,0.0010397077091923417,1.4337202118813823e-06,1.4350507375310761e-05,0.0,0.9850456199264276,0.0013583431212709025,137324.99999999997
dry_high_load,527.0,False,10,0.255471375696373,0.003430183635496474,45.156201262205684,793.3863469530318,0.0010396813804554224,1.4600489488008316e-06,1.4350507375310761e-05,0.0,0.9850206754090874,0.001383287638611113,137324.99999999997
dry_high_load,528.0,False,10,0.255471375696373,0.003430183635496474,45.156201262205684,838.5425482152366,0.001039655051718503,1.486377685720281e-06,1.4350507375310761e-05,0.0,0.9849957308917471,0.001408232155951323,137325.00000000003
dry_high_load,529.0,False,10,0.255471375696373,0.003430183635496474,45.156201262205684,883.6987494774414,0.0010396287229815836,1.5127064226397303e-06,1.4350507375310761e-05,0.0,0.9849707863744069,0.0014331766732915334,137325.00000000003
dry_high_load,530.0,False,10,0.255471375696373,0.003430183635496474,45.156201262205684,928.8549507396463,0.001039602394244664,1.5390351595591796e-06,1.4350507375310761e-05,0.0,0.9849458418570668,0.001458121190631744,137324.99999999997
dry_high_load,531.0,False,10,0.255471375696373,0.003430183635496474,45.156201262205684,974.0111520018511,0.0010395760655077446,1.5653638964786289e-06,1.4350507375310761e-05,0.0,0.9849208973397264,0.001483065707971954,137325.00000000003
dry_high_load,532.0,False,10,0.255471375696373,0.003430183635496474,45.156201262205684,1019.1673532640559,0.001039549736770825,1.5916926333980782e-06,1.4350507375310761e-05,0.0,0.9848959528223863,0.001508010225312165,137324.99999999997
dry_high_load,533.0,False,10,0.255471375696373,0.003430183635496474,45.156201262205684,1064.323554526271,0.0010395234080339056,1.6180213703175275e-06,1.4350507375310761e-05,0.0,0.9848710083050461,0.0015329547426523751,137324.99999999997
dry_high_load,534.0,False,10,0.255471375696373,0.003430183635496474,45.156201262205684,1109.4797557884872,0.0010394970792969862,1.6443501072369768e-06,1.4350507375310761e-05,0.0,0.984846063787706,0.0015578992599925856,137324.99999999997
dry_high_load,535.0,False,10,0.255471375696373,0.003430183635496474,45.156201262205684,1154.6359570507034,0.0010394707505600668,1.670678844156426e-06,1.4350507375310761e-05,0.0,0.9848211192703656,0.0015828437773327956,137325.00000000003
dry_high_load,536.0,False,10,0.255471375696373,0.003430183635496474,45.156201262205684,1199.7921583129196,0.0010394444218231472,1.6970075810758754e-06,1.4350507375310761e-05,0.0,0.9847961747530255,0.0016077882946730062,137324.99999999997
dry_high_load,537.0,False,10,0.255471375696373,0.003430183635496474,45.156201262205684,1244.9483595751358,0.0010394180930862278,1.7233363179953247e-06,1.4350507375310761e-05,0.0,0.9847712302356854,0.0016327328120132167,137324.99999999997
dry_high_load,538.0,False,10,0.255471375696373,0.003430183635496474,45.156201262205684,1290.104560837352,0.0010393917643493086,1.749665054914774e-06,1.4350507375310761e-05,0.0,0.9847462857183452,0.0016576773293534267,137325.00000000003
dry_high_load,539.0,False,10,0.255471375696373,0.003430183635496474,45.156201262205684,1335.2607620995682,0.001039365435612389,1.7759937918342233e-06,1.4350507375310761e-05,0.0,0.9847213412010049,0.001682621846693637,137325.00000000003
dry_high_load,540.0,False,10,0.255471375696373,0.003430183635496474,45.156201262205684,1380.4169633617844,0.0010393391068754696,1.8023225287536726e-06,1.4350507375310761e-05,0.0,0.9846963966836647,0.0017075663640338473,137325.00000000003
dry_high_load,541.0,False,10,0.255471375696373,0.003430183635496474,45.156201262205684,1425.5731646240006,0.00103931277813855,1.828651265673122e-06,1.4350507375310761e-05,0.0,0.9846714521663245,0.0017325108813740582,137324.99999999997
dry_high_load,542.0,False,10,0.255471375696373,0.003430183635496474,45.156201262205684,1470.7293658862168,0.0010392864494016304,1.8549800025925712e-06,1.4350507375310761e-05,0.0,0.9846465076489841,0.0017574553987142684,137324.99999999997
dry_high_load,543.0,False,10,0.255471375696373,0.003430183635496474,45.156201262205684,1515.885567148433,0.001039260120664711,1.8813087395120205e-06,1.4350507375310761e-05,0.0,0.984621563131644,0.0017823999160544788,137324.99999999997
dry_high_load,544.0,False,10,0.255471375696373,0.003430183635496474,45.156201262205684,1561.0417684106492,0.0010392337919277919,1.9076374764314703e-06,1.4350507375310761e-05,0.0,0.9845966186143038,0.0018073444333946893,137325.00000000003
dry_high_load,545.0,False,10,0.255471375696373,0.003430183635496474,45.156201262205684,1606.1979696728654,0.0010392074631908725,1.9339662133509408e-06,1.4350507375310761e-05,0.0,0.9845716740969637,0.0018322889507349197,137325.00000000003
dry_high_load,546.0,False,10,0.255471375696373,0.003430183635496474,45.156201262205684,1651.3541709350816,0.0010391811344539529,1.9602949502704112e-06,1.4350507375310761e-05,0.0,0.9845467295796233,0.00185723346807515,137325.00000000003
dry_high_load,547.0,False,10,0.255471375696373,0.003430183635496474,45.156201262205684,1696.5103721972978,0.0010391548057170333,1.9866236871898817e-06,1.4350507375310761e-05,0.0,0.9845217850622832,0.0018821779854153809,137324.99999999997
dry_high_load,548.0,False,10,0.255471375696373,0.003430183635496474,45.156201262205684,1741.666573459514,0.0010391284769801137,2.012952424109352e-06,1.4350507375310761e-05,0.0,0.9844968405449428,0.0019071225027556113,137324.99999999997
dry_high_load,549.0,False,10,0.255471375696373,0.003430183635496474,45.156201262205684,1786.8227747217302,0.0010391021482431943,2.0392811610288227e-06,1.4350507375310761e-05,0.0,0.9844718960276027,0.0019320670200958419,137324.99999999997
dry_high_load,550.0,False,10,0.255471375696373,0.003430183635496474,45.156201262205684,1831.9789759839464,0.001039075819506275,2.065609897948293e-06,1.4350507375310761e-05,0.0,0.9844469515102625,0.0019570115374360716,137325.00000000003
dry_high_load,551.0,False,10,0.255471375696373,0.003430183635496474,45.156201262205684,1877.1351772461626,0.0010390494907693557,2.0919386348677637e-06,1.4350507375310761e-05,0.0,0.9844220069929221,0.001981956054776302,137325.00000000003
dry_high_load,552.0,False,10,0.255471375696373,0.003430183635496474,45.156201262205684,1922.2913785083788,0.001039023162032436,2.118267371787234e-06,1.4350507375310761e-05,0.0,0.984397062475582,0.0020069005721165332,137324.99999999997
dry_high_load,553.0,False,10,0.255471375696373,0.003430183635496474,45.156201262205684,1967.447579770595,0.0010389968332955165,2.1445961087067046e-06,1.4350507375310761e-05,0.0,0.9843721179582419,0.0020318450894567636,137324.99999999997
dry_high_load,554.0,False,10,0.255471375696373,0.003430183635496474,45.156201262205684,2012.6037810328112,0.001038970504558597,2.170924845626175e-06,1.4350507375310761e-05,0.0,0.9843471734409015,0.002056789606796994,137324.99999999997
dry_high_load,555.0,False,10,0.255471375696373,0.003430183635496474,45.156201262205684,2057.7599822950274,0.0010389441758216775,2.1972535825456456e-06,1.4350507375310761e-05,0.0,0.9843222289235614,0.0020817341241372244,137324.99999999997
dry_high_load,556.0,False,10,0.255471375696373,0.003430183635496474,45.156201262205684,2102.9161835572436,0.0010389178470847583,2.223582319465116e-06,1.4350507375310761e-05,0.0,0.984297284406221,0.002106678641477454,137325.00000000003
dry_high_load,557.0,False,10,0.255471375696373,0.003430183635496474,45.156201262205684,2148.07238481946,0.0010388915183478385,2.2499110563845865e-06,1.4350507375310761e-05,0.0,0.9842723398888809,0.002131623158817685,137324.99999999997
dry_high_load,558.0,False,10,0.255471375696373,0.003430183635496474,45.156201262205684,2193.228586081676,0.0010388651896109191,2.276239793304057e-06,1.4350507375310761e-05,0.0,0.9842473953715407,0.0021565676761579155,137324.99999999997
dry_high_load,559.0,False,10,0.255471375696373,0.003430183635496474,45.156201262205684,2238.384787343892,0.0010388388608739997,2.3025685302235275e-06,1.4350507375310761e-05,0.0,0.9842224508542003,0.0021815121934981455,137325.00000000003
dry_high_load,560.0,False,10,0.255471375696373,0.003430183635496474,45.156201262205684,2283.5409886061084,0.0010388125321370801,2.328897267142998e-06,1.4350507375310761e-05,0.0,0.9841975063368602,0.0022064567108383763,137324.99999999997
dry_high_load,561.0,False,11,0.23911168721500656,0.0034125705450519825,44.924336049879884,28.383170558183167,0.001041046265806439,1.014130858087639e-06,1.3431540115007363e-05,0.0,0.9863138026263175,0.0009608134583973288,137325.00000000003
dry_high_load,562.0,False,11,0.2554657977862628,0.00343017763023327,45.15612220670817,73.50916527028913,0.0010401012831352783,1.0404595950070883e-06,1.4350194049248471e-05,0.0,0.9854185019250694,0.0009857579757375395,137324.99999999997
dry_high_load,563.0,False,11,0.25547137379455936,0.0034301836334489524,45.15620123525136,118.66535623343431,0.0010400746411791267,1.0667883319265376e-06,1.4350507268480826e-05,0.0,0.9853932606558342,0.0010107024930777497,137325.00000000003
dry_high_load,564.0,False,11,0.25547137569572476,0.003430183635495776,45.1562012621965,163.82155749212853,0.0010400483123354136,1.093117068845987e-06,1.4350507375274346e-05,0.0,0.9853683160373151,0.0010356470104179601,137324.99999999997
dry_high_load,565.0,False,11,0.25547137569637296,0.003430183635496474,45.156201262205684,208.97775875433257,0.0010400219835984578,1.1194458057654362e-06,1.435050737531076e-05,0.0,0.9853433715199402,0.0010605915277581703,137325.00000000003
dry_high_load,566.0,False,11,0.255471375696373,0.003430183635496474,45.156201262205684,254.1339600165374,0.0010399956548615384,1.1457745426848855e-06,1.4350507375310761e-05,0.0,0.9853184270026001,0.0010855360450983808,137325.00000000003
dry_high_load,567.0,False,11,0.255471375696373,0.003430183635496474,45.156201262205684,299.29016127874223,0.0010399693261246188,1.1721032796043348e-06,1.4350507375310761e-05,0.0,0.9852934824852599,0.0011104805624385912,137324.99999999997
dry_high_load,568.0,False,11,0.255471375696373,0.003430183635496474,45.156201262205684,344.44636254094706,0.0010399429973876994,1.1984320165237841e-06,1.4350507375310761e-05,0.0,0.9852685379679198,0.0011354250797788016,137324.99999999997
dry_high_load,569.0,False,11,0.255471375696373,0.003430183635496474,45.156201262205684,389.6025638031519,0.00103991666865078,1.2247607534432334e-06,1.4350507375310761e-05,0.0,0.9852435934505794,0.0011603695971190116,137325.00000000003
dry_high_load,570.0,False,11,0.255471375696373,0.003430183635496474,45.156201262205684,434.7587650653567,0.0010398903399138604,1.2510894903626827e-06,1.4350507375310761e-05,0.0,0.9852186489332393,0.0011853141144592223,137324.99999999997
dry_high_load,571.0,False,11,0.255471375696373,0.003430183635496474,45.156201262205684,479.91496632756156,0.001039864011176941,1.277418227282132e-06,1.4350507375310761e-05,0.0,0.9851937044158992,0.0012102586317994327,137324.99999999997
dry_high_load,572.0,False,11,0.255471375696373,0.003430183635496474,45.156201262205684,525.0711675897664,0.0010398376824400216,1.3037469642015814e-06,1.4350507375310761e-05,0.0,0.9851687598985588,0.0012352031491396427,137325.00000000003
dry_high_load,573.0,False,11,0.255471375696373,0.003430183635496474,45.156201262205684,570.2273688519713,0.001039811353703102,1.3300757011210307e-06,1.4350507375310761e-05,0.0,0.9851438153812186,0.0012601476664798534,137324.99999999997
dry_high_load,574.0,False,11,0.255471375696373,0.003430183635496474,45.156201262205684,615.3835701141761,0.0010397850249661827,1.35640443804048e-06,1.4350507375310761e-05,0.0,0.9851188708638785,0.0012850921838200638,137324.99999999997
dry_high_load,575.0,False,11,0.255471375696373,0.003430183635496474,45.156201262205684,660.5397713763809,0.0010397586962292633,1.3827331749599293e-06,1.4350507375310761e-05,0.0,0.9850939263465384,0.0013100367011602743,137324.99999999997
dry_high_load,576.0,False,11,0.255471375696373,0.003430183635496474,45.156201262205684,705.6959726385858,0.0010397323674923439,1.4090619118793786e-06,1.4350507375310761e-05,0.0,0.985068981829198,0.0013349812185004843,137325.00000000003
dry_high_load,577.0,False,11,0.255471375696373,0.003430183635496474,45.156201262205684,750.8521739007906,0.0010397060387554245,1.4353906487988279e-06,1.4350507375310761e-05,0.0,0.9850440373118579,0.0013599257358406947,137325.00000000003
dry_high_load,578.0,False,11,0.255471375696373,0.003430183635496474,45.156201262205684,796.0083751629954,0.001039679710018505,1.4617193857182772e-06,1.4350507375310761e-05,0.0,0.9850190927945176,0.001384870253180905,137325.00000000003
dry_high_load,579.0,False,11,0.255471375696373,0.003430183635496474,45.156201262205684,841.1645764252003,0.0010396533812815853,1.4880481226377265e-06,1.4350507375310761e-05,0.0,0.9849941482771772,0.0014098147705211156,137324.99999999997
dry_high_load,580.0,False,11,0.255471375696373,0.003430183635496474,45.156201262205684,886.3207776874051,0.0010396270525446659,1.5143768595571758e-06,1.4350507375310761e-05,0.0,0.9849692037598371,0.001434759287861326,137324.99999999997
dry_high_load,581.0,False,11,0.255471375696373,0.003430183635496474,45.156201262205684,931.4769789496099,0.0010396007238077465,1.5407055964766251e-06,1.4350507375310761e-05,0.0,0.984944259242497,0.0014597038052015364,137324.99999999997
dry_high_load,582.0,False,11,0.255471375696373,0.003430183635496474,45.156201262205684,976.6331802118148,0.001039574395070827,1.5670343333960744e-06,1.4350507375310761e-05,0.0,0.9849193147251568,0.0014846483225417467,137324.99999999997
dry_high_load,583.0,False,11,0.255471375696373,0.003430183635496474,45.156201262205684,1021.7893814740196,0.0010395480663339077,1.5933630703155237e-06,1.4350507375310761e-05,0.0,0.9848943702078164,0.0015095928398819569,137325.00000000003
dry_high_load,584.0,False,11,0.255471375696373,0.003430183635496474,45.156201262205684,1066.9455827362353,0.0010395217375969883,1.619691807234973e-06,1.4350507375310761e-05,0.0,0.9848694256904763,0.001534537357222167,137325.00000000003
dry_high_load,585.0,False,11,0.255471375696373,0.003430183635496474,45.156201262205684,1112.1017839984515,0.001039495408860069,1.6460205441544223e-06,1.4350507375310761e-05,0.0,0.9848444811731362,0.0015594818745623775,137325.00000000003
dry_high_load,586.0,False,11,0.255471375696373,0.003430183635496474,45.156201262205684,1157.2579852606677,0.0010394690801231495,1.6723492810738717e-06,1.4350507375310761e-05,0.0,0.984819536655796,0.001584426391902588,137325.00000000003
dry_high_load,587.0,False,11,0.255471375696373,0.003430183635496474,45.156201262205684,1202.414186522884,0.00103944275138623,1.698678017993321e-06,1.4350507375310761e-05,0.0,0.9847945921384557,0.0016093709092427982,137325.00000000003
dry_high_load,588.0,False,11,0.255471375696373,0.003430183635496474,45.156201262205684,1247.5703877851001,0.0010394164226493103,1.7250067549127703e-06,1.4350507375310761e-05,0.0,0.9847696476211155,0.0016343154265830088,137324.99999999997
dry_high_load,589.0,False,11,0.255471375696373,0.003430183635496474,45.156201262205684,1292.7265890473163,0.001039390093912391,1.7513354918322196e-06,1.4350507375310761e-05,0.0,0.9847447031037754,0.0016592599439232193,137324.99999999997
dry_high_load,590.0,False,11,0.255471375696373,0.003430183635496474,45.156201262205684,1337.8827903095325,0.0010393637651754716,1.7776642287516689e-06,1.4350507375310761e-05,0.0,0.984719758586435,0.0016842044612634293,137325.00000000003
dry_high_load,591.0,False,11,0.255471375696373,0.003430183635496474,45.156201262205684,1383.0389915717487,0.0010393374364385522,1.8039929656711182e-06,1.4350507375310761e-05,0.0,0.9846948140690949,0.0017091489786036397,137325.00000000003
dry_high_load,592.0,False,11,0.255471375696373,0.003430183635496474,45.156201262205684,1428.195192833965,0.0010393111077016328,1.8303217025905675e-06,1.4350507375310761e-05,0.0,0.9846698695517547,0.0017340934959438501,137325.00000000003
dry_high_load,593.0,False,11,0.255471375696373,0.003430183635496474,45.156201262205684,1473.3513940961811,0.0010392847789647132,1.8566504395100168e-06,1.4350507375310761e-05,0.0,0.9846449250344145,0.0017590380132840608,137324.99999999997
dry_high_load,594.0,False,11,0.255471375696373,0.003430183635496474,45.156201262205684,1518.5075953583973,0.0010392584502277938,1.882979176429466e-06,1.4350507375310761e-05,0.0,0.9846199805170742,0.0017839825306242708,137325.00000000003
dry_high_load,595.0,False,11,0.255471375696373,0.003430183635496474,45.156201262205684,1563.6637966206135,0.0010392321214908744,1.909307913348917e-06,1.4350507375310761e-05,0.0,0.984595035999734,0.0018089270479644825,137325.00000000003
dry_high_load,596.0,False,11,0.255471375696373,0.003430183635496474,45.156201262205684,1608.8199978828297,0.0010392057927539548,1.9356366502683874e-06,1.4350507375310761e-05,0.0,0.9845700914823938,0.0018338715653047134,137324.99999999997
dry_high_load,597.0,False,11,0.255471375696373,0.003430183635496474,45.156201262205684,1653.976199145046,0.0010391794640170354,1.961965387187858e-06,1.4350507375310761e-05,0.0,0.9845451469650535,0.0018588160826449433,137325.00000000003
dry_high_load,598.0,False,11,0.255471375696373,0.003430183635496474,45.156201262205684,1699.1324004072621,0.001039153135280116,1.9882941241073283e-06,1.4350507375310761e-05,0.0,0.9845202024477133,0.0018837605999851737,137325.00000000003
dry_high_load,599.0,False,11,0.255471375696373,0.003430183635496474,45.156201262205684,1744.2886016694783,0.0010391268065431964,2.014622861026799e-06,1.4350507375310761e-05,0.0,0.9844952579303732,0.0019087051173254045,137324.99999999997
dry_high_load,600.0,False,11,0.255471375696373,0.003430183635496474,45.156201262205684,1789.4448029316945,0.001039100477806277,2.0409515979462693e-06,1.4350507375310761e-05,0.0,0.9844703134130328,0.0019336496346656347,137325.00000000003
dry_high_load,601.0,False,11,0.255471375696373,0.003430183635496474,45.156201262205684,1834.6010041939107,0.0010390741490693574,2.06728033486574e-06,1.4350507375310761e-05,0.0,0.9844453688956927,0.0019585941520058655,137324.99999999997
dry_high_load,602.0,False,11,0.255471375696373,0.003430183635496474,45.156201262205684,1879.757205456127,0.001039047820332438,2.0936090717852103e-06,1.4350507375310761e-05,0.0,0.9844204243783523,0.0019835386693460954,137325.00000000003
dry_high_load,603.0,False,11,0.255471375696373,0.003430183635496474,45.156201262205684,1924.9134067183431,0.0010390214915955186,2.1199378087046808e-06,1.4350507375310761e-05,0.0,0.9843954798610122,0.002008483186686326,137325.00000000003
dry_high_load,604.0,False,11,0.255471375696373,0.003430183635496474,45.156201262205684,1970.0696079805593,0.0010389951628585992,2.1462665456241512e-06,1.4350507375310761e-05,0.0,0.984370535343672,0.002033427704026556,137325.00000000003
dry_high_load,605.0,False,11,0.255471375696373,0.003430183635496474,45.156201262205684,2015.2258092427755,0.0010389688341216796,2.1725952825436217e-06,1.4350507375310761e-05,0.0,0.9843455908263317,0.0020583722213667866,137325.00000000003
dry_high_load,606.0,False,11,0.255471375696373,0.003430183635496474,45.156201262205684,2060.3820105049917,0.00103894250538476,2.198924019463092e-06,1.4350507375310761e-05,0.0,0.9843206463089915,0.0020833167387070174,137324.99999999997
dry_high_load,607.0,False,11,0.255471375696373,0.003430183635496474,45.156201262205684,2105.538211767208,0.0010389161766478406,2.2252527563825627e-06,1.4350507375310761e-05,0.0,0.9842957017916514,0.0021082612560472482,137324.99999999997
dry_high_load,608.0,False,11,0.255471375696373,0.003430183635496474,45.156201262205684,2150.694413029424,0.0010388898479109213,2.251581493302033e-06,1.4350507375310761e-05,0.0,0.984270757274311,0.002133205773387478,137325.00000000003
dry_high_load,609.0,False,11,0.255471375696373,0.003430183635496474,45.156201262205684,2195.8506142916403,0.0010388635191740019,2.2779102302215036e-06,1.4350507375310761e-05,0.0,0.9842458127569709,0.0021581502907277086,137325.00000000003
dry_high_load,610.0,False,11,0.255471375696373,0.003430183635496474,45.156201262205684,2241.0068155538565,0.0010388371904370825,2.304238967140974e-06,1.4350507375310761e-05,0.0,0.9842208682396305,0.0021830948080679385,137325.00000000003
dry_high_load,611.0,False,11,0.255471375696373,0.003430183635496474,45.156201262205684,2286.1630168160727,0.0010388108617001627,2.3305677040604446e-06,1.4350507375310761e-05,0.0,0.9841959237222904,0.0022080393254081698,137324.99999999997
dry_high_load,612.0,False,12,0.24533840425742612,0.003419274323706772,45.01258706216399,30.993697828399714,0.0010406948759444459,1.0157494449324332e-06,1.3781311390155681e-05,0.0,0.9859808869026171,0.0009623469488849332,137324.99999999997
dry_high_load,613.0,False,12,0.25546792081372666,0.003430179915917058,45.15615229629174,76.13118955895519,0.0010400995452923283,1.0420781818518825e-06,1.4350313305353756e-05,0.0,0.9854168554483039,0.0009872914662251435,137324.99999999997
dry_high_load,614.0,False,12,0.25547137451841523,0.0034301836342282665,45.15620124551054,121.28738444206104,0.0010400730225516208,1.0684069187713318e-06,1.4350507309141737e-05,0.0,0.9853917271268234,0.001012235983565354,137324.99999999997
dry_high_load,615.0,False,12,0.25547137569597156,0.0034301836354960415,45.15620126219999,166.4435857020918,0.0010400466937485551,1.0947356556907811e-06,1.435050737528821e-05,0.0,0.9853667825468143,0.001037180500905564,137325.00000000003
dry_high_load,616.0,False,12,0.255471375696373,0.003430183635496474,45.156201262205684,211.59978696429624,0.0010400203650116132,1.1210643926102304e-06,1.4350507375310761e-05,0.0,0.9853418380294529,0.0010621250182457744,137325.00000000003
dry_high_load,617.0,False,12,0.255471375696373,0.003430183635496474,45.156201262205684,256.7559882265011,0.0010399940362746936,1.1473931295296797e-06,1.4350507375310761e-05,0.0,0.9853168935121125,0.0010870695355859848,137325.00000000003
dry_high_load,618.0,False,12,0.255471375696373,0.003430183635496474,45.156201262205684,301.9121894887059,0.0010399677075377742,1.173721866449129e-06,1.4350507375310761e-05,0.0,0.9852919489947723,0.001112014052926195,137325.00000000003
dry_high_load,619.0,False,12,0.255471375696373,0.003430183635496474,45.156201262205684,347.06839075091074,0.0010399413788008544,1.2000506033685784e-06,1.4350507375310761e-05,0.0,0.9852670044774321,0.001136958570266406,137324.99999999994
dry_high_load,620.0,False,12,0.255471375696373,0.003430183635496474,45.156201262205684,392.22459201311557,0.0010399150500639352,1.2263793402880277e-06,1.4350507375310761e-05,0.0,0.9852420599600918,0.001161903087606616,137325.00000000003
dry_high_load,621.0,False,12,0.255471375696373,0.003430183635496474,45.156201262205684,437.3807932753204,0.0010398887213270158,1.252708077207477e-06,1.4350507375310761e-05,0.0,0.9852171154427516,0.0011868476049468261,137325.00000000003
dry_high_load,622.0,False,12,0.255471375696373,0.003430183635496474,45.156201262205684,482.53699453752523,0.0010398623925900964,1.2790368141269263e-06,1.4350507375310761e-05,0.0,0.9851921709254114,0.0012117921222870366,137325.00000000003
dry_high_load,623.0,False,12,0.255471375696373,0.003430183635496474,45.156201262205684,527.6931957997301,0.0010398360638531768,1.3053655510463756e-06,1.4350507375310761e-05,0.0,0.9851672264080713,0.0012367366396272472,137324.99999999997
dry_high_load,624.0,False,12,0.255471375696373,0.003430183635496474,45.156201262205684,572.849397061935,0.0010398097351162574,1.3316942879658249e-06,1.4350507375310761e-05,0.0,0.9851422818907309,0.0012616811569674572,137325.00000000003
dry_high_load,625.0,False,12,0.255471375696373,0.003430183635496474,45.156201262205684,618.0055983241398,0.001039783406379338,1.3580230248852742e-06,1.4350507375310761e-05,0.0,0.9851173373733908,0.0012866256743076677,137325.00000000003
dry_high_load,626.0,False,12,0.255471375696373,0.003430183635496474,45.156201262205684,663.1617995863446,0.0010397570776424184,1.3843517618047235e-06,1.4350507375310761e-05,0.0,0.9850923928560507,0.0013115701916478783,137324.99999999997
dry_high_load,627.0,False,12,0.255471375696373,0.003430183635496474,45.156201262205684,708.3180008485494,0.001039730748905499,1.4106804987241728e-06,1.4350507375310761e-05,0.0,0.9850674483387105,0.0013365147089880885,137324.99999999997
dry_high_load,628.0,False,12,0.255471375696373,0.003430183635496474,45.156201262205684,753.4742021107543,0.0010397044201685796,1.4370092356436221e-06,1.4350507375310761e-05,0.0,0.9850425038213702,0.0013614592263282987,137325.00000000003
dry_high_load,629.0,False,12,0.255471375696373,0.003430183635496474,45.156201262205684,798.6304033729591,0.00103967809143166,1.4633379725630714e-06,1.4350507375310761e-05,0.0,0.98501755930403,0.0013864037436685094,137324.99999999997
dry_high_load,630.0,False,12,0.255471375696373,0.003430183635496474,45.156201262205684,843.7866046351639,0.0010396517626947406,1.4896667094825207e-06,1.4350507375310761e-05,0.0,0.9849926147866899,0.0014113482610087198,137324.99999999997
dry_high_load,631.0,False,12,0.255471375696373,0.003430183635496474,45.156201262205684,888.9428058973688,0.0010396254339578213,1.51599544640197e-06,1.4350507375310761e-05,0.0,0.9849676702693495,0.0014362927783489298,137325.00000000003
dry_high_load,632.0,False,12,0.255471375696373,0.003430183635496474,45.156201262205684,934.0990071595736,0.0010395991052209016,1.5423241833214193e-06,1.4350507375310761e-05,0.0,0.9849427257520094,0.0014612372956891405,137324.99999999997
dry_high_load,633.0,False,12,0.255471375696373,0.003430183635496474,45.156201262205684,979.2552084217784,0.0010395727764839823,1.5686529202408687e-06,1.4350507375310761e-05,0.0,0.9849177812346692,0.001486181813029351,137324.99999999997
dry_high_load,634.0,False,12,0.255471375696373,0.003430183635496474,45.156201262205684,1024.4114096839833,0.0010395464477470629,1.594981657160318e-06,1.4350507375310761e-05,0.0,0.9848928367173291,0.0015111263303695611,137324.99999999997
dry_high_load,635.0,False,12,0.255471375696373,0.003430183635496474,45.156201262205684,1069.5676109461995,0.0010395201190101435,1.6213103940797673e-06,1.4350507375310761e-05,0.0,0.9848678921999887,0.0015360708477097711,137325.00000000003
dry_high_load,636.0,False,12,0.255471375696373,0.003430183635496474,45.156201262205684,1114.7238122084157,0.001039493790273224,1.6476391309992166e-06,1.4350507375310761e-05,0.0,0.9848429476826485,0.0015610153650499816,137325.00000000003
dry_high_load,637.0,False,12,0.255471375696373,0.003430183635496474,45.156201262205684,1159.8800134706319,0.0010394674615363045,1.6739678679186659e-06,1.4350507375310761e-05,0.0,0.9848180031653083,0.0015859598823901922,137324.99999999997
dry_high_load,638.0,False,12,0.255471375696373,0.003430183635496474,45.156201262205684,1205.036214732848,0.001039441132799385,1.7002966048381152e-06,1.4350507375310761e-05,0.0,0.9847930586479682,0.0016109043997304027,137324.99999999997
dry_high_load,639.0,False,12,0.255471375696373,0.003430183635496474,45.156201262205684,1250.1924159950643,0.0010394148040624655,1.7266253417575645e-06,1.4350507375310761e-05,0.0,0.9847681141306278,0.001635848917070613,137324.99999999997
dry_high_load,640.0,False,12,0.255471375696373,0.003430183635496474,45.156201262205684,1295.3486172572805,0.001039388475325546,1.7529540786770138e-06,1.4350507375310761e-05,0.0,0.9847431696132877,0.0016607934344108233,137324.99999999997
dry_high_load,641.0,False,12,0.255471375696373,0.003430183635496474,45.156201262205684,1340.5048185194967,0.0010393621465886267,1.7792828155964631e-06,1.4350507375310761e-05,0.0,0.9847182250959475,0.0016857379517510338,137324.99999999997
dry_high_load,642.0,False,12,0.255471375696373,0.003430183635496474,45.156201262205684,1385.6610197817129,0.0010393358178517073,1.8056115525159124e-06,1.4350507375310761e-05,0.0,0.9846932805786072,0.0017106824690912438,137325.00000000003
dry_high_load,643.0,False,12,0.255471375696373,0.003430183635496474,45.156201262205684,1430.817221043929,0.001039309489114788,1.8319402894353617e-06,1.4350507375310761e-05,0.0,0.984668336061267,0.0017356269864314542,137325.00000000003
dry_high_load,644.0,False,12,0.255471375696373,0.003430183635496474,45.156201262205684,1475.9734223061453,0.0010392831603778685,1.858269026354811e-06,1.4350507375310761e-05,0.0,0.9846433915439269,0.0017605715037716644,137325.00000000003
dry_high_load,645.0,False,12,0.255471375696373,0.003430183635496474,45.156201262205684,1521.1296235683615,0.0010392568316409492,1.8845977632742603e-06,1.4350507375310761e-05,0.0,0.9846184470265867,0.0017855160211118748,137325.00000000003
dry_high_load,646.0,False,12,0.255471375696373,0.003430183635496474,45.156201262205684,1566.2858248305777,0.0010392305029040293,1.9109265001937124e-06,1.4350507375310761e-05,0.0,0.9845935025092464,0.001810460538452088,137324.99999999997
dry_high_load,647.0,False,12,0.255471375696373,0.003430183635496474,45.156201262205684,1611.4420260927939,0.00103920417416711,1.937255237113183e-06,1.4350507375310761e-05,0.0,0.9845685579919062,0.0018354050557923187,137324.99999999997
dry_high_load,648.0,False,12,0.255471375696373,0.003430183635496474,45.156201262205684,1656.59822735501,0.0010391778454301906,1.9635839740326534e-06,1.4350507375310761e-05,0.0,0.9845436134745661,0.001860349573132549,137324.99999999997
dry_high_load,649.0,False,12,0.255471375696373,0.003430183635496474,45.156201262205684,1701.7544286172263,0.0010391515166932712,1.989912710952124e-06,1.4350507375310761e-05,0.0,0.9845186689572257,0.001885294090472779,137325.00000000003
dry_high_load,650.0,False,12,0.255471375696373,0.003430183635496474,45.156201262205684,1746.9106298794425,0.0010391251879563518,2.0162414478715943e-06,1.4350507375310761e-05,0.0,0.9844937244398856,0.0019102386078130094,137325.00000000003
dry_high_load,651.0,False,12,0.255471375696373,0.003430183635496474,45.156201262205684,1792.0668311416587,0.001039098859219432,2.042570184791065e-06,1.4350507375310761e-05,0.0,0.9844687799225452,0.0019351831251532402,137324.99999999997
dry_high_load,652.0,False,12,0.255471375696373,0.003430183635496474,45.156201262205684,1837.2230324038749,0.0010390725304825126,2.0688989217105353e-06,1.4350507375310761e-05,0.0,0.9844438354052051,0.0019601276424934706,137324.99999999997
dry_high_load,653.0,False,12,0.255471375696373,0.003430183635496474,45.156201262205684,1882.379233666091,0.0010390462017455932,2.0952276586300058e-06,1.4350507375310761e-05,0.0,0.9844188908878648,0.001985072159833701,137324.99999999997
dry_high_load,654.0,False,12,0.255471375696373,0.003430183635496474,45.156201262205684,1927.5354349283073,0.0010390198730086738,2.1215563955494763e-06,1.4350507375310761e-05,0.0,0.9843939463705246,0.0020100166771739314,137325.00000000003
dry_high_load,655.0,False,12,0.255471375696373,0.003430183635496474,45.156201262205684,1972.6916361905235,0.0010389935442717544,2.1478851324689467e-06,1.4350507375310761e-05,0.0,0.9843690018531843,0.002034961194514162,137325.00000000003
dry_high_load,656.0,False,12,0.255471375696373,0.003430183635496474,45.156201262205684,2017.8478374527397,0.0010389672155348348,2.1742138693884172e-06,1.4350507375310761e-05,0.0,0.9843440573358442,0.0020599057118543926,137324.99999999997
dry_high_load,657.0,False,12,0.255471375696373,0.003430183635496474,45.156201262205684,2063.0040387149556,0.0010389408867979152,2.2005426063078877e-06,1.4350507375310761e-05,0.0,0.9843191128185038,0.002084850229194623,137324.99999999997
dry_high_load,658.0,False,12,0.255471375696373,0.003430183635496474,45.156201262205684,2108.160239977172,0.0010389145580609958,2.226871343227358e-06,1.4350507375310761e-05,0.0,0.9842941683011637,0.0021097947465348534,137324.99999999997
dry_high_load,659.0,False,12,0.255471375696373,0.003430183635496474,45.156201262205684,2153.316441239388,0.0010388882293240764,2.2532000801468287e-06,1.4350507375310761e-05,0.0,0.9842692237838233,0.0021347392638750833,137325.00000000003
dry_high_load,660.0,False,12,0.255471375696373,0.003430183635496474,45.156201262205684,2198.4726425016042,0.001038861900587157,2.279528817066299e-06,1.4350507375310761e-05,0.0,0.9842442792664832,0.0021596837812153137,137325.00000000003
dry_high_load,661.0,False,12,0.255471375696373,0.003430183635496474,45.156201262205684,2243.6288437638204,0.0010388355718502374,2.3058575539857696e-06,1.4350507375310761e-05,0.0,0.984219334749143,0.0021846282985555445,137324.99999999997
dry_high_load,662.0,False,12,0.255471375696373,0.003430183635496474,45.156201262205684,2288.7850450260366,0.001038809243113318,2.33218629090524e-06,1.4350507375310761e-05,0.0,0.9841943902318027,0.0022095728158957745,137325.00000000003
dry_high_load,663.0,False,13,0.24919514920835273,0.003423426554216502,45.0672485545238,33.60860251066794,0.0010404766359382934,1.017345818458486e-06,1.3997955022782233e-05,0.0,0.9857741207506949,0.0009638593939074155,137325.00000000003
dry_high_load,664.0,False,13,0.255469235788439,0.003430181331638914,45.15617093337588,78.75321534011933,0.0010400978750531714,1.0436745553779353e-06,1.4350387170984519e-05,0.0,0.9854152730210975,0.000988803911247626,137324.99999999997
dry_high_load,665.0,False,13,0.25547137496676187,0.0034301836347109633,45.156201251864935,123.90941265119619,0.00104007142615291,1.0700032922973846e-06,1.435050733432656e-05,0.0,0.9853902146579403,0.0010137484285878365,137324.99999999997
dry_high_load,666.0,False,13,0.25547137569612444,0.0034301836354962063,45.15620126220216,169.0656139120548,0.0010400450973750204,1.096332029216834e-06,1.4350507375296797e-05,0.0,0.9853652701017839,0.001038692945928047,137324.99999999997
dry_high_load,667.0,False,13,0.255471375696373,0.003430183635496474,45.156201262205684,214.22181517425946,0.001040018768638087,1.1226607661362832e-06,1.4350507375310761e-05,0.0,0.9853403255844302,0.001063637463268257,137325.00000000003
dry_high_load,668.0,False,13,0.255471375696373,0.003430183635496474,45.156201262205684,259.3780164364643,0.0010399924399011674,1.1489895030557325e-06,1.4350507375310761e-05,0.0,0.98531538106709,0.0010885819806084676,137324.99999999997
dry_high_load,669.0,False,13,0.255471375696373,0.003430183635496474,45.156201262205684,304.5342176986691,0.001039966111164248,1.1753182399751818e-06,1.4350507375310761e-05,0.0,0.9852904365497499,0.001113526497948678,137324.99999999997
dry_high_load,670.0,False,13,0.255471375696373,0.003430183635496474,45.156201262205684,349.69041896087396,0.0010399397824273286,1.2016469768946311e-06,1.4350507375310761e-05,0.0,0.9852654920324095,0.001138471015288888,137325.00000000003
dry_high_load,671.0,False,13,0.255471375696373,0.003430183635496474,45.156201262205684,394.8466202230788,0.0010399134536904094,1.2279757138140804e-06,1.4350507375310761e-05,0.0,0.9852405475150694,0.0011634155326290983,137325.00000000003
dry_high_load,672.0,False,13,0.255471375696373,0.003430183635496474,45.156201262205684,440.0028214852836,0.0010398871249534898,1.2543044507335297e-06,1.4350507375310761e-05,0.0,0.9852156029977293,0.001188360049969309,137325.00000000003
dry_high_load,673.0,False,13,0.255471375696373,0.003430183635496474,45.156201262205684,485.15902274748845,0.0010398607962165702,1.280633187652979e-06,1.4350507375310761e-05,0.0,0.985190658480389,0.0012133045673095194,137324.99999999997
dry_high_load,674.0,False,13,0.255471375696373,0.003430183635496474,45.156201262205684,530.3152240096933,0.0010398344674796506,1.3069619245724283e-06,1.4350507375310761e-05,0.0,0.9851657139630488,0.0012382490846497298,137324.99999999997
dry_high_load,675.0,False,13,0.255471375696373,0.003430183635496474,45.156201262205684,575.4714252718982,0.0010398081387427312,1.3332906614918777e-06,1.4350507375310761e-05,0.0,0.9851407694457085,0.0012631936019899402,137324.99999999997
dry_high_load,676.0,False,13,0.255471375696373,0.003430183635496474,45.156201262205684,620.627626534103,0.0010397818100058118,1.359619398411327e-06,1.4350507375310761e-05,0.0,0.9851158249283684,0.0012881381193301504,137324.99999999997
dry_high_load,677.0,False,13,0.255471375696373,0.003430183635496474,45.156201262205684,665.7838277963078,0.0010397554812688924,1.3859481353307763e-06,1.4350507375310761e-05,0.0,0.9850908804110282,0.0013130826366703609,137324.99999999997
dry_high_load,678.0,False,13,0.255471375696373,0.003430183635496474,45.156201262205684,710.9400290585127,0.001039729152531973,1.4122768722502256e-06,1.4350507375310761e-05,0.0,0.9850659358936878,0.0013380271540105709,137325.00000000003
dry_high_load,679.0,False,13,0.255471375696373,0.003430183635496474,45.156201262205684,756.0962303207175,0.0010397028237950536,1.4386056091696749e-06,1.4350507375310761e-05,0.0,0.9850409913763477,0.0013629716713507813,137325.00000000003
dry_high_load,680.0,False,13,0.255471375696373,0.003430183635496474,45.156201262205684,801.2524315829223,0.0010396764950581343,1.4649343460891242e-06,1.4350507375310761e-05,0.0,0.9850160468590076,0.0013879161886909918,137325.00000000003
dry_high_load,681.0,False,13,0.255471375696373,0.003430183635496474,45.156201262205684,846.4086328451272,0.0010396501663212146,1.4912630830085735e-06,1.4350507375310761e-05,0.0,0.9849911023416672,0.001412860706031202,137325.00000000003
dry_high_load,682.0,False,13,0.255471375696373,0.003430183635496474,45.156201262205684,891.564834107332,0.001039623837584295,1.5175918199280228e-06,1.4350507375310761e-05,0.0,0.9849661578243271,0.0014378052233714126,137324.99999999997
dry_high_load,683.0,False,13,0.255471375696373,0.003430183635496474,45.156201262205684,936.7210353695368,0.0010395975088473757,1.5439205568474721e-06,1.4350507375310761e-05,0.0,0.9849412133069869,0.001462749740711623,137324.99999999997
dry_high_load,684.0,False,13,0.255471375696373,0.003430183635496474,45.156201262205684,981.8772366317417,0.0010395711801104563,1.5702492937669214e-06,1.4350507375310761e-05,0.0,0.9849162687896468,0.0014876942580518335,137324.99999999997
dry_high_load,685.0,False,13,0.255471375696373,0.003430183635496474,45.156201262205684,1027.0334378939472,0.0010395448513735369,1.5965780306863707e-06,1.4350507375310761e-05,0.0,0.9848913242723064,0.0015126387753920435,137325.00000000003
dry_high_load,686.0,False,13,0.255471375696373,0.003430183635496474,45.156201262205684,1072.1896391561634,0.0010395185226366175,1.62290676760582e-06,1.4350507375310761e-05,0.0,0.9848663797549663,0.001537583292732254,137325.00000000003
dry_high_load,687.0,False,13,0.255471375696373,0.003430183635496474,45.156201262205684,1117.3458404183796,0.0010394921938996979,1.6492355045252693e-06,1.4350507375310761e-05,0.0,0.9848414352376261,0.0015625278100724646,137324.99999999997
dry_high_load,688.0,False,13,0.255471375696373,0.003430183635496474,45.156201262205684,1162.5020416805958,0.0010394658651627785,1.6755642414447186e-06,1.4350507375310761e-05,0.0,0.9848164907202858,0.0015874723274126746,137325.00000000003
dry_high_load,689.0,False,13,0.255471375696373,0.003430183635496474,45.156201262205684,1207.658242942812,0.001039439536425859,1.701892978364168e-06,1.4350507375310761e-05,0.0,0.9847915462029456,0.001612416844752885,137325.00000000003
dry_high_load,690.0,False,13,0.255471375696373,0.003430183635496474,45.156201262205684,1252.8144442050282,0.0010394132076889397,1.7282217152836173e-06,1.4350507375310761e-05,0.0,0.9847666016856054,0.0016373613620930952,137325.00000000003
dry_high_load,691.0,False,13,0.255471375696373,0.003430183635496474,45.156201262205684,1297.9706454672444,0.00103938687895202,1.7545504522030666e-06,1.4350507375310761e-05,0.0,0.9847416571682652,0.0016623058794333061,137324.99999999997
dry_high_load,692.0,False,13,0.255471375696373,0.003430183635496474,45.156201262205684,1343.1268467294606,0.0010393605502151007,1.7808791891225159e-06,1.4350507375310761e-05,0.0,0.9847167126509249,0.0016872503967735161,137325.00000000003
dry_high_load,693.0,False,13,0.255471375696373,0.003430183635496474,45.156201262205684,1388.2830479916768,0.0010393342214781811,1.8072079260419652e-06,1.4350507375310761e-05,0.0,0.9846917681335847,0.0017121949141137268,137324.99999999997
dry_high_load,694.0,False,13,0.255471375696373,0.003430183635496474,45.156201262205684,1433.439249253893,0.0010393078927412617,1.8335366629614145e-06,1.4350507375310761e-05,0.0,0.9846668236162446,0.0017371394314539372,137324.99999999997
dry_high_load,695.0,False,13,0.255471375696373,0.003430183635496474,45.156201262205684,1478.5954505161092,0.0010392815640043423,1.8598653998808638e-06,1.4350507375310761e-05,0.0,0.9846418790989044,0.0017620839487941474,137324.99999999997
dry_high_load,696.0,False,13,0.255471375696373,0.003430183635496474,45.156201262205684,1523.7516517783254,0.001039255235267423,1.886194136800313e-06,1.4350507375310761e-05,0.0,0.9846169345815641,0.0017870284661343574,137325.00000000003
dry_high_load,697.0,False,13,0.255471375696373,0.003430183635496474,45.156201262205684,1568.9078530405416,0.0010392289065305036,1.9125228737197664e-06,1.4350507375310761e-05,0.0,0.9845919900642239,0.0018119729834745715,137325.00000000003
dry_high_load,698.0,False,13,0.255471375696373,0.003430183635496474,45.156201262205684,1614.0640543027578,0.001039202577793584,1.938851610639237e-06,1.4350507375310761e-05,0.0,0.9845670455468838,0.0018369175008148024,137324.99999999997
dry_high_load,699.0,False,13,0.255471375696373,0.003430183635496474,45.156201262205684,1659.220255564974,0.0010391762490566643,1.9651803475587074e-06,1.4350507375310761e-05,0.0,0.9845421010295434,0.001861862018155033,137324.99999999997
dry_high_load,700.0,False,13,0.255471375696373,0.003430183635496474,45.156201262205684,1704.3764568271902,0.001039149920319745,1.991509084478178e-06,1.4350507375310761e-05,0.0,0.9845171565122033,0.0018868065354952634,137324.99999999997
dry_high_load,701.0,False,13,0.255471375696373,0.003430183635496474,45.156201262205684,1749.5326580894064,0.0010391235915828256,2.0178378213976484e-06,1.4350507375310761e-05,0.0,0.9844922119948629,0.0019117510528354933,137325.00000000003
dry_high_load,702.0,False,13,0.255471375696373,0.003430183635496474,45.156201262205684,1794.6888593516226,0.0010390972628459062,2.044166558317119e-06,1.4350507375310761e-05,0.0,0.9844672674775228,0.0019366955701757237,137325.00000000003
dry_high_load,703.0,False,13,0.255471375696373,0.003430183635496474,45.156201262205684,1839.8450606138388,0.0010390709341089866,2.0704952952365893e-06,1.4350507375310761e-05,0.0,0.9844423229601826,0.0019616400875159547,137324.99999999997
dry_high_load,704.0,False,13,0.255471375696373,0.003430183635496474,45.156201262205684,1885.001261876055,0.0010390446053720672,2.09682403215606e-06,1.4350507375310761e-05,0.0,0.9844173784428423,0.0019865846048561847,137325.00000000003
dry_high_load,705.0,False,13,0.255471375696373,0.003430183635496474,45.156201262205684,1930.1574631382712,0.0010390182766351476,2.1231527690755303e-06,1.4350507375310761e-05,0.0,0.9843924339255021,0.0020115291221964155,137324.99999999997
dry_high_load,706.0,False,13,0.255471375696373,0.003430183635496474,45.156201262205684,1975.3136644004874,0.0010389919478982282,2.1494815059950008e-06,1.4350507375310761e-05,0.0,0.984367489408162,0.002036473639536646,137324.99999999997
dry_high_load,707.0,False,13,0.255471375696373,0.003430183635496474,45.156201262205684,2020.4698656627036,0.0010389656191613088,2.1758102429144713e-06,1.4350507375310761e-05,0.0,0.9843425448908216,0.002061418156876876,137325.00000000003
dry_high_load,708.0,False,13,0.255471375696373,0.003430183635496474,45.156201262205684,2065.6260669249195,0.0010389392904243892,2.2021389798339417e-06,1.4350507375310761e-05,0.0,0.9843176003734815,0.0020863626742171066,137324.99999999997
dry_high_load,709.0,False,13,0.255471375696373,0.003430183635496474,45.156201262205684,2110.7822681871357,0.0010389129616874698,2.2284677167534122e-06,1.4350507375310761e-05,0.0,0.9842926558561411,0.0021113071915573366,137325.00000000003
dry_high_load,710.0,False,13,0.255471375696373,0.003430183635496474,45.156201262205684,2155.938469449352,0.0010388866329505504,2.2547964536728827e-06,1.4350507375310761e-05,0.0,0.9842677113388009,0.002136251708897567,137325.00000000003
dry_high_load,711.0,False,13,0.255471375696373,0.003430183635496474,45.156201262205684,2201.094670711568,0.001038860304213631,2.281125190592353e-06,1.4350507375310761e-05,0.0,0.9842427668214607,0.0021611962262377974,137325.00000000003
dry_high_load,712.0,False,13,0.255471375696373,0.003430183635496474,45.156201262205684,2246.2508719737843,0.0010388339754767114,2.3074539275118237e-06,1.4350507375310761e-05,0.0,0.9842178223041204,0.002186140743578028,137325.00000000003
dry_high_load,713.0,False,13,0.255471375696373,0.003430183635496474,45.156201262205684,2291.4070732360005,0.0010388076467397918,2.333782664431294e-06,1.4350507375310761e-05,0.0,0.9841928777867802,0.002211085260918259,137324.99999999997
dry_high_load,714.0,False,14,0.25126087802492153,0.0034256505494057415,45.09652604664761,36.22681525535621,0.0010403591620848274,1.018782184214566e-06,1.4113992510491989e-05,0.0,0.9856628230236614,0.0009652202434847822,137324.99999999997
dry_high_load,715.0,False,14,0.2554699401080636,0.0034301820899201776,45.156180915669836,81.37524224918249,0.0010400963991239068,1.0451109211340153e-06,1.4350426734493114e-05,0.0,0.9854138746880424,0.0009901647608249924,137324.99999999997
dry_high_load,716.0,False,14,0.25547137520690283,0.003430183634969503,45.15620125526844,126.53144086071603,0.0010400699897736645,1.0714396580534646e-06,1.4350507347815918e-05,0.0,0.9853888537955826,0.0010151092781652028,137324.99999999997
dry_high_load,717.0,False,14,0.25547137569620626,0.0034301836354962943,45.15620126220332,171.687642122018,0.0010400436610092597,1.097768394972914e-06,1.4350507375301395e-05,0.0,0.985363909252202,0.001040053795505413,137325.00000000003
dry_high_load,718.0,False,14,0.255471375696373,0.003430183635496474,45.156201262205684,216.8438433842228,0.001040017332272331,1.1240971318923632e-06,1.4350507375310761e-05,0.0,0.9853389647348529,0.0010649983128456235,137325.00000000003
dry_high_load,719.0,False,14,0.255471375696373,0.003430183635496474,45.156201262205684,262.0000446464276,0.0010399910035354116,1.1504258688118125e-06,1.4350507375310761e-05,0.0,0.9853140202175126,0.0010899428301858335,137325.00000000003
dry_high_load,720.0,False,14,0.255471375696373,0.003430183635496474,45.156201262205684,307.15624590863246,0.001039964674798492,1.1767546057312618e-06,1.4350507375310761e-05,0.0,0.9852890757001724,0.0011148873475260441,137325.00000000003
dry_high_load,721.0,False,14,0.255471375696373,0.003430183635496474,45.156201262205684,352.3124471708373,0.0010399383460615724,1.2030833426507111e-06,1.4350507375310761e-05,0.0,0.9852641311828323,0.0011398318648662548,137324.99999999997
dry_high_load,722.0,False,14,0.255471375696373,0.003430183635496474,45.156201262205684,397.4686484330421,0.0010399120173246528,1.2294120795701604e-06,1.4350507375310761e-05,0.0,0.9852391866654922,0.0011647763822064652,137324.99999999994
dry_high_load,723.0,False,14,0.255471375696373,0.003430183635496474,45.156201262205684,442.62484969524695,0.0010398856885877336,1.2557408164896098e-06,1.4350507375310761e-05,0.0,0.9852142421481518,0.0011897208995466752,137325.00000000003
dry_high_load,724.0,False,14,0.255471375696373,0.003430183635496474,45.156201262205684,487.7810509574518,0.0010398593598508143,1.282069553409059e-06,1.4350507375310761e-05,0.0,0.9851892976308116,0.0012146654168868854,137325.00000000003
dry_high_load,725.0,False,14,0.255471375696373,0.003430183635496474,45.156201262205684,532.9372522196567,0.0010398330311138949,1.3083982903285084e-06,1.4350507375310761e-05,0.0,0.9851643531134715,0.0012396099342270959,137325.00000000003
dry_high_load,726.0,False,14,0.255471375696373,0.003430183635496474,45.156201262205684,578.0934534818615,0.0010398067023769753,1.3347270272479577e-06,1.4350507375310761e-05,0.0,0.9851394085961311,0.0012645544515673063,137325.00000000003
dry_high_load,727.0,False,14,0.255471375696373,0.003430183635496474,45.156201262205684,623.2496547440663,0.0010397803736400559,1.361055764167407e-06,1.4350507375310761e-05,0.0,0.985114464078791,0.0012894989689075165,137325.00000000003
dry_high_load,728.0,False,14,0.255471375696373,0.003430183635496474,45.156201262205684,668.4058560062712,0.0010397540449031365,1.3873845010868563e-06,1.4350507375310761e-05,0.0,0.9850895195614509,0.001314443486247727,137325.00000000003
dry_high_load,729.0,False,14,0.255471375696373,0.003430183635496474,45.156201262205684,713.562057268476,0.0010397277161662169,1.4137132380063056e-06,1.4350507375310761e-05,0.0,0.9850645750441106,0.0013393880035879376,137324.99999999997
dry_high_load,730.0,False,14,0.255471375696373,0.003430183635496474,45.156201262205684,758.7182585306808,0.0010397013874292975,1.440041974925755e-06,1.4350507375310761e-05,0.0,0.9850396305267702,0.0013643325209281476,137325.00000000003
dry_high_load,731.0,False,14,0.255471375696373,0.003430183635496474,45.156201262205684,803.8744597928857,0.001039675058692378,1.4663707118452042e-06,1.4350507375310761e-05,0.0,0.9850146860094301,0.001389277038268358,137325.00000000003
dry_high_load,732.0,False,14,0.255471375696373,0.003430183635496474,45.156201262205684,849.0306610550905,0.0010396487299554585,1.4926994487646535e-06,1.4350507375310761e-05,0.0,0.98498974149209,0.0014142215556085687,137324.99999999997
dry_high_load,733.0,False,14,0.255471375696373,0.003430183635496474,45.156201262205684,894.1868623172953,0.001039622401218539,1.5190281856841028e-06,1.4350507375310761e-05,0.0,0.9849647969747498,0.0014391660729487791,137324.99999999997
dry_high_load,734.0,False,14,0.255471375696373,0.003430183635496474,45.156201262205684,939.3430635795002,0.0010395960724816197,1.5453569226035521e-06,1.4350507375310761e-05,0.0,0.9849398524574094,0.0014641105902889892,137325.00000000003
dry_high_load,735.0,False,14,0.255471375696373,0.003430183635496474,45.156201262205684,984.499264841705,0.0010395697437447001,1.5716856595230014e-06,1.4350507375310761e-05,0.0,0.9849149079400693,0.0014890551076291998,137324.99999999997
dry_high_load,736.0,False,14,0.255471375696373,0.003430183635496474,45.156201262205684,1029.6554661039113,0.0010395434150077807,1.5980143964424507e-06,1.4350507375310761e-05,0.0,0.9848899634227292,0.0015139996249694102,137324.99999999997
dry_high_load,737.0,False,14,0.255471375696373,0.003430183635496474,45.156201262205684,1074.8116673661275,0.0010395170862708613,1.6243431333619e-06,1.4350507375310761e-05,0.0,0.9848650189053888,0.0015389441423096202,137325.00000000003
dry_high_load,738.0,False,14,0.255471375696373,0.003430183635496474,45.156201262205684,1119.9678686283437,0.001039490757533942,1.6506718702813494e-06,1.4350507375310761e-05,0.0,0.9848400743880487,0.0015638886596498307,137325.00000000003
dry_high_load,739.0,False,14,0.255471375696373,0.003430183635496474,45.156201262205684,1165.12406989056,0.0010394644287970223,1.6770006072007987e-06,1.4350507375310761e-05,0.0,0.9848151298707085,0.0015888331769900413,137324.99999999997
dry_high_load,740.0,False,14,0.255471375696373,0.003430183635496474,45.156201262205684,1210.280271152776,0.001039438100060103,1.703329344120248e-06,1.4350507375310761e-05,0.0,0.9847901853533684,0.0016137776943302515,137324.99999999997
dry_high_load,741.0,False,14,0.255471375696373,0.003430183635496474,45.156201262205684,1255.4364724149923,0.0010394117713231836,1.7296580810396973e-06,1.4350507375310761e-05,0.0,0.984765240836028,0.0016387222116704618,137325.00000000003
dry_high_load,742.0,False,14,0.255471375696373,0.003430183635496474,45.156201262205684,1300.5926736772085,0.001039385442586264,1.7559868179591466e-06,1.4350507375310761e-05,0.0,0.9847402963186879,0.0016636667290106724,137324.99999999997
dry_high_load,743.0,False,14,0.255471375696373,0.003430183635496474,45.156201262205684,1345.7488749394247,0.0010393591138493446,1.7823155548785959e-06,1.4350507375310761e-05,0.0,0.9847153518013477,0.0016886112463508826,137324.99999999997
dry_high_load,744.0,False,14,0.255471375696373,0.003430183635496474,45.156201262205684,1390.905076201641,0.0010393327851124252,1.8086442917980452e-06,1.4350507375310761e-05,0.0,0.9846904072840074,0.0017135557636910926,137325.00000000003
dry_high_load,745.0,False,14,0.255471375696373,0.003430183635496474,45.156201262205684,1436.061277463857,0.0010393064563755058,1.8349730287174945e-06,1.4350507375310761e-05,0.0,0.9846654627666672,0.001738500281031303,137325.00000000003
dry_high_load,746.0,False,14,0.255471375696373,0.003430183635496474,45.156201262205684,1481.2174787260733,0.0010392801276385864,1.8613017656369438e-06,1.4350507375310761e-05,0.0,0.984640518249327,0.0017634447983715135,137325.00000000003
dry_high_load,747.0,False,14,0.255471375696373,0.003430183635496474,45.156201262205684,1526.3736799882895,0.001039253798901667,1.8876305025563931e-06,1.4350507375310761e-05,0.0,0.9846155737319868,0.0017883893157117237,137325.00000000003
dry_high_load,748.0,False,14,0.255471375696373,0.003430183635496474,45.156201262205684,1571.5298812505057,0.0010392274701647472,1.9139592394758477e-06,1.4350507375310761e-05,0.0,0.9845906292146465,0.0018133338330519396,137324.99999999997
dry_high_load,749.0,False,14,0.255471375696373,0.003430183635496474,45.156201262205684,1616.686082512722,0.0010392011414278278,1.940287976395318e-06,1.4350507375310761e-05,0.0,0.9845656846973063,0.00183827835039217,137324.99999999997
dry_high_load,750.0,False,14,0.255471375696373,0.003430183635496474,45.156201262205684,1661.842283774938,0.0010391748126909084,1.9666167133147887e-06,1.4350507375310761e-05,0.0,0.9845407401799662,0.0018632228677324004,137324.99999999997
dry_high_load,751.0,False,14,0.255471375696373,0.003430183635496474,45.156201262205684,1706.9984850371543,0.001039148483953989,1.992945450234259e-06,1.4350507375310761e-05,0.0,0.9845157956626258,0.0018881673850726305,137325.00000000003
dry_high_load,752.0,False,14,0.255471375696373,0.003430183635496474,45.156201262205684,1752.1546862993705,0.0010391221552170696,2.0192741871537296e-06,1.4350507375310761e-05,0.0,0.9844908511452857,0.001913111902412861,137325.00000000003
dry_high_load,753.0,False,14,0.255471375696373,0.003430183635496474,45.156201262205684,1797.3108875615867,0.00103909582648015,2.0456029240732e-06,1.4350507375310761e-05,0.0,0.9844659066279453,0.0019380564197530913,137325.00000000003
dry_high_load,754.0,False,14,0.255471375696373,0.003430183635496474,45.156201262205684,1842.467088823803,0.0010390694977432304,2.0719316609926706e-06,1.4350507375310761e-05,0.0,0.9844409621106052,0.001963000937093322,137324.99999999997
dry_high_load,755.0,False,14,0.255471375696373,0.003430183635496474,45.156201262205684,1887.623290086019,0.001039043169006311,2.098260397912141e-06,1.4350507375310761e-05,0.0,0.984416017593265,0.0019879454544335525,137324.99999999997
dry_high_load,756.0,False,14,0.255471375696373,0.003430183635496474,45.156201262205684,1932.7794913482353,0.0010390168402693916,2.1245891348316116e-06,1.4350507375310761e-05,0.0,0.9843910730759247,0.0020128899717737824,137325.00000000003
dry_high_load,757.0,False,14,0.255471375696373,0.003430183635496474,45.156201262205684,1977.9356926104515,0.0010389905115324722,2.150917871751082e-06,1.4350507375310761e-05,0.0,0.9843661285585845,0.002037834489114013,137325.00000000003
dry_high_load,758.0,False,14,0.255471375696373,0.003430183635496474,45.156201262205684,2023.0918938726677,0.0010389641827955526,2.1772466086705525e-06,1.4350507375310761e-05,0.0,0.9843411840412444,0.0020627790064542437,137324.99999999997
dry_high_load,759.0,False,14,0.255471375696373,0.003430183635496474,45.156201262205684,2068.248095134884,0.0010389378540586333,2.203575345590023e-06,1.4350507375310761e-05,0.0,0.984316239523904,0.002087723523794474,137325.00000000003
dry_high_load,760.0,False,14,0.255471375696373,0.003430183635496474,45.156201262205684,2113.4042963971,0.0010389115253217136,2.2299040825094935e-06,1.4350507375310761e-05,0.0,0.9842912950065639,0.002112668041134705,137324.99999999997
dry_high_load,761.0,False,14,0.255471375696373,0.003430183635496474,45.156201262205684,2158.5604976593163,0.0010388851965847943,2.256232819428964e-06,1.4350507375310761e-05,0.0,0.9842663504892235,0.002137612558474935,137325.00000000003
dry_high_load,762.0,False,14,0.255471375696373,0.003430183635496474,45.156201262205684,2203.7166989215325,0.0010388588678478747,2.2825615563484345e-06,1.4350507375310761e-05,0.0,0.9842414059718834,0.0021625570758151656,137324.99999999997
dry_high_load,763.0,False,14,0.255471375696373,0.003430183635496474,45.156201262205684,2248.8729001837487,0.0010388325391109553,2.308890293267905e-06,1.4350507375310761e-05,0.0,0.9842164614545432,0.002187501593155396,137324.99999999997
dry_high_load,764.0,False,14,0.255471375696373,0.003430183635496474,45.156201262205684,2294.029101445965,0.0010388062103740359,2.3352190301873754e-06,1.4350507375310761e-05,0.0,0.9841915169372029,0.002212446110495626,137325.00000000003
dry_high_load,765.0,False,15,0.2528634499588405,0.0034273759028223467,45.119239234747056,38.84588346519033,0.001040267623045005,1.0203004915987983e-06,1.4204013242930144e-05,0.0,0.9855760966010024,0.0009666587266520386,137324.99999999997
dry_high_load,766.0,False,15,0.2554704865122451,0.0034301826781872632,45.156188659834505,83.99726944992074,0.001040094850123545,1.0466292285182476e-06,1.4350457427470808e-05,0.0,0.9854124071255647,0.0009916032439922487,137325.00000000003
dry_high_load,767.0,False,15,0.2554713753932018,0.0034301836351700752,45.156201257908855,129.15346907033566,0.0010400684714558155,1.0729579654376969e-06,1.4350507358280829e-05,0.0,0.9853874153025007,0.0010165477613324593,137324.99999999997
dry_high_load,768.0,False,15,0.2554713756962698,0.003430183635496363,45.15620126220422,174.30967033198164,0.0010400421427018717,1.0992867023571462e-06,1.4350507375304964e-05,0.0,0.9853624707690313,0.0010414922786726698,137324.99999999997
dry_high_load,769.0,False,15,0.255471375696373,0.003430183635496474,45.156201262205684,219.46587159418647,0.0010400158139649467,1.1256154392765955e-06,1.4350507375310761e-05,0.0,0.9853375262516856,0.0010664367960128798,137325.00000000003
dry_high_load,770.0,False,15,0.255471375696373,0.003430183635496474,45.156201262205684,264.6220728563913,0.0010399894852280273,1.1519441761960448e-06,1.4350507375310761e-05,0.0,0.9853125817343454,0.0010913813133530902,137325.00000000003
dry_high_load,771.0,False,15,0.255471375696373,0.003430183635496474,45.156201262205684,309.77827411859613,0.0010399631564911077,1.1782729131154941e-06,1.4350507375310761e-05,0.0,0.9852876372170053,0.0011163258306933009,137324.99999999997
dry_high_load,772.0,False,15,0.255471375696373,0.003430183635496474,45.156201262205684,354.93447538080096,0.0010399368277541883,1.2046016500349434e-06,1.4350507375310761e-05,0.0,0.9852626926996649,0.0011412703480335109,137325.00000000003
dry_high_load,773.0,False,15,0.255471375696373,0.003430183635496474,45.156201262205684,400.0906766430058,0.001039910499017269,1.2309303869543927e-06,1.4350507375310761e-05,0.0,0.9852377481823248,0.0011662148653737213,137325.00000000003
dry_high_load,774.0,False,15,0.255471375696373,0.003430183635496474,45.156201262205684,445.2468779052106,0.0010398841702803493,1.257259123873842e-06,1.4350507375310761e-05,0.0,0.9852128036649846,0.001191159382713932,137324.99999999997
dry_high_load,775.0,False,15,0.255471375696373,0.003430183635496474,45.156201262205684,490.40307916741546,0.00103985784154343,1.2835878607932913e-06,1.4350507375310761e-05,0.0,0.9851878591476443,0.001216103900054142,137325.00000000003
dry_high_load,776.0,False,15,0.255471375696373,0.003430183635496474,45.156201262205684,535.5592804296203,0.0010398315128065105,1.3099165977127406e-06,1.4350507375310761e-05,0.0,0.9851629146303041,0.0012410484173943524,137325.00000000003
dry_high_load,777.0,False,15,0.255471375696373,0.003430183635496474,45.156201262205684,580.7154816918252,0.001039805184069591,1.33624533463219e-06,1.4350507375310761e-05,0.0,0.985137970112964,0.001265992934734563,137324.99999999997
dry_high_load,778.0,False,15,0.255471375696373,0.003430183635496474,45.156201262205684,625.87168295403,0.0010397788553326715,1.3625740715516393e-06,1.4350507375310761e-05,0.0,0.9851130255956239,0.0012909374520747733,137324.99999999997
dry_high_load,779.0,False,15,0.255471375696373,0.003430183635496474,45.156201262205684,671.0278842162348,0.0010397525265957522,1.3889028084710886e-06,1.4350507375310761e-05,0.0,0.9850880810782835,0.0013158819694149835,137325.00000000003
dry_high_load,780.0,False,15,0.255471375696373,0.003430183635496474,45.156201262205684,716.1840854784397,0.0010397261978588328,1.4152315453905379e-06,1.4350507375310761e-05,0.0,0.9850631365609434,0.0013408264867551937,137325.00000000003
dry_high_load,781.0,False,15,0.255471375696373,0.003430183635496474,45.156201262205684,761.3402867406445,0.0010396998691219132,1.4415602823099872e-06,1.4350507375310761e-05,0.0,0.9850381920436031,0.0013657710040954044,137324.99999999997
dry_high_load,782.0,False,15,0.255471375696373,0.003430183635496474,45.156201262205684,806.4964880028493,0.001039673540384994,1.4678890192294365e-06,1.4350507375310761e-05,0.0,0.985013247526263,0.0013907155214356146,137325.00000000003
dry_high_load,783.0,False,15,0.255471375696373,0.003430183635496474,45.156201262205684,851.6526892650542,0.0010396472116480742,1.4942177561488858e-06,1.4350507375310761e-05,0.0,0.9849883030089226,0.0014156600387758252,137324.99999999997
dry_high_load,784.0,False,15,0.255471375696373,0.003430183635496474,45.156201262205684,896.808890527259,0.0010396208829111548,1.520546493068335e-06,1.4350507375310761e-05,0.0,0.9849633584915825,0.0014406045561160354,137324.99999999997
dry_high_load,785.0,False,15,0.255471375696373,0.003430183635496474,45.156201262205684,941.9650917894638,0.0010395945541742354,1.5468752299877844e-06,1.4350507375310761e-05,0.0,0.9849384139742423,0.0014655490734562459,137324.99999999997
dry_high_load,786.0,False,15,0.255471375696373,0.003430183635496474,45.156201262205684,987.1212930516687,0.001039568225437316,1.5732039669072337e-06,1.4350507375310761e-05,0.0,0.984913469456902,0.0014904935907964559,137325.00000000003
dry_high_load,787.0,False,15,0.255471375696373,0.003430183635496474,45.156201262205684,1032.2774943138756,0.0010395418967003964,1.599532703826683e-06,1.4350507375310761e-05,0.0,0.9848885249395618,0.0015154381081366665,137324.99999999997
dry_high_load,788.0,False,15,0.255471375696373,0.003430183635496474,45.156201262205684,1077.4336955760918,0.0010395155679634772,1.6258614407461323e-06,1.4350507375310761e-05,0.0,0.9848635804222217,0.0015403826254768768,137325.00000000003
dry_high_load,789.0,False,15,0.255471375696373,0.003430183635496474,45.156201262205684,1122.589896838308,0.0010394892392265578,1.6521901776655816e-06,1.4350507375310761e-05,0.0,0.9848386359048815,0.001565327142817087,137325.00000000003
dry_high_load,790.0,False,15,0.255471375696373,0.003430183635496474,45.156201262205684,1167.7460981005243,0.0010394629104896382,1.678518914585031e-06,1.4350507375310761e-05,0.0,0.9848136913875412,0.0015902716601572974,137325.00000000003
dry_high_load,791.0,False,15,0.255471375696373,0.003430183635496474,45.156201262205684,1212.9022993627405,0.0010394365817527188,1.7048476515044802e-06,1.4350507375310761e-05,0.0,0.984788746870201,0.0016152161774975078,137325.00000000003
dry_high_load,792.0,False,15,0.255471375696373,0.003430183635496474,45.156201262205684,1258.0585006249567,0.0010394102530157992,1.7311763884239296e-06,1.4350507375310761e-05,0.0,0.9847638023528609,0.0016401606948377185,137324.99999999997
dry_high_load,793.0,False,15,0.255471375696373,0.003430183635496474,45.156201262205684,1303.2147018871729,0.0010393839242788796,1.7575051253433789e-06,1.4350507375310761e-05,0.0,0.9847388578355205,0.001665105212177929,137324.99999999997
dry_high_load,794.0,False,15,0.255471375696373,0.003430183635496474,45.156201262205684,1348.370903149389,0.0010393575955419604,1.7838338622628282e-06,1.4350507375310761e-05,0.0,0.9847139133181804,0.001690049729518139,137325.00000000003
dry_high_load,795.0,False,15,0.255471375696373,0.003430183635496474,45.156201262205684,1393.5271044116053,0.001039331266805041,1.8101625991822775e-06,1.4350507375310761e-05,0.0,0.9846889688008402,0.0017149942468583492,137325.00000000003
dry_high_load,796.0,False,15,0.255471375696373,0.003430183635496474,45.156201262205684,1438.6833056738215,0.0010393049380681215,1.8364913361017268e-06,1.4350507375310761e-05,0.0,0.9846640242835,0.00173993876419856,137324.99999999997
dry_high_load,797.0,False,15,0.255471375696373,0.003430183635496474,45.156201262205684,1483.8395069360377,0.001039278609331202,1.862820073021176e-06,1.4350507375310761e-05,0.0,0.9846390797661597,0.00176488328153877,137325.00000000003
dry_high_load,798.0,False,15,0.255471375696373,0.003430183635496474,45.156201262205684,1528.9957081982539,0.0010392522805942827,1.8891488099406254e-06,1.4350507375310761e-05,0.0,0.9846141352488195,0.0017898277988789802,137325.00000000003
dry_high_load,799.0,False,15,0.255471375696373,0.003430183635496474,45.156201262205684,1574.15190946047,0.0010392259518573633,1.9154775468600813e-06,1.4350507375310761e-05,0.0,0.9845891907314793,0.001814772316219197,137325.00000000003
dry_high_load,800.0,False,15,0.255471375696373,0.003430183635496474,45.156201262205684,1619.3081107226863,0.0010391996231204437,1.9418062837795517e-06,1.4350507375310761e-05,0.0,0.984564246214139,0.0018397168335594273,137325.00000000003
dry_high_load,801.0,False,15,0.255471375696373,0.003430183635496474,45.156201262205684,1664.4643119849025,0.0010391732943835243,1.9681350206990222e-06,1.4350507375310761e-05,0.0,0.9845393016967988,0.0018646613508996577,137325.00000000003
dry_high_load,802.0,False,15,0.255471375696373,0.003430183635496474,45.156201262205684,1709.6205132471187,0.0010391469656466047,1.9944637576184927e-06,1.4350507375310761e-05,0.0,0.9845143571794587,0.0018896058682398886,137324.99999999997
dry_high_load,803.0,False,15,0.255471375696373,0.003430183635496474,45.156201262205684,1754.7767145093349,0.0010391206369096853,2.020792494537963e-06,1.4350507375310761e-05,0.0,0.9844894126621183,0.0019145503855801185,137325.00000000003
dry_high_load,804.0,False,15,0.255471375696373,0.003430183635496474,45.156201262205684,1799.932915771551,0.001039094308172766,2.0471212314574337e-06,1.4350507375310761e-05,0.0,0.9844644681447782,0.0019394949029203489,137325.00000000003
dry_high_load,805.0,False,15,0.255471375696373,0.003430183635496474,45.156201262205684,1845.0891170337673,0.001039067979435846,2.073449968376904e-06,1.4350507375310761e-05,0.0,0.984439523627438,0.0019644394202605804,137324.99999999994
dry_high_load,806.0,False,15,0.255471375696373,0.003430183635496474,45.156201262205684,1890.2453182959835,0.001039041650698927,2.0997787052963746e-06,1.4350507375310761e-05,0.0,0.9844145791100977,0.00198938393760081,137325.00000000003
dry_high_load,807.0,False,15,0.255471375696373,0.003430183635496474,45.156201262205684,1935.4015195581997,0.0010390153219620075,2.126107442215845e-06,1.4350507375310761e-05,0.0,0.9843896345927575,0.0020143284549410403,137325.00000000003
dry_high_load,808.0,False,15,0.255471375696373,0.003430183635496474,45.156201262205684,1980.5577208204159,0.001038988993225088,2.1524361791353156e-06,1.4350507375310761e-05,0.0,0.9843646900754172,0.0020392729722812706,137325.00000000003
dry_high_load,809.0,False,15,0.255471375696373,0.003430183635496474,45.156201262205684,2025.713922082632,0.0010389626644881685,2.178764916054786e-06,1.4350507375310761e-05,0.0,0.984339745558077,0.002064217489621501,137325.00000000003
dry_high_load,810.0,False,15,0.255471375696373,0.003430183635496474,45.156201262205684,2070.8701233448483,0.001038936335751249,2.2050936529742566e-06,1.4350507375310761e-05,0.0,0.9843148010407369,0.002089162006961732,137324.99999999997
dry_high_load,811.0,False,15,0.255471375696373,0.003430183635496474,45.156201262205684,2116.0263246070645,0.0010389100070143293,2.231422389893727e-06,1.4350507375310761e-05,0.0,0.9842898565233965,0.0021141065243019622,137324.99999999997
dry_high_load,812.0,False,15,0.255471375696373,0.003430183635496474,45.156201262205684,2161.1825258692807,0.00103888367827741,2.2577511268131975e-06,1.4350507375310761e-05,0.0,0.9842649120060564,0.0021390510416421926,137324.99999999997
dry_high_load,813.0,False,15,0.255471375696373,0.003430183635496474,45.156201262205684,2206.338727131497,0.0010388573495404908,2.284079863732668e-06,1.4350507375310761e-05,0.0,0.9842399674887162,0.002163995558982423,137325.00000000003
dry_high_load,814.0,False,15,0.255471375696373,0.003430183635496474,45.156201262205684,2251.494928393713,0.0010388310208035711,2.3104086006521385e-06,1.4350507375310761e-05,0.0,0.9842150229713759,0.0021889400763226534,137325.00000000003
dry_high_load,815.0,False,15,0.255471375696373,0.003430183635496474,45.156201262205684,2296.6511296559293,0.0010388046920666515,2.336737337571609e-06,1.4350507375310761e-05,0.0,0.9841900784540357,0.002213884593662884,137324.99999999997
dry_high_load,816.0,False,16,0.2538560615023766,0.003428444563568085,45.1333074785624,41.46607829080772,0.0010402103119993786,1.0218539039580346e-06,1.4259770876197298e-05,0.0,0.9855217986536383,0.0009681304691685907,137324.99999999997
dry_high_load,817.0,False,16,0.2554708249476603,0.0034301830425519995,45.15619345646615,86.61929703478373,0.0010400932777003672,1.0481826408774839e-06,1.4350476438289179e-05,0.0,0.9854109173717136,0.000993074986508801,137324.99999999997
dry_high_load,818.0,False,16,0.2554713755085929,0.003430183635294307,45.15620125954428,131.77549728008623,0.0010400669180369744,1.0745113777969332e-06,1.4350507364762653e-05,0.0,0.9853859435538432,0.0010180195038490113,137324.99999999997
dry_high_load,819.0,False,16,0.2554713756963091,0.003430183635496405,45.156201262204775,176.9316985419453,0.0010400405892895103,1.1008401147163825e-06,1.4350507375307173e-05,0.0,0.9853609990265126,0.0010429640211892218,137324.99999999997
dry_high_load,820.0,False,16,0.255471375696373,0.003430183635496474,45.156201262205684,222.08789980415014,0.0010400142605525874,1.1271688516358318e-06,1.4350507375310761e-05,0.0,0.9853360545091691,0.0010679085385294318,137325.00000000003
dry_high_load,821.0,False,16,0.255471375696373,0.003430183635496474,45.156201262205684,267.244101066355,0.0010399879318156678,1.1534975885552811e-06,1.4350507375310761e-05,0.0,0.9853111099918289,0.0010928530558696424,137324.99999999997
dry_high_load,822.0,False,16,0.255471375696373,0.003430183635496474,45.156201262205684,312.4003023285598,0.0010399616030787485,1.1798263254747304e-06,1.4350507375310761e-05,0.0,0.9852861654744888,0.0011177975732098529,137324.99999999997
dry_high_load,823.0,False,16,0.255471375696373,0.003430183635496474,45.156201262205684,357.55650359076463,0.001039935274341829,1.2061550623941797e-06,1.4350507375310761e-05,0.0,0.9852612209571484,0.0011427420905500629,137325.00000000003
dry_high_load,824.0,False,16,0.255471375696373,0.003430183635496474,45.156201262205684,402.71270485296947,0.0010399089456049097,1.232483799313629e-06,1.4350507375310761e-05,0.0,0.9852362764398083,0.0011676866078902733,137325.00000000003
dry_high_load,825.0,False,16,0.255471375696373,0.003430183635496474,45.156201262205684,447.8689061151743,0.00103988261686799,1.2588125362330783e-06,1.4350507375310761e-05,0.0,0.985211331922468,0.001192631125230484,137324.99999999997
dry_high_load,826.0,False,16,0.255471375696373,0.003430183635496474,45.156201262205684,493.02510737737913,0.0010398562881310707,1.2851412731525276e-06,1.4350507375310761e-05,0.0,0.9851863874051279,0.0012175756425706944,137324.99999999997
dry_high_load,827.0,False,16,0.255471375696373,0.003430183635496474,45.156201262205684,538.181308639584,0.001039829959394151,1.311470010071977e-06,1.4350507375310761e-05,0.0,0.9851614428877875,0.0012425201599109046,137324.99999999997
dry_high_load,828.0,False,16,0.255471375696373,0.003430183635496474,45.156201262205684,583.3375099017888,0.0010398036306572317,1.3377987469914263e-06,1.4350507375310761e-05,0.0,0.9851364983704474,0.001267464677251115,137324.99999999997
dry_high_load,829.0,False,16,0.255471375696373,0.003430183635496474,45.156201262205684,628.4937111639937,0.0010397773019203123,1.3641274839108756e-06,1.4350507375310761e-05,0.0,0.9851115538531072,0.0012924091945913255,137324.99999999997
dry_high_load,830.0,False,16,0.255471375696373,0.003430183635496474,45.156201262205684,673.6499124261985,0.001039750973183393,1.3904562208303249e-06,1.4350507375310761e-05,0.0,0.9850866093357669,0.0013173537119315355,137325.00000000003
dry_high_load,831.0,False,16,0.255471375696373,0.003430183635496474,45.156201262205684,718.8061136884033,0.0010397246444464735,1.4167849577497742e-06,1.4350507375310761e-05,0.0,0.9850616648184267,0.001342298229271746,137325.00000000003
dry_high_load,832.0,False,16,0.255471375696373,0.003430183635496474,45.156201262205684,763.9623149506082,0.0010396983157095541,1.4431136946692235e-06,1.4350507375310761e-05,0.0,0.9850367203010866,0.0013672427466119561,137325.00000000003
dry_high_load,833.0,False,16,0.255471375696373,0.003430183635496474,45.156201262205684,809.118516212813,0.0010396719869726347,1.4694424315886728e-06,1.4350507375310761e-05,0.0,0.9850117757837464,0.0013921872639521666,137325.00000000003
dry_high_load,834.0,False,16,0.255471375696373,0.003430183635496474,45.156201262205684,854.2747174750178,0.001039645658235715,1.495771168508122e-06,1.4350507375310761e-05,0.0,0.9849868312664061,0.0014171317812923772,137324.99999999997
dry_high_load,835.0,False,16,0.255471375696373,0.003430183635496474,45.156201262205684,899.4309187372227,0.0010396193294987955,1.5220999054275714e-06,1.4350507375310761e-05,0.0,0.9849618867490659,0.0014420762986325877,137324.99999999997
dry_high_load,836.0,False,16,0.255471375696373,0.003430183635496474,45.156201262205684,944.5871199994275,0.0010395930007618761,1.5484286423470207e-06,1.4350507375310761e-05,0.0,0.9849369422317258,0.0014670208159727979,137324.99999999997
dry_high_load,837.0,False,16,0.255471375696373,0.003430183635496474,45.156201262205684,989.7433212616323,0.0010395666720249567,1.57475737926647e-06,1.4350507375310761e-05,0.0,0.9849119977143854,0.001491965333313008,137325.00000000003
dry_high_load,838.0,False,16,0.255471375696373,0.003430183635496474,45.156201262205684,1034.89952252384,0.0010395403432880374,1.6010861161859193e-06,1.4350507375310761e-05,0.0,0.9848870531970453,0.0015169098506532183,137325.00000000003
dry_high_load,839.0,False,16,0.255471375696373,0.003430183635496474,45.156201262205684,1080.0557237860562,0.001039514014551118,1.6274148531053686e-06,1.4350507375310761e-05,0.0,0.9848621086797051,0.0015418543679934288,137325.00000000003
dry_high_load,840.0,False,16,0.255471375696373,0.003430183635496474,45.156201262205684,1125.2119250482724,0.0010394876858141986,1.653743590024818e-06,1.4350507375310761e-05,0.0,0.984837164162365,0.0015667988853336392,137325.00000000003
dry_high_load,841.0,False,16,0.255471375696373,0.003430183635496474,45.156201262205684,1170.3681263104886,0.001039461357077279,1.6800723269442672e-06,1.4350507375310761e-05,0.0,0.9848122196450246,0.0015917434026738494,137325.00000000003
dry_high_load,842.0,False,16,0.255471375696373,0.003430183635496474,45.156201262205684,1215.5243275727048,0.0010394350283403596,1.7064010638637166e-06,1.4350507375310761e-05,0.0,0.9847872751276844,0.0016166879200140598,137325.00000000003
dry_high_load,843.0,False,16,0.255471375696373,0.003430183635496474,45.156201262205684,1260.680528834921,0.00103940869960344,1.7327298007831659e-06,1.4350507375310761e-05,0.0,0.9847623306103442,0.0016416324373542705,137324.99999999997
dry_high_load,844.0,False,16,0.255471375696373,0.003430183635496474,45.156201262205684,1305.8367300971372,0.0010393823708665206,1.7590585377026152e-06,1.4350507375310761e-05,0.0,0.9847373860930041,0.001666576954694481,137324.99999999997
dry_high_load,845.0,False,16,0.255471375696373,0.003430183635496474,45.156201262205684,1350.9929313593534,0.0010393560421296012,1.7853872746220645e-06,1.4350507375310761e-05,0.0,0.9847124415756637,0.001691521472034691,137325.00000000003
dry_high_load,846.0,False,16,0.255471375696373,0.003430183635496474,45.156201262205684,1396.1491326215696,0.0010393297133926818,1.8117160115415138e-06,1.4350507375310761e-05,0.0,0.9846874970583236,0.0017164659893749012,137325.00000000003
dry_high_load,847.0,False,16,0.255471375696373,0.003430183635496474,45.156201262205684,1441.3053338837858,0.0010393033846557622,1.838044748460963e-06,1.4350507375310761e-05,0.0,0.9846625525409834,0.001741410506715112,137324.99999999997
dry_high_load,848.0,False,16,0.255471375696373,0.003430183635496474,45.156201262205684,1486.461535146002,0.0010392770559188428,1.8643734853804124e-06,1.4350507375310761e-05,0.0,0.9846376080236431,0.001766355024055322,137325.00000000003
dry_high_load,849.0,False,16,0.255471375696373,0.003430183635496474,45.156201262205684,1531.6177364082182,0.0010392507271819234,1.8907022222998617e-06,1.4350507375310761e-05,0.0,0.9846126635063029,0.0017912995413955322,137325.00000000003
dry_high_load,850.0,False,16,0.255471375696373,0.003430183635496474,45.156201262205684,1576.7739376704344,0.0010392243984450038,1.9170309592193186e-06,1.4350507375310761e-05,0.0,0.9845877189889628,0.0018162440587357503,137324.99999999997
dry_high_load,851.0,False,16,0.255471375696373,0.003430183635496474,45.156201262205684,1621.9301389326506,0.0010391980697080844,1.943359696138789e-06,1.4350507375310761e-05,0.0,0.9845627744716224,0.0018411885760759804,137325.00000000003
dry_high_load,852.0,False,16,0.255471375696373,0.003430183635496474,45.156201262205684,1667.0863401948668,0.001039171740971165,1.9696884330582596e-06,1.4350507375310761e-05,0.0,0.9845378299542823,0.0018661330934162108,137325.00000000003
dry_high_load,853.0,False,16,0.255471375696373,0.003430183635496474,45.156201262205684,1712.242541457083,0.0010391454122342454,1.99601716997773e-06,1.4350507375310761e-05,0.0,0.9845128854369422,0.0018910776107564416,137324.99999999997
dry_high_load,854.0,False,16,0.255471375696373,0.003430183635496474,45.156201262205684,1757.3987427192992,0.001039119083497326,2.0223459068972006e-06,1.4350507375310761e-05,0.0,0.9844879409196018,0.0019160221280966716,137325.00000000003
dry_high_load,855.0,False,16,0.255471375696373,0.003430183635496474,45.156201262205684,1802.5549439815154,0.0010390927547604067,2.048674643816671e-06,1.4350507375310761e-05,0.0,0.9844629964022616,0.001940966645436902,137325.00000000003
dry_high_load,856.0,False,16,0.255471375696373,0.003430183635496474,45.156201262205684,1847.7111452437316,0.001039066426023487,2.0750033807361415e-06,1.4350507375310761e-05,0.0,0.9844380518849215,0.001965911162777133,137324.99999999997
dry_high_load,857.0,False,16,0.255471375696373,0.003430183635496474,45.156201262205684,1892.8673465059478,0.0010390400972865677,2.101332117655612e-06,1.4350507375310761e-05,0.0,0.9844131073675811,0.0019908556801173627,137325.00000000003
dry_high_load,858.0,False,16,0.255471375696373,0.003430183635496474,45.156201262205684,1938.023547768164,0.0010390137685496483,2.1276608545750825e-06,1.4350507375310761e-05,0.0,0.984388162850241,0.002015800197457593,137325.00000000003
dry_high_load,859.0,False,16,0.255471375696373,0.003430183635496474,45.156201262205684,1983.1797490303802,0.0010389874398127287,2.153989591494553e-06,1.4350507375310761e-05,0.0,0.9843632183329006,0.0020407447147978235,137325.00000000003
dry_high_load,860.0,False,16,0.255471375696373,0.003430183635496474,45.156201262205684,2028.3359502925964,0.0010389611110758093,2.1803183284140235e-06,1.4350507375310761e-05,0.0,0.9843382738155605,0.0020656892321380543,137325.00000000003
dry_high_load,861.0,False,16,0.255471375696373,0.003430183635496474,45.156201262205684,2073.4921515548126,0.0010389347823388897,2.206647065333494e-06,1.4350507375310761e-05,0.0,0.9843133292982202,0.002090633749478285,137324.99999999997
dry_high_load,862.0,False,16,0.255471375696373,0.003430183635496474,45.156201262205684,2118.648352817029,0.0010389084536019703,2.2329758022529644e-06,1.4350507375310761e-05,0.0,0.9842883847808799,0.002115578266818515,137325.00000000003
dry_high_load,863.0,False,16,0.255471375696373,0.003430183635496474,45.156201262205684,2163.804554079245,0.001038882124865051,2.259304539172435e-06,1.4350507375310761e-05,0.0,0.9842634402635397,0.0021405227841587455,137325.00000000003
dry_high_load,864.0,False,16,0.255471375696373,0.003430183635496474,45.156201262205684,2208.960755341461,0.0010388557961281315,2.2856332760919054e-06,1.4350507375310761e-05,0.0,0.9842384957461996,0.002165467301498976,137325.00000000003
dry_high_load,865.0,False,16,0.255471375696373,0.003430183635496474,45.156201262205684,2254.1169566036774,0.001038829467391212,2.311962013011376e-06,1.4350507375310761e-05,0.0,0.9842135512288592,0.0021904118188392063,137325.00000000003
dry_high_load,866.0,False,16,0.255471375696373,0.003430183635496474,45.156201262205684,2299.2731578658936,0.0010388031386542923,2.3382907499308464e-06,1.4350507375310761e-05,0.0,0.9841886067115191,0.002215356336179437,137324.99999999997
dry_high_load,867.0,False,17,0.25447087176799243,0.003429106477688689,45.14202115993473,44.08697092711801,0.0010401742080179662,1.0234223557947339e-06,1.4294306405773113e-05,0.0,0.9854875928201738,0.0009696164604699402,137325.00000000003
dry_high_load,868.0,False,17,0.2554710345700135,0.003430183268234626,45.1561964274354,89.24132485756846,0.001040091697473485,1.0497510927141832e-06,1.4350488213334885e-05,0.0,0.9854094202244333,0.0009945609778101506,137325.00000000003
dry_high_load,869.0,False,17,0.25547137558006455,0.0034301836353712546,45.15620126055725,134.39752548991794,0.001040065349581123,1.0760798296336325e-06,1.4350507368777407e-05,0.0,0.985384457558738,0.0010195054951503612,137324.99999999997
dry_high_load,870.0,False,17,0.2554713756963335,0.0034301836354964314,45.15620126220512,179.55372675190898,0.0010400390208376725,1.1024085665530818e-06,1.435050737530854e-05,0.0,0.9853595130352101,0.0010444500124905714,137325.00000000003
dry_high_load,871.0,False,17,0.255471375696373,0.003430183635496474,45.156201262205684,224.7099280141138,0.0010400126921007507,1.128737303472531e-06,1.4350507375310761e-05,0.0,0.9853345685178677,0.0010693945298307817,137325.00000000003
dry_high_load,872.0,False,17,0.255471375696373,0.003430183635496474,45.156201262205684,269.86612927631865,0.0010399863633638313,1.1550660403919804e-06,1.4350507375310761e-05,0.0,0.9853096240005275,0.001094339047170992,137325.00000000003
dry_high_load,873.0,False,17,0.255471375696373,0.003430183635496474,45.156201262205684,315.0223305385235,0.001039960034626912,1.1813947773114297e-06,1.4350507375310761e-05,0.0,0.9852846794831873,0.0011192835645112025,137325.00000000003
dry_high_load,874.0,False,17,0.255471375696373,0.003430183635496474,45.156201262205684,360.1785318007283,0.0010399337058899923,1.207723514230879e-06,1.4350507375310761e-05,0.0,0.985259734965847,0.0011442280818514128,137325.00000000003
dry_high_load,875.0,False,17,0.255471375696373,0.003430183635496474,45.156201262205684,405.33473306293314,0.001039907377153073,1.2340522511503283e-06,1.4350507375310761e-05,0.0,0.9852347904485068,0.0011691725991916232,137325.00000000003
dry_high_load,876.0,False,17,0.255471375696373,0.003430183635496474,45.156201262205684,450.49093432513797,0.0010398810484161536,1.2603809880697776e-06,1.4350507375310761e-05,0.0,0.9852098459311667,0.0011941171165318336,137325.00000000003
dry_high_load,877.0,False,17,0.255471375696373,0.003430183635496474,45.156201262205684,495.6471355873428,0.001039854719679234,1.286709724989227e-06,1.4350507375310761e-05,0.0,0.9851849014138265,0.001219061633872044,137324.99999999997
dry_high_load,878.0,False,17,0.255471375696373,0.003430183635496474,45.156201262205684,540.8033368495477,0.0010398283909423146,1.3130384619086762e-06,1.4350507375310761e-05,0.0,0.9851599568964862,0.0012440061512122543,137325.00000000003
dry_high_load,879.0,False,17,0.255471375696373,0.003430183635496474,45.156201262205684,585.9595381117525,0.0010398020622053952,1.3393671988281255e-06,1.4350507375310761e-05,0.0,0.985135012379146,0.0012689506685524645,137325.00000000003
dry_high_load,880.0,False,17,0.255471375696373,0.003430183635496474,45.156201262205684,631.1157393739574,0.0010397757334684756,1.3656959357475748e-06,1.4350507375310761e-05,0.0,0.9851100678618059,0.0012938951858926752,137324.99999999997
dry_high_load,881.0,False,17,0.255471375696373,0.003430183635496474,45.156201262205684,676.2719406361622,0.0010397494047315562,1.3920246726670242e-06,1.4350507375310761e-05,0.0,0.9850851233444657,0.0013188397032328856,137324.99999999997
dry_high_load,882.0,False,17,0.255471375696373,0.003430183635496474,45.156201262205684,721.428141898367,0.0010397230759946368,1.4183534095864735e-06,1.4350507375310761e-05,0.0,0.9850601788271254,0.0013437842205730956,137325.00000000003
dry_high_load,883.0,False,17,0.255471375696373,0.003430183635496474,45.156201262205684,766.5843431605718,0.0010396967472577174,1.4446821465059228e-06,1.4350507375310761e-05,0.0,0.9850352343097852,0.001368728737913306,137325.00000000003
dry_high_load,884.0,False,17,0.255471375696373,0.003430183635496474,45.156201262205684,811.7405444227767,0.0010396704185207978,1.471010883425372e-06,1.4350507375310761e-05,0.0,0.9850102897924451,0.0013936732552535167,137324.99999999997
dry_high_load,885.0,False,17,0.255471375696373,0.003430183635496474,45.156201262205684,856.8967456849815,0.0010396440897838784,1.4973396203448214e-06,1.4350507375310761e-05,0.0,0.9849853452751047,0.0014186177725937267,137325.00000000003
dry_high_load,886.0,False,17,0.255471375696373,0.003430183635496474,45.156201262205684,902.0529469471863,0.0010396177610469588,1.5236683572642707e-06,1.4350507375310761e-05,0.0,0.9849604007577646,0.0014435622899339373,137324.99999999997
dry_high_load,887.0,False,17,0.255471375696373,0.003430183635496474,45.156201262205684,947.2091482093912,0.0010395914323100394,1.54999709418372e-06,1.4350507375310761e-05,0.0,0.9849354562404243,0.0014685068072741478,137324.99999999997
dry_high_load,888.0,False,17,0.255471375696373,0.003430183635496474,45.156201262205684,992.365349471596,0.00103956510357312,1.5763258311031693e-06,1.4350507375310761e-05,0.0,0.9849105117230842,0.0014934513246143582,137324.99999999997
dry_high_load,889.0,False,17,0.255471375696373,0.003430183635496474,45.156201262205684,1037.5215507338041,0.0010395387748362006,1.6026545680226186e-06,1.4350507375310761e-05,0.0,0.9848855672057438,0.0015183958419545682,137325.00000000003
dry_high_load,890.0,False,17,0.255471375696373,0.003430183635496474,45.156201262205684,1082.6777519960203,0.001039512446099281,1.628983304942068e-06,1.4350507375310761e-05,0.0,0.9848606226884037,0.0015433403592947789,137324.99999999997
dry_high_load,891.0,False,17,0.255471375696373,0.003430183635496474,45.156201262205684,1127.8339532582365,0.0010394861173623616,1.6553120418615172e-06,1.4350507375310761e-05,0.0,0.9848356781710635,0.0015682848766349893,137324.99999999997
dry_high_load,892.0,False,17,0.255471375696373,0.003430183635496474,45.156201262205684,1172.9901545204527,0.0010394597886254425,1.6816407787809665e-06,1.4350507375310761e-05,0.0,0.9848107336537232,0.0015932293939751989,137325.00000000003
dry_high_load,893.0,False,17,0.255471375696373,0.003430183635496474,45.156201262205684,1218.146355782669,0.0010394334598885229,1.7079695157004158e-06,1.4350507375310761e-05,0.0,0.984785789136383,0.0016181739113154097,137325.00000000003
dry_high_load,894.0,False,17,0.255471375696373,0.003430183635496474,45.156201262205684,1263.3025570448851,0.0010394071311516035,1.7342982526198651e-06,1.4350507375310761e-05,0.0,0.9847608446190429,0.00164311842865562,137325.00000000003
dry_high_load,895.0,False,17,0.255471375696373,0.003430183635496474,45.156201262205684,1308.4587583071013,0.0010393808024146839,1.7606269895393144e-06,1.4350507375310761e-05,0.0,0.9847359001017028,0.0016680629459958308,137324.99999999997
dry_high_load,896.0,False,17,0.255471375696373,0.003430183635496474,45.156201262205684,1353.6149595693175,0.0010393544736777643,1.7869557264587638e-06,1.4350507375310761e-05,0.0,0.9847109555843624,0.001693007463336041,137324.99999999997
dry_high_load,897.0,False,17,0.255471375696373,0.003430183635496474,45.156201262205684,1398.7711608315337,0.0010393281449408449,1.813284463378213e-06,1.4350507375310761e-05,0.0,0.9846860110670222,0.0017179519806762515,137324.99999999997
dry_high_load,898.0,False,17,0.255471375696373,0.003430183635496474,45.156201262205684,1443.92736209375,0.0010393018162039257,1.8396132002976624e-06,1.4350507375310761e-05,0.0,0.9846610665496821,0.0017428964980164615,137325.00000000003
dry_high_load,899.0,False,17,0.255471375696373,0.003430183635496474,45.156201262205684,1489.0835633559661,0.001039275487467006,1.8659419372171117e-06,1.4350507375310761e-05,0.0,0.984636122032342,0.0017678410153566721,137324.99999999997
dry_high_load,900.0,False,17,0.255471375696373,0.003430183635496474,45.156201262205684,1534.2397646181823,0.0010392491587300867,1.892270674136561e-06,1.4350507375310761e-05,0.0,0.9846111775150016,0.0017927855326968821,137325.00000000003
dry_high_load,901.0,False,17,0.255471375696373,0.003430183635496474,45.156201262205684,1579.3959658803985,0.0010392228299931673,1.918599411056019e-06,1.4350507375310761e-05,0.0,0.9845862329976615,0.001817730050037101,137325.00000000003
dry_high_load,902.0,False,17,0.255471375696373,0.003430183635496474,45.156201262205684,1624.5521671426147,0.0010391965012562475,1.9449281479754897e-06,1.4350507375310761e-05,0.0,0.9845612884803212,0.001842674567377332,137324.99999999994
dry_high_load,903.0,False,17,0.255471375696373,0.003430183635496474,45.156201262205684,1669.708368404831,0.001039170172519328,1.97125688489496e-06,1.4350507375310761e-05,0.0,0.984536343962981,0.0018676190847175622,137324.99999999997
dry_high_load,904.0,False,17,0.255471375696373,0.003430183635496474,45.156201262205684,1714.8645696670471,0.001039143843782409,1.9975856218144306e-06,1.4350507375310761e-05,0.0,0.9845113994456407,0.0018925636020577922,137325.00000000003
dry_high_load,905.0,False,17,0.255471375696373,0.003430183635496474,45.156201262205684,1760.0207709292633,0.0010391175150454893,2.023914358733901e-06,1.4350507375310761e-05,0.0,0.9844864549283004,0.0019175081193980226,137325.00000000003
dry_high_load,906.0,False,17,0.255471375696373,0.003430183635496474,45.156201262205684,1805.1769721914795,0.00103909118630857,2.0502430956533716e-06,1.4350507375310761e-05,0.0,0.9844615104109602,0.0019424526367382532,137325.00000000003
dry_high_load,907.0,False,17,0.255471375696373,0.003430183635496474,45.156201262205684,1850.3331734536957,0.0010390648575716503,2.076571832572842e-06,1.4350507375310761e-05,0.0,0.98443656589362,0.001967397154078484,137324.99999999997
dry_high_load,908.0,False,17,0.255471375696373,0.003430183635496474,45.156201262205684,1895.489374715912,0.0010390385288347307,2.1029005694923126e-06,1.4350507375310761e-05,0.0,0.9844116213762797,0.0019923416714187144,137324.99999999997
dry_high_load,909.0,False,17,0.255471375696373,0.003430183635496474,45.156201262205684,1940.6455759781281,0.0010390122000978113,2.129229306411783e-06,1.4350507375310761e-05,0.0,0.9843866768589395,0.0020172861887589448,137324.99999999997
dry_high_load,910.0,False,17,0.255471375696373,0.003430183635496474,45.156201262205684,1985.8017772403443,0.001038985871360892,2.1555580433312535e-06,1.4350507375310761e-05,0.0,0.9843617323415994,0.002042230706099175,137324.99999999997
dry_high_load,911.0,False,17,0.255471375696373,0.003430183635496474,45.156201262205684,2030.9579785025605,0.0010389595426239726,2.181886780250724e-06,1.4350507375310761e-05,0.0,0.984336787824259,0.002067175223439405,137325.00000000003
dry_high_load,912.0,False,17,0.255471375696373,0.003430183635496474,45.156201262205684,2076.1141797647765,0.001038933213887053,2.2082155171701945e-06,1.4350507375310761e-05,0.0,0.9843118433069189,0.002092119740779636,137324.99999999997
dry_high_load,913.0,False,17,0.255471375696373,0.003430183635496474,45.156201262205684,2121.2703810269927,0.0010389068851501336,2.234544254089665e-06,1.4350507375310761e-05,0.0,0.9842868987895785,0.002117064258119866,137325.00000000003
dry_high_load,914.0,False,17,0.255471375696373,0.003430183635496474,45.156201262205684,2166.426582289209,0.001038880556413214,2.2608729910091355e-06,1.4350507375310761e-05,0.0,0.9842619542722384,0.002142008775460097,137324.99999999997
dry_high_load,915.0,False,17,0.255471375696373,0.003430183635496474,45.156201262205684,2211.582783551425,0.0010388542276762946,2.287201727928606e-06,1.4350507375310761e-05,0.0,0.9842370097548983,0.0021669532928003275,137324.99999999997
dry_high_load,916.0,False,17,0.255471375696373,0.003430183635496474,45.156201262205684,2256.7389848136413,0.0010388278989393752,2.3135304648480764e-06,1.4350507375310761e-05,0.0,0.9842120652375579,0.0021918978101405574,137325.00000000003
dry_high_load,917.0,True,17,0.24053337398511473,0.0034141011547389683,44.944485559767394,1.8917550497015676,0.0010397940027932764,2.1865339400771516e-06,1.3511400046180501e-05,0.0,0.985127376686406,0.0020715780612674296,137325.00000000003
dry_high_load,918.0,False,18,0.25485167699352906,0.0034295164584097,45.1474182972075,46.708295778003865,0.0010401512422795734,1.0249972507604297e-06,1.4315697249200187e-05,0.0,0.985465834493471,0.0009711085561561482,137324.99999999997
dry_high_load,919.0,False,18,0.2554711644072851,0.0034301834080194154,45.15619826761387,91.86335282771823,0.0010400901152852141,1.051325987679879e-06,1.435049550664013e-05,0.0,0.9854079212188837,0.0009960530734963583,137325.00000000003
dry_high_load,920.0,False,18,0.2554713756243332,0.003430183635418915,45.15620126118467,137.01955369979945,0.0010400637746836704,1.0776547245993283e-06,1.4350507371264094e-05,0.0,0.9853829654606958,0.001020997590836569,137324.99999999997
dry_high_load,921.0,False,18,0.2554713756963486,0.0034301836354964474,45.156201262205336,182.1757549618722,0.0010400374459427059,1.1039834615187776e-06,1.435050737530939e-05,0.0,0.9853580209395232,0.0010459421081767794,137324.99999999997
dry_high_load,922.0,False,18,0.255471375696373,0.003430183635496474,45.156201262205684,227.33195622407703,0.001040011117205785,1.1303121984382269e-06,1.4350507375310761e-05,0.0,0.9853330764221816,0.0010708866255169896,137324.99999999997
dry_high_load,923.0,False,18,0.255471375696373,0.003430183635496474,45.156201262205684,272.48815748628186,0.0010399847884688656,1.1566409353576762e-06,1.4350507375310761e-05,0.0,0.9853081319048412,0.0010958311428571998,137325.00000000003
dry_high_load,924.0,False,18,0.255471375696373,0.003430183635496474,45.156201262205684,317.6443587484867,0.0010399584597319462,1.1829696722771255e-06,1.4350507375310761e-05,0.0,0.9852831873875011,0.0011207756601974103,137325.00000000003
dry_high_load,925.0,False,18,0.255471375696373,0.003430183635496474,45.156201262205684,362.8005600106915,0.0010399321309950268,1.2092984091965748e-06,1.4350507375310761e-05,0.0,0.985258242870161,0.0011457201775376205,137325.00000000003
dry_high_load,926.0,False,18,0.255471375696373,0.003430183635496474,45.156201262205684,407.95676127289636,0.001039905802258107,1.2356271461160241e-06,1.4350507375310761e-05,0.0,0.9852332983528206,0.0011706646948778311,137324.99999999997
dry_high_load,927.0,False,18,0.255471375696373,0.003430183635496474,45.156201262205684,453.1129625351012,0.0010398794735211876,1.2619558830354734e-06,1.4350507375310761e-05,0.0,0.9852083538354804,0.0011956092122180416,137324.99999999997
dry_high_load,928.0,False,18,0.255471375696373,0.003430183635496474,45.156201262205684,498.269163797306,0.0010398531447842682,1.2882846199549227e-06,1.4350507375310761e-05,0.0,0.9851834093181403,0.0012205537295582518,137324.99999999997
dry_high_load,929.0,False,18,0.255471375696373,0.003430183635496474,45.156201262205684,543.4253650595109,0.0010398268160473488,1.314613356874372e-06,1.4350507375310761e-05,0.0,0.9851584648008002,0.0012454982468984622,137324.99999999997
dry_high_load,930.0,False,18,0.255471375696373,0.003430183635496474,45.156201262205684,588.5815663217157,0.0010398004873104294,1.3409420937938213e-06,1.4350507375310761e-05,0.0,0.9851335202834598,0.0012704427642386724,137325.00000000003
dry_high_load,931.0,False,18,0.255471375696373,0.003430183635496474,45.156201262205684,633.7377675839206,0.00103977415857351,1.3672708307132706e-06,1.4350507375310761e-05,0.0,0.9851085757661197,0.0012953872815788827,137325.00000000003
dry_high_load,932.0,False,18,0.255471375696373,0.003430183635496474,45.156201262205684,678.8939688461254,0.0010397478298365907,1.39359956763272e-06,1.4350507375310761e-05,0.0,0.9850836312487795,0.001320331798919093,137325.00000000003
dry_high_load,933.0,False,18,0.255471375696373,0.003430183635496474,45.156201262205684,724.0501701083302,0.001039721501099671,1.4199283045521693e-06,1.4350507375310761e-05,0.0,0.9850586867314391,0.0013452763162593035,137325.00000000003
dry_high_load,934.0,False,18,0.255471375696373,0.003430183635496474,45.156201262205684,769.2063713705351,0.0010396951723627517,1.4462570414716186e-06,1.4350507375310761e-05,0.0,0.985033742214099,0.0013702208335995138,137325.00000000003
dry_high_load,935.0,False,18,0.255471375696373,0.003430183635496474,45.156201262205684,814.3625726327399,0.001039668843625832,1.4725857783910679e-06,1.4350507375310761e-05,0.0,0.9850087976967588,0.0013951653509397244,137324.99999999997
dry_high_load,936.0,False,18,0.255471375696373,0.003430183635496474,45.156201262205684,859.5187738949447,0.0010396425148889127,1.4989145153105172e-06,1.4350507375310761e-05,0.0,0.9849838531794186,0.0014201098682799348,137324.99999999997
dry_high_load,937.0,False,18,0.255471375696373,0.003430183635496474,45.156201262205684,904.6749751571496,0.0010396161861519933,1.5252432522299665e-06,1.4350507375310761e-05,0.0,0.9849589086620782,0.0014450543856201448,137325.00000000003
dry_high_load,938.0,False,18,0.255471375696373,0.003430183635496474,45.156201262205684,949.8311764193544,0.0010395898574150739,1.5515719891494158e-06,1.4350507375310761e-05,0.0,0.9849339641447381,0.0014699989029603553,137325.00000000003
dry_high_load,939.0,False,18,0.255471375696373,0.003430183635496474,45.156201262205684,994.9873776815592,0.0010395635286781543,1.577900726068865e-06,1.4350507375310761e-05,0.0,0.984909019627398,0.001494943420300566,137324.99999999997
dry_high_load,940.0,False,18,0.255471375696373,0.003430183635496474,45.156201262205684,1040.143578943768,0.001039537199941235,1.6042294629883144e-06,1.4350507375310761e-05,0.0,0.9848840751100578,0.0015198879376407764,137324.99999999997
dry_high_load,941.0,False,18,0.255471375696373,0.003430183635496474,45.156201262205684,1085.2997802059842,0.0010395108712043155,1.6305581999077637e-06,1.4350507375310761e-05,0.0,0.9848591305927175,0.0015448324549809864,137325.00000000003
dry_high_load,942.0,False,18,0.255471375696373,0.003430183635496474,45.156201262205684,1130.4559814682004,0.0010394845424673961,1.656886936827213e-06,1.4350507375310761e-05,0.0,0.9848341860753773,0.0015697769723211966,137325.00000000003
dry_high_load,943.0,False,18,0.255471375696373,0.003430183635496474,45.156201262205684,1175.6121827304166,0.0010394582137304767,1.6832156737466623e-06,1.4350507375310761e-05,0.0,0.9848092415580372,0.001594721489661407,137325.00000000003
dry_high_load,944.0,False,18,0.255471375696373,0.003430183635496474,45.156201262205684,1220.7683839926328,0.0010394318849935571,1.7095444106661116e-06,1.4350507375310761e-05,0.0,0.9847842970406968,0.0016196660070016175,137325.00000000003
dry_high_load,945.0,False,18,0.255471375696373,0.003430183635496474,45.156201262205684,1265.924585254849,0.0010394055562566375,1.735873147585561e-06,1.4350507375310761e-05,0.0,0.9847593525233567,0.0016446105243418281,137324.99999999997
dry_high_load,946.0,False,18,0.255471375696373,0.003430183635496474,45.156201262205684,1311.0807865170652,0.0010393792275197181,1.7622018845050102e-06,1.4350507375310761e-05,0.0,0.9847344080060165,0.0016695550416820385,137324.99999999997
dry_high_load,947.0,False,18,0.255471375696373,0.003430183635496474,45.156201262205684,1356.2369877792814,0.0010393528987827987,1.7885306214244596e-06,1.4350507375310761e-05,0.0,0.9847094634886764,0.0016944995590222488,137324.99999999997
dry_high_load,948.0,False,18,0.255471375696373,0.003430183635496474,45.156201262205684,1401.3931890414976,0.0010393265700458793,1.8148593583439089e-06,1.4350507375310761e-05,0.0,0.984684518971336,0.0017194440763624588,137325.00000000003
dry_high_load,949.0,False,18,0.255471375696373,0.003430183635496474,45.156201262205684,1446.5493903037138,0.00103930024130896,1.8411880952633582e-06,1.4350507375310761e-05,0.0,0.9846595744539959,0.0017443885937026692,137325.00000000003
dry_high_load,950.0,False,18,0.255471375696373,0.003430183635496474,45.156201262205684,1491.70559156593,0.0010392739125720406,1.8675168321828075e-06,1.4350507375310761e-05,0.0,0.9846346299366557,0.0017693331110428796,137325.00000000003
dry_high_load,951.0,False,18,0.255471375696373,0.003430183635496474,45.156201262205684,1536.8617928281462,0.0010392475838351212,1.8938455691022568e-06,1.4350507375310761e-05,0.0,0.9846096854193154,0.0017942776283830896,137325.00000000003
dry_high_load,952.0,False,18,0.255471375696373,0.003430183635496474,45.156201262205684,1582.0179940903624,0.0010392212550982014,1.9201743060217163e-06,1.4350507375310761e-05,0.0,0.9845847409019751,0.0018192221457233103,137324.99999999997
dry_high_load,953.0,False,18,0.255471375696373,0.003430183635496474,45.156201262205684,1627.1741953525786,0.001039194926361282,1.9465030429411867e-06,1.4350507375310761e-05,0.0,0.984559796384635,0.0018441666630635407,137324.99999999997
dry_high_load,954.0,False,18,0.255471375696373,0.003430183635496474,45.156201262205684,1672.3303966147948,0.0010391685976243624,1.9728317798606572e-06,1.4350507375310761e-05,0.0,0.9845348518672946,0.001869111180403771,137324.99999999997
dry_high_load,955.0,False,18,0.255471375696373,0.003430183635496474,45.156201262205684,1717.486597877011,0.0010391422688874432,1.9991605167801277e-06,1.4350507375310761e-05,0.0,0.9845099073499545,0.0018940556977440012,137325.00000000003
dry_high_load,956.0,False,18,0.255471375696373,0.003430183635496474,45.156201262205684,1762.6427991392272,0.0010391159401505238,2.025489253699598e-06,1.4350507375310761e-05,0.0,0.9844849628326143,0.0019190002150842316,137325.00000000003
dry_high_load,957.0,False,18,0.255471375696373,0.003430183635496474,45.156201262205684,1807.7990004014434,0.001039089611413604,2.0518179906190687e-06,1.4350507375310761e-05,0.0,0.984460018315274,0.0019439447324244624,137324.99999999997
dry_high_load,958.0,False,18,0.255471375696373,0.003430183635496474,45.156201262205684,1852.9552016636596,0.0010390632826766846,2.078146727538539e-06,1.4350507375310761e-05,0.0,0.9844350737979338,0.001968889249764693,137324.99999999997
dry_high_load,959.0,False,18,0.255471375696373,0.003430183635496474,45.156201262205684,1898.1114029258758,0.0010390369539397652,2.1044754644580096e-06,1.4350507375310761e-05,0.0,0.9844101292805937,0.0019938337671049234,137324.99999999997
dry_high_load,960.0,False,18,0.255471375696373,0.003430183635496474,45.156201262205684,1943.267604188092,0.0010390106252028456,2.13080420137748e-06,1.4350507375310761e-05,0.0,0.9843851847632533,0.0020187782844451538,137324.99999999997
dry_high_load,961.0,False,18,0.255471375696373,0.003430183635496474,45.156201262205684,1988.4238054503082,0.0010389842964659264,2.1571329382969506e-06,1.4350507375310761e-05,0.0,0.9843602402459132,0.0020437228017853837,137325.00000000003
dry_high_load,962.0,False,18,0.255471375696373,0.003430183635496474,45.156201262205684,2033.5800067125244,0.0010389579677290068,2.183461675216421e-06,1.4350507375310761e-05,0.0,0.9843352957285728,0.002068667319125614,137325.00000000003
dry_high_load,963.0,False,18,0.255471375696373,0.003430183635496474,45.156201262205684,2078.7362079747404,0.0010389316389920872,2.2097904121358916e-06,1.4350507375310761e-05,0.0,0.9843103512112327,0.002093611836465845,137324.99999999997
dry_high_load,964.0,False,18,0.255471375696373,0.003430183635496474,45.156201262205684,2123.8924092369566,0.0010389053102551678,2.236119149055362e-06,1.4350507375310761e-05,0.0,0.9842854066938925,0.0021185563538060753,137324.99999999997
dry_high_load,965.0,False,18,0.255471375696373,0.003430183635496474,45.156201262205684,2169.048610499173,0.0010388789815182484,2.2624478859748325e-06,1.4350507375310761e-05,0.0,0.9842604621765522,0.0021435008711463053,137325.00000000003
dry_high_load,966.0,False,18,0.255471375696373,0.003430183635496474,45.156201262205684,2214.204811761389,0.001038852652781329,2.288776622894303e-06,1.4350507375310761e-05,0.0,0.984235517659212,0.0021684453884865357,137325.00000000003
dry_high_load,967.0,False,18,0.255471375696373,0.003430183635496474,45.156201262205684,2259.361013023605,0.0010388263240444094,2.3151053598137735e-06,1.4350507375310761e-05,0.0,0.9842105731418719,0.002193389905826767,137324.99999999997
dry_high_load,968.0,True,18,0.22661075418298593,0.0033991118496505207,44.74716082462779,4.495593686403466,0.00104078602211111,1.9765852460441502e-06,1.2729329422379757e-05,0.0,0.9860672411072188,0.0018726673100649275,137324.99999999997
dry_high_load,969.0,False,19,0.25508754263843786,0.003429770394964865,45.15076121158509,49.32988833679622,0.0010401364154230023,1.0265749060554915e-06,1.4328946450476142e-05,0.0,0.9854517871511327,0.0009726032670488485,137325.00000000003
dry_high_load,970.0,False,19,0.2554712448267483,0.0034301834946002373,45.15619940739571,94.48538088914427,0.0010400885331125437,1.0529036429749408e-06,1.4350500024015496e-05,0.0,0.9854064222281143,0.0009975477843890588,137325.00000000003
dry_high_load,971.0,False,19,0.2554713756517526,0.003430183635448435,45.15620126157328,139.64158190971207,0.0010400621970268352,1.0792323798943901e-06,1.4350507372804315e-05,0.0,0.9853814707483439,0.0010224923017292695,137324.99999999997
dry_high_load,972.0,False,19,0.2554713756963579,0.003430183635496458,45.15620126220547,184.79778317183542,0.0010400358682874104,1.1055611168138395e-06,1.4350507375309914e-05,0.0,0.9853565262286299,0.0010474368190694795,137325.00000000003
dry_high_load,973.0,False,19,0.255471375696373,0.003430183635496474,45.156201262205684,229.95398443404025,0.00104000953955049,1.1318898537332888e-06,1.4350507375310761e-05,0.0,0.9853315817112888,0.0010723813364096899,137325.00000000003
dry_high_load,974.0,False,19,0.255471375696373,0.003430183635496474,45.156201262205684,275.1101856962451,0.0010399832108135706,1.158218590652738e-06,1.4350507375310761e-05,0.0,0.9853066371939486,0.0010973258537499003,137325.00000000003
dry_high_load,975.0,False,19,0.255471375696373,0.003430183635496474,45.156201262205684,320.2663869584499,0.0010399568820766512,1.1845473275721874e-06,1.4350507375310761e-05,0.0,0.9852816926766085,0.0011222703710901105,137325.00000000003
dry_high_load,976.0,False,19,0.255471375696373,0.003430183635496474,45.156201262205684,365.42258822065475,0.0010399305533397316,1.2108760644916367e-06,1.4350507375310761e-05,0.0,0.9852567481592682,0.0011472148884303212,137324.99999999997
dry_high_load,977.0,False,19,0.255471375696373,0.003430183635496474,45.156201262205684,410.5787894828596,0.0010399042246028122,1.237204801411086e-06,1.4350507375310761e-05,0.0,0.985231803641928,0.0011721594057705314,137325.00000000003
dry_high_load,978.0,False,19,0.255471375696373,0.003430183635496474,45.156201262205684,455.7349907450644,0.0010398778958658926,1.2635335383305353e-06,1.4350507375310761e-05,0.0,0.9852068591245877,0.001197103923110742,137324.99999999997
dry_high_load,979.0,False,19,0.255471375696373,0.003430183635496474,45.156201262205684,500.89119200726924,0.0010398515671289732,1.2898622752499846e-06,1.4350507375310761e-05,0.0,0.9851819146072476,0.0012220484404509523,137324.99999999997
dry_high_load,980.0,False,19,0.255471375696373,0.003430183635496474,45.156201262205684,546.0473932694741,0.0010398252383920538,1.316191012169434e-06,1.4350507375310761e-05,0.0,0.9851569700899072,0.0012469929577911625,137325.00000000003
dry_high_load,981.0,False,19,0.255471375696373,0.003430183635496474,45.156201262205684,591.203594531679,0.0010397989096551344,1.3425197490888832e-06,1.4350507375310761e-05,0.0,0.9851320255725671,0.0012719374751313727,137325.00000000003
dry_high_load,982.0,False,19,0.255471375696373,0.003430183635496474,45.156201262205684,636.3597957938838,0.0010397725809182148,1.3688484860083325e-06,1.4350507375310761e-05,0.0,0.9851070810552269,0.0012968819924715834,137324.99999999997
dry_high_load,983.0,False,19,0.255471375696373,0.003430183635496474,45.156201262205684,681.5159970560886,0.0010397462521812954,1.3951772229277818e-06,1.4350507375310761e-05,0.0,0.9850821365378868,0.0013218265098117938,137324.99999999997
dry_high_load,984.0,False,19,0.255471375696373,0.003430183635496474,45.156201262205684,726.6721983182935,0.0010397199234443762,1.4215059598472311e-06,1.4350507375310761e-05,0.0,0.9850571920205464,0.0013467710271520036,137325.00000000003
dry_high_load,985.0,False,19,0.255471375696373,0.003430183635496474,45.156201262205684,771.8283995804983,0.0010396935947074564,1.4478346967666804e-06,1.4350507375310761e-05,0.0,0.9850322475032063,0.0013717155444922145,137324.99999999997
dry_high_load,986.0,False,19,0.255471375696373,0.003430183635496474,45.156201262205684,816.9846008427031,0.001039667265970537,1.4741634336861297e-06,1.4350507375310761e-05,0.0,0.9850073029858661,0.001396660061832425,137324.99999999997
dry_high_load,987.0,False,19,0.255471375696373,0.003430183635496474,45.156201262205684,862.140802104908,0.0010396409372336176,1.500492170605579e-06,1.4350507375310761e-05,0.0,0.9849823584685258,0.001421604579172635,137325.00000000003
dry_high_load,988.0,False,19,0.255471375696373,0.003430183635496474,45.156201262205684,907.2970033671128,0.001039614608496698,1.5268209075250284e-06,1.4350507375310761e-05,0.0,0.9849574139511856,0.0014465490965128456,137324.99999999997
dry_high_load,989.0,False,19,0.255471375696373,0.003430183635496474,45.156201262205684,952.4532046293176,0.0010395882797597786,1.5531496444444777e-06,1.4350507375310761e-05,0.0,0.9849324694338455,0.001471493613853056,137324.99999999997
dry_high_load,990.0,False,19,0.255471375696373,0.003430183635496474,45.156201262205684,997.6094058915224,0.0010395619510228595,1.579478381363927e-06,1.4350507375310761e-05,0.0,0.9849075249165054,0.001496438131193266,137325.00000000003
dry_high_load,991.0,False,19,0.255471375696373,0.003430183635496474,45.156201262205684,1042.765607153732,0.0010395356222859399,1.6058071182833763e-06,1.4350507375310761e-05,0.0,0.984882580399165,0.0015213826485334764,137325.00000000003
dry_high_load,992.0,False,19,0.255471375696373,0.003430183635496474,45.156201262205684,1087.9218084159481,0.0010395092935490205,1.6321358552028256e-06,1.4350507375310761e-05,0.0,0.9848576358818248,0.0015463271658736869,137325.00000000003
dry_high_load,993.0,False,19,0.255471375696373,0.003430183635496474,45.156201262205684,1133.0780096781643,0.001039482964812101,1.6584645921222749e-06,1.4350507375310761e-05,0.0,0.9848326913644847,0.001571271683213897,137325.00000000003
dry_high_load,994.0,False,19,0.255471375696373,0.003430183635496474,45.156201262205684,1178.2342109403805,0.0010394566360751813,1.6847933290417242e-06,1.4350507375310761e-05,0.0,0.9848077468471444,0.0015962162005541082,137324.99999999994
dry_high_load,995.0,False,19,0.255471375696373,0.003430183635496474,45.156201262205684,1223.3904122025967,0.0010394303073382619,1.7111220659611735e-06,1.4350507375310761e-05,0.0,0.9847828023298041,0.0016211607178943182,137324.99999999997
dry_high_load,996.0,False,19,0.255471375696373,0.003430183635496474,45.156201262205684,1268.546613464813,0.0010394039786013427,1.7374508028806228e-06,1.4350507375310761e-05,0.0,0.9847578578124639,0.0016461052352345282,137325.00000000003
dry_high_load,997.0,False,19,0.255471375696373,0.003430183635496474,45.156201262205684,1313.7028147270291,0.001039377649864423,1.7637795398000721e-06,1.4350507375310761e-05,0.0,0.9847329132951238,0.0016710497525747388,137324.99999999997
dry_high_load,998.0,False,19,0.255471375696373,0.003430183635496474,45.156201262205684,1358.8590159892453,0.0010393513211275037,1.7901082767195214e-06,1.4350507375310761e-05,0.0,0.9847079687777834,0.0016959942699149488,137325.00000000003
dry_high_load,999.0,False,19,0.255471375696373,0.003430183635496474,45.156201262205684,1404.0152172514615,0.0010393249923905843,1.8164370136389707e-06,1.4350507375310761e-05,0.0,0.9846830242604433,0.0017209387872551593,137325.00000000003
dry_high_load,1000.0,False,19,0.255471375696373,0.003430183635496474,45.156201262205684,1449.1714185136773,0.001039298663653665,1.8427657505584198e-06,1.4350507375310761e-05,0.0,0.9846580797431032,0.0017458833045953695,137325.00000000003
nominal,0.0,False,0,0.0,0.001978066785327398,26.04,0.0,0.001055491936779534,0.0,0.0,0.0,1.0,0.0,137324.99999999997
nominal,1.0,False,0,0.4290654866455074,0.0021711867104523483,28.582301851259974,28.332362746232743,0.001031363857254238,2.63287369194565e-08,2.4101750788376373e-05,0.0,0.9771404416419188,2.494451734021718e-05,137324.99999999997
nominal,2.0,False,0,0.43360110335561314,0.0021719977537694285,28.59297872432282,56.92291356627312,0.0010310827508504567,5.2657473838913086e-08,2.4356528455238403e-05,0.0,0.9768741142603575,4.988903468043443e-05,137325.00000000003
nominal,3.0,False,0,0.433668283324688,0.0021720097666595036,28.593136866434033,85.51601447143769,0.001031052648435805,7.898621075836919e-08,2.436030213297061e-05,0.0,0.9768455944644192,7.483355202065124e-05,137324.99999999997
nominal,4.0,False,0,0.43366927837090413,0.0021720099445902315,28.593139208779697,114.10915314757165,0.0010310262638044904,1.0531494767782511e-07,2.436035802736592e-05,0.0,0.9768205969913023,9.977806936086786e-05,137325.00000000003
nominal,5.0,False,0,0.4336692931091808,0.0021720099472256793,28.5931392434737,142.70229238315608,0.0010309999342396827,1.3164368459728166e-07,2.436035885525416e-05,0.0,0.9767956516895996,0.00012472258670108508,137325.00000000003
nominal,6.0,False,0,0.43366929332747894,0.0021720099472647145,28.593139243987576,171.2954316270268,0.0010309736054905008,1.579724215167389e-07,2.4360358867516552e-05,0.0,0.9767707071606416,0.00014966710404130297,137325.00000000003
nominal,7.0,False,0,0.43366929333071236,0.002172009947265293,28.593139243995193,199.88857087102033,0.0010309472767533997,1.8430115843619615e-07,2.436035886769818e-05,0.0,0.9767457626431295,0.0001746116213815209,137324.99999999997
nominal,8.0,False,0,0.43366929333076015,0.0021720099472653013,28.5931392439953,228.4817101150152,0.0010309209480164777,2.106298953556534e-07,2.4360358867700866e-05,0.0,0.9767208181257867,0.00019955613872173872,137325.00000000003
nominal,9.0,False,0,0.43366929333076015,0.0021720099472653013,28.5931392439953,257.07484935901016,0.0010308946192795578,2.3695863227511065e-07,2.4360358867700866e-05,0.0,0.9766958736084463,0.00022450065606195667,137324.99999999997
nominal,10.0,False,0,0.43366929333076015,0.0021720099472653013,28.5931392439953,285.66798860300787,0.0010308682905426384,2.632873691945654e-07,2.4360358867700866e-05,0.0,0.9766709290911061,0.00024944517340217217,137324.99999999997
nominal,11.0,False,0,0.43366929333076015,0.0021720099472653013,28.5931392439953,314.2611278470056,0.001030841961805719,2.8961610611402e-07,2.4360358867700866e-05,0.0,0.976645984573766,0.00027438969074238754,137324.99999999997
nominal,12.0,False,0,0.43366929333076015,0.0021720099472653013,28.5931392439953,342.8542670910033,0.0010308156330687997,3.159448430334746e-07,2.4360358867700866e-05,0.0,0.9766210400564256,0.00029933420808260286,137325.00000000003
nominal,13.0,False,0,0.43366929333076015,0.0021720099472653013,28.5931392439953,371.447406335001,0.00103078930433188,3.422735799529292e-07,2.4360358867700866e-05,0.0,0.9765960955390854,0.00032427872542281833,137324.99999999997
nominal,14.0,False,0,0.43366929333076015,0.0021720099472653013,28.5931392439953,400.0405455789987,0.0010307629755949609,3.686023168723838e-07,2.4360358867700866e-05,0.0,0.9765711510217453,0.00034922324276303365,137325.00000000003
nominal,15.0,False,0,0.43366929333076015,0.0021720099472653013,28.5931392439953,428.63368482299643,0.0010307366468580415,3.949310537918384e-07,2.4360358867700866e-05,0.0,0.9765462065044049,0.0003741677601032489,137325.00000000003
nominal,16.0,False,0,0.43366929333076015,0.0021720099472653013,28.5931392439953,457.22682406699414,0.0010307103181211217,4.21259790711293e-07,2.4360358867700866e-05,0.0,0.9765212619870648,0.00039911227744346444,137324.99999999997
nominal,17.0,False,0,0.43366929333076015,0.0021720099472653013,28.5931392439953,485.81996331099185,0.0010306839893842023,4.475885276307476e-07,2.4360358867700866e-05,0.0,0.9764963174697247,0.00042405679478367986,137324.99999999997
nominal,18.0,False,0,0.43366929333076015,0.0021720099472653013,28.5931392439953,514.4131025549891,0.001030657660647283,4.739172645502022e-07,2.4360358867700866e-05,0.0,0.9764713729523843,0.0004490013121238951,137325.00000000003
nominal,19.0,False,0,0.43366929333076015,0.0021720099472653013,28.5931392439953,543.0062417989811,0.0010306313319103633,5.002460014696614e-07,2.4360358867700866e-05,0.0,0.9764464284350441,0.000473945829464115,137324.99999999997
nominal,20.0,False,0,0.43366929333076015,0.0021720099472653013,28.5931392439953,571.5993810429732,0.0010306050031734441,5.265747383891213e-07,2.4360358867700866e-05,0.0,0.976421483917704,0.0004988903468043353,137325.00000000003
nominal,21.0,False,0,0.43366929333076015,0.0021720099472653013,28.5931392439953,600.1925202869652,0.0010305786744365247,5.529034753085812e-07,2.4360358867700866e-05,0.0,0.9763965394003639,0.0005238348641445556,137325.00000000003
nominal,22.0,False,0,0.43366929333076015,0.0021720099472653013,28.5931392439953,628.7856595309572,0.0010305523456996053,5.792322122280411e-07,2.4360358867700866e-05,0.0,0.9763715948830235,0.000548779381484776,137325.00000000003
nominal,23.0,False,0,0.43366929333076015,0.0021720099472653013,28.5931392439953,657.3787987749492,0.0010305260169626855,6.05560949147501e-07,2.4360358867700866e-05,0.0,0.9763466503656834,0.0005737238988249966,137324.99999999997
nominal,24.0,False,0,0.43366929333076015,0.0021720099472653013,28.5931392439953,685.9719380189413,0.0010304996882257661,6.318896860669609e-07,2.4360358867700866e-05,0.0,0.9763217058483432,0.000598668416165217,137324.99999999997
nominal,25.0,False,0,0.43366929333076015,0.0021720099472653013,28.5931392439953,714.5650772629333,0.0010304733594888465,6.582184229864208e-07,2.4360358867700866e-05,0.0,0.9762967613310028,0.0006236129335054374,137324.99999999997
nominal,26.0,False,0,0.43366929333076015,0.0021720099472653013,28.5931392439953,743.1582165069253,0.0010304470307519271,6.845471599058807e-07,2.4360358867700866e-05,0.0,0.9762718168136626,0.0006485574508456578,137324.99999999997
nominal,27.0,False,0,0.43366929333076015,0.0021720099472653013,28.5931392439953,771.7513557509174,0.001030420702015008,7.108758968253406e-07,2.4360358867700866e-05,0.0,0.9762468722963225,0.000673501968185878,137325.00000000003
nominal,28.0,False,0,0.43366929333076015,0.0021720099472653013,28.5931392439953,800.3444949949094,0.0010303943732780886,7.372046337448005e-07,2.4360358867700866e-05,0.0,0.9762219277789822,0.0006984464855260983,137325.00000000003
nominal,29.0,False,0,0.43366929333076015,0.0021720099472653013,28.5931392439953,828.9376342389014,0.0010303680445411688,7.635333706642604e-07,2.4360358867700866e-05,0.0,0.976196983261642,0.0007233910028663189,137324.99999999997
nominal,30.0,False,0,0.43366929333076015,0.0021720099472653013,28.5931392439953,857.5307734828934,0.0010303417158042494,7.898621075837203e-07,2.4360358867700866e-05,0.0,0.9761720387443018,0.0007483355202065393,137324.99999999997
nominal,31.0,False,0,0.43366929333076015,0.0021720099472653013,28.5931392439953,886.1239127268855,0.0010303153870673298,8.161908445031802e-07,2.4360358867700866e-05,0.0,0.9761470942269614,0.0007732800375467598,137324.99999999997
nominal,32.0,False,0,0.43366929333076015,0.0021720099472653013,28.5931392439953,914.7170519708775,0.0010302890583304104,8.425195814226401e-07,2.4360358867700866e-05,0.0,0.9761221497096213,0.0007982245548869802,137324.99999999997
nominal,33.0,False,0,0.43366929333076015,0.0021720099472653013,28.5931392439953,943.3101912148695,0.0010302627295934912,8.688483183421e-07,2.4360358867700866e-05,0.0,0.9760972051922812,0.0008231690722272004,137325.00000000003
nominal,34.0,False,0,0.43366929333076015,0.0021720099472653013,28.5931392439953,971.9033304588615,0.0010302364008565718,8.951770552615599e-07,2.4360358867700866e-05,0.0,0.9760722606749408,0.0008481135895674207,137325.00000000003
nominal,35.0,False,0,0.43366929333076015,0.0021720099472653013,28.5931392439953,1000.4964697028536,0.001030210072119652,9.215057921810198e-07,2.4360358867700866e-05,0.0,0.9760473161576007,0.0008730581069076414,137324.99999999997
nominal,36.0,False,0,0.43366929333076015,0.0021720099472653013,28.5931392439953,1029.0896089468476,0.0010301837433827326,9.478345291004797e-07,2.4360358867700866e-05,0.0,0.9760223716402605,0.0008980026242478618,137324.99999999997
nominal,37.0,False,0,0.43366929333076015,0.0021720099472653013,28.5931392439953,1057.682748190851,0.001030157414645813,9.741632660199314e-07,2.4360358867700866e-05,0.0,0.9759974271229201,0.0009229471415880744,137324.99999999997
nominal,38.0,False,0,0.43366929333076015,0.0021720099472653013,28.5931392439953,1086.2758874348544,0.0010301310859088936,1.0004920029393807e-06,2.4360358867700866e-05,0.0,0.97597248260558,0.0009478916589282848,137324.99999999997
nominal,39.0,False,0,0.43366929333076015,0.0021720099472653013,28.5931392439953,1114.8690266788578,0.0010301047571719744,1.02682073985883e-06,2.4360358867700866e-05,0.0,0.9759475380882399,0.000972836176268495,137325.00000000003
nominal,40.0,False,0,0.43366929333076015,0.0021720099472653013,28.5931392439953,1143.4621659228612,0.001030078428435055,1.0531494767782793e-06,2.4360358867700866e-05,0.0,0.9759225935708995,0.0009977806936087052,137325.00000000003
nominal,41.0,False,0,0.43366929333076015,0.0021720099472653013,28.5931392439953,1172.0553051668646,0.0010300520996981354,1.0794782136977286e-06,2.4360358867700866e-05,0.0,0.9758976490535594,0.0010227252109489156,137325.00000000003
nominal,42.0,False,0,0.43366929333076015,0.0021720099472653013,28.5931392439953,1200.648444410868,0.001030025770961216,1.105806950617178e-06,2.4360358867700866e-05,0.0,0.9758727045362192,0.001047669728289126,137325.00000000003
nominal,43.0,False,0,0.43366929333076015,0.0021720099472653013,28.5931392439953,1229.2415836548714,0.0010299994422242967,1.1321356875366272e-06,2.4360358867700866e-05,0.0,0.9758477600188791,0.0010726142456293365,137325.00000000003
nominal,44.0,False,0,0.43366929333076015,0.0021720099472653013,28.5931392439953,1257.8347228988748,0.0010299731134873768,1.1584644244560765e-06,2.4360358867700866e-05,0.0,0.9758228155015387,0.001097558762969547,137324.99999999997
nominal,45.0,False,0,0.43366929333076015,0.0021720099472653013,28.5931392439953,1286.4278621428782,0.0010299467847504577,1.1847931613755259e-06,2.4360358867700866e-05,0.0,0.9757978709841985,0.0011225032803097571,137325.00000000003
nominal,46.0,False,0,0.43366929333076015,0.0021720099472653013,28.5931392439953,1315.0210013868816,0.0010299204560135383,1.2111218982949752e-06,2.4360358867700866e-05,0.0,0.9757729264668583,0.0011474477976499676,137325.00000000003
nominal,47.0,False,0,0.43366929333076015,0.0021720099472653013,28.5931392439953,1343.614140630885,0.0010298941272766187,1.2374506352144245e-06,2.4360358867700866e-05,0.0,0.9757479819495182,0.001172392314990178,137324.99999999997
nominal,48.0,False,0,0.43366929333076015,0.0021720099472653013,28.5931392439953,1372.2072798748884,0.0010298677985396993,1.2637793721338738e-06,2.4360358867700866e-05,0.0,0.9757230374321778,0.0011973368323303882,137325.00000000003
nominal,49.0,False,0,0.43366929333076015,0.0021720099472653013,28.5931392439953,1400.8004191188918,0.0010298414698027799,1.290108109053323e-06,2.4360358867700866e-05,0.0,0.9756980929148377,0.0012222813496705987,137325.00000000003
nominal,50.0,False,0,0.43366929333076015,0.0021720099472653013,28.5931392439953,1429.3935583628952,0.0010298151410658603,1.3164368459727724e-06,2.4360358867700866e-05,0.0,0.9756731483974975,0.001247225867010809,137324.99999999997
nominal,51.0,False,0,0.43366929333076015,0.0021720099472653013,28.5931392439953,1457.9866976068986,0.0010297888123289409,1.3427655828922217e-06,2.4360358867700866e-05,0.0,0.9756482038801572,0.0012721703843510193,137325.00000000003
nominal,52.0,False,0,0.43366929333076015,0.0021720099472653013,28.5931392439953,1486.579836850902,0.0010297624835920215,1.369094319811671e-06,2.4360358867700866e-05,0.0,0.975623259362817,0.0012971149016912297,137325.00000000003
nominal,53.0,False,0,0.43366929333076015,0.0021720099472653013,28.5931392439953,1515.1729760949054,0.001029736154855102,1.3954230567311203e-06,2.4360358867700866e-05,0.0,0.9755983148454769,0.0013220594190314402,137324.99999999997
nominal,54.0,False,0,0.43366929333076015,0.0021720099472653013,28.5931392439953,1543.7661153389088,0.0010297098261181825,1.4217517936505696e-06,2.4360358867700866e-05,0.0,0.9755733703281367,0.0013470039363716506,137324.99999999997
nominal,55.0,False,0,0.43366929333076015,0.0021720099472653013,28.5931392439953,1572.3592545829122,0.0010296834973812631,1.448080530570019e-06,2.4360358867700866e-05,0.0,0.9755484258107964,0.0013719484537118608,137325.00000000003
nominal,56.0,False,0,0.43366929333076015,0.0021720099472653013,28.5931392439953,1600.9523938269156,0.0010296571686443435,1.4744092674894682e-06,2.4360358867700866e-05,0.0,0.9755234812934562,0.0013968929710520713,137324.99999999997
nominal,57.0,False,0,0.43366929333076015,0.0021720099472653013,28.5931392439953,1629.545533070919,0.0010296308399074241,1.5007380044089175e-06,2.4360358867700866e-05,0.0,0.9754985367761161,0.0014218374883922817,137324.99999999997
nominal,58.0,False,0,0.43366929333076015,0.0021720099472653013,28.5931392439953,1658.1386723149224,0.0010296045111705047,1.5270667413283668e-06,2.4360358867700866e-05,0.0,0.9754735922587757,0.0014467820057324917,137325.00000000003
nominal,59.0,False,0,0.43366929333076015,0.0021720099472653013,28.5931392439953,1686.7318115589258,0.0010295781824335853,1.5533954782478161e-06,2.4360358867700866e-05,0.0,0.9754486477414356,0.0014717265230727021,137325.00000000003
nominal,60.0,False,0,0.43366929333076015,0.0021720099472653013,28.5931392439953,1715.3249508029292,0.001029551853696666,1.5797242151672655e-06,2.4360358867700866e-05,0.0,0.9754237032240954,0.0014966710404129126,137325.00000000003
nominal,61.0,False,0,0.43366929333076015,0.0021720099472653013,28.5931392439953,1743.9180900469325,0.0010295255249597466,1.6060529520867148e-06,2.4360358867700866e-05,0.0,0.9753987587067552,0.0015216155577531228,137325.00000000003
nominal,62.0,False,0,0.43366929333076015,0.0021720099472653013,28.5931392439953,1772.511229290936,0.0010294991962228267,1.632381689006164e-06,2.4360358867700866e-05,0.0,0.9753738141894148,0.0015465600750933337,137324.99999999997
nominal,63.0,False,0,0.43366929333076015,0.0021720099472653013,28.5931392439953,1801.1043685349393,0.0010294728674859074,1.6587104259256134e-06,2.4360358867700866e-05,0.0,0.9753488696720747,0.0015715045924335439,137324.99999999997
nominal,64.0,False,0,0.43366929333076015,0.0021720099472653013,28.5931392439953,1829.6975077789427,0.001029446538748988,1.6850391628450627e-06,2.4360358867700866e-05,0.0,0.9753239251547345,0.0015964491097737543,137324.99999999997
nominal,65.0,False,0,0.43366929333076015,0.0021720099472653013,28.5931392439953,1858.2906470229461,0.0010294202100120686,1.711367899764512e-06,2.4360358867700866e-05,0.0,0.9752989806373944,0.0016213936271139648,137324.99999999997
nominal,66.0,False,0,0.43366929333076015,0.0021720099472653013,28.5931392439953,1886.8837862669495,0.0010293938812751492,1.7376966366839613e-06,2.4360358867700866e-05,0.0,0.975274036120054,0.0016463381444541748,137325.00000000003
nominal,67.0,False,0,0.43366929333076015,0.0021720099472653013,28.5931392439953,1915.476925510953,0.0010293675525382298,1.7640253736034106e-06,2.4360358867700866e-05,0.0,0.9752490916027139,0.001671282661794385,137325.00000000003
nominal,68.0,False,0,0.43366929333076015,0.0021720099472653013,28.5931392439953,1944.0700647549563,0.0010293412238013104,1.79035411052286e-06,2.4360358867700866e-05,0.0,0.9752241470853737,0.0016962271791345954,137325.00000000003
nominal,69.0,False,0,0.43366929333076015,0.0021720099472653013,28.5931392439953,1972.6632039989597,0.0010293148950643908,1.8166828474423092e-06,2.4360358867700866e-05,0.0,0.9751992025680334,0.0017211716964748059,137325.00000000003
nominal,70.0,False,0,0.43366929333076015,0.0021720099472653013,28.5931392439953,2001.256343242963,0.0010292885663274712,1.8430115843617585e-06,2.4360358867700866e-05,0.0,0.9751742580506932,0.0017461162138150165,137324.99999999997
nominal,71.0,False,0,0.43366929333076015,0.0021720099472653013,28.5931392439953,2029.8494824869665,0.0010292622375905518,1.8693403212812078e-06,2.4360358867700866e-05,0.0,0.9751493135333531,0.001771060731155227,137324.99999999997
nominal,72.0,False,0,0.43366929333076015,0.0021720099472653013,28.5931392439953,2058.4426217309697,0.0010292359088536324,1.8956690582006571e-06,2.4360358867700866e-05,0.0,0.975124369016013,0.0017960052484954372,137324.99999999997
nominal,73.0,False,0,0.43366929333076015,0.0021720099472653013,28.5931392439953,2087.035760974973,0.001029209580116713,1.9219977951201183e-06,2.4360358867700866e-05,0.0,0.9750994244986726,0.0018209497658356584,137325.00000000003
nominal,74.0,False,0,0.43366929333076015,0.0021720099472653013,28.5931392439953,2115.6289002189765,0.0010291832513797936,1.9483265320395888e-06,2.4360358867700866e-05,0.0,0.9750744799813325,0.0018458942831758888,137325.00000000003
nominal,75.0,False,0,0.43366929333076015,0.0021720099472653013,28.5931392439953,2144.22203946298,0.0010291569226428742,1.9746552689590593e-06,2.4360358867700866e-05,0.0,0.9750495354639923,0.0018708388005161192,137325.00000000003
nominal,76.0,False,0,0.43366929333076015,0.0021720099472653013,28.5931392439953,2172.8151787069833,0.0010291305939059544,2.0009840058785297e-06,2.4360358867700866e-05,0.0,0.975024590946652,0.00189578331785635,137324.99999999997
nominal,77.0,False,0,0.43366929333076015,0.0021720099472653013,28.5931392439953,2201.4083179509867,0.001029104265169035,2.0273127427980002e-06,2.4360358867700866e-05,0.0,0.9749996464293117,0.0019207278351965806,137324.99999999997
nominal,78.0,False,0,0.43366929333076015,0.0021720099472653013,28.5931392439953,2230.00145719499,0.0010290779364321156,2.0536414797174707e-06,2.4360358867700866e-05,0.0,0.9749747019119714,0.0019456723525368106,137325.00000000003
nominal,79.0,False,0,0.43366929333076015,0.0021720099472653013,28.5931392439953,2258.5945964389934,0.0010290516076951963,2.079970216636941e-06,2.4360358867700866e-05,0.0,0.9749497573946312,0.001970616869877041,137325.00000000003
nominal,80.0,False,0,0.43366929333076015,0.0021720099472653013,28.5931392439953,2287.187735682997,0.0010290252789582769,2.1062989535564117e-06,2.4360358867700866e-05,0.0,0.974924812877291,0.0019955613872172716,137325.00000000003
nominal,81.0,False,1,0.33590263356056144,0.0021545276507865824,28.362995851627236,15.667456705778902,0.0010357076759922987,9.157155063496456e-07,1.8868545280885575e-05,0.0,0.9812558863807146,0.0008675722423267699,137324.99999999997
nominal,82.0,False,1,0.4322212077451164,0.0021717510056016064,28.589730440524846,44.20562805441252,0.0010302708764914935,9.420442432691055e-07,2.4279016044771224e-05,0.0,0.9761049237713804,0.0008925167596669903,137324.99999999997
nominal,83.0,False,1,0.43364784479331175,0.002172006111911904,28.593088753990006,72.79795313315832,0.0010301644097531005,9.683729801885594e-07,2.4359154046244824e-05,0.0,0.9760040544660992,0.0009174612770072053,137324.99999999994
nominal,84.0,False,1,0.4336689756425225,0.002172009890457388,28.593138496154996,101.3910803180226,0.0010301368940401194,9.947017171080087e-07,2.4360341022306697e-05,0.0,0.9759779853773427,0.0009424057943474153,137325.00000000003
nominal,85.0,False,1,0.4336692886252737,0.0021720099464238828,28.593139232918556,129.98421938340226,0.0010301105477221256,1.021030454027458e-06,2.4360358603381162e-05,0.0,0.975953024203244,0.0009673503116876256,137325.00000000003
nominal,86.0,False,1,0.43366929326106485,0.0021720099472528386,28.593139243831235,158.577358624752,0.001030084218724801,1.0473591909469073e-06,2.4360358863785893e-05,0.0,0.9759280794391897,0.0009922948290278365,137324.99999999994
nominal,87.0,False,1,0.4336692933297286,0.002172009947265117,28.593139243992873,187.170497868708,0.0010300578899840249,1.0736879278663567e-06,2.436035886764292e-05,0.0,0.9759031349181952,0.0010172393463680463,137325.00000000003
nominal,88.0,False,1,0.4336692933307455,0.0021720099472652987,28.593139243995267,215.76363711270267,0.001030031561247048,1.100016664785806e-06,2.4360358867700043e-05,0.0,0.9758781904008008,0.001042183863708257,137324.99999999997
nominal,89.0,False,1,0.43366929333076015,0.0021720099472653013,28.5931392439953,244.35677635669754,0.001030005232510128,1.1263454017052553e-06,2.4360358867700866e-05,0.0,0.9758532458834599,0.0010671283810484672,137325.00000000003
nominal,90.0,False,1,0.43366929333076015,0.0021720099472653013,28.5931392439953,272.9499156006941,0.0010299789037732084,1.1526741386247046e-06,2.4360358867700866e-05,0.0,0.9758283013661196,0.0010920728983886776,137324.99999999997
nominal,91.0,False,1,0.43366929333076015,0.0021720099472653013,28.5931392439953,301.5430548446918,0.001029952575036289,1.1790028755441539e-06,2.4360358867700866e-05,0.0,0.9758033568487793,0.0011170174157288878,137325.00000000003
nominal,92.0,False,1,0.43366929333076015,0.0021720099472653013,28.5931392439953,330.13619408868954,0.0010299262462993696,1.2053316124636032e-06,2.4360358867700866e-05,0.0,0.9757784123314391,0.0011419619330690983,137325.00000000003
nominal,93.0,False,1,0.43366929333076015,0.0021720099472653013,28.5931392439953,358.72933333268725,0.00102989991756245,1.2316603493830525e-06,2.4360358867700866e-05,0.0,0.975753467814099,0.0011669064504093087,137324.99999999997
nominal,94.0,False,1,0.43366929333076015,0.0021720099472653013,28.5931392439953,387.32247257668496,0.0010298735888255306,1.2579890863025018e-06,2.4360358867700866e-05,0.0,0.9757285232967589,0.0011918509677495191,137324.99999999997
nominal,95.0,False,1,0.43366929333076015,0.0021720099472653013,28.5931392439953,415.91561182068267,0.0010298472600886112,1.2843178232219511e-06,2.4360358867700866e-05,0.0,0.9757035787794185,0.0012167954850897294,137325.00000000003
nominal,96.0,False,1,0.43366929333076015,0.0021720099472653013,28.5931392439953,444.5087510646804,0.0010298209313516916,1.3106465601414004e-06,2.4360358867700866e-05,0.0,0.9756786342620783,0.00124174000242994,137324.99999999997
nominal,97.0,False,1,0.43366929333076015,0.0021720099472653013,28.5931392439953,473.1018903086781,0.0010297946026147722,1.3369752970608497e-06,2.4360358867700866e-05,0.0,0.9756536897447382,0.0012666845197701502,137324.99999999997
nominal,98.0,False,1,0.43366929333076015,0.0021720099472653013,28.5931392439953,501.6950295526758,0.001029768273877853,1.363304033980299e-06,2.4360358867700866e-05,0.0,0.9756287452273978,0.00129162903711036,137325.00000000003
nominal,99.0,False,1,0.43366929333076015,0.0021720099472653013,28.5931392439953,530.2881687966699,0.0010297419451409336,1.3896327708997483e-06,2.4360358867700866e-05,0.0,0.9756038007100577,0.0013165735544505704,137325.00000000003
nominal,100.0,False,1,0.43366929333076015,0.0021720099472653013,28.5931392439953,558.8813080406619,0.0010297156164040138,1.4159615078191976e-06,2.4360358867700866e-05,0.0,0.9755788561927176,0.0013415180717907813,137324.99999999997
nominal,101.0,False,1,0.43366929333076015,0.0021720099472653013,28.5931392439953,587.4744472846539,0.0010296892876670944,1.442290244738647e-06,2.4360358867700866e-05,0.0,0.9755539116753774,0.0013664625891309917,137324.99999999997
nominal,102.0,False,1,0.43366929333076015,0.0021720099472653013,28.5931392439953,616.067586528646,0.0010296629589301748,1.4686189816580963e-06,2.4360358867700866e-05,0.0,0.975528967158037,0.0013914071064712022,137324.99999999997
nominal,103.0,False,1,0.43366929333076015,0.0021720099472653013,28.5931392439953,644.660725772638,0.0010296366301932554,1.4949477185775456e-06,2.4360358867700866e-05,0.0,0.9755040226406969,0.0014163516238114124,137324.99999999997
nominal,104.0,False,1,0.43366929333076015,0.0021720099472653013,28.5931392439953,673.25386501663,0.0010296103014563363,1.5212764554969949e-06,2.4360358867700866e-05,0.0,0.9754790781233568,0.0014412961411516226,137325.00000000003
nominal,105.0,False,1,0.43366929333076015,0.0021720099472653013,28.5931392439953,701.847004260622,0.0010295839727194169,1.5476051924164442e-06,2.4360358867700866e-05,0.0,0.9754541336060164,0.0014662406584918326,137325.00000000003
nominal,106.0,False,1,0.43366929333076015,0.0021720099472653013,28.5931392439953,730.4401435046141,0.0010295576439824973,1.5739339293358935e-06,2.4360358867700866e-05,0.0,0.9754291890886763,0.0014911851758320433,137325.00000000003
nominal,107.0,False,1,0.43366929333076015,0.0021720099472653013,28.5931392439953,759.0332827486061,0.0010295313152455779,1.6002626662553428e-06,2.4360358867700866e-05,0.0,0.975404244571336,0.0015161296931722537,137325.00000000003
nominal,108.0,False,1,0.43366929333076015,0.0021720099472653013,28.5931392439953,787.6264219925981,0.001029504986508658,1.626591403174792e-06,2.4360358867700866e-05,0.0,0.9753793000539959,0.0015410742105124646,137324.99999999994
nominal,109.0,False,1,0.43366929333076015,0.0021720099472653013,28.5931392439953,816.2195612365902,0.0010294786577717387,1.6529201400942414e-06,2.4360358867700866e-05,0.0,0.9753543555366555,0.0015660187278526746,137324.99999999997
nominal,110.0,False,1,0.43366929333076015,0.0021720099472653013,28.5931392439953,844.8127004805822,0.0010294523290348195,1.6792488770136907e-06,2.4360358867700866e-05,0.0,0.9753294110193154,0.0015909632451928846,137325.00000000003
nominal,111.0,False,1,0.43366929333076015,0.0021720099472653013,28.5931392439953,873.4058397245742,0.0010294260002979001,1.70557761393314e-06,2.4360358867700866e-05,0.0,0.9753044665019752,0.001615907762533095,137325.00000000003
nominal,112.0,False,1,0.43366929333076015,0.0021720099472653013,28.5931392439953,901.9989789685662,0.0010293996715609805,1.7319063508525893e-06,2.4360358867700866e-05,0.0,0.9752795219846351,0.0016408522798733057,137324.99999999997
nominal,113.0,False,1,0.43366929333076015,0.0021720099472653013,28.5931392439953,930.5921182125583,0.0010293733428240611,1.7582350877720386e-06,2.4360358867700866e-05,0.0,0.9752545774672947,0.0016657967972135157,137325.00000000003
nominal,114.0,False,1,0.43366929333076015,0.0021720099472653013,28.5931392439953,959.1852574565503,0.0010293470140871417,1.784563824691488e-06,2.4360358867700866e-05,0.0,0.9752296329499546,0.0016907413145537261,137325.00000000003
nominal,115.0,False,1,0.43366929333076015,0.0021720099472653013,28.5931392439953,987.7783967005423,0.0010293206853502221,1.8108925616109372e-06,2.4360358867700866e-05,0.0,0.9752046884326144,0.0017156858318939368,137324.99999999997
nominal,116.0,False,1,0.43366929333076015,0.0021720099472653013,28.5931392439953,1016.3715359445343,0.0010292943566133027,1.8372212985303865e-06,2.4360358867700866e-05,0.0,0.9751797439152741,0.0017406303492341468,137325.00000000003
nominal,117.0,False,1,0.43366929333076015,0.0021720099472653013,28.5931392439953,1044.9646751885348,0.0010292680278763833,1.8635500354498359e-06,2.4360358867700866e-05,0.0,0.9751547993979339,0.0017655748665743572,137325.00000000003
nominal,118.0,False,1,0.43366929333076015,0.0021720099472653013,28.5931392439953,1073.5578144325382,0.0010292416991394637,1.8898787723692852e-06,2.4360358867700866e-05,0.0,0.9751298548805938,0.0017905193839145679,137324.99999999997
nominal,119.0,False,1,0.43366929333076015,0.0021720099472653013,28.5931392439953,1102.1509536765416,0.0010292153704025443,1.9162075092887417e-06,2.4360358867700866e-05,0.0,0.9751049103632536,0.0018154639012547852,137324.99999999997
nominal,120.0,False,1,0.43366929333076015,0.0021720099472653013,28.5931392439953,1130.744092920545,0.001029189041665625,1.942536246208212e-06,2.4360358867700866e-05,0.0,0.9750799658459133,0.0018404084185950152,137325.00000000003
nominal,121.0,False,1,0.43366929333076015,0.0021720099472653013,28.5931392439953,1159.3372321645484,0.0010291627129287054,1.9688649831276826e-06,2.4360358867700866e-05,0.0,0.9750550213285731,0.001865352935935246,137324.99999999997
nominal,122.0,False,1,0.43366929333076015,0.0021720099472653013,28.5931392439953,1187.9303714085518,0.001029136384191786,1.995193720047153e-06,2.4360358867700866e-05,0.0,0.9750300768112328,0.001890297453275476,137325.00000000003
nominal,123.0,False,1,0.43366929333076015,0.0021720099472653013,28.5931392439953,1216.5235106525552,0.0010291100554548666,2.0215224569666236e-06,2.4360358867700866e-05,0.0,0.9750051322938925,0.0019152419706157066,137325.00000000003
nominal,124.0,False,1,0.43366929333076015,0.0021720099472653013,28.5931392439953,1245.1166498965586,0.001029083726717947,2.047851193886094e-06,2.4360358867700866e-05,0.0,0.9749801877765524,0.0019401864879559374,137324.99999999997
nominal,125.0,False,1,0.43366929333076015,0.0021720099472653013,28.5931392439953,1273.709789140562,0.0010290573979810276,2.0741799308055646e-06,2.4360358867700866e-05,0.0,0.974955243259212,0.0019651310052961673,137325.00000000003
nominal,126.0,False,1,0.43366929333076015,0.0021720099472653013,28.5931392439953,1302.3029283845653,0.0010290310692441082,2.100508667725035e-06,2.4360358867700866e-05,0.0,0.9749302987418719,0.0019900755226363977,137325.00000000003
nominal,127.0,False,1,0.43366929333076015,0.0021720099472653013,28.5931392439953,1330.8960676285687,0.0010290047405071888,2.1268374046445055e-06,2.4360358867700866e-05,0.0,0.9749053542245317,0.002015020039976628,137325.00000000003
nominal,128.0,False,1,0.43366929333076015,0.0021720099472653013,28.5931392439953,1359.4892068725721,0.001028978411770269,2.153166141563976e-06,2.4360358867700866e-05,0.0,0.9748804097071914,0.002039964557316859,137324.99999999997
nominal,129.0,False,1,0.43366929333076015,0.0021720099472653013,28.5931392439953,1388.0823461165755,0.0010289520830333498,2.1794948784834465e-06,2.4360358867700866e-05,0.0,0.9748554651898512,0.002064909074657089,137325.00000000003
nominal,130.0,False,1,0.43366929333076015,0.0021720099472653013,28.5931392439953,1416.675485360579,0.0010289257542964302,2.205823615402917e-06,2.4360358867700866e-05,0.0,0.9748305206725109,0.0020898535919973192,137325.00000000003
nominal,131.0,False,1,0.43366929333076015,0.0021720099472653013,28.5931392439953,1445.2686246045823,0.0010288994255595108,2.2321523523223875e-06,2.4360358867700866e-05,0.0,0.9748055761551707,0.0021147981093375496,137325.00000000003
nominal,132.0,False,1,0.43366929333076015,0.0021720099472653013,28.5931392439953,1473.8617638485857,0.0010288730968225914,2.258481089241858e-06,2.4360358867700866e-05,0.0,0.9747806316378306,0.0021397426266777804,137325.00000000003
nominal,133.0,False,1,0.43366929333076015,0.0021720099472653013,28.5931392439953,1502.4549030925891,0.0010288467680856716,2.2848098261613284e-06,2.4360358867700866e-05,0.0,0.9747556871204902,0.0021646871440180113,137324.99999999997
nominal,134.0,False,1,0.43366929333076015,0.0021720099472653013,28.5931392439953,1531.0480423365925,0.0010288204393487522,2.311138563080799e-06,2.4360358867700866e-05,0.0,0.9747307426031501,0.0021896316613582417,137324.99999999997
nominal,135.0,False,1,0.43366929333076015,0.0021720099472653013,28.5931392439953,1559.641181580596,0.001028794110611833,2.3374673000002694e-06,2.4360358867700866e-05,0.0,0.9747057980858099,0.0022145761786984716,137325.00000000003
nominal,136.0,False,1,0.43366929333076015,0.0021720099472653013,28.5931392439953,1588.2343208245993,0.0010287677818749134,2.36379603691974e-06,2.4360358867700866e-05,0.0,0.9746808535684696,0.002239520696038702,137325.00000000003
nominal,137.0,False,1,0.43366929333076015,0.0021720099472653013,28.5931392439953,1616.8274600686027,0.0010287414531379938,2.3901247738392104e-06,2.4360358867700866e-05,0.0,0.9746559090511294,0.002264465213378933,137324.99999999997
nominal,138.0,False,1,0.43366929333076015,0.0021720099472653013,28.5931392439953,1645.420599312606,0.0010287151244010744,2.416453510758681e-06,2.4360358867700866e-05,0.0,0.9746309645337891,0.0022894097307191628,137325.00000000003
nominal,139.0,False,1,0.43366929333076015,0.0021720099472653013,28.5931392439953,1674.0137385566095,0.0010286887956641548,2.4427822476781513e-06,2.4360358867700866e-05,0.0,0.9746060200164489,0.0023143542480593936,137324.99999999997
nominal,140.0,False,1,0.43366929333076015,0.0021720099472653013,28.5931392439953,1702.606877800613,0.0010286624669272354,2.469110984597622e-06,2.4360358867700866e-05,0.0,0.9745810754991088,0.002339298765399624,137324.99999999997
nominal,141.0,False,1,0.43366929333076015,0.0021720099472653013,28.5931392439953,1731.2000170446163,0.0010286361381903163,2.4954397215170923e-06,2.4360358867700866e-05,0.0,0.9745561309817684,0.0023642432827398535,137325.00000000003
nominal,142.0,False,1,0.43366929333076015,0.0021720099472653013,28.5931392439953,1759.7931562886197,0.0010286098094533964,2.5217684584365628e-06,2.4360358867700866e-05,0.0,0.9745311864644283,0.002389187800080085,137324.99999999997
nominal,143.0,False,1,0.43366929333076015,0.0021720099472653013,28.5931392439953,1788.386295532623,0.001028583480716477,2.5480971953560332e-06,2.4360358867700866e-05,0.0,0.974506241947088,0.0024141323174203155,137324.99999999997
nominal,144.0,False,1,0.43366929333076015,0.0021720099472653013,28.5931392439953,1816.9794347766265,0.0010285571519795577,2.5744259322755037e-06,2.4360358867700866e-05,0.0,0.9744812974297478,0.0024390768347605455,137325.00000000003
nominal,145.0,False,1,0.43366929333076015,0.0021720099472653013,28.5931392439953,1845.5725740206299,0.001028530823242638,2.6007546691949742e-06,2.4360358867700866e-05,0.0,0.9744563529124075,0.0024640213521007763,137324.99999999997
nominal,146.0,False,1,0.43366929333076015,0.0021720099472653013,28.5931392439953,1874.1657132646333,0.0010285044945057187,2.6270834061144447e-06,2.4360358867700866e-05,0.0,0.9744314083950671,0.0024889658694410063,137325.00000000003
nominal,147.0,False,1,0.43366929333076015,0.0021720099472653013,28.5931392439953,1902.7588525086367,0.001028478165768799,2.653412143033915e-06,2.4360358867700866e-05,0.0,0.974406463877727,0.002513910386781237,137324.99999999997
nominal,148.0,False,1,0.43366929333076015,0.0021720099472653013,28.5931392439953,1931.35199175264,0.0010284518370318797,2.6797408799533857e-06,2.4360358867700866e-05,0.0,0.9743815193603869,0.0025388549041214675,137324.99999999997
nominal,149.0,False,1,0.43366929333076015,0.0021720099472653013,28.5931392439953,1959.9451309966435,0.0010284255082949603,2.706069616872856e-06,2.4360358867700866e-05,0.0,0.9743565748430465,0.0025637994214616974,137325.00000000003
nominal,150.0,False,1,0.43366929333076015,0.0021720099472653013,28.5931392439953,1988.5382702406469,0.001028399179558041,2.7323983537923266e-06,2.4360358867700866e-05,0.0,0.9743316303257064,0.002588743938801928,137325.00000000003
nominal,151.0,False,1,0.43366929333076015,0.0021720099472653013,28.5931392439953,2017.1314094846502,0.0010283728508211213,2.758727090711797e-06,2.4360358867700866e-05,0.0,0.9743066858083662,0.0026136884561421586,137324.99999999997
nominal,152.0,False,1,0.43366929333076015,0.0021720099472653013,28.5931392439953,2045.7245487286536,0.001028346522084202,2.7850558276312676e-06,2.4360358867700866e-05,0.0,0.9742817412910258,0.0026386329734823886,137325.00000000003
nominal,153.0,False,1,0.43366929333076015,0.0021720099472653013,28.5931392439953,2074.317687972657,0.0010283201933472823,2.811384564550738e-06,2.4360358867700866e-05,0.0,0.9742567967736857,0.00266357749082262,137324.99999999997
nominal,154.0,False,1,0.43366929333076015,0.0021720099472653013,28.5931392439953,2102.9108272166604,0.001028293864610363,2.8377133014702086e-06,2.4360358867700866e-05,0.0,0.9742318522563453,0.0026885220081628493,137325.00000000003
nominal,155.0,False,1,0.43366929333076015,0.0021720099472653013,28.5931392439953,2131.503966460664,0.0010282675358734435,2.864042038389679e-06,2.4360358867700866e-05,0.0,0.9742069077390052,0.00271346652550308,137325.00000000003
nominal,156.0,False,1,0.43366929333076015,0.0021720099472653013,28.5931392439953,2160.0971057046672,0.0010282412071365241,2.8903707753091495e-06,2.4360358867700866e-05,0.0,0.9741819632216651,0.0027384110428433106,137325.00000000003
nominal,157.0,False,1,0.43366929333076015,0.0021720099472653013,28.5931392439953,2188.6902449486706,0.0010282148783996045,2.91669951222862e-06,2.4360358867700866e-05,0.0,0.9741570187043247,0.002763355560183541,137325.00000000003
nominal,158.0,False,1,0.43366929333076015,0.0021720099472653013,28.5931392439953,2217.283384192674,0.0010281885496626851,2.9430282491480905e-06,2.4360358867700866e-05,0.0,0.9741320741869846,0.0027883000775237713,137325.00000000003
nominal,159.0,False,1,0.43366929333076015,0.0021720099472653013,28.5931392439953,2245.8765234366774,0.0010281622209257655,2.969356986067561e-06,2.4360358867700866e-05,0.0,0.9741071296696444,0.002813244594864002,137324.99999999997
nominal,160.0,False,1,0.43366929333076015,0.0021720099472653013,28.5931392439953,2274.469662680681,0.0010281358921888461,2.9956857229870315e-06,2.4360358867700866e-05,0.0,0.974082185152304,0.002838189112204232,137325.00000000003
nominal,161.0,True,1,0.37687181736861386,0.0021618536187546712,28.459437593283322,3.0561376545809096,0.0010317719774274325,2.5500659346768236e-06,2.1169893417424636e-05,0.0,0.9775271051103672,0.002415997551300545,137324.99999999997
nominal,162.0,False,2,0.4240304998168869,0.0021702863714951693,28.570449457489023,31.49222939430409,0.0010303574988592035,1.3155157479656101e-06,2.3818922172365062e-05,0.0,0.9761869920133927,0.0012463531952498358,137325.00000000003
nominal,163.0,False,2,0.43352652689092075,0.00217198441826355,28.59280317080984,60.07994936556851,0.0010297977529979952,1.3418444848850594e-06,2.4352339296653904e-05,0.0,0.97565667449821,0.0012712977125900462,137325.00000000003
nominal,164.0,False,2,0.43366717872416455,0.0021720095691386524,28.59313426619677,88.67300834119072,0.0010297635234731114,1.3681732218045088e-06,2.436024008461817e-05,0.0,0.9756242445727022,0.0012962422299302567,137325.00000000003
nominal,165.0,False,2,0.4336692620099472,0.0021720099416646216,28.59313917026589,117.2661463962789,0.0010297370777124827,1.394501958723958e-06,2.436035710832741e-05,0.0,0.9755991891841131,0.0013211867472704669,137325.00000000003
nominal,166.0,False,2,0.43366929286684786,0.0021720099471823464,28.593139242903252,145.85928562266457,0.0010297107472422489,1.4208306956434074e-06,2.4360358841641677e-05,0.0,0.9755742430245868,0.0013461312646106775,137324.99999999997
nominal,167.0,False,2,0.43366929332388954,0.0021720099472640727,28.593139243979127,174.45242486639896,0.0010296844184796562,1.4471594325628567e-06,2.4360358867314924e-05,0.0,0.9755492984829232,0.001371075781950888,137324.99999999997
nominal,168.0,False,2,0.43366929333065907,0.0021720099472652835,28.593139243995065,203.04556411039047,0.0010296580897423565,1.473488169482306e-06,2.4360358867695188e-05,0.0,0.9755243539652225,0.001396020299291098,137325.00000000003
nominal,169.0,False,2,0.43366929333075926,0.0021720099472653013,28.5931392439953,231.63870335438534,0.0010296317610054317,1.4998169064017553e-06,2.4360358867700815e-05,0.0,0.9754994094478772,0.0014209648166313084,137325.00000000003
nominal,170.0,False,2,0.43366929333076015,0.0021720099472653013,28.5931392439953,260.23184259838064,0.0010296054322685118,1.5261456433212046e-06,2.4360358867700866e-05,0.0,0.9754744649305368,0.001445909333971519,137324.99999999997
nominal,171.0,False,2,0.43366929333076015,0.0021720099472653013,28.5931392439953,288.82498184237835,0.0010295791035315925,1.552474380240654e-06,2.4360358867700866e-05,0.0,0.9754495204131964,0.001470853851311729,137325.00000000003
nominal,172.0,False,2,0.43366929333076015,0.0021720099472653013,28.5931392439953,317.41812108637606,0.0010295527747946728,1.5788031171601032e-06,2.4360358867700866e-05,0.0,0.9754245758958563,0.0014957983686519397,137324.99999999997
nominal,173.0,False,2,0.43366929333076015,0.0021720099472653013,28.5931392439953,346.0112603303738,0.0010295264460577535,1.6051318540795525e-06,2.4360358867700866e-05,0.0,0.9753996313785162,0.0015207428859921501,137324.99999999997
nominal,174.0,False,2,0.43366929333076015,0.0021720099472653013,28.5931392439953,374.6043995743715,0.001029500117320834,1.6314605909990018e-06,2.4360358867700866e-05,0.0,0.975374686861176,0.0015456874033323606,137324.99999999997
nominal,175.0,False,2,0.43366929333076015,0.0021720099472653013,28.5931392439953,403.1975388183692,0.001029473788583915,1.6577893279184511e-06,2.4360358867700866e-05,0.0,0.9753497423438356,0.0015706319206725701,137325.00000000003
nominal,176.0,False,2,0.43366929333076015,0.0021720099472653013,28.5931392439953,431.7906780623669,0.0010294474598469953,1.6841180648379004e-06,2.4360358867700866e-05,0.0,0.9753247978264955,0.001595576438012781,137325.00000000003
nominal,177.0,False,2,0.43366929333076015,0.0021720099472653013,28.5931392439953,460.3838173063646,0.001029421131110076,1.7104468017573497e-06,2.4360358867700866e-05,0.0,0.9752998533091554,0.0016205209553529912,137325.00000000003
nominal,178.0,False,2,0.43366929333076015,0.0021720099472653013,28.5931392439953,488.97695655036233,0.001029394802373156,1.736775538676799e-06,2.4360358867700866e-05,0.0,0.9752749087918152,0.0016454654726932023,137324.99999999994
nominal,179.0,False,2,0.43366929333076015,0.0021720099472653013,28.5931392439953,517.570095794359,0.0010293684736362367,1.7631042755962484e-06,2.4360358867700866e-05,0.0,0.9752499642744749,0.0016704099900334123,137324.99999999997
nominal,180.0,False,2,0.43366929333076015,0.0021720099472653013,28.5931392439953,546.163235038351,0.0010293421448993173,1.7894330125156977e-06,2.4360358867700866e-05,0.0,0.9752250197571347,0.0016953545073736228,137324.99999999997
nominal,181.0,False,2,0.43366929333076015,0.0021720099472653013,28.5931392439953,574.756374282343,0.0010293158161623981,1.815761749435147e-06,2.4360358867700866e-05,0.0,0.9752000752397946,0.0017202990247138328,137325.00000000003
nominal,182.0,False,2,0.43366929333076015,0.0021720099472653013,28.5931392439953,603.349513526335,0.0010292894874254785,1.8420904863545963e-06,2.4360358867700866e-05,0.0,0.9751751307224542,0.0017452435420540432,137325.00000000003
nominal,183.0,False,2,0.43366929333076015,0.0021720099472653013,28.5931392439953,631.9426527703271,0.0010292631586885591,1.8684192232740456e-06,2.4360358867700866e-05,0.0,0.975150186205114,0.0017701880593942534,137325.00000000003
nominal,184.0,False,2,0.43366929333076015,0.0021720099472653013,28.5931392439953,660.5357920143191,0.0010292368299516397,1.8947479601934949e-06,2.4360358867700866e-05,0.0,0.9751252416877738,0.0017951325767344639,137325.00000000003
nominal,185.0,False,2,0.43366929333076015,0.0021720099472653013,28.5931392439953,689.1289312583111,0.0010292105012147201,1.9210766971129554e-06,2.4360358867700866e-05,0.0,0.9751002971704337,0.0018200770940746851,137324.99999999997
nominal,186.0,False,2,0.43366929333076015,0.0021720099472653013,28.5931392439953,717.7220705023032,0.0010291841724778005,1.947405434032426e-06,2.4360358867700866e-05,0.0,0.9750753526530933,0.0018450216114149155,137324.99999999997
nominal,187.0,False,2,0.43366929333076015,0.0021720099472653013,28.5931392439953,746.3152097462952,0.0010291578437408811,1.9737341709518964e-06,2.4360358867700866e-05,0.0,0.9750504081357532,0.0018699661287551461,137324.99999999997
nominal,188.0,False,2,0.43366929333076015,0.0021720099472653013,28.5931392439953,774.9083489902872,0.0010291315150039618,2.000062907871367e-06,2.4360358867700866e-05,0.0,0.9750254636184128,0.001894910646095376,137325.00000000003
nominal,189.0,False,2,0.43366929333076015,0.0021720099472653013,28.5931392439953,803.5014882342792,0.0010291051862670424,2.0263916447908374e-06,2.4360358867700866e-05,0.0,0.9750005191010727,0.0019198551634356065,137325.00000000003
nominal,190.0,False,2,0.43366929333076015,0.0021720099472653013,28.5931392439953,832.0946274782713,0.001029078857530123,2.052720381710308e-06,2.4360358867700866e-05,0.0,0.9749755745837325,0.0019447996807758368,137325.00000000003
nominal,191.0,False,2,0.43366929333076015,0.0021720099472653013,28.5931392439953,860.6877667222633,0.0010290525287932032,2.0790491186297783e-06,2.4360358867700866e-05,0.0,0.9749506300663922,0.0019697441981160677,137324.99999999997
nominal,192.0,False,2,0.43366929333076015,0.0021720099472653013,28.5931392439953,889.2809059662553,0.0010290262000562838,2.105377855549249e-06,2.4360358867700866e-05,0.0,0.974925685549052,0.001994688715456298,137324.99999999997
nominal,193.0,False,2,0.43366929333076015,0.0021720099472653013,28.5931392439953,917.8740452102473,0.0010289998713193644,2.1317065924687193e-06,2.4360358867700866e-05,0.0,0.9749007410317119,0.0020196332327965284,137324.99999999997
nominal,194.0,False,2,0.43366929333076015,0.0021720099472653013,28.5931392439953,946.4671844542394,0.001028973542582445,2.1580353293881898e-06,2.4360358867700866e-05,0.0,0.9748757965143715,0.002044577750136759,137325.00000000003
nominal,195.0,False,2,0.43366929333076015,0.0021720099472653013,28.5931392439953,975.0603236982314,0.0010289472138455256,2.1843640663076602e-06,2.4360358867700866e-05,0.0,0.9748508519970314,0.002069522267476989,137325.00000000003
nominal,196.0,False,2,0.43366929333076015,0.0021720099472653013,28.5931392439953,1003.6534629422234,0.0010289208851086058,2.2106928032271307e-06,2.4360358867700866e-05,0.0,0.974825907479691,0.00209446678481722,137324.99999999997
nominal,197.0,False,2,0.43366929333076015,0.0021720099472653013,28.5931392439953,1032.2466021862188,0.0010288945563716864,2.237021540146601e-06,2.4360358867700866e-05,0.0,0.9748009629623509,0.0021194113021574504,137324.99999999997
nominal,198.0,False,2,0.43366929333076015,0.0021720099472653013,28.5931392439953,1060.8397414302221,0.001028868227634767,2.2633502770660717e-06,2.4360358867700866e-05,0.0,0.9747760184450107,0.002144355819497681,137324.99999999997
nominal,199.0,False,2,0.43366929333076015,0.0021720099472653013,28.5931392439953,1089.4328806742255,0.0010288418988978476,2.289679013985542e-06,2.4360358867700866e-05,0.0,0.9747510739276704,0.0021693003368379107,137325.00000000003
nominal,200.0,False,2,0.43366929333076015,0.0021720099472653013,28.5931392439953,1118.026019918229,0.0010288155701609282,2.3160077509050127e-06,2.4360358867700866e-05,0.0,0.9747261294103302,0.002194244854178141,137325.00000000003
nominal,201.0,False,2,0.43366929333076015,0.0021720099472653013,28.5931392439953,1146.6191591622323,0.0010287892414240086,2.342336487824483e-06,2.4360358867700866e-05,0.0,0.97470118489299,0.002219189371518372,137324.99999999997
nominal,202.0,False,2,0.43366929333076015,0.0021720099472653013,28.5931392439953,1175.2122984062357,0.001028762912687089,2.3686652247439536e-06,2.4360358867700866e-05,0.0,0.9746762403756497,0.0022441338888586023,137324.99999999997
nominal,203.0,False,2,0.43366929333076015,0.0021720099472653013,28.5931392439953,1203.8054376502391,0.0010287365839501696,2.394993961663424e-06,2.4360358867700866e-05,0.0,0.9746512958583095,0.0022690784061988327,137324.99999999997
nominal,204.0,False,2,0.43366929333076015,0.0021720099472653013,28.5931392439953,1232.3985768942425,0.0010287102552132502,2.4213226985828946e-06,2.4360358867700866e-05,0.0,0.9746263513409692,0.0022940229235390627,137325.00000000003
nominal,205.0,False,2,0.43366929333076015,0.0021720099472653013,28.5931392439953,1260.991716138246,0.0010286839264763308,2.447651435502365e-06,2.4360358867700866e-05,0.0,0.974601406823629,0.0023189674408792935,137325.00000000003
nominal,206.0,False,2,0.43366929333076015,0.0021720099472653013,28.5931392439953,1289.5848553822493,0.0010286575977394112,2.4739801724218356e-06,2.4360358867700866e-05,0.0,0.9745764623062888,0.0023439119582195243,137324.99999999997
nominal,207.0,False,2,0.43366929333076015,0.0021720099472653013,28.5931392439953,1318.1779946262527,0.0010286312690024918,2.500308909341306e-06,2.4360358867700866e-05,0.0,0.9745515177889484,0.0023688564755597542,137325.00000000003
nominal,208.0,False,2,0.43366929333076015,0.0021720099472653013,28.5931392439953,1346.771133870256,0.0010286049402655722,2.5266376462607765e-06,2.4360358867700866e-05,0.0,0.9745265732716083,0.002393800992899985,137324.99999999997
nominal,209.0,False,2,0.43366929333076015,0.0021720099472653013,28.5931392439953,1375.3642731142595,0.0010285786115286528,2.552966383180247e-06,2.4360358867700866e-05,0.0,0.9745016287542682,0.0024187455102402155,137324.99999999997
nominal,210.0,False,2,0.43366929333076015,0.0021720099472653013,28.5931392439953,1403.957412358263,0.0010285522827917335,2.5792951200997175e-06,2.4360358867700866e-05,0.0,0.9744766842369278,0.0024436900275804454,137325.00000000003
nominal,211.0,False,2,0.43366929333076015,0.0021720099472653013,28.5931392439953,1432.5505516022663,0.0010285259540548139,2.605623857019188e-06,2.4360358867700866e-05,0.0,0.9744517397195877,0.0024686345449206762,137324.99999999997
nominal,212.0,False,2,0.43366929333076015,0.0021720099472653013,28.5931392439953,1461.1436908462697,0.0010284996253178945,2.6319525939386584e-06,2.4360358867700866e-05,0.0,0.9744267952022473,0.002493579062260906,137325.00000000003
nominal,213.0,False,2,0.43366929333076015,0.0021720099472653013,28.5931392439953,1489.736830090273,0.001028473296580975,2.658281330858129e-06,2.4360358867700866e-05,0.0,0.9744018506849071,0.0025185235796011366,137325.00000000003
nominal,214.0,False,2,0.43366929333076015,0.0021720099472653013,28.5931392439953,1518.3299693342765,0.0010284469678440555,2.6846100677775994e-06,2.4360358867700866e-05,0.0,0.974376906167567,0.002543468096941368,137324.99999999997
nominal,215.0,False,2,0.43366929333076015,0.0021720099472653013,28.5931392439953,1546.9231085782799,0.001028420639107136,2.71093880469707e-06,2.4360358867700866e-05,0.0,0.9743519616502266,0.0025684126142815973,137325.00000000003
nominal,216.0,False,2,0.43366929333076015,0.0021720099472653013,28.5931392439953,1575.5162478222833,0.0010283943103702167,2.7372675416165404e-06,2.4360358867700866e-05,0.0,0.9743270171328865,0.0025933571316218277,137325.00000000003
nominal,217.0,False,2,0.43366929333076015,0.0021720099472653013,28.5931392439953,1604.1093870662867,0.001028367981633297,2.763596278536011e-06,2.4360358867700866e-05,0.0,0.9743020726155464,0.002618301648962059,137324.99999999997
nominal,218.0,False,2,0.43366929333076015,0.0021720099472653013,28.5931392439953,1632.70252631029,0.0010283416528963777,2.7899250154554813e-06,2.4360358867700866e-05,0.0,0.974277128098206,0.002643246166302289,137325.00000000003
nominal,219.0,False,2,0.43366929333076015,0.0021720099472653013,28.5931392439953,1661.2956655542935,0.0010283153241594583,2.816253752374952e-06,2.4360358867700866e-05,0.0,0.9742521835808658,0.0026681906836425193,137325.00000000003
nominal,220.0,False,2,0.43366929333076015,0.0021720099472653013,28.5931392439953,1689.8888047982969,0.0010282889954225385,2.8425824892944223e-06,2.4360358867700866e-05,0.0,0.9742272390635255,0.00269313520098275,137324.99999999997
nominal,221.0,False,2,0.43366929333076015,0.0021720099472653013,28.5931392439953,1718.4819440423003,0.0010282626666856193,2.868911226213893e-06,2.4360358867700866e-05,0.0,0.9742022945461853,0.00271807971832298,137325.00000000003
nominal,222.0,False,2,0.43366929333076015,0.0021720099472653013,28.5931392439953,1747.0750832863037,0.0010282363379487,2.8952399631333633e-06,2.4360358867700866e-05,0.0,0.9741773500288452,0.0027430242356632105,137325.00000000003
nominal,223.0,False,2,0.43366929333076015,0.0021720099472653013,28.5931392439953,1775.668222530307,0.0010282100092117803,2.9215687000528338e-06,2.4360358867700866e-05,0.0,0.9741524055115048,0.002767968753003441,137325.00000000003
nominal,224.0,False,2,0.43366929333076015,0.0021720099472653013,28.5931392439953,1804.2613617743104,0.001028183680474861,2.9478974369723042e-06,2.4360358867700866e-05,0.0,0.9741274609941646,0.0027929132703436712,137325.00000000003
nominal,225.0,False,2,0.43366929333076015,0.0021720099472653013,28.5931392439953,1832.8545010183138,0.001028157351737941,2.9742261738917747e-06,2.4360358867700866e-05,0.0,0.9741025164768244,0.002817857787683903,137324.99999999994
nominal,226.0,False,2,0.43366929333076015,0.0021720099472653013,28.5931392439953,1861.4476402623172,0.0010281310230010217,3.000554910811245e-06,2.4360358867700866e-05,0.0,0.9740775719594841,0.002842802305024133,137324.99999999997
nominal,227.0,False,2,0.43366929333076015,0.0021720099472653013,28.5931392439953,1890.0407795063206,0.0010281046942641025,3.0268836477307157e-06,2.4360358867700866e-05,0.0,0.9740526274421439,0.0028677468223643624,137325.00000000003
nominal,228.0,False,2,0.43366929333076015,0.0021720099472653013,28.5931392439953,1918.633918750324,0.0010280783655271832,3.053212384650186e-06,2.4360358867700866e-05,0.0,0.9740276829248036,0.0028926913397045923,137325.00000000003
nominal,229.0,False,2,0.43366929333076015,0.0021720099472653013,28.5931392439953,1947.2270579943274,0.0010280520367902635,3.0795411215696567e-06,2.4360358867700866e-05,0.0,0.9740027384074634,0.0029176358570448236,137325.00000000003
nominal,230.0,False,2,0.43366929333076015,0.0021720099472653013,28.5931392439953,1975.8201972383308,0.001028025708053344,3.105869858489127e-06,2.4360358867700866e-05,0.0,0.9739777938901233,0.0029425803743850544,137324.99999999997
nominal,231.0,False,2,0.43366929333076015,0.0021720099472653013,28.5931392439953,2004.4133364823342,0.0010279993793164243,3.1321985954085976e-06,2.4360358867700866e-05,0.0,0.9739528493727829,0.002967524891725285,137324.99999999997
nominal,232.0,False,2,0.43366929333076015,0.0021720099472653013,28.5931392439953,2033.0064757263376,0.001027973050579505,3.158527332328068e-06,2.4360358867700866e-05,0.0,0.9739279048554428,0.002992469409065515,137324.99999999997
nominal,233.0,False,2,0.43366929333076015,0.0021720099472653013,28.5931392439953,2061.599614970341,0.0010279467218425858,3.1848560692475386e-06,2.4360358867700866e-05,0.0,0.9739029603381026,0.003017413926405745,137325.00000000003
nominal,234.0,False,2,0.43366929333076015,0.0021720099472653013,28.5931392439953,2090.1927542143444,0.001027920393105666,3.211184806167009e-06,2.4360358867700866e-05,0.0,0.9738780158207623,0.0030423584437459764,137324.99999999997
nominal,235.0,False,2,0.43366929333076015,0.0021720099472653013,28.5931392439953,2118.785893458348,0.0010278940643687466,3.2375135430864795e-06,2.4360358867700866e-05,0.0,0.9738530713034221,0.0030673029610862068,137324.99999999997
nominal,236.0,False,2,0.43366929333076015,0.0021720099472653013,28.5931392439953,2147.379032702351,0.0010278677356318272,3.26384228000595e-06,2.4360358867700866e-05,0.0,0.9738281267860818,0.0030922474784264363,137325.00000000003
nominal,237.0,False,2,0.43366929333076015,0.0021720099472653013,28.5931392439953,2175.9721719463546,0.0010278414068949076,3.2901710169254205e-06,2.4360358867700866e-05,0.0,0.9738031822687416,0.0031171919957666675,137324.99999999997
nominal,238.0,False,2,0.43366929333076015,0.0021720099472653013,28.5931392439953,2204.565311190358,0.0010278150781579882,3.316499753844891e-06,2.4360358867700866e-05,0.0,0.9737782377514015,0.003142136513106898,137324.99999999997
nominal,239.0,False,2,0.43366929333076015,0.0021720099472653013,28.5931392439953,2233.1584504343614,0.0010277887494210688,3.3428284907643615e-06,2.4360358867700866e-05,0.0,0.9737532932340611,0.0031670810304471274,137325.00000000003
nominal,240.0,False,2,0.43366929333076015,0.0021720099472653013,28.5931392439953,2261.751589678365,0.0010277624206841492,3.369157227683832e-06,2.4360358867700866e-05,0.0,0.973728348716721,0.0031920255477873587,137324.99999999997
nominal,241.0,False,2,0.43366929333076015,0.0021720099472653013,28.5931392439953,2290.344728922368,0.0010277360919472298,3.3954859646033024e-06,2.4360358867700866e-05,0.0,0.9737034041993808,0.003216970065127589,137324.99999999997
nominal,242.0,False,3,0.37215767439544784,0.0021610106519877417,28.448340468164158,18.80375961301125,0.0010331182889426504,1.468560381850218e-06,2.0905087455033413e-05,0.0,0.9788026350015057,0.0013913515875175878,137324.99999999997
nominal,243.0,False,3,0.43275820473533116,0.002171847029548964,28.59099453514882,47.362314835816605,0.0010296878670652775,1.4948891187696673e-06,2.43091805954869e-05,0.0,0.9755525657609583,0.0014162961048577983,137324.99999999997
nominal,244.0,False,3,0.43365579860499853,0.0021720075341850427,28.593107477317652,75.95494183338052,0.0010296111180908203,1.5212178556891166e-06,2.4359600833024604e-05,0.0,0.9754798518237097,0.0014412406221980083,137325.00000000003
nominal,245.0,False,3,0.4336690934516006,0.0021720099115236004,28.59313877347838,104.54807349016076,0.0010295840425469693,1.5475465926085659e-06,2.4360347639956285e-05,0.0,0.9754541997624219,0.0014661851395382187,137325.00000000003
nominal,246.0,False,3,0.4336692903702207,0.002172009946735908,28.593139237026172,133.14121262177693,0.0010295577027486064,1.5738753295280152e-06,2.436035870139948e-05,0.0,0.9754292447651881,0.0014911296568784294,137324.99999999997
nominal,247.0,False,3,0.43366929328691034,0.0021720099472574603,28.59313924389208,161.73435186410765,0.001029531373847849,1.6002040664474645e-06,2.4360358865237704e-05,0.0,0.9754043000926236,0.0015160741742186396,137324.99999999997
nominal,248.0,False,3,0.43366929333011134,0.0021720099472651855,28.593139243993775,190.3274911080782,0.0010295050451085029,1.6265328033669138e-06,2.436035886766442e-05,0.0,0.9753793555729839,0.0015410186915588494,137325.00000000003
nominal,249.0,False,3,0.4336692933307512,0.0021720099472653,28.59313924399528,218.92063035207306,0.0010294787163715473,1.6528615402863631e-06,2.436035886770036e-05,0.0,0.9753544110556098,0.0015659632088990605,137324.99999999997
nominal,250.0,False,3,0.43366929333076015,0.0021720099472653013,28.5931392439953,247.51376959606793,0.0010294523876346272,1.6791902772058124e-06,2.4360358867700866e-05,0.0,0.975329466538269,0.0015909077262392707,137324.99999999997
nominal,251.0,False,3,0.43366929333076015,0.0021720099472653013,28.5931392439953,276.1069088400648,0.0010294260588977078,1.7055190141252617e-06,2.4360358867700866e-05,0.0,0.9753045220209288,0.0016158522435794809,137325.00000000003
nominal,252.0,False,3,0.43366929333076015,0.0021720099472653013,28.5931392439953,304.70004808406253,0.0010293997301607882,1.731847751044711e-06,2.4360358867700866e-05,0.0,0.9752795775035885,0.0016407967609196915,137324.99999999997
nominal,253.0,False,3,0.43366929333076015,0.0021720099472653013,28.5931392439953,333.29318732806024,0.0010293734014238688,1.7581764879641603e-06,2.4360358867700866e-05,0.0,0.9752546329862484,0.0016657412782599018,137324.99999999997
nominal,254.0,False,3,0.43366929333076015,0.0021720099472653013,28.5931392439953,361.88632657205795,0.0010293470726869495,1.7845052248836097e-06,2.4360358867700866e-05,0.0,0.9752296884689082,0.0016906857956001122,137324.99999999997
nominal,255.0,False,3,0.43366929333076015,0.0021720099472653013,28.5931392439953,390.47946581605567,0.00102932074395003,1.810833961803059e-06,2.4360358867700866e-05,0.0,0.9752047439515679,0.0017156303129403222,137325.00000000003
nominal,256.0,False,3,0.43366929333076015,0.0021720099472653013,28.5931392439953,419.0726050600534,0.0010292944152131107,1.8371626987225083e-06,2.4360358867700866e-05,0.0,0.9751797994342277,0.0017405748302805326,137325.00000000003
nominal,257.0,False,3,0.43366929333076015,0.0021720099472653013,28.5931392439953,447.6657443040511,0.0010292680864761913,1.8634914356419576e-06,2.4360358867700866e-05,0.0,0.9751548549168876,0.0017655193476207429,137325.00000000003
nominal,258.0,False,3,0.43366929333076015,0.0021720099472653013,28.5931392439953,476.2588835480488,0.001029241757739272,1.8898201725614069e-06,2.4360358867700866e-05,0.0,0.9751299103995474,0.0017904638649609533,137325.00000000003
nominal,259.0,False,3,0.43366929333076015,0.0021720099472653013,28.5931392439953,504.8520227920465,0.001029215429002352,1.916148909480863e-06,2.4360358867700866e-05,0.0,0.9751049658822071,0.0018154083823011707,137324.99999999997
nominal,260.0,False,3,0.43366929333076015,0.0021720099472653013,28.5931392439953,533.44516203604,0.0010291891002654327,1.9424776464003337e-06,2.4360358867700866e-05,0.0,0.9750800213648669,0.001840352899641401,137324.99999999997
nominal,261.0,False,3,0.43366929333076015,0.0021720099472653013,28.5931392439953,562.038301280032,0.0010291627715285133,1.968806383319804e-06,2.4360358867700866e-05,0.0,0.9750550768475266,0.0018652974169816312,137325.00000000003
nominal,262.0,False,3,0.43366929333076015,0.0021720099472653013,28.5931392439953,590.631440524024,0.001029136442791594,1.9951351202392746e-06,2.4360358867700866e-05,0.0,0.9750301323301864,0.0018902419343218616,137325.00000000003
nominal,263.0,False,3,0.43366929333076015,0.0021720099472653013,28.5931392439953,619.224579768016,0.0010291101140546745,2.021463857158745e-06,2.4360358867700866e-05,0.0,0.9750051878128463,0.001915186451662092,137325.00000000003
nominal,264.0,False,3,0.43366929333076015,0.0021720099472653013,28.5931392439953,647.8177190120081,0.001029083785317755,2.0477925940782156e-06,2.4360358867700866e-05,0.0,0.9749802432955059,0.0019401309690023224,137325.00000000003
nominal,265.0,False,3,0.43366929333076015,0.0021720099472653013,28.5931392439953,676.4108582560001,0.0010290574565808353,2.074121330997686e-06,2.4360358867700866e-05,0.0,0.9749552987781658,0.001965075486342553,137324.99999999997
nominal,266.0,False,3,0.43366929333076015,0.0021720099472653013,28.5931392439953,705.0039974999921,0.001029031127843916,2.1004500679171566e-06,2.4360358867700866e-05,0.0,0.9749303542608256,0.0019900200036827836,137324.99999999997
nominal,267.0,False,3,0.43366929333076015,0.0021720099472653013,28.5931392439953,733.5971367439842,0.0010290047991069965,2.126778804836627e-06,2.4360358867700866e-05,0.0,0.9749054097434853,0.0020149645210230135,137325.00000000003
nominal,268.0,False,3,0.43366929333076015,0.0021720099472653013,28.5931392439953,762.1902759879762,0.001028978470370077,2.1531075417560975e-06,2.4360358867700866e-05,0.0,0.974880465226145,0.0020399090383632443,137324.99999999997
nominal,269.0,False,3,0.43366929333076015,0.0021720099472653013,28.5931392439953,790.7834152319682,0.0010289521416331575,2.179436278675568e-06,2.4360358867700866e-05,0.0,0.9748555207088048,0.0020648535557034747,137325.00000000003
nominal,270.0,False,3,0.43366929333076015,0.0021720099472653013,28.5931392439953,819.3765544759602,0.0010289258128962381,2.2057650155950385e-06,2.4360358867700866e-05,0.0,0.9748305761914645,0.002089798073043705,137325.00000000003
nominal,271.0,False,3,0.43366929333076015,0.0021720099472653013,28.5931392439953,847.9696937199523,0.0010288994841593185,2.232093752514509e-06,2.4360358867700866e-05,0.0,0.9748056316741244,0.002114742590383936,137324.99999999997
nominal,272.0,False,3,0.43366929333076015,0.0021720099472653013,28.5931392439953,876.5628329639443,0.0010288731554223992,2.2584224894339794e-06,2.4360358867700866e-05,0.0,0.974780687156784,0.002139687107724166,137325.00000000003
nominal,273.0,False,3,0.43366929333076015,0.0021720099472653013,28.5931392439953,905.1559722079363,0.0010288468266854795,2.28475122635345e-06,2.4360358867700866e-05,0.0,0.9747557426394439,0.0021646316250643967,137324.99999999997
nominal,274.0,False,3,0.43366929333076015,0.0021720099472653013,28.5931392439953,933.7491114519283,0.0010288204979485602,2.3110799632729204e-06,2.4360358867700866e-05,0.0,0.9747307981221037,0.002189576142404627,137324.99999999997
nominal,275.0,False,3,0.43366929333076015,0.0021720099472653013,28.5931392439953,962.3422506959204,0.0010287941692116408,2.337408700192391e-06,2.4360358867700866e-05,0.0,0.9747058536047634,0.002214520659744857,137325.00000000003
nominal,276.0,False,3,0.43366929333076015,0.0021720099472653013,28.5931392439953,990.9353899399124,0.0010287678404747214,2.3637374371118614e-06,2.4360358867700866e-05,0.0,0.9746809090874232,0.0022394651770850874,137325.00000000003
nominal,277.0,False,3,0.43366929333076015,0.0021720099472653013,28.5931392439953,1019.5285291839044,0.0010287415117378018,2.390066174031332e-06,2.4360358867700866e-05,0.0,0.9746559645700829,0.002264409694425318,137325.00000000003
nominal,278.0,False,3,0.43366929333076015,0.0021720099472653013,28.5931392439953,1048.1216684279061,0.0010287151830008824,2.4163949109508023e-06,2.4360358867700866e-05,0.0,0.9746310200527427,0.002289354211765548,137325.00000000003
nominal,279.0,False,3,0.43366929333076015,0.0021720099472653013,28.5931392439953,1076.7148076719095,0.0010286888542639628,2.442723647870273e-06,2.4360358867700866e-05,0.0,0.9746060755354026,0.0023142987291057794,137324.99999999997
nominal,280.0,False,3,0.43366929333076015,0.0021720099472653013,28.5931392439953,1105.307946915913,0.0010286625255270434,2.4690523847897433e-06,2.4360358867700866e-05,0.0,0.9745811310180622,0.002339243246446009,137325.00000000003
nominal,281.0,False,3,0.43366929333076015,0.0021720099472653013,28.5931392439953,1133.9010861599163,0.001028636196790124,2.495381121709214e-06,2.4360358867700866e-05,0.0,0.9745561865007221,0.0023641877637862398,137325.00000000003
nominal,282.0,False,3,0.43366929333076015,0.0021720099472653013,28.5931392439953,1162.4942254039197,0.0010286098680532046,2.5217098586286843e-06,2.4360358867700866e-05,0.0,0.9745312419833819,0.00238913228112647,137325.00000000003
nominal,283.0,False,3,0.43366929333076015,0.0021720099472653013,28.5931392439953,1191.087364647923,0.0010285835393162848,2.5480385955481548e-06,2.4360358867700866e-05,0.0,0.9745062974660416,0.002414076798466701,137324.99999999997
nominal,284.0,False,3,0.43366929333076015,0.0021720099472653013,28.5931392439953,1219.6805038919265,0.0010285572105793656,2.5743673324676252e-06,2.4360358867700866e-05,0.0,0.9744813529487014,0.002439021315806931,137325.00000000003
nominal,285.0,False,3,0.43366929333076015,0.0021720099472653013,28.5931392439953,1248.27364313593,0.001028530881842446,2.6006960693870957e-06,2.4360358867700866e-05,0.0,0.974456408431361,0.0024639658331471613,137325.00000000003
nominal,286.0,False,3,0.43366929333076015,0.0021720099472653013,28.5931392439953,1276.8667823799333,0.0010285045531055266,2.627024806306566e-06,2.4360358867700866e-05,0.0,0.9744314639140209,0.0024889103504873917,137325.00000000003
nominal,287.0,False,3,0.43366929333076015,0.0021720099472653013,28.5931392439953,1305.4599216239367,0.0010284782243686072,2.6533535432260367e-06,2.4360358867700866e-05,0.0,0.9744065193966808,0.002513854867827622,137325.00000000003
nominal,288.0,False,3,0.43366929333076015,0.0021720099472653013,28.5931392439953,1334.05306086794,0.0010284518956316874,2.679682280145507e-06,2.4360358867700866e-05,0.0,0.9743815748793404,0.002538799385167853,137324.99999999997
nominal,289.0,False,3,0.43366929333076015,0.0021720099472653013,28.5931392439953,1362.6462001119435,0.001028425566894768,2.7060110170649777e-06,2.4360358867700866e-05,0.0,0.9743566303620002,0.0025637439025080837,137324.99999999997
nominal,290.0,False,3,0.43366929333076015,0.0021720099472653013,28.5931392439953,1391.2393393559469,0.0010283992381578486,2.732339753984448e-06,2.4360358867700866e-05,0.0,0.97433168584466,0.002588688419848314,137324.99999999997
nominal,291.0,False,3,0.43366929333076015,0.0021720099472653013,28.5931392439953,1419.8324785999503,0.0010283729094209292,2.7586684909039186e-06,2.4360358867700866e-05,0.0,0.9743067413273196,0.0026136329371885436,137325.00000000003
nominal,292.0,False,3,0.43366929333076015,0.0021720099472653013,28.5931392439953,1448.4256178439537,0.0010283465806840099,2.784997227823389e-06,2.4360358867700866e-05,0.0,0.9742817968099795,0.0026385774545287745,137325.00000000003
nominal,293.0,False,3,0.43366929333076015,0.0021720099472653013,28.5931392439953,1477.018757087957,0.0010283202519470902,2.8113259647428596e-06,2.4360358867700866e-05,0.0,0.9742568522926391,0.002663521971869005,137325.00000000003
nominal,294.0,False,3,0.43366929333076015,0.0021720099472653013,28.5931392439953,1505.6118963319605,0.0010282939232101706,2.83765470166233e-06,2.4360358867700866e-05,0.0,0.974231907775299,0.0026884664892092357,137324.99999999997
nominal,295.0,False,3,0.43366929333076015,0.0021720099472653013,28.5931392439953,1534.2050355759638,0.0010282675944732513,2.8639834385818005e-06,2.4360358867700866e-05,0.0,0.9742069632579589,0.002713411006549466,137324.99999999997
nominal,296.0,False,3,0.43366929333076015,0.0021720099472653013,28.5931392439953,1562.7981748199672,0.0010282412657363319,2.890312175501271e-06,2.4360358867700866e-05,0.0,0.9741820187406185,0.002738355523889696,137325.00000000003
nominal,297.0,False,3,0.43366929333076015,0.0021720099472653013,28.5931392439953,1591.3913140639706,0.0010282149369994125,2.9166409124207415e-06,2.4360358867700866e-05,0.0,0.9741570742232784,0.0027633000412299264,137325.00000000003
nominal,298.0,False,3,0.43366929333076015,0.0021720099472653013,28.5931392439953,1619.984453307974,0.0010281886082624929,2.942969649340212e-06,2.4360358867700866e-05,0.0,0.9741321297059382,0.002788244558570157,137324.99999999997
nominal,299.0,False,3,0.43366929333076015,0.0021720099472653013,28.5931392439953,1648.5775925519774,0.0010281622795255735,2.9692983862596825e-06,2.4360358867700866e-05,0.0,0.9741071851885978,0.002813189075910387,137325.00000000003
nominal,300.0,False,3,0.43366929333076015,0.0021720099472653013,28.5931392439953,1677.1707317959808,0.0010281359507886539,2.995627123179153e-06,2.4360358867700866e-05,0.0,0.9740822406712577,0.0028381335932506184,137324.99999999997
nominal,301.0,False,3,0.43366929333076015,0.0021720099472653013,28.5931392439953,1705.7638710399842,0.0010281096220517345,3.0219558600986234e-06,2.4360358867700866e-05,0.0,0.9740572961539173,0.002863078110590848,137325.00000000003
nominal,302.0,False,3,0.43366929333076015,0.0021720099472653013,28.5931392439953,1734.3570102839876,0.0010280832933148149,3.048284597018094e-06,2.4360358867700866e-05,0.0,0.9740323516365772,0.002888022627931079,137324.99999999997
nominal,303.0,False,3,0.43366929333076015,0.0021720099472653013,28.5931392439953,1762.950149527991,0.0010280569645778955,3.0746133339375644e-06,2.4360358867700866e-05,0.0,0.9740074071192371,0.0029129671452713096,137324.99999999997
nominal,304.0,False,3,0.43366929333076015,0.0021720099472653013,28.5931392439953,1791.5432887719944,0.001028030635840976,3.100942070857035e-06,2.4360358867700866e-05,0.0,0.9739824626018967,0.0029379116626115395,137325.00000000003
nominal,305.0,False,3,0.43366929333076015,0.0021720099472653013,28.5931392439953,1820.1364280159978,0.0010280043071040567,3.1272708077765054e-06,2.4360358867700866e-05,0.0,0.9739575180845566,0.00296285617995177,137325.00000000003
nominal,306.0,False,3,0.43366929333076015,0.0021720099472653013,28.5931392439953,1848.7295672600012,0.001027977978367137,3.153599544695976e-06,2.4360358867700866e-05,0.0,0.9739325735672164,0.0029878006972920007,137324.99999999997
nominal,307.0,False,3,0.43366929333076015,0.0021720099472653013,28.5931392439953,1877.3227065040046,0.0010279516496302177,3.1799282816154463e-06,2.4360358867700866e-05,0.0,0.973907629049876,0.0030127452146322307,137325.00000000003
nominal,308.0,False,3,0.43366929333076015,0.0021720099472653013,28.5931392439953,1905.915845748008,0.001027925320893298,3.206257018534917e-06,2.4360358867700866e-05,0.0,0.9738826845325359,0.0030376897319724615,137324.99999999997
nominal,309.0,False,3,0.43366929333076015,0.0021720099472653013,28.5931392439953,1934.5089849920114,0.0010278989921563787,3.2325857554543873e-06,2.4360358867700866e-05,0.0,0.9738577400151955,0.0030626342493126914,137325.00000000003
nominal,310.0,False,3,0.43366929333076015,0.0021720099472653013,28.5931392439953,1963.1021242360148,0.0010278726634194593,3.2589144923738578e-06,2.4360358867700866e-05,0.0,0.9738327954978554,0.003087578766652922,137325.00000000003
nominal,311.0,False,3,0.43366929333076015,0.0021720099472653013,28.5931392439953,1991.6952634800182,0.00102784633468254,3.2852432292933283e-06,2.4360358867700866e-05,0.0,0.9738078509805151,0.003112523283993152,137325.00000000003
nominal,312.0,False,3,0.43366929333076015,0.0021720099472653013,28.5931392439953,2020.2884027240216,0.0010278200059456203,3.3115719662127987e-06,2.4360358867700866e-05,0.0,0.9737829064631748,0.0031374678013333826,137325.00000000003
nominal,313.0,False,3,0.43366929333076015,0.0021720099472653013,28.5931392439953,2048.881541968025,0.001027793677208701,3.3379007031322692e-06,2.4360358867700866e-05,0.0,0.9737579619458346,0.003162412318673613,137325.00000000003
nominal,314.0,False,3,0.43366929333076015,0.0021720099472653013,28.5931392439953,2077.4746812120284,0.0010277673484717813,3.3642294400517397e-06,2.4360358867700866e-05,0.0,0.9737330174284945,0.0031873568360138442,137324.99999999997
nominal,315.0,False,3,0.43366929333076015,0.0021720099472653013,28.5931392439953,2106.0678204560318,0.001027741019734862,3.39055817697121e-06,2.4360358867700866e-05,0.0,0.9737080729111541,0.003212301353354074,137325.00000000003
nominal,316.0,False,3,0.43366929333076015,0.0021720099472653013,28.5931392439953,2134.660959700035,0.0010277146909979426,3.4168869138906807e-06,2.4360358867700866e-05,0.0,0.973683128393814,0.0032372458706943046,137325.00000000003
nominal,317.0,False,3,0.43366929333076015,0.0021720099472653013,28.5931392439953,2163.2540989440386,0.0010276883622610227,3.443215650810151e-06,2.4360358867700866e-05,0.0,0.9736581838764736,0.0032621903880345354,137324.99999999997
nominal,318.0,False,3,0.43366929333076015,0.0021720099472653013,28.5931392439953,2191.847238188042,0.0010276620335241036,3.4695443877296216e-06,2.4360358867700866e-05,0.0,0.9736332393591335,0.0032871349053747653,137325.00000000003
nominal,319.0,False,3,0.43366929333076015,0.0021720099472653013,28.5931392439953,2220.4403774320454,0.0010276357047871842,3.495873124649092e-06,2.4360358867700866e-05,0.0,0.9736082948417933,0.0033120794227149957,137325.00000000003
nominal,320.0,False,3,0.43366929333076015,0.0021720099472653013,28.5931392439953,2249.0335166760487,0.0010276093760502646,3.5222018615685626e-06,2.4360358867700866e-05,0.0,0.973583350324453,0.003337023940055226,137325.00000000003
nominal,321.0,False,3,0.43366929333076015,0.0021720099472653013,28.5931392439953,2277.626655920052,0.0010275830473133452,3.548530598488033e-06,2.4360358867700866e-05,0.0,0.9735584058071128,0.0033619684573954565,137325.00000000003
nominal,322.0,True,3,0.3431678351650606,0.002155826789048297,28.38009818638458,6.193991349010525,0.0010337124393832184,2.502846397424375e-06,1.9276650998891326e-05,0.0,0.9793655482932745,0.00237126055653342,137324.99999999997
nominal,323.0,False,4,0.42760487632996336,0.0021709255291597045,28.578863564488824,34.64718277837333,0.0010299186919910527,1.5535403704607812e-06,2.4019704418020654e-05,0.0,0.975771255186933,0.0014718637976533185,137324.99999999997
nominal,324.0,False,4,0.4335794693062433,0.0021719938852434303,28.592927797621183,63.23691239131534,0.00102955675445907,1.5798691073802305e-06,2.4355313213083805e-05,0.0,0.9754283463314782,0.001496808314993529,137324.99999999997
nominal,325.0,False,4,0.43366796288871184,0.002172009709360249,28.59313611212553,91.83000113304753,0.0010295254548020056,1.6061978442996798e-06,2.4360284133228658e-05,0.0,0.9753986922375211,0.0015217528323337394,137324.99999999997
nominal,326.0,False,4,0.43366927362471835,0.002172009943741535,28.59313919760714,120.42313962902092,0.0010294990524375549,1.6325265812191291e-06,2.436035776076003e-05,0.0,0.9753736779635784,0.0015466973496739496,137324.99999999997
nominal,327.0,False,4,0.4336692930388818,0.0021720099472131086,28.59313924330822,149.01627886193688,0.00102947272261009,1.6588553181385784e-06,2.436035885130528e-05,0.0,0.9753487324130278,0.00157164186701416,137324.99999999997
nominal,328.0,False,4,0.4336692933264376,0.0021720099472645285,28.593139243985128,177.60941810576793,0.001029446393857018,1.6851840550580277e-06,2.4360358867458056e-05,0.0,0.975323787880384,0.00159658638435437,137325.00000000003
nominal,329.0,False,4,0.4336692933306969,0.00217200994726529,28.59313924399515,206.20255734976087,0.0010294200651198592,1.711512791977477e-06,2.4360358867697312e-05,0.0,0.9752988433628172,0.0016215309016945807,137324.99999999997
nominal,330.0,False,4,0.43366929333075993,0.0021720099472653013,28.5931392439953,234.79569659375574,0.0010293937363829362,1.7378415288969264e-06,2.4360358867700853e-05,0.0,0.9752738988454736,0.0016464754190347911,137324.99999999997
nominal,331.0,False,4,0.43366929333076015,0.0021720099472653013,28.5931392439953,263.38883583775134,0.0010293674076460168,1.7641702658163757e-06,2.4360358867700866e-05,0.0,0.9752489543281332,0.0016714199363750011,137325.00000000003
nominal,332.0,False,4,0.43366929333076015,0.0021720099472653013,28.5931392439953,291.98197508174906,0.0010293410789090974,1.790499002735825e-06,2.4360358867700866e-05,0.0,0.975224009810793,0.0016963644537152116,137325.00000000003
nominal,333.0,False,4,0.43366929333076015,0.0021720099472653013,28.5931392439953,320.57511432574677,0.001029314750172178,1.8168277396552743e-06,2.4360358867700866e-05,0.0,0.9751990652934529,0.0017213089710554218,137325.00000000003
nominal,334.0,False,4,0.43366929333076015,0.0021720099472653013,28.5931392439953,349.1682535697445,0.0010292884214352586,1.8431564765747236e-06,2.4360358867700866e-05,0.0,0.9751741207761125,0.0017462534883956318,137325.00000000003
nominal,335.0,False,4,0.43366929333076015,0.0021720099472653013,28.5931392439953,377.7613928137422,0.0010292620926983388,1.8694852134941729e-06,2.4360358867700866e-05,0.0,0.9751491762587724,0.0017711980057358429,137324.99999999997
nominal,336.0,False,4,0.43366929333076015,0.0021720099472653013,28.5931392439953,406.3545320577399,0.0010292357639614194,1.8958139504136222e-06,2.4360358867700866e-05,0.0,0.9751242317414323,0.0017961425230760533,137324.99999999997
nominal,337.0,False,4,0.43366929333076015,0.0021720099472653013,28.5931392439953,434.9476713017376,0.0010292094352245,1.9221426873330836e-06,2.4360358867700866e-05,0.0,0.9750992872240921,0.001821087040416275,137324.99999999997
nominal,338.0,False,4,0.43366929333076015,0.0021720099472653013,28.5931392439953,463.5408105457353,0.0010291831064875806,1.948471424252554e-06,2.4360358867700866e-05,0.0,0.9750743427067518,0.0018460315577565052,137325.00000000003
nominal,339.0,False,4,0.43366929333076015,0.0021720099472653013,28.5931392439953,492.13394978973304,0.0010291567777506612,1.9748001611720245e-06,2.4360358867700866e-05,0.0,0.9750493981894116,0.0018709760750967356,137325.00000000003
nominal,340.0,False,4,0.43366929333076015,0.0021720099472653013,28.5931392439953,520.727089033729,0.0010291304490137416,2.001128898091495e-06,2.4360358867700866e-05,0.0,0.9750244536720712,0.001895920592436966,137325.00000000003
nominal,341.0,False,4,0.43366929333076015,0.0021720099472653013,28.5931392439953,549.3202282777211,0.001029104120276822,2.0274576350109655e-06,2.4360358867700866e-05,0.0,0.9749995091547311,0.0019208651097771968,137324.99999999997
nominal,342.0,False,4,0.43366929333076015,0.0021720099472653013,28.5931392439953,577.9133675217131,0.0010290777915399026,2.053786371930436e-06,2.4360358867700866e-05,0.0,0.974974564637391,0.0019458096271174272,137324.99999999997
nominal,343.0,False,4,0.43366929333076015,0.0021720099472653013,28.5931392439953,606.5065067657051,0.0010290514628029832,2.0801151088499065e-06,2.4360358867700866e-05,0.0,0.9749496201200506,0.001970754144457657,137325.00000000003
nominal,344.0,False,4,0.43366929333076015,0.0021720099472653013,28.5931392439953,635.0996460096972,0.0010290251340660638,2.106443845769377e-06,2.4360358867700866e-05,0.0,0.9749246756027105,0.0019956986617978875,137325.00000000003
nominal,345.0,False,4,0.43366929333076015,0.0021720099472653013,28.5931392439953,663.6927852536892,0.0010289988053291442,2.1327725826888474e-06,2.4360358867700866e-05,0.0,0.9748997310853702,0.0020206431791381183,137324.99999999997
nominal,346.0,False,4,0.43366929333076015,0.0021720099472653013,28.5931392439953,692.2859244976812,0.0010289724765922248,2.159101319608318e-06,2.4360358867700866e-05,0.0,0.97487478656803,0.0020455876964783487,137325.00000000003
nominal,347.0,False,4,0.43366929333076015,0.0021720099472653013,28.5931392439953,720.8790637416732,0.0010289461478553052,2.1854300565277884e-06,2.4360358867700866e-05,0.0,0.9748498420506897,0.0020705322138185795,137324.99999999997
nominal,348.0,False,4,0.43366929333076015,0.0021720099472653013,28.5931392439953,749.4722029856653,0.0010289198191183859,2.211758793447259e-06,2.4360358867700866e-05,0.0,0.9748248975333493,0.0020954767311588095,137325.00000000003
nominal,349.0,False,4,0.43366929333076015,0.0021720099472653013,28.5931392439953,778.0653422296573,0.0010288934903814665,2.2380875303667294e-06,2.4360358867700866e-05,0.0,0.9747999530160092,0.00212042124849904,137325.00000000003
nominal,350.0,False,4,0.43366929333076015,0.0021720099472653013,28.5931392439953,806.6584814736493,0.0010288671616445469,2.2644162672862e-06,2.4360358867700866e-05,0.0,0.974775008498669,0.0021453657658392707,137324.99999999997
nominal,351.0,False,4,0.43366929333076015,0.0021720099472653013,28.5931392439953,835.2516207176413,0.0010288408329076275,2.2907450042056703e-06,2.4360358867700866e-05,0.0,0.9747500639813287,0.0021703102831795006,137325.00000000003
nominal,352.0,False,4,0.43366929333076015,0.0021720099472653013,28.5931392439953,863.8447599616334,0.001028814504170708,2.317073741125141e-06,2.4360358867700866e-05,0.0,0.9747251194639885,0.002195254800519731,137325.00000000003
nominal,353.0,False,4,0.43366929333076015,0.0021720099472653013,28.5931392439953,892.4378992056254,0.0010287881754337885,2.3434024780446113e-06,2.4360358867700866e-05,0.0,0.9747001749466484,0.002220199317859962,137324.99999999997
nominal,354.0,False,4,0.43366929333076015,0.0021720099472653013,28.5931392439953,921.0310384496174,0.001028761846696869,2.3697312149640818e-06,2.4360358867700866e-05,0.0,0.974675230429308,0.002245143835200192,137325.00000000003
nominal,355.0,False,4,0.43366929333076015,0.0021720099472653013,28.5931392439953,949.6241776936095,0.0010287355179599495,2.3960599518835523e-06,2.4360358867700866e-05,0.0,0.9746502859119679,0.0022700883525404226,137324.99999999997
nominal,356.0,False,4,0.43366929333076015,0.0021720099472653013,28.5931392439953,978.2173169376015,0.00102870918922303,2.4223886888030227e-06,2.4360358867700866e-05,0.0,0.9746253413946275,0.0022950328698806526,137325.00000000003
nominal,357.0,False,4,0.43366929333076015,0.0021720099472653013,28.5931392439953,1006.8104561815935,0.0010286828604861107,2.4487174257224932e-06,2.4360358867700866e-05,0.0,0.9746003968772874,0.0023199773872208834,137325.00000000003
nominal,358.0,False,4,0.43366929333076015,0.0021720099472653013,28.5931392439953,1035.40359542559,0.0010286565317491913,2.4750461626419637e-06,2.4360358867700866e-05,0.0,0.9745754523599472,0.0023449219045611138,137325.00000000003
nominal,359.0,False,4,0.43366929333076015,0.0021720099472653013,28.5931392439953,1063.9967346695935,0.0010286302030122717,2.501374899561434e-06,2.4360358867700866e-05,0.0,0.9745505078426069,0.002369866421901344,137325.00000000003
nominal,360.0,False,4,0.43366929333076015,0.0021720099472653013,28.5931392439953,1092.5898739135969,0.001028603874275352,2.5277036364809047e-06,2.4360358867700866e-05,0.0,0.9745255633252667,0.002394810939241575,137324.99999999997
nominal,361.0,False,4,0.43366929333076015,0.0021720099472653013,28.5931392439953,1121.1830131576003,0.0010285775455384327,2.554032373400375e-06,2.4360358867700866e-05,0.0,0.9745006188079266,0.0024197554565818053,137324.99999999997
nominal,362.0,False,4,0.43366929333076015,0.0021720099472653013,28.5931392439953,1149.7761524016037,0.0010285512168015133,2.5803611103198456e-06,2.4360358867700866e-05,0.0,0.9744756742905862,0.0024446999739220353,137325.00000000003
nominal,363.0,False,4,0.43366929333076015,0.0021720099472653013,28.5931392439953,1178.369291645607,0.001028524888064594,2.606689847239316e-06,2.4360358867700866e-05,0.0,0.9744507297732461,0.0024696444912622657,137325.00000000003
nominal,364.0,False,4,0.43366929333076015,0.0021720099472653013,28.5931392439953,1206.9624308896105,0.0010284985593276745,2.6330185841587866e-06,2.4360358867700866e-05,0.0,0.9744257852559057,0.0024945890086024956,137325.00000000003
nominal,365.0,False,4,0.43366929333076015,0.0021720099472653013,28.5931392439953,1235.5555701336139,0.0010284722305907547,2.659347321078257e-06,2.4360358867700866e-05,0.0,0.9744008407385656,0.002519533525942727,137324.99999999997
nominal,366.0,False,4,0.43366929333076015,0.0021720099472653013,28.5931392439953,1264.1487093776173,0.0010284459018538353,2.6856760579977276e-06,2.4360358867700866e-05,0.0,0.9743758962212253,0.0025444780432829577,137324.99999999997
nominal,367.0,False,4,0.43366929333076015,0.0021720099472653013,28.5931392439953,1292.7418486216206,0.001028419573116916,2.712004794917198e-06,2.4360358867700866e-05,0.0,0.9743509517038851,0.0025694225606231872,137325.00000000003
nominal,368.0,False,4,0.43366929333076015,0.0021720099472653013,28.5931392439953,1321.334987865624,0.0010283932443799965,2.7383335318366685e-06,2.4360358867700866e-05,0.0,0.9743260071865448,0.002594367077963418,137325.00000000003
nominal,369.0,False,4,0.43366929333076015,0.0021720099472653013,28.5931392439953,1349.9281271096274,0.0010283669156430772,2.764662268756139e-06,2.4360358867700866e-05,0.0,0.9743010626692047,0.0026193115953036484,137325.00000000003
nominal,370.0,False,4,0.43366929333076015,0.0021720099472653013,28.5931392439953,1378.5212663536308,0.0010283405869061573,2.7909910056756095e-06,2.4360358867700866e-05,0.0,0.9742761181518643,0.0026442561126438792,137324.99999999997
nominal,371.0,False,4,0.43366929333076015,0.0021720099472653013,28.5931392439953,1407.1144055976342,0.001028314258169238,2.81731974259508e-06,2.4360358867700866e-05,0.0,0.9742511736345242,0.0026692006299841096,137324.99999999997
nominal,372.0,False,4,0.43366929333076015,0.0021720099472653013,28.5931392439953,1435.7075448416376,0.0010282879294323186,2.8436484795145505e-06,2.4360358867700866e-05,0.0,0.9742262291171838,0.0026941451473243396,137325.00000000003
nominal,373.0,False,4,0.43366929333076015,0.0021720099472653013,28.5931392439953,1464.300684085641,0.0010282616006953992,2.869977216434021e-06,2.4360358867700866e-05,0.0,0.9742012845998437,0.00271908966466457,137325.00000000003
nominal,374.0,False,4,0.43366929333076015,0.0021720099472653013,28.5931392439953,1492.8938233296444,0.0010282352719584796,2.8963059533534914e-06,2.4360358867700866e-05,0.0,0.9741763400825035,0.002744034182004801,137324.99999999997
nominal,375.0,False,4,0.43366929333076015,0.0021720099472653013,28.5931392439953,1521.4869625736478,0.0010282089432215602,2.922634690272962e-06,2.4360358867700866e-05,0.0,0.9741513955651632,0.0027689786993450307,137325.00000000003
nominal,376.0,False,4,0.43366929333076015,0.0021720099472653013,28.5931392439953,1550.0801018176512,0.0010281826144846406,2.9489634271924324e-06,2.4360358867700866e-05,0.0,0.974126451047823,0.002793923216685262,137324.99999999997
nominal,377.0,False,4,0.43366929333076015,0.0021720099472653013,28.5931392439953,1578.6732410616546,0.0010281562857477212,2.975292164111903e-06,2.4360358867700866e-05,0.0,0.9741015065304829,0.0028188677340254924,137324.99999999997
nominal,378.0,False,4,0.43366929333076015,0.0021720099472653013,28.5931392439953,1607.266380305658,0.0010281299570108018,3.0016209010313734e-06,2.4360358867700866e-05,0.0,0.9740765620131425,0.002843812251365722,137325.00000000003
nominal,379.0,False,4,0.43366929333076015,0.0021720099472653013,28.5931392439953,1635.8595195496614,0.0010281036282738822,3.027949637950844e-06,2.4360358867700866e-05,0.0,0.9740516174958024,0.002868756768705953,137324.99999999997
nominal,380.0,False,4,0.43366929333076015,0.0021720099472653013,28.5931392439953,1664.4526587936648,0.0010280772995369628,3.0542783748703143e-06,2.4360358867700866e-05,0.0,0.974026672978462,0.002893701286046183,137325.00000000003
nominal,381.0,False,4,0.43366929333076015,0.0021720099472653013,28.5931392439953,1693.0457980376682,0.0010280509708000434,3.080607111789785e-06,2.4360358867700866e-05,0.0,0.9740017284611219,0.0029186458033864135,137325.00000000003
nominal,382.0,False,4,0.43366929333076015,0.0021720099472653013,28.5931392439953,1721.6389372816716,0.0010280246420631238,3.1069358487092553e-06,2.4360358867700866e-05,0.0,0.9739767839437817,0.0029435903207266443,137324.99999999997
nominal,383.0,False,4,0.43366929333076015,0.0021720099472653013,28.5931392439953,1750.232076525675,0.0010279983133262044,3.1332645856287258e-06,2.4360358867700866e-05,0.0,0.9739518394264414,0.0029685348380668742,137325.00000000003
nominal,384.0,False,4,0.43366929333076015,0.0021720099472653013,28.5931392439953,1778.8252157696784,0.0010279719845892848,3.1595933225481962e-06,2.4360358867700866e-05,0.0,0.9739268949091012,0.002993479355407105,137324.99999999997
nominal,385.0,False,4,0.43366929333076015,0.0021720099472653013,28.5931392439953,1807.4183550136818,0.0010279456558523654,3.1859220594676667e-06,2.4360358867700866e-05,0.0,0.9739019503917611,0.0030184238727473355,137324.99999999997
nominal,386.0,False,4,0.43366929333076015,0.0021720099472653013,28.5931392439953,1836.0114942576852,0.001027919327115446,3.2122507963871372e-06,2.4360358867700866e-05,0.0,0.9738770058744207,0.0030433683900875654,137325.00000000003
nominal,387.0,False,4,0.43366929333076015,0.0021720099472653013,28.5931392439953,1864.6046335016886,0.0010278929983785266,3.2385795333066077e-06,2.4360358867700866e-05,0.0,0.9738520613570806,0.003068312907427796,137325.00000000003
nominal,388.0,False,4,0.43366929333076015,0.0021720099472653013,28.5931392439953,1893.197772745692,0.001027866669641607,3.264908270226078e-06,2.4360358867700866e-05,0.0,0.9738271168397402,0.003093257424768026,137325.00000000003
nominal,389.0,False,4,0.43366929333076015,0.0021720099472653013,28.5931392439953,1921.7909119896954,0.0010278403409046876,3.2912370071455487e-06,2.4360358867700866e-05,0.0,0.9738021723224,0.0031182019421082566,137325.00000000003
nominal,390.0,False,4,0.43366929333076015,0.0021720099472653013,28.5931392439953,1950.3840512336988,0.001027814012167768,3.317565744065019e-06,2.4360358867700866e-05,0.0,0.9737772278050598,0.003143146459448488,137324.99999999997
nominal,391.0,False,4,0.43366929333076015,0.0021720099472653013,28.5931392439953,1978.9771904777022,0.0010277876834308486,3.3438944809844896e-06,2.4360358867700866e-05,0.0,0.9737522832877195,0.0031680909767887178,137325.00000000003
nominal,392.0,False,4,0.43366929333076015,0.0021720099472653013,28.5931392439953,2007.5703297217055,0.0010277613546939293,3.37022321790396e-06,2.4360358867700866e-05,0.0,0.9737273387703793,0.003193035494128948,137325.00000000003
nominal,393.0,False,4,0.43366929333076015,0.0021720099472653013,28.5931392439953,2036.163468965709,0.0010277350259570099,3.3965519548234306e-06,2.4360358867700866e-05,0.0,0.9737023942530392,0.0032179800114691785,137325.00000000003
nominal,394.0,False,4,0.43366929333076015,0.0021720099472653013,28.5931392439953,2064.7566082097123,0.00102770869722009,3.422880691742901e-06,2.4360358867700866e-05,0.0,0.9736774497356988,0.0032429245288094093,137324.99999999997
nominal,395.0,False,4,0.43366929333076015,0.0021720099472653013,28.5931392439953,2093.3497474537157,0.0010276823684831707,3.4492094286623716e-06,2.4360358867700866e-05,0.0,0.9736525052183587,0.0032678690461496397,137324.99999999997
nominal,396.0,False,4,0.43366929333076015,0.0021720099472653013,28.5931392439953,2121.942886697719,0.0010276560397462513,3.475538165581842e-06,2.4360358867700866e-05,0.0,0.9736275607010183,0.0032928135634898697,137325.00000000003
nominal,397.0,False,4,0.43366929333076015,0.0021720099472653013,28.5931392439953,2150.5360259417225,0.0010276297110093319,3.5018669025013125e-06,2.4360358867700866e-05,0.0,0.9736026161836782,0.0033177580808301,137325.00000000003
nominal,398.0,False,4,0.43366929333076015,0.0021720099472653013,28.5931392439953,2179.129165185726,0.0010276033822724123,3.528195639420783e-06,2.4360358867700866e-05,0.0,0.973577671666338,0.0033427025981703313,137324.99999999997
nominal,399.0,False,4,0.43366929333076015,0.0021720099472653013,28.5931392439953,2207.7223044297293,0.0010275770535354927,3.5545243763402535e-06,2.4360358867700866e-05,0.0,0.9735527271489977,0.0033676471155105617,137324.99999999997
nominal,400.0,False,4,0.43366929333076015,0.0021720099472653013,28.5931392439953,2236.3154436737327,0.0010275507247985733,3.580853113259724e-06,2.4360358867700866e-05,0.0,0.9735277826316575,0.003392591632850792,137324.99999999997
nominal,401.0,False,4,0.43366929333076015,0.0021720099472653013,28.5931392439953,2264.908582917736,0.0010275243960616539,3.6071818501791945e-06,2.4360358867700866e-05,0.0,0.9735028381143174,0.0034175361501910225,137324.99999999997
nominal,402.0,False,4,0.43366929333076015,0.0021720099472653013,28.5931392439953,2293.5017221617395,0.0010274980673247345,3.633510587098665e-06,2.4360358867700866e-05,0.0,0.973477893596977,0.0034424806675312524,137325.00000000003
nominal,403.0,False,5,0.39496817300061254,0.00216508954657594,28.502036539431593,21.947735164868227,0.0010317335380701453,1.5719848138660211e-06,2.2186413895522687e-05,0.0,0.9774906866821937,0.001489338534089029,137324.99999999997
nominal,404.0,False,5,0.4330960658662027,0.002171907444709638,28.591789862584484,50.51911526175053,0.0010295654640739723,1.5983135507854704e-06,2.4328159154776318e-05,0.0,0.9754365980429304,0.0015142830514292393,137324.99999999997
nominal,405.0,False,5,0.43366080288595404,0.0021720084290332816,28.593119257429585,79.11193221686575,0.001029507412555019,1.6246422877049197e-06,2.4359881936809968e-05,0.0,0.9753815985522375,0.0015392275687694497,137324.99999999997
nominal,406.0,False,5,0.43366916757326057,0.0021720099247777794,28.593138947961275,107.70506668723081,0.0010294806139513424,1.650971024624369e-06,2.436035180356728e-05,0.0,0.975356208871139,0.0015641720861096597,137325.00000000003
nominal,407.0,False,5,0.4336692914680848,0.0021720099469322244,28.593139239610554,136.29820586052082,0.0010294542782549206,1.6772997615438183e-06,2.436035876306943e-05,0.0,0.975331257760189,0.0015891166034498708,137324.99999999994
nominal,408.0,False,5,0.4336692933031715,0.002172009947260368,28.59313924393036,164.89134510346878,0.0010294279494149198,1.7036284984632676e-06,2.4360358866151138e-05,0.0,0.9753063131451866,0.0016140611207900806,137325.00000000003
nominal,409.0,False,5,0.4336692933303522,0.0021720099472652284,28.59313924399434,193.48448434744859,0.0010294016206764732,1.729957235382717e-06,2.436035886767795e-05,0.0,0.9752813686263997,0.0016390056381302912,137324.99999999997
nominal,410.0,False,5,0.4336692933307548,0.0021720099472653004,28.59313924399529,222.07762359144346,0.0010293752919395313,1.7562859723021663e-06,2.4360358867700565e-05,0.0,0.9752564241090382,0.0016639501554705015,137324.99999999997
nominal,411.0,False,5,0.43366929333076015,0.0021720099472653013,28.5931392439953,250.67076283543832,0.0010293489632026117,1.7826147092216156e-06,2.4360358867700866e-05,0.0,0.9752314795916976,0.0016888946728107115,137325.00000000003
nominal,412.0,False,5,0.43366929333076015,0.0021720099472653013,28.5931392439953,279.2639020794355,0.0010293226344656918,1.8089434461410649e-06,2.4360358867700866e-05,0.0,0.9752065350743573,0.0017138391901509223,137324.99999999997
nominal,413.0,False,5,0.43366929333076015,0.0021720099472653013,28.5931392439953,307.85704132343324,0.0010292963057287725,1.8352721830605142e-06,2.4360358867700866e-05,0.0,0.9751815905570171,0.0017387837074911326,137324.99999999997
nominal,414.0,False,5,0.43366929333076015,0.0021720099472653013,28.5931392439953,336.45018056743095,0.001029269976991853,1.8616009199799635e-06,2.4360358867700866e-05,0.0,0.975156646039677,0.001763728224831343,137324.99999999997
nominal,415.0,False,5,0.43366929333076015,0.0021720099472653013,28.5931392439953,365.04331981142866,0.0010292436482549337,1.8879296568994128e-06,2.4360358867700866e-05,0.0,0.9751317015223369,0.0017886727421715534,137324.99999999997
nominal,416.0,False,5,0.43366929333076015,0.0021720099472653013,28.5931392439953,393.63645905542637,0.0010292173195180143,1.9142583938188676e-06,2.4360358867700866e-05,0.0,0.9751067570049965,0.0018136172595117686,137325.00000000003
nominal,417.0,False,5,0.43366929333076015,0.0021720099472653013,28.5931392439953,422.2295982994241,0.001029190990781095,1.940587130738338e-06,2.4360358867700866e-05,0.0,0.9750818124876564,0.001838561776851999,137325.00000000003
nominal,418.0,False,5,0.43366929333076015,0.0021720099472653013,28.5931392439953,450.8227375434218,0.0010291646620441755,1.9669158676578086e-06,2.4360358867700866e-05,0.0,0.9750568679703162,0.0018635062941922294,137325.00000000003
nominal,419.0,False,5,0.43366929333076015,0.0021720099472653013,28.5931392439953,479.4158767874195,0.0010291383333072557,1.993244604577279e-06,2.4360358867700866e-05,0.0,0.9750319234529758,0.0018884508115324602,137324.99999999997
nominal,420.0,False,5,0.43366929333076015,0.0021720099472653013,28.5931392439953,508.0090160314172,0.0010291120045703363,2.0195733414967495e-06,2.4360358867700866e-05,0.0,0.9750069789356356,0.0019133953288726906,137324.99999999997
nominal,421.0,False,5,0.43366929333076015,0.0021720099472653013,28.5931392439953,536.60215527541,0.001029085675833417,2.04590207841622e-06,2.4360358867700866e-05,0.0,0.9749820344182953,0.0019383398462129208,137325.00000000003
nominal,422.0,False,5,0.43366929333076015,0.0021720099472653013,28.5931392439953,565.1952945194021,0.0010290593470964975,2.0722308153356905e-06,2.4360358867700866e-05,0.0,0.9749570899009551,0.001963284363553151,137325.00000000003
nominal,423.0,False,5,0.43366929333076015,0.0021720099472653013,28.5931392439953,593.7884337633941,0.0010290330183595781,2.098559552255161e-06,2.4360358867700866e-05,0.0,0.974932145383615,0.0019882288808933815,137325.00000000003
nominal,424.0,False,5,0.43366929333076015,0.0021720099472653013,28.5931392439953,622.3815730073861,0.0010290066896226583,2.1248882891746315e-06,2.4360358867700866e-05,0.0,0.9749072008662746,0.0020131733982336124,137324.99999999997
nominal,425.0,False,5,0.43366929333076015,0.0021720099472653013,28.5931392439953,650.9747122513782,0.001028980360885739,2.151217026094102e-06,2.4360358867700866e-05,0.0,0.9748822563489344,0.0020381179155738427,137324.99999999997
nominal,426.0,False,5,0.43366929333076015,0.0021720099472653013,28.5931392439953,679.5678514953702,0.0010289540321488195,2.1775457630135724e-06,2.4360358867700866e-05,0.0,0.9748573118315943,0.002063062432914073,137324.99999999997
nominal,427.0,False,5,0.43366929333076015,0.0021720099472653013,28.5931392439953,708.1609907393622,0.0010289277034119001,2.203874499933043e-06,2.4360358867700866e-05,0.0,0.9748323673142539,0.002088006950254303,137325.00000000003
nominal,428.0,False,5,0.43366929333076015,0.0021720099472653013,28.5931392439953,736.7541299833542,0.0010289013746749807,2.2302032368525134e-06,2.4360358867700866e-05,0.0,0.9748074227969138,0.0021129514675945335,137325.00000000003
nominal,429.0,False,5,0.43366929333076015,0.0021720099472653013,28.5931392439953,765.3472692273463,0.0010288750459380611,2.256531973771984e-06,2.4360358867700866e-05,0.0,0.9747824782795734,0.0021378959849347643,137325.00000000003
nominal,430.0,False,5,0.43366929333076015,0.0021720099472653013,28.5931392439953,793.9404084713383,0.0010288487172011415,2.2828607106914544e-06,2.4360358867700866e-05,0.0,0.9747575337622333,0.002162840502274995,137324.99999999997
nominal,431.0,False,5,0.43366929333076015,0.0021720099472653013,28.5931392439953,822.5335477153303,0.0010288223884642221,2.309189447610925e-06,2.4360358867700866e-05,0.0,0.9747325892448931,0.0021877850196152255,137324.99999999997
nominal,432.0,False,5,0.43366929333076015,0.0021720099472653013,28.5931392439953,851.1266869593223,0.0010287960597273028,2.3355181845303953e-06,2.4360358867700866e-05,0.0,0.9747076447275528,0.0022127295369554554,137325.00000000003
nominal,433.0,False,5,0.43366929333076015,0.0021720099472653013,28.5931392439953,879.7198262033144,0.0010287697309903831,2.361846921449866e-06,2.4360358867700866e-05,0.0,0.9746827002102126,0.0022376740542956863,137324.99999999997
nominal,434.0,False,5,0.43366929333076015,0.0021720099472653013,28.5931392439953,908.3129654473064,0.0010287434022534638,2.3881756583693363e-06,2.4360358867700866e-05,0.0,0.9746577556928725,0.0022626185716359166,137324.99999999997
nominal,435.0,False,5,0.43366929333076015,0.0021720099472653013,28.5931392439953,936.9061046912984,0.0010287170735165444,2.4145043952888068e-06,2.4360358867700866e-05,0.0,0.9746328111755321,0.0022875630889761466,137325.00000000003
nominal,436.0,False,5,0.43366929333076015,0.0021720099472653013,28.5931392439953,965.4992439352905,0.001028690744779625,2.4408331322082773e-06,2.4360358867700866e-05,0.0,0.974607866658192,0.002312507606316377,137325.00000000003
nominal,437.0,False,5,0.43366929333076015,0.0021720099472653013,28.5931392439953,994.0923831792825,0.0010286644160427054,2.4671618691277477e-06,2.4360358867700866e-05,0.0,0.9745829221408516,0.0023374521236566074,137325.00000000003
nominal,438.0,False,5,0.43366929333076015,0.0021720099472653013,28.5931392439953,1022.6855224232745,0.0010286380873057858,2.4934906060472182e-06,2.4360358867700866e-05,0.0,0.9745579776235115,0.002362396640996838,137324.99999999997
nominal,439.0,False,5,0.43366929333076015,0.0021720099472653013,28.5931392439953,1051.2786616672774,0.0010286117585688664,2.5198193429666887e-06,2.4360358867700866e-05,0.0,0.9745330331061713,0.002387341158337069,137324.99999999997
nominal,440.0,False,5,0.43366929333076015,0.0021720099472653013,28.5931392439953,1079.8718009112808,0.001028585429831947,2.546148079886159e-06,2.4360358867700866e-05,0.0,0.974508088588831,0.002412285675677299,137325.00000000003
nominal,441.0,False,5,0.43366929333076015,0.0021720099472653013,28.5931392439953,1108.4649401552842,0.0010285591010950276,2.5724768168056297e-06,2.4360358867700866e-05,0.0,0.9744831440714908,0.0024372301930175293,137325.00000000003
nominal,442.0,False,5,0.43366929333076015,0.0021720099472653013,28.5931392439953,1137.0580793992876,0.0010285327723581082,2.5988055537251e-06,2.4360358867700866e-05,0.0,0.9744581995541506,0.0024621747103577597,137325.00000000003
nominal,443.0,False,5,0.43366929333076015,0.0021720099472653013,28.5931392439953,1165.651218643291,0.0010285064436211884,2.6251342906445706e-06,2.4360358867700866e-05,0.0,0.9744332550368102,0.0024871192276979905,137324.99999999997
nominal,444.0,False,5,0.43366929333076015,0.0021720099472653013,28.5931392439953,1194.2443578872944,0.001028480114884269,2.651463027564041e-06,2.4360358867700866e-05,0.0,0.9744083105194701,0.002512063745038221,137324.99999999997
nominal,445.0,False,5,0.43366929333076015,0.0021720099472653013,28.5931392439953,1222.8374971312978,0.0010284537861473496,2.6777917644835116e-06,2.4360358867700866e-05,0.0,0.9743833660021297,0.002537008262378451,137325.00000000003
nominal,446.0,False,5,0.43366929333076015,0.0021720099472653013,28.5931392439953,1251.4306363753012,0.0010284274574104302,2.704120501402982e-06,2.4360358867700866e-05,0.0,0.9743584214847896,0.0025619527797186813,137325.00000000003
nominal,447.0,False,5,0.43366929333076015,0.0021720099472653013,28.5931392439953,1280.0237756193046,0.0010284011286735108,2.7304492383224526e-06,2.4360358867700866e-05,0.0,0.9743334769674494,0.0025868972970589117,137325.00000000003
nominal,448.0,False,5,0.43366929333076015,0.0021720099472653013,28.5931392439953,1308.616914863308,0.001028374799936591,2.756777975241923e-06,2.4360358867700866e-05,0.0,0.9743085324501091,0.0026118418143991425,137324.99999999997
nominal,449.0,False,5,0.43366929333076015,0.0021720099472653013,28.5931392439953,1337.2100541073114,0.0010283484711996716,2.7831067121613935e-06,2.4360358867700866e-05,0.0,0.9742835879327689,0.0026367863317393733,137324.99999999997
nominal,450.0,False,5,0.43366929333076015,0.0021720099472653013,28.5931392439953,1365.8031933513148,0.0010283221424627522,2.809435449080864e-06,2.4360358867700866e-05,0.0,0.9742586434154288,0.0026617308490796037,137324.99999999997
nominal,451.0,False,5,0.43366929333076015,0.0021720099472653013,28.5931392439953,1394.3963325953182,0.0010282958137258328,2.8357641860003345e-06,2.4360358867700866e-05,0.0,0.9742336988980884,0.002686675366419833,137325.00000000003
nominal,452.0,False,5,0.43366929333076015,0.0021720099472653013,28.5931392439953,1422.9894718393216,0.0010282694849889135,2.862092922919805e-06,2.4360358867700866e-05,0.0,0.9742087543807483,0.002711619883760064,137325.00000000003
nominal,453.0,False,5,0.43366929333076015,0.0021720099472653013,28.5931392439953,1451.582611083325,0.0010282431562519938,2.8884216598392755e-06,2.4360358867700866e-05,0.0,0.9741838098634079,0.0027365644011002944,137325.00000000003
nominal,454.0,False,5,0.43366929333076015,0.0021720099472653013,28.5931392439953,1480.1757503273284,0.0010282168275150742,2.914750396758746e-06,2.4360358867700866e-05,0.0,0.9741588653460678,0.002761508918440525,137324.99999999997
nominal,455.0,False,5,0.43366929333076015,0.0021720099472653013,28.5931392439953,1508.7688895713318,0.0010281904987781549,2.9410791336782164e-06,2.4360358867700866e-05,0.0,0.9741339208287276,0.0027864534357807556,137324.99999999997
nominal,456.0,False,5,0.43366929333076015,0.0021720099472653013,28.5931392439953,1537.3620288153352,0.0010281641700412355,2.967407870597687e-06,2.4360358867700866e-05,0.0,0.9741089763113873,0.0028113979531209855,137325.00000000003
nominal,457.0,False,5,0.43366929333076015,0.0021720099472653013,28.5931392439953,1565.9551680593386,0.001028137841304316,2.9937366075171574e-06,2.4360358867700866e-05,0.0,0.9740840317940471,0.002836342470461216,137325.00000000003
nominal,458.0,False,5,0.43366929333076015,0.0021720099472653013,28.5931392439953,1594.548307303342,0.0010281115125673965,3.020065344436628e-06,2.4360358867700866e-05,0.0,0.974059087276707,0.0028612869878014468,137324.99999999997
nominal,459.0,False,5,0.43366929333076015,0.0021720099472653013,28.5931392439953,1623.1414465473454,0.001028085183830477,3.0463940813560984e-06,2.4360358867700866e-05,0.0,0.9740341427593666,0.0028862315051416767,137325.00000000003
nominal,460.0,False,5,0.43366929333076015,0.0021720099472653013,28.5931392439953,1651.7345857913488,0.0010280588550935575,3.072722818275569e-06,2.4360358867700866e-05,0.0,0.9740091982420265,0.002911176022481908,137324.99999999997
nominal,461.0,False,5,0.43366929333076015,0.0021720099472653013,28.5931392439953,1680.3277250353522,0.001028032526356638,3.0990515551950393e-06,2.4360358867700866e-05,0.0,0.9739842537246861,0.0029361205398221375,137325.00000000003
nominal,462.0,False,5,0.43366929333076015,0.0021720099472653013,28.5931392439953,1708.9208642793556,0.0010280061976197185,3.12538029211451e-06,2.4360358867700866e-05,0.0,0.9739593092073459,0.0029610650571623687,137324.99999999997
nominal,463.0,False,5,0.43366929333076015,0.0021720099472653013,28.5931392439953,1737.514003523359,0.001027979868882799,3.1517090290339803e-06,2.4360358867700866e-05,0.0,0.9739343646900057,0.002986009574502599,137324.99999999997
nominal,464.0,False,5,0.43366929333076015,0.0021720099472653013,28.5931392439953,1766.1071427673623,0.0010279535401458797,3.1780377659534508e-06,2.4360358867700866e-05,0.0,0.9739094201726654,0.003010954091842829,137325.00000000003
nominal,465.0,False,5,0.43366929333076015,0.0021720099472653013,28.5931392439953,1794.7002820113657,0.0010279272114089603,3.2043665028729212e-06,2.4360358867700866e-05,0.0,0.9738844756553252,0.0030358986091830594,137325.00000000003
nominal,466.0,False,5,0.43366929333076015,0.0021720099472653013,28.5931392439953,1823.2934212553691,0.0010279008826720407,3.2306952397923917e-06,2.4360358867700866e-05,0.0,0.9738595311379851,0.0030608431265232903,137324.99999999997
nominal,467.0,False,5,0.43366929333076015,0.0021720099472653013,28.5931392439953,1851.8865604993725,0.0010278745539351213,3.2570239767118622e-06,2.4360358867700866e-05,0.0,0.9738345866206447,0.0030857876438635202,137325.00000000003
nominal,468.0,False,5,0.43366929333076015,0.0021720099472653013,28.5931392439953,1880.479699743376,0.0010278482251982017,3.2833527136313327e-06,2.4360358867700866e-05,0.0,0.9738096421033046,0.003110732161203751,137324.99999999997
nominal,469.0,False,5,0.43366929333076015,0.0021720099472653013,28.5931392439953,1909.0728389873793,0.0010278218964612823,3.309681450550803e-06,2.4360358867700866e-05,0.0,0.9737846975859642,0.003135676678543981,137325.00000000003
nominal,470.0,False,5,0.43366929333076015,0.0021720099472653013,28.5931392439953,1937.6659782313827,0.001027795567724363,3.3360101874702737e-06,2.4360358867700866e-05,0.0,0.9737597530686241,0.0031606211958842114,137325.00000000003
nominal,471.0,False,5,0.43366929333076015,0.0021720099472653013,28.5931392439953,1966.2591174753861,0.0010277692389874435,3.362338924389744e-06,2.4360358867700866e-05,0.0,0.9737348085512839,0.0031855657132244418,137325.00000000003
nominal,472.0,False,5,0.43366929333076015,0.0021720099472653013,28.5931392439953,1994.8522567193895,0.0010277429102505237,3.3886676613092146e-06,2.4360358867700866e-05,0.0,0.9737098640339436,0.003210510230564673,137324.99999999997
nominal,473.0,False,5,0.43366929333076015,0.0021720099472653013,28.5931392439953,2023.445395963393,0.0010277165815136045,3.414996398228685e-06,2.4360358867700866e-05,0.0,0.9736849195166034,0.0032354547479049025,137325.00000000003
nominal,474.0,False,5,0.43366929333076015,0.0021720099472653013,28.5931392439953,2052.0385352073963,0.001027690252776685,3.4413251351481556e-06,2.4360358867700866e-05,0.0,0.9736599749992633,0.0032603992652451338,137324.99999999997
nominal,475.0,False,5,0.43366929333076015,0.0021720099472653013,28.5931392439953,2080.6316744513997,0.0010276639240397656,3.467653872067626e-06,2.4360358867700866e-05,0.0,0.9736350304819229,0.0032853437825853637,137325.00000000003
nominal,476.0,False,5,0.43366929333076015,0.0021720099472653013,28.5931392439953,2109.224813695403,0.0010276375953028462,3.4939826089870966e-06,2.4360358867700866e-05,0.0,0.9736100859645828,0.003310288299925594,137325.00000000003
nominal,477.0,False,5,0.43366929333076015,0.0021720099472653013,28.5931392439953,2137.8179529394065,0.0010276112665659263,3.520311345906567e-06,2.4360358867700866e-05,0.0,0.9735851414472424,0.003335232817265825,137324.99999999997
nominal,478.0,False,5,0.43366929333076015,0.0021720099472653013,28.5931392439953,2166.41109218341,0.001027584937829007,3.5466400828260375e-06,2.4360358867700866e-05,0.0,0.9735601969299023,0.0033601773346060553,137324.99999999997
nominal,479.0,False,5,0.43366929333076015,0.0021720099472653013,28.5931392439953,2195.0042314274133,0.0010275586090920878,3.572968819745508e-06,2.4360358867700866e-05,0.0,0.9735352524125621,0.0033851218519462853,137325.00000000003
nominal,480.0,False,5,0.43366929333076015,0.0021720099472653013,28.5931392439953,2223.5973706714167,0.0010275322803551682,3.5992975566649785e-06,2.4360358867700866e-05,0.0,0.9735103078952217,0.0034100663692865157,137325.00000000003
nominal,481.0,False,5,0.43366929333076015,0.0021720099472653013,28.5931392439953,2252.19050991542,0.0010275059516182488,3.625626293584449e-06,2.4360358867700866e-05,0.0,0.9734853633778816,0.003435010886626746,137325.00000000003
nominal,482.0,False,5,0.43366929333076015,0.0021720099472653013,28.5931392439953,2280.7836491594235,0.0010274796228813292,3.6519550305039195e-06,2.4360358867700866e-05,0.0,0.9734604188605414,0.0034599554039669773,137324.99999999997
nominal,483.0,True,5,0.32557001227349625,0.00215268000713007,28.33867278975063,9.325235783680432,0.0010350667452516849,2.1370570956628094e-06,1.8288134432186227e-05,0.0,0.9806486522387188,0.0020247024360823588,137324.99999999997
nominal,484.0,False,6,0.4298537583774885,0.002171327666481292,28.58415744836161,37.80289260679095,0.001029746489661359,1.599417007809218e-06,2.414603011036581e-05,0.0,0.9756081063046977,0.0015153284947768352,137325.00000000003
nominal,485.0,False,6,0.4336127789609303,0.002171999841560852,28.593006208778384,66.39388662125144,0.0010295090067297295,1.6257457447286674e-06,2.435718430507582e-05,0.0,0.975383108914046,0.001540273012117046,137324.99999999997
nominal,486.0,False,6,0.4336684562596721,0.00217200979758314,28.593137273524178,94.98699409085687,0.0010294795504506968,1.6520744816481167e-06,2.4360311847189114e-05,0.0,0.9753552012834841,0.0015652175294572563,137324.99999999997
nominal,487.0,False,6,0.43366928093235646,0.002172009945048262,28.593139214809376,123.58013286422099,0.001029453175389717,1.678403218567566e-06,2.436035817124952e-05,0.0,0.9753302128775465,0.0015901620467974663,137325.00000000003
nominal,488.0,False,6,0.43366929314712,0.0021720099472324634,28.59313924356301,152.17327210124554,0.0010294268459666617,1.7047319554870153e-06,2.436035885738531e-05,0.0,0.9753052677101438,0.0016151065641376767,137325.00000000003
nominal,489.0,False,6,0.43366929332804094,0.002172009947264815,28.5931392439889,180.76641134513747,0.0010294005172195794,1.7310606924064646e-06,2.436035886754812e-05,0.0,0.9752803231831753,0.0016400510814778874,137324.99999999997
nominal,490.0,False,6,0.4336692933307207,0.0021720099472652943,28.59313924399521,209.35955058913126,0.0010293741884825095,1.757389429325914e-06,2.4360358867698647e-05,0.0,0.9752553786656926,0.0016649955988180978,137324.99999999997
nominal,491.0,False,6,0.43366929333076015,0.0021720099472653013,28.5931392439953,237.95268983312613,0.0010293478597455878,1.7837181662453632e-06,2.4360358867700866e-05,0.0,0.9752304341483499,0.0016899401161583078,137325.00000000003
nominal,492.0,False,6,0.43366929333076015,0.0021720099472653013,28.5931392439953,266.54582907712205,0.0010293215310086684,1.8100469031648125e-06,2.4360358867700866e-05,0.0,0.9752054896310097,0.0017148846334985183,137325.00000000003
nominal,493.0,False,6,0.43366929333076015,0.0021720099472653013,28.5931392439953,295.13896832111976,0.001029295202271749,1.8363756400842618e-06,2.4360358867700866e-05,0.0,0.9751805451136696,0.0017398291508387285,137325.00000000003
nominal,494.0,False,6,0.43366929333076015,0.0021720099472653013,28.5931392439953,323.7321075651175,0.0010292688735348294,1.8627043770037111e-06,2.4360358867700866e-05,0.0,0.9751556005963292,0.001764773668178939,137325.00000000003
nominal,495.0,False,6,0.43366929333076015,0.0021720099472653013,28.5931392439953,352.3252468091152,0.00102924254479791,1.8890331139231604e-06,2.4360358867700866e-05,0.0,0.9751306560789891,0.0017897181855191493,137325.00000000003
nominal,496.0,False,6,0.43366929333076015,0.0021720099472653013,28.5931392439953,380.9183860531129,0.0010292162160609904,1.9153618508426163e-06,2.4360358867700866e-05,0.0,0.9751057115616489,0.0018146627028593663,137324.99999999997
nominal,497.0,False,6,0.43366929333076015,0.0021720099472653013,28.5931392439953,409.5115252971106,0.001029189887324071,1.941690587762087e-06,2.4360358867700866e-05,0.0,0.9750807670443088,0.0018396072201995967,137324.99999999997
nominal,498.0,False,6,0.43366929333076015,0.0021720099472653013,28.5931392439953,438.1046645411083,0.0010291635585871516,1.9680193246815573e-06,2.4360358867700866e-05,0.0,0.9750558225269684,0.0018645517375398266,137325.00000000003
nominal,499.0,False,6,0.43366929333076015,0.0021720099472653013,28.5931392439953,466.69780378510603,0.0010291372298502322,1.9943480616010278e-06,2.4360358867700866e-05,0.0,0.9750308780096283,0.0018894962548800572,137325.00000000003
nominal,500.0,False,6,0.43366929333076015,0.0021720099472653013,28.5931392439953,495.29094302910374,0.0010291109011133126,2.0206767985204982e-06,2.4360358867700866e-05,0.0,0.9750059334922879,0.0019144407722202876,137325.00000000003
nominal,501.0,False,6,0.43366929333076015,0.0021720099472653013,28.5931392439953,523.8840822730991,0.001029084572376393,2.0470055354399687e-06,2.4360358867700866e-05,0.0,0.9749809889749478,0.0019393852895605184,137324.99999999997
nominal,502.0,False,6,0.43366929333076015,0.0021720099472653013,28.5931392439953,552.4772215170912,0.0010290582436394736,2.073334272359439e-06,2.4360358867700866e-05,0.0,0.9749560444576076,0.001964329806900749,137324.99999999997
nominal,503.0,False,6,0.43366929333076015,0.0021720099472653013,28.5931392439953,581.0703607610832,0.0010290319149025542,2.0996630092789097e-06,2.4360358867700866e-05,0.0,0.9749310999402673,0.0019892743242409788,137325.00000000003
nominal,504.0,False,6,0.43366929333076015,0.0021720099472653013,28.5931392439953,609.6635000050752,0.0010290055861656348,2.12599174619838e-06,2.4360358867700866e-05,0.0,0.9749061554229271,0.002014218841581209,137325.00000000003
nominal,505.0,False,6,0.43366929333076015,0.0021720099472653013,28.5931392439953,638.2566392490672,0.0010289792574287155,2.1523204831178507e-06,2.4360358867700866e-05,0.0,0.974881210905587,0.0020391633589214395,137325.00000000003
nominal,506.0,False,6,0.43366929333076015,0.0021720099472653013,28.5931392439953,666.8497784930593,0.0010289529286917956,2.178649220037321e-06,2.4360358867700866e-05,0.0,0.9748562663882466,0.0020641078762616703,137324.99999999997
nominal,507.0,False,6,0.43366929333076015,0.0021720099472653013,28.5931392439953,695.4429177370513,0.0010289265999548762,2.2049779569567916e-06,2.4360358867700866e-05,0.0,0.9748313218709064,0.0020890523936019007,137324.99999999997
nominal,508.0,False,6,0.43366929333076015,0.0021720099472653013,28.5931392439953,724.0360569810433,0.0010289002712179569,2.231306693876262e-06,2.4360358867700866e-05,0.0,0.9748063773535661,0.002113996910942131,137325.00000000003
nominal,509.0,False,6,0.43366929333076015,0.0021720099472653013,28.5931392439953,752.6291962250353,0.0010288739424810375,2.2576354307957326e-06,2.4360358867700866e-05,0.0,0.9747814328362259,0.0021389414282823615,137325.00000000003
nominal,510.0,False,6,0.43366929333076015,0.0021720099472653013,28.5931392439953,781.2223354690274,0.001028847613744118,2.283964167715203e-06,2.4360358867700866e-05,0.0,0.9747564883188857,0.002163885945622592,137325.00000000003
nominal,511.0,False,6,0.43366929333076015,0.0021720099472653013,28.5931392439953,809.8154747130194,0.0010288212850071983,2.3102929046346736e-06,2.4360358867700866e-05,0.0,0.9747315438015454,0.0021888304629628227,137324.99999999997
nominal,512.0,False,6,0.43366929333076015,0.0021720099472653013,28.5931392439953,838.4086139570114,0.0010287949562702789,2.336621641554144e-06,2.4360358867700866e-05,0.0,0.9747065992842052,0.002213774980303053,137324.99999999997
nominal,513.0,False,6,0.43366929333076015,0.0021720099472653013,28.5931392439953,867.0017532010035,0.0010287686275333595,2.3629503784736145e-06,2.4360358867700866e-05,0.0,0.9746816547668651,0.0022387194976432835,137324.99999999997
nominal,514.0,False,6,0.43366929333076015,0.0021720099472653013,28.5931392439953,895.5948924449955,0.00102874229879644,2.389279115393085e-06,2.4360358867700866e-05,0.0,0.9746567102495247,0.0022636640149835134,137325.00000000003
nominal,515.0,False,6,0.43366929333076015,0.0021720099472653013,28.5931392439953,924.1880316889875,0.0010287159700595207,2.4156078523125555e-06,2.4360358867700866e-05,0.0,0.9746317657321846,0.002288608532323744,137325.00000000003
nominal,516.0,False,6,0.43366929333076015,0.0021720099472653013,28.5931392439953,952.7811709329795,0.001028689641322601,2.441936589232026e-06,2.4360358867700866e-05,0.0,0.9746068212148442,0.002313553049663974,137325.00000000003
nominal,517.0,False,6,0.43366929333076015,0.0021720099472653013,28.5931392439953,981.3743101769716,0.0010286633125856815,2.4682653261514964e-06,2.4360358867700866e-05,0.0,0.9745818766975041,0.002338497567004205,137324.99999999997
nominal,518.0,False,6,0.43366929333076015,0.0021720099472653013,28.5931392439953,1009.9674494209636,0.001028636983848762,2.494594063070967e-06,2.4360358867700866e-05,0.0,0.9745569321801639,0.002363442084344436,137324.99999999997
nominal,519.0,False,6,0.43366929333076015,0.0021720099472653013,28.5931392439953,1038.5605886649614,0.0010286106551118427,2.5209227999904374e-06,2.4360358867700866e-05,0.0,0.9745319876628236,0.002388386601684666,137325.00000000003
nominal,520.0,False,6,0.43366929333076015,0.0021720099472653013,28.5931392439953,1067.1537279089648,0.0010285843263749233,2.547251536909908e-06,2.4360358867700866e-05,0.0,0.9745070431454834,0.002413331119024896,137325.00000000003
nominal,521.0,False,6,0.43366929333076015,0.0021720099472653013,28.5931392439953,1095.7468671529682,0.0010285579976380037,2.5735802738293784e-06,2.4360358867700866e-05,0.0,0.9744820986281433,0.002438275636365127,137324.99999999997
nominal,522.0,False,6,0.43366929333076015,0.0021720099472653013,28.5931392439953,1124.3400063969716,0.0010285316689010843,2.599909010748849e-06,2.4360358867700866e-05,0.0,0.9744571541108029,0.002463220153705357,137325.00000000003
nominal,523.0,False,6,0.43366929333076015,0.0021720099472653013,28.5931392439953,1152.933145640975,0.0010285053401641647,2.6262377476683193e-06,2.4360358867700866e-05,0.0,0.9744322095934628,0.0024881646710455878,137324.99999999997
nominal,524.0,False,6,0.43366929333076015,0.0021720099472653013,28.5931392439953,1181.5262848849784,0.0010284790114272453,2.65256648458779e-06,2.4360358867700866e-05,0.0,0.9744072650761224,0.0025131091883858177,137325.00000000003
nominal,525.0,False,6,0.43366929333076015,0.0021720099472653013,28.5931392439953,1210.1194241289818,0.001028452682690326,2.6788952215072603e-06,2.4360358867700866e-05,0.0,0.9743823205587823,0.002538053705726048,137325.00000000003
nominal,526.0,False,6,0.43366929333076015,0.0021720099472653013,28.5931392439953,1238.7125633729852,0.0010284263539534063,2.705223958426731e-06,2.4360358867700866e-05,0.0,0.9743573760414421,0.002562998223066279,137324.99999999997
nominal,527.0,False,6,0.43366929333076015,0.0021720099472653013,28.5931392439953,1267.3057026169886,0.001028400025216487,2.7315526953462013e-06,2.4360358867700866e-05,0.0,0.9743324315241018,0.002587942740406509,137325.00000000003
nominal,528.0,False,6,0.43366929333076015,0.0021720099472653013,28.5931392439953,1295.898841860992,0.0010283736964795676,2.7578814322656718e-06,2.4360358867700866e-05,0.0,0.9743074870067616,0.0026128872577467393,137325.00000000003
nominal,529.0,False,6,0.43366929333076015,0.0021720099472653013,28.5931392439953,1324.4919811049954,0.001028347367742648,2.7842101691851422e-06,2.4360358867700866e-05,0.0,0.9742825424894214,0.0026378317750869705,137324.99999999997
nominal,530.0,False,6,0.43366929333076015,0.0021720099472653013,28.5931392439953,1353.0851203489988,0.0010283210390057283,2.8105389061046127e-06,2.4360358867700866e-05,0.0,0.974257597972081,0.002662776292427201,137324.99999999997
nominal,531.0,False,6,0.43366929333076015,0.0021720099472653013,28.5931392439953,1381.6782595930022,0.001028294710268809,2.836867643024083e-06,2.4360358867700866e-05,0.0,0.9742326534547409,0.0026877208097674313,137324.99999999997
nominal,532.0,False,6,0.43366929333076015,0.0021720099472653013,28.5931392439953,1410.2713988370056,0.0010282683815318896,2.8631963799435537e-06,2.4360358867700866e-05,0.0,0.9742077089374005,0.0027126653271076612,137325.00000000003
nominal,533.0,False,6,0.43366929333076015,0.0021720099472653013,28.5931392439953,1438.864538081009,0.0010282420527949702,2.889525116863024e-06,2.4360358867700866e-05,0.0,0.9741827644200604,0.0027376098444478916,137325.00000000003
nominal,534.0,False,6,0.43366929333076015,0.0021720099472653013,28.5931392439953,1467.4576773250124,0.0010282157240580508,2.9158538537824946e-06,2.4360358867700866e-05,0.0,0.9741578199027202,0.002762554361788122,137325.00000000003
nominal,535.0,False,6,0.43366929333076015,0.0021720099472653013,28.5931392439953,1496.0508165690158,0.001028189395321131,2.942182590701965e-06,2.4360358867700866e-05,0.0,0.9741328753853798,0.002787498879128353,137324.99999999997
nominal,536.0,False,6,0.43366929333076015,0.0021720099472653013,28.5931392439953,1524.6439558130191,0.0010281630665842116,2.9685113276214356e-06,2.4360358867700866e-05,0.0,0.9741079308680397,0.002812443396468583,137324.99999999997
nominal,537.0,False,6,0.43366929333076015,0.0021720099472653013,28.5931392439953,1553.2370950570225,0.0010281367378472922,2.994840064540906e-06,2.4360358867700866e-05,0.0,0.9740829863506996,0.0028373879138088136,137324.99999999997
nominal,538.0,False,6,0.43366929333076015,0.0021720099472653013,28.5931392439953,1581.830234301026,0.0010281104091103728,3.0211688014603766e-06,2.4360358867700866e-05,0.0,0.9740580418333592,0.0028623324311490435,137325.00000000003
nominal,539.0,False,6,0.43366929333076015,0.0021720099472653013,28.5931392439953,1610.4233735450293,0.0010280840803734534,3.047497538379847e-06,2.4360358867700866e-05,0.0,0.9740330973160191,0.002887276948489274,137325.00000000003
nominal,540.0,False,6,0.43366929333076015,0.0021720099472653013,28.5931392439953,1639.0165127890327,0.0010280577516365336,3.0738262752993175e-06,2.4360358867700866e-05,0.0,0.9740081527986787,0.002912221465829505,137324.99999999997
nominal,541.0,False,6,0.43366929333076015,0.0021720099472653013,28.5931392439953,1667.6096520330361,0.0010280314228996142,3.100155012218788e-06,2.4360358867700866e-05,0.0,0.9739832082813386,0.0029371659831697356,137324.99999999997
nominal,542.0,False,6,0.43366929333076015,0.0021720099472653013,28.5931392439953,1696.2027912770395,0.0010280050941626948,3.1264837491382585e-06,2.4360358867700866e-05,0.0,0.9739582637639984,0.002962110500509966,137324.99999999997
nominal,543.0,False,6,0.43366929333076015,0.0021720099472653013,28.5931392439953,1724.795930521043,0.0010279787654257754,3.152812486057729e-06,2.4360358867700866e-05,0.0,0.973933319246658,0.002987055017850196,137325.00000000003
nominal,544.0,False,6,0.43366929333076015,0.0021720099472653013,28.5931392439953,1753.3890697650463,0.001027952436688856,3.1791412229771995e-06,2.4360358867700866e-05,0.0,0.9739083747293179,0.0030119995351904263,137325.00000000003
nominal,545.0,False,6,0.43366929333076015,0.0021720099472653013,28.5931392439953,1781.9822090090497,0.0010279261079519364,3.20546995989667e-06,2.4360358867700866e-05,0.0,0.9738834302119778,0.003036944052530657,137324.99999999997
nominal,546.0,False,6,0.43366929333076015,0.0021720099472653013,28.5931392439953,1810.575348253053,0.0010278997792150168,3.2317986968161404e-06,2.4360358867700866e-05,0.0,0.9738584856946374,0.0030618885698708875,137324.99999999997
nominal,547.0,False,6,0.43366929333076015,0.0021720099472653013,28.5931392439953,1839.1684874970565,0.0010278734504780974,3.258127433735611e-06,2.4360358867700866e-05,0.0,0.9738335411772973,0.003086833087211118,137324.99999999997
nominal,548.0,False,6,0.43366929333076015,0.0021720099472653013,28.5931392439953,1867.76162674106,0.001027847121741178,3.2844561706550814e-06,2.4360358867700866e-05,0.0,0.9738085966599569,0.003111777604551348,137325.00000000003
nominal,549.0,False,6,0.43366929333076015,0.0021720099472653013,28.5931392439953,1896.3547659850633,0.0010278207930042584,3.310784907574552e-06,2.4360358867700866e-05,0.0,0.9737836521426168,0.003136722121891579,137324.99999999997
nominal,550.0,False,6,0.43366929333076015,0.0021720099472653013,28.5931392439953,1924.9479052290667,0.001027794464267339,3.3371136444940224e-06,2.4360358867700866e-05,0.0,0.9737587076252765,0.0031616666392318095,137324.99999999997
nominal,551.0,False,6,0.43366929333076015,0.0021720099472653013,28.5931392439953,1953.54104447307,0.0010277681355304197,3.363442381413493e-06,2.4360358867700866e-05,0.0,0.9737337631079362,0.003186611156572039,137325.00000000003
nominal,552.0,False,6,0.43366929333076015,0.0021720099472653013,28.5931392439953,1982.1341837170735,0.0010277418067935,3.3897711183329633e-06,2.4360358867700866e-05,0.0,0.973708818590596,0.0032115556739122702,137324.99999999997
nominal,553.0,False,6,0.43366929333076015,0.0021720099472653013,28.5931392439953,2010.7273229610769,0.0010277154780565807,3.416099855252434e-06,2.4360358867700866e-05,0.0,0.9736838740732559,0.0032365001912525006,137324.99999999997
nominal,554.0,False,6,0.43366929333076015,0.0021720099472653013,28.5931392439953,2039.3204622050803,0.0010276891493196613,3.4424285921719043e-06,2.4360358867700866e-05,0.0,0.9736589295559155,0.0032614447085927306,137325.00000000003
nominal,555.0,False,6,0.43366929333076015,0.0021720099472653013,28.5931392439953,2067.9136014490837,0.0010276628205827417,3.4687573290913748e-06,2.4360358867700866e-05,0.0,0.9736339850385753,0.0032863892259329614,137324.99999999997
nominal,556.0,False,6,0.43366929333076015,0.0021720099472653013,28.5931392439953,2096.506740693087,0.0010276364918458223,3.4950860660108453e-06,2.4360358867700866e-05,0.0,0.973609040521235,0.0033113337432731913,137325.00000000003
nominal,557.0,False,6,0.43366929333076015,0.0021720099472653013,28.5931392439953,2125.0998799370905,0.0010276101631089029,3.5214148029303157e-06,2.4360358867700866e-05,0.0,0.9735840960038948,0.0033362782606134217,137325.00000000003
nominal,558.0,False,6,0.43366929333076015,0.0021720099472653013,28.5931392439953,2153.693019181094,0.0010275838343719833,3.5477435398497862e-06,2.4360358867700866e-05,0.0,0.9735591514865547,0.003361222777953653,137324.99999999997
nominal,559.0,False,6,0.43366929333076015,0.0021720099472653013,28.5931392439953,2182.2861584250973,0.0010275575056350639,3.5740722767692567e-06,2.4360358867700866e-05,0.0,0.9735342069692143,0.0033861672952938825,137325.00000000003
nominal,560.0,False,6,0.43366929333076015,0.0021720099472653013,28.5931392439953,2210.8792976691007,0.0010275311768981445,3.600401013688727e-06,2.4360358867700866e-05,0.0,0.9735092624518742,0.003411111812634113,137325.00000000003
nominal,561.0,False,6,0.43366929333076015,0.0021720099472653013,28.5931392439953,2239.472436913104,0.001027504848161225,3.6267297506081977e-06,2.4360358867700866e-05,0.0,0.973484317934534,0.003436056329974344,137324.99999999997
nominal,562.0,False,6,0.43366929333076015,0.0021720099472653013,28.5931392439953,2268.0655761571074,0.0010274785194243055,3.653058487527668e-06,2.4360358867700866e-05,0.0,0.9734593734171937,0.0034610008473145736,137325.00000000003
nominal,563.0,False,6,0.43366929333076015,0.0021720099472653013,28.5931392439953,2296.658715401111,0.0010274521906873861,3.6793872244471386e-06,2.4360358867700866e-05,0.0,0.9734344288998535,0.003485945364654804,137325.00000000003
nominal,564.0,False,7,0.4093198006538778,0.0021676558550718663,28.535820370053294,25.096538096462695,0.0010309060966344138,1.5932571125483479e-06,2.299258303257181e-05,0.0,0.976706747547371,0.0015094924527889974,137324.99999999997
nominal,565.0,False,7,0.4333086371577256,0.0021719454559739073,28.592290256872946,53.6759871891455,0.0010295322510798656,1.6195858494677972e-06,2.4340099850200466e-05,0.0,0.9754051312046257,0.001534436970129208,137324.99999999994
nominal,566.0,False,7,0.43366395141760994,0.0021720089920428394,28.59312666909485,82.26892365940563,0.0010294859633949306,1.6459145863872465e-06,2.4360058798216168e-05,0.0,0.9753612770705272,0.0015593814874694176,137325.00000000003
nominal,567.0,False,7,0.4336692142082107,0.0021720099331168806,28.593139057740277,110.86205989998723,0.0010294593390330505,1.6722433233066958e-06,2.4360354423176595e-05,0.0,0.9753360524705545,0.0015843260048096287,137324.99999999994
nominal,568.0,False,7,0.4336692921588254,0.00217200994705574,28.59313924123656,139.45519909949707,0.0010294330059174377,1.698572060226145e-06,2.4360358801870167e-05,0.0,0.9753111038047283,0.0016092705221498387,137324.99999999997
nominal,569.0,False,7,0.4336692933134026,0.0021720099472621974,28.59313924395444,168.04833834283338,0.0010294066771156627,1.7249007971455944e-06,2.4360358866725843e-05,0.0,0.975286159225942,0.0016342150394900487,137325.00000000003
nominal,570.0,False,7,0.43366929333050364,0.0021720099472652557,28.5931392439947,196.64147758681898,0.0010293803483777824,1.7512295340650437e-06,2.4360358867686456e-05,0.0,0.9752612147076918,0.0016591595568302595,137324.99999999997
nominal,571.0,False,7,0.4336692933307571,0.002172009947265301,28.593139243995296,225.23461683081385,0.0010293540196408487,1.777558270984493e-06,2.4360358867700693e-05,0.0,0.9752362701903381,0.0016841040741704697,137324.99999999997
nominal,572.0,False,7,0.43366929333076015,0.0021720099472653013,28.5931392439953,253.82775607480872,0.0010293276909039291,1.8038870079039423e-06,2.4360358867700866e-05,0.0,0.9752113256729977,0.0017090485915106802,137324.99999999997
nominal,573.0,False,7,0.43366929333076015,0.0021720099472653013,28.5931392439953,282.42089531880623,0.0010293013621670098,1.8302157448233916e-06,2.4360358867700866e-05,0.0,0.9751863811556574,0.0017339931088508902,137325.00000000003
nominal,574.0,False,7,0.43366929333076015,0.0021720099472653013,28.5931392439953,311.01403456280394,0.0010292750334300904,1.856544481742841e-06,2.4360358867700866e-05,0.0,0.9751614366383172,0.0017589376261911006,137325.00000000003
nominal,575.0,False,7,0.43366929333076015,0.0021720099472653013,28.5931392439953,339.60717380680165,0.0010292487046931708,1.8828732186622902e-06,2.4360358867700866e-05,0.0,0.975136492120977,0.0017838821435313113,137324.99999999997
nominal,576.0,False,7,0.43366929333076015,0.0021720099472653013,28.5931392439953,368.20031305079937,0.0010292223759562514,1.9092019555817412e-06,2.4360358867700866e-05,0.0,0.9751115476036367,0.0018088266608715228,137325.00000000003
nominal,577.0,False,7,0.43366929333076015,0.0021720099472653013,28.5931392439953,396.7934522947971,0.001029196047219332,1.9355306925012117e-06,2.4360358867700866e-05,0.0,0.9750866030862965,0.0018337711782117534,137325.00000000003
nominal,578.0,False,7,0.43366929333076015,0.0021720099472653013,28.5931392439953,425.3865915387948,0.0010291697184824124,1.961859429420682e-06,2.4360358867700866e-05,0.0,0.9750616585689563,0.001858715695551984,137324.99999999997
nominal,579.0,False,7,0.43366929333076015,0.0021720099472653013,28.5931392439953,453.9797307827925,0.001029143389745493,1.9881881663401527e-06,2.4360358867700866e-05,0.0,0.975036714051616,0.0018836602128922142,137325.00000000003
nominal,580.0,False,7,0.43366929333076015,0.0021720099472653013,28.5931392439953,482.5728700267902,0.0010291170610085736,2.014516903259623e-06,2.4360358867700866e-05,0.0,0.9750117695342758,0.0019086047302324446,137325.00000000003
nominal,581.0,False,7,0.43366929333076015,0.0021720099472653013,28.5931392439953,511.1660092707879,0.001029090732271654,2.0408456401790937e-06,2.4360358867700866e-05,0.0,0.9749868250169357,0.0019335492475726754,137324.99999999997
nominal,582.0,False,7,0.43366929333076015,0.0021720099472653013,28.5931392439953,539.7591485147801,0.0010290644035347346,2.067174377098564e-06,2.4360358867700866e-05,0.0,0.9749618804995953,0.0019584937649129055,137325.00000000003
nominal,583.0,False,7,0.43366929333076015,0.0021720099472653013,28.5931392439953,568.3522877587721,0.0010290380747978152,2.0935031140180346e-06,2.4360358867700866e-05,0.0,0.9749369359822552,0.001983438282253136,137325.00000000003
nominal,584.0,False,7,0.43366929333076015,0.0021720099472653013,28.5931392439953,596.9454270027642,0.0010290117460608956,2.119831850937505e-06,2.4360358867700866e-05,0.0,0.9749119914649148,0.0020083827995933663,137325.00000000003
nominal,585.0,False,7,0.43366929333076015,0.0021720099472653013,28.5931392439953,625.5385662467562,0.0010289854173239762,2.1461605878569756e-06,2.4360358867700866e-05,0.0,0.9748870469475747,0.0020333273169335967,137325.00000000003
nominal,586.0,False,7,0.43366929333076015,0.0021720099472653013,28.5931392439953,654.1317054907482,0.0010289590885870568,2.172489324776446e-06,2.4360358867700866e-05,0.0,0.9748621024302345,0.002058271834273827,137325.00000000003
nominal,587.0,False,7,0.43366929333076015,0.0021720099472653013,28.5931392439953,682.7248447347403,0.001028932759850137,2.1988180616959166e-06,2.4360358867700866e-05,0.0,0.9748371579128942,0.002083216351614058,137324.99999999997
nominal,588.0,False,7,0.43366929333076015,0.0021720099472653013,28.5931392439953,711.3179839787323,0.0010289064311132178,2.225146798615387e-06,2.4360358867700866e-05,0.0,0.974812213395554,0.002108160868954288,137325.00000000003
nominal,589.0,False,7,0.43366929333076015,0.0021720099472653013,28.5931392439953,739.9111232227243,0.0010288801023762984,2.2514755355348575e-06,2.4360358867700866e-05,0.0,0.9747872688782139,0.0021331053862945182,137325.00000000003
nominal,590.0,False,7,0.43366929333076015,0.0021720099472653013,28.5931392439953,768.5042624667163,0.0010288537736393788,2.277804272454328e-06,2.4360358867700866e-05,0.0,0.9747623243608735,0.0021580499036347486,137325.00000000003
nominal,591.0,False,7,0.43366929333076015,0.0021720099472653013,28.5931392439953,797.0974017107084,0.0010288274449024594,2.3041330093737985e-06,2.4360358867700866e-05,0.0,0.9747373798435334,0.002182994420974979,137325.00000000003
nominal,592.0,False,7,0.43366929333076015,0.0021720099472653013,28.5931392439953,825.6905409547004,0.0010288011161655396,2.330461746293269e-06,2.4360358867700866e-05,0.0,0.974712435326193,0.0022079389383152103,137324.99999999997
nominal,593.0,False,7,0.43366929333076015,0.0021720099472653013,28.5931392439953,854.2836801986924,0.0010287747874286202,2.3567904832127394e-06,2.4360358867700866e-05,0.0,0.9746874908088529,0.0022328834556554406,137324.99999999997
nominal,594.0,False,7,0.43366929333076015,0.0021720099472653013,28.5931392439953,882.8768194426845,0.001028748458691701,2.38311922013221e-06,2.4360358867700866e-05,0.0,0.9746625462915127,0.0022578279729956706,137325.00000000003
nominal,595.0,False,7,0.43366929333076015,0.0021720099472653013,28.5931392439953,911.4699586866765,0.0010287221299547817,2.4094479570516804e-06,2.4360358867700866e-05,0.0,0.9746376017741724,0.0022827724903359005,137325.00000000003
nominal,596.0,False,7,0.43366929333076015,0.0021720099472653013,28.5931392439953,940.0630979306685,0.001028695801217862,2.435776693971151e-06,2.4360358867700866e-05,0.0,0.9746126572568322,0.0023077170076761314,137325.00000000003
nominal,597.0,False,7,0.43366929333076015,0.0021720099472653013,28.5931392439953,968.6562371746605,0.0010286694724809425,2.4621054308906214e-06,2.4360358867700866e-05,0.0,0.974587712739492,0.002332661525016362,137324.99999999997
nominal,598.0,False,7,0.43366929333076015,0.0021720099472653013,28.5931392439953,997.2493764186526,0.0010286431437440229,2.488434167810092e-06,2.4360358867700866e-05,0.0,0.9745627682221516,0.0023576060423565926,137324.99999999997
nominal,599.0,False,7,0.43366929333076015,0.0021720099472653013,28.5931392439953,1025.8425156626454,0.0010286168150071035,2.5147629047295623e-06,2.4360358867700866e-05,0.0,0.9745378237048115,0.002382550559696823,137324.99999999997
nominal,600.0,False,7,0.43366929333076015,0.0021720099472653013,28.5931392439953,1054.4356549066488,0.0010285904862701843,2.541091641649033e-06,2.4360358867700866e-05,0.0,0.9745128791874711,0.0024074950770370525,137325.00000000003
nominal,601.0,False,7,0.43366929333076015,0.0021720099472653013,28.5931392439953,1083.0287941506522,0.0010285641575332645,2.5674203785685033e-06,2.4360358867700866e-05,0.0,0.974487934670131,0.002432439594377284,137324.99999999997
nominal,602.0,False,7,0.43366929333076015,0.0021720099472653013,28.5931392439953,1111.6219333946556,0.001028537828796345,2.593749115487974e-06,2.4360358867700866e-05,0.0,0.9744629901527908,0.0024573841117175145,137324.99999999997
nominal,603.0,False,7,0.43366929333076015,0.0021720099472653013,28.5931392439953,1140.215072638659,0.0010285115000594257,2.6200778524074443e-06,2.4360358867700866e-05,0.0,0.9744380456354504,0.0024823286290577445,137325.00000000003
nominal,604.0,False,7,0.43366929333076015,0.0021720099472653013,28.5931392439953,1168.8082118826624,0.001028485171322506,2.6464065893269148e-06,2.4360358867700866e-05,0.0,0.9744131011181103,0.0025072731463979753,137324.99999999997
nominal,605.0,False,7,0.43366929333076015,0.0021720099472653013,28.5931392439953,1197.4013511266658,0.0010284588425855867,2.6727353262463852e-06,2.4360358867700866e-05,0.0,0.9743881566007702,0.0025322176637382057,137324.99999999997
nominal,606.0,False,7,0.43366929333076015,0.0021720099472653013,28.5931392439953,1225.9944903706692,0.0010284325138486673,2.6990640631658557e-06,2.4360358867700866e-05,0.0,0.9743632120834298,0.0025571621810784356,137325.00000000003
nominal,607.0,False,7,0.43366929333076015,0.0021720099472653013,28.5931392439953,1254.5876296146726,0.0010284061851117477,2.725392800085326e-06,2.4360358867700866e-05,0.0,0.9743382675660897,0.0025821066984186665,137324.99999999997
nominal,608.0,False,7,0.43366929333076015,0.0021720099472653013,28.5931392439953,1283.180768858676,0.0010283798563748283,2.7517215370047967e-06,2.4360358867700866e-05,0.0,0.9743133230487493,0.0026070512157588964,137325.00000000003
nominal,609.0,False,7,0.43366929333076015,0.0021720099472653013,28.5931392439953,1311.7739081026793,0.001028353527637909,2.778050273924267e-06,2.4360358867700866e-05,0.0,0.9742883785314091,0.002631995733099127,137325.00000000003
nominal,610.0,False,7,0.43366929333076015,0.0021720099472653013,28.5931392439953,1340.3670473466827,0.0010283271989009893,2.8043790108437376e-06,2.4360358867700866e-05,0.0,0.974263434014069,0.0026569402504393576,137324.99999999997
nominal,611.0,False,7,0.43366929333076015,0.0021720099472653013,28.5931392439953,1368.9601865906861,0.00102830087016407,2.830707747763208e-06,2.4360358867700866e-05,0.0,0.9742384894967286,0.0026818847677795876,137325.00000000003
nominal,612.0,False,7,0.43366929333076015,0.0021720099472653013,28.5931392439953,1397.5533258346895,0.0010282745414271505,2.8570364846826786e-06,2.4360358867700866e-05,0.0,0.9742135449793885,0.002706829285119818,137325.00000000003
nominal,613.0,False,7,0.43366929333076015,0.0021720099472653013,28.5931392439953,1426.146465078693,0.001028248212690231,2.883365221602149e-06,2.4360358867700866e-05,0.0,0.9741886004620484,0.002731773802460049,137324.99999999997
nominal,614.0,False,7,0.43366929333076015,0.0021720099472653013,28.5931392439953,1454.7396043226963,0.0010282218839533115,2.9096939585216196e-06,2.4360358867700866e-05,0.0,0.974163655944708,0.002756718319800279,137325.00000000003
nominal,615.0,False,7,0.43366929333076015,0.0021720099472653013,28.5931392439953,1483.3327435666997,0.0010281955552163922,2.93602269544109e-06,2.4360358867700866e-05,0.0,0.9741387114273679,0.0027816628371405095,137325.00000000003
nominal,616.0,False,7,0.43366929333076015,0.0021720099472653013,28.5931392439953,1511.9258828107031,0.0010281692264794725,2.9623514323605605e-06,2.4360358867700866e-05,0.0,0.9741137669100275,0.00280660735448074,137325.00000000003
nominal,617.0,False,7,0.43366929333076015,0.0021720099472653013,28.5931392439953,1540.5190220547065,0.0010281428977425532,2.988680169280031e-06,2.4360358867700866e-05,0.0,0.9740888223926873,0.0028315518718209703,137325.00000000003
nominal,618.0,False,7,0.43366929333076015,0.0021720099472653013,28.5931392439953,1569.11216129871,0.0010281165690056338,3.0150089061995015e-06,2.4360358867700866e-05,0.0,0.9740638778753471,0.0028564963891612007,137325.00000000003
nominal,619.0,False,7,0.43366929333076015,0.0021720099472653013,28.5931392439953,1597.7053005427133,0.0010280902402687142,3.041337643118972e-06,2.4360358867700866e-05,0.0,0.9740389333580068,0.002881440906501431,137325.00000000003
nominal,620.0,False,7,0.43366929333076015,0.0021720099472653013,28.5931392439953,1626.2984397867167,0.0010280639115317948,3.0676663800384425e-06,2.4360358867700866e-05,0.0,0.9740139888406666,0.0029063854238416615,137325.00000000003
nominal,621.0,False,7,0.43366929333076015,0.0021720099472653013,28.5931392439953,1654.89157903072,0.0010280375827948752,3.093995116957913e-06,2.4360358867700866e-05,0.0,0.9739890443233264,0.0029313299411818927,137324.99999999997
nominal,622.0,False,7,0.43366929333076015,0.0021720099472653013,28.5931392439953,1683.4847182747235,0.0010280112540579558,3.1203238538773834e-06,2.4360358867700866e-05,0.0,0.9739640998059861,0.0029562744585221222,137325.00000000003
nominal,623.0,False,7,0.43366929333076015,0.0021720099472653013,28.5931392439953,1712.077857518727,0.0010279849253210364,3.146652590796854e-06,2.4360358867700866e-05,0.0,0.9739391552886459,0.0029812189758623526,137325.00000000003
nominal,624.0,False,7,0.43366929333076015,0.0021720099472653013,28.5931392439953,1740.6709967627303,0.001027958596584117,3.1729813277163244e-06,2.4360358867700866e-05,0.0,0.9739142107713056,0.0030061634932025826,137325.00000000003
nominal,625.0,False,7,0.43366929333076015,0.0021720099472653013,28.5931392439953,1769.2641360067337,0.0010279322678471972,3.199310064635795e-06,2.4360358867700866e-05,0.0,0.9738892662539654,0.0030311080105428143,137324.99999999997
nominal,626.0,False,7,0.43366929333076015,0.0021720099472653013,28.5931392439953,1797.857275250737,0.0010279059391102778,3.2256388015552654e-06,2.4360358867700866e-05,0.0,0.9738643217366253,0.0030560525278830446,137324.99999999997
nominal,627.0,False,7,0.43366929333076015,0.0021720099472653013,28.5931392439953,1826.4504144947405,0.0010278796103733582,3.251967538474736e-06,2.4360358867700866e-05,0.0,0.9738393772192849,0.003080997045223275,137324.99999999997
nominal,628.0,False,7,0.43366929333076015,0.0021720099472653013,28.5931392439953,1855.0435537387439,0.001027853281636439,3.2782962753942063e-06,2.4360358867700866e-05,0.0,0.9738144327019448,0.003105941562563505,137325.00000000003
nominal,629.0,False,7,0.43366929333076015,0.0021720099472653013,28.5931392439953,1883.6366929827473,0.0010278269528995196,3.304625012313677e-06,2.4360358867700866e-05,0.0,0.9737894881846046,0.0031308860799037354,137325.00000000003
nominal,630.0,False,7,0.43366929333076015,0.0021720099472653013,28.5931392439953,1912.2298322267507,0.0010278006241625998,3.3309537492331473e-06,2.4360358867700866e-05,0.0,0.9737645436672643,0.003155830597243966,137324.99999999997
nominal,631.0,False,7,0.43366929333076015,0.0021720099472653013,28.5931392439953,1940.822971470754,0.0010277742954256804,3.3572824861526178e-06,2.4360358867700866e-05,0.0,0.9737395991499241,0.003180775114584197,137324.99999999997
nominal,632.0,False,7,0.43366929333076015,0.0021720099472653013,28.5931392439953,1969.4161107147575,0.001027747966688761,3.3836112230720883e-06,2.4360358867700866e-05,0.0,0.9737146546325838,0.0032057196319244265,137325.00000000003
nominal,633.0,False,7,0.43366929333076015,0.0021720099472653013,28.5931392439953,1998.0092499587608,0.0010277216379518414,3.4099399599915587e-06,2.4360358867700866e-05,0.0,0.9736897101152436,0.0032306641492646578,137324.99999999997
nominal,634.0,False,7,0.43366929333076015,0.0021720099472653013,28.5931392439953,2026.6023892027642,0.0010276953092149222,3.4362686969110292e-06,2.4360358867700866e-05,0.0,0.9736647655979035,0.0032556086666048873,137325.00000000003
nominal,635.0,False,7,0.43366929333076015,0.0021720099472653013,28.5931392439953,2055.1955284467676,0.0010276689804780026,3.4625974338304997e-06,2.4360358867700866e-05,0.0,0.9736398210805631,0.0032805531839451177,137325.00000000003
nominal,636.0,False,7,0.43366929333076015,0.0021720099472653013,28.5931392439953,2083.788667690771,0.001027642651741083,3.48892617074997e-06,2.4360358867700866e-05,0.0,0.973614876563223,0.003305497701285349,137324.99999999997
nominal,637.0,False,7,0.43366929333076015,0.0021720099472653013,28.5931392439953,2112.3818069347744,0.0010276163230041636,3.5152549076694407e-06,2.4360358867700866e-05,0.0,0.9735899320458828,0.0033304422186255793,137324.99999999997
nominal,638.0,False,7,0.43366929333076015,0.0021720099472653013,28.5931392439953,2140.974946178778,0.0010275899942672443,3.541583644588911e-06,2.4360358867700866e-05,0.0,0.9735649875285425,0.0033553867359658093,137325.00000000003
nominal,639.0,False,7,0.43366929333076015,0.0021720099472653013,28.5931392439953,2169.568085422781,0.0010275636655303246,3.5679123815083816e-06,2.4360358867700866e-05,0.0,0.9735400430112022,0.00338033125330604,137324.99999999997
nominal,640.0,False,7,0.43366929333076015,0.0021720099472653013,28.5931392439953,2198.1612246667846,0.0010275373367934053,3.594241118427852e-06,2.4360358867700866e-05,0.0,0.973515098493862,0.00340527577064627,137325.00000000003
nominal,641.0,False,7,0.43366929333076015,0.0021720099472653013,28.5931392439953,2226.754363910788,0.0010275110080564859,3.6205698553473226e-06,2.4360358867700866e-05,0.0,0.9734901539765217,0.0034302202879865004,137325.00000000003
nominal,642.0,False,7,0.43366929333076015,0.0021720099472653013,28.5931392439953,2255.3475031547914,0.0010274846793195663,3.646898592266793e-06,2.4360358867700866e-05,0.0,0.9734652094591816,0.0034551648053267317,137324.99999999997
nominal,643.0,False,7,0.43366929333076015,0.0021720099472653013,28.5931392439953,2283.940642398795,0.0010274583505826469,3.6732273291862636e-06,2.4360358867700866e-05,0.0,0.9734402649418412,0.003480109322666961,137325.00000000003
nominal,644.0,True,7,0.316382121092426,0.0021510370601579712,28.317044430450125,12.453029407831087,0.0010359358139939378,1.7840966641671145e-06,1.777202612142892e-05,0.0,0.9814720301461851,0.0016902987147496972,137324.99999999994
nominal,645.0,False,8,0.43126868219572045,0.0021715806782722567,28.587488188802524,40.959078365516625,0.00102965625681505,1.6101698159585761e-06,2.4225510148525436e-05,0.0,0.975522617403111,0.001525515979659161,137325.00000000003
nominal,646.0,False,8,0.4336337363178736,0.0021720035890830476,28.59305554254138,69.55086790050086,0.0010294970766910408,1.6364985528780254e-06,2.43583615356151e-05,0.0,0.9753718060909045,0.0015504604969993716,137324.99999999997
nominal,647.0,False,8,0.43366876667271653,0.002172009853090129,28.59313800423863,98.14398715307819,0.0010294687802058205,1.6628272897974747e-06,2.4360329283916307e-05,0.0,0.9753449972786012,0.0015754050143395814,137325.00000000003
nominal,648.0,False,8,0.433669285530086,0.002172009945870412,28.593139225632463,126.73712610096757,0.0010294424223233009,1.689156026716924e-06,2.4360358429516228e-05,0.0,0.9753200251479758,0.001600349531679792,137325.00000000003
nominal,649.0,False,8,0.43366929321521996,0.002172009947244641,28.59313924372332,155.3302653405771,0.0010294160931546869,1.7154847636363733e-06,2.4360358861210666e-05,0.0,0.9752950802216374,0.0016252940490200027,137324.99999999997
nominal,650.0,False,8,0.4336692933290496,0.0021720099472649955,28.593139243991274,183.92340458450732,0.0010293897644113733,1.7418135005558226e-06,2.436035886760478e-05,0.0,0.9752701356982392,0.0016502385663602131,137324.99999999997
nominal,651.0,False,8,0.4336692933307355,0.002172009947265297,28.593139243995243,212.51654382850165,0.0010293634356743592,1.768142237475272e-06,2.436035886769948e-05,0.0,0.9752451911808092,0.0016751830837004233,137324.99999999997
nominal,652.0,False,8,0.43366929333076015,0.0021720099472653013,28.5931392439953,241.10968307249652,0.0010293371069374382,1.7944709743947213e-06,2.4360358867700866e-05,0.0,0.9752202466634676,0.0017001276010406338,137324.99999999997
nominal,653.0,False,8,0.43366929333076015,0.0021720099472653013,28.5931392439953,269.70282231649276,0.0010293107782005189,1.8207997113141706e-06,2.4360358867700866e-05,0.0,0.9751953021461275,0.0017250721183808442,137324.99999999997
nominal,654.0,False,8,0.43366929333076015,0.0021720099472653013,28.5931392439953,298.29596156049047,0.0010292844494635995,1.8471284482336199e-06,2.4360358867700866e-05,0.0,0.9751703576287873,0.0017500166357210544,137324.99999999997
nominal,655.0,False,8,0.43366929333076015,0.0021720099472653013,28.5931392439953,326.8891008044882,0.00102925812072668,1.8734571851530692e-06,2.4360358867700866e-05,0.0,0.975145413111447,0.0017749611530612644,137325.00000000003
nominal,656.0,False,8,0.43366929333076015,0.0021720099472653013,28.5931392439953,355.4822400484859,0.0010292317919897607,1.8997859220725185e-06,2.4360358867700866e-05,0.0,0.9751204685941068,0.0017999056704014749,137325.00000000003
nominal,657.0,False,8,0.43366929333076015,0.0021720099472653013,28.5931392439953,384.0753792924836,0.0010292054632528413,1.926114658991983e-06,2.4360358867700866e-05,0.0,0.9750955240767667,0.0018248501877416994,137325.00000000003
nominal,658.0,False,8,0.43366929333076015,0.0021720099472653013,28.5931392439953,412.6685185364813,0.0010291791345159215,1.9524433959114533e-06,2.4360358867700866e-05,0.0,0.9750705795594263,0.0018497947050819302,137324.99999999997
nominal,659.0,False,8,0.43366929333076015,0.0021720099472653013,28.5931392439953,441.261657780479,0.001029152805779002,1.978772132830924e-06,2.4360358867700866e-05,0.0,0.9750456350420862,0.0018747392224221606,137324.99999999997
nominal,660.0,False,8,0.43366929333076015,0.0021720099472653013,28.5931392439953,469.85479702447674,0.0010291264770420827,2.0051008697503943e-06,2.4360358867700866e-05,0.0,0.975020690524746,0.0018996837397623912,137324.99999999997
nominal,661.0,False,8,0.43366929333076015,0.0021720099472653013,28.5931392439953,498.44793626847445,0.0010291001483051633,2.0314296066698648e-06,2.4360358867700866e-05,0.0,0.9749957460074057,0.0019246282571026212,137325.00000000003
nominal,662.0,False,8,0.43366929333076015,0.0021720099472653013,28.5931392439953,527.0410755124692,0.001029073819568244,2.0577583435893352e-06,2.4360358867700866e-05,0.0,0.9749708014900654,0.0019495727744428515,137325.00000000003
nominal,663.0,False,8,0.43366929333076015,0.0021720099472653013,28.5931392439953,555.6342147564612,0.001029047490831324,2.0840870805088057e-06,2.4360358867700866e-05,0.0,0.9749458569727251,0.0019745172917830824,137324.99999999997
nominal,664.0,False,8,0.43366929333076015,0.0021720099472653013,28.5931392439953,584.2273540004533,0.0010290211620944047,2.110415817428276e-06,2.4360358867700866e-05,0.0,0.9749209124553849,0.0019994618091233127,137324.99999999997
nominal,665.0,False,8,0.43366929333076015,0.0021720099472653013,28.5931392439953,612.8204932444453,0.0010289948333574853,2.1367445543477467e-06,2.4360358867700866e-05,0.0,0.9748959679380448,0.002024406326463543,137324.99999999997
nominal,666.0,False,8,0.43366929333076015,0.0021720099472653013,28.5931392439953,641.4136324884373,0.001028968504620566,2.163073291267217e-06,2.4360358867700866e-05,0.0,0.9748710234207044,0.002049350843803773,137325.00000000003
nominal,667.0,False,8,0.43366929333076015,0.0021720099472653013,28.5931392439953,670.0067717324293,0.0010289421758836465,2.1894020281866877e-06,2.4360358867700866e-05,0.0,0.9748460789033643,0.0020742953611440035,137325.00000000003
nominal,668.0,False,8,0.43366929333076015,0.0021720099472653013,28.5931392439953,698.5999109764214,0.001028915847146727,2.215730765106158e-06,2.4360358867700866e-05,0.0,0.9748211343860241,0.0020992398784842347,137324.99999999997
nominal,669.0,False,8,0.43366929333076015,0.0021720099472653013,28.5931392439953,727.1930502204134,0.0010288895184098073,2.2420595020256286e-06,2.4360358867700866e-05,0.0,0.9747961898686838,0.002124184395824465,137324.99999999997
nominal,670.0,False,8,0.43366929333076015,0.0021720099472653013,28.5931392439953,755.7861894644054,0.001028863189672888,2.268388238945099e-06,2.4360358867700866e-05,0.0,0.9747712453513436,0.0021491289131646955,137324.99999999997
nominal,671.0,False,8,0.43366929333076015,0.0021720099472653013,28.5931392439953,784.3793287083975,0.0010288368609359686,2.2947169758645696e-06,2.4360358867700866e-05,0.0,0.9747463008340033,0.0021740734305049254,137325.00000000003
nominal,672.0,False,8,0.43366929333076015,0.0021720099472653013,28.5931392439953,812.9724679523895,0.0010288105321990492,2.32104571278404e-06,2.4360358867700866e-05,0.0,0.9747213563166631,0.002199017947845156,137325.00000000003
nominal,673.0,False,8,0.43366929333076015,0.0021720099472653013,28.5931392439953,841.5656071963815,0.0010287842034621296,2.3473744497035105e-06,2.4360358867700866e-05,0.0,0.974696411799323,0.0022239624651853866,137324.99999999997
nominal,674.0,False,8,0.43366929333076015,0.0021720099472653013,28.5931392439953,870.1587464403735,0.0010287578747252102,2.373703186622981e-06,2.4360358867700866e-05,0.0,0.9746714672819826,0.0022489069825256166,137325.00000000003
nominal,675.0,False,8,0.43366929333076015,0.0021720099472653013,28.5931392439953,898.7518856843656,0.0010287315459882906,2.4000319235424515e-06,2.4360358867700866e-05,0.0,0.9746465227646425,0.0022738514998658474,137324.99999999997
nominal,676.0,False,8,0.43366929333076015,0.0021720099472653013,28.5931392439953,927.3450249283576,0.0010287052172513712,2.426360660461922e-06,2.4360358867700866e-05,0.0,0.9746215782473023,0.002298796017206078,137324.99999999997
nominal,677.0,False,8,0.43366929333076015,0.0021720099472653013,28.5931392439953,955.9381641723496,0.0010286788885144518,2.4526893973813925e-06,2.4360358867700866e-05,0.0,0.974596633729962,0.0023237405345463077,137325.00000000003
nominal,678.0,False,8,0.43366929333076015,0.0021720099472653013,28.5931392439953,984.5313034163416,0.0010286525597775322,2.479018134300863e-06,2.4360358867700866e-05,0.0,0.9745716892126218,0.002348685051886539,137324.99999999997
nominal,679.0,False,8,0.43366929333076015,0.0021720099472653013,28.5931392439953,1013.1244426603337,0.0010286262310406128,2.5053468712203334e-06,2.4360358867700866e-05,0.0,0.9745467446952815,0.002373629569226769,137325.00000000003
nominal,680.0,False,8,0.43366929333076015,0.0021720099472653013,28.5931392439953,1041.7175819043327,0.0010285999023036934,2.531675608139804e-06,2.4360358867700866e-05,0.0,0.9745218001779413,0.0023985740865669993,137325.00000000003
nominal,681.0,False,8,0.43366929333076015,0.0021720099472653013,28.5931392439953,1070.3107211483361,0.0010285735735667738,2.5580043450592744e-06,2.4360358867700866e-05,0.0,0.9744968556606012,0.00242351860390723,137324.99999999997
nominal,682.0,False,8,0.43366929333076015,0.0021720099472653013,28.5931392439953,1098.9038603923395,0.0010285472448298544,2.584333081978745e-06,2.4360358867700866e-05,0.0,0.9744719111432608,0.00244846312124746,137325.00000000003
nominal,683.0,False,8,0.43366929333076015,0.0021720099472653013,28.5931392439953,1127.496999636343,0.0010285209160929348,2.6106618188982154e-06,2.4360358867700866e-05,0.0,0.9744469666259206,0.002473407638587691,137324.99999999997
nominal,684.0,False,8,0.43366929333076015,0.0021720099472653013,28.5931392439953,1156.0901388803463,0.0010284945873560154,2.636990555817686e-06,2.4360358867700866e-05,0.0,0.9744220221085804,0.0024983521559279213,137324.99999999997
nominal,685.0,False,8,0.43366929333076015,0.0021720099472653013,28.5931392439953,1184.6832781243497,0.001028468258619096,2.6633192927371563e-06,2.4360358867700866e-05,0.0,0.9743970775912401,0.0025232966732681513,137325.00000000003
nominal,686.0,False,8,0.43366929333076015,0.0021720099472653013,28.5931392439953,1213.2764173683531,0.0010284419298821766,2.689648029656627e-06,2.4360358867700866e-05,0.0,0.9743721330738999,0.0025482411906083816,137325.00000000003
nominal,687.0,False,8,0.43366929333076015,0.0021720099472653013,28.5931392439953,1241.8695566123565,0.0010284156011452568,2.7159767665760973e-06,2.4360358867700866e-05,0.0,0.9743471885565596,0.0025731857079486125,137324.99999999997
nominal,688.0,False,8,0.43366929333076015,0.0021720099472653013,28.5931392439953,1270.46269585636,0.0010283892724083376,2.7423055034955678e-06,2.4360358867700866e-05,0.0,0.9743222440392194,0.0025981302252888424,137325.00000000003
nominal,689.0,False,8,0.43366929333076015,0.0021720099472653013,28.5931392439953,1299.0558351003633,0.001028362943671418,2.7686342404150383e-06,2.4360358867700866e-05,0.0,0.9742972995218793,0.0026230747426290737,137324.99999999997
nominal,690.0,False,8,0.43366929333076015,0.0021720099472653013,28.5931392439953,1327.6489743443667,0.0010283366149344986,2.7949629773345088e-06,2.4360358867700866e-05,0.0,0.9742723550045389,0.0026480192599693036,137325.00000000003
nominal,691.0,False,8,0.43366929333076015,0.0021720099472653013,28.5931392439953,1356.24211358837,0.0010283102861975793,2.8212917142539792e-06,2.4360358867700866e-05,0.0,0.9742474104871988,0.002672963777309534,137325.00000000003
nominal,692.0,False,8,0.43366929333076015,0.0021720099472653013,28.5931392439953,1384.8352528323735,0.0010282839574606594,2.8476204511734497e-06,2.4360358867700866e-05,0.0,0.9742224659698586,0.0026979082946497653,137324.99999999994
nominal,693.0,False,8,0.43366929333076015,0.0021720099472653013,28.5931392439953,1413.428392076377,0.00102825762872374,2.87394918809292e-06,2.4360358867700866e-05,0.0,0.9741975214525183,0.002722852811989995,137324.99999999997
nominal,694.0,False,8,0.43366929333076015,0.0021720099472653013,28.5931392439953,1442.0215313203803,0.0010282312999868209,2.9002779250123907e-06,2.4360358867700866e-05,0.0,0.9741725769351781,0.002747797329330225,137325.00000000003
nominal,695.0,False,8,0.43366929333076015,0.0021720099472653013,28.5931392439953,1470.6146705643837,0.0010282049712499015,2.926606661931861e-06,2.4360358867700866e-05,0.0,0.9741476324178377,0.002772741846670455,137325.00000000003
nominal,696.0,False,8,0.43366929333076015,0.0021720099472653013,28.5931392439953,1499.207809808387,0.0010281786425129819,2.9529353988513316e-06,2.4360358867700866e-05,0.0,0.9741226879004976,0.002797686364010686,137325.00000000003
nominal,697.0,False,8,0.43366929333076015,0.0021720099472653013,28.5931392439953,1527.8009490523905,0.0010281523137760623,2.979264135770802e-06,2.4360358867700866e-05,0.0,0.9740977433831575,0.0028226308813509167,137324.99999999997
nominal,698.0,False,8,0.43366929333076015,0.0021720099472653013,28.5931392439953,1556.3940882963939,0.0010281259850391427,3.0055928726902726e-06,2.4360358867700866e-05,0.0,0.9740727988658171,0.0028475753986911476,137324.99999999997
nominal,699.0,False,8,0.43366929333076015,0.0021720099472653013,28.5931392439953,1584.9872275403973,0.0010280996563022233,3.031921609609743e-06,2.4360358867700866e-05,0.0,0.974047854348477,0.002872519916031378,137324.99999999997
nominal,700.0,False,8,0.43366929333076015,0.0021720099472653013,28.5931392439953,1613.5803667844007,0.0010280733275653039,3.0582503465292136e-06,2.4360358867700866e-05,0.0,0.9740229098311368,0.0028974644333716083,137324.99999999997
nominal,701.0,False,8,0.43366929333076015,0.0021720099472653013,28.5931392439953,1642.173506028404,0.0010280469988283847,3.084579083448684e-06,2.4360358867700866e-05,0.0,0.9739979653137965,0.0029224089507118374,137325.00000000003
nominal,702.0,False,8,0.43366929333076015,0.0021720099472653013,28.5931392439953,1670.7666452724075,0.0010280206700914649,3.1109078203681545e-06,2.4360358867700866e-05,0.0,0.9739730207964563,0.002947353468052069,137324.99999999997
nominal,703.0,False,8,0.43366929333076015,0.0021720099472653013,28.5931392439953,1699.3597845164109,0.0010279943413545455,3.137236557287625e-06,2.4360358867700866e-05,0.0,0.973948076279116,0.002972297985392299,137325.00000000003
nominal,704.0,False,8,0.43366929333076015,0.0021720099472653013,28.5931392439953,1727.9529237604143,0.001027968012617626,3.1635652942070955e-06,2.4360358867700866e-05,0.0,0.9739231317617757,0.00299724250273253,137324.99999999997
nominal,705.0,False,8,0.43366929333076015,0.0021720099472653013,28.5931392439953,1756.5460630044176,0.0010279416838807065,3.189894031126566e-06,2.4360358867700866e-05,0.0,0.9738981872444356,0.0030221870200727603,137324.99999999997
nominal,706.0,False,8,0.43366929333076015,0.0021720099472653013,28.5931392439953,1785.139202248421,0.0010279153551437871,3.2162227680460365e-06,2.4360358867700866e-05,0.0,0.9738732427270952,0.00304713153741299,137325.00000000003
nominal,707.0,False,8,0.43366929333076015,0.0021720099472653013,28.5931392439953,1813.7323414924244,0.0010278890264068675,3.242551504965507e-06,2.4360358867700866e-05,0.0,0.973848298209755,0.003072076054753221,137324.99999999997
nominal,708.0,False,8,0.43366929333076015,0.0021720099472653013,28.5931392439953,1842.3254807364278,0.0010278626976699481,3.2688802418849774e-06,2.4360358867700866e-05,0.0,0.9738233536924149,0.003097020572093452,137324.99999999997
nominal,709.0,False,8,0.43366929333076015,0.0021720099472653013,28.5931392439953,1870.9186199804312,0.0010278363689330287,3.295208978804448e-06,2.4360358867700866e-05,0.0,0.9737984091750745,0.0031219650894336814,137325.00000000003
nominal,710.0,False,8,0.43366929333076015,0.0021720099472653013,28.5931392439953,1899.5117592244346,0.0010278100401961091,3.3215377157239184e-06,2.4360358867700866e-05,0.0,0.9737734646577344,0.0031469096067739126,137324.99999999997
nominal,711.0,False,8,0.43366929333076015,0.0021720099472653013,28.5931392439953,1928.104898468438,0.0010277837114591897,3.347866452643389e-06,2.4360358867700866e-05,0.0,0.973748520140394,0.003171854124114142,137325.00000000003
nominal,712.0,False,8,0.43366929333076015,0.0021720099472653013,28.5931392439953,1956.6980377124414,0.0010277573827222703,3.3741951895628594e-06,2.4360358867700866e-05,0.0,0.9737235756230539,0.0031967986414543725,137325.00000000003
nominal,713.0,False,8,0.43366929333076015,0.0021720099472653013,28.5931392439953,1985.2911769564448,0.0010277310539853507,3.40052392648233e-06,2.4360358867700866e-05,0.0,0.9736986311057138,0.0032217431587946038,137324.99999999997
nominal,714.0,False,8,0.43366929333076015,0.0021720099472653013,28.5931392439953,2013.8843162004482,0.0010277047252484313,3.4268526634018003e-06,2.4360358867700866e-05,0.0,0.9736736865883734,0.0032466876761348337,137325.00000000003
nominal,715.0,False,8,0.43366929333076015,0.0021720099472653013,28.5931392439953,2042.4774554444516,0.001027678396511512,3.453181400321271e-06,2.4360358867700866e-05,0.0,0.9736487420710332,0.003271632193475064,137325.00000000003
nominal,716.0,False,8,0.43366929333076015,0.0021720099472653013,28.5931392439953,2071.070594688455,0.0010276520677745924,3.4795101372407413e-06,2.4360358867700866e-05,0.0,0.9736237975536931,0.003296576710815295,137324.99999999997
nominal,717.0,False,8,0.43366929333076015,0.0021720099472653013,28.5931392439953,2099.6637339324584,0.001027625739037673,3.5058388741602118e-06,2.4360358867700866e-05,0.0,0.9735988530363527,0.003321521228155525,137325.00000000003
nominal,718.0,False,8,0.43366929333076015,0.0021720099472653013,28.5931392439953,2128.256873176462,0.0010275994103007536,3.5321676110796823e-06,2.4360358867700866e-05,0.0,0.9735739085190126,0.0033464657454957553,137325.00000000003
nominal,719.0,False,8,0.43366929333076015,0.0021720099472653013,28.5931392439953,2156.850012420465,0.001027573081563834,3.5584963479991527e-06,2.4360358867700866e-05,0.0,0.9735489640016722,0.0033714102628359856,137325.00000000003
nominal,720.0,False,8,0.43366929333076015,0.0021720099472653013,28.5931392439953,2185.4431516644686,0.0010275467528269146,3.5848250849186232e-06,2.4360358867700866e-05,0.0,0.9735240194843321,0.003396354780176216,137325.00000000003
nominal,721.0,False,8,0.43366929333076015,0.0021720099472653013,28.5931392439953,2214.036290908472,0.0010275204240899948,3.6111538218380937e-06,2.4360358867700866e-05,0.0,0.973499074966992,0.0034212992975164477,137324.99999999994
nominal,722.0,False,8,0.43366929333076015,0.0021720099472653013,28.5931392439953,2242.6294301524754,0.0010274940953530756,3.637482558757564e-06,2.4360358867700866e-05,0.0,0.9734741304496516,0.003446243814856677,137325.00000000003
nominal,723.0,False,8,0.43366929333076015,0.0021720099472653013,28.5931392439953,2271.222569396479,0.0010274677666161562,3.6638112956770347e-06,2.4360358867700866e-05,0.0,0.9734491859323114,0.003471188332196907,137325.00000000003
nominal,724.0,False,8,0.43366929333076015,0.0021720099472653013,28.5931392439953,2299.815708640482,0.0010274414378792368,3.690140032596505e-06,2.4360358867700866e-05,0.0,0.9734242414149713,0.0034961328495371376,137325.00000000003
nominal,725.0,False,9,0.4183493804041134,0.0021692704933406063,28.557076063152167,28.248378259190616,0.0010303926258578772,1.5995123529079378e-06,2.3499798568748813e-05,0.0,0.9762202722284753,0.0015154188271568354,137324.99999999997
nominal,726.0,False,9,0.4334423801362776,0.002171969371431472,28.592605088768213,56.832904102946216,0.001029518483140305,1.6258410898273871e-06,2.43476125494016e-05,0.0,0.9753920871072894,0.0015403633444970454,137325.00000000003
nominal,727.0,False,9,0.4336659323718522,0.002172009346270236,28.59313133227482,85.42591576826841,0.0010294795968790967,1.6521698267468364e-06,2.436017007369032e-05,0.0,0.9753552452709352,0.001565307861837256,137324.99999999997
nominal,728.0,False,9,0.4336692435494124,0.0021720099383635725,28.593139126809664,114.01905312261296,0.0010294530821445176,1.6784985636662857e-06,2.4360356071350014e-05,0.0,0.975330124534665,0.0015902523791774665,137324.99999999997
nominal,729.0,False,9,0.43366929259341697,0.0021720099471334523,28.593139242259593,142.6121923386195,0.001029426750652666,1.704827300585735e-06,2.4360358826282334e-05,0.0,0.9753051774072317,0.0016151968965176765,137325.00000000003
nominal,730.0,False,9,0.4336692933198396,0.002172009947263349,28.5931392439696,171.20533158220013,0.0010294004218749412,1.7311560375051843e-06,2.4360358867087428e-05,0.0,0.9752802328512316,0.001640141413857887,137324.99999999997
nominal,731.0,False,9,0.43366929333059906,0.0021720099472652727,28.593139243994923,199.79847082618937,0.0010293740931374173,1.7574847744246336e-06,2.4360358867691816e-05,0.0,0.9752552883333189,0.0016650859311980978,137324.99999999994
nominal,732.0,False,9,0.4336692933307585,0.0021720099472653013,28.5931392439953,228.39161007018424,0.0010293477644004892,1.783813511344083e-06,2.436035886770077e-05,0.0,0.9752303438159703,0.0016900304485383078,137324.99999999997
nominal,733.0,False,9,0.43366929333076015,0.0021720099472653013,28.5931392439953,256.9847493141792,0.0010293214356635696,1.8101422482635323e-06,2.4360358867700866e-05,0.0,0.9752053992986297,0.0017149749658785178,137325.00000000003
nominal,734.0,False,9,0.43366929333076015,0.0021720099472653013,28.5931392439953,285.57788855817694,0.0010292951069266502,1.8364709851829816e-06,2.4360358867700866e-05,0.0,0.9751804547812896,0.0017399194832187282,137325.00000000003
nominal,735.0,False,9,0.43366929333076015,0.0021720099472653013,28.5931392439953,314.17102780217465,0.0010292687781897308,1.8627997221024309e-06,2.4360358867700866e-05,0.0,0.9751555102639494,0.0017648640005589386,137325.00000000003
nominal,736.0,False,9,0.43366929333076015,0.0021720099472653013,28.5931392439953,342.76416704617236,0.001029242449452811,1.8891284590218802e-06,2.4360358867700866e-05,0.0,0.9751305657466093,0.0017898085178991497,137324.99999999994
nominal,737.0,False,9,0.43366929333076015,0.0021720099472653013,28.5931392439953,371.3573062901701,0.0010292161207158916,1.915457195941336e-06,2.4360358867700866e-05,0.0,0.9751056212292689,0.0018147530352393658,137324.99999999997
nominal,738.0,False,9,0.43366929333076015,0.0021720099472653013,28.5931392439953,399.9504455341678,0.0010291897919789724,1.9417859328608065e-06,2.4360358867700866e-05,0.0,0.9750806767119288,0.001839697552579596,137325.00000000003
nominal,739.0,False,9,0.43366929333076015,0.0021720099472653013,28.5931392439953,428.5435847781655,0.001029163463242053,1.968114669780277e-06,2.4360358867700866e-05,0.0,0.9750557321945884,0.001864642069919826,137325.00000000003
nominal,740.0,False,9,0.43366929333076015,0.0021720099472653013,28.5931392439953,457.1367240221632,0.0010291371345051334,1.9944434066997475e-06,2.4360358867700866e-05,0.0,0.9750307876772483,0.0018895865872600567,137325.00000000003
nominal,741.0,False,9,0.43366929333076015,0.0021720099472653013,28.5931392439953,485.7298632661609,0.0010291108057682138,2.020772143619218e-06,2.4360358867700866e-05,0.0,0.975005843159908,0.0019145311046002875,137324.99999999997
nominal,742.0,False,9,0.43366929333076015,0.0021720099472653013,28.5931392439953,514.3230025101582,0.0010290844770312942,2.0471008805386885e-06,2.4360358867700866e-05,0.0,0.9749808986425677,0.001939475621940518,137324.99999999997
nominal,743.0,False,9,0.43366929333076015,0.0021720099472653013,28.5931392439953,542.9161417541502,0.0010290581482943748,2.073429617458159e-06,2.4360358867700866e-05,0.0,0.9749559541252275,0.0019644201392807485,137324.99999999997
nominal,744.0,False,9,0.43366929333076015,0.0021720099472653013,28.5931392439953,571.5092809981422,0.0010290318195574557,2.0997583543776294e-06,2.4360358867700866e-05,0.0,0.9749310096078874,0.0019893646566209785,137325.00000000003
nominal,745.0,False,9,0.43366929333076015,0.0021720099472653013,28.5931392439953,600.1024202421343,0.0010290054908205363,2.1260870912971e-06,2.4360358867700866e-05,0.0,0.974906065090547,0.0020143091739612084,137325.00000000003
nominal,746.0,False,9,0.43366929333076015,0.0021720099472653013,28.5931392439953,628.6955594861263,0.0010289791620836165,2.1524158282165704e-06,2.4360358867700866e-05,0.0,0.9748811205732069,0.0020392536913014397,137324.99999999997
nominal,747.0,False,9,0.43366929333076015,0.0021720099472653013,28.5931392439953,657.2886987301183,0.001028952833346697,2.178744565136041e-06,2.4360358867700866e-05,0.0,0.9748561760558665,0.0020641982086416696,137325.00000000003
nominal,748.0,False,9,0.43366929333076015,0.0021720099472653013,28.5931392439953,685.8818379741103,0.0010289265046097775,2.2050733020555114e-06,2.4360358867700866e-05,0.0,0.9748312315385264,0.0020891427259819005,137324.99999999997
nominal,749.0,False,9,0.43366929333076015,0.0021720099472653013,28.5931392439953,714.4749772181024,0.001028900175872858,2.231402038974982e-06,2.4360358867700866e-05,0.0,0.9748062870211862,0.002114087243322131,137324.99999999997
nominal,750.0,False,9,0.43366929333076015,0.0021720099472653013,28.5931392439953,743.0681164620944,0.001028873847135939,2.2577307758944523e-06,2.4360358867700866e-05,0.0,0.9747813425038458,0.0021390317606623604,137325.00000000003
nominal,751.0,False,9,0.43366929333076015,0.0021720099472653013,28.5931392439953,771.6612557060864,0.001028847518399019,2.284059512813923e-06,2.4360358867700866e-05,0.0,0.9747563979865057,0.002163976278002592,137324.99999999997
nominal,752.0,False,9,0.43366929333076015,0.0021720099472653013,28.5931392439953,800.2543949500784,0.0010288211896620997,2.3103882497333933e-06,2.4360358867700866e-05,0.0,0.9747314534691656,0.0021889207953428224,137324.99999999997
nominal,753.0,False,9,0.43366929333076015,0.0021720099472653013,28.5931392439953,828.8475341940705,0.0010287948609251803,2.3367169866528638e-06,2.4360358867700866e-05,0.0,0.9747065089518252,0.0022138653126830524,137325.00000000003
nominal,754.0,False,9,0.43366929333076015,0.0021720099472653013,28.5931392439953,857.4406734380625,0.0010287685321882607,2.3630457235723343e-06,2.4360358867700866e-05,0.0,0.9746815644344851,0.002238809830023283,137324.99999999997
nominal,755.0,False,9,0.43366929333076015,0.0021720099472653013,28.5931392439953,886.0338126820545,0.0010287422034513413,2.3893744604918047e-06,2.4360358867700866e-05,0.0,0.9746566199171447,0.002263754347363513,137325.00000000003
nominal,756.0,False,9,0.43366929333076015,0.0021720099472653013,28.5931392439953,914.6269519260466,0.001028715874714422,2.4157031974112752e-06,2.4360358867700866e-05,0.0,0.9746316753998046,0.0022886988647037435,137325.00000000003
nominal,757.0,False,9,0.43366929333076015,0.0021720099472653013,28.5931392439953,943.2200911700386,0.0010286895459775023,2.4420319343307457e-06,2.4360358867700866e-05,0.0,0.9746067308824644,0.0023136433820439744,137324.99999999997
nominal,758.0,False,9,0.43366929333076015,0.0021720099472653013,28.5931392439953,971.8132304140306,0.001028663217240583,2.468360671250216e-06,2.4360358867700866e-05,0.0,0.974581786365124,0.0023385878993842043,137325.00000000003
nominal,759.0,False,9,0.43366929333076015,0.0021720099472653013,28.5931392439953,1000.4063696580226,0.0010286368885036635,2.4946894081696867e-06,2.4360358867700866e-05,0.0,0.9745568418477839,0.0023635324167244347,137325.00000000003
nominal,760.0,False,9,0.43366929333076015,0.0021720099472653013,28.5931392439953,1028.9995089020167,0.001028610559766744,2.521018145089157e-06,2.4360358867700866e-05,0.0,0.9745318973304437,0.0023884769340646655,137324.99999999997
nominal,761.0,False,9,0.43366929333076015,0.0021720099472653013,28.5931392439953,1057.59264814602,0.0010285842310298245,2.5473468820086276e-06,2.4360358867700866e-05,0.0,0.9745069528131034,0.0024134214514048955,137325.00000000003
nominal,762.0,False,9,0.43366929333076015,0.0021720099472653013,28.5931392439953,1086.1857873900235,0.0010285579022929051,2.573675618928098e-06,2.4360358867700866e-05,0.0,0.9744820082957631,0.0024383659687451263,137325.00000000003
nominal,763.0,False,9,0.43366929333076015,0.0021720099472653013,28.5931392439953,1114.778926634027,0.0010285315735559855,2.6000043558475686e-06,2.4360358867700866e-05,0.0,0.9744570637784228,0.0024633104860853567,137325.00000000003
nominal,764.0,False,9,0.43366929333076015,0.0021720099472653013,28.5931392439953,1143.3720658780303,0.0010285052448190661,2.626333092767039e-06,2.4360358867700866e-05,0.0,0.9744321192610826,0.002488255003425587,137325.00000000003
nominal,765.0,False,9,0.43366929333076015,0.0021720099472653013,28.5931392439953,1171.9652051220337,0.0010284789160821465,2.6526618296865096e-06,2.4360358867700866e-05,0.0,0.9744071747437425,0.002513199520765818,137324.99999999997
nominal,766.0,False,9,0.43366929333076015,0.0021720099472653013,28.5931392439953,1200.558344366037,0.0010284525873452272,2.67899056660598e-06,2.4360358867700866e-05,0.0,0.9743822302264021,0.002538144038106048,137325.00000000003
nominal,767.0,False,9,0.43366929333076015,0.0021720099472653013,28.5931392439953,1229.1514836100405,0.0010284262586083078,2.7053193035254505e-06,2.4360358867700866e-05,0.0,0.974357285709062,0.002563088555446278,137325.00000000003
nominal,768.0,False,9,0.43366929333076015,0.0021720099472653013,28.5931392439953,1257.7446228540439,0.0010283999298713884,2.731648040444921e-06,2.4360358867700866e-05,0.0,0.9743323411917219,0.0025880330727865086,137325.00000000003
nominal,769.0,False,9,0.43366929333076015,0.0021720099472653013,28.5931392439953,1286.3377620980473,0.0010283736011344688,2.7579767773643915e-06,2.4360358867700866e-05,0.0,0.9743073966743815,0.002612977590126739,137325.00000000003
nominal,770.0,False,9,0.43366929333076015,0.0021720099472653013,28.5931392439953,1314.9309013420507,0.0010283472723975492,2.784305514283862e-06,2.4360358867700866e-05,0.0,0.9742824521570413,0.00263792210746697,137324.99999999997
nominal,771.0,False,9,0.43366929333076015,0.0021720099472653013,28.5931392439953,1343.524040586054,0.0010283209436606298,2.8106342512033325e-06,2.4360358867700866e-05,0.0,0.974257507639701,0.0026628666248071997,137325.00000000003
nominal,772.0,False,9,0.43366929333076015,0.0021720099472653013,28.5931392439953,1372.1171798300575,0.0010282946149237104,2.836962988122803e-06,2.4360358867700866e-05,0.0,0.9742325631223608,0.00268781114214743,137325.00000000003
nominal,773.0,False,9,0.43366929333076015,0.0021720099472653013,28.5931392439953,1400.7103190740609,0.001028268286186791,2.8632917250422734e-06,2.4360358867700866e-05,0.0,0.9742076186050207,0.0027127556594876605,137325.00000000003
nominal,774.0,False,9,0.43366929333076015,0.0021720099472653013,28.5931392439953,1429.3034583180643,0.0010282419574498716,2.889620461961744e-06,2.4360358867700866e-05,0.0,0.9741826740876803,0.0027377001768278905,137325.00000000003
nominal,775.0,False,9,0.43366929333076015,0.0021720099472653013,28.5931392439953,1457.8965975620677,0.0010282156287129518,2.9159491988812144e-06,2.4360358867700866e-05,0.0,0.9741577295703402,0.002762644694168122,137324.99999999997
nominal,776.0,False,9,0.43366929333076015,0.0021720099472653013,28.5931392439953,1486.489736806071,0.0010281892999760324,2.942277935800685e-06,2.4360358867700866e-05,0.0,0.974132785053,0.0027875892115083525,137324.99999999997
nominal,777.0,False,9,0.43366929333076015,0.0021720099472653013,28.5931392439953,1515.0828760500744,0.001028162971239113,2.9686066727201554e-06,2.4360358867700866e-05,0.0,0.9741078405356597,0.0028125337288485825,137325.00000000003
nominal,778.0,False,9,0.43366929333076015,0.0021720099472653013,28.5931392439953,1543.6760152940778,0.0010281366425021936,2.994935409639626e-06,2.4360358867700866e-05,0.0,0.9740828960183195,0.002837478246188813,137325.00000000003
nominal,779.0,False,9,0.43366929333076015,0.0021720099472653013,28.5931392439953,1572.2691545380812,0.0010281103137652742,3.0212641465590963e-06,2.4360358867700866e-05,0.0,0.9740579515009792,0.002862422763529043,137325.00000000003
nominal,780.0,False,9,0.43366929333076015,0.0021720099472653013,28.5931392439953,1600.8622937820846,0.0010280839850283544,3.047592883478567e-06,2.4360358867700866e-05,0.0,0.974033006983639,0.002887367280869274,137324.99999999997
nominal,781.0,False,9,0.43366929333076015,0.0021720099472653013,28.5931392439953,1629.455433026088,0.001028057656291435,3.0739216203980373e-06,2.4360358867700866e-05,0.0,0.9740080624662988,0.002912311798209505,137324.99999999997
nominal,782.0,False,9,0.43366929333076015,0.0021720099472653013,28.5931392439953,1658.0485722700914,0.0010280313275545156,3.1002503573175078e-06,2.4360358867700866e-05,0.0,0.9739831179489585,0.0029372563155497344,137325.00000000003
nominal,783.0,False,9,0.43366929333076015,0.0021720099472653013,28.5931392439953,1686.6417115140948,0.0010280049988175962,3.1265790942369783e-06,2.4360358867700866e-05,0.0,0.9739581734316183,0.002962200832889965,137325.00000000003
nominal,784.0,False,9,0.43366929333076015,0.0021720099472653013,28.5931392439953,1715.2348507580982,0.0010279786700806768,3.1529078311564487e-06,2.4360358867700866e-05,0.0,0.9739332289142781,0.002987145350230195,137325.00000000003
nominal,785.0,False,9,0.43366929333076015,0.0021720099472653013,28.5931392439953,1743.8279900021016,0.0010279523413437572,3.1792365680759192e-06,2.4360358867700866e-05,0.0,0.9739082843969378,0.003012089867570426,137325.00000000003
nominal,786.0,False,9,0.43366929333076015,0.0021720099472653013,28.5931392439953,1772.421129246105,0.0010279260126068376,3.2055653049953897e-06,2.4360358867700866e-05,0.0,0.9738833398795976,0.003037034384910657,137324.99999999997
nominal,787.0,False,9,0.43366929333076015,0.0021720099472653013,28.5931392439953,1801.0142684901084,0.0010278996838699182,3.23189404191486e-06,2.4360358867700866e-05,0.0,0.9738583953622573,0.0030619789022508868,137325.00000000003
nominal,788.0,False,9,0.43366929333076015,0.0021720099472653013,28.5931392439953,1829.6074077341118,0.0010278733551329989,3.2582227788343307e-06,2.4360358867700866e-05,0.0,0.9738334508449171,0.003086923419591117,137325.00000000003
nominal,789.0,False,9,0.43366929333076015,0.0021720099472653013,28.5931392439953,1858.2005469781152,0.0010278470263960793,3.284551515753801e-06,2.4360358867700866e-05,0.0,0.973808506327577,0.003111867936931348,137324.99999999997
nominal,790.0,False,9,0.43366929333076015,0.0021720099472653013,28.5931392439953,1886.7936862221186,0.0010278206976591599,3.3108802526732716e-06,2.4360358867700866e-05,0.0,0.9737835618102366,0.003136812454271578,137325.00000000003
nominal,791.0,False,9,0.43366929333076015,0.0021720099472653013,28.5931392439953,1915.386825466122,0.0010277943689222405,3.337208989592742e-06,2.4360358867700866e-05,0.0,0.9737586172928965,0.0031617569716118083,137325.00000000003
nominal,792.0,False,9,0.43366929333076015,0.0021720099472653013,28.5931392439953,1943.9799647101254,0.0010277680401853209,3.3635377265122126e-06,2.4360358867700866e-05,0.0,0.9737336727755563,0.0031867014889520396,137324.99999999997
nominal,793.0,False,9,0.43366929333076015,0.0021720099472653013,28.5931392439953,1972.5731039541288,0.0010277417114484015,3.389866463431683e-06,2.4360358867700866e-05,0.0,0.973708728258216,0.003211646006292269,137325.00000000003
nominal,794.0,False,9,0.43366929333076015,0.0021720099472653013,28.5931392439953,2001.1662431981322,0.0010277153827114819,3.4161952003511536e-06,2.4360358867700866e-05,0.0,0.9736837837408758,0.0032365905236325003,137324.99999999997
nominal,795.0,False,9,0.43366929333076015,0.0021720099472653013,28.5931392439953,2029.7593824421356,0.0010276890539745625,3.442523937270624e-06,2.4360358867700866e-05,0.0,0.9736588392235355,0.00326153504097273,137325.00000000003
nominal,796.0,False,9,0.43366929333076015,0.0021720099472653013,28.5931392439953,2058.352521686139,0.001027662725237643,3.4688526741900945e-06,2.4360358867700866e-05,0.0,0.9736338947061953,0.0032864795583129607,137325.00000000003
nominal,797.0,False,9,0.43366929333076015,0.0021720099472653013,28.5931392439953,2086.9456609301424,0.0010276363965007237,3.495181411109565e-06,2.4360358867700866e-05,0.0,0.9736089501888552,0.003311424075653191,137325.00000000003
nominal,798.0,False,9,0.43366929333076015,0.0021720099472653013,28.5931392439953,2115.5388001741458,0.001027610067763804,3.5215101480290355e-06,2.4360358867700866e-05,0.0,0.9735840056715148,0.0033363685929934214,137325.00000000003
nominal,799.0,False,9,0.43366929333076015,0.0021720099472653013,28.5931392439953,2144.131939418149,0.0010275837390268845,3.547838884948506e-06,2.4360358867700866e-05,0.0,0.9735590611541747,0.0033613131103336523,137324.99999999997
nominal,800.0,False,9,0.43366929333076015,0.0021720099472653013,28.5931392439953,2172.7250786621526,0.001027557410289965,3.5741676218679765e-06,2.4360358867700866e-05,0.0,0.9735341166368345,0.0033862576276738826,137324.99999999997
nominal,801.0,False,9,0.43366929333076015,0.0021720099472653013,28.5931392439953,2201.318217906156,0.0010275310815530457,3.600496358787447e-06,2.4360358867700866e-05,0.0,0.9735091721194942,0.0034112021450141126,137325.00000000003
nominal,802.0,False,9,0.43366929333076015,0.0021720099472653013,28.5931392439953,2229.9113571501593,0.0010275047528161263,3.6268250957069174e-06,2.4360358867700866e-05,0.0,0.973484227602154,0.003436146662354343,137325.00000000003
nominal,803.0,False,9,0.43366929333076015,0.0021720099472653013,28.5931392439953,2258.5044963941627,0.001027478424079207,3.653153832626388e-06,2.4360358867700866e-05,0.0,0.9734592830848137,0.0034610911796945725,137325.00000000003
nominal,804.0,False,9,0.43366929333076015,0.0021720099472653013,28.5931392439953,2287.097635638166,0.0010274520953422871,3.6794825695458584e-06,2.4360358867700866e-05,0.0,0.9734343385674734,0.0034860356970348046,137324.99999999997
nominal,805.0,False,10,0.3316963997294767,0.0021537755065784577,28.353094348136633,15.579757109906863,0.0010352714934506433,1.5881734015577664e-06,1.8632269927332843e-05,0.0,0.9808426359081566,0.0015046760152460515,137324.99999999997
nominal,806.0,False,10,0.43215890648009453,0.002171739865104543,28.589583782916677,44.115563564192676,0.0010296019182242213,1.6145021384772157e-06,2.4275516416835412e-05,0.0,0.975471135635288,0.0015296205325862622,137324.99999999994
nominal,807.0,False,10,0.43364692200875454,0.002172005946902756,28.593086581748782,72.70785361495015,0.0010294920036931579,1.640830875396665e-06,2.4359102210979296e-05,0.0,0.9753669998032332,0.0015545650499264722,137324.99999999997
nominal,808.0,False,10,0.43366896197456023,0.00217200988801333,28.593138463980516,101.30098028099212,0.0010294644369126772,1.6671596123161143e-06,2.4360340254540865e-05,0.0,0.9753408823318245,0.0015795095672666822,137325.00000000003
nominal,809.0,False,10,0.43366928842282865,0.002172009946387682,28.593139232442,129.89411933868718,0.0010294380898382893,1.6934883492355636e-06,2.4360358592009284e-05,0.0,0.9753159204410987,0.0016044540846068926,137325.00000000003
nominal,810.0,False,10,0.43366929325806625,0.0021720099472523026,28.59313924382418,158.4872585799231,0.0010294117608297616,1.719817086155013e-06,2.4360358863617456e-05,0.0,0.97529097566643,0.001629398601947103,137325.00000000003
nominal,811.0,False,10,0.4336692933296842,0.002172009947265109,28.59313924399277,187.0803978238774,0.001029385432088819,1.7461458230744622e-06,2.4360358867640425e-05,0.0,0.9752660311452782,0.0016543431192873137,137324.99999999997
nominal,812.0,False,10,0.43366929333074483,0.0021720099472652987,28.593139243995267,215.67353706787205,0.0010293591033518402,1.7724745599939115e-06,2.4360358867700006e-05,0.0,0.9752410866278817,0.0016792876366275237,137325.00000000003
nominal,813.0,False,10,0.43366929333076015,0.0021720099472653013,28.5931392439953,244.26667631186692,0.00102933277461492,1.7988032969133608e-06,2.4360358867700866e-05,0.0,0.9752161421105406,0.0017042321539677341,137325.00000000003
nominal,814.0,False,10,0.43366929333076015,0.0021720099472653013,28.5931392439953,272.85981555586346,0.0010293064458780003,1.8251320338328102e-06,2.4360358867700866e-05,0.0,0.9751911975932003,0.0017291766713079444,137325.00000000003
nominal,815.0,False,10,0.43366929333076015,0.0021720099472653013,28.5931392439953,301.4529547998612,0.001029280117141081,1.8514607707522595e-06,2.4360358867700866e-05,0.0,0.9751662530758601,0.0017541211886481548,137325.00000000003
nominal,816.0,False,10,0.43366929333076015,0.0021720099472653013,28.5931392439953,330.0460940438589,0.0010292537884041616,1.8777895076717088e-06,2.4360358867700866e-05,0.0,0.97514130855852,0.0017790657059883652,137325.00000000003
nominal,817.0,False,10,0.43366929333076015,0.0021720099472653013,28.5931392439953,358.6392332878566,0.001029227459667242,1.904118244591158e-06,2.4360358867700866e-05,0.0,0.9751163640411796,0.0018040102233285755,137325.00000000003
nominal,818.0,False,10,0.43366929333076015,0.0021720099472653013,28.5931392439953,387.2323725318543,0.0010292011309303226,1.930446981510626e-06,2.4360358867700866e-05,0.0,0.9750914195238395,0.0018289547406688035,137325.00000000003
nominal,819.0,False,10,0.43366929333076015,0.0021720099472653013,28.5931392439953,415.825511775852,0.0010291748021934032,1.9567757184300965e-06,2.4360358867700866e-05,0.0,0.9750664750064993,0.0018538992580090338,137325.00000000003
nominal,820.0,False,10,0.43366929333076015,0.0021720099472653013,28.5931392439953,444.41865101984973,0.0010291484734564836,1.983104455349567e-06,2.4360358867700866e-05,0.0,0.975041530489159,0.0018788437753492644,137325.00000000003
nominal,821.0,False,10,0.43366929333076015,0.0021720099472653013,28.5931392439953,473.01179026384744,0.0010291221447195642,2.0094331922690375e-06,2.4360358867700866e-05,0.0,0.9750165859718188,0.0019037882926894948,137325.00000000003
nominal,822.0,False,10,0.43366929333076015,0.0021720099472653013,28.5931392439953,501.60492950784516,0.0010290958159826444,2.035761929188508e-06,2.4360358867700866e-05,0.0,0.9749916414544786,0.001928732810029726,137324.99999999994
nominal,823.0,False,10,0.43366929333076015,0.0021720099472653013,28.5931392439953,530.1980687518393,0.0010290694872457252,2.0620906661079784e-06,2.4360358867700866e-05,0.0,0.9749666969371383,0.001953677327369956,137325.00000000003
nominal,824.0,False,10,0.43366929333076015,0.0021720099472653013,28.5931392439953,558.7912079958313,0.0010290431585088058,2.088419403027449e-06,2.4360358867700866e-05,0.0,0.9749417524197981,0.001978621844710186,137325.00000000003
nominal,825.0,False,10,0.43366929333076015,0.0021720099472653013,28.5931392439953,587.3843472398233,0.0010290168297718864,2.1147481399469194e-06,2.4360358867700866e-05,0.0,0.9749168079024578,0.002003566362050416,137325.00000000003
nominal,826.0,False,10,0.43366929333076015,0.0021720099472653013,28.5931392439953,615.9774864838154,0.0010289905010349668,2.14107687686639e-06,2.4360358867700866e-05,0.0,0.9748918633851176,0.002028510879390647,137325.00000000003
nominal,827.0,False,10,0.43366929333076015,0.0021720099472653013,28.5931392439953,644.5706257278074,0.0010289641722980472,2.1674056137858604e-06,2.4360358867700866e-05,0.0,0.9748669188677774,0.002053455396730878,137324.99999999997
nominal,828.0,False,10,0.43366929333076015,0.0021720099472653013,28.5931392439953,673.1637649717994,0.0010289378435611276,2.193734350705331e-06,2.4360358867700866e-05,0.0,0.9748419743504371,0.002078399914071108,137324.99999999997
nominal,829.0,False,10,0.43366929333076015,0.0021720099472653013,28.5931392439953,701.7569042157915,0.0010289115148242084,2.2200630876248013e-06,2.4360358867700866e-05,0.0,0.9748170298330969,0.002103344431411338,137325.00000000003
nominal,830.0,False,10,0.43366929333076015,0.0021720099472653013,28.5931392439953,730.3500434597835,0.001028885186087289,2.246391824544272e-06,2.4360358867700866e-05,0.0,0.9747920853157568,0.0021282889487515685,137325.00000000003
nominal,831.0,False,10,0.43366929333076015,0.0021720099472653013,28.5931392439953,758.9431827037755,0.0010288588573503696,2.2727205614637423e-06,2.4360358867700866e-05,0.0,0.9747671407984164,0.0021532334660917985,137325.00000000003
nominal,832.0,False,10,0.43366929333076015,0.0021720099472653013,28.5931392439953,787.5363219477675,0.0010288325286134498,2.2990492983832128e-06,2.4360358867700866e-05,0.0,0.9747421962810763,0.0021781779834320297,137324.99999999997
nominal,833.0,False,10,0.43366929333076015,0.0021720099472653013,28.5931392439953,816.1294611917596,0.0010288061998765304,2.3253780353026833e-06,2.4360358867700866e-05,0.0,0.9747172517637359,0.0022031225007722597,137325.00000000003
nominal,834.0,False,10,0.43366929333076015,0.0021720099472653013,28.5931392439953,844.7226004357516,0.0010287798711396108,2.3517067722221537e-06,2.4360358867700866e-05,0.0,0.9746923072463958,0.002228067018112491,137324.99999999997
nominal,835.0,False,10,0.43366929333076015,0.0021720099472653013,28.5931392439953,873.3157396797436,0.0010287535424026916,2.3780355091416242e-06,2.4360358867700866e-05,0.0,0.9746673627290556,0.002253011535452721,137325.00000000003
nominal,836.0,False,10,0.43366929333076015,0.0021720099472653013,28.5931392439953,901.9088789237356,0.001028727213665772,2.4043642460610947e-06,2.4360358867700866e-05,0.0,0.9746424182117153,0.0022779560527929513,137325.00000000003
nominal,837.0,False,10,0.43366929333076015,0.0021720099472653013,28.5931392439953,930.5020181677277,0.0010287008849288524,2.430692982980565e-06,2.4360358867700866e-05,0.0,0.9746174736943751,0.002302900570133182,137324.99999999997
nominal,838.0,False,10,0.43366929333076015,0.0021720099472653013,28.5931392439953,959.0951574117197,0.001028674556191933,2.4570217199000357e-06,2.4360358867700866e-05,0.0,0.974592529177035,0.0023278450874734125,137324.99999999997
nominal,839.0,False,10,0.43366929333076015,0.0021720099472653013,28.5931392439953,987.6882966557117,0.0010286482274550137,2.483350456819506e-06,2.4360358867700866e-05,0.0,0.9745675846596946,0.0023527896048136424,137325.00000000003
nominal,840.0,False,10,0.43366929333076015,0.0021720099472653013,28.5931392439953,1016.2814358997038,0.001028621898718094,2.5096791937389766e-06,2.4360358867700866e-05,0.0,0.9745426401423545,0.0023777341221538732,137324.99999999997
nominal,841.0,False,10,0.43366929333076015,0.0021720099472653013,28.5931392439953,1044.874575143704,0.0010285955699811747,2.536007930658447e-06,2.4360358867700866e-05,0.0,0.9745176956250141,0.002402678639494103,137325.00000000003
nominal,842.0,False,10,0.43366929333076015,0.0021720099472653013,28.5931392439953,1073.4677143877075,0.0010285692412442553,2.5623366675779176e-06,2.4360358867700866e-05,0.0,0.974492751107674,0.0024276231568343336,137325.00000000003
nominal,843.0,False,10,0.43366929333076015,0.0021720099472653013,28.5931392439953,1102.0608536317109,0.0010285429125073357,2.588665404497388e-06,2.4360358867700866e-05,0.0,0.9744678065903338,0.002452567674174565,137324.99999999997
nominal,844.0,False,10,0.43366929333076015,0.0021720099472653013,28.5931392439953,1130.6539928757143,0.0010285165837704163,2.6149941414168586e-06,2.4360358867700866e-05,0.0,0.9744428620729935,0.0024775121915147943,137325.00000000003
nominal,845.0,False,10,0.43366929333076015,0.0021720099472653013,28.5931392439953,1159.2471321197177,0.0010284902550334969,2.641322878336329e-06,2.4360358867700866e-05,0.0,0.9744179175556533,0.002502456708855025,137325.00000000003
nominal,846.0,False,10,0.43366929333076015,0.0021720099472653013,28.5931392439953,1187.840271363721,0.0010284639262965773,2.6676516152557995e-06,2.4360358867700866e-05,0.0,0.9743929730383131,0.002527401226195256,137324.99999999997
nominal,847.0,False,10,0.43366929333076015,0.0021720099472653013,28.5931392439953,1216.4334106077245,0.0010284375975596579,2.69398035217527e-06,2.4360358867700866e-05,0.0,0.9743680285209727,0.002552345743535486,137325.00000000003
nominal,848.0,False,10,0.43366929333076015,0.0021720099472653013,28.5931392439953,1245.0265498517279,0.0010284112688227385,2.7203090890947405e-06,2.4360358867700866e-05,0.0,0.9743430840036326,0.0025772902608757163,137325.00000000003
nominal,849.0,False,10,0.43366929333076015,0.0021720099472653013,28.5931392439953,1273.6196890957312,0.001028384940085819,2.746637826014211e-06,2.4360358867700866e-05,0.0,0.9743181394862922,0.0026022347782159467,137325.00000000003
nominal,850.0,False,10,0.43366929333076015,0.0021720099472653013,28.5931392439953,1302.2128283397346,0.0010283586113488995,2.7729665629336815e-06,2.4360358867700866e-05,0.0,0.9742931949689521,0.002627179295556177,137325.00000000003
nominal,851.0,False,10,0.43366929333076015,0.0021720099472653013,28.5931392439953,1330.805967583738,0.00102833228261198,2.799295299853152e-06,2.4360358867700866e-05,0.0,0.9742682504516119,0.002652123812896408,137324.99999999997
nominal,852.0,False,10,0.43366929333076015,0.0021720099472653013,28.5931392439953,1359.3991068277414,0.0010283059538750605,2.8256240367726224e-06,2.4360358867700866e-05,0.0,0.9742433059342716,0.002677068330236638,137325.00000000003
nominal,853.0,False,10,0.43366929333076015,0.0021720099472653013,28.5931392439953,1387.9922460717448,0.0010282796251381411,2.851952773692093e-06,2.4360358867700866e-05,0.0,0.9742183614169314,0.0027020128475768682,137325.00000000003
nominal,854.0,False,10,0.43366929333076015,0.0021720099472653013,28.5931392439953,1416.5853853157482,0.0010282532964012217,2.8782815106115634e-06,2.4360358867700866e-05,0.0,0.9741934168995913,0.0027269573649170986,137325.00000000003
nominal,855.0,False,10,0.43366929333076015,0.0021720099472653013,28.5931392439953,1445.1785245597516,0.0010282269676643021,2.904610247531034e-06,2.4360358867700866e-05,0.0,0.9741684723822509,0.002751901882257329,137325.00000000003
nominal,856.0,False,10,0.43366929333076015,0.0021720099472653013,28.5931392439953,1473.771663803755,0.0010282006389273825,2.9309389844505044e-06,2.4360358867700866e-05,0.0,0.9741435278649108,0.0027768463995975603,137324.99999999997
nominal,857.0,False,10,0.43366929333076015,0.0021720099472653013,28.5931392439953,1502.3648030477584,0.0010281743101904631,2.957267721369975e-06,2.4360358867700866e-05,0.0,0.9741185833475704,0.00280179091693779,137325.00000000003
nominal,858.0,False,10,0.43366929333076015,0.0021720099472653013,28.5931392439953,1530.9579422917618,0.0010281479814535437,2.9835964582894453e-06,2.4360358867700866e-05,0.0,0.9740936388302303,0.0028267354342780206,137325.00000000003
nominal,859.0,False,10,0.43366929333076015,0.0021720099472653013,28.5931392439953,1559.5510815357652,0.0010281216527166244,3.009925195208916e-06,2.4360358867700866e-05,0.0,0.9740686943128901,0.002851679951618251,137325.00000000003
nominal,860.0,False,10,0.43366929333076015,0.0021720099472653013,28.5931392439953,1588.1442207797686,0.001028095323979705,3.0362539321283863e-06,2.4360358867700866e-05,0.0,0.9740437497955498,0.0028766244689584805,137325.00000000003
nominal,861.0,False,10,0.43366929333076015,0.0021720099472653013,28.5931392439953,1616.737360023772,0.0010280689952427851,3.0625826690478568e-06,2.4360358867700866e-05,0.0,0.9740188052782096,0.002901568986298712,137324.99999999997
nominal,862.0,False,10,0.43366929333076015,0.0021720099472653013,28.5931392439953,1645.3304992677754,0.0010280426665058658,3.0889114059673272e-06,2.4360358867700866e-05,0.0,0.9739938607608695,0.0029265135036389426,137324.99999999997
nominal,863.0,False,10,0.43366929333076015,0.0021720099472653013,28.5931392439953,1673.9236385117788,0.0010280163377689464,3.1152401428867977e-06,2.4360358867700866e-05,0.0,0.9739689162435291,0.0029514580209791725,137325.00000000003
nominal,864.0,False,10,0.43366929333076015,0.0021720099472653013,28.5931392439953,1702.5167777557822,0.001027990009032027,3.1415688798062682e-06,2.4360358867700866e-05,0.0,0.973943971726189,0.002976402538319403,137325.00000000003
nominal,865.0,False,10,0.43366929333076015,0.0021720099472653013,28.5931392439953,1731.1099169997856,0.0010279636802951076,3.1678976167257387e-06,2.4360358867700866e-05,0.0,0.9739190272088486,0.003001347055659633,137325.00000000003
nominal,866.0,False,10,0.43366929333076015,0.0021720099472653013,28.5931392439953,1759.703056243789,0.0010279373515581878,3.194226353645209e-06,2.4360358867700866e-05,0.0,0.9738940826915083,0.0030262915729998645,137324.99999999997
nominal,867.0,False,10,0.43366929333076015,0.0021720099472653013,28.5931392439953,1788.2961954877924,0.0010279110228212684,3.2205550905646797e-06,2.4360358867700866e-05,0.0,0.9738691381741682,0.003051236090340095,137324.99999999997
nominal,868.0,False,10,0.43366929333076015,0.0021720099472653013,28.5931392439953,1816.8893347317958,0.001027884694084349,3.24688382748415e-06,2.4360358867700866e-05,0.0,0.9738441936568278,0.003076180607680325,137325.00000000003
nominal,869.0,False,10,0.43366929333076015,0.0021720099472653013,28.5931392439953,1845.4824739757992,0.0010278583653474296,3.2732125644036206e-06,2.4360358867700866e-05,0.0,0.9738192491394877,0.0031011251250205553,137325.00000000003
nominal,870.0,False,10,0.43366929333076015,0.0021720099472653013,28.5931392439953,1874.0756132198026,0.00102783203661051,3.299541301323091e-06,2.4360358867700866e-05,0.0,0.9737943046221476,0.003126069642360786,137324.99999999997
nominal,871.0,False,10,0.43366929333076015,0.0021720099472653013,28.5931392439953,1902.668752463806,0.0010278057078735906,3.3258700382425616e-06,2.4360358867700866e-05,0.0,0.9737693601048072,0.003151014159701016,137325.00000000003
nominal,872.0,False,10,0.43366929333076015,0.0021720099472653013,28.5931392439953,1931.2618917078094,0.001027779379136671,3.352198775162032e-06,2.4360358867700866e-05,0.0,0.973744415587467,0.003175958677041247,137324.99999999997
nominal,873.0,False,10,0.43366929333076015,0.0021720099472653013,28.5931392439953,1959.8550309518128,0.0010277530503997516,3.3785275120815026e-06,2.4360358867700866e-05,0.0,0.9737194710701267,0.003200903194381477,137325.00000000003
nominal,874.0,False,10,0.43366929333076015,0.0021720099472653013,28.5931392439953,1988.4481701958161,0.0010277267216628322,3.404856249000973e-06,2.4360358867700866e-05,0.0,0.9736945265527865,0.003225847711721707,137325.00000000003
nominal,875.0,False,10,0.43366929333076015,0.0021720099472653013,28.5931392439953,2017.0413094398195,0.0010277003929259126,3.4311849859204435e-06,2.4360358867700866e-05,0.0,0.9736695820354464,0.0032507922290619384,137324.99999999997
nominal,876.0,False,10,0.43366929333076015,0.0021720099472653013,28.5931392439953,2045.634448683823,0.0010276740641889932,3.457513722839914e-06,2.4360358867700866e-05,0.0,0.973644637518106,0.003275736746402168,137325.00000000003
nominal,877.0,False,10,0.43366929333076015,0.0021720099472653013,28.5931392439953,2074.2275879278263,0.0010276477354520738,3.4838424597593845e-06,2.4360358867700866e-05,0.0,0.9736196930007659,0.0033006812637423983,137325.00000000003
nominal,878.0,False,10,0.43366929333076015,0.0021720099472653013,28.5931392439953,2102.8207271718297,0.0010276214067151542,3.510171196678855e-06,2.4360358867700866e-05,0.0,0.9735947484834258,0.0033256257810826296,137324.99999999997
nominal,879.0,False,10,0.43366929333076015,0.0021720099472653013,28.5931392439953,2131.413866415833,0.0010275950779782348,3.5364999335983255e-06,2.4360358867700866e-05,0.0,0.9735698039660854,0.0033505702984228595,137325.00000000003
nominal,880.0,False,10,0.43366929333076015,0.0021720099472653013,28.5931392439953,2160.0070056598365,0.0010275687492413152,3.562828670517796e-06,2.4360358867700866e-05,0.0,0.9735448594487452,0.0033755148157630904,137324.99999999997
nominal,881.0,False,10,0.43366929333076015,0.0021720099472653013,28.5931392439953,2188.60014490384,0.0010275424205043958,3.5891574074372664e-06,2.4360358867700866e-05,0.0,0.9735199149314049,0.0034004593331033203,137325.00000000003
nominal,882.0,False,10,0.43366929333076015,0.0021720099472653013,28.5931392439953,2217.1932841478433,0.0010275160917674764,3.615486144356737e-06,2.4360358867700866e-05,0.0,0.9734949704140647,0.0034254038504435507,137325.00000000003
nominal,883.0,False,10,0.43366929333076015,0.0021720099472653013,28.5931392439953,2245.7864233918467,0.001027489763030557,3.6418148812762074e-06,2.4360358867700866e-05,0.0,0.9734700258967246,0.003450348367783781,137325.00000000003
nominal,884.0,False,10,0.43366929333076015,0.0021720099472653013,28.5931392439953,2274.37956263585,0.0010274634342936375,3.668143618195678e-06,2.4360358867700866e-05,0.0,0.9734450813793842,0.0034752928851240115,137325.00000000003
nominal,885.0,True,10,0.37687181736861386,0.0021618536187546712,28.459437593283322,2.9660376097502037,0.0010312045773022945,3.117466059814843e-06,2.1169893417424636e-05,0.0,0.9769895357501793,0.0029535669114884055,137324.99999999997
nominal,886.0,False,11,0.4240304998168869,0.0021702863714951693,28.570449457489023,31.402129349473384,0.0010300699920678825,1.6030225392863597e-06,2.3818922172365062e-05,0.0,0.975914600741321,0.0015187444673214886,137324.99999999997
nominal,887.0,False,11,0.43352652689092075,0.00217198441826355,28.59280317080984,59.98984932073781,0.0010295102462066742,1.629351276205809e-06,2.4352339296653904e-05,0.0,0.9753842832261382,0.001543688984661699,137324.99999999997
nominal,888.0,False,11,0.43366717872416455,0.0021720095691386524,28.59313426619677,88.58290829636002,0.0010294760166817904,1.6556800131252583e-06,2.436024008461817e-05,0.0,0.9753518533006308,0.0015686335020019097,137324.99999999994
nominal,889.0,False,11,0.4336692620099472,0.0021720099416646216,28.59313917026589,117.17604635144819,0.001029449570921162,1.6820087500447076e-06,2.436035710832741e-05,0.0,0.9753267979120415,0.0015935780193421195,137325.00000000003
nominal,890.0,False,11,0.43366929286684786,0.0021720099471823464,28.593139242903252,145.76918557783387,0.0010294232404509283,1.708337486964157e-06,2.4360358841641677e-05,0.0,0.9753018517525152,0.00161852253668233,137325.00000000003
nominal,891.0,False,11,0.43366929332388954,0.0021720099472640727,28.593139243979127,174.36232482156825,0.0010293969116883354,1.7346662238836062e-06,2.4360358867314924e-05,0.0,0.9752769072108515,0.0016434670540225406,137324.99999999997
nominal,892.0,False,11,0.43366929333065907,0.0021720099472652835,28.593139243995065,202.95546406555977,0.0010293705829510357,1.7609949608030555e-06,2.4360358867695188e-05,0.0,0.9752519626931507,0.0016684115713627506,137325.00000000003
nominal,893.0,False,11,0.43366929333075926,0.0021720099472653013,28.5931392439953,231.54860330955464,0.0010293442542141107,1.7873236977225048e-06,2.4360358867700815e-05,0.0,0.9752270181758055,0.0016933560887029612,137324.99999999997
nominal,894.0,False,11,0.43366929333076015,0.0021720099472653013,28.5931392439953,260.14174255354993,0.001029317925477191,1.8136524346419541e-06,2.4360358867700866e-05,0.0,0.9752020736584651,0.0017183006060431717,137324.99999999997
nominal,895.0,False,11,0.43366929333076015,0.0021720099472653013,28.5931392439953,288.73488179754764,0.0010292915967402717,1.8399811715614034e-06,2.4360358867700866e-05,0.0,0.975177129141125,0.0017432451233833819,137324.99999999997
nominal,896.0,False,11,0.43366929333076015,0.0021720099472653013,28.5931392439953,317.32802104154536,0.0010292652680033525,1.8663099084808527e-06,2.4360358867700866e-05,0.0,0.9751521846237846,0.0017681896407235917,137325.00000000003
nominal,897.0,False,11,0.43366929333076015,0.0021720099472653013,28.5931392439953,345.92116028554307,0.0010292389392664327,1.892638645400302e-06,2.4360358867700866e-05,0.0,0.9751272401064445,0.0017931341580638028,137324.99999999997
nominal,898.0,False,11,0.43366929333076015,0.0021720099472653013,28.5931392439953,374.5142995295408,0.0010292126105295133,1.9189673823197607e-06,2.4360358867700866e-05,0.0,0.9751022955891043,0.0018180786754040219,137324.99999999997
nominal,899.0,False,11,0.43366929333076015,0.0021720099472653013,28.5931392439953,403.1074387735385,0.001029186281792594,1.945296119239231e-06,2.4360358867700866e-05,0.0,0.975077351071764,0.001843023192744252,137325.00000000003
nominal,900.0,False,11,0.43366929333076015,0.0021720099472653013,28.5931392439953,431.7005780175362,0.0010291599530556743,1.9716248561587016e-06,2.4360358867700866e-05,0.0,0.9750524065544238,0.0018679677100844829,137324.99999999997
nominal,901.0,False,11,0.43366929333076015,0.0021720099472653013,28.5931392439953,460.2937172615339,0.001029133624318755,1.997953593078172e-06,2.4360358867700866e-05,0.0,0.9750274620370837,0.0018929122274247132,137324.99999999997
nominal,902.0,False,11,0.43366929333076015,0.0021720099472653013,28.5931392439953,488.8868565055316,0.0010291072955818355,2.0242823299976426e-06,2.4360358867700866e-05,0.0,0.9750025175197433,0.0019178567447649432,137325.00000000003
nominal,903.0,False,11,0.43366929333076015,0.0021720099472653013,28.5931392439953,517.4799957495283,0.001029080966844916,2.050611066917113e-06,2.4360358867700866e-05,0.0,0.9749775730024032,0.001942801262105174,137324.99999999997
nominal,904.0,False,11,0.43366929333076015,0.0021720099472653013,28.5931392439953,546.0731349935203,0.0010290546381079965,2.0769398038365836e-06,2.4360358867700866e-05,0.0,0.974952628485063,0.0019677457794454044,137324.99999999997
nominal,905.0,False,11,0.43366929333076015,0.0021720099472653013,28.5931392439953,574.6662742375123,0.0010290283093710771,2.103268540756054e-06,2.4360358867700866e-05,0.0,0.9749276839677227,0.0019926902967856343,137325.00000000003
nominal,906.0,False,11,0.43366929333076015,0.0021720099472653013,28.5931392439953,603.2594134815043,0.0010290019806341575,2.1295972776755245e-06,2.4360358867700866e-05,0.0,0.9749027394503824,0.002017634814125865,137324.99999999997
nominal,907.0,False,11,0.43366929333076015,0.0021720099472653013,28.5931392439953,631.8525527254964,0.0010289756518972381,2.155926014594995e-06,2.4360358867700866e-05,0.0,0.9748777949330422,0.0020425793314660956,137325.00000000003
nominal,908.0,False,11,0.43366929333076015,0.0021720099472653013,28.5931392439953,660.4456919694884,0.0010289493231603187,2.1822547515144655e-06,2.4360358867700866e-05,0.0,0.9748528504157019,0.002067523848806326,137325.00000000003
nominal,909.0,False,11,0.43366929333076015,0.0021720099472653013,28.5931392439953,689.0388312134804,0.0010289229944233991,2.208583488433936e-06,2.4360358867700866e-05,0.0,0.9748279058983618,0.0020924683661465568,137324.99999999997
nominal,910.0,False,11,0.43366929333076015,0.0021720099472653013,28.5931392439953,717.6319704574724,0.0010288966656864797,2.2349122253534065e-06,2.4360358867700866e-05,0.0,0.9748029613810214,0.0021174128834867867,137325.00000000003
nominal,911.0,False,11,0.43366929333076015,0.0021720099472653013,28.5931392439953,746.2251097014645,0.0010288703369495604,2.261240962272877e-06,2.4360358867700866e-05,0.0,0.9747780168636813,0.002142357400827017,137325.00000000003
nominal,912.0,False,11,0.43366929333076015,0.0021720099472653013,28.5931392439953,774.8182489454565,0.0010288440082126407,2.2875696991923474e-06,2.4360358867700866e-05,0.0,0.9747530723463411,0.002167301918167248,137324.99999999997
nominal,913.0,False,11,0.43366929333076015,0.0021720099472653013,28.5931392439953,803.4113881894485,0.0010288176794757214,2.313898436111818e-06,2.4360358867700866e-05,0.0,0.9747281278290008,0.002192246435507478,137325.00000000003
nominal,914.0,False,11,0.43366929333076015,0.0021720099472653013,28.5931392439953,832.0045274334406,0.001028791350738802,2.3402271730312884e-06,2.4360358867700866e-05,0.0,0.9747031833116606,0.0022171909528477082,137325.00000000003
nominal,915.0,False,11,0.43366929333076015,0.0021720099472653013,28.5931392439953,860.5976666774326,0.0010287650220018824,2.366555909950759e-06,2.4360358867700866e-05,0.0,0.9746782387943203,0.0022421354701879386,137325.00000000003
nominal,916.0,False,11,0.43366929333076015,0.0021720099472653013,28.5931392439953,889.1908059214246,0.001028738693264963,2.3928846468702294e-06,2.4360358867700866e-05,0.0,0.9746532942769801,0.002267079987528169,137325.00000000003
nominal,917.0,False,11,0.43366929333076015,0.0021720099472653013,28.5931392439953,917.7839451654166,0.0010287123645280432,2.4192133837897e-06,2.4360358867700866e-05,0.0,0.97462834975964,0.0022920245048684007,137324.99999999994
nominal,918.0,False,11,0.43366929333076015,0.0021720099472653013,28.5931392439953,946.3770844094087,0.001028686035791124,2.4455421207091703e-06,2.4360358867700866e-05,0.0,0.9746034052422996,0.0023169690222086302,137325.00000000003
nominal,919.0,False,11,0.43366929333076015,0.0021720099472653013,28.5931392439953,974.9702236534007,0.0010286597070542046,2.471870857628641e-06,2.4360358867700866e-05,0.0,0.9745784607249595,0.0023419135395488606,137325.00000000003
nominal,920.0,False,11,0.43366929333076015,0.0021720099472653013,28.5931392439953,1003.5633628973927,0.0010286333783172852,2.4981995945481113e-06,2.4360358867700866e-05,0.0,0.9745535162076193,0.002366858056889091,137325.00000000003
nominal,921.0,False,11,0.43366929333076015,0.0021720099472653013,28.5931392439953,1032.156502141388,0.0010286070495803656,2.5245283314675818e-06,2.4360358867700866e-05,0.0,0.974528571690279,0.0023918025742293214,137325.00000000003
nominal,922.0,False,11,0.43366929333076015,0.0021720099472653013,28.5931392439953,1060.7496413853914,0.001028580720843446,2.5508570683870523e-06,2.4360358867700866e-05,0.0,0.9745036271729388,0.002416747091569552,137324.99999999997
nominal,923.0,False,11,0.43366929333076015,0.0021720099472653013,28.5931392439953,1089.3427806293948,0.0010285543921065264,2.5771858053065227e-06,2.4360358867700866e-05,0.0,0.9744786826555984,0.0024416916089097826,137324.99999999997
nominal,924.0,False,11,0.43366929333076015,0.0021720099472653013,28.5931392439953,1117.9359198733982,0.0010285280633696072,2.6035145422259932e-06,2.4360358867700866e-05,0.0,0.9744537381382583,0.0024666361262500125,137325.00000000003
nominal,925.0,False,11,0.43366929333076015,0.0021720099472653013,28.5931392439953,1146.5290591174016,0.0010285017346326878,2.6298432791454637e-06,2.4360358867700866e-05,0.0,0.9744287936209182,0.002491580643590243,137325.00000000003
nominal,926.0,False,11,0.43366929333076015,0.0021720099472653013,28.5931392439953,1175.122198361405,0.0010284754058957684,2.656172016064934e-06,2.4360358867700866e-05,0.0,0.9744038491035778,0.002516525160930473,137325.00000000003
nominal,927.0,False,11,0.43366929333076015,0.0021720099472653013,28.5931392439953,1203.7153376054084,0.0010284490771588486,2.6825007529844047e-06,2.4360358867700866e-05,0.0,0.9743789045862375,0.0025414696782707046,137324.99999999997
nominal,928.0,False,11,0.43366929333076015,0.0021720099472653013,28.5931392439953,1232.3084768494118,0.0010284227484219292,2.708829489903875e-06,2.4360358867700866e-05,0.0,0.9743539600688974,0.002566414195610935,137324.99999999997
nominal,929.0,False,11,0.43366929333076015,0.0021720099472653013,28.5931392439953,1260.9016160934152,0.0010283964196850096,2.7351582268233456e-06,2.4360358867700866e-05,0.0,0.974329015551557,0.0025913587129511653,137324.99999999997
nominal,930.0,False,11,0.43366929333076015,0.0021720099472653013,28.5931392439953,1289.4947553374186,0.0010283700909480904,2.761486963742816e-06,2.4360358867700866e-05,0.0,0.9743040710342169,0.0026163032302913953,137325.00000000003
nominal,931.0,False,11,0.43366929333076015,0.0021720099472653013,28.5931392439953,1318.087894581422,0.0010283437622111708,2.7878157006622866e-06,2.4360358867700866e-05,0.0,0.9742791265168765,0.0026412477476316257,137325.00000000003
nominal,932.0,False,11,0.43366929333076015,0.0021720099472653013,28.5931392439953,1346.6810338254254,0.0010283174334742512,2.814144437581757e-06,2.4360358867700866e-05,0.0,0.9742541819995364,0.0026661922649718565,137324.99999999997
nominal,933.0,False,11,0.43366929333076015,0.0021720099472653013,28.5931392439953,1375.2741730694288,0.0010282911047373318,2.8404731745012276e-06,2.4360358867700866e-05,0.0,0.9742292374821963,0.002691136782312087,137324.99999999997
nominal,934.0,False,11,0.43366929333076015,0.0021720099472653013,28.5931392439953,1403.8673123134322,0.0010282647760004125,2.866801911420698e-06,2.4360358867700866e-05,0.0,0.9742042929648559,0.002716081299652317,137325.00000000003
nominal,935.0,False,11,0.43366929333076015,0.0021720099472653013,28.5931392439953,1432.4604515574356,0.0010282384472634928,2.8931306483401685e-06,2.4360358867700866e-05,0.0,0.9741793484475157,0.0027410258169925476,137324.99999999997
nominal,936.0,False,11,0.43366929333076015,0.0021720099472653013,28.5931392439953,1461.053590801439,0.0010282121185265735,2.919459385259639e-06,2.4360358867700866e-05,0.0,0.9741544039301756,0.002765970334332778,137324.99999999997
nominal,937.0,False,11,0.43366929333076015,0.0021720099472653013,28.5931392439953,1489.6467300454424,0.001028185789789654,2.9457881221791095e-06,2.4360358867700866e-05,0.0,0.9741294594128352,0.002790914851673008,137325.00000000003
nominal,938.0,False,11,0.43366929333076015,0.0021720099472653013,28.5931392439953,1518.2398692894458,0.0010281594610527345,2.97211685909858e-06,2.4360358867700866e-05,0.0,0.9741045148954951,0.0028158593690132392,137324.99999999997
nominal,939.0,False,11,0.43366929333076015,0.0021720099472653013,28.5931392439953,1546.8330085334492,0.001028133132315815,2.9984455960180505e-06,2.4360358867700866e-05,0.0,0.9740795703781547,0.0028408038863534687,137325.00000000003
nominal,940.0,False,11,0.43366929333076015,0.0021720099472653013,28.5931392439953,1575.4261477774526,0.0010281068035788957,3.024774332937521e-06,2.4360358867700866e-05,0.0,0.9740546258608146,0.002865748403693699,137325.00000000003
nominal,941.0,False,11,0.43366929333076015,0.0021720099472653013,28.5931392439953,1604.019287021456,0.001028080474841976,3.0511030698569914e-06,2.4360358867700866e-05,0.0,0.9740296813434745,0.0028906929210339304,137324.99999999997
nominal,942.0,False,11,0.43366929333076015,0.0021720099472653013,28.5931392439953,1632.6124262654594,0.0010280541461050567,3.077431806776462e-06,2.4360358867700866e-05,0.0,0.9740047368261341,0.0029156374383741603,137325.00000000003
nominal,943.0,False,11,0.43366929333076015,0.0021720099472653013,28.5931392439953,1661.2055655094628,0.0010280278173681373,3.1037605436959324e-06,2.4360358867700866e-05,0.0,0.973979792308794,0.0029405819557143907,137325.00000000003
nominal,944.0,False,11,0.43366929333076015,0.0021720099472653013,28.5931392439953,1689.7987047534662,0.0010280014886312177,3.130089280615403e-06,2.4360358867700866e-05,0.0,0.9739548477914538,0.0029655264730546215,137324.99999999997
nominal,945.0,False,11,0.43366929333076015,0.0021720099472653013,28.5931392439953,1718.3918439974696,0.0010279751598942983,3.1564180175348734e-06,2.4360358867700866e-05,0.0,0.9739299032741134,0.0029904709903948515,137325.00000000003
nominal,946.0,False,11,0.43366929333076015,0.0021720099472653013,28.5931392439953,1746.984983241473,0.0010279488311573787,3.182746754454344e-06,2.4360358867700866e-05,0.0,0.9739049587567733,0.0030154155077350823,137324.99999999997
nominal,947.0,False,11,0.43366929333076015,0.0021720099472653013,28.5931392439953,1775.5781224854763,0.0010279225024204593,3.2090754913738143e-06,2.4360358867700866e-05,0.0,0.9738800142394329,0.0030403600250753123,137325.00000000003
nominal,948.0,False,11,0.43366929333076015,0.0021720099472653013,28.5931392439953,1804.1712617294797,0.00102789617368354,3.235404228293285e-06,2.4360358867700866e-05,0.0,0.9738550697220928,0.0030653045424155426,137325.00000000003
nominal,949.0,False,11,0.43366929333076015,0.0021720099472653013,28.5931392439953,1832.7644009734831,0.0010278698449466205,3.2617329652127553e-06,2.4360358867700866e-05,0.0,0.9738301252047525,0.003090249059755773,137325.00000000003
nominal,950.0,False,11,0.43366929333076015,0.0021720099472653013,28.5931392439953,1861.3575402174865,0.001027843516209701,3.2880617021322258e-06,2.4360358867700866e-05,0.0,0.9738051806874123,0.0031151935770960034,137325.00000000003
nominal,951.0,False,11,0.43366929333076015,0.0021720099472653013,28.5931392439953,1889.95067946149,0.0010278171874727813,3.3143904390516962e-06,2.4360358867700866e-05,0.0,0.973780236170072,0.0031401380944362347,137324.99999999997
nominal,952.0,False,11,0.43366929333076015,0.0021720099472653013,28.5931392439953,1918.5438187054933,0.001027790858735862,3.3407191759711667e-06,2.4360358867700866e-05,0.0,0.9737552916527319,0.003165082611776465,137324.99999999997
nominal,953.0,False,11,0.43366929333076015,0.0021720099472653013,28.5931392439953,1947.1369579494967,0.0010277645299989425,3.367047912890637e-06,2.4360358867700866e-05,0.0,0.9737303471353915,0.003190027129116695,137325.00000000003
nominal,954.0,False,11,0.43366929333076015,0.0021720099472653013,28.5931392439953,1975.7300971935001,0.0010277382012620232,3.3933766498101077e-06,2.4360358867700866e-05,0.0,0.9737054026180514,0.0032149716464569254,137325.00000000003
nominal,955.0,False,11,0.43366929333076015,0.0021720099472653013,28.5931392439953,2004.3232364375035,0.0010277118725251038,3.419705386729578e-06,2.4360358867700866e-05,0.0,0.973680458100711,0.003239916163797155,137325.00000000003
nominal,956.0,False,11,0.43366929333076015,0.0021720099472653013,28.5931392439953,2032.916375681507,0.001027685543788184,3.4460341236490487e-06,2.4360358867700866e-05,0.0,0.9736555135833709,0.0032648606811373866,137324.99999999997
nominal,957.0,False,11,0.43366929333076015,0.0021720099472653013,28.5931392439953,2061.5095149255103,0.0010276592150512646,3.472362860568519e-06,2.4360358867700866e-05,0.0,0.9736305690660307,0.003289805198477617,137324.99999999997
nominal,958.0,False,11,0.43366929333076015,0.0021720099472653013,28.5931392439953,2090.1026541695137,0.0010276328863143452,3.4986915974879896e-06,2.4360358867700866e-05,0.0,0.9736056245486904,0.003314749715817847,137325.00000000003
nominal,959.0,False,11,0.43366929333076015,0.0021720099472653013,28.5931392439953,2118.695793413517,0.0010276065575774258,3.52502033440746e-06,2.4360358867700866e-05,0.0,0.9735806800313502,0.0033396942331580773,137325.00000000003
nominal,960.0,False,11,0.43366929333076015,0.0021720099472653013,28.5931392439953,2147.2889326575205,0.0010275802288405062,3.5513490713269306e-06,2.4360358867700866e-05,0.0,0.9735557355140101,0.0033646387504983086,137324.99999999997
nominal,961.0,False,11,0.43366929333076015,0.0021720099472653013,28.5931392439953,2175.882071901524,0.0010275539001035866,3.577677808246401e-06,2.4360358867700866e-05,0.0,0.9735307909966697,0.003389583267838539,137324.99999999997
nominal,962.0,False,11,0.43366929333076015,0.0021720099472653013,28.5931392439953,2204.4752111455273,0.0010275275713666672,3.6040065451658716e-06,2.4360358867700866e-05,0.0,0.9735058464793296,0.0034145277851787693,137324.99999999997
nominal,963.0,False,11,0.43366929333076015,0.0021720099472653013,28.5931392439953,2233.0683503895307,0.0010275012426297478,3.630335282085342e-06,2.4360358867700866e-05,0.0,0.9734809019619892,0.003439472302518999,137325.00000000003
nominal,964.0,False,11,0.43366929333076015,0.0021720099472653013,28.5931392439953,2261.661489633534,0.0010274749138928284,3.6566640190048125e-06,2.4360358867700866e-05,0.0,0.9734559574446491,0.0034644168198592297,137325.00000000003
nominal,965.0,False,11,0.43366929333076015,0.0021720099472653013,28.5931392439953,2290.2546288775375,0.0010274485851559088,3.682992755924283e-06,2.4360358867700866e-05,0.0,0.9734310129273089,0.0034893613371994605,137324.99999999997
nominal,966.0,False,12,0.36951124816815667,0.0021605374271887836,28.442110762546392,18.715169852995114,0.0010331441740451142,1.591332086785875e-06,2.0756430647634004e-05,0.0,0.9788271592082398,0.0015076686342496094,137324.99999999997
nominal,967.0,False,12,0.4327190067952336,0.0021718400203086796,28.59090226292709,47.27223716079666,0.0010295672972130028,1.6176608237053244e-06,2.4306978742825583e-05,0.0,0.9754383348056349,0.0015326131515898203,137324.99999999994
nominal,968.0,False,12,0.43365521801881324,0.002172007430366626,28.593106110613764,75.8648421198837,0.0010294883789989566,1.6439895606247737e-06,2.4359568219952744e-05,0.0,0.9753635656754345,0.0015575576689300299,137325.00000000003
nominal,969.0,False,12,0.43366908485216094,0.0021720099099858782,28.59313875323524,104.45797345023773,0.001029461271325087,1.670318297544223e-06,2.4360347156902865e-05,0.0,0.9753378831733471,0.0015825021862702407,137324.99999999997
nominal,970.0,False,12,0.4336692902428487,0.002172009946713132,28.593139236726337,133.05111257701898,0.0010294349310508255,1.6966470344636723e-06,2.436035869424466e-05,0.0,0.9753129277252348,0.0016074467036104514,137324.99999999994
nominal,971.0,False,12,0.4336692932850238,0.002172009947257123,28.593139243887638,161.6442518192781,0.0010294086021430194,1.7229757713831216e-06,2.436035886513173e-05,0.0,0.9752879830459916,0.0016323912209506607,137325.00000000003
nominal,972.0,False,12,0.4336692933300834,0.0021720099472651803,28.593139243993708,190.23739106324757,0.0010293822734035684,1.749304508302571e-06,2.436035886766285e-05,0.0,0.9752630385262535,0.001657335738290872,137324.99999999994
nominal,973.0,False,12,0.43366929333075077,0.0021720099472653,28.59313924399528,218.83053030724244,0.0010293559446666117,1.7756332452220202e-06,2.4360358867700338e-05,0.0,0.9752380940088778,0.001682280255631082,137324.99999999997
nominal,974.0,False,12,0.43366929333076015,0.0021720099472653013,28.5931392439953,247.4236695512373,0.0010293296159296916,1.8019619821414696e-06,2.4360358867700866e-05,0.0,0.9752131494915369,0.001707224772971292,137325.00000000003
nominal,975.0,False,12,0.43366929333076015,0.0021720099472653013,28.5931392439953,276.01680879523417,0.0010293032871927722,1.8282907190609189e-06,2.4360358867700866e-05,0.0,0.9751882049741968,0.0017321692903115025,137325.00000000003
nominal,976.0,False,12,0.43366929333076015,0.0021720099472653013,28.5931392439953,304.6099480392319,0.0010292769584558526,1.8546194559803682e-06,2.4360358867700866e-05,0.0,0.9751632604568566,0.0017571138076517131,137324.99999999997
nominal,977.0,False,12,0.43366929333076015,0.0021720099472653013,28.5931392439953,333.2030872832296,0.0010292506297189332,1.8809481928998175e-06,2.4360358867700866e-05,0.0,0.9751383159395164,0.0017820583249919236,137324.99999999997
nominal,978.0,False,12,0.43366929333076015,0.0021720099472653013,28.5931392439953,361.7962265272273,0.0010292243009820139,1.9072769298192668e-06,2.4360358867700866e-05,0.0,0.975113371422176,0.0018070028423321336,137325.00000000003
nominal,979.0,False,12,0.43366929333076015,0.0021720099472653013,28.5931392439953,390.389365771225,0.0010291979722450945,1.9336056667387373e-06,2.4360358867700866e-05,0.0,0.9750884269048359,0.001831947359672364,137325.00000000003
nominal,980.0,False,12,0.43366929333076015,0.0021720099472653013,28.5931392439953,418.9825050152227,0.0010291716435081749,1.9599344036582077e-06,2.4360358867700866e-05,0.0,0.9750634823874957,0.0018568918770125948,137324.99999999997
nominal,981.0,False,12,0.43366929333076015,0.0021720099472653013,28.5931392439953,447.57564425922044,0.0010291453147712555,1.9862631405776782e-06,2.4360358867700866e-05,0.0,0.9750385378701554,0.0018818363943528247,137325.00000000003
nominal,982.0,False,12,0.43366929333076015,0.0021720099472653013,28.5931392439953,476.16878350321815,0.0010291189860343359,2.0125918774971487e-06,2.4360358867700866e-05,0.0,0.9750135933528152,0.0019067809116930555,137324.99999999997
nominal,983.0,False,12,0.43366929333076015,0.0021720099472653013,28.5931392439953,504.76192274721586,0.0010290926572974165,2.038920614416619e-06,2.4360358867700866e-05,0.0,0.9749886488354749,0.0019317254290332857,137325.00000000003
nominal,984.0,False,12,0.43366929333076015,0.0021720099472653013,28.5931392439953,533.3550619912094,0.001029066328560497,2.0652493513360897e-06,2.4360358867700866e-05,0.0,0.9749637043181347,0.001956669946373516,137325.00000000003
nominal,985.0,False,12,0.43366929333076015,0.0021720099472653013,28.5931392439953,561.9482012352014,0.0010290399998235775,2.09157808825556e-06,2.4360358867700866e-05,0.0,0.9749387598007946,0.001981614463713747,137324.99999999997
nominal,986.0,False,12,0.43366929333076015,0.0021720099472653013,28.5931392439953,590.5413404791934,0.001029013671086658,2.1179068251750306e-06,2.4360358867700866e-05,0.0,0.9749138152834542,0.002006558981053977,137325.00000000003
nominal,987.0,False,12,0.43366929333076015,0.0021720099472653013,28.5931392439953,619.1344797231854,0.0010289873423497387,2.144235562094501e-06,2.4360358867700866e-05,0.0,0.9748888707661141,0.0020315034983942075,137325.00000000003
nominal,988.0,False,12,0.43366929333076015,0.0021720099472653013,28.5931392439953,647.7276189671775,0.001028961013612819,2.1705642990139716e-06,2.4360358867700866e-05,0.0,0.9748639262487739,0.0020564480157344383,137324.99999999997
nominal,989.0,False,12,0.43366929333076015,0.0021720099472653013,28.5931392439953,676.3207582111695,0.0010289346848758997,2.196893035933442e-06,2.4360358867700866e-05,0.0,0.9748389817314336,0.0020813925330746682,137325.00000000003
nominal,990.0,False,12,0.43366929333076015,0.0021720099472653013,28.5931392439953,704.9138974551615,0.00102890835613898,2.2232217728529126e-06,2.4360358867700866e-05,0.0,0.9748140372140934,0.002106337050414899,137324.99999999997
nominal,991.0,False,12,0.43366929333076015,0.0021720099472653013,28.5931392439953,733.5070366991536,0.0010288820274020607,2.249550509772383e-06,2.4360358867700866e-05,0.0,0.9747890926967531,0.002131281567755129,137325.00000000003
nominal,992.0,False,12,0.43366929333076015,0.0021720099472653013,28.5931392439953,762.1001759431456,0.0010288556986651413,2.2758792466918535e-06,2.4360358867700866e-05,0.0,0.9747641481794129,0.0021562260850953594,137325.00000000003
nominal,993.0,False,12,0.43366929333076015,0.0021720099472653013,28.5931392439953,790.6933151871376,0.001028829369928222,2.302207983611324e-06,2.4360358867700866e-05,0.0,0.9747392036620728,0.0021811706024355898,137325.00000000003
nominal,994.0,False,12,0.43366929333076015,0.0021720099472653013,28.5931392439953,819.2864544311296,0.0010288030411913023,2.3285367205307945e-06,2.4360358867700866e-05,0.0,0.9747142591447324,0.00220611511977582,137325.00000000003
nominal,995.0,False,12,0.43366929333076015,0.0021720099472653013,28.5931392439953,847.8795936751217,0.0010287767124543827,2.354865457450265e-06,2.4360358867700866e-05,0.0,0.9746893146273923,0.002231059637116051,137324.99999999997
nominal,996.0,False,12,0.43366929333076015,0.0021720099472653013,28.5931392439953,876.4727329191137,0.0010287503837174633,2.3811941943697355e-06,2.4360358867700866e-05,0.0,0.974664370110052,0.002256004154456282,137324.99999999997
nominal,997.0,False,12,0.43366929333076015,0.0021720099472653013,28.5931392439953,905.0658721631057,0.001028724054980544,2.407522931289206e-06,2.4360358867700866e-05,0.0,0.9746394255927118,0.0022809486717965117,137325.00000000003
nominal,998.0,False,12,0.43366929333076015,0.0021720099472653013,28.5931392439953,933.6590114070978,0.0010286977262436246,2.4338516682086764e-06,2.4360358867700866e-05,0.0,0.9746144810753715,0.002305893189136742,137325.00000000003
nominal,999.0,False,12,0.43366929333076015,0.0021720099472653013,28.5931392439953,962.2521506510898,0.0010286713975067047,2.460180405128147e-06,2.4360358867700866e-05,0.0,0.9745895365580312,0.002330837706476973,137324.99999999997
nominal,1000.0,False,12,0.43366929333076015,0.0021720099472653013,28.5931392439953,990.8452898950816,0.0010286450687697853,2.486509142047617e-06,2.4360358867700866e-05,0.0,0.974564592040691,0.002355782223817203,137324.99999999997
wet_low_load,0.0,False,0,0.0,0.0012035137566728954,15.843498539193694,0.0,0.001055491936779534,0.0,0.0,0.0,1.0,0.0,137324.99999999997
wet_low_load,1.0,False,0,0.8833231280218113,0.001231188100812356,16.207813802326875,16.179233690362672,0.001005846996059544,2.63287369194565e-08,4.961861198307056e-05,0.0,0.9529651160846722,2.494451734021718e-05,137324.99999999997
wet_low_load,2.0,False,0,0.883323128021883,0.0012311881008123609,16.20781380232694,32.387047492689526,0.0010058206673226205,5.2657473838913086e-08,4.961861198307459e-05,0.0,0.9529401715673279,4.988903468043443e-05,137325.00000000003
wet_low_load,3.0,False,0,0.883323128021883,0.0012311881008123609,16.20781380232694,48.59486129501638,0.001005794338585701,7.898621075836919e-08,4.961861198307459e-05,0.0,0.9529152270499878,7.483355202065123e-05,137325.00000000003
wet_low_load,4.0,False,0,0.883323128021883,0.0012311881008123609,16.20781380232694,64.80267509734327,0.0010057680098487815,1.0531494767782511e-07,4.961861198307459e-05,0.0,0.9528902825326476,9.977806936086789e-05,137324.99999999997
wet_low_load,5.0,False,0,0.883323128021883,0.0012311881008123609,16.20781380232694,81.01048889967083,0.001005741681111862,1.3164368459728166e-07,4.961861198307459e-05,0.0,0.9528653380153073,0.00012472258670108508,137325.00000000003
wet_low_load,6.0,False,0,0.883323128021883,0.0012311881008123609,16.20781380232694,97.2183027019984,0.0010057153523749427,1.579724215167389e-07,4.961861198307459e-05,0.0,0.9528403934979671,0.00014966710404130297,137325.00000000003
wet_low_load,7.0,False,0,0.883323128021883,0.0012311881008123609,16.20781380232694,113.42611650432596,0.0010056890236380233,1.8430115843619615e-07,4.961861198307459e-05,0.0,0.952815448980627,0.00017461162138152084,137325.00000000003
wet_low_load,8.0,False,0,0.883323128021883,0.0012311881008123609,16.20781380232694,129.63393030665353,0.0010056626949011037,2.106298953556534e-07,4.961861198307459e-05,0.0,0.9527905044632868,0.00019955613872173878,137324.99999999997
wet_low_load,9.0,False,0,0.883323128021883,0.0012311881008123609,16.20781380232694,145.8417441089811,0.0010056363661641843,2.3695863227511065e-07,4.961861198307459e-05,0.0,0.9527655599459465,0.00022450065606195661,137325.00000000003
wet_low_load,10.0,False,0,0.883323128021883,0.0012311881008123609,16.20781380232694,162.04955791130865,0.0010056100374272647,2.632873691945654e-07,4.961861198307459e-05,0.0,0.9527406154286062,0.00024944517340217217,137324.99999999997
wet_low_load,11.0,False,0,0.883323128021883,0.0012311881008123609,16.20781380232694,178.25737171363622,0.0010055837086903453,2.8961610611402e-07,4.961861198307459e-05,0.0,0.9527156709112661,0.00027438969074238754,137324.99999999997
wet_low_load,12.0,False,0,0.883323128021883,0.0012311881008123609,16.20781380232694,194.46518551596378,0.001005557379953426,3.159448430334746e-07,4.961861198307459e-05,0.0,0.9526907263939258,0.00029933420808260286,137325.00000000003
wet_low_load,13.0,False,0,0.883323128021883,0.0012311881008123609,16.20781380232694,210.67299931829135,0.0010055310512165066,3.422735799529292e-07,4.961861198307459e-05,0.0,0.9526657818765856,0.0003242787254228182,137325.00000000003
wet_low_load,14.0,False,0,0.883323128021883,0.0012311881008123609,16.20781380232694,226.8808131206189,0.0010055047224795872,3.686023168723838e-07,4.961861198307459e-05,0.0,0.9526408373592454,0.00034922324276303365,137325.00000000003
wet_low_load,15.0,False,0,0.883323128021883,0.0012311881008123609,16.20781380232694,243.08862692294647,0.0010054783937426676,3.949310537918384e-07,4.961861198307459e-05,0.0,0.9526158928419051,0.000374167760103249,137325.00000000003
wet_low_load,16.0,False,0,0.883323128021883,0.0012311881008123609,16.20781380232694,259.296440725274,0.001005452065005748,4.21259790711293e-07,4.961861198307459e-05,0.0,0.9525909483245649,0.00039911227744346444,137324.99999999997
wet_low_load,17.0,False,0,0.883323128021883,0.0012311881008123609,16.20781380232694,275.5042545276016,0.0010054257362688286,4.475885276307476e-07,4.961861198307459e-05,0.0,0.9525660038072248,0.00042405679478367986,137324.99999999997
wet_low_load,18.0,False,0,0.883323128021883,0.0012311881008123609,16.20781380232694,291.71206832992914,0.0010053994075319092,4.739172645502022e-07,4.961861198307459e-05,0.0,0.9525410592898844,0.0004490013121238951,137325.00000000003
wet_low_load,19.0,False,0,0.883323128021883,0.0012311881008123609,16.20781380232694,307.9198821322567,0.0010053730787949898,5.002460014696614e-07,4.961861198307459e-05,0.0,0.9525161147725443,0.00047394582946411494,137325.00000000003
wet_low_load,20.0,False,0,0.883323128021883,0.0012311881008123609,16.20781380232694,324.12769593458427,0.0010053467500580704,5.265747383891213e-07,4.961861198307459e-05,0.0,0.9524911702552041,0.0004988903468043353,137325.00000000003
wet_low_load,21.0,False,0,0.883323128021883,0.0012311881008123609,16.20781380232694,340.33550973691183,0.0010053204213211508,5.529034753085812e-07,4.961861198307459e-05,0.0,0.952466225737864,0.0005238348641445558,137324.99999999997
wet_low_load,22.0,False,0,0.883323128021883,0.0012311881008123609,16.20781380232694,356.5433235392394,0.0010052940925842314,5.792322122280411e-07,4.961861198307459e-05,0.0,0.9524412812205236,0.0005487793814847761,137325.00000000003
wet_low_load,23.0,False,0,0.883323128021883,0.0012311881008123609,16.20781380232694,372.75113734156696,0.0010052677638473118,6.05560949147501e-07,4.961861198307459e-05,0.0,0.9524163367031835,0.0005737238988249966,137324.99999999997
wet_low_load,24.0,False,0,0.883323128021883,0.0012311881008123609,16.20781380232694,388.9589511438945,0.0010052414351103924,6.318896860669609e-07,4.961861198307459e-05,0.0,0.9523913921858433,0.000598668416165217,137324.99999999997
wet_low_load,25.0,False,0,0.883323128021883,0.0012311881008123609,16.20781380232694,405.1667649462221,0.001005215106373473,6.582184229864208e-07,4.961861198307459e-05,0.0,0.952366447668503,0.0006236129335054373,137325.00000000003
wet_low_load,26.0,False,0,0.883323128021883,0.0012311881008123609,16.20781380232694,421.37457874854965,0.0010051887776365536,6.845471599058807e-07,4.961861198307459e-05,0.0,0.9523415031511628,0.0006485574508456577,137325.00000000003
wet_low_load,27.0,False,0,0.883323128021883,0.0012311881008123609,16.20781380232694,437.5823925508772,0.001005162448899634,7.108758968253406e-07,4.961861198307459e-05,0.0,0.9523165586338226,0.0006735019681858782,137324.99999999997
wet_low_load,28.0,False,0,0.883323128021883,0.0012311881008123609,16.20781380232694,453.7902063532048,0.0010051361201627146,7.372046337448005e-07,4.961861198307459e-05,0.0,0.9522916141164823,0.0006984464855260984,137325.00000000003
wet_low_load,29.0,False,0,0.883323128021883,0.0012311881008123609,16.20781380232694,469.99802015553234,0.001005109791425795,7.635333706642604e-07,4.961861198307459e-05,0.0,0.9522666695991421,0.0007233910028663189,137324.99999999997
wet_low_load,30.0,False,0,0.883323128021883,0.0012311881008123609,16.20781380232694,486.2058339578599,0.0010050834626888756,7.898621075837203e-07,4.961861198307459e-05,0.0,0.9522417250818019,0.0007483355202065393,137324.99999999997
wet_low_load,31.0,False,0,0.883323128021883,0.0012311881008123609,16.20781380232694,502.4136477601875,0.0010050571339519563,8.161908445031802e-07,4.961861198307459e-05,0.0,0.9522167805644616,0.0007732800375467596,137325.00000000003
wet_low_load,32.0,False,0,0.883323128021883,0.0012311881008123609,16.20781380232694,518.621461562515,0.0010050308052150369,8.425195814226401e-07,4.961861198307459e-05,0.0,0.9521918360471214,0.00079822455488698,137325.00000000003
wet_low_load,33.0,False,0,0.883323128021883,0.0012311881008123609,16.20781380232694,534.8292753648426,0.0010050044764781173,8.688483183421e-07,4.961861198307459e-05,0.0,0.9521668915297813,0.0008231690722272006,137324.99999999997
wet_low_load,34.0,False,0,0.883323128021883,0.0012311881008123609,16.20781380232694,551.0370891671702,0.0010049781477411979,8.951770552615599e-07,4.961861198307459e-05,0.0,0.9521419470124409,0.0008481135895674208,137325.00000000003
wet_low_load,35.0,False,0,0.883323128021883,0.0012311881008123609,16.20781380232694,567.2449029694977,0.0010049518190042783,9.215057921810198e-07,4.961861198307459e-05,0.0,0.9521170024951008,0.0008730581069076414,137324.99999999997
wet_low_load,36.0,False,0,0.883323128021883,0.0012311881008123609,16.20781380232694,583.4527167718253,0.0010049254902673589,9.478345291004797e-07,4.961861198307459e-05,0.0,0.9520920579777606,0.0008980026242478618,137324.99999999997
wet_low_load,37.0,False,0,0.883323128021883,0.0012311881008123609,16.20781380232694,599.6605305741529,0.0010048991615304395,9.741632660199314e-07,4.961861198307459e-05,0.0,0.9520671134604203,0.0009229471415880742,137325.00000000003
wet_low_load,38.0,False,0,0.883323128021883,0.0012311881008123609,16.20781380232694,615.8683443764804,0.00100487283279352,1.0004920029393807e-06,4.961861198307459e-05,0.0,0.9520421689430801,0.0009478916589282846,137325.00000000003
wet_low_load,39.0,False,0,0.883323128021883,0.0012311881008123609,16.20781380232694,632.076158178808,0.0010048465040566005,1.02682073985883e-06,4.961861198307459e-05,0.0,0.95201722442574,0.0009728361762684952,137324.99999999997
wet_low_load,40.0,False,0,0.883323128021883,0.0012311881008123609,16.20781380232694,648.2839719811356,0.001004820175319681,1.0531494767782793e-06,4.961861198307459e-05,0.0,0.9519922799083996,0.0009977806936087054,137325.00000000003
wet_low_load,41.0,False,0,0.883323128021883,0.0012311881008123609,16.20781380232694,664.4917857834631,0.0010047938465827617,1.0794782136977286e-06,4.961861198307459e-05,0.0,0.9519673353910595,0.0010227252109489156,137325.00000000003
wet_low_load,42.0,False,0,0.883323128021883,0.0012311881008123609,16.20781380232694,680.6995995857907,0.001004767517845842,1.105806950617178e-06,4.961861198307459e-05,0.0,0.9519423908737193,0.0010476697282891263,137324.99999999997
wet_low_load,43.0,False,0,0.883323128021883,0.0012311881008123609,16.20781380232694,696.9074133881182,0.0010047411891089227,1.1321356875366272e-06,4.961861198307459e-05,0.0,0.9519174463563792,0.0010726142456293367,137324.99999999997
wet_low_load,44.0,False,0,0.883323128021883,0.0012311881008123609,16.20781380232694,713.1152271904458,0.0010047148603720033,1.1584644244560765e-06,4.961861198307459e-05,0.0,0.9518925018390388,0.0010975587629695467,137325.00000000003
wet_low_load,45.0,False,0,0.883323128021883,0.0012311881008123609,16.20781380232694,729.3230409927734,0.001004688531635084,1.1847931613755259e-06,4.961861198307459e-05,0.0,0.9518675573216987,0.0011225032803097571,137325.00000000003
wet_low_load,46.0,False,0,0.883323128021883,0.0012311881008123609,16.20781380232694,745.5308547951009,0.0010046622028981643,1.2111218982949752e-06,4.961861198307459e-05,0.0,0.9518426128043584,0.0011474477976499678,137324.99999999997
wet_low_load,47.0,False,0,0.883323128021883,0.0012311881008123609,16.20781380232694,761.7386685974285,0.001004635874161245,1.2374506352144245e-06,4.961861198307459e-05,0.0,0.9518176682870183,0.001172392314990178,137324.99999999997
wet_low_load,48.0,False,0,0.883323128021883,0.0012311881008123609,16.20781380232694,777.9464823997561,0.0010046095454243256,1.2637793721338738e-06,4.961861198307459e-05,0.0,0.9517927237696779,0.0011973368323303882,137325.00000000003
wet_low_load,49.0,False,0,0.883323128021883,0.0012311881008123609,16.20781380232694,794.1542962020836,0.001004583216687406,1.290108109053323e-06,4.961861198307459e-05,0.0,0.9517677792523378,0.0012222813496705989,137324.99999999997
wet_low_load,50.0,False,0,0.883323128021883,0.0012311881008123609,16.20781380232694,810.3621100044112,0.0010045568879504866,1.3164368459727724e-06,4.961861198307459e-05,0.0,0.9517428347349977,0.001247225867010809,137324.99999999997
wet_low_load,51.0,False,0,0.883323128021883,0.0012311881008123609,16.20781380232694,826.5699238067388,0.0010045305592135672,1.3427655828922217e-06,4.961861198307459e-05,0.0,0.9517178902176573,0.0012721703843510193,137325.00000000003
wet_low_load,52.0,False,0,0.883323128021883,0.0012311881008123609,16.20781380232694,842.7777376090663,0.0010045042304766478,1.369094319811671e-06,4.961861198307459e-05,0.0,0.9516929457003171,0.0012971149016912297,137325.00000000003
wet_low_load,53.0,False,0,0.883323128021883,0.0012311881008123609,16.20781380232694,858.9855514113939,0.0010044779017397284,1.3954230567311203e-06,4.961861198307459e-05,0.0,0.951668001182977,0.00132205941903144,137325.00000000003
wet_low_load,54.0,False,0,0.883323128021883,0.0012311881008123609,16.20781380232694,875.1933652137214,0.0010044515730028088,1.4217517936505696e-06,4.961861198307459e-05,0.0,0.9516430566656369,0.0013470039363716506,137324.99999999997
wet_low_load,55.0,False,0,0.883323128021883,0.0012311881008123609,16.20781380232694,891.401179016049,0.0010044252442658892,1.448080530570019e-06,4.961861198307459e-05,0.0,0.9516181121482965,0.001371948453711861,137324.99999999997
wet_low_load,56.0,False,0,0.883323128021883,0.0012311881008123609,16.20781380232694,907.6089928183766,0.0010043989155289698,1.4744092674894682e-06,4.961861198307459e-05,0.0,0.9515931676309564,0.0013968929710520713,137324.99999999997
wet_low_load,57.0,False,0,0.883323128021883,0.0012311881008123609,16.20781380232694,923.8168066207041,0.0010043725867920504,1.5007380044089175e-06,4.961861198307459e-05,0.0,0.9515682231136162,0.0014218374883922817,137324.99999999997
wet_low_load,58.0,False,0,0.883323128021883,0.0012311881008123609,16.20781380232694,940.0246204230317,0.0010043462580551312,1.5270667413283668e-06,4.961861198307459e-05,0.0,0.9515432785962759,0.0014467820057324915,137325.00000000003
wet_low_load,59.0,False,0,0.883323128021883,0.0012311881008123609,16.20781380232694,956.2324342253593,0.0010043199293182116,1.5533954782478161e-06,4.961861198307459e-05,0.0,0.9515183340789357,0.0014717265230727021,137325.00000000003
wet_low_load,60.0,False,0,0.883323128021883,0.0012311881008123609,16.20781380232694,972.4402480276868,0.001004293600581292,1.5797242151672655e-06,4.961861198307459e-05,0.0,0.9514933895615956,0.0014966710404129128,137324.99999999997
wet_low_load,61.0,False,0,0.883323128021883,0.0012311881008123609,16.20781380232694,988.6480618300144,0.0010042672718443726,1.6060529520867148e-06,4.961861198307459e-05,0.0,0.9514684450442553,0.0015216155577531232,137324.99999999997
wet_low_load,62.0,False,0,0.883323128021883,0.0012311881008123609,16.20781380232694,1004.855875632342,0.0010042409431074532,1.632381689006164e-06,4.961861198307459e-05,0.0,0.9514435005269151,0.0015465600750933332,137325.00000000003
wet_low_load,63.0,False,0,0.883323128021883,0.0012311881008123609,16.20781380232694,1021.0636894346695,0.0010042146143705336,1.6587104259256134e-06,4.961861198307459e-05,0.0,0.9514185560095748,0.0015715045924335439,137324.99999999997
wet_low_load,64.0,False,0,0.883323128021883,0.0012311881008123609,16.20781380232694,1037.2715032369879,0.0010041882856336145,1.6850391628450627e-06,4.961861198307459e-05,0.0,0.9513936114922347,0.0015964491097737539,137325.00000000003
wet_low_load,65.0,False,0,0.883323128021883,0.0012311881008123609,16.20781380232694,1053.479317039304,0.0010041619568966949,1.711367899764512e-06,4.961861198307459e-05,0.0,0.9513686669748945,0.0016213936271139648,137324.99999999997
wet_low_load,66.0,False,0,0.883323128021883,0.0012311881008123609,16.20781380232694,1069.6871308416203,0.0010041356281597755,1.7376966366839613e-06,4.961861198307459e-05,0.0,0.9513437224575542,0.0016463381444541748,137325.00000000003
wet_low_load,67.0,False,0,0.883323128021883,0.0012311881008123609,16.20781380232694,1085.8949446439365,0.001004109299422856,1.7640253736034106e-06,4.961861198307459e-05,0.0,0.951318777940214,0.001671282661794385,137325.00000000003
wet_low_load,68.0,False,0,0.883323128021883,0.0012311881008123609,16.20781380232694,1102.1027584462527,0.0010040829706859365,1.79035411052286e-06,4.961861198307459e-05,0.0,0.9512938334228739,0.0016962271791345958,137324.99999999997
wet_low_load,69.0,False,0,0.883323128021883,0.0012311881008123609,16.20781380232694,1118.3105722485689,0.0010040566419490169,1.8166828474423092e-06,4.961861198307459e-05,0.0,0.9512688889055335,0.001721171696474806,137324.99999999997
wet_low_load,70.0,False,0,0.883323128021883,0.0012311881008123609,16.20781380232694,1134.518386050885,0.0010040303132120977,1.8430115843617585e-06,4.961861198307459e-05,0.0,0.9512439443881934,0.001746116213815016,137325.00000000003
wet_low_load,71.0,False,0,0.883323128021883,0.0012311881008123609,16.20781380232694,1150.7261998532013,0.0010040039844751783,1.8693403212812078e-06,4.961861198307459e-05,0.0,0.9512189998708532,0.0017710607311552265,137325.00000000003
wet_low_load,72.0,False,0,0.883323128021883,0.0012311881008123609,16.20781380232694,1166.9340136555174,0.001003977655738259,1.8956690582006571e-06,4.961861198307459e-05,0.0,0.9511940553535131,0.001796005248495437,137325.00000000003
wet_low_load,73.0,False,0,0.883323128021883,0.0012311881008123609,16.20781380232694,1183.1418274578336,0.0010039513270013393,1.9219977951201183e-06,4.961861198307459e-05,0.0,0.9511691108361727,0.0018209497658356584,137325.00000000003
wet_low_load,74.0,False,0,0.883323128021883,0.0012311881008123609,16.20781380232694,1199.3496412601498,0.0010039249982644197,1.9483265320395888e-06,4.961861198307459e-05,0.0,0.9511441663188326,0.0018458942831758893,137324.99999999997
wet_low_load,75.0,False,0,0.883323128021883,0.0012311881008123609,16.20781380232694,1215.557455062466,0.0010038986695275003,1.9746552689590593e-06,4.961861198307459e-05,0.0,0.9511192218014924,0.0018708388005161196,137324.99999999997
wet_low_load,76.0,False,0,0.883323128021883,0.0012311881008123609,16.20781380232694,1231.7652688647822,0.001003872340790581,2.0009840058785297e-06,4.961861198307459e-05,0.0,0.9510942772841521,0.0018957833178563498,137325.00000000003
wet_low_load,77.0,False,0,0.883323128021883,0.0012311881008123609,16.20781380232694,1247.9730826670984,0.0010038460120536615,2.0273127427980002e-06,4.961861198307459e-05,0.0,0.9510693327668119,0.0019207278351965802,137325.00000000003
wet_low_load,78.0,False,0,0.883323128021883,0.0012311881008123609,16.20781380232694,1264.1808964694146,0.001003819683316742,2.0536414797174707e-06,4.961861198307459e-05,0.0,0.9510443882494716,0.0019456723525368106,137325.00000000003
wet_low_load,79.0,False,0,0.883323128021883,0.0012311881008123609,16.20781380232694,1280.3887102717308,0.0010037933545798225,2.079970216636941e-06,4.961861198307459e-05,0.0,0.9510194437321314,0.001970616869877041,137325.00000000003
wet_low_load,80.0,False,0,0.883323128021883,0.0012311881008123609,16.20781380232694,1296.596524074047,0.001003767025842903,2.1062989535564117e-06,4.961861198307459e-05,0.0,0.9509944992147912,0.001995561387217272,137324.99999999997
wet_low_load,81.0,False,0,0.883323128021883,0.0012311881008123609,16.20781380232694,1312.8043378763632,0.0010037406971059835,2.132627690475882e-06,4.961861198307459e-05,0.0,0.9509695546974509,0.002020505904557502,137325.00000000003
wet_low_load,82.0,False,0,0.883323128021883,0.0012311881008123609,16.20781380232694,1329.0121516786794,0.0010037143683690642,2.1589564273953526e-06,4.961861198307459e-05,0.0,0.9509446101801107,0.0020454504218977323,137325.00000000003
wet_low_load,83.0,False,0,0.883323128021883,0.0012311881008123609,16.20781380232694,1345.2199654809956,0.0010036880396321445,2.185285164314823e-06,4.961861198307459e-05,0.0,0.9509196656627705,0.002070394939237963,137324.99999999997
wet_low_load,84.0,False,0,0.883323128021883,0.0012311881008123609,16.20781380232694,1361.4277792833118,0.0010036617108952252,2.2116139012342936e-06,4.961861198307459e-05,0.0,0.9508947211454302,0.002095339456578193,137325.00000000003
wet_low_load,85.0,False,0,0.883323128021883,0.0012311881008123609,16.20781380232694,1377.635593085628,0.0010036353821583056,2.237942638153764e-06,4.961861198307459e-05,0.0,0.95086977662809,0.002120283973918424,137324.99999999997
wet_low_load,86.0,False,0,0.883323128021883,0.0012311881008123609,16.20781380232694,1393.8434068879442,0.0010036090534213862,2.2642713750732346e-06,4.961861198307459e-05,0.0,0.9508448321107497,0.002145228491258654,137325.00000000003
wet_low_load,87.0,False,0,0.883323128021883,0.0012311881008123609,16.20781380232694,1410.0512206902604,0.0010035827246844668,2.290600111992705e-06,4.961861198307459e-05,0.0,0.9508198875934095,0.0021701730085988843,137325.00000000003
wet_low_load,88.0,False,0,0.883323128021883,0.0012311881008123609,16.20781380232694,1426.2590344925766,0.0010035563959475474,2.3169288489121755e-06,4.961861198307459e-05,0.0,0.9507949430760694,0.0021951175259391146,137325.00000000003
wet_low_load,89.0,False,0,0.883323128021883,0.0012311881008123609,16.20781380232694,1442.4668482948928,0.0010035300672106278,2.343257585831646e-06,4.961861198307459e-05,0.0,0.950769998558729,0.002220062043279345,137325.00000000003
wet_low_load,90.0,False,0,0.883323128021883,0.0012311881008123609,16.20781380232694,1458.674662097209,0.0010035037384737082,2.3695863227511165e-06,4.961861198307459e-05,0.0,0.9507450540413889,0.0022450065606195763,137324.99999999997
wet_low_load,91.0,False,0,0.883323128021883,0.0012311881008123609,16.20781380232694,1474.8824758995252,0.0010034774097367888,2.395915059670587e-06,4.961861198307459e-05,0.0,0.9507201095240487,0.0022699510779598067,137324.99999999997
wet_low_load,92.0,False,0,0.883323128021883,0.0012311881008123609,16.20781380232694,1491.0902897018414,0.0010034510809998692,2.4222437965900575e-06,4.961861198307459e-05,0.0,0.9506951650067084,0.002294895595300037,137324.99999999997
wet_low_load,93.0,False,0,0.883323128021883,0.0012311881008123609,16.20781380232694,1507.2981035041576,0.0010034247522629498,2.448572533509528e-06,4.961861198307459e-05,0.0,0.9506702204893682,0.0023198401126402674,137324.99999999997
wet_low_load,94.0,False,0,0.883323128021883,0.0012311881008123609,16.20781380232694,1523.5059173064737,0.0010033984235260304,2.4749012704289984e-06,4.961861198307459e-05,0.0,0.9506452759720279,0.0023447846299804974,137325.00000000003
wet_low_load,95.0,False,0,0.883323128021883,0.0012311881008123609,16.20781380232694,1539.71373110879,0.001003372094789111,2.501230007348469e-06,4.961861198307459e-05,0.0,0.9506203314546877,0.0023697291473207278,137325.00000000003
wet_low_load,96.0,False,0,0.883323128021883,0.0012311881008123609,16.20781380232694,1555.9215449111061,0.0010033457660521914,2.5275587442679394e-06,4.961861198307459e-05,0.0,0.9505953869373476,0.0023946736646609586,137324.99999999997
wet_low_load,97.0,False,0,0.883323128021883,0.0012311881008123609,16.20781380232694,1572.1293587134223,0.0010033194373152718,2.55388748118741e-06,4.961861198307459e-05,0.0,0.9505704424200072,0.002419618182001189,137324.99999999997
wet_low_load,98.0,False,0,0.883323128021883,0.0012311881008123609,16.20781380232694,1588.3371725157385,0.0010032931085783524,2.5802162181068804e-06,4.961861198307459e-05,0.0,0.9505454979026671,0.0024445626993414194,137324.99999999997
wet_low_load,99.0,False,0,0.883323128021883,0.0012311881008123609,16.20781380232694,1604.5449863180547,0.001003266779841433,2.606544955026351e-06,4.961861198307459e-05,0.0,0.9505205533853268,0.0024695072166816497,137324.99999999997
wet_low_load,100.0,False,0,0.883323128021883,0.0012311881008123609,16.20781380232694,1620.752800120371,0.0010032404511045136,2.6328736919458213e-06,4.961861198307459e-05,0.0,0.9504956088679866,0.0024944517340218797,137325.00000000003
wet_low_load,101.0,False,0,0.883323128021883,0.0012311881008123609,16.20781380232694,1636.9606139226871,0.0010032141223675942,2.659202428865292e-06,4.961861198307459e-05,0.0,0.9504706643506463,0.00251939625136211,137325.00000000003
wet_low_load,102.0,False,0,0.883323128021883,0.0012311881008123609,16.20781380232694,1653.1684277250033,0.0010031877936306746,2.6855311657847623e-06,4.961861198307459e-05,0.0,0.9504457198333061,0.002544340768702341,137325.00000000003
wet_low_load,103.0,False,0,0.883323128021883,0.0012311881008123609,16.20781380232694,1669.3762415273195,0.001003161464893755,2.7118599027042328e-06,4.961861198307459e-05,0.0,0.9504207753159658,0.0025692852860425717,137324.99999999997
wet_low_load,104.0,False,0,0.883323128021883,0.0012311881008123609,16.20781380232694,1685.5840553296357,0.0010031351361568356,2.7381886396237033e-06,4.961861198307459e-05,0.0,0.9503958307986257,0.002594229803382802,137324.99999999997
wet_low_load,105.0,False,0,0.883323128021883,0.0012311881008123609,16.20781380232694,1701.791869131952,0.0010031088074199163,2.7645173765431737e-06,4.961861198307459e-05,0.0,0.9503708862812853,0.002619174320723032,137325.00000000003
wet_low_load,106.0,False,0,0.883323128021883,0.0012311881008123609,16.20781380232694,1717.999682934268,0.0010030824786829969,2.7908461134626442e-06,4.961861198307459e-05,0.0,0.9503459417639452,0.0026441188380632624,137325.00000000003
wet_low_load,107.0,False,0,0.883323128021883,0.0012311881008123609,16.20781380232694,1734.2074967365843,0.0010030561499460773,2.8171748503821147e-06,4.961861198307459e-05,0.0,0.950320997246605,0.0026690633554034933,137324.99999999997
wet_low_load,108.0,False,0,0.883323128021883,0.0012311881008123609,16.20781380232694,1750.4153105389005,0.0010030298212091579,2.843503587301585e-06,4.961861198307459e-05,0.0,0.9502960527292647,0.002694007872743723,137325.00000000003
wet_low_load,109.0,False,0,0.883323128021883,0.0012311881008123609,16.20781380232694,1766.6231243412167,0.0010030034924722383,2.8698323242210557e-06,4.961861198307459e-05,0.0,0.9502711082119245,0.002718952390083954,137324.99999999997
wet_low_load,110.0,False,0,0.883323128021883,0.0012311881008123609,16.20781380232694,1782.8309381435329,0.0010029771637353189,2.896161061140526e-06,4.961861198307459e-05,0.0,0.9502461636945841,0.002743896907424184,137325.00000000003
wet_low_load,111.0,False,0,0.883323128021883,0.0012311881008123609,16.20781380232694,1799.038751945849,0.0010029508349983995,2.9224897980599966e-06,4.961861198307459e-05,0.0,0.950221219177244,0.0027688414247644144,137325.00000000003
wet_low_load,112.0,False,0,0.883323128021883,0.0012311881008123609,16.20781380232694,1815.2465657481653,0.0010029245062614799,2.948818534979467e-06,4.961861198307459e-05,0.0,0.9501962746599039,0.0027937859421046456,137324.99999999997
wet_low_load,113.0,False,0,0.883323128021883,0.0012311881008123609,16.20781380232694,1831.4543795504815,0.0010028981775245605,2.9751472718989376e-06,4.961861198307459e-05,0.0,0.9501713301425635,0.0028187304594448756,137325.00000000003
wet_low_load,114.0,False,0,0.883323128021883,0.0012311881008123609,16.20781380232694,1847.6621933527977,0.0010028718487876409,3.001476008818408e-06,4.961861198307459e-05,0.0,0.9501463856252234,0.0028436749767851064,137324.99999999997
wet_low_load,115.0,False,0,0.883323128021883,0.0012311881008123609,16.20781380232694,1863.8700071551139,0.0010028455200507215,3.0278047457378786e-06,4.961861198307459e-05,0.0,0.9501214411078832,0.0028686194941253368,137324.99999999997
wet_low_load,116.0,False,0,0.883323128021883,0.0012311881008123609,16.20781380232694,1880.07782095743,0.001002819191313802,3.054133482657349e-06,4.961861198307459e-05,0.0,0.9500964965905428,0.0028935640114655667,137325.00000000003
wet_low_load,117.0,False,0,0.883323128021883,0.0012311881008123609,16.20781380232694,1896.2856347597462,0.0010027928625768827,3.0804622195768195e-06,4.961861198307459e-05,0.0,0.9500715520732027,0.002918508528805797,137325.00000000003
wet_low_load,118.0,False,0,0.883323128021883,0.0012311881008123609,16.20781380232694,1912.4934485620624,0.001002766533839963,3.10679095649629e-06,4.961861198307459e-05,0.0,0.9500466075558623,0.0029434530461460275,137325.00000000003
wet_low_load,119.0,False,0,0.883323128021883,0.0012311881008123609,16.20781380232694,1928.7012623643786,0.0010027402051030435,3.1331196934157605e-06,4.961861198307459e-05,0.0,0.9500216630385222,0.0029683975634862583,137324.99999999997
wet_low_load,120.0,False,0,0.883323128021883,0.0012311881008123609,16.20781380232694,1944.9090761666948,0.0010027138763661241,3.159448430335231e-06,4.961861198307459e-05,0.0,0.949996718521182,0.002993342080826489,137324.99999999997
wet_low_load,121.0,False,0,0.883323128021883,0.0012311881008123609,16.20781380232694,1961.116889969011,0.0010026875476292045,3.1857771672547015e-06,4.961861198307459e-05,0.0,0.9499717740038417,0.0030182865981667195,137324.99999999997
wet_low_load,122.0,False,0,0.883323128021883,0.0012311881008123609,16.20781380232694,1977.3247037713272,0.0010026612188922853,3.212105904174172e-06,4.961861198307459e-05,0.0,0.9499468294865016,0.003043231115506949,137325.00000000003
wet_low_load,123.0,False,0,0.883323128021883,0.0012311881008123609,16.20781380232694,1993.5325175736434,0.001002634890155366,3.2384346410936424e-06,4.961861198307459e-05,0.0,0.9499218849691613,0.0030681756328471794,137325.00000000003
wet_low_load,124.0,False,0,0.883323128021883,0.0012311881008123609,16.20781380232694,2009.7403313759596,0.0010026085614184463,3.264763378013113e-06,4.961861198307459e-05,0.0,0.9498969404518209,0.0030931201501874102,137325.00000000003
wet_low_load,125.0,False,0,0.883323128021883,0.0012311881008123609,16.20781380232694,2025.9481451782758,0.0010025822326815267,3.2910921149325834e-06,4.961861198307459e-05,0.0,0.9498719959344808,0.003118064667527641,137324.99999999997
wet_low_load,126.0,False,0,0.883323128021883,0.0012311881008123609,16.20781380232694,2042.155958980592,0.0010025559039446071,3.317420851852054e-06,4.961861198307459e-05,0.0,0.9498470514171404,0.0031430091848678714,137324.99999999997
wet_low_load,127.0,False,0,0.883323128021883,0.0012311881008123609,16.20781380232694,2058.3637727829228,0.0010025295752076877,3.3437495887715244e-06,4.961861198307459e-05,0.0,0.9498221068998003,0.003167953702208102,137324.99999999997
wet_low_load,128.0,False,0,0.883323128021883,0.0012311881008123609,16.20781380232694,2074.5715865852617,0.0010025032464707686,3.370078325690995e-06,4.961861198307459e-05,0.0,0.9497971623824601,0.0031928982195483318,137325.00000000003
wet_low_load,129.0,False,0,0.883323128021883,0.0012311881008123609,16.20781380232694,2090.7794003876006,0.001002476917733849,3.3964070626104653e-06,4.961861198307459e-05,0.0,0.9497722178651198,0.003217842736888562,137325.00000000003
wet_low_load,130.0,False,0,0.883323128021883,0.0012311881008123609,16.20781380232694,2106.9872141899396,0.0010024505889969296,3.422735799529936e-06,4.961861198307459e-05,0.0,0.9497472733477796,0.0032427872542287925,137325.00000000003
wet_low_load,131.0,False,0,0.883323128021883,0.0012311881008123609,16.20781380232694,2123.1950279922785,0.00100242426026001,3.4490645364494063e-06,4.961861198307459e-05,0.0,0.9497223288304395,0.003267731771569024,137324.99999999997
wet_low_load,132.0,False,0,0.883323128021883,0.0012311881008123609,16.20781380232694,2139.4028417946174,0.0010023979315230904,3.4753932733688768e-06,4.961861198307459e-05,0.0,0.9496973843130991,0.003292676288909254,137324.99999999997
wet_low_load,133.0,False,0,0.883323128021883,0.0012311881008123609,16.20781380232694,2155.6106555969563,0.001002371602786171,3.5017220102883473e-06,4.961861198307459e-05,0.0,0.949672439795759,0.0033176208062494846,137324.99999999997
wet_low_load,134.0,False,0,0.883323128021883,0.0012311881008123609,16.20781380232694,2171.8184693992953,0.0010023452740492516,3.5280507472078177e-06,4.961861198307459e-05,0.0,0.9496474952784186,0.003342565323589714,137325.00000000003
wet_low_load,135.0,False,0,0.883323128021883,0.0012311881008123609,16.20781380232694,2188.026283201634,0.0010023189453123322,3.5543794841272882e-06,4.961861198307459e-05,0.0,0.9496225507610785,0.0033675098409299445,137325.00000000003
wet_low_load,136.0,False,0,0.883323128021883,0.0012311881008123609,16.20781380232694,2204.234097003973,0.0010022926165754126,3.5807082210467587e-06,4.961861198307459e-05,0.0,0.9495976062437383,0.0033924543582701757,137324.99999999997
wet_low_load,137.0,False,0,0.883323128021883,0.0012311881008123609,16.20781380232694,2220.441910806312,0.0010022662878384932,3.607036957966229e-06,4.961861198307459e-05,0.0,0.949572661726398,0.0034173988756104057,137325.00000000003
wet_low_load,138.0,False,0,0.883323128021883,0.0012311881008123609,16.20781380232694,2236.649724608651,0.0010022399591015736,3.6333656948856997e-06,4.961861198307459e-05,0.0,0.9495477172090578,0.0034423433929506365,137324.99999999997
wet_low_load,139.0,False,0,0.883323128021883,0.0012311881008123609,16.20781380232694,2252.85753841099,0.0010022136303646542,3.65969443180517e-06,4.961861198307459e-05,0.0,0.9495227726917177,0.003467287910290867,137324.99999999997
wet_low_load,140.0,False,0,0.883323128021883,0.0012311881008123609,16.20781380232694,2269.065352213329,0.0010021873016277348,3.6860231687246406e-06,4.961861198307459e-05,0.0,0.9494978281743773,0.003492232427631097,137325.00000000003
wet_low_load,141.0,False,0,0.883323128021883,0.0012311881008123609,16.20781380232694,2285.273166015668,0.0010021609728908152,3.712351905644111e-06,4.961861198307459e-05,0.0,0.9494728836570372,0.003517176944971328,137324.99999999997
wet_low_load,142.0,True,0,0.8330297195378419,0.0012278336891429677,16.163655091145436,1.4783615979548435,0.0010054910858377278,3.207353621430831e-06,4.679349732037543e-05,0.0,0.9526279176567028,0.0030387286815444113,137325.00000000003
wet_low_load,143.0,False,1,0.8833231275397487,0.001231188100780204,16.207813801903615,17.665448607186864,0.0010042558886439335,1.6174361796087444e-06,4.961861195599182e-05,0.0,0.9514576603096282,0.0015324003180391763,137325.00000000003
wet_low_load,144.0,False,1,0.883323128021883,0.0012311881008123609,16.20781380232694,33.87326240949803,0.0010042295598799312,1.6437649165281937e-06,4.961861198307459e-05,0.0,0.9514327157666289,0.0015573448353793868,137325.00000000003
wet_low_load,145.0,False,1,0.883323128021883,0.0012311881008123609,16.20781380232694,50.081076211824886,0.0010042032311430118,1.670093653447643e-06,4.961861198307459e-05,0.0,0.9514077712492888,0.0015822893527195972,137325.00000000003
wet_low_load,146.0,False,1,0.883323128021883,0.0012311881008123609,16.20781380232694,66.28889001415185,0.0010041769024060924,1.6964223903670923e-06,4.961861198307459e-05,0.0,0.9513828267319486,0.0016072338700598074,137325.00000000003
wet_low_load,147.0,False,1,0.883323128021883,0.0012311881008123609,16.20781380232694,82.49670381647941,0.0010041505736691728,1.7227511272865416e-06,4.961861198307459e-05,0.0,0.9513578822146085,0.0016321783874000183,137324.99999999997
wet_low_load,148.0,False,1,0.883323128021883,0.0012311881008123609,16.20781380232694,98.70451761880697,0.0010041242449322532,1.749079864205991e-06,4.961861198307459e-05,0.0,0.9513329376972681,0.0016571229047402285,137324.99999999997
wet_low_load,149.0,False,1,0.883323128021883,0.0012311881008123609,16.20781380232694,114.91233142113454,0.001004097916195334,1.7754086011254402e-06,4.961861198307459e-05,0.0,0.951307993179928,0.0016820674220804385,137325.00000000003
wet_low_load,150.0,False,1,0.883323128021883,0.0012311881008123609,16.20781380232694,131.1201452234621,0.0010040715874584146,1.8017373380448895e-06,4.961861198307459e-05,0.0,0.9512830486625878,0.001707011939420649,137325.00000000003
wet_low_load,151.0,False,1,0.883323128021883,0.0012311881008123609,16.20781380232694,147.32795902578965,0.0010040452587214953,1.8280660749643388e-06,4.961861198307459e-05,0.0,0.9512581041452477,0.0017319564567608594,137325.00000000003
wet_low_load,152.0,False,1,0.883323128021883,0.0012311881008123609,16.20781380232694,163.53577282811722,0.0010040189299845756,1.8543948118837881e-06,4.961861198307459e-05,0.0,0.9512331596279073,0.0017569009741010696,137325.00000000003
wet_low_load,153.0,False,1,0.883323128021883,0.0012311881008123609,16.20781380232694,179.74358663044478,0.001003992601247656,1.8807235488032375e-06,4.961861198307459e-05,0.0,0.9512082151105672,0.0017818454914412805,137324.99999999997
wet_low_load,154.0,False,1,0.883323128021883,0.0012311881008123609,16.20781380232694,195.95140043277235,0.0010039662725107366,1.9070522857226868e-06,4.961861198307459e-05,0.0,0.951183270593227,0.0018067900087814907,137324.99999999997
wet_low_load,155.0,False,1,0.883323128021883,0.0012311881008123609,16.20781380232694,212.1592142350999,0.0010039399437738173,1.933381022642157e-06,4.961861198307459e-05,0.0,0.9511583260758867,0.0018317345261217204,137325.00000000003
wet_low_load,156.0,False,1,0.883323128021883,0.0012311881008123609,16.20781380232694,228.36702803742747,0.0010039136150368979,1.9597097595616273e-06,4.961861198307459e-05,0.0,0.9511333815585465,0.0018566790434619508,137325.00000000003
wet_low_load,157.0,False,1,0.883323128021883,0.0012311881008123609,16.20781380232694,244.57484183975504,0.0010038872862999785,1.9860384964810978e-06,4.961861198307459e-05,0.0,0.9511084370412063,0.0018816235608021812,137325.00000000003
wet_low_load,158.0,False,1,0.883323128021883,0.0012311881008123609,16.20781380232694,260.7826556420826,0.0010038609575630589,2.0123672334005683e-06,4.961861198307459e-05,0.0,0.9510834925238659,0.0019065680781424116,137325.00000000003
wet_low_load,159.0,False,1,0.883323128021883,0.0012311881008123609,16.20781380232694,276.99046944441017,0.0010038346288261393,2.0386959703200388e-06,4.961861198307459e-05,0.0,0.9510585480065258,0.0019315125954826424,137324.99999999997
wet_low_load,160.0,False,1,0.883323128021883,0.0012311881008123609,16.20781380232694,293.19828324673773,0.0010038083000892197,2.0650247072395092e-06,4.961861198307459e-05,0.0,0.9510336034891854,0.001956457112822873,137324.99999999997
wet_low_load,161.0,False,1,0.883323128021883,0.0012311881008123609,16.20781380232694,309.4060970490653,0.0010037819713523005,2.0913534441589797e-06,4.961861198307459e-05,0.0,0.9510086589718453,0.001981401630163103,137325.00000000003
wet_low_load,162.0,False,1,0.883323128021883,0.0012311881008123609,16.20781380232694,325.61391085139286,0.001003755642615381,2.11768218107845e-06,4.961861198307459e-05,0.0,0.9509837144545051,0.0020063461475033333,137325.00000000003
wet_low_load,163.0,False,1,0.883323128021883,0.0012311881008123609,16.20781380232694,341.8217246537204,0.0010037293138784615,2.1440109179979207e-06,4.961861198307459e-05,0.0,0.9509587699371648,0.0020312906648435637,137325.00000000003
wet_low_load,164.0,False,1,0.883323128021883,0.0012311881008123609,16.20781380232694,358.029538456048,0.001003702985141542,2.170339654917391e-06,4.961861198307459e-05,0.0,0.9509338254198246,0.002056235182183794,137325.00000000003
wet_low_load,165.0,False,1,0.883323128021883,0.0012311881008123609,16.20781380232694,374.23735225837555,0.0010036766564046225,2.1966683918368616e-06,4.961861198307459e-05,0.0,0.9509088809024845,0.002081179699524025,137324.99999999997
wet_low_load,166.0,False,1,0.883323128021883,0.0012311881008123609,16.20781380232694,390.4451660607031,0.001003650327667703,2.222997128756332e-06,4.961861198307459e-05,0.0,0.9508839363851441,0.0021061242168642553,137324.99999999997
wet_low_load,167.0,False,1,0.883323128021883,0.0012311881008123609,16.20781380232694,406.6529798630307,0.0010036239989307835,2.2493258656758026e-06,4.961861198307459e-05,0.0,0.950858991867804,0.002131068734204486,137324.99999999997
wet_low_load,168.0,False,1,0.883323128021883,0.0012311881008123609,16.20781380232694,422.86079366535824,0.0010035976701938641,2.275654602595273e-06,4.961861198307459e-05,0.0,0.9508340473504636,0.002156013251544716,137325.00000000003
wet_low_load,169.0,False,1,0.883323128021883,0.0012311881008123609,16.20781380232694,439.0686074676858,0.0010035713414569447,2.3019833395147436e-06,4.961861198307459e-05,0.0,0.9508091028331235,0.0021809577688849465,137325.00000000003
wet_low_load,170.0,False,1,0.883323128021883,0.0012311881008123609,16.20781380232694,455.2764212700134,0.0010035450127200251,2.328312076434214e-06,4.961861198307459e-05,0.0,0.9507841583157833,0.0022059022862251773,137324.99999999997
wet_low_load,171.0,False,1,0.883323128021883,0.0012311881008123609,16.20781380232694,471.48423507234094,0.0010035186839831057,2.3546408133536845e-06,4.961861198307459e-05,0.0,0.950759213798443,0.0022308468035654072,137325.00000000003
wet_low_load,172.0,False,1,0.883323128021883,0.0012311881008123609,16.20781380232694,487.6920488746685,0.0010034923552461861,2.380969550273155e-06,4.961861198307459e-05,0.0,0.9507342692811028,0.002255791320905638,137324.99999999997
wet_low_load,173.0,False,1,0.883323128021883,0.0012311881008123609,16.20781380232694,503.89986267699607,0.0010034660265092667,2.4072982871926255e-06,4.961861198307459e-05,0.0,0.9507093247637627,0.0022807358382458684,137324.99999999997
wet_low_load,174.0,False,1,0.883323128021883,0.0012311881008123609,16.20781380232694,520.1076764793236,0.0010034396977723473,2.433627024112096e-06,4.961861198307459e-05,0.0,0.9506843802464223,0.0023056803555860984,137325.00000000003
wet_low_load,175.0,False,1,0.883323128021883,0.0012311881008123609,16.20781380232694,536.3154902816511,0.0010034133690354277,2.4599557610315665e-06,4.961861198307459e-05,0.0,0.9506594357290822,0.002330624872926329,137324.99999999997
wet_low_load,176.0,False,1,0.883323128021883,0.0012311881008123609,16.20781380232694,552.5233040839787,0.0010033870402985084,2.486284497951037e-06,4.961861198307459e-05,0.0,0.9506344912117418,0.002355569390266559,137325.00000000003
wet_low_load,177.0,False,1,0.883323128021883,0.0012311881008123609,16.20781380232694,568.7311178863063,0.0010033607115615887,2.5126132348705074e-06,4.961861198307459e-05,0.0,0.9506095466944016,0.0023805139076067904,137324.99999999997
wet_low_load,178.0,False,1,0.883323128021883,0.0012311881008123609,16.20781380232694,584.9389316886338,0.0010033343828246694,2.538941971789978e-06,4.961861198307459e-05,0.0,0.9505846021770614,0.002405458424947021,137324.99999999997
wet_low_load,179.0,False,1,0.883323128021883,0.0012311881008123609,16.20781380232694,601.1467454909614,0.0010033080540877502,2.5652707087094484e-06,4.961861198307459e-05,0.0,0.9505596576597212,0.00243040294228725,137325.00000000003
wet_low_load,180.0,False,1,0.883323128021883,0.0012311881008123609,16.20781380232694,617.354559293289,0.0010032817253508306,2.591599445628919e-06,4.961861198307459e-05,0.0,0.9505347131423809,0.002455347459627481,137325.00000000003
wet_low_load,181.0,False,1,0.883323128021883,0.0012311881008123609,16.20781380232694,633.5623730956165,0.001003255396613911,2.6179281825483894e-06,4.961861198307459e-05,0.0,0.9505097686250408,0.002480291976967712,137324.99999999997
wet_low_load,182.0,False,1,0.883323128021883,0.0012311881008123609,16.20781380232694,649.7701868979441,0.0010032290678769914,2.64425691946786e-06,4.961861198307459e-05,0.0,0.9504848241077004,0.0025052364943079423,137324.99999999997
wet_low_load,183.0,False,1,0.883323128021883,0.0012311881008123609,16.20781380232694,665.9780007002717,0.001003202739140072,2.6705856563873303e-06,4.961861198307459e-05,0.0,0.9504598795903603,0.0025301810116481727,137324.99999999997
wet_low_load,184.0,False,1,0.883323128021883,0.0012311881008123609,16.20781380232694,682.1858145025992,0.0010031764104031526,2.696914393306801e-06,4.961861198307459e-05,0.0,0.9504349350730199,0.0025551255289884027,137325.00000000003
wet_low_load,185.0,False,1,0.883323128021883,0.0012311881008123609,16.20781380232694,698.3936283049268,0.0010031500816662332,2.7232431302262713e-06,4.961861198307459e-05,0.0,0.9504099905556798,0.002580070046328633,137325.00000000003
wet_low_load,186.0,False,1,0.883323128021883,0.0012311881008123609,16.20781380232694,714.6014421072543,0.0010031237529293138,2.7495718671457418e-06,4.961861198307459e-05,0.0,0.9503850460383396,0.0026050145636688634,137325.00000000003
wet_low_load,187.0,False,1,0.883323128021883,0.0012311881008123609,16.20781380232694,730.8092559095819,0.0010030974241923942,2.7759006040652123e-06,4.961861198307459e-05,0.0,0.9503601015209993,0.002629959081009094,137325.00000000003
wet_low_load,188.0,False,1,0.883323128021883,0.0012311881008123609,16.20781380232694,747.0170697119095,0.0010030710954554746,2.8022293409846827e-06,4.961861198307459e-05,0.0,0.9503351570036591,0.002654903598349325,137324.99999999997
wet_low_load,189.0,False,1,0.883323128021883,0.0012311881008123609,16.20781380232694,763.224883514237,0.0010030447667185552,2.8285580779041532e-06,4.961861198307459e-05,0.0,0.950310212486319,0.0026798481156895555,137324.99999999997
wet_low_load,190.0,False,1,0.883323128021883,0.0012311881008123609,16.20781380232694,779.4326973165646,0.0010030184379816358,2.8548868148236237e-06,4.961861198307459e-05,0.0,0.9502852679689786,0.0027047926330297854,137325.00000000003
wet_low_load,191.0,False,1,0.883323128021883,0.0012311881008123609,16.20781380232694,795.6405111188922,0.0010029921092447164,2.881215551743094e-06,4.961861198307459e-05,0.0,0.9502603234516385,0.002729737150370016,137325.00000000003
wet_low_load,192.0,False,1,0.883323128021883,0.0012311881008123609,16.20781380232694,811.8483249212197,0.0010029657805077968,2.9075442886625647e-06,4.961861198307459e-05,0.0,0.9502353789342981,0.002754681667710246,137325.00000000003
wet_low_load,193.0,False,1,0.883323128021883,0.0012311881008123609,16.20781380232694,828.0561387235473,0.0010029394517708774,2.933873025582035e-06,4.961861198307459e-05,0.0,0.950210434416958,0.0027796261850504766,137325.00000000003
wet_low_load,194.0,False,1,0.883323128021883,0.0012311881008123609,16.20781380232694,844.2639525258749,0.0010029131230339578,2.9602017625015056e-06,4.961861198307459e-05,0.0,0.9501854898996178,0.0028045707023907074,137324.99999999997
wet_low_load,195.0,False,1,0.883323128021883,0.0012311881008123609,16.20781380232694,860.4717663282024,0.0010028867942970384,2.986530499420976e-06,4.961861198307459e-05,0.0,0.9501605453822775,0.0028295152197309373,137325.00000000003
wet_low_load,196.0,False,1,0.883323128021883,0.0012311881008123609,16.20781380232694,876.67958013053,0.001002860465560119,3.0128592363404466e-06,4.961861198307459e-05,0.0,0.9501356008649373,0.0028544597370711677,137325.00000000003
wet_low_load,197.0,False,1,0.883323128021883,0.0012311881008123609,16.20781380232694,892.8873939328575,0.0010028341368231994,3.039187973259917e-06,4.961861198307459e-05,0.0,0.9501106563475971,0.0028794042544113985,137324.99999999997
wet_low_load,198.0,False,1,0.883323128021883,0.0012311881008123609,16.20781380232694,909.0952077351851,0.00100280780808628,3.0655167101793876e-06,4.961861198307459e-05,0.0,0.9500857118302568,0.0029043487717516285,137325.00000000003
wet_low_load,199.0,False,1,0.883323128021883,0.0012311881008123609,16.20781380232694,925.3030215375127,0.0010027814793493605,3.091845447098858e-06,4.961861198307459e-05,0.0,0.9500607673129166,0.0029292932890918597,137324.99999999997
wet_low_load,200.0,False,1,0.883323128021883,0.0012311881008123609,16.20781380232694,941.5108353398402,0.001002755150612441,3.1181741840183285e-06,4.961861198307459e-05,0.0,0.9500358227955763,0.0029542378064320893,137325.00000000003
wet_low_load,201.0,False,1,0.883323128021883,0.0012311881008123609,16.20781380232694,957.7186491421678,0.0010027288218755217,3.144502920937799e-06,4.961861198307459e-05,0.0,0.950010878278236,0.0029791823237723196,137325.00000000003
wet_low_load,202.0,False,1,0.883323128021883,0.0012311881008123609,16.20781380232694,973.9264629444954,0.0010027024931386023,3.1708316578572695e-06,4.961861198307459e-05,0.0,0.9499859337608959,0.0030041268411125505,137325.00000000003
wet_low_load,203.0,False,1,0.883323128021883,0.0012311881008123609,16.20781380232694,990.1342767468229,0.0010026761644016827,3.19716039477674e-06,4.961861198307459e-05,0.0,0.9499609892435555,0.003029071358452781,137325.00000000003
wet_low_load,204.0,False,1,0.883323128021883,0.0012311881008123609,16.20781380232694,1006.3420905491505,0.001002649835664763,3.2234891316962105e-06,4.961861198307459e-05,0.0,0.9499360447262154,0.0030540158757930117,137324.99999999997
wet_low_load,205.0,False,1,0.883323128021883,0.0012311881008123609,16.20781380232694,1022.5499043514781,0.0010026235069278437,3.249817868615681e-06,4.961861198307459e-05,0.0,0.9499111002088753,0.003078960393133242,137324.99999999997
wet_low_load,206.0,False,1,0.883323128021883,0.0012311881008123609,16.20781380232694,1038.7577181537952,0.0010025971781909243,3.2761466055351514e-06,4.961861198307459e-05,0.0,0.9498861556915349,0.003103904910473472,137325.00000000003
wet_low_load,207.0,False,1,0.883323128021883,0.0012311881008123609,16.20781380232694,1054.9655319561114,0.001002570849454005,3.302475342454622e-06,4.961861198307459e-05,0.0,0.9498612111741948,0.0031288494278137024,137325.00000000003
wet_low_load,208.0,False,1,0.883323128021883,0.0012311881008123609,16.20781380232694,1071.1733457584276,0.0010025445207170855,3.3288040793740924e-06,4.961861198307459e-05,0.0,0.9498362666568544,0.0031537939451539323,137325.00000000003
wet_low_load,209.0,False,1,0.883323128021883,0.0012311881008123609,16.20781380232694,1087.3811595607438,0.001002518191980166,3.355132816293563e-06,4.961861198307459e-05,0.0,0.9498113221395142,0.003178738462494163,137325.00000000003
wet_low_load,210.0,False,1,0.883323128021883,0.0012311881008123609,16.20781380232694,1103.58897336306,0.0010024918632432463,3.3814615532130334e-06,4.961861198307459e-05,0.0,0.9497863776221741,0.0032036829798343944,137324.99999999997
wet_low_load,211.0,False,1,0.883323128021883,0.0012311881008123609,16.20781380232694,1119.7967871653761,0.0010024655345063267,3.407790290132504e-06,4.961861198307459e-05,0.0,0.9497614331048337,0.003228627497174625,137324.99999999997
wet_low_load,212.0,False,1,0.883323128021883,0.0012311881008123609,16.20781380232694,1136.0046009676923,0.0010024392057694073,3.4341190270519743e-06,4.961861198307459e-05,0.0,0.9497364885874936,0.003253572014514855,137324.99999999997
wet_low_load,213.0,False,1,0.883323128021883,0.0012311881008123609,16.20781380232694,1152.2124147700085,0.0010024128770324881,3.460447763971445e-06,4.961861198307459e-05,0.0,0.9497115440701535,0.003278516531855085,137325.00000000003
wet_low_load,214.0,False,1,0.883323128021883,0.0012311881008123609,16.20781380232694,1168.4202285723247,0.0010023865482955685,3.4867765008909153e-06,4.961861198307459e-05,0.0,0.9496865995528131,0.0033034610491953155,137325.00000000003
wet_low_load,215.0,False,1,0.883323128021883,0.0012311881008123609,16.20781380232694,1184.628042374641,0.0010023602195586491,3.5131052378103858e-06,4.961861198307459e-05,0.0,0.949661655035473,0.003328405566535546,137325.00000000003
wet_low_load,216.0,False,1,0.883323128021883,0.0012311881008123609,16.20781380232694,1200.8358561769571,0.0010023338908217295,3.5394339747298563e-06,4.961861198307459e-05,0.0,0.9496367105181326,0.0033533500838757763,137325.00000000003
wet_low_load,217.0,False,1,0.883323128021883,0.0012311881008123609,16.20781380232694,1217.0436699792733,0.00100230756208481,3.5657627116493267e-06,4.961861198307459e-05,0.0,0.9496117660007924,0.003378294601216007,137324.99999999997
wet_low_load,218.0,False,1,0.883323128021883,0.0012311881008123609,16.20781380232694,1233.2514837815895,0.0010022812333478905,3.5920914485687972e-06,4.961861198307459e-05,0.0,0.9495868214834522,0.003403239118556238,137324.99999999997
wet_low_load,219.0,False,1,0.883323128021883,0.0012311881008123609,16.20781380232694,1249.4592975839057,0.0010022549046109711,3.6184201854882677e-06,4.961861198307459e-05,0.0,0.9495618769661119,0.0034281836358964674,137325.00000000003
wet_low_load,220.0,False,1,0.883323128021883,0.0012311881008123609,16.20781380232694,1265.667111386222,0.0010022285758740518,3.644748922407738e-06,4.961861198307459e-05,0.0,0.9495369324487718,0.003453128153236698,137325.00000000003
wet_low_load,221.0,False,1,0.883323128021883,0.0012311881008123609,16.20781380232694,1281.874925188538,0.0010022022471371322,3.6710776593272087e-06,4.961861198307459e-05,0.0,0.9495119879314315,0.003478072670576929,137324.99999999997
wet_low_load,222.0,False,1,0.883323128021883,0.0012311881008123609,16.20781380232694,1298.0827389908543,0.0010021759184002128,3.697406396246679e-06,4.961861198307459e-05,0.0,0.9494870434140912,0.0035030171879171586,137325.00000000003
wet_low_load,223.0,False,1,0.883323128021883,0.0012311881008123609,16.20781380232694,1314.2905527931705,0.0010021495896632932,3.7237351331661496e-06,4.961861198307459e-05,0.0,0.949462098896751,0.00352796170525739,137324.99999999997
wet_low_load,224.0,False,1,0.883323128021883,0.0012311881008123609,16.20781380232694,1330.4983665954867,0.0010021232609263738,3.75006387008562e-06,4.961861198307459e-05,0.0,0.9494371543794107,0.00355290622259762,137325.00000000003
wet_low_load,225.0,False,1,0.883323128021883,0.0012311881008123609,16.20781380232694,1346.7061803978029,0.0010020969321894544,3.7763926070050906e-06,4.961861198307459e-05,0.0,0.9494122098620705,0.00357785073993785,137325.00000000003
wet_low_load,226.0,False,1,0.883323128021883,0.0012311881008123609,16.20781380232694,1362.913994200119,0.0010020706034525348,3.802721343924561e-06,4.961861198307459e-05,0.0,0.9493872653447304,0.003602795257278081,137324.99999999997
wet_low_load,227.0,False,1,0.883323128021883,0.0012311881008123609,16.20781380232694,1379.1218080024353,0.0010020442747156154,3.8290500808440316e-06,4.961861198307459e-05,0.0,0.94936232082739,0.003627739774618311,137325.00000000003
wet_low_load,228.0,False,1,0.883323128021883,0.0012311881008123609,16.20781380232694,1395.3296218047515,0.0010020179459786958,3.855378817763502e-06,4.961861198307459e-05,0.0,0.9493373763100499,0.003652684291958542,137324.99999999997
wet_low_load,229.0,False,1,0.883323128021883,0.0012311881008123609,16.20781380232694,1411.5374356070677,0.0010019916172417764,3.8817075546829725e-06,4.961861198307459e-05,0.0,0.9493124317927097,0.0036776288092987726,137324.99999999997
wet_low_load,230.0,False,1,0.883323128021883,0.0012311881008123609,16.20781380232694,1427.7452494093839,0.001001965288504857,3.908036291602443e-06,4.961861198307459e-05,0.0,0.9492874872753694,0.003702573326639002,137325.00000000003
wet_low_load,231.0,False,1,0.883323128021883,0.0012311881008123609,16.20781380232694,1443.9530632117,0.0010019389597679376,3.9343650285219135e-06,4.961861198307459e-05,0.0,0.9492625427580292,0.0037275178439792325,137325.00000000003
wet_low_load,232.0,False,1,0.883323128021883,0.0012311881008123609,16.20781380232694,1460.1608770140163,0.001001912631031018,3.960693765441384e-06,4.961861198307459e-05,0.0,0.9492375982406889,0.003752462361319463,137325.00000000003
wet_low_load,233.0,False,1,0.883323128021883,0.0012311881008123609,16.20781380232694,1476.3686908163324,0.0010018863022940984,3.9870225023608545e-06,4.961861198307459e-05,0.0,0.9492126537233487,0.003777406878659694,137324.99999999997
wet_low_load,234.0,False,1,0.883323128021883,0.0012311881008123609,16.20781380232694,1492.5765046186486,0.001001859973557179,4.013351239280325e-06,4.961861198307459e-05,0.0,0.9491877092060086,0.0038023513959999245,137324.99999999997
wet_low_load,235.0,False,1,0.883323128021883,0.0012311881008123609,16.20781380232694,1508.7843184209648,0.0010018336448202596,4.0396799761997954e-06,4.961861198307459e-05,0.0,0.9491627646886682,0.003827295913340154,137325.00000000003
wet_low_load,236.0,False,1,0.883323128021883,0.0012311881008123609,16.20781380232694,1524.992132223281,0.0010018073160833402,4.066008713119266e-06,4.961861198307459e-05,0.0,0.9491378201713281,0.003852240430680385,137325.00000000003
wet_low_load,237.0,False,1,0.883323128021883,0.0012311881008123609,16.20781380232694,1541.1999460255972,0.0010017809873464208,4.092337450038736e-06,4.961861198307459e-05,0.0,0.9491128756539879,0.0038771849480206152,137325.00000000003
wet_low_load,238.0,False,1,0.883323128021883,0.0012311881008123609,16.20781380232694,1557.4077598279134,0.0010017546586095012,4.118666186958207e-06,4.961861198307459e-05,0.0,0.9490879311366476,0.0039021294653608456,137325.00000000003
wet_low_load,239.0,False,1,0.883323128021883,0.0012311881008123609,16.20781380232694,1573.6155736302296,0.0010017283298725816,4.144994923877677e-06,4.961861198307459e-05,0.0,0.9490629866193074,0.0039270739827010764,137324.99999999997
wet_low_load,240.0,False,1,0.883323128021883,0.0012311881008123609,16.20781380232694,1589.8233874325458,0.0010017020011356622,4.171323660797148e-06,4.961861198307459e-05,0.0,0.9490380421019671,0.003952018500041306,137325.00000000003
wet_low_load,241.0,False,1,0.883323128021883,0.0012311881008123609,16.20781380232694,1606.031201234862,0.0010016756723987429,4.197652397716618e-06,4.961861198307459e-05,0.0,0.9490130975846269,0.003976963017381536,137325.00000000003
wet_low_load,242.0,False,1,0.883323128021883,0.0012311881008123609,16.20781380232694,1622.2390150371782,0.0010016493436618235,4.223981134636089e-06,4.961861198307459e-05,0.0,0.9489881530672867,0.004001907534721768,137325.00000000003
wet_low_load,243.0,False,1,0.883323128021883,0.0012311881008123609,16.20781380232694,1638.4468288394944,0.0010016230149249039,4.250309871555559e-06,4.961861198307459e-05,0.0,0.9489632085499463,0.004026852052061998,137325.00000000003
wet_low_load,244.0,False,1,0.883323128021883,0.0012311881008123609,16.20781380232694,1654.6546426418106,0.0010015966861879845,4.27663860847503e-06,4.961861198307459e-05,0.0,0.9489382640326062,0.004051796569402228,137325.00000000003
wet_low_load,245.0,False,1,0.883323128021883,0.0012311881008123609,16.20781380232694,1670.8624564441268,0.0010015703574510649,4.3029673453945e-06,4.961861198307459e-05,0.0,0.948913319515266,0.00407674108674246,137324.99999999997
wet_low_load,246.0,False,1,0.883323128021883,0.0012311881008123609,16.20781380232694,1687.070270246443,0.0010015440287141455,4.329296082313971e-06,4.961861198307459e-05,0.0,0.9488883749979257,0.004101685604082689,137325.00000000003
wet_low_load,247.0,False,1,0.883323128021883,0.0012311881008123609,16.20781380232694,1703.2780840487592,0.001001517699977226,4.355624819233441e-06,4.961861198307459e-05,0.0,0.9488634304805855,0.0041266301214229195,137325.00000000003
wet_low_load,248.0,False,1,0.883323128021883,0.0012311881008123609,16.20781380232694,1719.4858978510754,0.0010014913712403065,4.381953556152912e-06,4.961861198307459e-05,0.0,0.9488384859632452,0.00415157463876315,137325.00000000003
wet_low_load,249.0,False,1,0.883323128021883,0.0012311881008123609,16.20781380232694,1735.6937116533916,0.001001465042503387,4.408282293072382e-06,4.961861198307459e-05,0.0,0.948813541445905,0.00417651915610338,137325.00000000003
wet_low_load,250.0,False,1,0.883323128021883,0.0012311881008123609,16.20781380232694,1751.9015254557078,0.0010014387137664675,4.434611029991853e-06,4.961861198307459e-05,0.0,0.9487885969285649,0.0042014636734436115,137324.99999999997
wet_low_load,251.0,False,1,0.883323128021883,0.0012311881008123609,16.20781380232694,1768.109339258024,0.001001412385029548,4.460939766911323e-06,4.961861198307459e-05,0.0,0.9487636524112245,0.004226408190783841,137325.00000000003
wet_low_load,252.0,False,1,0.883323128021883,0.0012311881008123609,16.20781380232694,1784.3171530603402,0.0010013860562926287,4.487268503830794e-06,4.961861198307459e-05,0.0,0.9487387078938844,0.0042513527081240714,137325.00000000003
wet_low_load,253.0,False,1,0.883323128021883,0.0012311881008123609,16.20781380232694,1800.5249668626564,0.001001359727555709,4.513597240750264e-06,4.961861198307459e-05,0.0,0.9487137633765442,0.004276297225464303,137324.99999999997
wet_low_load,254.0,False,1,0.883323128021883,0.0012311881008123609,16.20781380232694,1816.7327806649726,0.0010013333988187897,4.539925977669735e-06,4.961861198307459e-05,0.0,0.9486888188592039,0.004301241742804532,137325.00000000003
wet_low_load,255.0,False,1,0.883323128021883,0.0012311881008123609,16.20781380232694,1832.9405944672887,0.00100130707008187,4.566254714589205e-06,4.961861198307459e-05,0.0,0.9486638743418637,0.0043261862601447635,137324.99999999997
wet_low_load,256.0,False,1,0.883323128021883,0.0012311881008123609,16.20781380232694,1849.148408269605,0.0010012807413449507,4.5925834515086756e-06,4.961861198307459e-05,0.0,0.9486389298245234,0.004351130777484993,137325.00000000003
wet_low_load,257.0,False,1,0.883323128021883,0.0012311881008123609,16.20781380232694,1865.3562220719211,0.001001254412608031,4.618912188428146e-06,4.961861198307459e-05,0.0,0.9486139853071832,0.004376075294825224,137324.99999999997
wet_low_load,258.0,False,1,0.883323128021883,0.0012311881008123609,16.20781380232694,1881.5640358742373,0.001001228083871112,4.6452409253476165e-06,4.961861198307459e-05,0.0,0.9485890407898431,0.004401019812165454,137325.00000000003
wet_low_load,259.0,False,1,0.883323128021883,0.0012311881008123609,16.20781380232694,1897.7718496765535,0.0010012017551341923,4.671569662267087e-06,4.961861198307459e-05,0.0,0.9485640962725027,0.004425964329505684,137325.00000000003
wet_low_load,260.0,False,1,0.883323128021883,0.0012311881008123609,16.20781380232694,1913.9796634788697,0.001001175426397273,4.6978983991865575e-06,4.961861198307459e-05,0.0,0.9485391517551626,0.0044509088468459145,137325.00000000003
wet_low_load,261.0,False,1,0.883323128021883,0.0012311881008123609,16.20781380232694,1930.187477281186,0.0010011490976603533,4.724227136106028e-06,4.961861198307459e-05,0.0,0.9485142072378223,0.004475853364186146,137324.99999999997
wet_low_load,262.0,False,1,0.883323128021883,0.0012311881008123609,16.20781380232694,1946.3952910835021,0.0010011227689234337,4.7505558730254985e-06,4.961861198307459e-05,0.0,0.948489262720482,0.004500797881526376,137324.99999999997
wet_low_load,263.0,False,1,0.883323128021883,0.0012311881008123609,16.20781380232694,1962.6031048858183,0.0010010964401865143,4.776884609944969e-06,4.961861198307459e-05,0.0,0.9484643182031418,0.004525742398866607,137324.99999999997
wet_low_load,264.0,False,1,0.883323128021883,0.0012311881008123609,16.20781380232694,1978.8109186881345,0.001001070111449595,4.803213346864439e-06,4.961861198307459e-05,0.0,0.9484393736858016,0.004550686916206837,137325.00000000003
wet_low_load,265.0,False,1,0.883323128021883,0.0012311881008123609,16.20781380232694,1995.0187324904507,0.0010010437827126756,4.82954208378391e-06,4.961861198307459e-05,0.0,0.9484144291684613,0.004575631433547067,137325.00000000003
wet_low_load,266.0,False,1,0.883323128021883,0.0012311881008123609,16.20781380232694,2011.226546292767,0.0010010174539757562,4.85587082070338e-06,4.961861198307459e-05,0.0,0.9483894846511212,0.004600575950887298,137325.00000000003
wet_low_load,267.0,False,1,0.883323128021883,0.0012311881008123609,16.20781380232694,2027.434360095083,0.0010009911252388366,4.882199557622851e-06,4.961861198307459e-05,0.0,0.9483645401337808,0.004625520468227528,137325.00000000003
wet_low_load,268.0,False,1,0.883323128021883,0.0012311881008123609,16.20781380232694,2043.6421738973993,0.001000964796501917,4.908528294542321e-06,4.961861198307459e-05,0.0,0.9483395956164407,0.004650464985567759,137324.99999999997
wet_low_load,269.0,False,1,0.883323128021883,0.0012311881008123609,16.20781380232694,2059.849987699732,0.0010009384677649976,4.934857031461792e-06,4.961861198307459e-05,0.0,0.9483146510991005,0.00467540950290799,137324.99999999997
wet_low_load,270.0,False,1,0.883323128021883,0.0012311881008123609,16.20781380232694,2076.057801502071,0.0010009121390280782,4.961185768381262e-06,4.961861198307459e-05,0.0,0.9482897065817602,0.004700354020248219,137325.00000000003
wet_low_load,271.0,False,1,0.883323128021883,0.0012311881008123609,16.20781380232694,2092.26561530441,0.0010008858102911588,4.987514505300733e-06,4.961861198307459e-05,0.0,0.94826476206442,0.00472529853758845,137325.00000000003
wet_low_load,272.0,False,1,0.883323128021883,0.0012311881008123609,16.20781380232694,2108.473429106749,0.0010008594815542392,5.013843242220203e-06,4.961861198307459e-05,0.0,0.9482398175470796,0.00475024305492868,137325.00000000003
wet_low_load,273.0,False,1,0.883323128021883,0.0012311881008123609,16.20781380232694,2124.681242909088,0.0010008331528173198,5.040171979139674e-06,4.961861198307459e-05,0.0,0.9482148730297395,0.00477518757226891,137325.00000000003
wet_low_load,274.0,False,1,0.883323128021883,0.0012311881008123609,16.20781380232694,2140.8890567114267,0.0010008068240804002,5.066500716059144e-06,4.961861198307459e-05,0.0,0.9481899285123994,0.004800132089609142,137324.99999999997
wet_low_load,275.0,False,1,0.883323128021883,0.0012311881008123609,16.20781380232694,2157.0968705137657,0.0010007804953434808,5.092829452978615e-06,4.961861198307459e-05,0.0,0.948164983995059,0.004825076606949371,137325.00000000003
wet_low_load,276.0,False,1,0.883323128021883,0.0012311881008123609,16.20781380232694,2173.3046843161046,0.0010007541666065614,5.119158189898085e-06,4.961861198307459e-05,0.0,0.9481400394777189,0.0048500211242896015,137325.00000000003
wet_low_load,277.0,False,1,0.883323128021883,0.0012311881008123609,16.20781380232694,2189.5124981184435,0.0010007278378696418,5.145486926817556e-06,4.961861198307459e-05,0.0,0.9481150949603787,0.004874965641629833,137324.99999999997
wet_low_load,278.0,False,1,0.883323128021883,0.0012311881008123609,16.20781380232694,2205.7203119207825,0.0010007015091327224,5.171815663737026e-06,4.961861198307459e-05,0.0,0.9480901504430383,0.004899910158970062,137325.00000000003
wet_low_load,279.0,False,1,0.883323128021883,0.0012311881008123609,16.20781380232694,2221.9281257231214,0.0010006751803958028,5.198144400656497e-06,4.961861198307459e-05,0.0,0.9480652059256982,0.004924854676310294,137324.99999999997
wet_low_load,280.0,False,1,0.883323128021883,0.0012311881008123609,16.20781380232694,2238.1359395254603,0.0010006488516588834,5.224473137575967e-06,4.961861198307459e-05,0.0,0.9480402614083578,0.004949799193650523,137325.00000000003
wet_low_load,281.0,False,1,0.883323128021883,0.0012311881008123609,16.20781380232694,2254.3437533277993,0.001000622522921964,5.250801874495438e-06,4.961861198307459e-05,0.0,0.9480153168910177,0.0049747437109907535,137325.00000000003
wet_low_load,282.0,False,1,0.883323128021883,0.0012311881008123609,16.20781380232694,2270.551567130138,0.0010005961941850446,5.277130611414908e-06,4.961861198307459e-05,0.0,0.9479903723736776,0.004999688228330984,137325.00000000003
wet_low_load,283.0,False,1,0.883323128021883,0.0012311881008123609,16.20781380232694,2286.759380932477,0.001000569865448125,5.303459348334379e-06,4.961861198307459e-05,0.0,0.9479654278563372,0.005024632745671214,137325.00000000003
wet_low_load,284.0,True,1,0.8304507704815144,0.0012276616813775352,16.161390717543348,2.9604679703901002,0.0010049210303063724,3.922275587831928e-06,4.664863088532963e-05,0.0,0.9520878324968912,0.00371606399931333,137325.00000000003
wet_low_load,285.0,False,2,0.8833231279932714,0.0012311881008104527,16.207813802301818,19.151663523980332,0.0010035760998356696,2.297224962396991e-06,4.96186119814674e-05,0.0,0.9508136110425746,0.0021764495609565455,137325.00000000003
wet_low_load,286.0,False,2,0.883323128021883,0.0012311881008123609,16.20781380232694,35.359477326306276,0.0010035497710971428,2.3235536993164616e-06,4.961861198307459e-05,0.0,0.9507886665237116,0.0022013940782967764,137324.99999999997
wet_low_load,287.0,False,2,0.883323128021883,0.0012311881008123609,16.20781380232694,51.56729112863313,0.0010035234423602234,2.349882436235932e-06,4.961861198307459e-05,0.0,0.9507637220063715,0.002226338595637007,137324.99999999997
wet_low_load,288.0,False,2,0.883323128021883,0.0012311881008123609,16.20781380232694,67.77510493096015,0.001003497113623304,2.3762111731554026e-06,4.961861198307459e-05,0.0,0.9507387774890311,0.002251283112977237,137325.00000000003
wet_low_load,289.0,False,2,0.883323128021883,0.0012311881008123609,16.20781380232694,83.98291873328772,0.0010034707848863846,2.402539910074873e-06,4.961861198307459e-05,0.0,0.950713832971691,0.0022762276303174675,137325.00000000003
wet_low_load,290.0,False,2,0.883323128021883,0.0012311881008123609,16.20781380232694,100.19073253561528,0.001003444456149465,2.4288686469943435e-06,4.961861198307459e-05,0.0,0.9506888884543508,0.0023011721476576983,137324.99999999997
wet_low_load,291.0,False,2,0.883323128021883,0.0012311881008123609,16.20781380232694,116.39854633794285,0.0010034181274125456,2.455197383913814e-06,4.961861198307459e-05,0.0,0.9506639439370105,0.0023261166649979283,137325.00000000003
wet_low_load,292.0,False,2,0.883323128021883,0.0012311881008123609,16.20781380232694,132.6063601402704,0.001003391798675626,2.4815261208332845e-06,4.961861198307459e-05,0.0,0.9506389994196703,0.002351061182338159,137324.99999999997
wet_low_load,293.0,False,2,0.883323128021883,0.0012311881008123609,16.20781380232694,148.81417394259796,0.0010033654699387066,2.507854857752755e-06,4.961861198307459e-05,0.0,0.95061405490233,0.002376005699678389,137325.00000000003
wet_low_load,294.0,False,2,0.883323128021883,0.0012311881008123609,16.20781380232694,165.02198774492553,0.0010033391412017873,2.5341835946722255e-06,4.961861198307459e-05,0.0,0.9505891103849898,0.0024009502170186194,137325.00000000003
wet_low_load,295.0,False,2,0.883323128021883,0.0012311881008123609,16.20781380232694,181.2298015472531,0.0010033128124648676,2.560512331591696e-06,4.961861198307459e-05,0.0,0.9505641658676497,0.0024258947343588503,137324.99999999997
wet_low_load,296.0,False,2,0.883323128021883,0.0012311881008123609,16.20781380232694,197.43761534958065,0.0010032864837279483,2.5868410685111664e-06,4.961861198307459e-05,0.0,0.9505392213503093,0.00245083925169908,137325.00000000003
wet_low_load,297.0,False,2,0.883323128021883,0.0012311881008123609,16.20781380232694,213.64542915190822,0.0010032601549910287,2.613169805430637e-06,4.961861198307459e-05,0.0,0.9505142768329691,0.0024757837690393115,137324.99999999997
wet_low_load,298.0,False,2,0.883323128021883,0.0012311881008123609,16.20781380232694,229.85324295423578,0.0010032338262541093,2.6394985423501074e-06,4.961861198307459e-05,0.0,0.9504893323156289,0.002500728286379542,137324.99999999997
wet_low_load,299.0,False,2,0.883323128021883,0.0012311881008123609,16.20781380232694,246.06105675656335,0.0010032074975171899,2.665827279269578e-06,4.961861198307459e-05,0.0,0.9504643877982887,0.002525672803719772,137325.00000000003
wet_low_load,300.0,False,2,0.883323128021883,0.0012311881008123609,16.20781380232694,262.2688705588909,0.0010031811687802705,2.6921560161890484e-06,4.961861198307459e-05,0.0,0.9504394432809484,0.002550617321060002,137325.00000000003
wet_low_load,301.0,False,2,0.883323128021883,0.0012311881008123609,16.20781380232694,278.4766843612185,0.0010031548400433509,2.718484753108519e-06,4.961861198307459e-05,0.0,0.9504144987636081,0.0025755618384002326,137325.00000000003
wet_low_load,302.0,False,2,0.883323128021883,0.0012311881008123609,16.20781380232694,294.68449816354604,0.0010031285113064313,2.7448134900279893e-06,4.961861198307459e-05,0.0,0.9503895542462679,0.0026005063557404634,137324.99999999997
wet_low_load,303.0,False,2,0.883323128021883,0.0012311881008123609,16.20781380232694,310.8923119658736,0.0010031021825695119,2.77114222694746e-06,4.961861198307459e-05,0.0,0.9503646097289278,0.0026254508730806938,137324.99999999997
wet_low_load,304.0,False,2,0.883323128021883,0.0012311881008123609,16.20781380232694,327.10012576820117,0.0010030758538325925,2.7974709638669303e-06,4.961861198307459e-05,0.0,0.9503396652115874,0.0026503953904209237,137325.00000000003
wet_low_load,305.0,False,2,0.883323128021883,0.0012311881008123609,16.20781380232694,343.30793957052873,0.001003049525095673,2.8237997007864008e-06,4.961861198307459e-05,0.0,0.9503147206942473,0.002675339907761154,137325.00000000003
wet_low_load,306.0,False,2,0.883323128021883,0.0012311881008123609,16.20781380232694,359.5157533728563,0.0010030231963587537,2.8501284377058713e-06,4.961861198307459e-05,0.0,0.9502897761769071,0.0027002844251013845,137325.00000000003
wet_low_load,307.0,False,2,0.883323128021883,0.0012311881008123609,16.20781380232694,375.72356717518386,0.0010029968676218341,2.8764571746253417e-06,4.961861198307459e-05,0.0,0.9502648316595668,0.002725228942441615,137325.00000000003
wet_low_load,308.0,False,2,0.883323128021883,0.0012311881008123609,16.20781380232694,391.9313809775114,0.0010029705388849145,2.9027859115448122e-06,4.961861198307459e-05,0.0,0.9502398871422266,0.002750173459781846,137324.99999999997
wet_low_load,309.0,False,2,0.883323128021883,0.0012311881008123609,16.20781380232694,408.139194779839,0.001002944210147995,2.9291146484642827e-06,4.961861198307459e-05,0.0,0.9502149426248863,0.0027751179771220765,137324.99999999997
wet_low_load,310.0,False,2,0.883323128021883,0.0012311881008123609,16.20781380232694,424.34700858216655,0.0010029178814110757,2.955443385383753e-06,4.961861198307459e-05,0.0,0.9501899981075461,0.0028000624944623065,137325.00000000003
wet_low_load,311.0,False,2,0.883323128021883,0.0012311881008123609,16.20781380232694,440.5548223844941,0.0010028915526741561,2.9817721223032237e-06,4.961861198307459e-05,0.0,0.950165053590206,0.0028250070118025373,137324.99999999997
wet_low_load,312.0,False,2,0.883323128021883,0.0012311881008123609,16.20781380232694,456.7626361868217,0.0010028652239372367,3.008100859222694e-06,4.961861198307459e-05,0.0,0.9501401090728656,0.0028499515291427672,137325.00000000003
wet_low_load,313.0,False,2,0.883323128021883,0.0012311881008123609,16.20781380232694,472.97044998914924,0.0010028388952003173,3.0344295961421646e-06,4.961861198307459e-05,0.0,0.9501151645555255,0.0028748960464829976,137325.00000000003
wet_low_load,314.0,False,2,0.883323128021883,0.0012311881008123609,16.20781380232694,489.1782637914768,0.0010028125664633977,3.060758333061635e-06,4.961861198307459e-05,0.0,0.9500902200381853,0.0028998405638232284,137324.99999999997
wet_low_load,315.0,False,2,0.883323128021883,0.0012311881008123609,16.20781380232694,505.3860775938044,0.0010027862377264781,3.0870870699811056e-06,4.961861198307459e-05,0.0,0.950065275520845,0.002924785081163459,137324.99999999997
wet_low_load,316.0,False,2,0.883323128021883,0.0012311881008123609,16.20781380232694,521.5938913961319,0.001002759908989559,3.113415806900576e-06,4.961861198307459e-05,0.0,0.9500403310035048,0.0029497295985036888,137325.00000000003
wet_low_load,317.0,False,2,0.883323128021883,0.0012311881008123609,16.20781380232694,537.8017051984594,0.0010027335802526393,3.1397445438200466e-06,4.961861198307459e-05,0.0,0.9500153864861645,0.002974674115843919,137325.00000000003
wet_low_load,318.0,False,2,0.883323128021883,0.0012311881008123609,16.20781380232694,554.009519000787,0.00100270725151572,3.166073280739517e-06,4.961861198307459e-05,0.0,0.9499904419688243,0.0029996186331841495,137325.00000000003
wet_low_load,319.0,False,2,0.883323128021883,0.0012311881008123609,16.20781380232694,570.2173328031146,0.0010026809227788004,3.1924020176589875e-06,4.961861198307459e-05,0.0,0.9499654974514841,0.003024563150524381,137324.99999999997
wet_low_load,320.0,False,2,0.883323128021883,0.0012311881008123609,16.20781380232694,586.4251466054421,0.001002654594041881,3.218730754578458e-06,4.961861198307459e-05,0.0,0.9499405529341438,0.0030495076678646103,137325.00000000003
wet_low_load,321.0,False,2,0.883323128021883,0.0012311881008123609,16.20781380232694,602.6329604077697,0.0010026282653049614,3.2450594914979285e-06,4.961861198307459e-05,0.0,0.9499156084168036,0.0030744521852048416,137324.99999999997
wet_low_load,322.0,False,2,0.883323128021883,0.0012311881008123609,16.20781380232694,618.8407742100973,0.001002601936568042,3.271388228417399e-06,4.961861198307459e-05,0.0,0.9498906638994634,0.003099396702545072,137324.99999999997
wet_low_load,323.0,False,2,0.883323128021883,0.0012311881008123609,16.20781380232694,635.0485880124248,0.0010025756078311226,3.2977169653368695e-06,4.961861198307459e-05,0.0,0.949865719382123,0.003124341219885302,137325.00000000003
wet_low_load,324.0,False,2,0.883323128021883,0.0012311881008123609,16.20781380232694,651.2564018147524,0.001002549279094203,3.32404570225634e-06,4.961861198307459e-05,0.0,0.9498407748647829,0.0031492857372255327,137324.99999999997
wet_low_load,325.0,False,2,0.883323128021883,0.0012311881008123609,16.20781380232694,667.46421561708,0.0010025229503572836,3.3503744391758104e-06,4.961861198307459e-05,0.0,0.9498158303474425,0.0031742302545657627,137325.00000000003
wet_low_load,326.0,False,2,0.883323128021883,0.0012311881008123609,16.20781380232694,683.6720294194075,0.001002496621620364,3.376703176095281e-06,4.961861198307459e-05,0.0,0.9497908858301024,0.0031991747719059935,137324.99999999997
wet_low_load,327.0,False,2,0.883323128021883,0.0012311881008123609,16.20781380232694,699.8798432217351,0.0010024702928834446,3.4030319130147514e-06,4.961861198307459e-05,0.0,0.9497659413127623,0.0032241192892462243,137324.99999999997
wet_low_load,328.0,False,2,0.883323128021883,0.0012311881008123609,16.20781380232694,716.0876570240627,0.0010024439641465252,3.429360649934222e-06,4.961861198307459e-05,0.0,0.9497409967954219,0.003249063806586454,137325.00000000003
wet_low_load,329.0,False,2,0.883323128021883,0.0012311881008123609,16.20781380232694,732.2954708263902,0.0010024176354096058,3.4556893868536924e-06,4.961861198307459e-05,0.0,0.9497160522780818,0.003274008323926684,137325.00000000003
wet_low_load,330.0,False,2,0.883323128021883,0.0012311881008123609,16.20781380232694,748.5032846287178,0.0010023913066726862,3.482018123773163e-06,4.961861198307459e-05,0.0,0.9496911077607416,0.0032989528412669155,137324.99999999997
wet_low_load,331.0,False,2,0.883323128021883,0.0012311881008123609,16.20781380232694,764.7110984310453,0.0010023649779357666,3.5083468606926333e-06,4.961861198307459e-05,0.0,0.9496661632434013,0.003323897358607146,137324.99999999997
wet_low_load,332.0,False,2,0.883323128021883,0.0012311881008123609,16.20781380232694,780.9189122333729,0.0010023386491988472,3.534675597612104e-06,4.961861198307459e-05,0.0,0.9496412187260611,0.0033488418759473762,137324.99999999997
wet_low_load,333.0,False,2,0.883323128021883,0.0012311881008123609,16.20781380232694,797.1267260357005,0.0010023123204619278,3.5610043345315743e-06,4.961861198307459e-05,0.0,0.9496162742087207,0.003373786393287606,137325.00000000003
wet_low_load,334.0,False,2,0.883323128021883,0.0012311881008123609,16.20781380232694,813.334539838028,0.0010022859917250084,3.5873330714510448e-06,4.961861198307459e-05,0.0,0.9495913296913806,0.0033987309106278366,137325.00000000003
wet_low_load,335.0,False,2,0.883323128021883,0.0012311881008123609,16.20781380232694,829.5423536403556,0.001002259662988089,3.6136618083705153e-06,4.961861198307459e-05,0.0,0.9495663851740405,0.003423675427968067,137325.00000000003
wet_low_load,336.0,False,2,0.883323128021883,0.0012311881008123609,16.20781380232694,845.7501674426832,0.0010022333342511694,3.6399905452899857e-06,4.961861198307459e-05,0.0,0.9495414406567001,0.0034486199453082973,137325.00000000003
wet_low_load,337.0,False,2,0.883323128021883,0.0012311881008123609,16.20781380232694,861.9579812450107,0.0010022070055142498,3.6663192822094562e-06,4.961861198307459e-05,0.0,0.94951649613936,0.0034735644626485286,137324.99999999997
wet_low_load,338.0,False,2,0.883323128021883,0.0012311881008123609,16.20781380232694,878.1657950473383,0.0010021806767773304,3.6926480191289267e-06,4.961861198307459e-05,0.0,0.9494915516220197,0.003498508979988759,137324.99999999997
wet_low_load,339.0,False,2,0.883323128021883,0.0012311881008123609,16.20781380232694,894.3736088496659,0.001002154348040411,3.718976756048397e-06,4.961861198307459e-05,0.0,0.9494666071046794,0.0035234534973289885,137325.00000000003
wet_low_load,340.0,False,2,0.883323128021883,0.0012311881008123609,16.20781380232694,910.5814226519934,0.0010021280193034917,3.7453054929678677e-06,4.961861198307459e-05,0.0,0.9494416625873393,0.003548398014669219,137325.00000000003
wet_low_load,341.0,False,2,0.883323128021883,0.0012311881008123609,16.20781380232694,926.789236454321,0.001002101690566572,3.771634229887338e-06,4.961861198307459e-05,0.0,0.9494167180699989,0.0035733425320094493,137325.00000000003
wet_low_load,342.0,False,2,0.883323128021883,0.0012311881008123609,16.20781380232694,942.9970502566485,0.0010020753618296527,3.7979629668068086e-06,4.961861198307459e-05,0.0,0.9493917735526587,0.0035982870493496797,137325.00000000003
wet_low_load,343.0,False,2,0.883323128021883,0.0012311881008123609,16.20781380232694,959.2048640589761,0.001002049033092733,3.824291703726279e-06,4.961861198307459e-05,0.0,0.9493668290353185,0.003623231566689911,137324.99999999997
wet_low_load,344.0,False,2,0.883323128021883,0.0012311881008123609,16.20781380232694,975.4126778613037,0.0010020227043558137,3.85062044064575e-06,4.961861198307459e-05,0.0,0.9493418845179782,0.0036481760840301404,137325.00000000003
wet_low_load,345.0,False,2,0.883323128021883,0.0012311881008123609,16.20781380232694,991.6204916636312,0.0010019963756188943,3.87694917756522e-06,4.961861198307459e-05,0.0,0.949316940000638,0.0036731206013703712,137325.00000000003
wet_low_load,346.0,False,2,0.883323128021883,0.0012311881008123609,16.20781380232694,1007.8283054659588,0.0010019700468819747,3.9032779144846906e-06,4.961861198307459e-05,0.0,0.9492919954832979,0.003698065118710602,137324.99999999997
wet_low_load,347.0,False,2,0.883323128021883,0.0012311881008123609,16.20781380232694,1024.0361192682863,0.0010019437181450553,3.929606651404161e-06,4.961861198307459e-05,0.0,0.9492670509659575,0.003723009636050832,137325.00000000003
wet_low_load,348.0,False,2,0.883323128021883,0.0012311881008123609,16.20781380232694,1040.2439330706025,0.0010019173894081357,3.9559353883236315e-06,4.961861198307459e-05,0.0,0.9492421064486174,0.0037479541533910633,137324.99999999997
wet_low_load,349.0,False,2,0.883323128021883,0.0012311881008123609,16.20781380232694,1056.4517468729186,0.0010018910606712163,3.982264125243102e-06,4.961861198307459e-05,0.0,0.949217161931277,0.0037728986707312928,137325.00000000003
wet_low_load,350.0,False,2,0.883323128021883,0.0012311881008123609,16.20781380232694,1072.6595606752348,0.001001864731934297,4.0085928621625725e-06,4.961861198307459e-05,0.0,0.9491922174139369,0.003797843188071523,137325.00000000003
wet_low_load,351.0,False,2,0.883323128021883,0.0012311881008123609,16.20781380232694,1088.867374477551,0.0010018384031973775,4.034921599082043e-06,4.961861198307459e-05,0.0,0.9491672728965967,0.0038227877054117535,137325.00000000003
wet_low_load,352.0,False,2,0.883323128021883,0.0012311881008123609,16.20781380232694,1105.0751882798672,0.001001812074460458,4.0612503360015135e-06,4.961861198307459e-05,0.0,0.9491423283792564,0.003847732222751984,137325.00000000003
wet_low_load,353.0,False,2,0.883323128021883,0.0012311881008123609,16.20781380232694,1121.2830020821834,0.0010017857457235383,4.087579072920984e-06,4.961861198307459e-05,0.0,0.9491173838619162,0.003872676740092215,137324.99999999997
wet_low_load,354.0,False,2,0.883323128021883,0.0012311881008123609,16.20781380232694,1137.4908158844996,0.001001759416986619,4.1139078098404544e-06,4.961861198307459e-05,0.0,0.9490924393445761,0.0038976212574324456,137324.99999999997
wet_low_load,355.0,False,2,0.883323128021883,0.0012311881008123609,16.20781380232694,1153.6986296868158,0.0010017330882496993,4.140236546759925e-06,4.961861198307459e-05,0.0,0.9490674948272357,0.003922565774772676,137324.99999999997
wet_low_load,356.0,False,2,0.883323128021883,0.0012311881008123609,16.20781380232694,1169.906443489132,0.0010017067595127801,4.166565283679395e-06,4.961861198307459e-05,0.0,0.9490425503098956,0.0039475102921129055,137325.00000000003
wet_low_load,357.0,False,2,0.883323128021883,0.0012311881008123609,16.20781380232694,1186.1142572914482,0.0010016804307758607,4.192894020598866e-06,4.961861198307459e-05,0.0,0.9490176057925552,0.003972454809453135,137325.00000000003
wet_low_load,358.0,False,2,0.883323128021883,0.0012311881008123609,16.20781380232694,1202.3220710937644,0.0010016541020389411,4.219222757518336e-06,4.961861198307459e-05,0.0,0.9489926612752151,0.003997399326793366,137325.00000000003
wet_low_load,359.0,False,2,0.883323128021883,0.0012311881008123609,16.20781380232694,1218.5298848960806,0.0010016277733020215,4.245551494437807e-06,4.961861198307459e-05,0.0,0.948967716757875,0.0040223438441335975,137324.99999999997
wet_low_load,360.0,False,2,0.883323128021883,0.0012311881008123609,16.20781380232694,1234.7376986983968,0.001001601444565102,4.271880231357277e-06,4.961861198307459e-05,0.0,0.9489427722405346,0.004047288361473828,137324.99999999997
wet_low_load,361.0,False,2,0.883323128021883,0.0012311881008123609,16.20781380232694,1250.945512500713,0.0010015751158281825,4.298208968276748e-06,4.961861198307459e-05,0.0,0.9489178277231943,0.004072232878814058,137324.99999999997
wet_low_load,362.0,False,2,0.883323128021883,0.0012311881008123609,16.20781380232694,1267.1533263030292,0.0010015487870912634,4.324537705196218e-06,4.961861198307459e-05,0.0,0.9488928832058542,0.004097177396154289,137325.00000000003
wet_low_load,363.0,False,2,0.883323128021883,0.0012311881008123609,16.20781380232694,1283.3611401053454,0.0010015224583543438,4.350866442115689e-06,4.961861198307459e-05,0.0,0.9488679386885139,0.004122121913494519,137325.00000000003
wet_low_load,364.0,False,2,0.883323128021883,0.0012311881008123609,16.20781380232694,1299.5689539076616,0.0010014961296174244,4.377195179035159e-06,4.961861198307459e-05,0.0,0.9488429941711737,0.004147066430834749,137325.00000000003
wet_low_load,365.0,False,2,0.883323128021883,0.0012311881008123609,16.20781380232694,1315.7767677099778,0.0010014698008805048,4.40352391595463e-06,4.961861198307459e-05,0.0,0.9488180496538333,0.00417201094817498,137325.00000000003
wet_low_load,366.0,False,2,0.883323128021883,0.0012311881008123609,16.20781380232694,1331.984581512294,0.0010014434721435852,4.4298526528741e-06,4.961861198307459e-05,0.0,0.9487931051364932,0.004196955465515211,137324.99999999997
wet_low_load,367.0,False,2,0.883323128021883,0.0012311881008123609,16.20781380232694,1348.1923953146102,0.0010014171434066658,4.456181389793571e-06,4.961861198307459e-05,0.0,0.948768160619153,0.0042218999828554414,137324.99999999997
wet_low_load,368.0,False,2,0.883323128021883,0.0012311881008123609,16.20781380232694,1364.4002091169264,0.0010013908146697464,4.482510126713041e-06,4.961861198307459e-05,0.0,0.9487432161018127,0.004246844500195671,137325.00000000003
wet_low_load,369.0,False,2,0.883323128021883,0.0012311881008123609,16.20781380232694,1380.6080229192426,0.001001364485932827,4.508838863632512e-06,4.961861198307459e-05,0.0,0.9487182715844725,0.004271789017535901,137325.00000000003
wet_low_load,370.0,False,2,0.883323128021883,0.0012311881008123609,16.20781380232694,1396.8158367215588,0.0010013381571959074,4.535167600551982e-06,4.961861198307459e-05,0.0,0.9486933270671324,0.004296733534876133,137324.99999999997
wet_low_load,371.0,False,2,0.883323128021883,0.0012311881008123609,16.20781380232694,1413.023650523875,0.001001311828458988,4.561496337471453e-06,4.961861198307459e-05,0.0,0.948668382549792,0.004321678052216362,137325.00000000003
wet_low_load,372.0,False,2,0.883323128021883,0.0012311881008123609,16.20781380232694,1429.2314643261911,0.0010012854997220684,4.587825074390923e-06,4.961861198307459e-05,0.0,0.9486434380324519,0.004346622569556593,137324.99999999997
wet_low_load,373.0,False,2,0.883323128021883,0.0012311881008123609,16.20781380232694,1445.4392781285073,0.001001259170985149,4.614153811310394e-06,4.961861198307459e-05,0.0,0.9486184935151115,0.004371567086896823,137325.00000000003
wet_low_load,374.0,False,2,0.883323128021883,0.0012311881008123609,16.20781380232694,1461.6470919308235,0.0010012328422482296,4.640482548229864e-06,4.961861198307459e-05,0.0,0.9485935489977714,0.004396511604237053,137325.00000000003
wet_low_load,375.0,False,2,0.883323128021883,0.0012311881008123609,16.20781380232694,1477.8549057331397,0.00100120651351131,4.6668112851493346e-06,4.961861198307459e-05,0.0,0.9485686044804312,0.0044214561215772845,137324.99999999997
wet_low_load,376.0,False,2,0.883323128021883,0.0012311881008123609,16.20781380232694,1494.062719535456,0.0010011801847743906,4.693140022068805e-06,4.961861198307459e-05,0.0,0.9485436599630909,0.004446400638917514,137325.00000000003
wet_low_load,377.0,False,2,0.883323128021883,0.0012311881008123609,16.20781380232694,1510.2705333377721,0.001001153856037471,4.7194687589882755e-06,4.961861198307459e-05,0.0,0.9485187154457507,0.004471345156257745,137324.99999999997
wet_low_load,378.0,False,2,0.883323128021883,0.0012311881008123609,16.20781380232694,1526.4783471400883,0.0010011275273005516,4.745797495907746e-06,4.961861198307459e-05,0.0,0.9484937709284106,0.004496289673597976,137324.99999999997
wet_low_load,379.0,False,2,0.883323128021883,0.0012311881008123609,16.20781380232694,1542.6861609424045,0.0010011011985636322,4.7721262328272165e-06,4.961861198307459e-05,0.0,0.9484688264110702,0.004521234190938205,137325.00000000003
wet_low_load,380.0,False,2,0.883323128021883,0.0012311881008123609,16.20781380232694,1558.8939747447207,0.0010010748698267128,4.798454969746687e-06,4.961861198307459e-05,0.0,0.9484438818937301,0.004546178708278436,137325.00000000003
wet_low_load,381.0,False,2,0.883323128021883,0.0012311881008123609,16.20781380232694,1575.101788547037,0.0010010485410897932,4.8247837066661575e-06,4.961861198307459e-05,0.0,0.9484189373763897,0.004571123225618666,137325.00000000003
wet_low_load,382.0,False,2,0.883323128021883,0.0012311881008123609,16.20781380232694,1591.309602349353,0.0010010222123528736,4.851112443585628e-06,4.961861198307459e-05,0.0,0.9483939928590495,0.004596067742958898,137324.99999999997
wet_low_load,383.0,False,2,0.883323128021883,0.0012311881008123609,16.20781380232694,1607.5174161516693,0.0010009958836159542,4.877441180505098e-06,4.961861198307459e-05,0.0,0.9483690483417093,0.0046210122602991285,137324.99999999997
wet_low_load,384.0,False,2,0.883323128021883,0.0012311881008123609,16.20781380232694,1623.7252299539855,0.0010009695548790349,4.903769917424569e-06,4.961861198307459e-05,0.0,0.9483441038243691,0.004645956777639358,137325.00000000003
wet_low_load,385.0,False,2,0.883323128021883,0.0012311881008123609,16.20781380232694,1639.9330437563017,0.0010009432261421155,4.930098654344039e-06,4.961861198307459e-05,0.0,0.9483191593070288,0.004670901294979588,137325.00000000003
wet_low_load,386.0,False,2,0.883323128021883,0.0012311881008123609,16.20781380232694,1656.1408575586179,0.001000916897405196,4.95642739126351e-06,4.961861198307459e-05,0.0,0.9482942147896887,0.004695845812319819,137325.00000000003
wet_low_load,387.0,False,2,0.883323128021883,0.0012311881008123609,16.20781380232694,1672.348671360934,0.0010008905686682765,4.98275612818298e-06,4.961861198307459e-05,0.0,0.9482692702723483,0.004720790329660049,137325.00000000003
wet_low_load,388.0,False,2,0.883323128021883,0.0012311881008123609,16.20781380232694,1688.5564851632503,0.0010008642399313569,5.009084865102451e-06,4.961861198307459e-05,0.0,0.9482443257550082,0.00474573484700028,137324.99999999997
wet_low_load,389.0,False,2,0.883323128021883,0.0012311881008123609,16.20781380232694,1704.7642989655665,0.0010008379111944375,5.035413602021921e-06,4.961861198307459e-05,0.0,0.9482193812376678,0.00477067936434051,137325.00000000003
wet_low_load,390.0,False,2,0.883323128021883,0.0012311881008123609,16.20781380232694,1720.9721127678827,0.001000811582457518,5.061742338941392e-06,4.961861198307459e-05,0.0,0.9481944367203277,0.00479562388168074,137325.00000000003
wet_low_load,391.0,False,2,0.883323128021883,0.0012311881008123609,16.20781380232694,1737.1799265701989,0.0010007852537205985,5.088071075860862e-06,4.961861198307459e-05,0.0,0.9481694922029875,0.0048205683990209715,137324.99999999997
wet_low_load,392.0,False,2,0.883323128021883,0.0012311881008123609,16.20781380232694,1753.387740372515,0.001000758924983679,5.114399812780333e-06,4.961861198307459e-05,0.0,0.9481445476856472,0.004845512916361201,137325.00000000003
wet_low_load,393.0,False,2,0.883323128021883,0.0012311881008123609,16.20781380232694,1769.5955541748312,0.0010007325962467597,5.140728549699803e-06,4.961861198307459e-05,0.0,0.948119603168307,0.0048704574337014315,137325.00000000003
wet_low_load,394.0,False,2,0.883323128021883,0.0012311881008123609,16.20781380232694,1785.8033679771474,0.00100070626750984,5.167057286619274e-06,4.961861198307459e-05,0.0,0.9480946586509669,0.004895401951041663,137324.99999999997
wet_low_load,395.0,False,2,0.883323128021883,0.0012311881008123609,16.20781380232694,1802.0111817794636,0.0010006799387729207,5.193386023538744e-06,4.961861198307459e-05,0.0,0.9480697141336265,0.004920346468381892,137325.00000000003
wet_low_load,396.0,False,2,0.883323128021883,0.0012311881008123609,16.20781380232694,1818.2189955817798,0.0010006536100360013,5.219714760458215e-06,4.961861198307459e-05,0.0,0.9480447696162864,0.004945290985722123,137325.00000000003
wet_low_load,397.0,False,2,0.883323128021883,0.0012311881008123609,16.20781380232694,1834.426809384096,0.0010006272812990817,5.246043497377685e-06,4.961861198307459e-05,0.0,0.948019825098946,0.004970235503062353,137325.00000000003
wet_low_load,398.0,False,2,0.883323128021883,0.0012311881008123609,16.20781380232694,1850.6346231864122,0.0010006009525621623,5.272372234297156e-06,4.961861198307459e-05,0.0,0.9479948805816059,0.004995180020402583,137325.00000000003
wet_low_load,399.0,False,2,0.883323128021883,0.0012311881008123609,16.20781380232694,1866.8424369887284,0.0010005746238252427,5.298700971216626e-06,4.961861198307459e-05,0.0,0.9479699360642657,0.005020124537742815,137324.99999999997
wet_low_load,400.0,False,2,0.883323128021883,0.0012311881008123609,16.20781380232694,1883.0502507910446,0.0010005482950883233,5.325029708136097e-06,4.961861198307459e-05,0.0,0.9479449915469254,0.005045069055083044,137325.00000000003
wet_low_load,401.0,False,2,0.883323128021883,0.0012311881008123609,16.20781380232694,1899.2580645933608,0.0010005219663514037,5.351358445055567e-06,4.961861198307459e-05,0.0,0.9479200470295852,0.005070013572423275,137324.99999999997
wet_low_load,402.0,False,2,0.883323128021883,0.0012311881008123609,16.20781380232694,1915.465878395677,0.0010004956376144845,5.377687181975038e-06,4.961861198307459e-05,0.0,0.9478951025122451,0.005094958089763505,137325.00000000003
wet_low_load,403.0,False,2,0.883323128021883,0.0012311881008123609,16.20781380232694,1931.6736921979932,0.001000469308877565,5.404015918894508e-06,4.961861198307459e-05,0.0,0.9478701579949047,0.005119902607103735,137325.00000000003
wet_low_load,404.0,False,2,0.883323128021883,0.0012311881008123609,16.20781380232694,1947.8815060003094,0.0010004429801406453,5.4303446558139786e-06,4.961861198307459e-05,0.0,0.9478452134775645,0.005144847124443967,137324.99999999997
wet_low_load,405.0,False,2,0.883323128021883,0.0012311881008123609,16.20781380232694,1964.0893198026256,0.001000416651403726,5.456673392733449e-06,4.961861198307459e-05,0.0,0.9478202689602242,0.005169791641784196,137325.00000000003
wet_low_load,406.0,False,2,0.883323128021883,0.0012311881008123609,16.20781380232694,1980.2971336049418,0.0010003903226668063,5.4830021296529195e-06,4.961861198307459e-05,0.0,0.947795324442884,0.005194736159124428,137324.99999999997
wet_low_load,407.0,False,2,0.883323128021883,0.0012311881008123609,16.20781380232694,1996.504947407258,0.001000363993929887,5.50933086657239e-06,4.961861198307459e-05,0.0,0.9477703799255438,0.005219680676464659,137324.99999999997
wet_low_load,408.0,False,2,0.883323128021883,0.0012311881008123609,16.20781380232694,2012.7127612095742,0.0010003376651929676,5.5356596034918605e-06,4.961861198307459e-05,0.0,0.9477454354082034,0.005244625193804888,137325.00000000003
wet_low_load,409.0,False,2,0.883323128021883,0.0012311881008123609,16.20781380232694,2028.9205750118904,0.0010003113364560482,5.561988340411331e-06,4.961861198307459e-05,0.0,0.9477204908908633,0.0052695697111451185,137325.00000000003
wet_low_load,410.0,False,2,0.883323128021883,0.0012311881008123609,16.20781380232694,2045.1283888142066,0.0010002850077191286,5.5883170773308015e-06,4.961861198307459e-05,0.0,0.9476955463735232,0.00529451422848535,137324.99999999997
wet_low_load,411.0,False,2,0.883323128021883,0.0012311881008123609,16.20781380232694,2061.3362026165414,0.001000258678982209,5.614645814250272e-06,4.961861198307459e-05,0.0,0.9476706018561828,0.00531945874582558,137324.99999999997
wet_low_load,412.0,False,2,0.883323128021883,0.0012311881008123609,16.20781380232694,2077.5440164188803,0.0010002323502452896,5.640974551169742e-06,4.961861198307459e-05,0.0,0.9476456573388427,0.0053444032631658105,137324.99999999997
wet_low_load,413.0,False,2,0.883323128021883,0.0012311881008123609,16.20781380232694,2093.7518302212193,0.0010002060215083702,5.667303288089213e-06,4.961861198307459e-05,0.0,0.9476207128215023,0.00536934778050604,137325.00000000003
wet_low_load,414.0,False,2,0.883323128021883,0.0012311881008123609,16.20781380232694,2109.959644023558,0.0010001796927714508,5.693632025008683e-06,4.961861198307459e-05,0.0,0.9475957683041621,0.00539429229784627,137325.00000000003
wet_low_load,415.0,False,2,0.883323128021883,0.0012311881008123609,16.20781380232694,2126.167457825897,0.0010001533640345314,5.719960761928154e-06,4.961861198307459e-05,0.0,0.947570823786822,0.005419236815186501,137325.00000000003
wet_low_load,416.0,False,2,0.883323128021883,0.0012311881008123609,16.20781380232694,2142.375271628236,0.0010001270352976118,5.746289498847624e-06,4.961861198307459e-05,0.0,0.9475458792694816,0.005444181332526731,137325.00000000003
wet_low_load,417.0,False,2,0.883323128021883,0.0012311881008123609,16.20781380232694,2158.583085430575,0.0010001007065606922,5.772618235767095e-06,4.961861198307459e-05,0.0,0.9475209347521415,0.005469125849866962,137324.99999999997
wet_low_load,418.0,False,2,0.883323128021883,0.0012311881008123609,16.20781380232694,2174.790899232914,0.0010000743778237728,5.798946972686565e-06,4.961861198307459e-05,0.0,0.9474959902348014,0.005494070367207193,137324.99999999997
wet_low_load,419.0,False,2,0.883323128021883,0.0012311881008123609,16.20781380232694,2190.998713035253,0.0010000480490868534,5.825275709606036e-06,4.961861198307459e-05,0.0,0.947471045717461,0.005519014884547422,137325.00000000003
wet_low_load,420.0,False,2,0.883323128021883,0.0012311881008123609,16.20781380232694,2207.206526837592,0.001000021720349934,5.851604446525506e-06,4.961861198307459e-05,0.0,0.9474461012001208,0.005543959401887653,137325.00000000003
wet_low_load,421.0,False,2,0.883323128021883,0.0012311881008123609,16.20781380232694,2223.4143406399307,0.0009999953916130144,5.877933183444977e-06,4.961861198307459e-05,0.0,0.9474211566827805,0.005568903919227883,137325.00000000003
wet_low_load,422.0,False,2,0.883323128021883,0.0012311881008123609,16.20781380232694,2239.6221544422697,0.000999969062876095,5.904261920364447e-06,4.961861198307459e-05,0.0,0.9473962121654403,0.0055938484365681135,137325.00000000003
wet_low_load,423.0,False,2,0.883323128021883,0.0012311881008123609,16.20781380232694,2255.8299682446086,0.0009999427341391754,5.930590657283918e-06,4.961861198307459e-05,0.0,0.9473712676481001,0.005618792953908346,137324.99999999997
wet_low_load,424.0,False,2,0.883323128021883,0.0012311881008123609,16.20781380232694,2272.0377820469475,0.000999916405402256,5.956919394203388e-06,4.961861198307459e-05,0.0,0.9473463231307598,0.005643737471248574,137325.00000000003
wet_low_load,425.0,False,2,0.883323128021883,0.0012311881008123609,16.20781380232694,2288.2455958492865,0.0009998900766653366,5.983248131122859e-06,4.961861198307459e-05,0.0,0.9473213786134197,0.005668681988588805,137325.00000000003
wet_low_load,426.0,True,2,0.8303185436354189,0.0012276528622640786,16.161274619484317,4.442497925815812,0.0010050567274435716,3.794005984637096e-06,4.6641203351325344e-05,0.0,0.9522163954280427,0.003594538103448884,137325.00000000003
wet_low_load,427.0,False,3,0.8833231280201852,0.0012311881008122477,16.20781380232545,20.637878440787702,0.0010032848866441523,2.588438152402307e-06,4.961861198297922e-05,0.0,0.9505377082323592,0.0024523523697395785,137324.99999999997
wet_low_load,428.0,False,3,0.883323128021883,0.0012311881008123609,16.20781380232694,36.84569224311451,0.0010032585579071377,2.6147668893217777e-06,4.961861198307459e-05,0.0,0.9505127637149287,0.0024772968870798084,137325.00000000003
wet_low_load,429.0,False,3,0.883323128021883,0.0012311881008123609,16.20781380232694,53.05350604544137,0.0010032322291702181,2.641095626241248e-06,4.961861198307459e-05,0.0,0.9504878191975885,0.0025022414044200392,137324.99999999997
wet_low_load,430.0,False,3,0.883323128021883,0.0012311881008123609,16.20781380232694,69.26131984776845,0.0010032059004332987,2.6674243631607186e-06,4.961861198307459e-05,0.0,0.9504628746802481,0.002527185921760269,137325.00000000003
wet_low_load,431.0,False,3,0.883323128021883,0.0012311881008123609,16.20781380232694,85.46913365009601,0.0010031795716963791,2.693753100080189e-06,4.961861198307459e-05,0.0,0.950437930162908,0.0025521304391005,137324.99999999997
wet_low_load,432.0,False,3,0.883323128021883,0.0012311881008123609,16.20781380232694,101.67694745242358,0.0010031532429594597,2.7200818369996596e-06,4.961861198307459e-05,0.0,0.9504129856455676,0.00257707495644073,137325.00000000003
wet_low_load,433.0,False,3,0.883323128021883,0.0012311881008123609,16.20781380232694,117.88476125475114,0.0010031269142225401,2.74641057391913e-06,4.961861198307459e-05,0.0,0.9503880411282275,0.0026020194737809608,137324.99999999997
wet_low_load,434.0,False,3,0.883323128021883,0.0012311881008123609,16.20781380232694,134.0925750570787,0.0010031005854856207,2.7727393108386005e-06,4.961861198307459e-05,0.0,0.9503630966108874,0.002626963991121191,137324.99999999997
wet_low_load,435.0,False,3,0.883323128021883,0.0012311881008123609,16.20781380232694,150.30038885940627,0.0010030742567487014,2.799068047758071e-06,4.961861198307459e-05,0.0,0.950338152093547,0.002651908508461421,137325.00000000003
wet_low_load,436.0,False,3,0.883323128021883,0.0012311881008123609,16.20781380232694,166.50820266173383,0.0010030479280117818,2.8253967846775415e-06,4.961861198307459e-05,0.0,0.9503132075762067,0.0026768530258016524,137324.99999999997
wet_low_load,437.0,False,3,0.883323128021883,0.0012311881008123609,16.20781380232694,182.7160164640614,0.0010030215992748624,2.851725521597012e-06,4.961861198307459e-05,0.0,0.9502882630588666,0.0027017975431418827,137324.99999999997
wet_low_load,438.0,False,3,0.883323128021883,0.0012311881008123609,16.20781380232694,198.92383026638896,0.001002995270537943,2.8780542585164825e-06,4.961861198307459e-05,0.0,0.9502633185415262,0.0027267420604821123,137325.00000000003
wet_low_load,439.0,False,3,0.883323128021883,0.0012311881008123609,16.20781380232694,215.13164406871653,0.0010029689418010234,2.904382995435953e-06,4.961861198307459e-05,0.0,0.9502383740241861,0.0027516865778223435,137324.99999999997
wet_low_load,440.0,False,3,0.883323128021883,0.0012311881008123609,16.20781380232694,231.3394578710441,0.001002942613064104,2.9307117323554234e-06,4.961861198307459e-05,0.0,0.9502134295068457,0.0027766310951625735,137325.00000000003
wet_low_load,441.0,False,3,0.883323128021883,0.0012311881008123609,16.20781380232694,247.54727167337165,0.0010029162843271846,2.957040469274894e-06,4.961861198307459e-05,0.0,0.9501884849895056,0.002801575612502804,137325.00000000003
wet_low_load,442.0,False,3,0.883323128021883,0.0012311881008123609,16.20781380232694,263.7550854756992,0.001002889955590265,2.9833692061943644e-06,4.961861198307459e-05,0.0,0.9501635404721654,0.0028265201298430347,137324.99999999997
wet_low_load,443.0,False,3,0.883323128021883,0.0012311881008123609,16.20781380232694,279.9628992780268,0.0010028636268533454,3.009697943113835e-06,4.961861198307459e-05,0.0,0.9501385959548251,0.002851464647183265,137324.99999999997
wet_low_load,444.0,False,3,0.883323128021883,0.0012311881008123609,16.20781380232694,296.17071308035435,0.001002837298116426,3.0360266800333054e-06,4.961861198307459e-05,0.0,0.9501136514374849,0.0028764091645234954,137324.99999999997
wet_low_load,445.0,False,3,0.883323128021883,0.0012311881008123609,16.20781380232694,312.3785268826819,0.0010028109693795066,3.062355416952776e-06,4.961861198307459e-05,0.0,0.9500887069201448,0.002901353681863726,137324.99999999997
wet_low_load,446.0,False,3,0.883323128021883,0.0012311881008123609,16.20781380232694,328.5863406850095,0.0010027846406425872,3.0886841538722463e-06,4.961861198307459e-05,0.0,0.9500637624028044,0.0029262981992039558,137325.00000000003
wet_low_load,447.0,False,3,0.883323128021883,0.0012311881008123609,16.20781380232694,344.79415448733704,0.0010027583119056678,3.115012890791717e-06,4.961861198307459e-05,0.0,0.9500388178854643,0.002951242716544186,137325.00000000003
wet_low_load,448.0,False,3,0.883323128021883,0.0012311881008123609,16.20781380232694,361.0019682896646,0.0010027319831687482,3.1413416277111873e-06,4.961861198307459e-05,0.0,0.9500138733681239,0.0029761872338844165,137325.00000000003
wet_low_load,449.0,False,3,0.883323128021883,0.0012311881008123609,16.20781380232694,377.20978209199217,0.0010027056544318286,3.1676703646306578e-06,4.961861198307459e-05,0.0,0.9499889288507838,0.003001131751224648,137324.99999999997
wet_low_load,450.0,False,3,0.883323128021883,0.0012311881008123609,16.20781380232694,393.41759589431973,0.0010026793256949092,3.1939991015501283e-06,4.961861198307459e-05,0.0,0.9499639843334436,0.003026076268564878,137324.99999999997
wet_low_load,451.0,False,3,0.883323128021883,0.0012311881008123609,16.20781380232694,409.6254096966473,0.0010026529969579898,3.2203278384695987e-06,4.961861198307459e-05,0.0,0.9499390398161033,0.003051020785905108,137325.00000000003
wet_low_load,452.0,False,3,0.883323128021883,0.0012311881008123609,16.20781380232694,425.83322349897486,0.0010026266682210704,3.2466565753890692e-06,4.961861198307459e-05,0.0,0.9499140952987631,0.0030759653032453385,137325.00000000003
wet_low_load,453.0,False,3,0.883323128021883,0.0012311881008123609,16.20781380232694,442.0410373013024,0.0010026003394841508,3.2729853123085397e-06,4.961861198307459e-05,0.0,0.949889150781423,0.0031009098205855693,137324.99999999997
wet_low_load,454.0,False,3,0.883323128021883,0.0012311881008123609,16.20781380232694,458.24885110363,0.0010025740107472314,3.29931404922801e-06,4.961861198307459e-05,0.0,0.9498642062640826,0.0031258543379257993,137325.00000000003
wet_low_load,455.0,False,3,0.883323128021883,0.0012311881008123609,16.20781380232694,474.45666490595755,0.0010025476820103118,3.3256427861474807e-06,4.961861198307459e-05,0.0,0.9498392617467425,0.00315079885526603,137324.99999999997
wet_low_load,456.0,False,3,0.883323128021883,0.0012311881008123609,16.20781380232694,490.6644787082851,0.0010025213532733925,3.351971523066951e-06,4.961861198307459e-05,0.0,0.9498143172294021,0.00317574337260626,137325.00000000003
wet_low_load,457.0,False,3,0.883323128021883,0.0012311881008123609,16.20781380232694,506.8722925106127,0.001002495024536473,3.3783002599864216e-06,4.961861198307459e-05,0.0,0.949789372712062,0.0032006878899464904,137325.00000000003
wet_low_load,458.0,False,3,0.883323128021883,0.0012311881008123609,16.20781380232694,523.0801063129402,0.0010024686957995535,3.404628996905892e-06,4.961861198307459e-05,0.0,0.9497644281947217,0.0032256324072867217,137324.99999999997
wet_low_load,459.0,False,3,0.883323128021883,0.0012311881008123609,16.20781380232694,539.2879201152678,0.001002442367062634,3.4309577338253626e-06,4.961861198307459e-05,0.0,0.9497394836773815,0.003250576924626951,137325.00000000003
wet_low_load,460.0,False,3,0.883323128021883,0.0012311881008123609,16.20781380232694,555.4957339175953,0.0010024160383257145,3.457286470744833e-06,4.961861198307459e-05,0.0,0.9497145391600412,0.0032755214419671825,137324.99999999997
wet_low_load,461.0,False,3,0.883323128021883,0.0012311881008123609,16.20781380232694,571.7035477199229,0.001002389709588795,3.4836152076643036e-06,4.961861198307459e-05,0.0,0.9496895946427011,0.003300465959307413,137324.99999999997
wet_low_load,462.0,False,3,0.883323128021883,0.0012311881008123609,16.20781380232694,587.9113615222504,0.0010023633808518757,3.509943944583774e-06,4.961861198307459e-05,0.0,0.9496646501253607,0.003325410476647643,137325.00000000003
wet_low_load,463.0,False,3,0.883323128021883,0.0012311881008123609,16.20781380232694,604.119175324578,0.001002337052114956,3.5362726815032445e-06,4.961861198307459e-05,0.0,0.9496397056080206,0.0033503549939878736,137324.99999999997
wet_low_load,464.0,False,3,0.883323128021883,0.0012311881008123609,16.20781380232694,620.3269891269056,0.0010023107233780367,3.562601418422715e-06,4.961861198307459e-05,0.0,0.9496147610906802,0.0033752995113281036,137325.00000000003
wet_low_load,465.0,False,3,0.883323128021883,0.0012311881008123609,16.20781380232694,636.5348029292331,0.001002284394641117,3.5889301553421855e-06,4.961861198307459e-05,0.0,0.9495898165733401,0.0034002440286683344,137324.99999999997
wet_low_load,466.0,False,3,0.883323128021883,0.0012311881008123609,16.20781380232694,652.7426167315607,0.0010022580659041977,3.615258892261656e-06,4.961861198307459e-05,0.0,0.9495648720559999,0.003425188546008565,137324.99999999997
wet_low_load,467.0,False,3,0.883323128021883,0.0012311881008123609,16.20781380232694,668.9504305338883,0.0010022317371672783,3.6415876291811265e-06,4.961861198307459e-05,0.0,0.9495399275386596,0.0034501330633487947,137325.00000000003
wet_low_load,468.0,False,3,0.883323128021883,0.0012311881008123609,16.20781380232694,685.1582443362158,0.001002205408430359,3.667916366100597e-06,4.961861198307459e-05,0.0,0.9495149830213194,0.003475077580689025,137325.00000000003
wet_low_load,469.0,False,3,0.883323128021883,0.0012311881008123609,16.20781380232694,701.3660581385434,0.0010021790796934395,3.6942451030200674e-06,4.961861198307459e-05,0.0,0.9494900385039793,0.0035000220980292555,137325.00000000003
wet_low_load,470.0,False,3,0.883323128021883,0.0012311881008123609,16.20781380232694,717.573871940871,0.00100215275095652,3.720573839939538e-06,4.961861198307459e-05,0.0,0.9494650939866389,0.003524966615369486,137325.00000000003
wet_low_load,471.0,False,3,0.883323128021883,0.0012311881008123609,16.20781380232694,733.7816857431985,0.0010021264222196003,3.7469025768590084e-06,4.961861198307459e-05,0.0,0.9494401494692988,0.003549911132709717,137324.99999999997
wet_low_load,472.0,False,3,0.883323128021883,0.0012311881008123609,16.20781380232694,749.9894995455261,0.001002100093482681,3.773231313778479e-06,4.961861198307459e-05,0.0,0.9494152049519584,0.0035748556500499466,137325.00000000003
wet_low_load,473.0,False,3,0.883323128021883,0.0012311881008123609,16.20781380232694,766.1973133478537,0.0010020737647457613,3.7995600506979494e-06,4.961861198307459e-05,0.0,0.9493902604346183,0.003599800167390178,137324.99999999997
wet_low_load,474.0,False,3,0.883323128021883,0.0012311881008123609,16.20781380232694,782.4051271501812,0.0010020474360088421,3.8258887876174194e-06,4.961861198307459e-05,0.0,0.9493653159172781,0.0036247446847304074,137325.00000000003
wet_low_load,475.0,False,3,0.883323128021883,0.0012311881008123609,16.20781380232694,798.6129409525088,0.0010020211072719225,3.85221752453689e-06,4.961861198307459e-05,0.0,0.9493403713999378,0.003649689202070638,137325.00000000003
wet_low_load,476.0,False,3,0.883323128021883,0.0012311881008123609,16.20781380232694,814.8207547548363,0.0010019947785350032,3.87854626145636e-06,4.961861198307459e-05,0.0,0.9493154268825976,0.003674633719410868,137325.00000000003
wet_low_load,477.0,False,3,0.883323128021883,0.0012311881008123609,16.20781380232694,831.0285685571639,0.0010019684497980835,3.904874998375831e-06,4.961861198307459e-05,0.0,0.9492904823652574,0.0036995782367510994,137324.99999999997
wet_low_load,478.0,False,3,0.883323128021883,0.0012311881008123609,16.20781380232694,847.2363823594915,0.001001942121061164,3.931203735295301e-06,4.961861198307459e-05,0.0,0.9492655378479171,0.00372452275409133,137324.99999999997
wet_low_load,479.0,False,3,0.883323128021883,0.0012311881008123609,16.20781380232694,863.444196161819,0.0010019157923242445,3.957532472214772e-06,4.961861198307459e-05,0.0,0.9492405933305769,0.00374946727143156,137324.99999999997
wet_low_load,480.0,False,3,0.883323128021883,0.0012311881008123609,16.20781380232694,879.6520099641466,0.0010018894635873252,3.983861209134242e-06,4.961861198307459e-05,0.0,0.9492156488132366,0.0037744117887717897,137325.00000000003
wet_low_load,481.0,False,3,0.883323128021883,0.0012311881008123609,16.20781380232694,895.8598237664742,0.0010018631348504058,4.010189946053713e-06,4.961861198307459e-05,0.0,0.9491907042958964,0.00379935630611202,137325.00000000003
wet_low_load,482.0,False,3,0.883323128021883,0.0012311881008123609,16.20781380232694,912.0676375688017,0.0010018368061134862,4.036518682973183e-06,4.961861198307459e-05,0.0,0.9491657597785562,0.0038243008234522514,137324.99999999997
wet_low_load,483.0,False,3,0.883323128021883,0.0012311881008123609,16.20781380232694,928.2754513711293,0.0010018104773765668,4.062847419892654e-06,4.961861198307459e-05,0.0,0.9491408152612159,0.003849245340792481,137325.00000000003
wet_low_load,484.0,False,3,0.883323128021883,0.0012311881008123609,16.20781380232694,944.4832651734569,0.0010017841486396472,4.089176156812124e-06,4.961861198307459e-05,0.0,0.9491158707438757,0.003874189858132712,137324.99999999997
wet_low_load,485.0,False,3,0.883323128021883,0.0012311881008123609,16.20781380232694,960.6910789757844,0.0010017578199027278,4.115504893731595e-06,4.961861198307459e-05,0.0,0.9490909262265356,0.003899134375472943,137324.99999999997
wet_low_load,486.0,False,3,0.883323128021883,0.0012311881008123609,16.20781380232694,976.898892778112,0.0010017314911658084,4.141833630651065e-06,4.961861198307459e-05,0.0,0.9490659817091952,0.0039240788928131725,137325.00000000003
wet_low_load,487.0,False,3,0.883323128021883,0.0012311881008123609,16.20781380232694,993.1067065804395,0.0010017051624288888,4.168162367570536e-06,4.961861198307459e-05,0.0,0.9490410371918551,0.003949023410153404,137324.99999999997
wet_low_load,488.0,False,3,0.883323128021883,0.0012311881008123609,16.20781380232694,1009.3145203827671,0.0010016788336919694,4.194491104490006e-06,4.961861198307459e-05,0.0,0.9490160926745147,0.003973967927493633,137325.00000000003
wet_low_load,489.0,False,3,0.883323128021883,0.0012311881008123609,16.20781380232694,1025.5223341850935,0.0010016525049550498,4.220819841409477e-06,4.961861198307459e-05,0.0,0.9489911481571746,0.0039989124448338645,137324.99999999997
wet_low_load,490.0,False,3,0.883323128021883,0.0012311881008123609,16.20781380232694,1041.7301479874097,0.0010016261762181304,4.247148578328947e-06,4.961861198307459e-05,0.0,0.9489662036398344,0.004023856962174095,137324.99999999997
wet_low_load,491.0,False,3,0.883323128021883,0.0012311881008123609,16.20781380232694,1057.937961789726,0.001001599847481211,4.273477315248418e-06,4.961861198307459e-05,0.0,0.948941259122494,0.004048801479514324,137325.00000000003
wet_low_load,492.0,False,3,0.883323128021883,0.0012311881008123609,16.20781380232694,1074.1457755920421,0.0010015735187442916,4.299806052167888e-06,4.961861198307459e-05,0.0,0.9489163146051539,0.004073745996854555,137325.00000000003
wet_low_load,493.0,False,3,0.883323128021883,0.0012311881008123609,16.20781380232694,1090.3535893943583,0.001001547190007372,4.326134789087359e-06,4.961861198307459e-05,0.0,0.9488913700878138,0.004098690514194786,137324.99999999997
wet_low_load,494.0,False,3,0.883323128021883,0.0012311881008123609,16.20781380232694,1106.5614031966745,0.0010015208612704524,4.352463526006829e-06,4.961861198307459e-05,0.0,0.9488664255704734,0.004123635031535016,137324.99999999997
wet_low_load,495.0,False,3,0.883323128021883,0.0012311881008123609,16.20781380232694,1122.7692169989907,0.001001494532533533,4.3787922629262996e-06,4.961861198307459e-05,0.0,0.9488414810531333,0.004148579548875247,137324.99999999997
wet_low_load,496.0,False,3,0.883323128021883,0.0012311881008123609,16.20781380232694,1138.977030801307,0.0010014682037966136,4.40512099984577e-06,4.961861198307459e-05,0.0,0.9488165365357929,0.004173524066215476,137325.00000000003
wet_low_load,497.0,False,3,0.883323128021883,0.0012311881008123609,16.20781380232694,1155.184844603623,0.0010014418750596942,4.4314497367652405e-06,4.961861198307459e-05,0.0,0.9487915920184528,0.004198468583555707,137325.00000000003
wet_low_load,498.0,False,3,0.883323128021883,0.0012311881008123609,16.20781380232694,1171.3926584059393,0.0010014155463227749,4.457778473684711e-06,4.961861198307459e-05,0.0,0.9487666475011126,0.004223413100895937,137325.00000000003
wet_low_load,499.0,False,3,0.883323128021883,0.0012311881008123609,16.20781380232694,1187.6004722082555,0.0010013892175858552,4.4841072106041815e-06,4.961861198307459e-05,0.0,0.9487417029837723,0.0042483576182361675,137325.00000000003
wet_low_load,500.0,False,3,0.883323128021883,0.0012311881008123609,16.20781380232694,1203.8082860105717,0.0010013628888489356,4.510435947523652e-06,4.961861198307459e-05,0.0,0.948716758466432,0.004273302135576399,137324.99999999997
wet_low_load,501.0,False,3,0.883323128021883,0.0012311881008123609,16.20781380232694,1220.016099812888,0.0010013365601120163,4.5367646844431225e-06,4.961861198307459e-05,0.0,0.9486918139490919,0.00429824665291663,137324.99999999997
wet_low_load,502.0,False,3,0.883323128021883,0.0012311881008123609,16.20781380232694,1236.223913615204,0.0010013102313750969,4.563093421362593e-06,4.961861198307459e-05,0.0,0.9486668694317515,0.0043231911702568595,137325.00000000003
wet_low_load,503.0,False,3,0.883323128021883,0.0012311881008123609,16.20781380232694,1252.4317274175203,0.0010012839026381775,4.589422158282063e-06,4.961861198307459e-05,0.0,0.9486419249144113,0.00434813568759709,137325.00000000003
wet_low_load,504.0,False,3,0.883323128021883,0.0012311881008123609,16.20781380232694,1268.6395412198365,0.0010012575739012579,4.615750895201534e-06,4.961861198307459e-05,0.0,0.948616980397071,0.00437308020493732,137325.00000000003
wet_low_load,505.0,False,3,0.883323128021883,0.0012311881008123609,16.20781380232694,1284.8473550221527,0.0010012312451643385,4.642079632121004e-06,4.961861198307459e-05,0.0,0.9485920358797308,0.004398024722277551,137325.00000000003
wet_low_load,506.0,False,3,0.883323128021883,0.0012311881008123609,16.20781380232694,1301.0551688244689,0.0010012049164274189,4.668408369040475e-06,4.961861198307459e-05,0.0,0.9485670913623907,0.004422969239617782,137324.99999999997
wet_low_load,507.0,False,3,0.883323128021883,0.0012311881008123609,16.20781380232694,1317.262982626785,0.0010011785876904995,4.694737105959945e-06,4.961861198307459e-05,0.0,0.9485421468450503,0.004447913756958011,137325.00000000003
wet_low_load,508.0,False,3,0.883323128021883,0.0012311881008123609,16.20781380232694,1333.4707964291013,0.00100115225895358,4.721065842879416e-06,4.961861198307459e-05,0.0,0.9485172023277102,0.004472858274298242,137325.00000000003
wet_low_load,509.0,False,3,0.883323128021883,0.0012311881008123609,16.20781380232694,1349.6786102314175,0.0010011259302166605,4.747394579798886e-06,4.961861198307459e-05,0.0,0.94849225781037,0.004497802791638473,137324.99999999997
wet_low_load,510.0,False,3,0.883323128021883,0.0012311881008123609,16.20781380232694,1365.8864240337336,0.001001099601479741,4.773723316718357e-06,4.961861198307459e-05,0.0,0.9484673132930297,0.004522747308978703,137325.00000000003
wet_low_load,511.0,False,3,0.883323128021883,0.0012311881008123609,16.20781380232694,1382.0942378360498,0.0010010732727428215,4.800052053637827e-06,4.961861198307459e-05,0.0,0.9484423687756895,0.004547691826318934,137324.99999999997
wet_low_load,512.0,False,3,0.883323128021883,0.0012311881008123609,16.20781380232694,1398.302051638366,0.001001046944005902,4.826380790557298e-06,4.961861198307459e-05,0.0,0.9484174242583492,0.004572636343659163,137325.00000000003
wet_low_load,513.0,False,3,0.883323128021883,0.0012311881008123609,16.20781380232694,1414.5098654406822,0.0010010206152689827,4.852709527476768e-06,4.961861198307459e-05,0.0,0.948392479741009,0.004597580860999394,137325.00000000003
wet_low_load,514.0,False,3,0.883323128021883,0.0012311881008123609,16.20781380232694,1430.7176792429984,0.0010009942865320631,4.879038264396239e-06,4.961861198307459e-05,0.0,0.9483675352236689,0.004622525378339625,137324.99999999997
wet_low_load,515.0,False,3,0.883323128021883,0.0012311881008123609,16.20781380232694,1446.9254930453146,0.0010009679577951437,4.905367001315709e-06,4.961861198307459e-05,0.0,0.9483425907063285,0.0046474698956798545,137325.00000000003
wet_low_load,516.0,False,3,0.883323128021883,0.0012311881008123609,16.20781380232694,1463.1333068476308,0.0010009416290582241,4.93169573823518e-06,4.961861198307459e-05,0.0,0.9483176461889884,0.004672414413020086,137324.99999999997
wet_low_load,517.0,False,3,0.883323128021883,0.0012311881008123609,16.20781380232694,1479.341120649947,0.0010009153003213047,4.95802447515465e-06,4.961861198307459e-05,0.0,0.9482927016716483,0.004697358930360316,137324.99999999997
wet_low_load,518.0,False,3,0.883323128021883,0.0012311881008123609,16.20781380232694,1495.5489344522632,0.0010008889715843851,4.984353212074121e-06,4.961861198307459e-05,0.0,0.9482677571543079,0.0047223034477005465,137324.99999999997
wet_low_load,519.0,False,3,0.883323128021883,0.0012311881008123609,16.20781380232694,1511.7567482545794,0.001000862642847466,5.010681948993591e-06,4.961861198307459e-05,0.0,0.9482428126369677,0.004747247965040776,137325.00000000003
wet_low_load,520.0,False,3,0.883323128021883,0.0012311881008123609,16.20781380232694,1527.9645620568956,0.0010008363141105463,5.037010685913062e-06,4.961861198307459e-05,0.0,0.9482178681196274,0.004772192482381006,137325.00000000003
wet_low_load,521.0,False,3,0.883323128021883,0.0012311881008123609,16.20781380232694,1544.1723758592118,0.001000809985373627,5.063339422832532e-06,4.961861198307459e-05,0.0,0.9481929236022872,0.004797136999721237,137325.00000000003
wet_low_load,522.0,False,3,0.883323128021883,0.0012311881008123609,16.20781380232694,1560.380189661528,0.0010007836566367073,5.089668159752003e-06,4.961861198307459e-05,0.0,0.948167979084947,0.004822081517061469,137324.99999999997
wet_low_load,523.0,False,3,0.883323128021883,0.0012311881008123609,16.20781380232694,1576.5880034638442,0.0010007573278997877,5.115996896671473e-06,4.961861198307459e-05,0.0,0.9481430345676066,0.004847026034401699,137324.99999999997
wet_low_load,524.0,False,3,0.883323128021883,0.0012311881008123609,16.20781380232694,1592.7958172661604,0.0010007309991628684,5.1423256335909436e-06,4.961861198307459e-05,0.0,0.9481180900502665,0.00487197055174193,137324.99999999997
wet_low_load,525.0,False,3,0.883323128021883,0.0012311881008123609,16.20781380232694,1609.0036310684766,0.0010007046704259492,5.168654370510414e-06,4.961861198307459e-05,0.0,0.9480931455329263,0.004896915069082159,137325.00000000003
wet_low_load,526.0,False,3,0.883323128021883,0.0012311881008123609,16.20781380232694,1625.2114448707928,0.0010006783416890296,5.1949831074298845e-06,4.961861198307459e-05,0.0,0.948068201015586,0.00492185958642239,137325.00000000003
wet_low_load,527.0,False,3,0.883323128021883,0.0012311881008123609,16.20781380232694,1641.419258673109,0.0010006520129521102,5.221311844349355e-06,4.961861198307459e-05,0.0,0.9480432564982458,0.00494680410376262,137325.00000000003
wet_low_load,528.0,False,3,0.883323128021883,0.0012311881008123609,16.20781380232694,1657.6270724754252,0.0010006256842151906,5.2476405812688255e-06,4.961861198307459e-05,0.0,0.9480183119809055,0.00497174862110285,137325.00000000003
wet_low_load,529.0,False,3,0.883323128021883,0.0012311881008123609,16.20781380232694,1673.8348862777414,0.001000599355478271,5.273969318188296e-06,4.961861198307459e-05,0.0,0.9479933674635653,0.004996693138443082,137324.99999999997
wet_low_load,530.0,False,3,0.883323128021883,0.0012311881008123609,16.20781380232694,1690.0427000800576,0.0010005730267413516,5.3002980551077664e-06,4.961861198307459e-05,0.0,0.9479684229462252,0.005021637655783312,137324.99999999997
wet_low_load,531.0,False,3,0.883323128021883,0.0012311881008123609,16.20781380232694,1706.2505138823738,0.0010005466980044322,5.326626792027237e-06,4.961861198307459e-05,0.0,0.9479434784288848,0.0050465821731235415,137325.00000000003
wet_low_load,532.0,False,3,0.883323128021883,0.0012311881008123609,16.20781380232694,1722.45832768469,0.0010005203692675128,5.352955528946707e-06,4.961861198307459e-05,0.0,0.9479185339115447,0.005071526690463772,137325.00000000003
wet_low_load,533.0,False,3,0.883323128021883,0.0012311881008123609,16.20781380232694,1738.6661414870061,0.0010004940405305932,5.379284265866178e-06,4.961861198307459e-05,0.0,0.9478935893942045,0.005096471207804003,137324.99999999997
wet_low_load,534.0,False,3,0.883323128021883,0.0012311881008123609,16.20781380232694,1754.8739552893223,0.0010004677117936738,5.405613002785648e-06,4.961861198307459e-05,0.0,0.9478686448768642,0.005121415725144233,137325.00000000003
wet_low_load,535.0,False,3,0.883323128021883,0.0012311881008123609,16.20781380232694,1771.0817690916385,0.0010004413830567542,5.431941739705119e-06,4.961861198307459e-05,0.0,0.947843700359524,0.005146360242484464,137324.99999999997
wet_low_load,536.0,False,3,0.883323128021883,0.0012311881008123609,16.20781380232694,1787.2895828939547,0.0010004150543198348,5.458270476624589e-06,4.961861198307459e-05,0.0,0.9478187558421837,0.0051713047598246934,137325.00000000003
wet_low_load,537.0,False,3,0.883323128021883,0.0012311881008123609,16.20781380232694,1803.497396696271,0.0010003887255829154,5.48459921354406e-06,4.961861198307459e-05,0.0,0.9477938113248435,0.005196249277164924,137325.00000000003
wet_low_load,538.0,False,3,0.883323128021883,0.0012311881008123609,16.20781380232694,1819.7052104985871,0.0010003623968459958,5.51092795046353e-06,4.961861198307459e-05,0.0,0.9477688668075034,0.005221193794505155,137324.99999999997
wet_low_load,539.0,False,3,0.883323128021883,0.0012311881008123609,16.20781380232694,1835.9130243009033,0.0010003360681090764,5.537256687383001e-06,4.961861198307459e-05,0.0,0.947743922290163,0.005246138311845385,137325.00000000003
wet_low_load,540.0,False,3,0.883323128021883,0.0012311881008123609,16.20781380232694,1852.1208381032195,0.0010003097393721568,5.563585424302471e-06,4.961861198307459e-05,0.0,0.9477189777728229,0.005271082829185616,137324.99999999997
wet_low_load,541.0,False,3,0.883323128021883,0.0012311881008123609,16.20781380232694,1868.3286519055357,0.0010002834106352374,5.589914161221942e-06,4.961861198307459e-05,0.0,0.9476940332554826,0.005296027346525847,137324.99999999997
wet_low_load,542.0,False,3,0.883323128021883,0.0012311881008123609,16.20781380232694,1884.536465707852,0.001000257081898318,5.616242898141412e-06,4.961861198307459e-05,0.0,0.9476690887381424,0.005320971863866076,137325.00000000003
wet_low_load,543.0,False,3,0.883323128021883,0.0012311881008123609,16.20781380232694,1900.744279510168,0.0010002307531613984,5.642571635060883e-06,4.961861198307459e-05,0.0,0.9476441442208021,0.005345916381206308,137324.99999999997
wet_low_load,544.0,False,3,0.883323128021883,0.0012311881008123609,16.20781380232694,1916.9520933124843,0.001000204424424479,5.668900371980353e-06,4.961861198307459e-05,0.0,0.9476191997034619,0.0053708608985465365,137325.00000000003
wet_low_load,545.0,False,3,0.883323128021883,0.0012311881008123609,16.20781380232694,1933.1599071148005,0.0010001780956875594,5.695229108899824e-06,4.961861198307459e-05,0.0,0.9475942551861216,0.005395805415886769,137324.99999999997
wet_low_load,546.0,False,3,0.883323128021883,0.0012311881008123609,16.20781380232694,1949.3677209171167,0.00100015176695064,5.721557845819294e-06,4.961861198307459e-05,0.0,0.9475693106687815,0.005420749933226999,137324.99999999997
wet_low_load,547.0,False,3,0.883323128021883,0.0012311881008123609,16.20781380232694,1965.5755347194329,0.0010001254382137207,5.747886582738765e-06,4.961861198307459e-05,0.0,0.9475443661514411,0.0054456944505672285,137325.00000000003
wet_low_load,548.0,False,3,0.883323128021883,0.0012311881008123609,16.20781380232694,1981.783348521749,0.0010000991094768013,5.774215319658235e-06,4.961861198307459e-05,0.0,0.947519421634101,0.005470638967907459,137325.00000000003
wet_low_load,549.0,False,3,0.883323128021883,0.0012311881008123609,16.20781380232694,1997.9911623240653,0.0010000727807398819,5.800544056577706e-06,4.961861198307459e-05,0.0,0.9474944771167608,0.005495583485247689,137325.00000000003
wet_low_load,550.0,False,3,0.883323128021883,0.0012311881008123609,16.20781380232694,2014.1989761263815,0.0010000464520029623,5.826872793497176e-06,4.961861198307459e-05,0.0,0.9474695325994205,0.00552052800258792,137325.00000000003
wet_low_load,551.0,False,3,0.883323128021883,0.0012311881008123609,16.20781380232694,2030.4067899286977,0.0010000201232660427,5.853201530416647e-06,4.961861198307459e-05,0.0,0.9474445880820803,0.005545472519928151,137324.99999999997
wet_low_load,552.0,False,3,0.883323128021883,0.0012311881008123609,16.20781380232694,2046.6146037310139,0.000999993794529123,5.879530267336117e-06,4.961861198307459e-05,0.0,0.94741964356474,0.005570417037268381,137324.99999999997
wet_low_load,553.0,False,3,0.883323128021883,0.0012311881008123609,16.20781380232694,2062.8224175333507,0.000999967465792204,5.9058590042555875e-06,4.961861198307459e-05,0.0,0.9473946990473998,0.005595361554608611,137325.00000000003
wet_low_load,554.0,False,3,0.883323128021883,0.0012311881008123609,16.20781380232694,2079.0302313356897,0.0009999411370552845,5.932187741175058e-06,4.961861198307459e-05,0.0,0.9473697545300597,0.005620306071948841,137325.00000000003
wet_low_load,555.0,False,3,0.883323128021883,0.0012311881008123609,16.20781380232694,2095.2380451380286,0.000999914808318365,5.9585164780945285e-06,4.961861198307459e-05,0.0,0.9473448100127193,0.005645250589289072,137325.00000000003
wet_low_load,556.0,False,3,0.883323128021883,0.0012311881008123609,16.20781380232694,2111.4458589403675,0.0009998884795814455,5.984845215013999e-06,4.961861198307459e-05,0.0,0.9473198654953792,0.005670195106629302,137325.00000000003
wet_low_load,557.0,False,3,0.883323128021883,0.0012311881008123609,16.20781380232694,2127.6536727427065,0.000999862150844526,6.0111739519334695e-06,4.961861198307459e-05,0.0,0.947294920978039,0.005695139623969533,137324.99999999997
wet_low_load,558.0,False,3,0.883323128021883,0.0012311881008123609,16.20781380232694,2143.8614865450454,0.0009998358221076063,6.03750268885294e-06,4.961861198307459e-05,0.0,0.9472699764606987,0.005720084141309764,137324.99999999997
wet_low_load,559.0,False,3,0.883323128021883,0.0012311881008123609,16.20781380232694,2160.0693003473843,0.0009998094933706871,6.0638314257724104e-06,4.961861198307459e-05,0.0,0.9472450319433585,0.005745028658649993,137325.00000000003
wet_low_load,560.0,False,3,0.883323128021883,0.0012311881008123609,16.20781380232694,2176.2771141497233,0.0009997831646337675,6.090160162691881e-06,4.961861198307459e-05,0.0,0.9472200874260182,0.0057699731759902236,137325.00000000003
wet_low_load,561.0,False,3,0.883323128021883,0.0012311881008123609,16.20781380232694,2192.484927952062,0.0009997568358968481,6.116488899611351e-06,4.961861198307459e-05,0.0,0.947195142908678,0.005794917693330454,137325.00000000003
wet_low_load,562.0,False,3,0.883323128021883,0.0012311881008123609,16.20781380232694,2208.692741754401,0.0009997305071599285,6.142817636530822e-06,4.961861198307459e-05,0.0,0.9471701983913378,0.005819862210670686,137324.99999999997
wet_low_load,563.0,False,3,0.883323128021883,0.0012311881008123609,16.20781380232694,2224.90055555674,0.0009997041784230091,6.169146373450292e-06,4.961861198307459e-05,0.0,0.9471452538739975,0.005844806728010915,137325.00000000003
wet_low_load,564.0,False,3,0.883323128021883,0.0012311881008123609,16.20781380232694,2241.108369359079,0.0009996778496860895,6.195475110369763e-06,4.961861198307459e-05,0.0,0.9471203093566573,0.005869751245351147,137324.99999999997
wet_low_load,565.0,False,3,0.883323128021883,0.0012311881008123609,16.20781380232694,2257.316183161418,0.0009996515209491701,6.221803847289233e-06,4.961861198307459e-05,0.0,0.9470953648393171,0.005894695762691377,137324.99999999997
wet_low_load,566.0,False,3,0.883323128021883,0.0012311881008123609,16.20781380232694,2273.523996963757,0.0009996251922122508,6.248132584208704e-06,4.961861198307459e-05,0.0,0.9470704203219767,0.005919640280031606,137325.00000000003
wet_low_load,567.0,False,3,0.883323128021883,0.0012311881008123609,16.20781380232694,2289.731810766096,0.0009995988634753311,6.274461321128174e-06,4.961861198307459e-05,0.0,0.9470454758046366,0.005944584797371838,137324.99999999997
wet_low_load,568.0,True,3,0.8303117641972292,0.0012276524100969404,16.161268666989503,5.924523963229507,0.0010054383081874569,3.4128060598454086e-06,4.664082253223171e-05,0.0,0.9525779147638036,0.003233379565417049,137324.99999999997
wet_low_load,569.0,False,4,0.8833231280217823,0.0012311881008123542,16.20781380232685,22.124093357595903,0.0010031593575313736,2.713967265091612e-06,4.961861198306893e-05,0.0,0.9504187787470596,0.0025712818549541334,137325.00000000003
wet_low_load,570.0,False,4,0.883323128021883,0.0012311881008123609,16.20781380232694,38.33190715992276,0.0010031330287944484,2.7402960020110825e-06,4.961861198307459e-05,0.0,0.950393834229714,0.0025962263722943643,137325.00000000003
wet_low_load,571.0,False,4,0.883323128021883,0.0012311881008123609,16.20781380232694,54.53972096224961,0.001003106700057529,2.766624738930553e-06,4.961861198307459e-05,0.0,0.9503688897123739,0.0026211708896345946,137325.00000000003
wet_low_load,572.0,False,4,0.883323128021883,0.0012311881008123609,16.20781380232694,70.74753476457676,0.0010030803713206094,2.7929534758500235e-06,4.961861198307459e-05,0.0,0.9503439451950335,0.002646115406974825,137325.00000000003
wet_low_load,573.0,False,4,0.883323128021883,0.0012311881008123609,16.20781380232694,86.95534856690432,0.0010030540425836898,2.819282212769494e-06,4.961861198307459e-05,0.0,0.9503190006776934,0.0026710599243150563,137324.99999999997
wet_low_load,574.0,False,4,0.883323128021883,0.0012311881008123609,16.20781380232694,103.16316236923188,0.0010030277138467704,2.8456109496889645e-06,4.961861198307459e-05,0.0,0.9502940561603532,0.0026960044416552867,137324.99999999997
wet_low_load,575.0,False,4,0.883323128021883,0.0012311881008123609,16.20781380232694,119.37097617155945,0.001003001385109851,2.871939686608435e-06,4.961861198307459e-05,0.0,0.9502691116430129,0.0027209489589955166,137325.00000000003
wet_low_load,576.0,False,4,0.883323128021883,0.0012311881008123609,16.20781380232694,135.578789973887,0.0010029750563729314,2.8982684235279054e-06,4.961861198307459e-05,0.0,0.9502441671256727,0.0027458934763357474,137324.99999999997
wet_low_load,577.0,False,4,0.883323128021883,0.0012311881008123609,16.20781380232694,151.78660377621458,0.001002948727636012,2.924597160447376e-06,4.961861198307459e-05,0.0,0.9502192226083324,0.0027708379936759774,137325.00000000003
wet_low_load,578.0,False,4,0.883323128021883,0.0012311881008123609,16.20781380232694,167.99441757854214,0.0010029223988990926,2.9509258973668464e-06,4.961861198307459e-05,0.0,0.9501942780909922,0.0027957825110162078,137325.00000000003
wet_low_load,579.0,False,4,0.883323128021883,0.0012311881008123609,16.20781380232694,184.2022313808697,0.001002896070162173,2.977254634286317e-06,4.961861198307459e-05,0.0,0.9501693335736521,0.0028207270283564386,137324.99999999997
wet_low_load,580.0,False,4,0.883323128021883,0.0012311881008123609,16.20781380232694,200.41004518319727,0.0010028697414252536,3.0035833712057873e-06,4.961861198307459e-05,0.0,0.9501443890563117,0.0028456715456966685,137325.00000000003
wet_low_load,581.0,False,4,0.883323128021883,0.0012311881008123609,16.20781380232694,216.61785898552483,0.001002843412688334,3.029912108125258e-06,4.961861198307459e-05,0.0,0.9501194445389716,0.0028706160630369,137324.99999999997
wet_low_load,582.0,False,4,0.883323128021883,0.0012311881008123609,16.20781380232694,232.8256727878524,0.0010028170839514146,3.0562408450447283e-06,4.961861198307459e-05,0.0,0.9500945000216314,0.00289556058037713,137324.99999999997
wet_low_load,583.0,False,4,0.883323128021883,0.0012311881008123609,16.20781380232694,249.03348659017996,0.001002790755214495,3.082569581964199e-06,4.961861198307459e-05,0.0,0.9500695555042911,0.0029205050977173606,137324.99999999997
wet_low_load,584.0,False,4,0.883323128021883,0.0012311881008123609,16.20781380232694,265.2413003925075,0.0010027644264775756,3.1088983188836693e-06,4.961861198307459e-05,0.0,0.9500446109869509,0.002945449615057591,137324.99999999997
wet_low_load,585.0,False,4,0.883323128021883,0.0012311881008123609,16.20781380232694,281.4491141948351,0.0010027380977406563,3.1352270558031398e-06,4.961861198307459e-05,0.0,0.9500196664696106,0.002970394132397821,137325.00000000003
wet_low_load,586.0,False,4,0.883323128021883,0.0012311881008123609,16.20781380232694,297.65692799716265,0.0010027117690037369,3.1615557927226102e-06,4.961861198307459e-05,0.0,0.9499947219522704,0.0029953386497380513,137325.00000000003
wet_low_load,587.0,False,4,0.883323128021883,0.0012311881008123609,16.20781380232694,313.8647417994902,0.0010026854402668173,3.1878845296420807e-06,4.961861198307459e-05,0.0,0.9499697774349302,0.003020283167078282,137324.99999999997
wet_low_load,588.0,False,4,0.883323128021883,0.0012311881008123609,16.20781380232694,330.0725556018178,0.0010026591115298979,3.214213266561551e-06,4.961861198307459e-05,0.0,0.9499448329175899,0.003045227684418512,137325.00000000003
wet_low_load,589.0,False,4,0.883323128021883,0.0012311881008123609,16.20781380232694,346.28036940414535,0.0010026327827929783,3.2405420034810217e-06,4.961861198307459e-05,0.0,0.9499198884002497,0.003070172201758743,137324.99999999997
wet_low_load,590.0,False,4,0.883323128021883,0.0012311881008123609,16.20781380232694,362.4881832064729,0.0010026064540560589,3.266870740400492e-06,4.961861198307459e-05,0.0,0.9498949438829095,0.0030951167190989737,137324.99999999997
wet_low_load,591.0,False,4,0.883323128021883,0.0012311881008123609,16.20781380232694,378.6959970088005,0.0010025801253191395,3.2931994773199627e-06,4.961861198307459e-05,0.0,0.9498699993655692,0.003120061236439203,137325.00000000003
wet_low_load,592.0,False,4,0.883323128021883,0.0012311881008123609,16.20781380232694,394.90381081112804,0.00100255379658222,3.319528214239433e-06,4.961861198307459e-05,0.0,0.949845054848229,0.0031450057537794336,137325.00000000003
wet_low_load,593.0,False,4,0.883323128021883,0.0012311881008123609,16.20781380232694,411.1116246134556,0.0010025274678453005,3.3458569511589036e-06,4.961861198307459e-05,0.0,0.9498201103308886,0.003169950271119664,137325.00000000003
wet_low_load,594.0,False,4,0.883323128021883,0.0012311881008123609,16.20781380232694,427.31943841578317,0.001002501139108381,3.372185688078374e-06,4.961861198307459e-05,0.0,0.9497951658135485,0.0031948947884598944,137325.00000000003
wet_low_load,595.0,False,4,0.883323128021883,0.0012311881008123609,16.20781380232694,443.52725221811073,0.0010024748103714615,3.3985144249978446e-06,4.961861198307459e-05,0.0,0.9497702212962084,0.0032198393058001256,137324.99999999997
wet_low_load,596.0,False,4,0.883323128021883,0.0012311881008123609,16.20781380232694,459.7350660204383,0.0010024484816345421,3.424843161917315e-06,4.961861198307459e-05,0.0,0.949745276778868,0.0032447838231403556,137325.00000000003
wet_low_load,597.0,False,4,0.883323128021883,0.0012311881008123609,16.20781380232694,475.94287982276586,0.0010024221528976227,3.4511718988367856e-06,4.961861198307459e-05,0.0,0.9497203322615279,0.003269728340480586,137325.00000000003
wet_low_load,598.0,False,4,0.883323128021883,0.0012311881008123609,16.20781380232694,492.1506936250934,0.0010023958241607031,3.477500635756256e-06,4.961861198307459e-05,0.0,0.9496953877441877,0.0032946728578208168,137324.99999999997
wet_low_load,599.0,False,4,0.883323128021883,0.0012311881008123609,16.20781380232694,508.358507427421,0.0010023694954237837,3.5038293726757265e-06,4.961861198307459e-05,0.0,0.9496704432268473,0.0033196173751610467,137325.00000000003
wet_low_load,600.0,False,4,0.883323128021883,0.0012311881008123609,16.20781380232694,524.5663212297485,0.0010023431666868641,3.530158109595197e-06,4.961861198307459e-05,0.0,0.9496454987095072,0.003344561892501278,137324.99999999997
wet_low_load,601.0,False,4,0.883323128021883,0.0012311881008123609,16.20781380232694,540.7741350320761,0.0010023168379499447,3.5564868465146675e-06,4.961861198307459e-05,0.0,0.9496205541921668,0.0033695064098415075,137325.00000000003
wet_low_load,602.0,False,4,0.883323128021883,0.0012311881008123609,16.20781380232694,556.9819488344036,0.0010022905092130253,3.582815583434138e-06,4.961861198307459e-05,0.0,0.9495956096748267,0.003394450927181738,137325.00000000003
wet_low_load,603.0,False,4,0.883323128021883,0.0012311881008123609,16.20781380232694,573.1897626367312,0.0010022641804761057,3.6091443203536084e-06,4.961861198307459e-05,0.0,0.9495706651574866,0.003419395444521969,137324.99999999997
wet_low_load,604.0,False,4,0.883323128021883,0.0012311881008123609,16.20781380232694,589.3975764390588,0.0010022378517391863,3.635473057273079e-06,4.961861198307459e-05,0.0,0.9495457206401462,0.0034443399618621987,137325.00000000003
wet_low_load,605.0,False,4,0.883323128021883,0.0012311881008123609,16.20781380232694,605.6053902413863,0.0010022115230022667,3.6618017941925494e-06,4.961861198307459e-05,0.0,0.949520776122806,0.00346928447920243,137324.99999999997
wet_low_load,606.0,False,4,0.883323128021883,0.0012311881008123609,16.20781380232694,621.8132040437139,0.0010021851942653474,3.68813053111202e-06,4.961861198307459e-05,0.0,0.9494958316054659,0.0034942289965426603,137324.99999999997
wet_low_load,607.0,False,4,0.883323128021883,0.0012311881008123609,16.20781380232694,638.0210178460414,0.001002158865528428,3.7144592680314904e-06,4.961861198307459e-05,0.0,0.9494708870881255,0.0035191735138828902,137325.00000000003
wet_low_load,608.0,False,4,0.883323128021883,0.0012311881008123609,16.20781380232694,654.228831648369,0.0010021325367915086,3.740788004950961e-06,4.961861198307459e-05,0.0,0.9494459425707854,0.0035441180312231206,137325.00000000003
wet_low_load,609.0,False,4,0.883323128021883,0.0012311881008123609,16.20781380232694,670.4366454506966,0.001002106208054589,3.7671167418704313e-06,4.961861198307459e-05,0.0,0.949420998053445,0.003569062548563351,137325.00000000003
wet_low_load,610.0,False,4,0.883323128021883,0.0012311881008123609,16.20781380232694,686.6444592530241,0.0010020798793176694,3.793445478789902e-06,4.961861198307459e-05,0.0,0.9493960535361048,0.0035940070659035823,137324.99999999997
wet_low_load,611.0,False,4,0.883323128021883,0.0012311881008123609,16.20781380232694,702.8522730553517,0.00100205355058075,3.819774215709372e-06,4.961861198307459e-05,0.0,0.9493711090187646,0.003618951583243812,137324.99999999997
wet_low_load,612.0,False,4,0.883323128021883,0.0012311881008123609,16.20781380232694,719.0600868576793,0.0010020272218438304,3.846102952628842e-06,4.961861198307459e-05,0.0,0.9493461645014243,0.0036438961005840426,137324.99999999997
wet_low_load,613.0,False,4,0.883323128021883,0.0012311881008123609,16.20781380232694,735.2679006600068,0.001002000893106911,3.872431689548313e-06,4.961861198307459e-05,0.0,0.9493212199840841,0.003668840617924273,137324.99999999997
wet_low_load,614.0,False,4,0.883323128021883,0.0012311881008123609,16.20781380232694,751.4757144623344,0.0010019745643699918,3.898760426467783e-06,4.961861198307459e-05,0.0,0.949296275466744,0.0036937851352645025,137325.00000000003
wet_low_load,615.0,False,4,0.883323128021883,0.0012311881008123609,16.20781380232694,767.683528264662,0.0010019482356330722,3.925089163387254e-06,4.961861198307459e-05,0.0,0.9492713309494036,0.003718729652604733,137325.00000000003
wet_low_load,616.0,False,4,0.883323128021883,0.0012311881008123609,16.20781380232694,783.8913420669895,0.0010019219068961528,3.951417900306724e-06,4.961861198307459e-05,0.0,0.9492463864320635,0.0037436741699449633,137325.00000000003
wet_low_load,617.0,False,4,0.883323128021883,0.0012311881008123609,16.20781380232694,800.0991558693171,0.0010018955781592332,3.977746637226195e-06,4.961861198307459e-05,0.0,0.9492214419147231,0.003768618687285194,137325.00000000003
wet_low_load,618.0,False,4,0.883323128021883,0.0012311881008123609,16.20781380232694,816.3069696716447,0.0010018692494223136,4.004075374145665e-06,4.961861198307459e-05,0.0,0.949196497397383,0.003793563204625425,137324.99999999997
wet_low_load,619.0,False,4,0.883323128021883,0.0012311881008123609,16.20781380232694,832.5147834739722,0.0010018429206853942,4.030404111065136e-06,4.961861198307459e-05,0.0,0.9491715528800428,0.0038185077219656557,137324.99999999997
wet_low_load,620.0,False,4,0.883323128021883,0.0012311881008123609,16.20781380232694,848.7225972762998,0.0010018165919484748,4.056732847984606e-06,4.961861198307459e-05,0.0,0.9491466083627025,0.0038434522393058852,137325.00000000003
wet_low_load,621.0,False,4,0.883323128021883,0.0012311881008123609,16.20781380232694,864.9304110786273,0.0010017902632115554,4.083061584904077e-06,4.961861198307459e-05,0.0,0.9491216638453623,0.0038683967566461156,137325.00000000003
wet_low_load,622.0,False,4,0.883323128021883,0.0012311881008123609,16.20781380232694,881.1382248809549,0.0010017639344746358,4.109390321823547e-06,4.961861198307459e-05,0.0,0.9490967193280222,0.003893341273986347,137324.99999999997
wet_low_load,623.0,False,4,0.883323128021883,0.0012311881008123609,16.20781380232694,897.3460386832825,0.0010017376057377164,4.135719058743018e-06,4.961861198307459e-05,0.0,0.9490717748106818,0.003918285791326577,137325.00000000003
wet_low_load,624.0,False,4,0.883323128021883,0.0012311881008123609,16.20781380232694,913.55385248561,0.0010017112770007968,4.162047795662488e-06,4.961861198307459e-05,0.0,0.9490468302933417,0.003943230308666808,137324.99999999997
wet_low_load,625.0,False,4,0.883323128021883,0.0012311881008123609,16.20781380232694,929.7616662879376,0.0010016849482638774,4.188376532581959e-06,4.961861198307459e-05,0.0,0.9490218857760013,0.003968174826007038,137325.00000000003
wet_low_load,626.0,False,4,0.883323128021883,0.0012311881008123609,16.20781380232694,945.9694800902652,0.001001658619526958,4.214705269501429e-06,4.961861198307459e-05,0.0,0.9489969412586612,0.003993119343347268,137325.00000000003
wet_low_load,627.0,False,4,0.883323128021883,0.0012311881008123609,16.20781380232694,962.1772938925927,0.0010016322907900384,4.2410340064209e-06,4.961861198307459e-05,0.0,0.948971996741321,0.004018063860687499,137324.99999999997
wet_low_load,628.0,False,4,0.883323128021883,0.0012311881008123609,16.20781380232694,978.3851076949203,0.001001605962053119,4.26736274334037e-06,4.961861198307459e-05,0.0,0.9489470522239807,0.004043008378027729,137325.00000000003
wet_low_load,629.0,False,4,0.883323128021883,0.0012311881008123609,16.20781380232694,994.5929214972479,0.0010015796333161995,4.2936914802598406e-06,4.961861198307459e-05,0.0,0.9489221077066404,0.00406795289536796,137324.99999999997
wet_low_load,630.0,False,4,0.883323128021883,0.0012311881008123609,16.20781380232694,1010.8007352995754,0.00100155330457928,4.320020217179311e-06,4.961861198307459e-05,0.0,0.9488971631893003,0.00409289741270819,137324.99999999997
wet_low_load,631.0,False,4,0.883323128021883,0.0012311881008123609,16.20781380232694,1027.0085491019008,0.0010015269758423607,4.3463489540987815e-06,4.961861198307459e-05,0.0,0.94887221867196,0.00411784193004842,137325.00000000003
wet_low_load,632.0,False,4,0.883323128021883,0.0012311881008123609,16.20781380232694,1043.216362904217,0.001001500647105441,4.372677691018252e-06,4.961861198307459e-05,0.0,0.9488472741546198,0.004142786447388651,137324.99999999997
wet_low_load,633.0,False,4,0.883323128021883,0.0012311881008123609,16.20781380232694,1059.4241767065332,0.0010014743183685217,4.3990064279377225e-06,4.961861198307459e-05,0.0,0.9488223296372794,0.004167730964728881,137325.00000000003
wet_low_load,634.0,False,4,0.883323128021883,0.0012311881008123609,16.20781380232694,1075.6319905088494,0.001001447989631602,4.425335164857193e-06,4.961861198307459e-05,0.0,0.9487973851199393,0.004192675482069112,137324.99999999997
wet_low_load,635.0,False,4,0.883323128021883,0.0012311881008123609,16.20781380232694,1091.8398043111656,0.0010014216608946827,4.4516639017766635e-06,4.961861198307459e-05,0.0,0.9487724406025991,0.004217619999409342,137324.99999999997
wet_low_load,636.0,False,4,0.883323128021883,0.0012311881008123609,16.20781380232694,1108.0476181134818,0.0010013953321577633,4.477992638696134e-06,4.961861198307459e-05,0.0,0.9487474960852588,0.004242564516749572,137325.00000000003
wet_low_load,637.0,False,4,0.883323128021883,0.0012311881008123609,16.20781380232694,1124.255431915798,0.001001369003420844,4.5043213756156044e-06,4.961861198307459e-05,0.0,0.9487225515679186,0.004267509034089802,137325.00000000003
wet_low_load,638.0,False,4,0.883323128021883,0.0012311881008123609,16.20781380232694,1140.4632457181142,0.0010013426746839243,4.530650112535075e-06,4.961861198307459e-05,0.0,0.9486976070505785,0.0042924535514300335,137324.99999999997
wet_low_load,639.0,False,4,0.883323128021883,0.0012311881008123609,16.20781380232694,1156.6710595204304,0.001001316345947005,4.556978849454545e-06,4.961861198307459e-05,0.0,0.9486726625332381,0.004317398068770263,137325.00000000003
wet_low_load,640.0,False,4,0.883323128021883,0.0012311881008123609,16.20781380232694,1172.8788733227466,0.0010012900172100853,4.583307586374016e-06,4.961861198307459e-05,0.0,0.948647718015898,0.004342342586110494,137324.99999999997
wet_low_load,641.0,False,4,0.883323128021883,0.0012311881008123609,16.20781380232694,1189.0866871250628,0.001001263688473166,4.609636323293486e-06,4.961861198307459e-05,0.0,0.9486227734985576,0.004367287103450724,137325.00000000003
wet_low_load,642.0,False,4,0.883323128021883,0.0012311881008123609,16.20781380232694,1205.294500927379,0.0010012373597362465,4.635965060212957e-06,4.961861198307459e-05,0.0,0.9485978289812175,0.004392231620790954,137325.00000000003
wet_low_load,643.0,False,4,0.883323128021883,0.0012311881008123609,16.20781380232694,1221.5023147296952,0.0010012110309993271,4.662293797132427e-06,4.961861198307459e-05,0.0,0.9485728844638773,0.0044171761381311845,137325.00000000003
wet_low_load,644.0,False,4,0.883323128021883,0.0012311881008123609,16.20781380232694,1237.7101285320114,0.0010011847022624075,4.688622534051898e-06,4.961861198307459e-05,0.0,0.948547939946537,0.004442120655471415,137325.00000000003
wet_low_load,645.0,False,4,0.883323128021883,0.0012311881008123609,16.20781380232694,1253.9179423343276,0.0010011583735254881,4.714951270971368e-06,4.961861198307459e-05,0.0,0.9485229954291968,0.004467065172811645,137325.00000000003
wet_low_load,646.0,False,4,0.883323128021883,0.0012311881008123609,16.20781380232694,1270.1257561366438,0.0010011320447885685,4.741280007890839e-06,4.961861198307459e-05,0.0,0.9484980509118567,0.004492009690151877,137324.99999999997
wet_low_load,647.0,False,4,0.883323128021883,0.0012311881008123609,16.20781380232694,1286.33356993896,0.0010011057160516491,4.767608744810309e-06,4.961861198307459e-05,0.0,0.9484731063945163,0.004516954207492107,137325.00000000003
wet_low_load,648.0,False,4,0.883323128021883,0.0012311881008123609,16.20781380232694,1302.5413837412761,0.0010010793873147298,4.79393748172978e-06,4.961861198307459e-05,0.0,0.9484481618771762,0.004541898724832337,137325.00000000003
wet_low_load,649.0,False,4,0.883323128021883,0.0012311881008123609,16.20781380232694,1318.7491975435923,0.0010010530585778101,4.82026621864925e-06,4.961861198307459e-05,0.0,0.9484232173598358,0.004566843242172568,137325.00000000003
wet_low_load,650.0,False,4,0.883323128021883,0.0012311881008123609,16.20781380232694,1334.9570113459085,0.0010010267298408908,4.846594955568721e-06,4.961861198307459e-05,0.0,0.9483982728424957,0.004591787759512798,137325.00000000003
wet_low_load,651.0,False,4,0.883323128021883,0.0012311881008123609,16.20781380232694,1351.1648251482247,0.0010010004011039712,4.872923692488191e-06,4.961861198307459e-05,0.0,0.9483733283251554,0.004616732276853029,137324.99999999997
wet_low_load,652.0,False,4,0.883323128021883,0.0012311881008123609,16.20781380232694,1367.372638950541,0.0010009740723670518,4.899252429407662e-06,4.961861198307459e-05,0.0,0.9483483838078152,0.004641676794193259,137325.00000000003
wet_low_load,653.0,False,4,0.883323128021883,0.0012311881008123609,16.20781380232694,1383.5804527528571,0.0010009477436301324,4.925581166327132e-06,4.961861198307459e-05,0.0,0.9483234392904749,0.004666621311533489,137325.00000000003
wet_low_load,654.0,False,4,0.883323128021883,0.0012311881008123609,16.20781380232694,1399.7882665551733,0.0010009214148932128,4.951909903246603e-06,4.961861198307459e-05,0.0,0.9482984947731348,0.0046915658288737205,137324.99999999997
wet_low_load,655.0,False,4,0.883323128021883,0.0012311881008123609,16.20781380232694,1415.9960803574895,0.0010008950861562934,4.978238640166073e-06,4.961861198307459e-05,0.0,0.9482735502557944,0.00471651034621395,137325.00000000003
wet_low_load,656.0,False,4,0.883323128021883,0.0012311881008123609,16.20781380232694,1432.2038941598057,0.0010008687574193738,5.004567377085544e-06,4.961861198307459e-05,0.0,0.9482486057384543,0.004741454863554181,137324.99999999997
wet_low_load,657.0,False,4,0.883323128021883,0.0012311881008123609,16.20781380232694,1448.411707962122,0.0010008424286824544,5.030896114005014e-06,4.961861198307459e-05,0.0,0.9482236612211139,0.004766399380894411,137325.00000000003
wet_low_load,658.0,False,4,0.883323128021883,0.0012311881008123609,16.20781380232694,1464.619521764438,0.0010008160999455348,5.0572248509244846e-06,4.961861198307459e-05,0.0,0.9481987167037738,0.004791343898234642,137324.99999999997
wet_low_load,659.0,False,4,0.883323128021883,0.0012311881008123609,16.20781380232694,1480.8273355667543,0.0010007897712086156,5.083553587843955e-06,4.961861198307459e-05,0.0,0.9481737721864336,0.0048162884155748716,137325.00000000003
wet_low_load,660.0,False,4,0.883323128021883,0.0012311881008123609,16.20781380232694,1497.0351493690705,0.001000763442471696,5.1098823247634255e-06,4.961861198307459e-05,0.0,0.9481488276690933,0.004841232932915102,137325.00000000003
wet_low_load,661.0,False,4,0.883323128021883,0.0012311881008123609,16.20781380232694,1513.2429631713867,0.0010007371137347764,5.136211061682896e-06,4.961861198307459e-05,0.0,0.9481238831517531,0.004866177450255333,137324.99999999997
wet_low_load,662.0,False,4,0.883323128021883,0.0012311881008123609,16.20781380232694,1529.450776973703,0.001000710784997857,5.1625397986023665e-06,4.961861198307459e-05,0.0,0.948098938634413,0.004891121967595564,137324.99999999997
wet_low_load,663.0,False,4,0.883323128021883,0.0012311881008123609,16.20781380232694,1545.658590776019,0.0010006844562609374,5.188868535521837e-06,4.961861198307459e-05,0.0,0.9480739941170726,0.004916066484935794,137324.99999999997
wet_low_load,664.0,False,4,0.883323128021883,0.0012311881008123609,16.20781380232694,1561.8664045783353,0.001000658127524018,5.2151972724413075e-06,4.961861198307459e-05,0.0,0.9480490495997325,0.004941011002276024,137324.99999999997
wet_low_load,665.0,False,4,0.883323128021883,0.0012311881008123609,16.20781380232694,1578.0742183806515,0.0010006317987870988,5.241526009360778e-06,4.961861198307459e-05,0.0,0.9480241050823921,0.004965955519616253,137325.00000000003
wet_low_load,666.0,False,4,0.883323128021883,0.0012311881008123609,16.20781380232694,1594.2820321829677,0.0010006054700501792,5.267854746280248e-06,4.961861198307459e-05,0.0,0.947999160565052,0.004990900036956484,137325.00000000003
wet_low_load,667.0,False,4,0.883323128021883,0.0012311881008123609,16.20781380232694,1610.4898459852839,0.0010005791413132596,5.294183483199719e-06,4.961861198307459e-05,0.0,0.9479742160477118,0.005015844554296716,137324.99999999997
wet_low_load,668.0,False,4,0.883323128021883,0.0012311881008123609,16.20781380232694,1626.6976597876,0.0010005528125763402,5.320512220119189e-06,4.961861198307459e-05,0.0,0.9479492715303715,0.005040789071636945,137325.00000000003
wet_low_load,669.0,False,4,0.883323128021883,0.0012311881008123609,16.20781380232694,1642.9054735899163,0.0010005264838394206,5.34684095703866e-06,4.961861198307459e-05,0.0,0.9479243270130313,0.005065733588977177,137324.99999999997
wet_low_load,670.0,False,4,0.883323128021883,0.0012311881008123609,16.20781380232694,1659.1132873922325,0.0010005001551025012,5.37316969395813e-06,4.961861198307459e-05,0.0,0.9478993824956912,0.0050906781063174075,137324.99999999997
wet_low_load,671.0,False,4,0.883323128021883,0.0012311881008123609,16.20781380232694,1675.3211011945486,0.0010004738263655819,5.399498430877601e-06,4.961861198307459e-05,0.0,0.9478744379783508,0.005115622623657637,137325.00000000003
wet_low_load,672.0,False,4,0.883323128021883,0.0012311881008123609,16.20781380232694,1691.5289149968648,0.0010004474976286625,5.425827167797071e-06,4.961861198307459e-05,0.0,0.9478494934610107,0.005140567140997867,137325.00000000003
wet_low_load,673.0,False,4,0.883323128021883,0.0012311881008123609,16.20781380232694,1707.736728799181,0.0010004211688917429,5.452155904716542e-06,4.961861198307459e-05,0.0,0.9478245489436703,0.005165511658338098,137325.00000000003
wet_low_load,674.0,False,4,0.883323128021883,0.0012311881008123609,16.20781380232694,1723.9445426014972,0.0010003948401548235,5.478484641636012e-06,4.961861198307459e-05,0.0,0.94779960442633,0.005190456175678328,137325.00000000003
wet_low_load,675.0,False,4,0.883323128021883,0.0012311881008123609,16.20781380232694,1740.1523564038134,0.0010003685114179039,5.504813378555483e-06,4.961861198307459e-05,0.0,0.9477746599089899,0.0052154006930185594,137324.99999999997
wet_low_load,676.0,False,4,0.883323128021883,0.0012311881008123609,16.20781380232694,1756.3601702061296,0.0010003421826809845,5.531142115474953e-06,4.961861198307459e-05,0.0,0.9477497153916495,0.005240345210358789,137325.00000000003
wet_low_load,677.0,False,4,0.883323128021883,0.0012311881008123609,16.20781380232694,1772.5679840084458,0.001000315853944065,5.557470852394424e-06,4.961861198307459e-05,0.0,0.9477247708743094,0.005265289727699019,137325.00000000003
wet_low_load,678.0,False,4,0.883323128021883,0.0012311881008123609,16.20781380232694,1788.775797810762,0.0010002895252071455,5.583799589313894e-06,4.961861198307459e-05,0.0,0.9476998263569693,0.005290234245039251,137324.99999999997
wet_low_load,679.0,False,4,0.883323128021883,0.0012311881008123609,16.20781380232694,1804.9836116130782,0.001000263196470226,5.610128326233365e-06,4.961861198307459e-05,0.0,0.9476748818396289,0.00531517876237948,137325.00000000003
wet_low_load,680.0,False,4,0.883323128021883,0.0012311881008123609,16.20781380232694,1821.1914254153944,0.0010002368677333065,5.636457063152835e-06,4.961861198307459e-05,0.0,0.9476499373222887,0.005340123279719711,137324.99999999997
wet_low_load,681.0,False,4,0.883323128021883,0.0012311881008123609,16.20781380232694,1837.3992392177106,0.001000210538996387,5.662785800072306e-06,4.961861198307459e-05,0.0,0.9476249928049484,0.005365067797059941,137325.00000000003
wet_low_load,682.0,False,4,0.883323128021883,0.0012311881008123609,16.20781380232694,1853.6070530200268,0.0010001842102594677,5.689114536991776e-06,4.961861198307459e-05,0.0,0.9476000482876082,0.005390012314400171,137325.00000000003
wet_low_load,683.0,False,4,0.883323128021883,0.0012311881008123609,16.20781380232694,1869.814866822343,0.001000157881522548,5.715443273911247e-06,4.961861198307459e-05,0.0,0.9475751037702681,0.0054149568317404025,137324.99999999997
wet_low_load,684.0,False,4,0.883323128021883,0.0012311881008123609,16.20781380232694,1886.0226806246592,0.0010001315527856287,5.741772010830717e-06,4.961861198307459e-05,0.0,0.9475501592529277,0.005439901349080632,137325.00000000003
wet_low_load,685.0,False,4,0.883323128021883,0.0012311881008123609,16.20781380232694,1902.2304944269754,0.001000105224048709,5.768100747750188e-06,4.961861198307459e-05,0.0,0.9475252147355876,0.005464845866420864,137324.99999999997
wet_low_load,686.0,False,4,0.883323128021883,0.0012311881008123609,16.20781380232694,1918.4383082292916,0.0010000788953117897,5.794429484669658e-06,4.961861198307459e-05,0.0,0.9475002702182475,0.0054897903837610946,137324.99999999997
wet_low_load,687.0,False,4,0.883323128021883,0.0012311881008123609,16.20781380232694,1934.6461220316078,0.0010000525665748703,5.8207582215891286e-06,4.961861198307459e-05,0.0,0.9474753257009071,0.005514734901101323,137325.00000000003
wet_low_load,688.0,False,4,0.883323128021883,0.0012311881008123609,16.20781380232694,1950.853935833924,0.001000026237837951,5.847086958508599e-06,4.961861198307459e-05,0.0,0.947450381183567,0.005539679418441554,137325.00000000003
wet_low_load,689.0,False,4,0.883323128021883,0.0012311881008123609,16.20781380232694,1967.0617496362402,0.0009999999091010313,5.8734156954280695e-06,4.961861198307459e-05,0.0,0.9474254366662266,0.005564623935781784,137325.00000000003
wet_low_load,690.0,False,4,0.883323128021883,0.0012311881008123609,16.20781380232694,1983.2695634385564,0.0009999735803641117,5.89974443234754e-06,4.961861198307459e-05,0.0,0.9474004921488864,0.005589568453122016,137324.99999999997
wet_low_load,691.0,False,4,0.883323128021883,0.0012311881008123609,16.20781380232694,1999.4773772408726,0.0009999472516271923,5.9260731692670105e-06,4.961861198307459e-05,0.0,0.9473755476315463,0.0056145129704622465,137324.99999999997
wet_low_load,692.0,False,4,0.883323128021883,0.0012311881008123609,16.20781380232694,2015.6851910431888,0.0009999209228902727,5.952401906186481e-06,4.961861198307459e-05,0.0,0.9473506031142059,0.005639457487802477,137324.99999999997
wet_low_load,693.0,False,4,0.883323128021883,0.0012311881008123609,16.20781380232694,2031.893004845505,0.0009998945941533536,5.9787306431059515e-06,4.961861198307459e-05,0.0,0.9473256585968658,0.005664402005142706,137325.00000000003
wet_low_load,694.0,False,4,0.883323128021883,0.0012311881008123609,16.20781380232694,2048.100818647821,0.000999868265416434,6.005059380025422e-06,4.961861198307459e-05,0.0,0.9473007140795255,0.005689346522482938,137324.99999999997
wet_low_load,695.0,False,4,0.883323128021883,0.0012311881008123609,16.20781380232694,2064.30863245016,0.0009998419366795146,6.031388116944892e-06,4.961861198307459e-05,0.0,0.9472757695621853,0.005714291039823167,137325.00000000003
wet_low_load,696.0,False,4,0.883323128021883,0.0012311881008123609,16.20781380232694,2080.516446252499,0.0009998156079425952,6.057716853864363e-06,4.961861198307459e-05,0.0,0.947250825044845,0.0057392355571633975,137325.00000000003
wet_low_load,697.0,False,4,0.883323128021883,0.0012311881008123609,16.20781380232694,2096.724260054838,0.0009997892792056756,6.084045590783833e-06,4.961861198307459e-05,0.0,0.9472258805275047,0.005764180074503628,137325.00000000003
wet_low_load,698.0,False,4,0.883323128021883,0.0012311881008123609,16.20781380232694,2112.932073857177,0.000999762950468756,6.110374327703304e-06,4.961861198307459e-05,0.0,0.9472009360101645,0.005789124591843859,137324.99999999997
wet_low_load,699.0,False,4,0.883323128021883,0.0012311881008123609,16.20781380232694,2129.139887659516,0.0009997366217318366,6.136703064622774e-06,4.961861198307459e-05,0.0,0.9471759914928244,0.0058140691091840896,137324.99999999997
wet_low_load,700.0,False,4,0.883323128021883,0.0012311881008123609,16.20781380232694,2145.3477014618547,0.0009997102929949172,6.163031801542245e-06,4.961861198307459e-05,0.0,0.947151046975484,0.005839013626524319,137325.00000000003
wet_low_load,701.0,False,4,0.883323128021883,0.0012311881008123609,16.20781380232694,2161.5555152641937,0.0009996839642579978,6.189360538461715e-06,4.961861198307459e-05,0.0,0.9471261024581439,0.0058639581438645495,137325.00000000003
wet_low_load,702.0,False,4,0.883323128021883,0.0012311881008123609,16.20781380232694,2177.7633290665326,0.0009996576355210782,6.215689275381186e-06,4.961861198307459e-05,0.0,0.9471011579408037,0.005888902661204781,137324.99999999997
wet_low_load,703.0,False,4,0.883323128021883,0.0012311881008123609,16.20781380232694,2193.9711428688715,0.0009996313067841588,6.242018012300656e-06,4.961861198307459e-05,0.0,0.9470762134234634,0.00591384717854501,137325.00000000003
wet_low_load,704.0,False,4,0.883323128021883,0.0012311881008123609,16.20781380232694,2210.1789566712105,0.0009996049780472392,6.268346749220127e-06,4.961861198307459e-05,0.0,0.9470512689061232,0.0059387916958852415,137324.99999999997
wet_low_load,705.0,False,4,0.883323128021883,0.0012311881008123609,16.20781380232694,2226.3867704735494,0.0009995786493103198,6.294675486139597e-06,4.961861198307459e-05,0.0,0.9470263243887829,0.005963736213225471,137325.00000000003
wet_low_load,706.0,False,4,0.883323128021883,0.0012311881008123609,16.20781380232694,2242.5945842758883,0.0009995523205734004,6.321004223059068e-06,4.961861198307459e-05,0.0,0.9470013798714427,0.005988680730565701,137325.00000000003
wet_low_load,707.0,False,4,0.883323128021883,0.0012311881008123609,16.20781380232694,2258.8023980782273,0.0009995259918364808,6.347332959978538e-06,4.961861198307459e-05,0.0,0.9469764353541026,0.0060136252479059335,137324.99999999997
wet_low_load,708.0,False,4,0.883323128021883,0.0012311881008123609,16.20781380232694,2275.010211880566,0.0009994996630995614,6.373661696898009e-06,4.961861198307459e-05,0.0,0.9469514908367622,0.006038569765246162,137325.00000000003
wet_low_load,709.0,False,4,0.883323128021883,0.0012311881008123609,16.20781380232694,2291.218025682905,0.0009994733343626418,6.399990433817479e-06,4.961861198307459e-05,0.0,0.9469265463194221,0.006063514282586394,137324.99999999997
wet_low_load,710.0,True,4,0.8303114166069455,0.0012276523869137652,16.161268361797642,7.4065497997617795,0.0010058644749241508,2.986658848223134e-06,4.664080300716001e-05,0.0,0.9529816760071099,0.002829636820661921,137324.99999999997
wet_low_load,711.0,False,5,0.8833231280218771,0.0012311881008123604,16.207813802326935,23.610308274404147,0.0010031044741668574,2.7688506296024486e-06,4.9618611983074255e-05,0.0,0.9503667808467409,0.002623279755268081,137324.99999999997
wet_low_load,712.0,False,5,0.883323128021883,0.0012311881008123609,16.20781380232694,39.818122076731,0.0010030781454299375,2.795179366521919e-06,4.961861198307459e-05,0.0,0.9503418363294001,0.0026482242726083107,137325.00000000003
wet_low_load,713.0,False,5,0.883323128021883,0.0012311881008123609,16.20781380232694,56.025935879057855,0.0010030518166930181,2.8215081034413896e-06,4.961861198307459e-05,0.0,0.9503168918120599,0.0026731687899485415,137325.00000000003
wet_low_load,714.0,False,5,0.883323128021883,0.0012311881008123609,16.20781380232694,72.23374968138506,0.0010030254879560985,2.84783684036086e-06,4.961861198307459e-05,0.0,0.9502919472947196,0.002698113307288772,137325.00000000003
wet_low_load,715.0,False,5,0.883323128021883,0.0012311881008123609,16.20781380232694,88.44156348371263,0.0010029991592191792,2.8741655772803305e-06,4.961861198307459e-05,0.0,0.9502670027773794,0.0027230578246290023,137325.00000000003
wet_low_load,716.0,False,5,0.883323128021883,0.0012311881008123609,16.20781380232694,104.64937728604019,0.0010029728304822595,2.900494314199801e-06,4.961861198307459e-05,0.0,0.9502420582600393,0.002748002341969233,137324.99999999997
wet_low_load,717.0,False,5,0.883323128021883,0.0012311881008123609,16.20781380232694,120.85719108836776,0.0010029465017453402,2.9268230511192715e-06,4.961861198307459e-05,0.0,0.9502171137426989,0.002772946859309463,137325.00000000003
wet_low_load,718.0,False,5,0.883323128021883,0.0012311881008123609,16.20781380232694,137.06500489069532,0.0010029201730084206,2.953151788038742e-06,4.961861198307459e-05,0.0,0.9501921692253588,0.002797891376649694,137324.99999999997
wet_low_load,719.0,False,5,0.883323128021883,0.0012311881008123609,16.20781380232694,153.27281869302288,0.0010028938442715014,2.9794805249582125e-06,4.961861198307459e-05,0.0,0.9501672247080186,0.002822835893989924,137325.00000000003
wet_low_load,720.0,False,5,0.883323128021883,0.0012311881008123609,16.20781380232694,169.48063249535045,0.0010028675155345818,3.005809261877683e-06,4.961861198307459e-05,0.0,0.9501422801906783,0.0028477804113301542,137325.00000000003
wet_low_load,721.0,False,5,0.883323128021883,0.0012311881008123609,16.20781380232694,185.688446297678,0.0010028411867976624,3.0321379987971534e-06,4.961861198307459e-05,0.0,0.9501173356733381,0.0028727249286703846,137325.00000000003
wet_low_load,722.0,False,5,0.883323128021883,0.0012311881008123609,16.20781380232694,201.89626010000558,0.0010028148580607428,3.058466735716624e-06,4.961861198307459e-05,0.0,0.9500923911559978,0.002897669446010615,137325.00000000003
wet_low_load,723.0,False,5,0.883323128021883,0.0012311881008123609,16.20781380232694,218.10407390233314,0.0010027885293238232,3.0847954726360944e-06,4.961861198307459e-05,0.0,0.9500674466386576,0.0029226139633508463,137324.99999999997
wet_low_load,724.0,False,5,0.883323128021883,0.0012311881008123609,16.20781380232694,234.3118877046607,0.0010027622005869038,3.111124209555565e-06,4.961861198307459e-05,0.0,0.9500425021213175,0.0029475584806910766,137324.99999999997
wet_low_load,725.0,False,5,0.883323128021883,0.0012311881008123609,16.20781380232694,250.51970150698827,0.0010027358718499844,3.1374529464750354e-06,4.961861198307459e-05,0.0,0.9500175576039771,0.0029725029980313066,137325.00000000003
wet_low_load,726.0,False,5,0.883323128021883,0.0012311881008123609,16.20781380232694,266.72751530931583,0.001002709543113065,3.163781683394506e-06,4.961861198307459e-05,0.0,0.949992613086637,0.002997447515371537,137325.00000000003
wet_low_load,727.0,False,5,0.883323128021883,0.0012311881008123609,16.20781380232694,282.9353291116434,0.0010026832143761454,3.1901104203139763e-06,4.961861198307459e-05,0.0,0.9499676685692967,0.003022392032711768,137324.99999999997
wet_low_load,728.0,False,5,0.883323128021883,0.0012311881008123609,16.20781380232694,299.14314291397096,0.001002656885639226,3.216439157233447e-06,4.961861198307459e-05,0.0,0.9499427240519565,0.0030473365500519978,137325.00000000003
wet_low_load,729.0,False,5,0.883323128021883,0.0012311881008123609,16.20781380232694,315.3509567162985,0.0010026305569023064,3.2427678941529173e-06,4.961861198307459e-05,0.0,0.9499177795346162,0.0030722810673922286,137324.99999999997
wet_low_load,730.0,False,5,0.883323128021883,0.0012311881008123609,16.20781380232694,331.5587705186261,0.001002604228165387,3.2690966310723878e-06,4.961861198307459e-05,0.0,0.9498928350172758,0.0030972255847324585,137325.00000000003
wet_low_load,731.0,False,5,0.883323128021883,0.0012311881008123609,16.20781380232694,347.76658432095365,0.0010025778994284676,3.2954253679918583e-06,4.961861198307459e-05,0.0,0.9498678904999357,0.003122170102072689,137325.00000000003
wet_low_load,732.0,False,5,0.883323128021883,0.0012311881008123609,16.20781380232694,363.9743981232812,0.001002551570691548,3.3217541049113287e-06,4.961861198307459e-05,0.0,0.9498429459825956,0.00314711461941292,137324.99999999997
wet_low_load,733.0,False,5,0.883323128021883,0.0012311881008123609,16.20781380232694,380.1822119256088,0.0010025252419546286,3.3480828418307992e-06,4.961861198307459e-05,0.0,0.9498180014652552,0.0031720591367531497,137325.00000000003
wet_low_load,734.0,False,5,0.883323128021883,0.0012311881008123609,16.20781380232694,396.39002572793635,0.001002498913217709,3.3744115787502697e-06,4.961861198307459e-05,0.0,0.949793056947915,0.003197003654093381,137324.99999999997
wet_low_load,735.0,False,5,0.883323128021883,0.0012311881008123609,16.20781380232694,412.5978395302639,0.0010024725844807896,3.40074031566974e-06,4.961861198307459e-05,0.0,0.9497681124305749,0.0032219481714336113,137324.99999999997
wet_low_load,736.0,False,5,0.883323128021883,0.0012311881008123609,16.20781380232694,428.8056533325915,0.0010024462557438702,3.4270690525892107e-06,4.961861198307459e-05,0.0,0.9497431679132345,0.0032468926887738413,137325.00000000003
wet_low_load,737.0,False,5,0.883323128021883,0.0012311881008123609,16.20781380232694,445.01346713491904,0.0010024199270069506,3.453397789508681e-06,4.961861198307459e-05,0.0,0.9497182233958944,0.003271837206114072,137324.99999999997
wet_low_load,738.0,False,5,0.883323128021883,0.0012311881008123609,16.20781380232694,461.2212809372466,0.0010023935982700312,3.4797265264281516e-06,4.961861198307459e-05,0.0,0.949693278878554,0.003296781723454302,137325.00000000003
wet_low_load,739.0,False,5,0.883323128021883,0.0012311881008123609,16.20781380232694,477.42909473957417,0.0010023672695331116,3.506055263347622e-06,4.961861198307459e-05,0.0,0.9496683343612139,0.003321726240794533,137324.99999999997
wet_low_load,740.0,False,5,0.883323128021883,0.0012311881008123609,16.20781380232694,493.63690854190173,0.0010023409407961923,3.5323840002670926e-06,4.961861198307459e-05,0.0,0.9496433898438738,0.0033466707581347637,137324.99999999997
wet_low_load,741.0,False,5,0.883323128021883,0.0012311881008123609,16.20781380232694,509.8447223442293,0.0010023146120592729,3.558712737186563e-06,4.961861198307459e-05,0.0,0.9496184453265334,0.003371615275474993,137325.00000000003
wet_low_load,742.0,False,5,0.883323128021883,0.0012311881008123609,16.20781380232694,526.0525361465568,0.0010022882833223535,3.5850414741060336e-06,4.961861198307459e-05,0.0,0.9495935008091932,0.0033965597928152236,137325.00000000003
wet_low_load,743.0,False,5,0.883323128021883,0.0012311881008123609,16.20781380232694,542.2603499488844,0.0010022619545854339,3.611370211025504e-06,4.961861198307459e-05,0.0,0.9495685562918531,0.003421504310155455,137324.99999999997
wet_low_load,744.0,False,5,0.883323128021883,0.0012311881008123609,16.20781380232694,558.4681637512119,0.0010022356258485145,3.6376989479449745e-06,4.961861198307459e-05,0.0,0.9495436117745127,0.0034464488274956843,137325.00000000003
wet_low_load,745.0,False,5,0.883323128021883,0.0012311881008123609,16.20781380232694,574.6759775535395,0.0010022092971115949,3.664027684864445e-06,4.961861198307459e-05,0.0,0.9495186672571726,0.0034713933448359156,137324.99999999997
wet_low_load,746.0,False,5,0.883323128021883,0.0012311881008123609,16.20781380232694,590.8837913558671,0.0010021829683746753,3.6903564217839155e-06,4.961861198307459e-05,0.0,0.9494937227398322,0.003496337862176146,137324.99999999997
wet_low_load,747.0,False,5,0.883323128021883,0.0012311881008123609,16.20781380232694,607.0916051581946,0.001002156639637756,3.716685158703386e-06,4.961861198307459e-05,0.0,0.9494687782224921,0.003521282379516376,137325.00000000003
wet_low_load,748.0,False,5,0.883323128021883,0.0012311881008123609,16.20781380232694,623.2994189605222,0.0010021303109008367,3.7430138956228565e-06,4.961861198307459e-05,0.0,0.949443833705152,0.0035462268968566063,137325.00000000003
wet_low_load,749.0,False,5,0.883323128021883,0.0012311881008123609,16.20781380232694,639.5072327628498,0.001002103982163917,3.769342632542327e-06,4.961861198307459e-05,0.0,0.9494188891878116,0.0035711714141968367,137325.00000000003
wet_low_load,750.0,False,5,0.883323128021883,0.0012311881008123609,16.20781380232694,655.7150465651773,0.0010020776534269977,3.7956713694617974e-06,4.961861198307459e-05,0.0,0.9493939446704713,0.003596115931537067,137325.00000000003
wet_low_load,751.0,False,5,0.883323128021883,0.0012311881008123609,16.20781380232694,671.9228603675049,0.001002051324690078,3.8220001063812675e-06,4.961861198307459e-05,0.0,0.9493690001531312,0.003621060448877298,137324.99999999997
wet_low_load,752.0,False,5,0.883323128021883,0.0012311881008123609,16.20781380232694,688.1306741698324,0.0010020249959531585,3.848328843300738e-06,4.961861198307459e-05,0.0,0.9493440556357908,0.0036460049662175283,137324.99999999997
wet_low_load,753.0,False,5,0.883323128021883,0.0012311881008123609,16.20781380232694,704.33848797216,0.0010019986672162393,3.8746575802202085e-06,4.961861198307459e-05,0.0,0.9493191111184507,0.003670949483557758,137325.00000000003
wet_low_load,754.0,False,5,0.883323128021883,0.0012311881008123609,16.20781380232694,720.5463017744876,0.0010019723384793197,3.900986317139679e-06,4.961861198307459e-05,0.0,0.9492941666011103,0.003695894000897988,137325.00000000003
wet_low_load,755.0,False,5,0.883323128021883,0.0012311881008123609,16.20781380232694,736.7541155768151,0.0010019460097424003,3.927315054059149e-06,4.961861198307459e-05,0.0,0.9492692220837702,0.0037208385182382186,137325.00000000003
wet_low_load,756.0,False,5,0.883323128021883,0.0012311881008123609,16.20781380232694,752.9619293791427,0.0010019196810054807,3.95364379097862e-06,4.961861198307459e-05,0.0,0.94924427756643,0.00374578303557845,137324.99999999997
wet_low_load,757.0,False,5,0.883323128021883,0.0012311881008123609,16.20781380232694,769.1697431814703,0.0010018933522685613,3.97997252789809e-06,4.961861198307459e-05,0.0,0.9492193330490897,0.0037707275529186794,137325.00000000003
wet_low_load,758.0,False,5,0.883323128021883,0.0012311881008123609,16.20781380232694,785.3775569837978,0.0010018670235316417,4.006301264817561e-06,4.961861198307459e-05,0.0,0.9491943885317495,0.0037956720702589106,137324.99999999997
wet_low_load,759.0,False,5,0.883323128021883,0.0012311881008123609,16.20781380232694,801.5853707861254,0.0010018406947947223,4.032630001737031e-06,4.961861198307459e-05,0.0,0.9491694440144094,0.003820616587599141,137324.99999999997
wet_low_load,760.0,False,5,0.883323128021883,0.0012311881008123609,16.20781380232694,817.793184588453,0.001001814366057803,4.058958738656502e-06,4.961861198307459e-05,0.0,0.949144499497069,0.003845561104939371,137325.00000000003
wet_low_load,761.0,False,5,0.883323128021883,0.0012311881008123609,16.20781380232694,834.0009983907805,0.0010017880373208833,4.085287475575972e-06,4.961861198307459e-05,0.0,0.9491195549797289,0.003870505622279602,137324.99999999997
wet_low_load,762.0,False,5,0.883323128021883,0.0012311881008123609,16.20781380232694,850.2088121931081,0.001001761708583964,4.111616212495443e-06,4.961861198307459e-05,0.0,0.9490946104623885,0.0038954501396198317,137325.00000000003
wet_low_load,763.0,False,5,0.883323128021883,0.0012311881008123609,16.20781380232694,866.4166259954357,0.0010017353798470444,4.137944949414913e-06,4.961861198307459e-05,0.0,0.9490696659450484,0.0039203946569600625,137324.99999999997
wet_low_load,764.0,False,5,0.883323128021883,0.0012311881008123609,16.20781380232694,882.6244397977632,0.001001709051110125,4.164273686334384e-06,4.961861198307459e-05,0.0,0.9490447214277082,0.003945339174300293,137324.99999999997
wet_low_load,765.0,False,5,0.883323128021883,0.0012311881008123609,16.20781380232694,898.8322536000908,0.0010016827223732056,4.190602423253854e-06,4.961861198307459e-05,0.0,0.9490197769103679,0.003970283691640523,137325.00000000003
wet_low_load,766.0,False,5,0.883323128021883,0.0012311881008123609,16.20781380232694,915.0400674024183,0.0010016563936362862,4.216931160173325e-06,4.961861198307459e-05,0.0,0.9489948323930277,0.003995228208980754,137325.00000000003
wet_low_load,767.0,False,5,0.883323128021883,0.0012311881008123609,16.20781380232694,931.2478812047459,0.0010016300648993666,4.243259897092795e-06,4.961861198307459e-05,0.0,0.9489698878756876,0.004020172726320985,137324.99999999997
wet_low_load,768.0,False,5,0.883323128021883,0.0012311881008123609,16.20781380232694,947.4556950070735,0.001001603736162447,4.269588634012266e-06,4.961861198307459e-05,0.0,0.9489449433583472,0.004045117243661215,137324.99999999997
wet_low_load,769.0,False,5,0.883323128021883,0.0012311881008123609,16.20781380232694,963.663508809401,0.0010015774074255276,4.295917370931736e-06,4.961861198307459e-05,0.0,0.948919998841007,0.004070061761001446,137324.99999999997
wet_low_load,770.0,False,5,0.883323128021883,0.0012311881008123609,16.20781380232694,979.8713226117286,0.0010015510786886082,4.322246107851207e-06,4.961861198307459e-05,0.0,0.9488950543236667,0.004095006278341675,137325.00000000003
wet_low_load,771.0,False,5,0.883323128021883,0.0012311881008123609,16.20781380232694,996.0791364140562,0.0010015247499516888,4.348574844770677e-06,4.961861198307459e-05,0.0,0.9488701098063265,0.004119950795681906,137325.00000000003
wet_low_load,772.0,False,5,0.883323128021883,0.0012311881008123609,16.20781380232694,1012.2869502163837,0.0010014984212147694,4.374903581690148e-06,4.961861198307459e-05,0.0,0.9488451652889863,0.004144895313022136,137325.00000000003
wet_low_load,773.0,False,5,0.883323128021883,0.0012311881008123609,16.20781380232694,1028.494764018708,0.0010014720924778498,4.401232318609618e-06,4.961861198307459e-05,0.0,0.948820220771646,0.004169839830362366,137325.00000000003
wet_low_load,774.0,False,5,0.883323128021883,0.0012311881008123609,16.20781380232694,1044.7025778210243,0.0010014457637409302,4.427561055529089e-06,4.961861198307459e-05,0.0,0.9487952762543058,0.004194784347702598,137324.99999999997
wet_low_load,775.0,False,5,0.883323128021883,0.0012311881008123609,16.20781380232694,1060.9103916233405,0.0010014194350040108,4.453889792448559e-06,4.961861198307459e-05,0.0,0.9487703317369657,0.004219728865042828,137324.99999999997
wet_low_load,776.0,False,5,0.883323128021883,0.0012311881008123609,16.20781380232694,1077.1182054256567,0.0010013931062670914,4.4802185293680296e-06,4.961861198307459e-05,0.0,0.9487453872196253,0.0042446733823830575,137325.00000000003
wet_low_load,777.0,False,5,0.883323128021883,0.0012311881008123609,16.20781380232694,1093.326019227973,0.001001366777530172,4.5065472662875e-06,4.961861198307459e-05,0.0,0.9487204427022852,0.004269617899723288,137325.00000000003
wet_low_load,778.0,False,5,0.883323128021883,0.0012311881008123609,16.20781380232694,1109.533833030289,0.0010013404487932524,4.5328760032069705e-06,4.961861198307459e-05,0.0,0.9486954981849448,0.004294562417063518,137325.00000000003
wet_low_load,779.0,False,5,0.883323128021883,0.0012311881008123609,16.20781380232694,1125.7416468326053,0.001001314120056333,4.559204740126441e-06,4.961861198307459e-05,0.0,0.9486705536676047,0.004319506934403749,137325.00000000003
wet_low_load,780.0,False,5,0.883323128021883,0.0012311881008123609,16.20781380232694,1141.9494606349215,0.0010012877913194134,4.5855334770459115e-06,4.961861198307459e-05,0.0,0.9486456091502645,0.00434445145174398,137324.99999999997
wet_low_load,781.0,False,5,0.883323128021883,0.0012311881008123609,16.20781380232694,1158.1572744372377,0.001001261462582494,4.611862213965382e-06,4.961861198307459e-05,0.0,0.9486206646329242,0.0043693959690842095,137325.00000000003
wet_low_load,782.0,False,5,0.883323128021883,0.0012311881008123609,16.20781380232694,1174.3650882395539,0.0010012351338455747,4.6381909508848524e-06,4.961861198307459e-05,0.0,0.948595720115584,0.00439434048642444,137325.00000000003
wet_low_load,783.0,False,5,0.883323128021883,0.0012311881008123609,16.20781380232694,1190.57290204187,0.001001208805108655,4.664519687804323e-06,4.961861198307459e-05,0.0,0.9485707755982439,0.004419285003764671,137324.99999999997
wet_low_load,784.0,False,5,0.883323128021883,0.0012311881008123609,16.20781380232694,1206.7807158441863,0.0010011824763717357,4.690848424723793e-06,4.961861198307459e-05,0.0,0.9485458310809035,0.004444229521104901,137325.00000000003
wet_low_load,785.0,False,5,0.883323128021883,0.0012311881008123609,16.20781380232694,1222.9885296465025,0.001001156147634816,4.717177161643264e-06,4.961861198307459e-05,0.0,0.9485208865635634,0.004469174038445133,137324.99999999997
wet_low_load,786.0,False,5,0.883323128021883,0.0012311881008123609,16.20781380232694,1239.1963434488187,0.0010011298188978967,4.743505898562734e-06,4.961861198307459e-05,0.0,0.948495942046223,0.004494118555785362,137325.00000000003
wet_low_load,787.0,False,5,0.883323128021883,0.0012311881008123609,16.20781380232694,1255.4041572511348,0.0010011034901609773,4.769834635482205e-06,4.961861198307459e-05,0.0,0.9484709975288829,0.004519063073125593,137325.00000000003
wet_low_load,788.0,False,5,0.883323128021883,0.0012311881008123609,16.20781380232694,1271.611971053451,0.0010010771614240577,4.796163372401675e-06,4.961861198307459e-05,0.0,0.9484460530115427,0.004544007590465824,137324.99999999997
wet_low_load,789.0,False,5,0.883323128021883,0.0012311881008123609,16.20781380232694,1287.8197848557672,0.0010010508326871383,4.822492109321146e-06,4.961861198307459e-05,0.0,0.9484211084942024,0.004568952107806053,137325.00000000003
wet_low_load,790.0,False,5,0.883323128021883,0.0012311881008123609,16.20781380232694,1304.0275986580834,0.0010010245039502187,4.848820846240616e-06,4.961861198307459e-05,0.0,0.9483961639768621,0.004593896625146285,137324.99999999997
wet_low_load,791.0,False,5,0.883323128021883,0.0012311881008123609,16.20781380232694,1320.2354124603996,0.0010009981752132993,4.875149583160087e-06,4.961861198307459e-05,0.0,0.948371219459522,0.004618841142486515,137324.99999999997
wet_low_load,792.0,False,5,0.883323128021883,0.0012311881008123609,16.20781380232694,1336.4432262627158,0.00100097184647638,4.901478320079557e-06,4.961861198307459e-05,0.0,0.9483462749421817,0.0046437856598267446,137325.00000000003
wet_low_load,793.0,False,5,0.883323128021883,0.0012311881008123609,16.20781380232694,1352.651040065032,0.0010009455177394605,4.927807056999028e-06,4.961861198307459e-05,0.0,0.9483213304248415,0.004668730177166975,137325.00000000003
wet_low_load,794.0,False,5,0.883323128021883,0.0012311881008123609,16.20781380232694,1368.8588538673482,0.001000919189002541,4.954135793918498e-06,4.961861198307459e-05,0.0,0.9482963859075011,0.004693674694507205,137325.00000000003
wet_low_load,795.0,False,5,0.883323128021883,0.0012311881008123609,16.20781380232694,1385.0666676696644,0.0010008928602656215,4.980464530837969e-06,4.961861198307459e-05,0.0,0.948271441390161,0.004718619211847436,137325.00000000003
wet_low_load,796.0,False,5,0.883323128021883,0.0012311881008123609,16.20781380232694,1401.2744814719806,0.001000866531528702,5.006793267757439e-06,4.961861198307459e-05,0.0,0.9482464968728208,0.004743563729187667,137324.99999999997
wet_low_load,797.0,False,5,0.883323128021883,0.0012311881008123609,16.20781380232694,1417.4822952742968,0.0010008402027917823,5.03312200467691e-06,4.961861198307459e-05,0.0,0.9482215523554804,0.004768508246527897,137324.99999999997
wet_low_load,798.0,False,5,0.883323128021883,0.0012311881008123609,16.20781380232694,1433.690109076613,0.0010008138740548631,5.05945074159638e-06,4.961861198307459e-05,0.0,0.9481966078381403,0.004793452763868127,137325.00000000003
wet_low_load,799.0,False,5,0.883323128021883,0.0012311881008123609,16.20781380232694,1449.8979228789292,0.0010007875453179437,5.085779478515851e-06,4.961861198307459e-05,0.0,0.9481716633208002,0.004818397281208357,137325.00000000003
wet_low_load,800.0,False,5,0.883323128021883,0.0012311881008123609,16.20781380232694,1466.1057366812454,0.0010007612165810241,5.112108215435321e-06,4.961861198307459e-05,0.0,0.9481467188034598,0.004843341798548588,137325.00000000003
wet_low_load,801.0,False,5,0.883323128021883,0.0012311881008123609,16.20781380232694,1482.3135504835616,0.0010007348878441047,5.138436952354792e-06,4.961861198307459e-05,0.0,0.9481217742861197,0.004868286315888818,137325.00000000003
wet_low_load,802.0,False,5,0.883323128021883,0.0012311881008123609,16.20781380232694,1498.5213642858778,0.0010007085591071851,5.164765689274262e-06,4.961861198307459e-05,0.0,0.9480968297687793,0.004893230833229048,137325.00000000003
wet_low_load,803.0,False,5,0.883323128021883,0.0012311881008123609,16.20781380232694,1514.729178088194,0.0010006822303702655,5.191094426193733e-06,4.961861198307459e-05,0.0,0.9480718852514392,0.00491817535056928,137324.99999999997
wet_low_load,804.0,False,5,0.883323128021883,0.0012311881008123609,16.20781380232694,1530.9369918905102,0.0010006559016333461,5.217423163113203e-06,4.961861198307459e-05,0.0,0.948046940734099,0.00494311986790951,137324.99999999997
wet_low_load,805.0,False,5,0.883323128021883,0.0012311881008123609,16.20781380232694,1547.1448056928264,0.0010006295728964268,5.2437519000326735e-06,4.961861198307459e-05,0.0,0.9480219962167586,0.0049680643852497396,137325.00000000003
wet_low_load,806.0,False,5,0.883323128021883,0.0012311881008123609,16.20781380232694,1563.3526194951426,0.0010006032441595074,5.270080636952144e-06,4.961861198307459e-05,0.0,0.9479970516994185,0.00499300890258997,137325.00000000003
wet_low_load,807.0,False,5,0.883323128021883,0.0012311881008123609,16.20781380232694,1579.5604332974588,0.0010005769154225878,5.2964093738716145e-06,4.961861198307459e-05,0.0,0.9479721071820784,0.005017953419930202,137324.99999999997
wet_low_load,808.0,False,5,0.883323128021883,0.0012311881008123609,16.20781380232694,1595.768247099775,0.0010005505866856684,5.322738110791085e-06,4.961861198307459e-05,0.0,0.947947162664738,0.005042897937270431,137325.00000000003
wet_low_load,809.0,False,5,0.883323128021883,0.0012311881008123609,16.20781380232694,1611.9760609020911,0.0010005242579487488,5.3490668477105555e-06,4.961861198307459e-05,0.0,0.9479222181473979,0.005067842454610663,137324.99999999997
wet_low_load,810.0,False,5,0.883323128021883,0.0012311881008123609,16.20781380232694,1628.1838747044073,0.0010004979292118294,5.375395584630026e-06,4.961861198307459e-05,0.0,0.9478972736300575,0.005092786971950892,137325.00000000003
wet_low_load,811.0,False,5,0.883323128021883,0.0012311881008123609,16.20781380232694,1644.3916885067235,0.00100047160047491,5.4017243215494964e-06,4.961861198307459e-05,0.0,0.9478723291127173,0.005117731489291123,137325.00000000003
wet_low_load,812.0,False,5,0.883323128021883,0.0012311881008123609,16.20781380232694,1660.5995023090397,0.0010004452717379904,5.428053058468967e-06,4.961861198307459e-05,0.0,0.9478473845953771,0.005142676006631354,137324.99999999997
wet_low_load,813.0,False,5,0.883323128021883,0.0012311881008123609,16.20781380232694,1676.807316111356,0.001000418943001071,5.454381795388437e-06,4.961861198307459e-05,0.0,0.9478224400780368,0.0051676205239715835,137325.00000000003
wet_low_load,814.0,False,5,0.883323128021883,0.0012311881008123609,16.20781380232694,1693.0151299136721,0.0010003926142641514,5.480710532307908e-06,4.961861198307459e-05,0.0,0.9477974955606966,0.005192565041311815,137324.99999999997
wet_low_load,815.0,False,5,0.883323128021883,0.0012311881008123609,16.20781380232694,1709.2229437159883,0.001000366285527232,5.507039269227378e-06,4.961861198307459e-05,0.0,0.9477725510433564,0.005217509558652045,137324.99999999997
wet_low_load,816.0,False,5,0.883323128021883,0.0012311881008123609,16.20781380232694,1725.4307575183045,0.0010003399567903126,5.533368006146849e-06,4.961861198307459e-05,0.0,0.9477476065260161,0.005242454075992275,137325.00000000003
wet_low_load,817.0,False,5,0.883323128021883,0.0012311881008123609,16.20781380232694,1741.6385713206207,0.001000313628053393,5.559696743066319e-06,4.961861198307459e-05,0.0,0.9477226620086759,0.005267398593332506,137324.99999999997
wet_low_load,818.0,False,5,0.883323128021883,0.0012311881008123609,16.20781380232694,1757.846385122937,0.0010002872993164736,5.58602547998579e-06,4.961861198307459e-05,0.0,0.9476977174913356,0.005292343110672735,137325.00000000003
wet_low_load,819.0,False,5,0.883323128021883,0.0012311881008123609,16.20781380232694,1774.054198925253,0.001000260970579554,5.61235421690526e-06,4.961861198307459e-05,0.0,0.9476727729739954,0.005317287628012967,137324.99999999997
wet_low_load,820.0,False,5,0.883323128021883,0.0012311881008123609,16.20781380232694,1790.2620127275693,0.0010002346418426346,5.638682953824731e-06,4.961861198307459e-05,0.0,0.9476478284566553,0.005342232145353197,137324.99999999997
wet_low_load,821.0,False,5,0.883323128021883,0.0012311881008123609,16.20781380232694,1806.4698265298855,0.0010002083131057152,5.665011690744201e-06,4.961861198307459e-05,0.0,0.9476228839393149,0.005367176662693427,137325.00000000003
wet_low_load,822.0,False,5,0.883323128021883,0.0012311881008123609,16.20781380232694,1822.6776403322017,0.0010001819843687958,5.691340427663672e-06,4.961861198307459e-05,0.0,0.9475979394219748,0.005392121180033657,137325.00000000003
wet_low_load,823.0,False,5,0.883323128021883,0.0012311881008123609,16.20781380232694,1838.8854541345179,0.0010001556556318762,5.717669164583142e-06,4.961861198307459e-05,0.0,0.9475729949046346,0.005417065697373888,137324.99999999997
wet_low_load,824.0,False,5,0.883323128021883,0.0012311881008123609,16.20781380232694,1855.093267936834,0.0010001293268949568,5.743997901502613e-06,4.961861198307459e-05,0.0,0.9475480503872943,0.005442010214714118,137325.00000000003
wet_low_load,825.0,False,5,0.883323128021883,0.0012311881008123609,16.20781380232694,1871.3010817391503,0.0010001029981580372,5.770326638422083e-06,4.961861198307459e-05,0.0,0.9475231058699541,0.00546695473205435,137324.99999999997
wet_low_load,826.0,False,5,0.883323128021883,0.0012311881008123609,16.20781380232694,1887.5088955414665,0.0010000766694211178,5.796655375341554e-06,4.961861198307459e-05,0.0,0.9474981613526138,0.0054918992493945785,137325.00000000003
wet_low_load,827.0,False,5,0.883323128021883,0.0012311881008123609,16.20781380232694,1903.7167093437827,0.0010000503406841985,5.822984112261024e-06,4.961861198307459e-05,0.0,0.9474732168352736,0.005516843766734809,137325.00000000003
wet_low_load,828.0,False,5,0.883323128021883,0.0012311881008123609,16.20781380232694,1919.9245231460989,0.001000024011947279,5.849312849180495e-06,4.961861198307459e-05,0.0,0.9474482723179335,0.005541788284075039,137325.00000000003
wet_low_load,829.0,False,5,0.883323128021883,0.0012311881008123609,16.20781380232694,1936.132336948415,0.0009999976832103595,5.875641586099965e-06,4.961861198307459e-05,0.0,0.9474233278005931,0.00556673280141527,137325.00000000003
wet_low_load,830.0,False,5,0.883323128021883,0.0012311881008123609,16.20781380232694,1952.3401507507313,0.00099997135447344,5.901970323019436e-06,4.961861198307459e-05,0.0,0.947398383283253,0.0055916773187555,137325.00000000003
wet_low_load,831.0,False,5,0.883323128021883,0.0012311881008123609,16.20781380232694,1968.5479645530474,0.0009999450257365205,5.928299059938906e-06,4.961861198307459e-05,0.0,0.9473734387659127,0.005616621836095732,137324.99999999997
wet_low_load,832.0,False,5,0.883323128021883,0.0012311881008123609,16.20781380232694,1984.7557783553636,0.000999918696999601,5.9546277968583766e-06,4.961861198307459e-05,0.0,0.9473484942485725,0.005641566353435962,137325.00000000003
wet_low_load,833.0,False,5,0.883323128021883,0.0012311881008123609,16.20781380232694,2000.9635921576798,0.0009998923682626815,5.980956533777847e-06,4.961861198307459e-05,0.0,0.9473235497312322,0.005666510870776193,137324.99999999997
wet_low_load,834.0,False,5,0.883323128021883,0.0012311881008123609,16.20781380232694,2017.171405959996,0.000999866039525762,6.0072852706973175e-06,4.961861198307459e-05,0.0,0.947298605213892,0.0056914553881164225,137325.00000000003
wet_low_load,835.0,False,5,0.883323128021883,0.0012311881008123609,16.20781380232694,2033.3792197623122,0.0009998397107888427,6.033614007616788e-06,4.961861198307459e-05,0.0,0.9472736606965517,0.005716399905456653,137325.00000000003
wet_low_load,836.0,False,5,0.883323128021883,0.0012311881008123609,16.20781380232694,2049.5870335646305,0.000999813382051923,6.0599427445362585e-06,4.961861198307459e-05,0.0,0.9472487161792116,0.005741344422796884,137324.99999999997
wet_low_load,837.0,False,5,0.883323128021883,0.0012311881008123609,16.20781380232694,2065.7948473669694,0.0009997870533150037,6.086271481455729e-06,4.961861198307459e-05,0.0,0.9472237716618712,0.005766288940137114,137325.00000000003
wet_low_load,838.0,False,5,0.883323128021883,0.0012311881008123609,16.20781380232694,2082.0026611693083,0.0009997607245780843,6.1126002183751995e-06,4.961861198307459e-05,0.0,0.9471988271445311,0.005791233457477344,137325.00000000003
wet_low_load,839.0,False,5,0.883323128021883,0.0012311881008123609,16.20781380232694,2098.2104749716473,0.0009997343958411647,6.13892895529467e-06,4.961861198307459e-05,0.0,0.9471738826271909,0.005816177974817575,137324.99999999997
wet_low_load,840.0,False,5,0.883323128021883,0.0012311881008123609,16.20781380232694,2114.418288773986,0.000999708067104245,6.1652576922141404e-06,4.961861198307459e-05,0.0,0.9471489381098506,0.005841122492157806,137324.99999999997
wet_low_load,841.0,False,5,0.883323128021883,0.0012311881008123609,16.20781380232694,2130.626102576325,0.0009996817383673257,6.191586429133611e-06,4.961861198307459e-05,0.0,0.9471239935925104,0.005866067009498036,137324.99999999997
wet_low_load,842.0,False,5,0.883323128021883,0.0012311881008123609,16.20781380232694,2146.833916378664,0.0009996554096304063,6.217915166053081e-06,4.961861198307459e-05,0.0,0.9470990490751701,0.0058910115268382655,137325.00000000003
wet_low_load,843.0,False,5,0.883323128021883,0.0012311881008123609,16.20781380232694,2163.041730181003,0.0009996290808934867,6.244243902972552e-06,4.961861198307459e-05,0.0,0.9470741045578299,0.005915956044178497,137324.99999999997
wet_low_load,844.0,False,5,0.883323128021883,0.0012311881008123609,16.20781380232694,2179.249543983342,0.0009996027521565675,6.270572639892022e-06,4.961861198307459e-05,0.0,0.9470491600404898,0.005940900561518726,137325.00000000003
wet_low_load,845.0,False,5,0.883323128021883,0.0012311881008123609,16.20781380232694,2195.457357785681,0.000999576423419648,6.296901376811493e-06,4.961861198307459e-05,0.0,0.9470242155231494,0.005965845078858957,137325.00000000003
wet_low_load,846.0,False,5,0.883323128021883,0.0012311881008123609,16.20781380232694,2211.66517158802,0.0009995500946827285,6.323230113730963e-06,4.961861198307459e-05,0.0,0.9469992710058093,0.005990789596199187,137325.00000000003
wet_low_load,847.0,False,5,0.883323128021883,0.0012311881008123609,16.20781380232694,2227.8729853903587,0.000999523765945809,6.349558850650434e-06,4.961861198307459e-05,0.0,0.9469743264884691,0.006015734113539419,137324.99999999997
wet_low_load,848.0,False,5,0.883323128021883,0.0012311881008123609,16.20781380232694,2244.0807991926977,0.0009994974372088893,6.375887587569904e-06,4.961861198307459e-05,0.0,0.9469493819711288,0.00604067863087965,137324.99999999997
wet_low_load,849.0,False,5,0.883323128021883,0.0012311881008123609,16.20781380232694,2260.2886129950366,0.00099947110847197,6.402216324489375e-06,4.961861198307459e-05,0.0,0.9469244374537886,0.00606562314821988,137324.99999999997
wet_low_load,850.0,False,5,0.883323128021883,0.0012311881008123609,16.20781380232694,2276.4964267973755,0.0009994447797350506,6.428545061408845e-06,4.961861198307459e-05,0.0,0.9468994929364483,0.006090567665560109,137325.00000000003
wet_low_load,851.0,False,5,0.883323128021883,0.0012311881008123609,16.20781380232694,2292.7042405997145,0.0009994184509981312,6.454873798328316e-06,4.961861198307459e-05,0.0,0.9468745484191081,0.006115512182900339,137325.00000000003
wet_low_load,852.0,False,6,0.8682151760886774,0.0012301804480842414,16.194548690534525,8.889201871930283,0.0010039546959436732,2.7672827383824536e-06,4.876995809747849e-05,0.0,0.9511723026581246,0.002621794295109305,137325.00000000003
wet_low_load,853.0,False,6,0.8833231280218827,0.0012311881008123609,16.20781380232694,25.09652319121239,0.0010030797133211574,2.793611475301924e-06,4.961861198307457e-05,0.0,0.9503433217895589,0.0026467388124495356,137324.99999999997
wet_low_load,854.0,False,6,0.883323128021883,0.0012311881008123609,16.20781380232694,41.304336993539245,0.0010030533845842378,2.8199402122213946e-06,4.961861198307459e-05,0.0,0.9503183772722186,0.002671683329789766,137324.99999999997
wet_low_load,855.0,False,6,0.883323128021883,0.0012311881008123609,16.20781380232694,57.5121507958661,0.0010030270558473186,2.846268949140865e-06,4.961861198307459e-05,0.0,0.9502934327548784,0.002696627847129996,137325.00000000003
wet_low_load,856.0,False,6,0.883323128021883,0.0012311881008123609,16.20781380232694,73.71996459819337,0.0010030007271103992,2.8725976860603355e-06,4.961861198307459e-05,0.0,0.9502684882375383,0.0027215723644702264,137325.00000000003
wet_low_load,857.0,False,6,0.883323128021883,0.0012311881008123609,16.20781380232694,89.92777840052094,0.0010029743983734796,2.898926422979806e-06,4.961861198307459e-05,0.0,0.9502435437201979,0.0027465168818104567,137325.00000000003
wet_low_load,858.0,False,6,0.883323128021883,0.0012311881008123609,16.20781380232694,106.1355922028485,0.0010029480696365602,2.9252551598992765e-06,4.961861198307459e-05,0.0,0.9502185992028578,0.002771461399150687,137325.00000000003
wet_low_load,859.0,False,6,0.883323128021883,0.0012311881008123609,16.20781380232694,122.34340600517606,0.0010029217408996406,2.951583896818747e-06,4.961861198307459e-05,0.0,0.9501936546855176,0.0027964059164909184,137324.99999999997
wet_low_load,860.0,False,6,0.883323128021883,0.0012311881008123609,16.20781380232694,138.55121980750363,0.001002895412162721,2.9779126337382175e-06,4.961861198307459e-05,0.0,0.9501687101681773,0.0028213504338311488,137324.99999999997
wet_low_load,861.0,False,6,0.883323128021883,0.0012311881008123609,16.20781380232694,154.7590336098312,0.0010028690834258016,3.004241370657688e-06,4.961861198307459e-05,0.0,0.9501437656508371,0.002846294951171379,137324.99999999997
wet_low_load,862.0,False,6,0.883323128021883,0.0012311881008123609,16.20781380232694,170.96684741215876,0.0010028427546888822,3.0305701075771584e-06,4.961861198307459e-05,0.0,0.9501188211334968,0.002871239468511609,137325.00000000003
wet_low_load,863.0,False,6,0.883323128021883,0.0012311881008123609,16.20781380232694,187.17466121448632,0.0010028164259519628,3.056898844496629e-06,4.961861198307459e-05,0.0,0.9500938766161566,0.0028961839858518395,137325.00000000003
wet_low_load,864.0,False,6,0.883323128021883,0.0012311881008123609,16.20781380232694,203.38247501681388,0.0010027900972150432,3.0832275814160994e-06,4.961861198307459e-05,0.0,0.9500689320988164,0.0029211285031920703,137324.99999999997
wet_low_load,865.0,False,6,0.883323128021883,0.0012311881008123609,16.20781380232694,219.59028881914145,0.0010027637684781238,3.10955631833557e-06,4.961861198307459e-05,0.0,0.950043987581476,0.0029460730205323003,137325.00000000003
wet_low_load,866.0,False,6,0.883323128021883,0.0012311881008123609,16.20781380232694,235.798102621469,0.0010027374397412042,3.1358850552550404e-06,4.961861198307459e-05,0.0,0.9500190430641359,0.0029710175378725315,137324.99999999997
wet_low_load,867.0,False,6,0.883323128021883,0.0012311881008123609,16.20781380232694,252.00591642379658,0.0010027111110042849,3.162213792174511e-06,4.961861198307459e-05,0.0,0.9499940985467957,0.002995962055212762,137324.99999999997
wet_low_load,868.0,False,6,0.883323128021883,0.0012311881008123609,16.20781380232694,268.21373022612414,0.0010026847822673655,3.1885425290939813e-06,4.961861198307459e-05,0.0,0.9499691540294554,0.0030209065725529914,137325.00000000003
wet_low_load,869.0,False,6,0.883323128021883,0.0012311881008123609,16.20781380232694,284.4215440284517,0.0010026584535304459,3.214871266013452e-06,4.961861198307459e-05,0.0,0.9499442095121152,0.0030458510898932227,137324.99999999997
wet_low_load,870.0,False,6,0.883323128021883,0.0012311881008123609,16.20781380232694,300.62935783077927,0.0010026321247935265,3.2412000029329223e-06,4.961861198307459e-05,0.0,0.9499192649947749,0.0030707956072334526,137325.00000000003
wet_low_load,871.0,False,6,0.883323128021883,0.0012311881008123609,16.20781380232694,316.83717163310683,0.0010026057960566069,3.2675287398523928e-06,4.961861198307459e-05,0.0,0.9498943204774347,0.0030957401245736834,137324.99999999997
wet_low_load,872.0,False,6,0.883323128021883,0.0012311881008123609,16.20781380232694,333.0449854354344,0.0010025794673196875,3.2938574767718633e-06,4.961861198307459e-05,0.0,0.9498693759600946,0.003120684641913914,137324.99999999997
wet_low_load,873.0,False,6,0.883323128021883,0.0012311881008123609,16.20781380232694,349.25279923776196,0.001002553138582768,3.3201862136913337e-06,4.961861198307459e-05,0.0,0.9498444314427542,0.0031456291592541438,137325.00000000003
wet_low_load,874.0,False,6,0.883323128021883,0.0012311881008123609,16.20781380232694,365.4606130400895,0.0010025268098458487,3.3465149506108042e-06,4.961861198307459e-05,0.0,0.9498194869254141,0.003170573676594374,137325.00000000003
wet_low_load,875.0,False,6,0.883323128021883,0.0012311881008123609,16.20781380232694,381.6684268424171,0.001002500481108929,3.3728436875302747e-06,4.961861198307459e-05,0.0,0.9497945424080739,0.003195518193934605,137324.99999999997
wet_low_load,876.0,False,6,0.883323128021883,0.0012311881008123609,16.20781380232694,397.87624064474466,0.0010024741523720095,3.399172424449745e-06,4.961861198307459e-05,0.0,0.9497695978907336,0.003220462711274836,137324.99999999997
wet_low_load,877.0,False,6,0.883323128021883,0.0012311881008123609,16.20781380232694,414.0840544470722,0.00100244782363509,3.4255011613692157e-06,4.961861198307459e-05,0.0,0.9497446533733934,0.003245407228615066,137324.99999999997
wet_low_load,878.0,False,6,0.883323128021883,0.0012311881008123609,16.20781380232694,430.2918682493998,0.0010024214948981707,3.451829898288686e-06,4.961861198307459e-05,0.0,0.9497197088560531,0.0032703517459552957,137325.00000000003
wet_low_load,879.0,False,6,0.883323128021883,0.0012311881008123609,16.20781380232694,446.49968205172735,0.0010023951661612513,3.4781586352081566e-06,4.961861198307459e-05,0.0,0.9496947643387129,0.003295296263295526,137325.00000000003
wet_low_load,880.0,False,6,0.883323128021883,0.0012311881008123609,16.20781380232694,462.7074958540549,0.001002368837424332,3.504487372127627e-06,4.961861198307459e-05,0.0,0.9496698198213728,0.0033202407806357565,137325.00000000003
wet_low_load,881.0,False,6,0.883323128021883,0.0012311881008123609,16.20781380232694,478.9153096563825,0.0010023425086874123,3.5308161090470976e-06,4.961861198307459e-05,0.0,0.9496448753040324,0.0033451852979759873,137325.00000000003
wet_low_load,882.0,False,6,0.883323128021883,0.0012311881008123609,16.20781380232694,495.12312345871004,0.0010023161799504927,3.557144845966568e-06,4.961861198307459e-05,0.0,0.9496199307866923,0.003370129815316218,137324.99999999997
wet_low_load,883.0,False,6,0.883323128021883,0.0012311881008123609,16.20781380232694,511.3309372610376,0.0010022898512135733,3.5834735828860386e-06,4.961861198307459e-05,0.0,0.949594986269352,0.0033950743326564485,137324.99999999997
wet_low_load,884.0,False,6,0.883323128021883,0.0012311881008123609,16.20781380232694,527.5387510633651,0.001002263522476654,3.609802319805509e-06,4.961861198307459e-05,0.0,0.9495700417520118,0.0034200188499966784,137325.00000000003
wet_low_load,885.0,False,6,0.883323128021883,0.0012311881008123609,16.20781380232694,543.7465648656927,0.0010022371937397345,3.6361310567249795e-06,4.961861198307459e-05,0.0,0.9495450972346715,0.003444963367336909,137325.00000000003
wet_low_load,886.0,False,6,0.883323128021883,0.0012311881008123609,16.20781380232694,559.9543786680202,0.001002210865002815,3.66245979364445e-06,4.961861198307459e-05,0.0,0.9495201527173313,0.003469907884677139,137325.00000000003
wet_low_load,887.0,False,6,0.883323128021883,0.0012311881008123609,16.20781380232694,576.1621924703478,0.0010021845362658956,3.6887885305639205e-06,4.961861198307459e-05,0.0,0.949495208199991,0.0034948524020173696,137325.00000000003
wet_low_load,888.0,False,6,0.883323128021883,0.0012311881008123609,16.20781380232694,592.3700062726754,0.001002158207528976,3.715117267483391e-06,4.961861198307459e-05,0.0,0.9494702636826509,0.003519796919357601,137324.99999999997
wet_low_load,889.0,False,6,0.883323128021883,0.0012311881008123609,16.20781380232694,608.5778200750029,0.0010021318787920566,3.7414460044028615e-06,4.961861198307459e-05,0.0,0.9494453191653105,0.0035447414366978304,137325.00000000003
wet_low_load,890.0,False,6,0.883323128021883,0.0012311881008123609,16.20781380232694,624.7856338773305,0.0010021055500551372,3.767774741322332e-06,4.961861198307459e-05,0.0,0.9494203746479704,0.0035696859540380608,137325.00000000003
wet_low_load,891.0,False,6,0.883323128021883,0.0012311881008123609,16.20781380232694,640.9934476796581,0.0010020792213182176,3.7941034782418024e-06,4.961861198307459e-05,0.0,0.9493954301306302,0.003594630471378292,137324.99999999997
wet_low_load,892.0,False,6,0.883323128021883,0.0012311881008123609,16.20781380232694,657.2012614819856,0.0010020528925812982,3.820432215161273e-06,4.961861198307459e-05,0.0,0.9493704856132898,0.0036195749887185215,137325.00000000003
wet_low_load,893.0,False,6,0.883323128021883,0.0012311881008123609,16.20781380232694,673.4090752843132,0.0010020265638443786,3.846760952080743e-06,4.961861198307459e-05,0.0,0.9493455410959497,0.0036445195060587528,137324.99999999997
wet_low_load,894.0,False,6,0.883323128021883,0.0012311881008123609,16.20781380232694,689.6168890866408,0.0010020002351074592,3.873089689000214e-06,4.961861198307459e-05,0.0,0.9493205965786093,0.0036694640233989827,137325.00000000003
wet_low_load,895.0,False,6,0.883323128021883,0.0012311881008123609,16.20781380232694,705.8247028889683,0.0010019739063705398,3.899418425919684e-06,4.961861198307459e-05,0.0,0.9492956520612692,0.003694408540739213,137325.00000000003
wet_low_load,896.0,False,6,0.883323128021883,0.0012311881008123609,16.20781380232694,722.0325166912959,0.0010019475776336204,3.925747162839155e-06,4.961861198307459e-05,0.0,0.9492707075439291,0.0037193530580794435,137325.00000000003
wet_low_load,897.0,False,6,0.883323128021883,0.0012311881008123609,16.20781380232694,738.2403304936234,0.0010019212488967008,3.952075899758625e-06,4.961861198307459e-05,0.0,0.9492457630265887,0.003744297575419674,137325.00000000003
wet_low_load,898.0,False,6,0.883323128021883,0.0012311881008123609,16.20781380232694,754.448144295951,0.0010018949201597812,3.978404636678096e-06,4.961861198307459e-05,0.0,0.9492208185092486,0.003769242092759905,137324.99999999997
wet_low_load,899.0,False,6,0.883323128021883,0.0012311881008123609,16.20781380232694,770.6559580982786,0.0010018685914228618,4.004733373597566e-06,4.961861198307459e-05,0.0,0.9491958739919084,0.0037941866101001355,137324.99999999997
wet_low_load,900.0,False,6,0.883323128021883,0.0012311881008123609,16.20781380232694,786.8637719006061,0.0010018422626859422,4.031062110517037e-06,4.961861198307459e-05,0.0,0.949170929474568,0.003819131127440366,137324.99999999997
wet_low_load,901.0,False,6,0.883323128021883,0.0012311881008123609,16.20781380232694,803.0715857029337,0.001001815933949023,4.057390847436507e-06,4.961861198307459e-05,0.0,0.9491459849572279,0.0038440756447805954,137325.00000000003
wet_low_load,902.0,False,6,0.883323128021883,0.0012311881008123609,16.20781380232694,819.2793995052613,0.0010017896052121036,4.083719584355978e-06,4.961861198307459e-05,0.0,0.9491210404398875,0.0038690201621208254,137325.00000000003
wet_low_load,903.0,False,6,0.883323128021883,0.0012311881008123609,16.20781380232694,835.4872133075888,0.001001763276475184,4.110048321275448e-06,4.961861198307459e-05,0.0,0.9490960959225474,0.003893964679461056,137325.00000000003
wet_low_load,904.0,False,6,0.883323128021883,0.0012311881008123609,16.20781380232694,851.6950271099164,0.0010017369477382644,4.136377058194919e-06,4.961861198307459e-05,0.0,0.9490711514052071,0.003918909196801288,137324.99999999997
wet_low_load,905.0,False,6,0.883323128021883,0.0012311881008123609,16.20781380232694,867.902840912244,0.0010017106190013448,4.162705795114389e-06,4.961861198307459e-05,0.0,0.9490462068878669,0.003943853714141518,137324.99999999997
wet_low_load,906.0,False,6,0.883323128021883,0.0012311881008123609,16.20781380232694,884.1106547145715,0.0010016842902644254,4.18903453203386e-06,4.961861198307459e-05,0.0,0.9490212623705266,0.003968798231481749,137324.99999999997
wet_low_load,907.0,False,6,0.883323128021883,0.0012311881008123609,16.20781380232694,900.3184685168991,0.0010016579615275063,4.21536326895333e-06,4.961861198307459e-05,0.0,0.9489963178531865,0.003993742748821978,137325.00000000003
wet_low_load,908.0,False,6,0.883323128021883,0.0012311881008123609,16.20781380232694,916.5262823192267,0.0010016316327905866,4.241692005872801e-06,4.961861198307459e-05,0.0,0.9489713733358461,0.0040186872661622085,137325.00000000003
wet_low_load,909.0,False,6,0.883323128021883,0.0012311881008123609,16.20781380232694,932.7340961215542,0.0010016053040536673,4.268020742792271e-06,4.961861198307459e-05,0.0,0.948946428818506,0.004043631783502439,137325.00000000003
wet_low_load,910.0,False,6,0.883323128021883,0.0012311881008123609,16.20781380232694,948.9419099238818,0.0010015789753167477,4.294349479711742e-06,4.961861198307459e-05,0.0,0.9489214843011656,0.004068576300842669,137325.00000000003
wet_low_load,911.0,False,6,0.883323128021883,0.0012311881008123609,16.20781380232694,965.1497237262093,0.001001552646579828,4.320678216631212e-06,4.961861198307459e-05,0.0,0.9488965397838255,0.004093520818182901,137324.99999999997
wet_low_load,912.0,False,6,0.883323128021883,0.0012311881008123609,16.20781380232694,981.3575375285369,0.0010015263178429087,4.3470069535506826e-06,4.961861198307459e-05,0.0,0.9488715952664853,0.004118465335523131,137324.99999999997
wet_low_load,913.0,False,6,0.883323128021883,0.0012311881008123609,16.20781380232694,997.5653513308645,0.0010014999891059893,4.373335690470153e-06,4.961861198307459e-05,0.0,0.948846650749145,0.0041434098528633605,137325.00000000003
wet_low_load,914.0,False,6,0.883323128021883,0.0012311881008123609,16.20781380232694,1013.773165133192,0.0010014736603690699,4.3996644273896235e-06,4.961861198307459e-05,0.0,0.9488217062318048,0.004168354370203591,137325.00000000003
wet_low_load,915.0,False,6,0.883323128021883,0.0012311881008123609,16.20781380232694,1029.9809789355154,0.0010014473316321503,4.425993164309094e-06,4.961861198307459e-05,0.0,0.9487967617144647,0.004193298887543822,137324.99999999997
wet_low_load,916.0,False,6,0.883323128021883,0.0012311881008123609,16.20781380232694,1046.1887927378316,0.0010014210028952309,4.4523219012285645e-06,4.961861198307459e-05,0.0,0.9487718171971243,0.004218243404884052,137325.00000000003
wet_low_load,917.0,False,6,0.883323128021883,0.0012311881008123609,16.20781380232694,1062.3966065401478,0.0010013946741583113,4.478650638148035e-06,4.961861198307459e-05,0.0,0.9487468726797842,0.004243187922224283,137324.99999999997
wet_low_load,918.0,False,6,0.883323128021883,0.0012311881008123609,16.20781380232694,1078.604420342464,0.0010013683454213919,4.5049793750675055e-06,4.961861198307459e-05,0.0,0.9487219281624438,0.004268132439564512,137325.00000000003
wet_low_load,919.0,False,6,0.883323128021883,0.0012311881008123609,16.20781380232694,1094.8122341447802,0.0010013420166844725,4.531308111986976e-06,4.961861198307459e-05,0.0,0.9486969836451037,0.004293076956904743,137325.00000000003
wet_low_load,920.0,False,6,0.883323128021883,0.0012311881008123609,16.20781380232694,1111.0200479470964,0.0010013156879475529,4.557636848906446e-06,4.961861198307459e-05,0.0,0.9486720391277635,0.004318021474244974,137324.99999999997
wet_low_load,921.0,False,6,0.883323128021883,0.0012311881008123609,16.20781380232694,1127.2278617494126,0.0010012893592106335,4.583965585825917e-06,4.961861198307459e-05,0.0,0.9486470946104232,0.004342965991585204,137325.00000000003
wet_low_load,922.0,False,6,0.883323128021883,0.0012311881008123609,16.20781380232694,1143.4356755517288,0.001001263030473714,4.610294322745387e-06,4.961861198307459e-05,0.0,0.948622150093083,0.004367910508925436,137324.99999999997
wet_low_load,923.0,False,6,0.883323128021883,0.0012311881008123609,16.20781380232694,1159.643489354045,0.0010012367017367945,4.636623059664858e-06,4.961861198307459e-05,0.0,0.9485972055757429,0.004392855026265666,137324.99999999997
wet_low_load,924.0,False,6,0.883323128021883,0.0012311881008123609,16.20781380232694,1175.8513031563612,0.0010012103729998751,4.662951796584328e-06,4.961861198307459e-05,0.0,0.9485722610584025,0.004417799543605896,137325.00000000003
wet_low_load,925.0,False,6,0.883323128021883,0.0012311881008123609,16.20781380232694,1192.0591169586774,0.0010011840442629557,4.689280533503799e-06,4.961861198307459e-05,0.0,0.9485473165410624,0.004442744060946126,137325.00000000003
wet_low_load,926.0,False,6,0.883323128021883,0.0012311881008123609,16.20781380232694,1208.2669307609935,0.0010011577155260361,4.715609270423269e-06,4.961861198307459e-05,0.0,0.948522372023722,0.004467688578286356,137325.00000000003
wet_low_load,927.0,False,6,0.883323128021883,0.0012311881008123609,16.20781380232694,1224.4747445633097,0.0010011313867891165,4.74193800734274e-06,4.961861198307459e-05,0.0,0.9484974275063818,0.004492633095626588,137324.99999999997
wet_low_load,928.0,False,6,0.883323128021883,0.0012311881008123609,16.20781380232694,1240.682558365626,0.0010011050580521971,4.76826674426221e-06,4.961861198307459e-05,0.0,0.9484724829890416,0.004517577612966818,137324.99999999997
wet_low_load,929.0,False,6,0.883323128021883,0.0012311881008123609,16.20781380232694,1256.8903721679421,0.0010010787293152777,4.794595481181681e-06,4.961861198307459e-05,0.0,0.9484475384717013,0.0045425221303070475,137325.00000000003
wet_low_load,930.0,False,6,0.883323128021883,0.0012311881008123609,16.20781380232694,1273.0981859702583,0.0010010524005783583,4.820924218101151e-06,4.961861198307459e-05,0.0,0.9484225939543611,0.004567466647647278,137325.00000000003
wet_low_load,931.0,False,6,0.883323128021883,0.0012311881008123609,16.20781380232694,1289.3059997725745,0.001001026071841439,4.847252955020622e-06,4.961861198307459e-05,0.0,0.948397649437021,0.004592411164987508,137325.00000000003
wet_low_load,932.0,False,6,0.883323128021883,0.0012311881008123609,16.20781380232694,1305.5138135748907,0.0010009997431045194,4.873581691940092e-06,4.961861198307459e-05,0.0,0.9483727049196806,0.004617355682327739,137325.00000000003
wet_low_load,933.0,False,6,0.883323128021883,0.0012311881008123609,16.20781380232694,1321.721627377207,0.0010009734143675997,4.899910428859563e-06,4.961861198307459e-05,0.0,0.9483477604023405,0.00464230019966797,137324.99999999997
wet_low_load,934.0,False,6,0.883323128021883,0.0012311881008123609,16.20781380232694,1337.929441179523,0.0010009470856306804,4.926239165779033e-06,4.961861198307459e-05,0.0,0.9483228158850001,0.004667244717008199,137325.00000000003
wet_low_load,935.0,False,6,0.883323128021883,0.0012311881008123609,16.20781380232694,1354.1372549818393,0.001000920756893761,4.952567902698504e-06,4.961861198307459e-05,0.0,0.94829787136766,0.00469218923434843,137325.00000000003
wet_low_load,936.0,False,6,0.883323128021883,0.0012311881008123609,16.20781380232694,1370.3450687841555,0.0010008944281568414,4.978896639617974e-06,4.961861198307459e-05,0.0,0.9482729268503198,0.004717133751688661,137324.99999999997
wet_low_load,937.0,False,6,0.883323128021883,0.0012311881008123609,16.20781380232694,1386.5528825864717,0.001000868099419922,5.005225376537445e-06,4.961861198307459e-05,0.0,0.9482479823329795,0.004742078269028891,137325.00000000003
wet_low_load,938.0,False,6,0.883323128021883,0.0012311881008123609,16.20781380232694,1402.760696388788,0.0010008417706830026,5.031554113456915e-06,4.961861198307459e-05,0.0,0.9482230378156393,0.004767022786369121,137325.00000000003
wet_low_load,939.0,False,6,0.883323128021883,0.0012311881008123609,16.20781380232694,1418.968510191104,0.001000815441946083,5.057882850376386e-06,4.961861198307459e-05,0.0,0.9481980932982992,0.004791967303709352,137324.99999999997
wet_low_load,940.0,False,6,0.883323128021883,0.0012311881008123609,16.20781380232694,1435.1763239934203,0.0010007891132091634,5.084211587295856e-06,4.961861198307459e-05,0.0,0.9481731487809588,0.004816911821049583,137324.99999999997
wet_low_load,941.0,False,6,0.883323128021883,0.0012311881008123609,16.20781380232694,1451.3841377957365,0.0010007627844722442,5.1105403242153266e-06,4.961861198307459e-05,0.0,0.9481482042636187,0.004841856338389812,137325.00000000003
wet_low_load,942.0,False,6,0.883323128021883,0.0012311881008123609,16.20781380232694,1467.5919515980527,0.0010007364557353246,5.136869061134797e-06,4.961861198307459e-05,0.0,0.9481232597462783,0.0048668008557300425,137325.00000000003
wet_low_load,943.0,False,6,0.883323128021883,0.0012311881008123609,16.20781380232694,1483.7997654003689,0.0010007101269984052,5.1631977980542675e-06,4.961861198307459e-05,0.0,0.9480983152289382,0.004891745373070273,137325.00000000003
wet_low_load,944.0,False,6,0.883323128021883,0.0012311881008123609,16.20781380232694,1500.007579202685,0.0010006837982614856,5.189526534973738e-06,4.961861198307459e-05,0.0,0.948073370711598,0.004916689890410505,137324.99999999997
wet_low_load,945.0,False,6,0.883323128021883,0.0012311881008123609,16.20781380232694,1516.2153930050013,0.0010006574695245662,5.2158552718932085e-06,4.961861198307459e-05,0.0,0.9480484261942577,0.0049416344077507345,137325.00000000003
wet_low_load,946.0,False,6,0.883323128021883,0.0012311881008123609,16.20781380232694,1532.4232068073175,0.0010006311407876466,5.242184008812679e-06,4.961861198307459e-05,0.0,0.9480234816769175,0.004966578925090966,137324.99999999997
wet_low_load,947.0,False,6,0.883323128021883,0.0012311881008123609,16.20781380232694,1548.6310206096337,0.0010006048120507274,5.2685127457321494e-06,4.961861198307459e-05,0.0,0.9479985371595774,0.004991523442431195,137325.00000000003
wet_low_load,948.0,False,6,0.883323128021883,0.0012311881008123609,16.20781380232694,1564.8388344119498,0.0010005784833138078,5.29484148265162e-06,4.961861198307459e-05,0.0,0.947973592642237,0.005016467959771426,137325.00000000003
wet_low_load,949.0,False,6,0.883323128021883,0.0012311881008123609,16.20781380232694,1581.046648214266,0.0010005521545768882,5.32117021957109e-06,4.961861198307459e-05,0.0,0.9479486481248968,0.005041412477111657,137324.99999999997
wet_low_load,950.0,False,6,0.883323128021883,0.0012311881008123609,16.20781380232694,1597.2544620165822,0.0010005258258399688,5.347498956490561e-06,4.961861198307459e-05,0.0,0.9479237036075565,0.0050663569944518864,137325.00000000003
wet_low_load,951.0,False,6,0.883323128021883,0.0012311881008123609,16.20781380232694,1613.4622758188984,0.0010004994971030492,5.373827693410031e-06,4.961861198307459e-05,0.0,0.9478987590902163,0.005091301511792118,137324.99999999997
wet_low_load,952.0,False,6,0.883323128021883,0.0012311881008123609,16.20781380232694,1629.6700896212146,0.0010004731683661298,5.400156430329502e-06,4.961861198307459e-05,0.0,0.9478738145728761,0.005116246029132348,137324.99999999997
wet_low_load,953.0,False,6,0.883323128021883,0.0012311881008123609,16.20781380232694,1645.8779034235308,0.0010004468396292107,5.426485167248972e-06,4.961861198307459e-05,0.0,0.9478488700555358,0.005141190546472577,137325.00000000003
wet_low_load,954.0,False,6,0.883323128021883,0.0012311881008123609,16.20781380232694,1662.085717225847,0.001000420510892291,5.452813904168443e-06,4.961861198307459e-05,0.0,0.9478239255381956,0.005166135063812808,137325.00000000003
wet_low_load,955.0,False,6,0.883323128021883,0.0012311881008123609,16.20781380232694,1678.2935310281632,0.0010003941821553715,5.479142641087913e-06,4.961861198307459e-05,0.0,0.9477989810208555,0.005191079581153039,137324.99999999997
wet_low_load,956.0,False,6,0.883323128021883,0.0012311881008123609,16.20781380232694,1694.5013448304794,0.0010003678534184518,5.505471378007384e-06,4.961861198307459e-05,0.0,0.9477740365035151,0.00521602409849327,137324.99999999997
wet_low_load,957.0,False,6,0.883323128021883,0.0012311881008123609,16.20781380232694,1710.7091586327956,0.0010003415246815325,5.531800114926854e-06,4.961861198307459e-05,0.0,0.947749091986175,0.0052409686158335,137324.99999999997
wet_low_load,958.0,False,6,0.883323128021883,0.0012311881008123609,16.20781380232694,1726.9169724351118,0.001000315195944613,5.558128851846325e-06,4.961861198307459e-05,0.0,0.9477241474688346,0.0052659131331737295,137325.00000000003
wet_low_load,959.0,False,6,0.883323128021883,0.0012311881008123609,16.20781380232694,1743.124786237428,0.0010002888672076937,5.584457588765795e-06,4.961861198307459e-05,0.0,0.9476992029514945,0.00529085765051396,137325.00000000003
wet_low_load,960.0,False,6,0.883323128021883,0.0012311881008123609,16.20781380232694,1759.3326000397442,0.0010002625384707743,5.610786325685266e-06,4.961861198307459e-05,0.0,0.9476742584341543,0.00531580216785419,137325.00000000003
wet_low_load,961.0,False,6,0.883323128021883,0.0012311881008123609,16.20781380232694,1775.5404138420604,0.0010002362097338547,5.637115062604736e-06,4.961861198307459e-05,0.0,0.947649313916814,0.005340746685194421,137325.00000000003
wet_low_load,962.0,False,6,0.883323128021883,0.0012311881008123609,16.20781380232694,1791.7482276443766,0.001000209880996935,5.663443799524207e-06,4.961861198307459e-05,0.0,0.9476243693994738,0.005365691202534653,137324.99999999997
wet_low_load,963.0,False,6,0.883323128021883,0.0012311881008123609,16.20781380232694,1807.9560414466928,0.0010001835522600157,5.689772536443677e-06,4.961861198307459e-05,0.0,0.9475994248821337,0.005390635719874883,137324.99999999997
wet_low_load,964.0,False,6,0.883323128021883,0.0012311881008123609,16.20781380232694,1824.163855249009,0.0010001572235230963,5.716101273363148e-06,4.961861198307459e-05,0.0,0.9475744803647933,0.005415580237215112,137325.00000000003
wet_low_load,965.0,False,6,0.883323128021883,0.0012311881008123609,16.20781380232694,1840.3716690513252,0.0010001308947861767,5.742430010282618e-06,4.961861198307459e-05,0.0,0.9475495358474532,0.005440524754555344,137324.99999999997
wet_low_load,966.0,False,6,0.883323128021883,0.0012311881008123609,16.20781380232694,1856.5794828536414,0.0010001045660492573,5.768758747202089e-06,4.961861198307459e-05,0.0,0.9475245913301128,0.005465469271895573,137325.00000000003
wet_low_load,967.0,False,6,0.883323128021883,0.0012311881008123609,16.20781380232694,1872.7872966559576,0.001000078237312338,5.795087484121559e-06,4.961861198307459e-05,0.0,0.9474996468127727,0.005490413789235804,137325.00000000003
wet_low_load,968.0,False,6,0.883323128021883,0.0012311881008123609,16.20781380232694,1888.9951104582738,0.0010000519085754183,5.82141622104103e-06,4.961861198307459e-05,0.0,0.9474747022954324,0.005515358306576035,137324.99999999997
wet_low_load,969.0,False,6,0.883323128021883,0.0012311881008123609,16.20781380232694,1905.20292426059,0.001000025579838499,5.8477449579605e-06,4.961861198307459e-05,0.0,0.9474497577780921,0.005540302823916265,137325.00000000003
wet_low_load,970.0,False,6,0.883323128021883,0.0012311881008123609,16.20781380232694,1921.4107380629061,0.0009999992511015795,5.8740736948799705e-06,4.961861198307459e-05,0.0,0.9474248132607519,0.005565247341256495,137325.00000000003
wet_low_load,971.0,False,6,0.883323128021883,0.0012311881008123609,16.20781380232694,1937.6185518652223,0.00099997292236466,5.900402431799441e-06,4.961861198307459e-05,0.0,0.9473998687434118,0.005590191858596726,137324.99999999997
wet_low_load,972.0,False,6,0.883323128021883,0.0012311881008123609,16.20781380232694,1953.8263656675385,0.0009999465936277405,5.9267311687189115e-06,4.961861198307459e-05,0.0,0.9473749242260714,0.005615136375936956,137325.00000000003
wet_low_load,973.0,False,6,0.883323128021883,0.0012311881008123609,16.20781380232694,1970.0341794698547,0.000999920264890821,5.953059905638382e-06,4.961861198307459e-05,0.0,0.9473499797087312,0.005640080893277187,137324.99999999997
wet_low_load,974.0,False,6,0.883323128021883,0.0012311881008123609,16.20781380232694,1986.241993272171,0.0009998939361539015,5.9793886425578525e-06,4.961861198307459e-05,0.0,0.9473250351913909,0.0056650254106174166,137325.00000000003
wet_low_load,975.0,False,6,0.883323128021883,0.0012311881008123609,16.20781380232694,2002.4498070744871,0.0009998676074169822,6.005717379477323e-06,4.961861198307459e-05,0.0,0.9473000906740507,0.005689969927957647,137325.00000000003
wet_low_load,976.0,False,6,0.883323128021883,0.0012311881008123609,16.20781380232694,2018.6576208768033,0.0009998412786800628,6.0320461163967934e-06,4.961861198307459e-05,0.0,0.9472751461567106,0.005714914445297877,137325.00000000003
wet_low_load,977.0,False,6,0.883323128021883,0.0012311881008123609,16.20781380232694,2034.8654346791195,0.0009998149499431432,6.058374853316264e-06,4.961861198307459e-05,0.0,0.9472502016393702,0.005739858962638108,137325.00000000003
wet_low_load,978.0,False,6,0.883323128021883,0.0012311881008123609,16.20781380232694,2051.07324848144,0.0009997886212062235,6.084703590235734e-06,4.961861198307459e-05,0.0,0.9472252571220301,0.005764803479978339,137324.99999999997
wet_low_load,979.0,False,6,0.883323128021883,0.0012311881008123609,16.20781380232694,2067.2810622837787,0.0009997622924693042,6.111032327155205e-06,4.961861198307459e-05,0.0,0.94720031260469,0.005789747997318569,137324.99999999997
wet_low_load,980.0,False,6,0.883323128021883,0.0012311881008123609,16.20781380232694,2083.4888760861177,0.0009997359637323848,6.137361064074675e-06,4.961861198307459e-05,0.0,0.9471753680873496,0.005814692514658799,137325.00000000003
wet_low_load,981.0,False,6,0.883323128021883,0.0012311881008123609,16.20781380232694,2099.6966898884566,0.0009997096349954654,6.163689800994146e-06,4.961861198307459e-05,0.0,0.9471504235700094,0.005839637031999029,137325.00000000003
wet_low_load,982.0,False,6,0.883323128021883,0.0012311881008123609,16.20781380232694,2115.9045036907955,0.000999683306258546,6.190018537913616e-06,4.961861198307459e-05,0.0,0.9471254790526691,0.005864581549339259,137325.00000000003
wet_low_load,983.0,False,6,0.883323128021883,0.0012311881008123609,16.20781380232694,2132.1123174931345,0.0009996569775216264,6.216347274833087e-06,4.961861198307459e-05,0.0,0.9471005345353289,0.00588952606667949,137325.00000000003
wet_low_load,984.0,False,6,0.883323128021883,0.0012311881008123609,16.20781380232694,2148.3201312954734,0.0009996306487847068,6.242676011752557e-06,4.961861198307459e-05,0.0,0.9470755900179888,0.005914470584019722,137324.99999999997
wet_low_load,985.0,False,6,0.883323128021883,0.0012311881008123609,16.20781380232694,2164.5279450978123,0.0009996043200477872,6.269004748672028e-06,4.961861198307459e-05,0.0,0.9470506455006484,0.0059394151013599525,137324.99999999997
wet_low_load,986.0,False,6,0.883323128021883,0.0012311881008123609,16.20781380232694,2180.7357589001513,0.000999577991310868,6.295333485591498e-06,4.961861198307459e-05,0.0,0.9470257009833083,0.005964359618700181,137325.00000000003
wet_low_load,987.0,False,6,0.883323128021883,0.0012311881008123609,16.20781380232694,2196.94357270249,0.0009995516625739486,6.321662222510969e-06,4.961861198307459e-05,0.0,0.9470007564659682,0.0059893041360404116,137325.00000000003
wet_low_load,988.0,False,6,0.883323128021883,0.0012311881008123609,16.20781380232694,2213.151386504829,0.000999525333837029,6.347990959430439e-06,4.961861198307459e-05,0.0,0.9469758119486278,0.006014248653380642,137325.00000000003
wet_low_load,989.0,False,6,0.883323128021883,0.0012311881008123609,16.20781380232694,2229.359200307168,0.0009994990051001096,6.37431969634991e-06,4.961861198307459e-05,0.0,0.9469508674312876,0.006039193170720872,137325.00000000003
wet_low_load,990.0,False,6,0.883323128021883,0.0012311881008123609,16.20781380232694,2245.567014109507,0.00099947267636319,6.40064843326938e-06,4.961861198307459e-05,0.0,0.9469259229139473,0.006064137688061104,137325.00000000003
wet_low_load,991.0,False,6,0.883323128021883,0.0012311881008123609,16.20781380232694,2261.774827911846,0.0009994463476262704,6.426977170188851e-06,4.961861198307459e-05,0.0,0.946900978396607,0.006089082205401335,137324.99999999997
wet_low_load,992.0,False,6,0.883323128021883,0.0012311881008123609,16.20781380232694,2277.982641714185,0.000999420018889351,6.453305907108321e-06,4.961861198307459e-05,0.0,0.9468760338792669,0.006114026722741565,137324.99999999997
wet_low_load,993.0,False,6,0.883323128021883,0.0012311881008123609,16.20781380232694,2294.190455516524,0.0009993936901524316,6.479634644027792e-06,4.961861198307459e-05,0.0,0.9468510893619265,0.006138971240081795,137325.00000000003
wet_low_load,994.0,False,7,0.8826680550108507,0.0012311444095092906,16.207238633914837,10.37494565950466,0.001003130771271724,2.779350719922225e-06,4.95818147878876e-05,0.0,0.950391695395067,0.002633227808828598,137324.99999999997
wet_low_load,995.0,False,7,0.883323128021883,0.0012311881008123609,16.20781380232694,26.58273810802052,0.0010030676453396177,2.8056794568416955e-06,4.961861198307459e-05,0.0,0.9503318882758396,0.0026581723261688275,137325.00000000003
wet_low_load,996.0,False,7,0.883323128021883,0.0012311881008123609,16.20781380232694,42.790551910347375,0.0010030413166026981,2.832008193761166e-06,4.961861198307459e-05,0.0,0.9503069437584994,0.0026831168435090588,137324.99999999997
wet_low_load,997.0,False,7,0.883323128021883,0.0012311881008123609,16.20781380232694,58.99836571267423,0.0010030149878657788,2.8583369306806364e-06,4.961861198307459e-05,0.0,0.9502819992411591,0.0027080613608492887,137325.00000000003
wet_low_load,998.0,False,7,0.883323128021883,0.0012311881008123609,16.20781380232694,75.20617951500158,0.0010029886591288594,2.884665667600107e-06,4.961861198307459e-05,0.0,0.9502570547238189,0.002733005878189519,137325.00000000003
wet_low_load,999.0,False,7,0.883323128021883,0.0012311881008123609,16.20781380232694,91.41399331732914,0.0010029623303919398,2.9109944045195774e-06,4.961861198307459e-05,0.0,0.9502321102064787,0.00275795039552975,137324.99999999997
wet_low_load,1000.0,False,7,0.883323128021883,0.0012311881008123609,16.20781380232694,107.62180711965655,0.0010029360016550204,2.9373231414390475e-06,4.961861198307459e-05,0.0,0.9502071656891384,0.0027828949128699794,137325.00000000003
